"Region","Kjonn","Alder","ContentsCode","Tid","verdi","status","Region_tekst","Kjonn_tekst","Alder_tekst","ContentsCode_tekst","Tid_tekst","ssb_tabell","hentet_utc"
"3101","2","000","Personer1","2005",0,,"Halden","Kvinner","0 år","Personer","2005","07459","2026-09-10 13:01:08 UTC"
"3101","2","000","Personer1","2006",0,,"Halden","Kvinner","0 år","Personer","2006","07459","2026-09-10 13:01:08 UTC"
"3101","2","000","Personer1","2007",0,,"Halden","Kvinner","0 år","Personer","2007","07459","2026-09-10 13:01:08 UTC"
"3101","2","000","Personer1","2008",0,,"Halden","Kvinner","0 år","Personer","2008","07459","2026-09-10 13:01:08 UTC"
"3101","2","000","Personer1","2009",0,,"Halden","Kvinner","0 år","Personer","2009","07459","2026-09-10 13:01:08 UTC"
"3101","2","000","Personer1","2010",0,,"Halden","Kvinner","0 år","Personer","2010","07459","2026-09-10 13:01:08 UTC"
"3101","2","000","Personer1","2011",0,,"Halden","Kvinner","0 år","Personer","2011","07459","2026-09-10 13:01:08 UTC"
"3101","2","000","Personer1","2012",0,,"Halden","Kvinner","0 år","Personer","2012","07459","2026-09-10 13:01:08 UTC"
"3101","2","000","Personer1","2013",0,,"Halden","Kvinner","0 år","Personer","2013","07459","2026-09-10 13:01:08 UTC"
"3101","2","000","Personer1","2014",0,,"Halden","Kvinner","0 år","Personer","2014","07459","2026-09-10 13:01:08 UTC"
"3101","2","000","Personer1","2015",0,,"Halden","Kvinner","0 år","Personer","2015","07459","2026-09-10 13:01:08 UTC"
"3101","2","000","Personer1","2016",0,,"Halden","Kvinner","0 år","Personer","2016","07459","2026-09-10 13:01:08 UTC"
"3101","2","000","Personer1","2017",0,,"Halden","Kvinner","0 år","Personer","2017","07459","2026-09-10 13:01:08 UTC"
"3101","2","000","Personer1","2018",0,,"Halden","Kvinner","0 år","Personer","2018","07459","2026-09-10 13:01:08 UTC"
"3101","2","000","Personer1","2019",0,,"Halden","Kvinner","0 år","Personer","2019","07459","2026-09-10 13:01:08 UTC"
"3101","2","000","Personer1","2020",0,,"Halden","Kvinner","0 år","Personer","2020","07459","2026-09-10 13:01:08 UTC"
"3101","2","000","Personer1","2021",0,,"Halden","Kvinner","0 år","Personer","2021","07459","2026-09-10 13:01:08 UTC"
"3101","2","000","Personer1","2022",0,,"Halden","Kvinner","0 år","Personer","2022","07459","2026-09-10 13:01:08 UTC"
"3101","2","000","Personer1","2023",0,,"Halden","Kvinner","0 år","Personer","2023","07459","2026-09-10 13:01:08 UTC"
"3101","2","000","Personer1","2024",127,,"Halden","Kvinner","0 år","Personer","2024","07459","2026-09-10 13:01:08 UTC"
"3101","2","000","Personer1","2025",137,,"Halden","Kvinner","0 år","Personer","2025","07459","2026-09-10 13:01:08 UTC"
"3101","2","000","Personer1","2026",114,,"Halden","Kvinner","0 år","Personer","2026","07459","2026-09-10 13:01:08 UTC"
"3101","2","001","Personer1","2005",0,,"Halden","Kvinner","1 år","Personer","2005","07459","2026-09-10 13:01:08 UTC"
"3101","2","001","Personer1","2006",0,,"Halden","Kvinner","1 år","Personer","2006","07459","2026-09-10 13:01:08 UTC"
"3101","2","001","Personer1","2007",0,,"Halden","Kvinner","1 år","Personer","2007","07459","2026-09-10 13:01:08 UTC"
"3101","2","001","Personer1","2008",0,,"Halden","Kvinner","1 år","Personer","2008","07459","2026-09-10 13:01:08 UTC"
"3101","2","001","Personer1","2009",0,,"Halden","Kvinner","1 år","Personer","2009","07459","2026-09-10 13:01:08 UTC"
"3101","2","001","Personer1","2010",0,,"Halden","Kvinner","1 år","Personer","2010","07459","2026-09-10 13:01:08 UTC"
"3101","2","001","Personer1","2011",0,,"Halden","Kvinner","1 år","Personer","2011","07459","2026-09-10 13:01:08 UTC"
"3101","2","001","Personer1","2012",0,,"Halden","Kvinner","1 år","Personer","2012","07459","2026-09-10 13:01:08 UTC"
"3101","2","001","Personer1","2013",0,,"Halden","Kvinner","1 år","Personer","2013","07459","2026-09-10 13:01:08 UTC"
"3101","2","001","Personer1","2014",0,,"Halden","Kvinner","1 år","Personer","2014","07459","2026-09-10 13:01:08 UTC"
"3101","2","001","Personer1","2015",0,,"Halden","Kvinner","1 år","Personer","2015","07459","2026-09-10 13:01:08 UTC"
"3101","2","001","Personer1","2016",0,,"Halden","Kvinner","1 år","Personer","2016","07459","2026-09-10 13:01:08 UTC"
"3101","2","001","Personer1","2017",0,,"Halden","Kvinner","1 år","Personer","2017","07459","2026-09-10 13:01:08 UTC"
"3101","2","001","Personer1","2018",0,,"Halden","Kvinner","1 år","Personer","2018","07459","2026-09-10 13:01:08 UTC"
"3101","2","001","Personer1","2019",0,,"Halden","Kvinner","1 år","Personer","2019","07459","2026-09-10 13:01:08 UTC"
"3101","2","001","Personer1","2020",0,,"Halden","Kvinner","1 år","Personer","2020","07459","2026-09-10 13:01:08 UTC"
"3101","2","001","Personer1","2021",0,,"Halden","Kvinner","1 år","Personer","2021","07459","2026-09-10 13:01:08 UTC"
"3101","2","001","Personer1","2022",0,,"Halden","Kvinner","1 år","Personer","2022","07459","2026-09-10 13:01:08 UTC"
"3101","2","001","Personer1","2023",0,,"Halden","Kvinner","1 år","Personer","2023","07459","2026-09-10 13:01:08 UTC"
"3101","2","001","Personer1","2024",111,,"Halden","Kvinner","1 år","Personer","2024","07459","2026-09-10 13:01:08 UTC"
"3101","2","001","Personer1","2025",133,,"Halden","Kvinner","1 år","Personer","2025","07459","2026-09-10 13:01:08 UTC"
"3101","2","001","Personer1","2026",133,,"Halden","Kvinner","1 år","Personer","2026","07459","2026-09-10 13:01:08 UTC"
"3101","2","002","Personer1","2005",0,,"Halden","Kvinner","2 år","Personer","2005","07459","2026-09-10 13:01:08 UTC"
"3101","2","002","Personer1","2006",0,,"Halden","Kvinner","2 år","Personer","2006","07459","2026-09-10 13:01:08 UTC"
"3101","2","002","Personer1","2007",0,,"Halden","Kvinner","2 år","Personer","2007","07459","2026-09-10 13:01:08 UTC"
"3101","2","002","Personer1","2008",0,,"Halden","Kvinner","2 år","Personer","2008","07459","2026-09-10 13:01:08 UTC"
"3101","2","002","Personer1","2009",0,,"Halden","Kvinner","2 år","Personer","2009","07459","2026-09-10 13:01:08 UTC"
"3101","2","002","Personer1","2010",0,,"Halden","Kvinner","2 år","Personer","2010","07459","2026-09-10 13:01:08 UTC"
"3101","2","002","Personer1","2011",0,,"Halden","Kvinner","2 år","Personer","2011","07459","2026-09-10 13:01:08 UTC"
"3101","2","002","Personer1","2012",0,,"Halden","Kvinner","2 år","Personer","2012","07459","2026-09-10 13:01:08 UTC"
"3101","2","002","Personer1","2013",0,,"Halden","Kvinner","2 år","Personer","2013","07459","2026-09-10 13:01:08 UTC"
"3101","2","002","Personer1","2014",0,,"Halden","Kvinner","2 år","Personer","2014","07459","2026-09-10 13:01:08 UTC"
"3101","2","002","Personer1","2015",0,,"Halden","Kvinner","2 år","Personer","2015","07459","2026-09-10 13:01:08 UTC"
"3101","2","002","Personer1","2016",0,,"Halden","Kvinner","2 år","Personer","2016","07459","2026-09-10 13:01:08 UTC"
"3101","2","002","Personer1","2017",0,,"Halden","Kvinner","2 år","Personer","2017","07459","2026-09-10 13:01:08 UTC"
"3101","2","002","Personer1","2018",0,,"Halden","Kvinner","2 år","Personer","2018","07459","2026-09-10 13:01:08 UTC"
"3101","2","002","Personer1","2019",0,,"Halden","Kvinner","2 år","Personer","2019","07459","2026-09-10 13:01:08 UTC"
"3101","2","002","Personer1","2020",0,,"Halden","Kvinner","2 år","Personer","2020","07459","2026-09-10 13:01:08 UTC"
"3101","2","002","Personer1","2021",0,,"Halden","Kvinner","2 år","Personer","2021","07459","2026-09-10 13:01:08 UTC"
"3101","2","002","Personer1","2022",0,,"Halden","Kvinner","2 år","Personer","2022","07459","2026-09-10 13:01:08 UTC"
"3101","2","002","Personer1","2023",0,,"Halden","Kvinner","2 år","Personer","2023","07459","2026-09-10 13:01:08 UTC"
"3101","2","002","Personer1","2024",142,,"Halden","Kvinner","2 år","Personer","2024","07459","2026-09-10 13:01:08 UTC"
"3101","2","002","Personer1","2025",111,,"Halden","Kvinner","2 år","Personer","2025","07459","2026-09-10 13:01:08 UTC"
"3101","2","002","Personer1","2026",130,,"Halden","Kvinner","2 år","Personer","2026","07459","2026-09-10 13:01:08 UTC"
"3101","2","003","Personer1","2005",0,,"Halden","Kvinner","3 år","Personer","2005","07459","2026-09-10 13:01:08 UTC"
"3101","2","003","Personer1","2006",0,,"Halden","Kvinner","3 år","Personer","2006","07459","2026-09-10 13:01:08 UTC"
"3101","2","003","Personer1","2007",0,,"Halden","Kvinner","3 år","Personer","2007","07459","2026-09-10 13:01:08 UTC"
"3101","2","003","Personer1","2008",0,,"Halden","Kvinner","3 år","Personer","2008","07459","2026-09-10 13:01:08 UTC"
"3101","2","003","Personer1","2009",0,,"Halden","Kvinner","3 år","Personer","2009","07459","2026-09-10 13:01:08 UTC"
"3101","2","003","Personer1","2010",0,,"Halden","Kvinner","3 år","Personer","2010","07459","2026-09-10 13:01:08 UTC"
"3101","2","003","Personer1","2011",0,,"Halden","Kvinner","3 år","Personer","2011","07459","2026-09-10 13:01:08 UTC"
"3101","2","003","Personer1","2012",0,,"Halden","Kvinner","3 år","Personer","2012","07459","2026-09-10 13:01:08 UTC"
"3101","2","003","Personer1","2013",0,,"Halden","Kvinner","3 år","Personer","2013","07459","2026-09-10 13:01:08 UTC"
"3101","2","003","Personer1","2014",0,,"Halden","Kvinner","3 år","Personer","2014","07459","2026-09-10 13:01:08 UTC"
"3101","2","003","Personer1","2015",0,,"Halden","Kvinner","3 år","Personer","2015","07459","2026-09-10 13:01:08 UTC"
"3101","2","003","Personer1","2016",0,,"Halden","Kvinner","3 år","Personer","2016","07459","2026-09-10 13:01:08 UTC"
"3101","2","003","Personer1","2017",0,,"Halden","Kvinner","3 år","Personer","2017","07459","2026-09-10 13:01:08 UTC"
"3101","2","003","Personer1","2018",0,,"Halden","Kvinner","3 år","Personer","2018","07459","2026-09-10 13:01:08 UTC"
"3101","2","003","Personer1","2019",0,,"Halden","Kvinner","3 år","Personer","2019","07459","2026-09-10 13:01:08 UTC"
"3101","2","003","Personer1","2020",0,,"Halden","Kvinner","3 år","Personer","2020","07459","2026-09-10 13:01:08 UTC"
"3101","2","003","Personer1","2021",0,,"Halden","Kvinner","3 år","Personer","2021","07459","2026-09-10 13:01:08 UTC"
"3101","2","003","Personer1","2022",0,,"Halden","Kvinner","3 år","Personer","2022","07459","2026-09-10 13:01:08 UTC"
"3101","2","003","Personer1","2023",0,,"Halden","Kvinner","3 år","Personer","2023","07459","2026-09-10 13:01:08 UTC"
"3101","2","003","Personer1","2024",133,,"Halden","Kvinner","3 år","Personer","2024","07459","2026-09-10 13:01:08 UTC"
"3101","2","003","Personer1","2025",147,,"Halden","Kvinner","3 år","Personer","2025","07459","2026-09-10 13:01:08 UTC"
"3101","2","003","Personer1","2026",108,,"Halden","Kvinner","3 år","Personer","2026","07459","2026-09-10 13:01:08 UTC"
"3101","2","004","Personer1","2005",0,,"Halden","Kvinner","4 år","Personer","2005","07459","2026-09-10 13:01:08 UTC"
"3101","2","004","Personer1","2006",0,,"Halden","Kvinner","4 år","Personer","2006","07459","2026-09-10 13:01:08 UTC"
"3101","2","004","Personer1","2007",0,,"Halden","Kvinner","4 år","Personer","2007","07459","2026-09-10 13:01:08 UTC"
"3101","2","004","Personer1","2008",0,,"Halden","Kvinner","4 år","Personer","2008","07459","2026-09-10 13:01:08 UTC"
"3101","2","004","Personer1","2009",0,,"Halden","Kvinner","4 år","Personer","2009","07459","2026-09-10 13:01:08 UTC"
"3101","2","004","Personer1","2010",0,,"Halden","Kvinner","4 år","Personer","2010","07459","2026-09-10 13:01:08 UTC"
"3101","2","004","Personer1","2011",0,,"Halden","Kvinner","4 år","Personer","2011","07459","2026-09-10 13:01:08 UTC"
"3101","2","004","Personer1","2012",0,,"Halden","Kvinner","4 år","Personer","2012","07459","2026-09-10 13:01:08 UTC"
"3101","2","004","Personer1","2013",0,,"Halden","Kvinner","4 år","Personer","2013","07459","2026-09-10 13:01:08 UTC"
"3101","2","004","Personer1","2014",0,,"Halden","Kvinner","4 år","Personer","2014","07459","2026-09-10 13:01:08 UTC"
"3101","2","004","Personer1","2015",0,,"Halden","Kvinner","4 år","Personer","2015","07459","2026-09-10 13:01:08 UTC"
"3101","2","004","Personer1","2016",0,,"Halden","Kvinner","4 år","Personer","2016","07459","2026-09-10 13:01:08 UTC"
"3101","2","004","Personer1","2017",0,,"Halden","Kvinner","4 år","Personer","2017","07459","2026-09-10 13:01:08 UTC"
"3101","2","004","Personer1","2018",0,,"Halden","Kvinner","4 år","Personer","2018","07459","2026-09-10 13:01:08 UTC"
"3101","2","004","Personer1","2019",0,,"Halden","Kvinner","4 år","Personer","2019","07459","2026-09-10 13:01:08 UTC"
"3101","2","004","Personer1","2020",0,,"Halden","Kvinner","4 år","Personer","2020","07459","2026-09-10 13:01:08 UTC"
"3101","2","004","Personer1","2021",0,,"Halden","Kvinner","4 år","Personer","2021","07459","2026-09-10 13:01:08 UTC"
"3101","2","004","Personer1","2022",0,,"Halden","Kvinner","4 år","Personer","2022","07459","2026-09-10 13:01:08 UTC"
"3101","2","004","Personer1","2023",0,,"Halden","Kvinner","4 år","Personer","2023","07459","2026-09-10 13:01:08 UTC"
"3101","2","004","Personer1","2024",135,,"Halden","Kvinner","4 år","Personer","2024","07459","2026-09-10 13:01:08 UTC"
"3101","2","004","Personer1","2025",138,,"Halden","Kvinner","4 år","Personer","2025","07459","2026-09-10 13:01:08 UTC"
"3101","2","004","Personer1","2026",150,,"Halden","Kvinner","4 år","Personer","2026","07459","2026-09-10 13:01:08 UTC"
"3101","2","005","Personer1","2005",0,,"Halden","Kvinner","5 år","Personer","2005","07459","2026-09-10 13:01:08 UTC"
"3101","2","005","Personer1","2006",0,,"Halden","Kvinner","5 år","Personer","2006","07459","2026-09-10 13:01:08 UTC"
"3101","2","005","Personer1","2007",0,,"Halden","Kvinner","5 år","Personer","2007","07459","2026-09-10 13:01:08 UTC"
"3101","2","005","Personer1","2008",0,,"Halden","Kvinner","5 år","Personer","2008","07459","2026-09-10 13:01:08 UTC"
"3101","2","005","Personer1","2009",0,,"Halden","Kvinner","5 år","Personer","2009","07459","2026-09-10 13:01:08 UTC"
"3101","2","005","Personer1","2010",0,,"Halden","Kvinner","5 år","Personer","2010","07459","2026-09-10 13:01:08 UTC"
"3101","2","005","Personer1","2011",0,,"Halden","Kvinner","5 år","Personer","2011","07459","2026-09-10 13:01:08 UTC"
"3101","2","005","Personer1","2012",0,,"Halden","Kvinner","5 år","Personer","2012","07459","2026-09-10 13:01:08 UTC"
"3101","2","005","Personer1","2013",0,,"Halden","Kvinner","5 år","Personer","2013","07459","2026-09-10 13:01:08 UTC"
"3101","2","005","Personer1","2014",0,,"Halden","Kvinner","5 år","Personer","2014","07459","2026-09-10 13:01:08 UTC"
"3101","2","005","Personer1","2015",0,,"Halden","Kvinner","5 år","Personer","2015","07459","2026-09-10 13:01:08 UTC"
"3101","2","005","Personer1","2016",0,,"Halden","Kvinner","5 år","Personer","2016","07459","2026-09-10 13:01:08 UTC"
"3101","2","005","Personer1","2017",0,,"Halden","Kvinner","5 år","Personer","2017","07459","2026-09-10 13:01:08 UTC"
"3101","2","005","Personer1","2018",0,,"Halden","Kvinner","5 år","Personer","2018","07459","2026-09-10 13:01:08 UTC"
"3101","2","005","Personer1","2019",0,,"Halden","Kvinner","5 år","Personer","2019","07459","2026-09-10 13:01:08 UTC"
"3101","2","005","Personer1","2020",0,,"Halden","Kvinner","5 år","Personer","2020","07459","2026-09-10 13:01:08 UTC"
"3101","2","005","Personer1","2021",0,,"Halden","Kvinner","5 år","Personer","2021","07459","2026-09-10 13:01:08 UTC"
"3101","2","005","Personer1","2022",0,,"Halden","Kvinner","5 år","Personer","2022","07459","2026-09-10 13:01:08 UTC"
"3101","2","005","Personer1","2023",0,,"Halden","Kvinner","5 år","Personer","2023","07459","2026-09-10 13:01:08 UTC"
"3101","2","005","Personer1","2024",135,,"Halden","Kvinner","5 år","Personer","2024","07459","2026-09-10 13:01:08 UTC"
"3101","2","005","Personer1","2025",141,,"Halden","Kvinner","5 år","Personer","2025","07459","2026-09-10 13:01:08 UTC"
"3101","2","005","Personer1","2026",136,,"Halden","Kvinner","5 år","Personer","2026","07459","2026-09-10 13:01:08 UTC"
"3101","2","006","Personer1","2005",0,,"Halden","Kvinner","6 år","Personer","2005","07459","2026-09-10 13:01:08 UTC"
"3101","2","006","Personer1","2006",0,,"Halden","Kvinner","6 år","Personer","2006","07459","2026-09-10 13:01:08 UTC"
"3101","2","006","Personer1","2007",0,,"Halden","Kvinner","6 år","Personer","2007","07459","2026-09-10 13:01:08 UTC"
"3101","2","006","Personer1","2008",0,,"Halden","Kvinner","6 år","Personer","2008","07459","2026-09-10 13:01:08 UTC"
"3101","2","006","Personer1","2009",0,,"Halden","Kvinner","6 år","Personer","2009","07459","2026-09-10 13:01:08 UTC"
"3101","2","006","Personer1","2010",0,,"Halden","Kvinner","6 år","Personer","2010","07459","2026-09-10 13:01:08 UTC"
"3101","2","006","Personer1","2011",0,,"Halden","Kvinner","6 år","Personer","2011","07459","2026-09-10 13:01:08 UTC"
"3101","2","006","Personer1","2012",0,,"Halden","Kvinner","6 år","Personer","2012","07459","2026-09-10 13:01:08 UTC"
"3101","2","006","Personer1","2013",0,,"Halden","Kvinner","6 år","Personer","2013","07459","2026-09-10 13:01:08 UTC"
"3101","2","006","Personer1","2014",0,,"Halden","Kvinner","6 år","Personer","2014","07459","2026-09-10 13:01:08 UTC"
"3101","2","006","Personer1","2015",0,,"Halden","Kvinner","6 år","Personer","2015","07459","2026-09-10 13:01:08 UTC"
"3101","2","006","Personer1","2016",0,,"Halden","Kvinner","6 år","Personer","2016","07459","2026-09-10 13:01:08 UTC"
"3101","2","006","Personer1","2017",0,,"Halden","Kvinner","6 år","Personer","2017","07459","2026-09-10 13:01:08 UTC"
"3101","2","006","Personer1","2018",0,,"Halden","Kvinner","6 år","Personer","2018","07459","2026-09-10 13:01:08 UTC"
"3101","2","006","Personer1","2019",0,,"Halden","Kvinner","6 år","Personer","2019","07459","2026-09-10 13:01:08 UTC"
"3101","2","006","Personer1","2020",0,,"Halden","Kvinner","6 år","Personer","2020","07459","2026-09-10 13:01:08 UTC"
"3101","2","006","Personer1","2021",0,,"Halden","Kvinner","6 år","Personer","2021","07459","2026-09-10 13:01:08 UTC"
"3101","2","006","Personer1","2022",0,,"Halden","Kvinner","6 år","Personer","2022","07459","2026-09-10 13:01:08 UTC"
"3101","2","006","Personer1","2023",0,,"Halden","Kvinner","6 år","Personer","2023","07459","2026-09-10 13:01:08 UTC"
"3101","2","006","Personer1","2024",160,,"Halden","Kvinner","6 år","Personer","2024","07459","2026-09-10 13:01:08 UTC"
"3101","2","006","Personer1","2025",133,,"Halden","Kvinner","6 år","Personer","2025","07459","2026-09-10 13:01:08 UTC"
"3101","2","006","Personer1","2026",145,,"Halden","Kvinner","6 år","Personer","2026","07459","2026-09-10 13:01:08 UTC"
"3101","2","007","Personer1","2005",0,,"Halden","Kvinner","7 år","Personer","2005","07459","2026-09-10 13:01:08 UTC"
"3101","2","007","Personer1","2006",0,,"Halden","Kvinner","7 år","Personer","2006","07459","2026-09-10 13:01:08 UTC"
"3101","2","007","Personer1","2007",0,,"Halden","Kvinner","7 år","Personer","2007","07459","2026-09-10 13:01:08 UTC"
"3101","2","007","Personer1","2008",0,,"Halden","Kvinner","7 år","Personer","2008","07459","2026-09-10 13:01:08 UTC"
"3101","2","007","Personer1","2009",0,,"Halden","Kvinner","7 år","Personer","2009","07459","2026-09-10 13:01:08 UTC"
"3101","2","007","Personer1","2010",0,,"Halden","Kvinner","7 år","Personer","2010","07459","2026-09-10 13:01:08 UTC"
"3101","2","007","Personer1","2011",0,,"Halden","Kvinner","7 år","Personer","2011","07459","2026-09-10 13:01:08 UTC"
"3101","2","007","Personer1","2012",0,,"Halden","Kvinner","7 år","Personer","2012","07459","2026-09-10 13:01:08 UTC"
"3101","2","007","Personer1","2013",0,,"Halden","Kvinner","7 år","Personer","2013","07459","2026-09-10 13:01:08 UTC"
"3101","2","007","Personer1","2014",0,,"Halden","Kvinner","7 år","Personer","2014","07459","2026-09-10 13:01:08 UTC"
"3101","2","007","Personer1","2015",0,,"Halden","Kvinner","7 år","Personer","2015","07459","2026-09-10 13:01:08 UTC"
"3101","2","007","Personer1","2016",0,,"Halden","Kvinner","7 år","Personer","2016","07459","2026-09-10 13:01:08 UTC"
"3101","2","007","Personer1","2017",0,,"Halden","Kvinner","7 år","Personer","2017","07459","2026-09-10 13:01:08 UTC"
"3101","2","007","Personer1","2018",0,,"Halden","Kvinner","7 år","Personer","2018","07459","2026-09-10 13:01:08 UTC"
"3101","2","007","Personer1","2019",0,,"Halden","Kvinner","7 år","Personer","2019","07459","2026-09-10 13:01:08 UTC"
"3101","2","007","Personer1","2020",0,,"Halden","Kvinner","7 år","Personer","2020","07459","2026-09-10 13:01:08 UTC"
"3101","2","007","Personer1","2021",0,,"Halden","Kvinner","7 år","Personer","2021","07459","2026-09-10 13:01:08 UTC"
"3101","2","007","Personer1","2022",0,,"Halden","Kvinner","7 år","Personer","2022","07459","2026-09-10 13:01:08 UTC"
"3101","2","007","Personer1","2023",0,,"Halden","Kvinner","7 år","Personer","2023","07459","2026-09-10 13:01:08 UTC"
"3101","2","007","Personer1","2024",163,,"Halden","Kvinner","7 år","Personer","2024","07459","2026-09-10 13:01:08 UTC"
"3101","2","007","Personer1","2025",163,,"Halden","Kvinner","7 år","Personer","2025","07459","2026-09-10 13:01:08 UTC"
"3101","2","007","Personer1","2026",134,,"Halden","Kvinner","7 år","Personer","2026","07459","2026-09-10 13:01:08 UTC"
"3101","2","008","Personer1","2005",0,,"Halden","Kvinner","8 år","Personer","2005","07459","2026-09-10 13:01:08 UTC"
"3101","2","008","Personer1","2006",0,,"Halden","Kvinner","8 år","Personer","2006","07459","2026-09-10 13:01:08 UTC"
"3101","2","008","Personer1","2007",0,,"Halden","Kvinner","8 år","Personer","2007","07459","2026-09-10 13:01:08 UTC"
"3101","2","008","Personer1","2008",0,,"Halden","Kvinner","8 år","Personer","2008","07459","2026-09-10 13:01:08 UTC"
"3101","2","008","Personer1","2009",0,,"Halden","Kvinner","8 år","Personer","2009","07459","2026-09-10 13:01:08 UTC"
"3101","2","008","Personer1","2010",0,,"Halden","Kvinner","8 år","Personer","2010","07459","2026-09-10 13:01:08 UTC"
"3101","2","008","Personer1","2011",0,,"Halden","Kvinner","8 år","Personer","2011","07459","2026-09-10 13:01:08 UTC"
"3101","2","008","Personer1","2012",0,,"Halden","Kvinner","8 år","Personer","2012","07459","2026-09-10 13:01:08 UTC"
"3101","2","008","Personer1","2013",0,,"Halden","Kvinner","8 år","Personer","2013","07459","2026-09-10 13:01:08 UTC"
"3101","2","008","Personer1","2014",0,,"Halden","Kvinner","8 år","Personer","2014","07459","2026-09-10 13:01:08 UTC"
"3101","2","008","Personer1","2015",0,,"Halden","Kvinner","8 år","Personer","2015","07459","2026-09-10 13:01:08 UTC"
"3101","2","008","Personer1","2016",0,,"Halden","Kvinner","8 år","Personer","2016","07459","2026-09-10 13:01:08 UTC"
"3101","2","008","Personer1","2017",0,,"Halden","Kvinner","8 år","Personer","2017","07459","2026-09-10 13:01:08 UTC"
"3101","2","008","Personer1","2018",0,,"Halden","Kvinner","8 år","Personer","2018","07459","2026-09-10 13:01:08 UTC"
"3101","2","008","Personer1","2019",0,,"Halden","Kvinner","8 år","Personer","2019","07459","2026-09-10 13:01:08 UTC"
"3101","2","008","Personer1","2020",0,,"Halden","Kvinner","8 år","Personer","2020","07459","2026-09-10 13:01:08 UTC"
"3101","2","008","Personer1","2021",0,,"Halden","Kvinner","8 år","Personer","2021","07459","2026-09-10 13:01:08 UTC"
"3101","2","008","Personer1","2022",0,,"Halden","Kvinner","8 år","Personer","2022","07459","2026-09-10 13:01:08 UTC"
"3101","2","008","Personer1","2023",0,,"Halden","Kvinner","8 år","Personer","2023","07459","2026-09-10 13:01:08 UTC"
"3101","2","008","Personer1","2024",170,,"Halden","Kvinner","8 år","Personer","2024","07459","2026-09-10 13:01:08 UTC"
"3101","2","008","Personer1","2025",164,,"Halden","Kvinner","8 år","Personer","2025","07459","2026-09-10 13:01:08 UTC"
"3101","2","008","Personer1","2026",164,,"Halden","Kvinner","8 år","Personer","2026","07459","2026-09-10 13:01:08 UTC"
"3101","2","009","Personer1","2005",0,,"Halden","Kvinner","9 år","Personer","2005","07459","2026-09-10 13:01:08 UTC"
"3101","2","009","Personer1","2006",0,,"Halden","Kvinner","9 år","Personer","2006","07459","2026-09-10 13:01:08 UTC"
"3101","2","009","Personer1","2007",0,,"Halden","Kvinner","9 år","Personer","2007","07459","2026-09-10 13:01:08 UTC"
"3101","2","009","Personer1","2008",0,,"Halden","Kvinner","9 år","Personer","2008","07459","2026-09-10 13:01:08 UTC"
"3101","2","009","Personer1","2009",0,,"Halden","Kvinner","9 år","Personer","2009","07459","2026-09-10 13:01:08 UTC"
"3101","2","009","Personer1","2010",0,,"Halden","Kvinner","9 år","Personer","2010","07459","2026-09-10 13:01:08 UTC"
"3101","2","009","Personer1","2011",0,,"Halden","Kvinner","9 år","Personer","2011","07459","2026-09-10 13:01:08 UTC"
"3101","2","009","Personer1","2012",0,,"Halden","Kvinner","9 år","Personer","2012","07459","2026-09-10 13:01:08 UTC"
"3101","2","009","Personer1","2013",0,,"Halden","Kvinner","9 år","Personer","2013","07459","2026-09-10 13:01:08 UTC"
"3101","2","009","Personer1","2014",0,,"Halden","Kvinner","9 år","Personer","2014","07459","2026-09-10 13:01:08 UTC"
"3101","2","009","Personer1","2015",0,,"Halden","Kvinner","9 år","Personer","2015","07459","2026-09-10 13:01:08 UTC"
"3101","2","009","Personer1","2016",0,,"Halden","Kvinner","9 år","Personer","2016","07459","2026-09-10 13:01:08 UTC"
"3101","2","009","Personer1","2017",0,,"Halden","Kvinner","9 år","Personer","2017","07459","2026-09-10 13:01:08 UTC"
"3101","2","009","Personer1","2018",0,,"Halden","Kvinner","9 år","Personer","2018","07459","2026-09-10 13:01:08 UTC"
"3101","2","009","Personer1","2019",0,,"Halden","Kvinner","9 år","Personer","2019","07459","2026-09-10 13:01:08 UTC"
"3101","2","009","Personer1","2020",0,,"Halden","Kvinner","9 år","Personer","2020","07459","2026-09-10 13:01:08 UTC"
"3101","2","009","Personer1","2021",0,,"Halden","Kvinner","9 år","Personer","2021","07459","2026-09-10 13:01:08 UTC"
"3101","2","009","Personer1","2022",0,,"Halden","Kvinner","9 år","Personer","2022","07459","2026-09-10 13:01:08 UTC"
"3101","2","009","Personer1","2023",0,,"Halden","Kvinner","9 år","Personer","2023","07459","2026-09-10 13:01:08 UTC"
"3101","2","009","Personer1","2024",164,,"Halden","Kvinner","9 år","Personer","2024","07459","2026-09-10 13:01:08 UTC"
"3101","2","009","Personer1","2025",173,,"Halden","Kvinner","9 år","Personer","2025","07459","2026-09-10 13:01:08 UTC"
"3101","2","009","Personer1","2026",166,,"Halden","Kvinner","9 år","Personer","2026","07459","2026-09-10 13:01:08 UTC"
"3101","2","010","Personer1","2005",0,,"Halden","Kvinner","10 år","Personer","2005","07459","2026-09-10 13:01:08 UTC"
"3101","2","010","Personer1","2006",0,,"Halden","Kvinner","10 år","Personer","2006","07459","2026-09-10 13:01:08 UTC"
"3101","2","010","Personer1","2007",0,,"Halden","Kvinner","10 år","Personer","2007","07459","2026-09-10 13:01:08 UTC"
"3101","2","010","Personer1","2008",0,,"Halden","Kvinner","10 år","Personer","2008","07459","2026-09-10 13:01:08 UTC"
"3101","2","010","Personer1","2009",0,,"Halden","Kvinner","10 år","Personer","2009","07459","2026-09-10 13:01:08 UTC"
"3101","2","010","Personer1","2010",0,,"Halden","Kvinner","10 år","Personer","2010","07459","2026-09-10 13:01:08 UTC"
"3101","2","010","Personer1","2011",0,,"Halden","Kvinner","10 år","Personer","2011","07459","2026-09-10 13:01:08 UTC"
"3101","2","010","Personer1","2012",0,,"Halden","Kvinner","10 år","Personer","2012","07459","2026-09-10 13:01:08 UTC"
"3101","2","010","Personer1","2013",0,,"Halden","Kvinner","10 år","Personer","2013","07459","2026-09-10 13:01:08 UTC"
"3101","2","010","Personer1","2014",0,,"Halden","Kvinner","10 år","Personer","2014","07459","2026-09-10 13:01:08 UTC"
"3101","2","010","Personer1","2015",0,,"Halden","Kvinner","10 år","Personer","2015","07459","2026-09-10 13:01:08 UTC"
"3101","2","010","Personer1","2016",0,,"Halden","Kvinner","10 år","Personer","2016","07459","2026-09-10 13:01:08 UTC"
"3101","2","010","Personer1","2017",0,,"Halden","Kvinner","10 år","Personer","2017","07459","2026-09-10 13:01:08 UTC"
"3101","2","010","Personer1","2018",0,,"Halden","Kvinner","10 år","Personer","2018","07459","2026-09-10 13:01:08 UTC"
"3101","2","010","Personer1","2019",0,,"Halden","Kvinner","10 år","Personer","2019","07459","2026-09-10 13:01:08 UTC"
"3101","2","010","Personer1","2020",0,,"Halden","Kvinner","10 år","Personer","2020","07459","2026-09-10 13:01:08 UTC"
"3101","2","010","Personer1","2021",0,,"Halden","Kvinner","10 år","Personer","2021","07459","2026-09-10 13:01:08 UTC"
"3101","2","010","Personer1","2022",0,,"Halden","Kvinner","10 år","Personer","2022","07459","2026-09-10 13:01:08 UTC"
"3101","2","010","Personer1","2023",0,,"Halden","Kvinner","10 år","Personer","2023","07459","2026-09-10 13:01:08 UTC"
"3101","2","010","Personer1","2024",165,,"Halden","Kvinner","10 år","Personer","2024","07459","2026-09-10 13:01:08 UTC"
"3101","2","010","Personer1","2025",164,,"Halden","Kvinner","10 år","Personer","2025","07459","2026-09-10 13:01:08 UTC"
"3101","2","010","Personer1","2026",170,,"Halden","Kvinner","10 år","Personer","2026","07459","2026-09-10 13:01:08 UTC"
"3101","2","011","Personer1","2005",0,,"Halden","Kvinner","11 år","Personer","2005","07459","2026-09-10 13:01:08 UTC"
"3101","2","011","Personer1","2006",0,,"Halden","Kvinner","11 år","Personer","2006","07459","2026-09-10 13:01:08 UTC"
"3101","2","011","Personer1","2007",0,,"Halden","Kvinner","11 år","Personer","2007","07459","2026-09-10 13:01:08 UTC"
"3101","2","011","Personer1","2008",0,,"Halden","Kvinner","11 år","Personer","2008","07459","2026-09-10 13:01:08 UTC"
"3101","2","011","Personer1","2009",0,,"Halden","Kvinner","11 år","Personer","2009","07459","2026-09-10 13:01:08 UTC"
"3101","2","011","Personer1","2010",0,,"Halden","Kvinner","11 år","Personer","2010","07459","2026-09-10 13:01:08 UTC"
"3101","2","011","Personer1","2011",0,,"Halden","Kvinner","11 år","Personer","2011","07459","2026-09-10 13:01:08 UTC"
"3101","2","011","Personer1","2012",0,,"Halden","Kvinner","11 år","Personer","2012","07459","2026-09-10 13:01:08 UTC"
"3101","2","011","Personer1","2013",0,,"Halden","Kvinner","11 år","Personer","2013","07459","2026-09-10 13:01:08 UTC"
"3101","2","011","Personer1","2014",0,,"Halden","Kvinner","11 år","Personer","2014","07459","2026-09-10 13:01:08 UTC"
"3101","2","011","Personer1","2015",0,,"Halden","Kvinner","11 år","Personer","2015","07459","2026-09-10 13:01:08 UTC"
"3101","2","011","Personer1","2016",0,,"Halden","Kvinner","11 år","Personer","2016","07459","2026-09-10 13:01:08 UTC"
"3101","2","011","Personer1","2017",0,,"Halden","Kvinner","11 år","Personer","2017","07459","2026-09-10 13:01:08 UTC"
"3101","2","011","Personer1","2018",0,,"Halden","Kvinner","11 år","Personer","2018","07459","2026-09-10 13:01:08 UTC"
"3101","2","011","Personer1","2019",0,,"Halden","Kvinner","11 år","Personer","2019","07459","2026-09-10 13:01:08 UTC"
"3101","2","011","Personer1","2020",0,,"Halden","Kvinner","11 år","Personer","2020","07459","2026-09-10 13:01:08 UTC"
"3101","2","011","Personer1","2021",0,,"Halden","Kvinner","11 år","Personer","2021","07459","2026-09-10 13:01:08 UTC"
"3101","2","011","Personer1","2022",0,,"Halden","Kvinner","11 år","Personer","2022","07459","2026-09-10 13:01:08 UTC"
"3101","2","011","Personer1","2023",0,,"Halden","Kvinner","11 år","Personer","2023","07459","2026-09-10 13:01:08 UTC"
"3101","2","011","Personer1","2024",166,,"Halden","Kvinner","11 år","Personer","2024","07459","2026-09-10 13:01:08 UTC"
"3101","2","011","Personer1","2025",167,,"Halden","Kvinner","11 år","Personer","2025","07459","2026-09-10 13:01:08 UTC"
"3101","2","011","Personer1","2026",166,,"Halden","Kvinner","11 år","Personer","2026","07459","2026-09-10 13:01:08 UTC"
"3101","2","012","Personer1","2005",0,,"Halden","Kvinner","12 år","Personer","2005","07459","2026-09-10 13:01:08 UTC"
"3101","2","012","Personer1","2006",0,,"Halden","Kvinner","12 år","Personer","2006","07459","2026-09-10 13:01:08 UTC"
"3101","2","012","Personer1","2007",0,,"Halden","Kvinner","12 år","Personer","2007","07459","2026-09-10 13:01:08 UTC"
"3101","2","012","Personer1","2008",0,,"Halden","Kvinner","12 år","Personer","2008","07459","2026-09-10 13:01:08 UTC"
"3101","2","012","Personer1","2009",0,,"Halden","Kvinner","12 år","Personer","2009","07459","2026-09-10 13:01:08 UTC"
"3101","2","012","Personer1","2010",0,,"Halden","Kvinner","12 år","Personer","2010","07459","2026-09-10 13:01:08 UTC"
"3101","2","012","Personer1","2011",0,,"Halden","Kvinner","12 år","Personer","2011","07459","2026-09-10 13:01:08 UTC"
"3101","2","012","Personer1","2012",0,,"Halden","Kvinner","12 år","Personer","2012","07459","2026-09-10 13:01:08 UTC"
"3101","2","012","Personer1","2013",0,,"Halden","Kvinner","12 år","Personer","2013","07459","2026-09-10 13:01:08 UTC"
"3101","2","012","Personer1","2014",0,,"Halden","Kvinner","12 år","Personer","2014","07459","2026-09-10 13:01:08 UTC"
"3101","2","012","Personer1","2015",0,,"Halden","Kvinner","12 år","Personer","2015","07459","2026-09-10 13:01:08 UTC"
"3101","2","012","Personer1","2016",0,,"Halden","Kvinner","12 år","Personer","2016","07459","2026-09-10 13:01:08 UTC"
"3101","2","012","Personer1","2017",0,,"Halden","Kvinner","12 år","Personer","2017","07459","2026-09-10 13:01:08 UTC"
"3101","2","012","Personer1","2018",0,,"Halden","Kvinner","12 år","Personer","2018","07459","2026-09-10 13:01:08 UTC"
"3101","2","012","Personer1","2019",0,,"Halden","Kvinner","12 år","Personer","2019","07459","2026-09-10 13:01:08 UTC"
"3101","2","012","Personer1","2020",0,,"Halden","Kvinner","12 år","Personer","2020","07459","2026-09-10 13:01:08 UTC"
"3101","2","012","Personer1","2021",0,,"Halden","Kvinner","12 år","Personer","2021","07459","2026-09-10 13:01:08 UTC"
"3101","2","012","Personer1","2022",0,,"Halden","Kvinner","12 år","Personer","2022","07459","2026-09-10 13:01:08 UTC"
"3101","2","012","Personer1","2023",0,,"Halden","Kvinner","12 år","Personer","2023","07459","2026-09-10 13:01:08 UTC"
"3101","2","012","Personer1","2024",178,,"Halden","Kvinner","12 år","Personer","2024","07459","2026-09-10 13:01:08 UTC"
"3101","2","012","Personer1","2025",165,,"Halden","Kvinner","12 år","Personer","2025","07459","2026-09-10 13:01:08 UTC"
"3101","2","012","Personer1","2026",170,,"Halden","Kvinner","12 år","Personer","2026","07459","2026-09-10 13:01:08 UTC"
"3101","2","013","Personer1","2005",0,,"Halden","Kvinner","13 år","Personer","2005","07459","2026-09-10 13:01:08 UTC"
"3101","2","013","Personer1","2006",0,,"Halden","Kvinner","13 år","Personer","2006","07459","2026-09-10 13:01:08 UTC"
"3101","2","013","Personer1","2007",0,,"Halden","Kvinner","13 år","Personer","2007","07459","2026-09-10 13:01:08 UTC"
"3101","2","013","Personer1","2008",0,,"Halden","Kvinner","13 år","Personer","2008","07459","2026-09-10 13:01:08 UTC"
"3101","2","013","Personer1","2009",0,,"Halden","Kvinner","13 år","Personer","2009","07459","2026-09-10 13:01:08 UTC"
"3101","2","013","Personer1","2010",0,,"Halden","Kvinner","13 år","Personer","2010","07459","2026-09-10 13:01:08 UTC"
"3101","2","013","Personer1","2011",0,,"Halden","Kvinner","13 år","Personer","2011","07459","2026-09-10 13:01:08 UTC"
"3101","2","013","Personer1","2012",0,,"Halden","Kvinner","13 år","Personer","2012","07459","2026-09-10 13:01:08 UTC"
"3101","2","013","Personer1","2013",0,,"Halden","Kvinner","13 år","Personer","2013","07459","2026-09-10 13:01:08 UTC"
"3101","2","013","Personer1","2014",0,,"Halden","Kvinner","13 år","Personer","2014","07459","2026-09-10 13:01:08 UTC"
"3101","2","013","Personer1","2015",0,,"Halden","Kvinner","13 år","Personer","2015","07459","2026-09-10 13:01:08 UTC"
"3101","2","013","Personer1","2016",0,,"Halden","Kvinner","13 år","Personer","2016","07459","2026-09-10 13:01:08 UTC"
"3101","2","013","Personer1","2017",0,,"Halden","Kvinner","13 år","Personer","2017","07459","2026-09-10 13:01:08 UTC"
"3101","2","013","Personer1","2018",0,,"Halden","Kvinner","13 år","Personer","2018","07459","2026-09-10 13:01:08 UTC"
"3101","2","013","Personer1","2019",0,,"Halden","Kvinner","13 år","Personer","2019","07459","2026-09-10 13:01:08 UTC"
"3101","2","013","Personer1","2020",0,,"Halden","Kvinner","13 år","Personer","2020","07459","2026-09-10 13:01:08 UTC"
"3101","2","013","Personer1","2021",0,,"Halden","Kvinner","13 år","Personer","2021","07459","2026-09-10 13:01:08 UTC"
"3101","2","013","Personer1","2022",0,,"Halden","Kvinner","13 år","Personer","2022","07459","2026-09-10 13:01:08 UTC"
"3101","2","013","Personer1","2023",0,,"Halden","Kvinner","13 år","Personer","2023","07459","2026-09-10 13:01:08 UTC"
"3101","2","013","Personer1","2024",201,,"Halden","Kvinner","13 år","Personer","2024","07459","2026-09-10 13:01:08 UTC"
"3101","2","013","Personer1","2025",173,,"Halden","Kvinner","13 år","Personer","2025","07459","2026-09-10 13:01:08 UTC"
"3101","2","013","Personer1","2026",167,,"Halden","Kvinner","13 år","Personer","2026","07459","2026-09-10 13:01:08 UTC"
"3101","2","014","Personer1","2005",0,,"Halden","Kvinner","14 år","Personer","2005","07459","2026-09-10 13:01:08 UTC"
"3101","2","014","Personer1","2006",0,,"Halden","Kvinner","14 år","Personer","2006","07459","2026-09-10 13:01:08 UTC"
"3101","2","014","Personer1","2007",0,,"Halden","Kvinner","14 år","Personer","2007","07459","2026-09-10 13:01:08 UTC"
"3101","2","014","Personer1","2008",0,,"Halden","Kvinner","14 år","Personer","2008","07459","2026-09-10 13:01:08 UTC"
"3101","2","014","Personer1","2009",0,,"Halden","Kvinner","14 år","Personer","2009","07459","2026-09-10 13:01:08 UTC"
"3101","2","014","Personer1","2010",0,,"Halden","Kvinner","14 år","Personer","2010","07459","2026-09-10 13:01:08 UTC"
"3101","2","014","Personer1","2011",0,,"Halden","Kvinner","14 år","Personer","2011","07459","2026-09-10 13:01:08 UTC"
"3101","2","014","Personer1","2012",0,,"Halden","Kvinner","14 år","Personer","2012","07459","2026-09-10 13:01:08 UTC"
"3101","2","014","Personer1","2013",0,,"Halden","Kvinner","14 år","Personer","2013","07459","2026-09-10 13:01:08 UTC"
"3101","2","014","Personer1","2014",0,,"Halden","Kvinner","14 år","Personer","2014","07459","2026-09-10 13:01:08 UTC"
"3101","2","014","Personer1","2015",0,,"Halden","Kvinner","14 år","Personer","2015","07459","2026-09-10 13:01:08 UTC"
"3101","2","014","Personer1","2016",0,,"Halden","Kvinner","14 år","Personer","2016","07459","2026-09-10 13:01:08 UTC"
"3101","2","014","Personer1","2017",0,,"Halden","Kvinner","14 år","Personer","2017","07459","2026-09-10 13:01:08 UTC"
"3101","2","014","Personer1","2018",0,,"Halden","Kvinner","14 år","Personer","2018","07459","2026-09-10 13:01:08 UTC"
"3101","2","014","Personer1","2019",0,,"Halden","Kvinner","14 år","Personer","2019","07459","2026-09-10 13:01:08 UTC"
"3101","2","014","Personer1","2020",0,,"Halden","Kvinner","14 år","Personer","2020","07459","2026-09-10 13:01:08 UTC"
"3101","2","014","Personer1","2021",0,,"Halden","Kvinner","14 år","Personer","2021","07459","2026-09-10 13:01:08 UTC"
"3101","2","014","Personer1","2022",0,,"Halden","Kvinner","14 år","Personer","2022","07459","2026-09-10 13:01:08 UTC"
"3101","2","014","Personer1","2023",0,,"Halden","Kvinner","14 år","Personer","2023","07459","2026-09-10 13:01:08 UTC"
"3101","2","014","Personer1","2024",198,,"Halden","Kvinner","14 år","Personer","2024","07459","2026-09-10 13:01:08 UTC"
"3101","2","014","Personer1","2025",201,,"Halden","Kvinner","14 år","Personer","2025","07459","2026-09-10 13:01:08 UTC"
"3101","2","014","Personer1","2026",172,,"Halden","Kvinner","14 år","Personer","2026","07459","2026-09-10 13:01:08 UTC"
"3101","2","015","Personer1","2005",0,,"Halden","Kvinner","15 år","Personer","2005","07459","2026-09-10 13:01:08 UTC"
"3101","2","015","Personer1","2006",0,,"Halden","Kvinner","15 år","Personer","2006","07459","2026-09-10 13:01:08 UTC"
"3101","2","015","Personer1","2007",0,,"Halden","Kvinner","15 år","Personer","2007","07459","2026-09-10 13:01:08 UTC"
"3101","2","015","Personer1","2008",0,,"Halden","Kvinner","15 år","Personer","2008","07459","2026-09-10 13:01:08 UTC"
"3101","2","015","Personer1","2009",0,,"Halden","Kvinner","15 år","Personer","2009","07459","2026-09-10 13:01:08 UTC"
"3101","2","015","Personer1","2010",0,,"Halden","Kvinner","15 år","Personer","2010","07459","2026-09-10 13:01:08 UTC"
"3101","2","015","Personer1","2011",0,,"Halden","Kvinner","15 år","Personer","2011","07459","2026-09-10 13:01:08 UTC"
"3101","2","015","Personer1","2012",0,,"Halden","Kvinner","15 år","Personer","2012","07459","2026-09-10 13:01:08 UTC"
"3101","2","015","Personer1","2013",0,,"Halden","Kvinner","15 år","Personer","2013","07459","2026-09-10 13:01:08 UTC"
"3101","2","015","Personer1","2014",0,,"Halden","Kvinner","15 år","Personer","2014","07459","2026-09-10 13:01:08 UTC"
"3101","2","015","Personer1","2015",0,,"Halden","Kvinner","15 år","Personer","2015","07459","2026-09-10 13:01:08 UTC"
"3101","2","015","Personer1","2016",0,,"Halden","Kvinner","15 år","Personer","2016","07459","2026-09-10 13:01:08 UTC"
"3101","2","015","Personer1","2017",0,,"Halden","Kvinner","15 år","Personer","2017","07459","2026-09-10 13:01:08 UTC"
"3101","2","015","Personer1","2018",0,,"Halden","Kvinner","15 år","Personer","2018","07459","2026-09-10 13:01:08 UTC"
"3101","2","015","Personer1","2019",0,,"Halden","Kvinner","15 år","Personer","2019","07459","2026-09-10 13:01:08 UTC"
"3101","2","015","Personer1","2020",0,,"Halden","Kvinner","15 år","Personer","2020","07459","2026-09-10 13:01:08 UTC"
"3101","2","015","Personer1","2021",0,,"Halden","Kvinner","15 år","Personer","2021","07459","2026-09-10 13:01:08 UTC"
"3101","2","015","Personer1","2022",0,,"Halden","Kvinner","15 år","Personer","2022","07459","2026-09-10 13:01:08 UTC"
"3101","2","015","Personer1","2023",0,,"Halden","Kvinner","15 år","Personer","2023","07459","2026-09-10 13:01:08 UTC"
"3101","2","015","Personer1","2024",205,,"Halden","Kvinner","15 år","Personer","2024","07459","2026-09-10 13:01:08 UTC"
"3101","2","015","Personer1","2025",198,,"Halden","Kvinner","15 år","Personer","2025","07459","2026-09-10 13:01:08 UTC"
"3101","2","015","Personer1","2026",203,,"Halden","Kvinner","15 år","Personer","2026","07459","2026-09-10 13:01:08 UTC"
"3101","2","016","Personer1","2005",0,,"Halden","Kvinner","16 år","Personer","2005","07459","2026-09-10 13:01:08 UTC"
"3101","2","016","Personer1","2006",0,,"Halden","Kvinner","16 år","Personer","2006","07459","2026-09-10 13:01:08 UTC"
"3101","2","016","Personer1","2007",0,,"Halden","Kvinner","16 år","Personer","2007","07459","2026-09-10 13:01:08 UTC"
"3101","2","016","Personer1","2008",0,,"Halden","Kvinner","16 år","Personer","2008","07459","2026-09-10 13:01:08 UTC"
"3101","2","016","Personer1","2009",0,,"Halden","Kvinner","16 år","Personer","2009","07459","2026-09-10 13:01:08 UTC"
"3101","2","016","Personer1","2010",0,,"Halden","Kvinner","16 år","Personer","2010","07459","2026-09-10 13:01:08 UTC"
"3101","2","016","Personer1","2011",0,,"Halden","Kvinner","16 år","Personer","2011","07459","2026-09-10 13:01:08 UTC"
"3101","2","016","Personer1","2012",0,,"Halden","Kvinner","16 år","Personer","2012","07459","2026-09-10 13:01:08 UTC"
"3101","2","016","Personer1","2013",0,,"Halden","Kvinner","16 år","Personer","2013","07459","2026-09-10 13:01:08 UTC"
"3101","2","016","Personer1","2014",0,,"Halden","Kvinner","16 år","Personer","2014","07459","2026-09-10 13:01:08 UTC"
"3101","2","016","Personer1","2015",0,,"Halden","Kvinner","16 år","Personer","2015","07459","2026-09-10 13:01:08 UTC"
"3101","2","016","Personer1","2016",0,,"Halden","Kvinner","16 år","Personer","2016","07459","2026-09-10 13:01:08 UTC"
"3101","2","016","Personer1","2017",0,,"Halden","Kvinner","16 år","Personer","2017","07459","2026-09-10 13:01:08 UTC"
"3101","2","016","Personer1","2018",0,,"Halden","Kvinner","16 år","Personer","2018","07459","2026-09-10 13:01:08 UTC"
"3101","2","016","Personer1","2019",0,,"Halden","Kvinner","16 år","Personer","2019","07459","2026-09-10 13:01:08 UTC"
"3101","2","016","Personer1","2020",0,,"Halden","Kvinner","16 år","Personer","2020","07459","2026-09-10 13:01:08 UTC"
"3101","2","016","Personer1","2021",0,,"Halden","Kvinner","16 år","Personer","2021","07459","2026-09-10 13:01:08 UTC"
"3101","2","016","Personer1","2022",0,,"Halden","Kvinner","16 år","Personer","2022","07459","2026-09-10 13:01:08 UTC"
"3101","2","016","Personer1","2023",0,,"Halden","Kvinner","16 år","Personer","2023","07459","2026-09-10 13:01:08 UTC"
"3101","2","016","Personer1","2024",216,,"Halden","Kvinner","16 år","Personer","2024","07459","2026-09-10 13:01:08 UTC"
"3101","2","016","Personer1","2025",202,,"Halden","Kvinner","16 år","Personer","2025","07459","2026-09-10 13:01:08 UTC"
"3101","2","016","Personer1","2026",196,,"Halden","Kvinner","16 år","Personer","2026","07459","2026-09-10 13:01:08 UTC"
"3101","2","017","Personer1","2005",0,,"Halden","Kvinner","17 år","Personer","2005","07459","2026-09-10 13:01:08 UTC"
"3101","2","017","Personer1","2006",0,,"Halden","Kvinner","17 år","Personer","2006","07459","2026-09-10 13:01:08 UTC"
"3101","2","017","Personer1","2007",0,,"Halden","Kvinner","17 år","Personer","2007","07459","2026-09-10 13:01:08 UTC"
"3101","2","017","Personer1","2008",0,,"Halden","Kvinner","17 år","Personer","2008","07459","2026-09-10 13:01:08 UTC"
"3101","2","017","Personer1","2009",0,,"Halden","Kvinner","17 år","Personer","2009","07459","2026-09-10 13:01:08 UTC"
"3101","2","017","Personer1","2010",0,,"Halden","Kvinner","17 år","Personer","2010","07459","2026-09-10 13:01:08 UTC"
"3101","2","017","Personer1","2011",0,,"Halden","Kvinner","17 år","Personer","2011","07459","2026-09-10 13:01:08 UTC"
"3101","2","017","Personer1","2012",0,,"Halden","Kvinner","17 år","Personer","2012","07459","2026-09-10 13:01:08 UTC"
"3101","2","017","Personer1","2013",0,,"Halden","Kvinner","17 år","Personer","2013","07459","2026-09-10 13:01:08 UTC"
"3101","2","017","Personer1","2014",0,,"Halden","Kvinner","17 år","Personer","2014","07459","2026-09-10 13:01:08 UTC"
"3101","2","017","Personer1","2015",0,,"Halden","Kvinner","17 år","Personer","2015","07459","2026-09-10 13:01:08 UTC"
"3101","2","017","Personer1","2016",0,,"Halden","Kvinner","17 år","Personer","2016","07459","2026-09-10 13:01:08 UTC"
"3101","2","017","Personer1","2017",0,,"Halden","Kvinner","17 år","Personer","2017","07459","2026-09-10 13:01:08 UTC"
"3101","2","017","Personer1","2018",0,,"Halden","Kvinner","17 år","Personer","2018","07459","2026-09-10 13:01:08 UTC"
"3101","2","017","Personer1","2019",0,,"Halden","Kvinner","17 år","Personer","2019","07459","2026-09-10 13:01:08 UTC"
"3101","2","017","Personer1","2020",0,,"Halden","Kvinner","17 år","Personer","2020","07459","2026-09-10 13:01:08 UTC"
"3101","2","017","Personer1","2021",0,,"Halden","Kvinner","17 år","Personer","2021","07459","2026-09-10 13:01:08 UTC"
"3101","2","017","Personer1","2022",0,,"Halden","Kvinner","17 år","Personer","2022","07459","2026-09-10 13:01:08 UTC"
"3101","2","017","Personer1","2023",0,,"Halden","Kvinner","17 år","Personer","2023","07459","2026-09-10 13:01:08 UTC"
"3101","2","017","Personer1","2024",175,,"Halden","Kvinner","17 år","Personer","2024","07459","2026-09-10 13:01:08 UTC"
"3101","2","017","Personer1","2025",216,,"Halden","Kvinner","17 år","Personer","2025","07459","2026-09-10 13:01:08 UTC"
"3101","2","017","Personer1","2026",205,,"Halden","Kvinner","17 år","Personer","2026","07459","2026-09-10 13:01:08 UTC"
"3101","2","018","Personer1","2005",0,,"Halden","Kvinner","18 år","Personer","2005","07459","2026-09-10 13:01:08 UTC"
"3101","2","018","Personer1","2006",0,,"Halden","Kvinner","18 år","Personer","2006","07459","2026-09-10 13:01:08 UTC"
"3101","2","018","Personer1","2007",0,,"Halden","Kvinner","18 år","Personer","2007","07459","2026-09-10 13:01:08 UTC"
"3101","2","018","Personer1","2008",0,,"Halden","Kvinner","18 år","Personer","2008","07459","2026-09-10 13:01:08 UTC"
"3101","2","018","Personer1","2009",0,,"Halden","Kvinner","18 år","Personer","2009","07459","2026-09-10 13:01:08 UTC"
"3101","2","018","Personer1","2010",0,,"Halden","Kvinner","18 år","Personer","2010","07459","2026-09-10 13:01:08 UTC"
"3101","2","018","Personer1","2011",0,,"Halden","Kvinner","18 år","Personer","2011","07459","2026-09-10 13:01:08 UTC"
"3101","2","018","Personer1","2012",0,,"Halden","Kvinner","18 år","Personer","2012","07459","2026-09-10 13:01:08 UTC"
"3101","2","018","Personer1","2013",0,,"Halden","Kvinner","18 år","Personer","2013","07459","2026-09-10 13:01:08 UTC"
"3101","2","018","Personer1","2014",0,,"Halden","Kvinner","18 år","Personer","2014","07459","2026-09-10 13:01:08 UTC"
"3101","2","018","Personer1","2015",0,,"Halden","Kvinner","18 år","Personer","2015","07459","2026-09-10 13:01:08 UTC"
"3101","2","018","Personer1","2016",0,,"Halden","Kvinner","18 år","Personer","2016","07459","2026-09-10 13:01:08 UTC"
"3101","2","018","Personer1","2017",0,,"Halden","Kvinner","18 år","Personer","2017","07459","2026-09-10 13:01:08 UTC"
"3101","2","018","Personer1","2018",0,,"Halden","Kvinner","18 år","Personer","2018","07459","2026-09-10 13:01:08 UTC"
"3101","2","018","Personer1","2019",0,,"Halden","Kvinner","18 år","Personer","2019","07459","2026-09-10 13:01:08 UTC"
"3101","2","018","Personer1","2020",0,,"Halden","Kvinner","18 år","Personer","2020","07459","2026-09-10 13:01:08 UTC"
"3101","2","018","Personer1","2021",0,,"Halden","Kvinner","18 år","Personer","2021","07459","2026-09-10 13:01:08 UTC"
"3101","2","018","Personer1","2022",0,,"Halden","Kvinner","18 år","Personer","2022","07459","2026-09-10 13:01:08 UTC"
"3101","2","018","Personer1","2023",0,,"Halden","Kvinner","18 år","Personer","2023","07459","2026-09-10 13:01:08 UTC"
"3101","2","018","Personer1","2024",151,,"Halden","Kvinner","18 år","Personer","2024","07459","2026-09-10 13:01:08 UTC"
"3101","2","018","Personer1","2025",175,,"Halden","Kvinner","18 år","Personer","2025","07459","2026-09-10 13:01:08 UTC"
"3101","2","018","Personer1","2026",215,,"Halden","Kvinner","18 år","Personer","2026","07459","2026-09-10 13:01:08 UTC"
"3101","2","019","Personer1","2005",0,,"Halden","Kvinner","19 år","Personer","2005","07459","2026-09-10 13:01:08 UTC"
"3101","2","019","Personer1","2006",0,,"Halden","Kvinner","19 år","Personer","2006","07459","2026-09-10 13:01:08 UTC"
"3101","2","019","Personer1","2007",0,,"Halden","Kvinner","19 år","Personer","2007","07459","2026-09-10 13:01:08 UTC"
"3101","2","019","Personer1","2008",0,,"Halden","Kvinner","19 år","Personer","2008","07459","2026-09-10 13:01:08 UTC"
"3101","2","019","Personer1","2009",0,,"Halden","Kvinner","19 år","Personer","2009","07459","2026-09-10 13:01:08 UTC"
"3101","2","019","Personer1","2010",0,,"Halden","Kvinner","19 år","Personer","2010","07459","2026-09-10 13:01:08 UTC"
"3101","2","019","Personer1","2011",0,,"Halden","Kvinner","19 år","Personer","2011","07459","2026-09-10 13:01:08 UTC"
"3101","2","019","Personer1","2012",0,,"Halden","Kvinner","19 år","Personer","2012","07459","2026-09-10 13:01:08 UTC"
"3101","2","019","Personer1","2013",0,,"Halden","Kvinner","19 år","Personer","2013","07459","2026-09-10 13:01:08 UTC"
"3101","2","019","Personer1","2014",0,,"Halden","Kvinner","19 år","Personer","2014","07459","2026-09-10 13:01:08 UTC"
"3101","2","019","Personer1","2015",0,,"Halden","Kvinner","19 år","Personer","2015","07459","2026-09-10 13:01:08 UTC"
"3101","2","019","Personer1","2016",0,,"Halden","Kvinner","19 år","Personer","2016","07459","2026-09-10 13:01:08 UTC"
"3101","2","019","Personer1","2017",0,,"Halden","Kvinner","19 år","Personer","2017","07459","2026-09-10 13:01:08 UTC"
"3101","2","019","Personer1","2018",0,,"Halden","Kvinner","19 år","Personer","2018","07459","2026-09-10 13:01:08 UTC"
"3101","2","019","Personer1","2019",0,,"Halden","Kvinner","19 år","Personer","2019","07459","2026-09-10 13:01:08 UTC"
"3101","2","019","Personer1","2020",0,,"Halden","Kvinner","19 år","Personer","2020","07459","2026-09-10 13:01:08 UTC"
"3101","2","019","Personer1","2021",0,,"Halden","Kvinner","19 år","Personer","2021","07459","2026-09-10 13:01:08 UTC"
"3101","2","019","Personer1","2022",0,,"Halden","Kvinner","19 år","Personer","2022","07459","2026-09-10 13:01:08 UTC"
"3101","2","019","Personer1","2023",0,,"Halden","Kvinner","19 år","Personer","2023","07459","2026-09-10 13:01:08 UTC"
"3101","2","019","Personer1","2024",186,,"Halden","Kvinner","19 år","Personer","2024","07459","2026-09-10 13:01:08 UTC"
"3101","2","019","Personer1","2025",149,,"Halden","Kvinner","19 år","Personer","2025","07459","2026-09-10 13:01:08 UTC"
"3101","2","019","Personer1","2026",180,,"Halden","Kvinner","19 år","Personer","2026","07459","2026-09-10 13:01:08 UTC"
"3101","2","020","Personer1","2005",0,,"Halden","Kvinner","20 år","Personer","2005","07459","2026-09-10 13:01:08 UTC"
"3101","2","020","Personer1","2006",0,,"Halden","Kvinner","20 år","Personer","2006","07459","2026-09-10 13:01:08 UTC"
"3101","2","020","Personer1","2007",0,,"Halden","Kvinner","20 år","Personer","2007","07459","2026-09-10 13:01:08 UTC"
"3101","2","020","Personer1","2008",0,,"Halden","Kvinner","20 år","Personer","2008","07459","2026-09-10 13:01:08 UTC"
"3101","2","020","Personer1","2009",0,,"Halden","Kvinner","20 år","Personer","2009","07459","2026-09-10 13:01:08 UTC"
"3101","2","020","Personer1","2010",0,,"Halden","Kvinner","20 år","Personer","2010","07459","2026-09-10 13:01:08 UTC"
"3101","2","020","Personer1","2011",0,,"Halden","Kvinner","20 år","Personer","2011","07459","2026-09-10 13:01:08 UTC"
"3101","2","020","Personer1","2012",0,,"Halden","Kvinner","20 år","Personer","2012","07459","2026-09-10 13:01:08 UTC"
"3101","2","020","Personer1","2013",0,,"Halden","Kvinner","20 år","Personer","2013","07459","2026-09-10 13:01:08 UTC"
"3101","2","020","Personer1","2014",0,,"Halden","Kvinner","20 år","Personer","2014","07459","2026-09-10 13:01:08 UTC"
"3101","2","020","Personer1","2015",0,,"Halden","Kvinner","20 år","Personer","2015","07459","2026-09-10 13:01:08 UTC"
"3101","2","020","Personer1","2016",0,,"Halden","Kvinner","20 år","Personer","2016","07459","2026-09-10 13:01:08 UTC"
"3101","2","020","Personer1","2017",0,,"Halden","Kvinner","20 år","Personer","2017","07459","2026-09-10 13:01:08 UTC"
"3101","2","020","Personer1","2018",0,,"Halden","Kvinner","20 år","Personer","2018","07459","2026-09-10 13:01:08 UTC"
"3101","2","020","Personer1","2019",0,,"Halden","Kvinner","20 år","Personer","2019","07459","2026-09-10 13:01:08 UTC"
"3101","2","020","Personer1","2020",0,,"Halden","Kvinner","20 år","Personer","2020","07459","2026-09-10 13:01:08 UTC"
"3101","2","020","Personer1","2021",0,,"Halden","Kvinner","20 år","Personer","2021","07459","2026-09-10 13:01:08 UTC"
"3101","2","020","Personer1","2022",0,,"Halden","Kvinner","20 år","Personer","2022","07459","2026-09-10 13:01:08 UTC"
"3101","2","020","Personer1","2023",0,,"Halden","Kvinner","20 år","Personer","2023","07459","2026-09-10 13:01:08 UTC"
"3101","2","020","Personer1","2024",169,,"Halden","Kvinner","20 år","Personer","2024","07459","2026-09-10 13:01:08 UTC"
"3101","2","020","Personer1","2025",196,,"Halden","Kvinner","20 år","Personer","2025","07459","2026-09-10 13:01:08 UTC"
"3101","2","020","Personer1","2026",138,,"Halden","Kvinner","20 år","Personer","2026","07459","2026-09-10 13:01:08 UTC"
"3101","2","021","Personer1","2005",0,,"Halden","Kvinner","21 år","Personer","2005","07459","2026-09-10 13:01:08 UTC"
"3101","2","021","Personer1","2006",0,,"Halden","Kvinner","21 år","Personer","2006","07459","2026-09-10 13:01:08 UTC"
"3101","2","021","Personer1","2007",0,,"Halden","Kvinner","21 år","Personer","2007","07459","2026-09-10 13:01:08 UTC"
"3101","2","021","Personer1","2008",0,,"Halden","Kvinner","21 år","Personer","2008","07459","2026-09-10 13:01:08 UTC"
"3101","2","021","Personer1","2009",0,,"Halden","Kvinner","21 år","Personer","2009","07459","2026-09-10 13:01:08 UTC"
"3101","2","021","Personer1","2010",0,,"Halden","Kvinner","21 år","Personer","2010","07459","2026-09-10 13:01:08 UTC"
"3101","2","021","Personer1","2011",0,,"Halden","Kvinner","21 år","Personer","2011","07459","2026-09-10 13:01:08 UTC"
"3101","2","021","Personer1","2012",0,,"Halden","Kvinner","21 år","Personer","2012","07459","2026-09-10 13:01:08 UTC"
"3101","2","021","Personer1","2013",0,,"Halden","Kvinner","21 år","Personer","2013","07459","2026-09-10 13:01:08 UTC"
"3101","2","021","Personer1","2014",0,,"Halden","Kvinner","21 år","Personer","2014","07459","2026-09-10 13:01:08 UTC"
"3101","2","021","Personer1","2015",0,,"Halden","Kvinner","21 år","Personer","2015","07459","2026-09-10 13:01:08 UTC"
"3101","2","021","Personer1","2016",0,,"Halden","Kvinner","21 år","Personer","2016","07459","2026-09-10 13:01:08 UTC"
"3101","2","021","Personer1","2017",0,,"Halden","Kvinner","21 år","Personer","2017","07459","2026-09-10 13:01:08 UTC"
"3101","2","021","Personer1","2018",0,,"Halden","Kvinner","21 år","Personer","2018","07459","2026-09-10 13:01:08 UTC"
"3101","2","021","Personer1","2019",0,,"Halden","Kvinner","21 år","Personer","2019","07459","2026-09-10 13:01:08 UTC"
"3101","2","021","Personer1","2020",0,,"Halden","Kvinner","21 år","Personer","2020","07459","2026-09-10 13:01:08 UTC"
"3101","2","021","Personer1","2021",0,,"Halden","Kvinner","21 år","Personer","2021","07459","2026-09-10 13:01:08 UTC"
"3101","2","021","Personer1","2022",0,,"Halden","Kvinner","21 år","Personer","2022","07459","2026-09-10 13:01:08 UTC"
"3101","2","021","Personer1","2023",0,,"Halden","Kvinner","21 år","Personer","2023","07459","2026-09-10 13:01:08 UTC"
"3101","2","021","Personer1","2024",171,,"Halden","Kvinner","21 år","Personer","2024","07459","2026-09-10 13:01:08 UTC"
"3101","2","021","Personer1","2025",172,,"Halden","Kvinner","21 år","Personer","2025","07459","2026-09-10 13:01:08 UTC"
"3101","2","021","Personer1","2026",189,,"Halden","Kvinner","21 år","Personer","2026","07459","2026-09-10 13:01:08 UTC"
"3101","2","022","Personer1","2005",0,,"Halden","Kvinner","22 år","Personer","2005","07459","2026-09-10 13:01:08 UTC"
"3101","2","022","Personer1","2006",0,,"Halden","Kvinner","22 år","Personer","2006","07459","2026-09-10 13:01:08 UTC"
"3101","2","022","Personer1","2007",0,,"Halden","Kvinner","22 år","Personer","2007","07459","2026-09-10 13:01:08 UTC"
"3101","2","022","Personer1","2008",0,,"Halden","Kvinner","22 år","Personer","2008","07459","2026-09-10 13:01:08 UTC"
"3101","2","022","Personer1","2009",0,,"Halden","Kvinner","22 år","Personer","2009","07459","2026-09-10 13:01:08 UTC"
"3101","2","022","Personer1","2010",0,,"Halden","Kvinner","22 år","Personer","2010","07459","2026-09-10 13:01:08 UTC"
"3101","2","022","Personer1","2011",0,,"Halden","Kvinner","22 år","Personer","2011","07459","2026-09-10 13:01:08 UTC"
"3101","2","022","Personer1","2012",0,,"Halden","Kvinner","22 år","Personer","2012","07459","2026-09-10 13:01:08 UTC"
"3101","2","022","Personer1","2013",0,,"Halden","Kvinner","22 år","Personer","2013","07459","2026-09-10 13:01:08 UTC"
"3101","2","022","Personer1","2014",0,,"Halden","Kvinner","22 år","Personer","2014","07459","2026-09-10 13:01:08 UTC"
"3101","2","022","Personer1","2015",0,,"Halden","Kvinner","22 år","Personer","2015","07459","2026-09-10 13:01:08 UTC"
"3101","2","022","Personer1","2016",0,,"Halden","Kvinner","22 år","Personer","2016","07459","2026-09-10 13:01:08 UTC"
"3101","2","022","Personer1","2017",0,,"Halden","Kvinner","22 år","Personer","2017","07459","2026-09-10 13:01:08 UTC"
"3101","2","022","Personer1","2018",0,,"Halden","Kvinner","22 år","Personer","2018","07459","2026-09-10 13:01:08 UTC"
"3101","2","022","Personer1","2019",0,,"Halden","Kvinner","22 år","Personer","2019","07459","2026-09-10 13:01:08 UTC"
"3101","2","022","Personer1","2020",0,,"Halden","Kvinner","22 år","Personer","2020","07459","2026-09-10 13:01:08 UTC"
"3101","2","022","Personer1","2021",0,,"Halden","Kvinner","22 år","Personer","2021","07459","2026-09-10 13:01:08 UTC"
"3101","2","022","Personer1","2022",0,,"Halden","Kvinner","22 år","Personer","2022","07459","2026-09-10 13:01:08 UTC"
"3101","2","022","Personer1","2023",0,,"Halden","Kvinner","22 år","Personer","2023","07459","2026-09-10 13:01:08 UTC"
"3101","2","022","Personer1","2024",161,,"Halden","Kvinner","22 år","Personer","2024","07459","2026-09-10 13:01:08 UTC"
"3101","2","022","Personer1","2025",176,,"Halden","Kvinner","22 år","Personer","2025","07459","2026-09-10 13:01:08 UTC"
"3101","2","022","Personer1","2026",170,,"Halden","Kvinner","22 år","Personer","2026","07459","2026-09-10 13:01:08 UTC"
"3101","2","023","Personer1","2005",0,,"Halden","Kvinner","23 år","Personer","2005","07459","2026-09-10 13:01:08 UTC"
"3101","2","023","Personer1","2006",0,,"Halden","Kvinner","23 år","Personer","2006","07459","2026-09-10 13:01:08 UTC"
"3101","2","023","Personer1","2007",0,,"Halden","Kvinner","23 år","Personer","2007","07459","2026-09-10 13:01:08 UTC"
"3101","2","023","Personer1","2008",0,,"Halden","Kvinner","23 år","Personer","2008","07459","2026-09-10 13:01:08 UTC"
"3101","2","023","Personer1","2009",0,,"Halden","Kvinner","23 år","Personer","2009","07459","2026-09-10 13:01:08 UTC"
"3101","2","023","Personer1","2010",0,,"Halden","Kvinner","23 år","Personer","2010","07459","2026-09-10 13:01:08 UTC"
"3101","2","023","Personer1","2011",0,,"Halden","Kvinner","23 år","Personer","2011","07459","2026-09-10 13:01:08 UTC"
"3101","2","023","Personer1","2012",0,,"Halden","Kvinner","23 år","Personer","2012","07459","2026-09-10 13:01:08 UTC"
"3101","2","023","Personer1","2013",0,,"Halden","Kvinner","23 år","Personer","2013","07459","2026-09-10 13:01:08 UTC"
"3101","2","023","Personer1","2014",0,,"Halden","Kvinner","23 år","Personer","2014","07459","2026-09-10 13:01:08 UTC"
"3101","2","023","Personer1","2015",0,,"Halden","Kvinner","23 år","Personer","2015","07459","2026-09-10 13:01:08 UTC"
"3101","2","023","Personer1","2016",0,,"Halden","Kvinner","23 år","Personer","2016","07459","2026-09-10 13:01:08 UTC"
"3101","2","023","Personer1","2017",0,,"Halden","Kvinner","23 år","Personer","2017","07459","2026-09-10 13:01:08 UTC"
"3101","2","023","Personer1","2018",0,,"Halden","Kvinner","23 år","Personer","2018","07459","2026-09-10 13:01:08 UTC"
"3101","2","023","Personer1","2019",0,,"Halden","Kvinner","23 år","Personer","2019","07459","2026-09-10 13:01:08 UTC"
"3101","2","023","Personer1","2020",0,,"Halden","Kvinner","23 år","Personer","2020","07459","2026-09-10 13:01:08 UTC"
"3101","2","023","Personer1","2021",0,,"Halden","Kvinner","23 år","Personer","2021","07459","2026-09-10 13:01:08 UTC"
"3101","2","023","Personer1","2022",0,,"Halden","Kvinner","23 år","Personer","2022","07459","2026-09-10 13:01:08 UTC"
"3101","2","023","Personer1","2023",0,,"Halden","Kvinner","23 år","Personer","2023","07459","2026-09-10 13:01:08 UTC"
"3101","2","023","Personer1","2024",160,,"Halden","Kvinner","23 år","Personer","2024","07459","2026-09-10 13:01:08 UTC"
"3101","2","023","Personer1","2025",162,,"Halden","Kvinner","23 år","Personer","2025","07459","2026-09-10 13:01:08 UTC"
"3101","2","023","Personer1","2026",181,,"Halden","Kvinner","23 år","Personer","2026","07459","2026-09-10 13:01:08 UTC"
"3101","2","024","Personer1","2005",0,,"Halden","Kvinner","24 år","Personer","2005","07459","2026-09-10 13:01:08 UTC"
"3101","2","024","Personer1","2006",0,,"Halden","Kvinner","24 år","Personer","2006","07459","2026-09-10 13:01:08 UTC"
"3101","2","024","Personer1","2007",0,,"Halden","Kvinner","24 år","Personer","2007","07459","2026-09-10 13:01:08 UTC"
"3101","2","024","Personer1","2008",0,,"Halden","Kvinner","24 år","Personer","2008","07459","2026-09-10 13:01:08 UTC"
"3101","2","024","Personer1","2009",0,,"Halden","Kvinner","24 år","Personer","2009","07459","2026-09-10 13:01:08 UTC"
"3101","2","024","Personer1","2010",0,,"Halden","Kvinner","24 år","Personer","2010","07459","2026-09-10 13:01:08 UTC"
"3101","2","024","Personer1","2011",0,,"Halden","Kvinner","24 år","Personer","2011","07459","2026-09-10 13:01:08 UTC"
"3101","2","024","Personer1","2012",0,,"Halden","Kvinner","24 år","Personer","2012","07459","2026-09-10 13:01:08 UTC"
"3101","2","024","Personer1","2013",0,,"Halden","Kvinner","24 år","Personer","2013","07459","2026-09-10 13:01:08 UTC"
"3101","2","024","Personer1","2014",0,,"Halden","Kvinner","24 år","Personer","2014","07459","2026-09-10 13:01:08 UTC"
"3101","2","024","Personer1","2015",0,,"Halden","Kvinner","24 år","Personer","2015","07459","2026-09-10 13:01:08 UTC"
"3101","2","024","Personer1","2016",0,,"Halden","Kvinner","24 år","Personer","2016","07459","2026-09-10 13:01:08 UTC"
"3101","2","024","Personer1","2017",0,,"Halden","Kvinner","24 år","Personer","2017","07459","2026-09-10 13:01:08 UTC"
"3101","2","024","Personer1","2018",0,,"Halden","Kvinner","24 år","Personer","2018","07459","2026-09-10 13:01:08 UTC"
"3101","2","024","Personer1","2019",0,,"Halden","Kvinner","24 år","Personer","2019","07459","2026-09-10 13:01:08 UTC"
"3101","2","024","Personer1","2020",0,,"Halden","Kvinner","24 år","Personer","2020","07459","2026-09-10 13:01:08 UTC"
"3101","2","024","Personer1","2021",0,,"Halden","Kvinner","24 år","Personer","2021","07459","2026-09-10 13:01:08 UTC"
"3101","2","024","Personer1","2022",0,,"Halden","Kvinner","24 år","Personer","2022","07459","2026-09-10 13:01:08 UTC"
"3101","2","024","Personer1","2023",0,,"Halden","Kvinner","24 år","Personer","2023","07459","2026-09-10 13:01:08 UTC"
"3101","2","024","Personer1","2024",145,,"Halden","Kvinner","24 år","Personer","2024","07459","2026-09-10 13:01:08 UTC"
"3101","2","024","Personer1","2025",153,,"Halden","Kvinner","24 år","Personer","2025","07459","2026-09-10 13:01:08 UTC"
"3101","2","024","Personer1","2026",157,,"Halden","Kvinner","24 år","Personer","2026","07459","2026-09-10 13:01:08 UTC"
"3101","2","025","Personer1","2005",0,,"Halden","Kvinner","25 år","Personer","2005","07459","2026-09-10 13:01:08 UTC"
"3101","2","025","Personer1","2006",0,,"Halden","Kvinner","25 år","Personer","2006","07459","2026-09-10 13:01:08 UTC"
"3101","2","025","Personer1","2007",0,,"Halden","Kvinner","25 år","Personer","2007","07459","2026-09-10 13:01:08 UTC"
"3101","2","025","Personer1","2008",0,,"Halden","Kvinner","25 år","Personer","2008","07459","2026-09-10 13:01:08 UTC"
"3101","2","025","Personer1","2009",0,,"Halden","Kvinner","25 år","Personer","2009","07459","2026-09-10 13:01:08 UTC"
"3101","2","025","Personer1","2010",0,,"Halden","Kvinner","25 år","Personer","2010","07459","2026-09-10 13:01:08 UTC"
"3101","2","025","Personer1","2011",0,,"Halden","Kvinner","25 år","Personer","2011","07459","2026-09-10 13:01:08 UTC"
"3101","2","025","Personer1","2012",0,,"Halden","Kvinner","25 år","Personer","2012","07459","2026-09-10 13:01:08 UTC"
"3101","2","025","Personer1","2013",0,,"Halden","Kvinner","25 år","Personer","2013","07459","2026-09-10 13:01:08 UTC"
"3101","2","025","Personer1","2014",0,,"Halden","Kvinner","25 år","Personer","2014","07459","2026-09-10 13:01:08 UTC"
"3101","2","025","Personer1","2015",0,,"Halden","Kvinner","25 år","Personer","2015","07459","2026-09-10 13:01:08 UTC"
"3101","2","025","Personer1","2016",0,,"Halden","Kvinner","25 år","Personer","2016","07459","2026-09-10 13:01:08 UTC"
"3101","2","025","Personer1","2017",0,,"Halden","Kvinner","25 år","Personer","2017","07459","2026-09-10 13:01:08 UTC"
"3101","2","025","Personer1","2018",0,,"Halden","Kvinner","25 år","Personer","2018","07459","2026-09-10 13:01:08 UTC"
"3101","2","025","Personer1","2019",0,,"Halden","Kvinner","25 år","Personer","2019","07459","2026-09-10 13:01:08 UTC"
"3101","2","025","Personer1","2020",0,,"Halden","Kvinner","25 år","Personer","2020","07459","2026-09-10 13:01:08 UTC"
"3101","2","025","Personer1","2021",0,,"Halden","Kvinner","25 år","Personer","2021","07459","2026-09-10 13:01:08 UTC"
"3101","2","025","Personer1","2022",0,,"Halden","Kvinner","25 år","Personer","2022","07459","2026-09-10 13:01:08 UTC"
"3101","2","025","Personer1","2023",0,,"Halden","Kvinner","25 år","Personer","2023","07459","2026-09-10 13:01:08 UTC"
"3101","2","025","Personer1","2024",164,,"Halden","Kvinner","25 år","Personer","2024","07459","2026-09-10 13:01:08 UTC"
"3101","2","025","Personer1","2025",146,,"Halden","Kvinner","25 år","Personer","2025","07459","2026-09-10 13:01:08 UTC"
"3101","2","025","Personer1","2026",151,,"Halden","Kvinner","25 år","Personer","2026","07459","2026-09-10 13:01:08 UTC"
"3101","2","026","Personer1","2005",0,,"Halden","Kvinner","26 år","Personer","2005","07459","2026-09-10 13:01:08 UTC"
"3101","2","026","Personer1","2006",0,,"Halden","Kvinner","26 år","Personer","2006","07459","2026-09-10 13:01:08 UTC"
"3101","2","026","Personer1","2007",0,,"Halden","Kvinner","26 år","Personer","2007","07459","2026-09-10 13:01:08 UTC"
"3101","2","026","Personer1","2008",0,,"Halden","Kvinner","26 år","Personer","2008","07459","2026-09-10 13:01:08 UTC"
"3101","2","026","Personer1","2009",0,,"Halden","Kvinner","26 år","Personer","2009","07459","2026-09-10 13:01:08 UTC"
"3101","2","026","Personer1","2010",0,,"Halden","Kvinner","26 år","Personer","2010","07459","2026-09-10 13:01:08 UTC"
"3101","2","026","Personer1","2011",0,,"Halden","Kvinner","26 år","Personer","2011","07459","2026-09-10 13:01:08 UTC"
"3101","2","026","Personer1","2012",0,,"Halden","Kvinner","26 år","Personer","2012","07459","2026-09-10 13:01:08 UTC"
"3101","2","026","Personer1","2013",0,,"Halden","Kvinner","26 år","Personer","2013","07459","2026-09-10 13:01:08 UTC"
"3101","2","026","Personer1","2014",0,,"Halden","Kvinner","26 år","Personer","2014","07459","2026-09-10 13:01:08 UTC"
"3101","2","026","Personer1","2015",0,,"Halden","Kvinner","26 år","Personer","2015","07459","2026-09-10 13:01:08 UTC"
"3101","2","026","Personer1","2016",0,,"Halden","Kvinner","26 år","Personer","2016","07459","2026-09-10 13:01:08 UTC"
"3101","2","026","Personer1","2017",0,,"Halden","Kvinner","26 år","Personer","2017","07459","2026-09-10 13:01:08 UTC"
"3101","2","026","Personer1","2018",0,,"Halden","Kvinner","26 år","Personer","2018","07459","2026-09-10 13:01:08 UTC"
"3101","2","026","Personer1","2019",0,,"Halden","Kvinner","26 år","Personer","2019","07459","2026-09-10 13:01:08 UTC"
"3101","2","026","Personer1","2020",0,,"Halden","Kvinner","26 år","Personer","2020","07459","2026-09-10 13:01:08 UTC"
"3101","2","026","Personer1","2021",0,,"Halden","Kvinner","26 år","Personer","2021","07459","2026-09-10 13:01:08 UTC"
"3101","2","026","Personer1","2022",0,,"Halden","Kvinner","26 år","Personer","2022","07459","2026-09-10 13:01:08 UTC"
"3101","2","026","Personer1","2023",0,,"Halden","Kvinner","26 år","Personer","2023","07459","2026-09-10 13:01:08 UTC"
"3101","2","026","Personer1","2024",172,,"Halden","Kvinner","26 år","Personer","2024","07459","2026-09-10 13:01:08 UTC"
"3101","2","026","Personer1","2025",166,,"Halden","Kvinner","26 år","Personer","2025","07459","2026-09-10 13:01:08 UTC"
"3101","2","026","Personer1","2026",157,,"Halden","Kvinner","26 år","Personer","2026","07459","2026-09-10 13:01:08 UTC"
"3101","2","027","Personer1","2005",0,,"Halden","Kvinner","27 år","Personer","2005","07459","2026-09-10 13:01:08 UTC"
"3101","2","027","Personer1","2006",0,,"Halden","Kvinner","27 år","Personer","2006","07459","2026-09-10 13:01:08 UTC"
"3101","2","027","Personer1","2007",0,,"Halden","Kvinner","27 år","Personer","2007","07459","2026-09-10 13:01:08 UTC"
"3101","2","027","Personer1","2008",0,,"Halden","Kvinner","27 år","Personer","2008","07459","2026-09-10 13:01:08 UTC"
"3101","2","027","Personer1","2009",0,,"Halden","Kvinner","27 år","Personer","2009","07459","2026-09-10 13:01:08 UTC"
"3101","2","027","Personer1","2010",0,,"Halden","Kvinner","27 år","Personer","2010","07459","2026-09-10 13:01:08 UTC"
"3101","2","027","Personer1","2011",0,,"Halden","Kvinner","27 år","Personer","2011","07459","2026-09-10 13:01:08 UTC"
"3101","2","027","Personer1","2012",0,,"Halden","Kvinner","27 år","Personer","2012","07459","2026-09-10 13:01:08 UTC"
"3101","2","027","Personer1","2013",0,,"Halden","Kvinner","27 år","Personer","2013","07459","2026-09-10 13:01:08 UTC"
"3101","2","027","Personer1","2014",0,,"Halden","Kvinner","27 år","Personer","2014","07459","2026-09-10 13:01:08 UTC"
"3101","2","027","Personer1","2015",0,,"Halden","Kvinner","27 år","Personer","2015","07459","2026-09-10 13:01:08 UTC"
"3101","2","027","Personer1","2016",0,,"Halden","Kvinner","27 år","Personer","2016","07459","2026-09-10 13:01:08 UTC"
"3101","2","027","Personer1","2017",0,,"Halden","Kvinner","27 år","Personer","2017","07459","2026-09-10 13:01:08 UTC"
"3101","2","027","Personer1","2018",0,,"Halden","Kvinner","27 år","Personer","2018","07459","2026-09-10 13:01:08 UTC"
"3101","2","027","Personer1","2019",0,,"Halden","Kvinner","27 år","Personer","2019","07459","2026-09-10 13:01:08 UTC"
"3101","2","027","Personer1","2020",0,,"Halden","Kvinner","27 år","Personer","2020","07459","2026-09-10 13:01:08 UTC"
"3101","2","027","Personer1","2021",0,,"Halden","Kvinner","27 år","Personer","2021","07459","2026-09-10 13:01:08 UTC"
"3101","2","027","Personer1","2022",0,,"Halden","Kvinner","27 år","Personer","2022","07459","2026-09-10 13:01:08 UTC"
"3101","2","027","Personer1","2023",0,,"Halden","Kvinner","27 år","Personer","2023","07459","2026-09-10 13:01:08 UTC"
"3101","2","027","Personer1","2024",194,,"Halden","Kvinner","27 år","Personer","2024","07459","2026-09-10 13:01:08 UTC"
"3101","2","027","Personer1","2025",169,,"Halden","Kvinner","27 år","Personer","2025","07459","2026-09-10 13:01:08 UTC"
"3101","2","027","Personer1","2026",166,,"Halden","Kvinner","27 år","Personer","2026","07459","2026-09-10 13:01:08 UTC"
"3101","2","028","Personer1","2005",0,,"Halden","Kvinner","28 år","Personer","2005","07459","2026-09-10 13:01:08 UTC"
"3101","2","028","Personer1","2006",0,,"Halden","Kvinner","28 år","Personer","2006","07459","2026-09-10 13:01:08 UTC"
"3101","2","028","Personer1","2007",0,,"Halden","Kvinner","28 år","Personer","2007","07459","2026-09-10 13:01:08 UTC"
"3101","2","028","Personer1","2008",0,,"Halden","Kvinner","28 år","Personer","2008","07459","2026-09-10 13:01:08 UTC"
"3101","2","028","Personer1","2009",0,,"Halden","Kvinner","28 år","Personer","2009","07459","2026-09-10 13:01:08 UTC"
"3101","2","028","Personer1","2010",0,,"Halden","Kvinner","28 år","Personer","2010","07459","2026-09-10 13:01:08 UTC"
"3101","2","028","Personer1","2011",0,,"Halden","Kvinner","28 år","Personer","2011","07459","2026-09-10 13:01:08 UTC"
"3101","2","028","Personer1","2012",0,,"Halden","Kvinner","28 år","Personer","2012","07459","2026-09-10 13:01:08 UTC"
"3101","2","028","Personer1","2013",0,,"Halden","Kvinner","28 år","Personer","2013","07459","2026-09-10 13:01:08 UTC"
"3101","2","028","Personer1","2014",0,,"Halden","Kvinner","28 år","Personer","2014","07459","2026-09-10 13:01:08 UTC"
"3101","2","028","Personer1","2015",0,,"Halden","Kvinner","28 år","Personer","2015","07459","2026-09-10 13:01:08 UTC"
"3101","2","028","Personer1","2016",0,,"Halden","Kvinner","28 år","Personer","2016","07459","2026-09-10 13:01:08 UTC"
"3101","2","028","Personer1","2017",0,,"Halden","Kvinner","28 år","Personer","2017","07459","2026-09-10 13:01:08 UTC"
"3101","2","028","Personer1","2018",0,,"Halden","Kvinner","28 år","Personer","2018","07459","2026-09-10 13:01:08 UTC"
"3101","2","028","Personer1","2019",0,,"Halden","Kvinner","28 år","Personer","2019","07459","2026-09-10 13:01:08 UTC"
"3101","2","028","Personer1","2020",0,,"Halden","Kvinner","28 år","Personer","2020","07459","2026-09-10 13:01:08 UTC"
"3101","2","028","Personer1","2021",0,,"Halden","Kvinner","28 år","Personer","2021","07459","2026-09-10 13:01:08 UTC"
"3101","2","028","Personer1","2022",0,,"Halden","Kvinner","28 år","Personer","2022","07459","2026-09-10 13:01:08 UTC"
"3101","2","028","Personer1","2023",0,,"Halden","Kvinner","28 år","Personer","2023","07459","2026-09-10 13:01:08 UTC"
"3101","2","028","Personer1","2024",160,,"Halden","Kvinner","28 år","Personer","2024","07459","2026-09-10 13:01:08 UTC"
"3101","2","028","Personer1","2025",198,,"Halden","Kvinner","28 år","Personer","2025","07459","2026-09-10 13:01:08 UTC"
"3101","2","028","Personer1","2026",165,,"Halden","Kvinner","28 år","Personer","2026","07459","2026-09-10 13:01:08 UTC"
"3101","2","029","Personer1","2005",0,,"Halden","Kvinner","29 år","Personer","2005","07459","2026-09-10 13:01:08 UTC"
"3101","2","029","Personer1","2006",0,,"Halden","Kvinner","29 år","Personer","2006","07459","2026-09-10 13:01:08 UTC"
"3101","2","029","Personer1","2007",0,,"Halden","Kvinner","29 år","Personer","2007","07459","2026-09-10 13:01:08 UTC"
"3101","2","029","Personer1","2008",0,,"Halden","Kvinner","29 år","Personer","2008","07459","2026-09-10 13:01:08 UTC"
"3101","2","029","Personer1","2009",0,,"Halden","Kvinner","29 år","Personer","2009","07459","2026-09-10 13:01:08 UTC"
"3101","2","029","Personer1","2010",0,,"Halden","Kvinner","29 år","Personer","2010","07459","2026-09-10 13:01:08 UTC"
"3101","2","029","Personer1","2011",0,,"Halden","Kvinner","29 år","Personer","2011","07459","2026-09-10 13:01:08 UTC"
"3101","2","029","Personer1","2012",0,,"Halden","Kvinner","29 år","Personer","2012","07459","2026-09-10 13:01:08 UTC"
"3101","2","029","Personer1","2013",0,,"Halden","Kvinner","29 år","Personer","2013","07459","2026-09-10 13:01:08 UTC"
"3101","2","029","Personer1","2014",0,,"Halden","Kvinner","29 år","Personer","2014","07459","2026-09-10 13:01:08 UTC"
"3101","2","029","Personer1","2015",0,,"Halden","Kvinner","29 år","Personer","2015","07459","2026-09-10 13:01:08 UTC"
"3101","2","029","Personer1","2016",0,,"Halden","Kvinner","29 år","Personer","2016","07459","2026-09-10 13:01:08 UTC"
"3101","2","029","Personer1","2017",0,,"Halden","Kvinner","29 år","Personer","2017","07459","2026-09-10 13:01:08 UTC"
"3101","2","029","Personer1","2018",0,,"Halden","Kvinner","29 år","Personer","2018","07459","2026-09-10 13:01:08 UTC"
"3101","2","029","Personer1","2019",0,,"Halden","Kvinner","29 år","Personer","2019","07459","2026-09-10 13:01:08 UTC"
"3101","2","029","Personer1","2020",0,,"Halden","Kvinner","29 år","Personer","2020","07459","2026-09-10 13:01:08 UTC"
"3101","2","029","Personer1","2021",0,,"Halden","Kvinner","29 år","Personer","2021","07459","2026-09-10 13:01:08 UTC"
"3101","2","029","Personer1","2022",0,,"Halden","Kvinner","29 år","Personer","2022","07459","2026-09-10 13:01:08 UTC"
"3101","2","029","Personer1","2023",0,,"Halden","Kvinner","29 år","Personer","2023","07459","2026-09-10 13:01:08 UTC"
"3101","2","029","Personer1","2024",168,,"Halden","Kvinner","29 år","Personer","2024","07459","2026-09-10 13:01:08 UTC"
"3101","2","029","Personer1","2025",176,,"Halden","Kvinner","29 år","Personer","2025","07459","2026-09-10 13:01:08 UTC"
"3101","2","029","Personer1","2026",198,,"Halden","Kvinner","29 år","Personer","2026","07459","2026-09-10 13:01:08 UTC"
"3101","2","030","Personer1","2005",0,,"Halden","Kvinner","30 år","Personer","2005","07459","2026-09-10 13:01:08 UTC"
"3101","2","030","Personer1","2006",0,,"Halden","Kvinner","30 år","Personer","2006","07459","2026-09-10 13:01:08 UTC"
"3101","2","030","Personer1","2007",0,,"Halden","Kvinner","30 år","Personer","2007","07459","2026-09-10 13:01:08 UTC"
"3101","2","030","Personer1","2008",0,,"Halden","Kvinner","30 år","Personer","2008","07459","2026-09-10 13:01:08 UTC"
"3101","2","030","Personer1","2009",0,,"Halden","Kvinner","30 år","Personer","2009","07459","2026-09-10 13:01:08 UTC"
"3101","2","030","Personer1","2010",0,,"Halden","Kvinner","30 år","Personer","2010","07459","2026-09-10 13:01:08 UTC"
"3101","2","030","Personer1","2011",0,,"Halden","Kvinner","30 år","Personer","2011","07459","2026-09-10 13:01:08 UTC"
"3101","2","030","Personer1","2012",0,,"Halden","Kvinner","30 år","Personer","2012","07459","2026-09-10 13:01:08 UTC"
"3101","2","030","Personer1","2013",0,,"Halden","Kvinner","30 år","Personer","2013","07459","2026-09-10 13:01:08 UTC"
"3101","2","030","Personer1","2014",0,,"Halden","Kvinner","30 år","Personer","2014","07459","2026-09-10 13:01:08 UTC"
"3101","2","030","Personer1","2015",0,,"Halden","Kvinner","30 år","Personer","2015","07459","2026-09-10 13:01:08 UTC"
"3101","2","030","Personer1","2016",0,,"Halden","Kvinner","30 år","Personer","2016","07459","2026-09-10 13:01:08 UTC"
"3101","2","030","Personer1","2017",0,,"Halden","Kvinner","30 år","Personer","2017","07459","2026-09-10 13:01:08 UTC"
"3101","2","030","Personer1","2018",0,,"Halden","Kvinner","30 år","Personer","2018","07459","2026-09-10 13:01:08 UTC"
"3101","2","030","Personer1","2019",0,,"Halden","Kvinner","30 år","Personer","2019","07459","2026-09-10 13:01:08 UTC"
"3101","2","030","Personer1","2020",0,,"Halden","Kvinner","30 år","Personer","2020","07459","2026-09-10 13:01:08 UTC"
"3101","2","030","Personer1","2021",0,,"Halden","Kvinner","30 år","Personer","2021","07459","2026-09-10 13:01:08 UTC"
"3101","2","030","Personer1","2022",0,,"Halden","Kvinner","30 år","Personer","2022","07459","2026-09-10 13:01:08 UTC"
"3101","2","030","Personer1","2023",0,,"Halden","Kvinner","30 år","Personer","2023","07459","2026-09-10 13:01:08 UTC"
"3101","2","030","Personer1","2024",177,,"Halden","Kvinner","30 år","Personer","2024","07459","2026-09-10 13:01:08 UTC"
"3101","2","030","Personer1","2025",170,,"Halden","Kvinner","30 år","Personer","2025","07459","2026-09-10 13:01:08 UTC"
"3101","2","030","Personer1","2026",176,,"Halden","Kvinner","30 år","Personer","2026","07459","2026-09-10 13:01:08 UTC"
"3101","2","031","Personer1","2005",0,,"Halden","Kvinner","31 år","Personer","2005","07459","2026-09-10 13:01:08 UTC"
"3101","2","031","Personer1","2006",0,,"Halden","Kvinner","31 år","Personer","2006","07459","2026-09-10 13:01:08 UTC"
"3101","2","031","Personer1","2007",0,,"Halden","Kvinner","31 år","Personer","2007","07459","2026-09-10 13:01:08 UTC"
"3101","2","031","Personer1","2008",0,,"Halden","Kvinner","31 år","Personer","2008","07459","2026-09-10 13:01:08 UTC"
"3101","2","031","Personer1","2009",0,,"Halden","Kvinner","31 år","Personer","2009","07459","2026-09-10 13:01:08 UTC"
"3101","2","031","Personer1","2010",0,,"Halden","Kvinner","31 år","Personer","2010","07459","2026-09-10 13:01:08 UTC"
"3101","2","031","Personer1","2011",0,,"Halden","Kvinner","31 år","Personer","2011","07459","2026-09-10 13:01:08 UTC"
"3101","2","031","Personer1","2012",0,,"Halden","Kvinner","31 år","Personer","2012","07459","2026-09-10 13:01:08 UTC"
"3101","2","031","Personer1","2013",0,,"Halden","Kvinner","31 år","Personer","2013","07459","2026-09-10 13:01:08 UTC"
"3101","2","031","Personer1","2014",0,,"Halden","Kvinner","31 år","Personer","2014","07459","2026-09-10 13:01:08 UTC"
"3101","2","031","Personer1","2015",0,,"Halden","Kvinner","31 år","Personer","2015","07459","2026-09-10 13:01:08 UTC"
"3101","2","031","Personer1","2016",0,,"Halden","Kvinner","31 år","Personer","2016","07459","2026-09-10 13:01:08 UTC"
"3101","2","031","Personer1","2017",0,,"Halden","Kvinner","31 år","Personer","2017","07459","2026-09-10 13:01:08 UTC"
"3101","2","031","Personer1","2018",0,,"Halden","Kvinner","31 år","Personer","2018","07459","2026-09-10 13:01:08 UTC"
"3101","2","031","Personer1","2019",0,,"Halden","Kvinner","31 år","Personer","2019","07459","2026-09-10 13:01:08 UTC"
"3101","2","031","Personer1","2020",0,,"Halden","Kvinner","31 år","Personer","2020","07459","2026-09-10 13:01:08 UTC"
"3101","2","031","Personer1","2021",0,,"Halden","Kvinner","31 år","Personer","2021","07459","2026-09-10 13:01:08 UTC"
"3101","2","031","Personer1","2022",0,,"Halden","Kvinner","31 år","Personer","2022","07459","2026-09-10 13:01:08 UTC"
"3101","2","031","Personer1","2023",0,,"Halden","Kvinner","31 år","Personer","2023","07459","2026-09-10 13:01:08 UTC"
"3101","2","031","Personer1","2024",181,,"Halden","Kvinner","31 år","Personer","2024","07459","2026-09-10 13:01:08 UTC"
"3101","2","031","Personer1","2025",180,,"Halden","Kvinner","31 år","Personer","2025","07459","2026-09-10 13:01:08 UTC"
"3101","2","031","Personer1","2026",177,,"Halden","Kvinner","31 år","Personer","2026","07459","2026-09-10 13:01:08 UTC"
"3101","2","032","Personer1","2005",0,,"Halden","Kvinner","32 år","Personer","2005","07459","2026-09-10 13:01:08 UTC"
"3101","2","032","Personer1","2006",0,,"Halden","Kvinner","32 år","Personer","2006","07459","2026-09-10 13:01:08 UTC"
"3101","2","032","Personer1","2007",0,,"Halden","Kvinner","32 år","Personer","2007","07459","2026-09-10 13:01:08 UTC"
"3101","2","032","Personer1","2008",0,,"Halden","Kvinner","32 år","Personer","2008","07459","2026-09-10 13:01:08 UTC"
"3101","2","032","Personer1","2009",0,,"Halden","Kvinner","32 år","Personer","2009","07459","2026-09-10 13:01:08 UTC"
"3101","2","032","Personer1","2010",0,,"Halden","Kvinner","32 år","Personer","2010","07459","2026-09-10 13:01:08 UTC"
"3101","2","032","Personer1","2011",0,,"Halden","Kvinner","32 år","Personer","2011","07459","2026-09-10 13:01:08 UTC"
"3101","2","032","Personer1","2012",0,,"Halden","Kvinner","32 år","Personer","2012","07459","2026-09-10 13:01:08 UTC"
"3101","2","032","Personer1","2013",0,,"Halden","Kvinner","32 år","Personer","2013","07459","2026-09-10 13:01:08 UTC"
"3101","2","032","Personer1","2014",0,,"Halden","Kvinner","32 år","Personer","2014","07459","2026-09-10 13:01:08 UTC"
"3101","2","032","Personer1","2015",0,,"Halden","Kvinner","32 år","Personer","2015","07459","2026-09-10 13:01:08 UTC"
"3101","2","032","Personer1","2016",0,,"Halden","Kvinner","32 år","Personer","2016","07459","2026-09-10 13:01:08 UTC"
"3101","2","032","Personer1","2017",0,,"Halden","Kvinner","32 år","Personer","2017","07459","2026-09-10 13:01:08 UTC"
"3101","2","032","Personer1","2018",0,,"Halden","Kvinner","32 år","Personer","2018","07459","2026-09-10 13:01:08 UTC"
"3101","2","032","Personer1","2019",0,,"Halden","Kvinner","32 år","Personer","2019","07459","2026-09-10 13:01:08 UTC"
"3101","2","032","Personer1","2020",0,,"Halden","Kvinner","32 år","Personer","2020","07459","2026-09-10 13:01:08 UTC"
"3101","2","032","Personer1","2021",0,,"Halden","Kvinner","32 år","Personer","2021","07459","2026-09-10 13:01:08 UTC"
"3101","2","032","Personer1","2022",0,,"Halden","Kvinner","32 år","Personer","2022","07459","2026-09-10 13:01:08 UTC"
"3101","2","032","Personer1","2023",0,,"Halden","Kvinner","32 år","Personer","2023","07459","2026-09-10 13:01:08 UTC"
"3101","2","032","Personer1","2024",188,,"Halden","Kvinner","32 år","Personer","2024","07459","2026-09-10 13:01:08 UTC"
"3101","2","032","Personer1","2025",184,,"Halden","Kvinner","32 år","Personer","2025","07459","2026-09-10 13:01:08 UTC"
"3101","2","032","Personer1","2026",171,,"Halden","Kvinner","32 år","Personer","2026","07459","2026-09-10 13:01:08 UTC"
"3101","2","033","Personer1","2005",0,,"Halden","Kvinner","33 år","Personer","2005","07459","2026-09-10 13:01:08 UTC"
"3101","2","033","Personer1","2006",0,,"Halden","Kvinner","33 år","Personer","2006","07459","2026-09-10 13:01:08 UTC"
"3101","2","033","Personer1","2007",0,,"Halden","Kvinner","33 år","Personer","2007","07459","2026-09-10 13:01:08 UTC"
"3101","2","033","Personer1","2008",0,,"Halden","Kvinner","33 år","Personer","2008","07459","2026-09-10 13:01:08 UTC"
"3101","2","033","Personer1","2009",0,,"Halden","Kvinner","33 år","Personer","2009","07459","2026-09-10 13:01:08 UTC"
"3101","2","033","Personer1","2010",0,,"Halden","Kvinner","33 år","Personer","2010","07459","2026-09-10 13:01:08 UTC"
"3101","2","033","Personer1","2011",0,,"Halden","Kvinner","33 år","Personer","2011","07459","2026-09-10 13:01:08 UTC"
"3101","2","033","Personer1","2012",0,,"Halden","Kvinner","33 år","Personer","2012","07459","2026-09-10 13:01:08 UTC"
"3101","2","033","Personer1","2013",0,,"Halden","Kvinner","33 år","Personer","2013","07459","2026-09-10 13:01:08 UTC"
"3101","2","033","Personer1","2014",0,,"Halden","Kvinner","33 år","Personer","2014","07459","2026-09-10 13:01:08 UTC"
"3101","2","033","Personer1","2015",0,,"Halden","Kvinner","33 år","Personer","2015","07459","2026-09-10 13:01:08 UTC"
"3101","2","033","Personer1","2016",0,,"Halden","Kvinner","33 år","Personer","2016","07459","2026-09-10 13:01:08 UTC"
"3101","2","033","Personer1","2017",0,,"Halden","Kvinner","33 år","Personer","2017","07459","2026-09-10 13:01:08 UTC"
"3101","2","033","Personer1","2018",0,,"Halden","Kvinner","33 år","Personer","2018","07459","2026-09-10 13:01:08 UTC"
"3101","2","033","Personer1","2019",0,,"Halden","Kvinner","33 år","Personer","2019","07459","2026-09-10 13:01:08 UTC"
"3101","2","033","Personer1","2020",0,,"Halden","Kvinner","33 år","Personer","2020","07459","2026-09-10 13:01:08 UTC"
"3101","2","033","Personer1","2021",0,,"Halden","Kvinner","33 år","Personer","2021","07459","2026-09-10 13:01:08 UTC"
"3101","2","033","Personer1","2022",0,,"Halden","Kvinner","33 år","Personer","2022","07459","2026-09-10 13:01:08 UTC"
"3101","2","033","Personer1","2023",0,,"Halden","Kvinner","33 år","Personer","2023","07459","2026-09-10 13:01:08 UTC"
"3101","2","033","Personer1","2024",206,,"Halden","Kvinner","33 år","Personer","2024","07459","2026-09-10 13:01:08 UTC"
"3101","2","033","Personer1","2025",191,,"Halden","Kvinner","33 år","Personer","2025","07459","2026-09-10 13:01:08 UTC"
"3101","2","033","Personer1","2026",188,,"Halden","Kvinner","33 år","Personer","2026","07459","2026-09-10 13:01:08 UTC"
"3101","2","034","Personer1","2005",0,,"Halden","Kvinner","34 år","Personer","2005","07459","2026-09-10 13:01:08 UTC"
"3101","2","034","Personer1","2006",0,,"Halden","Kvinner","34 år","Personer","2006","07459","2026-09-10 13:01:08 UTC"
"3101","2","034","Personer1","2007",0,,"Halden","Kvinner","34 år","Personer","2007","07459","2026-09-10 13:01:08 UTC"
"3101","2","034","Personer1","2008",0,,"Halden","Kvinner","34 år","Personer","2008","07459","2026-09-10 13:01:08 UTC"
"3101","2","034","Personer1","2009",0,,"Halden","Kvinner","34 år","Personer","2009","07459","2026-09-10 13:01:08 UTC"
"3101","2","034","Personer1","2010",0,,"Halden","Kvinner","34 år","Personer","2010","07459","2026-09-10 13:01:08 UTC"
"3101","2","034","Personer1","2011",0,,"Halden","Kvinner","34 år","Personer","2011","07459","2026-09-10 13:01:08 UTC"
"3101","2","034","Personer1","2012",0,,"Halden","Kvinner","34 år","Personer","2012","07459","2026-09-10 13:01:08 UTC"
"3101","2","034","Personer1","2013",0,,"Halden","Kvinner","34 år","Personer","2013","07459","2026-09-10 13:01:08 UTC"
"3101","2","034","Personer1","2014",0,,"Halden","Kvinner","34 år","Personer","2014","07459","2026-09-10 13:01:08 UTC"
"3101","2","034","Personer1","2015",0,,"Halden","Kvinner","34 år","Personer","2015","07459","2026-09-10 13:01:08 UTC"
"3101","2","034","Personer1","2016",0,,"Halden","Kvinner","34 år","Personer","2016","07459","2026-09-10 13:01:08 UTC"
"3101","2","034","Personer1","2017",0,,"Halden","Kvinner","34 år","Personer","2017","07459","2026-09-10 13:01:08 UTC"
"3101","2","034","Personer1","2018",0,,"Halden","Kvinner","34 år","Personer","2018","07459","2026-09-10 13:01:08 UTC"
"3101","2","034","Personer1","2019",0,,"Halden","Kvinner","34 år","Personer","2019","07459","2026-09-10 13:01:08 UTC"
"3101","2","034","Personer1","2020",0,,"Halden","Kvinner","34 år","Personer","2020","07459","2026-09-10 13:01:08 UTC"
"3101","2","034","Personer1","2021",0,,"Halden","Kvinner","34 år","Personer","2021","07459","2026-09-10 13:01:08 UTC"
"3101","2","034","Personer1","2022",0,,"Halden","Kvinner","34 år","Personer","2022","07459","2026-09-10 13:01:08 UTC"
"3101","2","034","Personer1","2023",0,,"Halden","Kvinner","34 år","Personer","2023","07459","2026-09-10 13:01:08 UTC"
"3101","2","034","Personer1","2024",201,,"Halden","Kvinner","34 år","Personer","2024","07459","2026-09-10 13:01:08 UTC"
"3101","2","034","Personer1","2025",209,,"Halden","Kvinner","34 år","Personer","2025","07459","2026-09-10 13:01:08 UTC"
"3101","2","034","Personer1","2026",194,,"Halden","Kvinner","34 år","Personer","2026","07459","2026-09-10 13:01:08 UTC"
"3101","2","035","Personer1","2005",0,,"Halden","Kvinner","35 år","Personer","2005","07459","2026-09-10 13:01:08 UTC"
"3101","2","035","Personer1","2006",0,,"Halden","Kvinner","35 år","Personer","2006","07459","2026-09-10 13:01:08 UTC"
"3101","2","035","Personer1","2007",0,,"Halden","Kvinner","35 år","Personer","2007","07459","2026-09-10 13:01:08 UTC"
"3101","2","035","Personer1","2008",0,,"Halden","Kvinner","35 år","Personer","2008","07459","2026-09-10 13:01:08 UTC"
"3101","2","035","Personer1","2009",0,,"Halden","Kvinner","35 år","Personer","2009","07459","2026-09-10 13:01:08 UTC"
"3101","2","035","Personer1","2010",0,,"Halden","Kvinner","35 år","Personer","2010","07459","2026-09-10 13:01:08 UTC"
"3101","2","035","Personer1","2011",0,,"Halden","Kvinner","35 år","Personer","2011","07459","2026-09-10 13:01:08 UTC"
"3101","2","035","Personer1","2012",0,,"Halden","Kvinner","35 år","Personer","2012","07459","2026-09-10 13:01:08 UTC"
"3101","2","035","Personer1","2013",0,,"Halden","Kvinner","35 år","Personer","2013","07459","2026-09-10 13:01:08 UTC"
"3101","2","035","Personer1","2014",0,,"Halden","Kvinner","35 år","Personer","2014","07459","2026-09-10 13:01:08 UTC"
"3101","2","035","Personer1","2015",0,,"Halden","Kvinner","35 år","Personer","2015","07459","2026-09-10 13:01:08 UTC"
"3101","2","035","Personer1","2016",0,,"Halden","Kvinner","35 år","Personer","2016","07459","2026-09-10 13:01:08 UTC"
"3101","2","035","Personer1","2017",0,,"Halden","Kvinner","35 år","Personer","2017","07459","2026-09-10 13:01:08 UTC"
"3101","2","035","Personer1","2018",0,,"Halden","Kvinner","35 år","Personer","2018","07459","2026-09-10 13:01:08 UTC"
"3101","2","035","Personer1","2019",0,,"Halden","Kvinner","35 år","Personer","2019","07459","2026-09-10 13:01:08 UTC"
"3101","2","035","Personer1","2020",0,,"Halden","Kvinner","35 år","Personer","2020","07459","2026-09-10 13:01:08 UTC"
"3101","2","035","Personer1","2021",0,,"Halden","Kvinner","35 år","Personer","2021","07459","2026-09-10 13:01:08 UTC"
"3101","2","035","Personer1","2022",0,,"Halden","Kvinner","35 år","Personer","2022","07459","2026-09-10 13:01:08 UTC"
"3101","2","035","Personer1","2023",0,,"Halden","Kvinner","35 år","Personer","2023","07459","2026-09-10 13:01:08 UTC"
"3101","2","035","Personer1","2024",207,,"Halden","Kvinner","35 år","Personer","2024","07459","2026-09-10 13:01:08 UTC"
"3101","2","035","Personer1","2025",201,,"Halden","Kvinner","35 år","Personer","2025","07459","2026-09-10 13:01:08 UTC"
"3101","2","035","Personer1","2026",210,,"Halden","Kvinner","35 år","Personer","2026","07459","2026-09-10 13:01:08 UTC"
"3101","2","036","Personer1","2005",0,,"Halden","Kvinner","36 år","Personer","2005","07459","2026-09-10 13:01:08 UTC"
"3101","2","036","Personer1","2006",0,,"Halden","Kvinner","36 år","Personer","2006","07459","2026-09-10 13:01:08 UTC"
"3101","2","036","Personer1","2007",0,,"Halden","Kvinner","36 år","Personer","2007","07459","2026-09-10 13:01:08 UTC"
"3101","2","036","Personer1","2008",0,,"Halden","Kvinner","36 år","Personer","2008","07459","2026-09-10 13:01:08 UTC"
"3101","2","036","Personer1","2009",0,,"Halden","Kvinner","36 år","Personer","2009","07459","2026-09-10 13:01:08 UTC"
"3101","2","036","Personer1","2010",0,,"Halden","Kvinner","36 år","Personer","2010","07459","2026-09-10 13:01:08 UTC"
"3101","2","036","Personer1","2011",0,,"Halden","Kvinner","36 år","Personer","2011","07459","2026-09-10 13:01:08 UTC"
"3101","2","036","Personer1","2012",0,,"Halden","Kvinner","36 år","Personer","2012","07459","2026-09-10 13:01:08 UTC"
"3101","2","036","Personer1","2013",0,,"Halden","Kvinner","36 år","Personer","2013","07459","2026-09-10 13:01:08 UTC"
"3101","2","036","Personer1","2014",0,,"Halden","Kvinner","36 år","Personer","2014","07459","2026-09-10 13:01:08 UTC"
"3101","2","036","Personer1","2015",0,,"Halden","Kvinner","36 år","Personer","2015","07459","2026-09-10 13:01:08 UTC"
"3101","2","036","Personer1","2016",0,,"Halden","Kvinner","36 år","Personer","2016","07459","2026-09-10 13:01:08 UTC"
"3101","2","036","Personer1","2017",0,,"Halden","Kvinner","36 år","Personer","2017","07459","2026-09-10 13:01:08 UTC"
"3101","2","036","Personer1","2018",0,,"Halden","Kvinner","36 år","Personer","2018","07459","2026-09-10 13:01:08 UTC"
"3101","2","036","Personer1","2019",0,,"Halden","Kvinner","36 år","Personer","2019","07459","2026-09-10 13:01:08 UTC"
"3101","2","036","Personer1","2020",0,,"Halden","Kvinner","36 år","Personer","2020","07459","2026-09-10 13:01:08 UTC"
"3101","2","036","Personer1","2021",0,,"Halden","Kvinner","36 år","Personer","2021","07459","2026-09-10 13:01:08 UTC"
"3101","2","036","Personer1","2022",0,,"Halden","Kvinner","36 år","Personer","2022","07459","2026-09-10 13:01:08 UTC"
"3101","2","036","Personer1","2023",0,,"Halden","Kvinner","36 år","Personer","2023","07459","2026-09-10 13:01:08 UTC"
"3101","2","036","Personer1","2024",178,,"Halden","Kvinner","36 år","Personer","2024","07459","2026-09-10 13:01:08 UTC"
"3101","2","036","Personer1","2025",202,,"Halden","Kvinner","36 år","Personer","2025","07459","2026-09-10 13:01:08 UTC"
"3101","2","036","Personer1","2026",200,,"Halden","Kvinner","36 år","Personer","2026","07459","2026-09-10 13:01:08 UTC"
"3101","2","037","Personer1","2005",0,,"Halden","Kvinner","37 år","Personer","2005","07459","2026-09-10 13:01:08 UTC"
"3101","2","037","Personer1","2006",0,,"Halden","Kvinner","37 år","Personer","2006","07459","2026-09-10 13:01:08 UTC"
"3101","2","037","Personer1","2007",0,,"Halden","Kvinner","37 år","Personer","2007","07459","2026-09-10 13:01:08 UTC"
"3101","2","037","Personer1","2008",0,,"Halden","Kvinner","37 år","Personer","2008","07459","2026-09-10 13:01:08 UTC"
"3101","2","037","Personer1","2009",0,,"Halden","Kvinner","37 år","Personer","2009","07459","2026-09-10 13:01:08 UTC"
"3101","2","037","Personer1","2010",0,,"Halden","Kvinner","37 år","Personer","2010","07459","2026-09-10 13:01:08 UTC"
"3101","2","037","Personer1","2011",0,,"Halden","Kvinner","37 år","Personer","2011","07459","2026-09-10 13:01:08 UTC"
"3101","2","037","Personer1","2012",0,,"Halden","Kvinner","37 år","Personer","2012","07459","2026-09-10 13:01:08 UTC"
"3101","2","037","Personer1","2013",0,,"Halden","Kvinner","37 år","Personer","2013","07459","2026-09-10 13:01:08 UTC"
"3101","2","037","Personer1","2014",0,,"Halden","Kvinner","37 år","Personer","2014","07459","2026-09-10 13:01:08 UTC"
"3101","2","037","Personer1","2015",0,,"Halden","Kvinner","37 år","Personer","2015","07459","2026-09-10 13:01:08 UTC"
"3101","2","037","Personer1","2016",0,,"Halden","Kvinner","37 år","Personer","2016","07459","2026-09-10 13:01:08 UTC"
"3101","2","037","Personer1","2017",0,,"Halden","Kvinner","37 år","Personer","2017","07459","2026-09-10 13:01:08 UTC"
"3101","2","037","Personer1","2018",0,,"Halden","Kvinner","37 år","Personer","2018","07459","2026-09-10 13:01:08 UTC"
"3101","2","037","Personer1","2019",0,,"Halden","Kvinner","37 år","Personer","2019","07459","2026-09-10 13:01:08 UTC"
"3101","2","037","Personer1","2020",0,,"Halden","Kvinner","37 år","Personer","2020","07459","2026-09-10 13:01:08 UTC"
"3101","2","037","Personer1","2021",0,,"Halden","Kvinner","37 år","Personer","2021","07459","2026-09-10 13:01:08 UTC"
"3101","2","037","Personer1","2022",0,,"Halden","Kvinner","37 år","Personer","2022","07459","2026-09-10 13:01:08 UTC"
"3101","2","037","Personer1","2023",0,,"Halden","Kvinner","37 år","Personer","2023","07459","2026-09-10 13:01:08 UTC"
"3101","2","037","Personer1","2024",202,,"Halden","Kvinner","37 år","Personer","2024","07459","2026-09-10 13:01:08 UTC"
"3101","2","037","Personer1","2025",189,,"Halden","Kvinner","37 år","Personer","2025","07459","2026-09-10 13:01:08 UTC"
"3101","2","037","Personer1","2026",202,,"Halden","Kvinner","37 år","Personer","2026","07459","2026-09-10 13:01:08 UTC"
"3101","2","038","Personer1","2005",0,,"Halden","Kvinner","38 år","Personer","2005","07459","2026-09-10 13:01:08 UTC"
"3101","2","038","Personer1","2006",0,,"Halden","Kvinner","38 år","Personer","2006","07459","2026-09-10 13:01:08 UTC"
"3101","2","038","Personer1","2007",0,,"Halden","Kvinner","38 år","Personer","2007","07459","2026-09-10 13:01:08 UTC"
"3101","2","038","Personer1","2008",0,,"Halden","Kvinner","38 år","Personer","2008","07459","2026-09-10 13:01:08 UTC"
"3101","2","038","Personer1","2009",0,,"Halden","Kvinner","38 år","Personer","2009","07459","2026-09-10 13:01:08 UTC"
"3101","2","038","Personer1","2010",0,,"Halden","Kvinner","38 år","Personer","2010","07459","2026-09-10 13:01:08 UTC"
"3101","2","038","Personer1","2011",0,,"Halden","Kvinner","38 år","Personer","2011","07459","2026-09-10 13:01:08 UTC"
"3101","2","038","Personer1","2012",0,,"Halden","Kvinner","38 år","Personer","2012","07459","2026-09-10 13:01:08 UTC"
"3101","2","038","Personer1","2013",0,,"Halden","Kvinner","38 år","Personer","2013","07459","2026-09-10 13:01:08 UTC"
"3101","2","038","Personer1","2014",0,,"Halden","Kvinner","38 år","Personer","2014","07459","2026-09-10 13:01:08 UTC"
"3101","2","038","Personer1","2015",0,,"Halden","Kvinner","38 år","Personer","2015","07459","2026-09-10 13:01:08 UTC"
"3101","2","038","Personer1","2016",0,,"Halden","Kvinner","38 år","Personer","2016","07459","2026-09-10 13:01:08 UTC"
"3101","2","038","Personer1","2017",0,,"Halden","Kvinner","38 år","Personer","2017","07459","2026-09-10 13:01:08 UTC"
"3101","2","038","Personer1","2018",0,,"Halden","Kvinner","38 år","Personer","2018","07459","2026-09-10 13:01:08 UTC"
"3101","2","038","Personer1","2019",0,,"Halden","Kvinner","38 år","Personer","2019","07459","2026-09-10 13:01:08 UTC"
"3101","2","038","Personer1","2020",0,,"Halden","Kvinner","38 år","Personer","2020","07459","2026-09-10 13:01:08 UTC"
"3101","2","038","Personer1","2021",0,,"Halden","Kvinner","38 år","Personer","2021","07459","2026-09-10 13:01:08 UTC"
"3101","2","038","Personer1","2022",0,,"Halden","Kvinner","38 år","Personer","2022","07459","2026-09-10 13:01:08 UTC"
"3101","2","038","Personer1","2023",0,,"Halden","Kvinner","38 år","Personer","2023","07459","2026-09-10 13:01:08 UTC"
"3101","2","038","Personer1","2024",181,,"Halden","Kvinner","38 år","Personer","2024","07459","2026-09-10 13:01:08 UTC"
"3101","2","038","Personer1","2025",201,,"Halden","Kvinner","38 år","Personer","2025","07459","2026-09-10 13:01:08 UTC"
"3101","2","038","Personer1","2026",200,,"Halden","Kvinner","38 år","Personer","2026","07459","2026-09-10 13:01:08 UTC"
"3101","2","039","Personer1","2005",0,,"Halden","Kvinner","39 år","Personer","2005","07459","2026-09-10 13:01:08 UTC"
"3101","2","039","Personer1","2006",0,,"Halden","Kvinner","39 år","Personer","2006","07459","2026-09-10 13:01:08 UTC"
"3101","2","039","Personer1","2007",0,,"Halden","Kvinner","39 år","Personer","2007","07459","2026-09-10 13:01:08 UTC"
"3101","2","039","Personer1","2008",0,,"Halden","Kvinner","39 år","Personer","2008","07459","2026-09-10 13:01:08 UTC"
"3101","2","039","Personer1","2009",0,,"Halden","Kvinner","39 år","Personer","2009","07459","2026-09-10 13:01:08 UTC"
"3101","2","039","Personer1","2010",0,,"Halden","Kvinner","39 år","Personer","2010","07459","2026-09-10 13:01:08 UTC"
"3101","2","039","Personer1","2011",0,,"Halden","Kvinner","39 år","Personer","2011","07459","2026-09-10 13:01:08 UTC"
"3101","2","039","Personer1","2012",0,,"Halden","Kvinner","39 år","Personer","2012","07459","2026-09-10 13:01:08 UTC"
"3101","2","039","Personer1","2013",0,,"Halden","Kvinner","39 år","Personer","2013","07459","2026-09-10 13:01:08 UTC"
"3101","2","039","Personer1","2014",0,,"Halden","Kvinner","39 år","Personer","2014","07459","2026-09-10 13:01:08 UTC"
"3101","2","039","Personer1","2015",0,,"Halden","Kvinner","39 år","Personer","2015","07459","2026-09-10 13:01:08 UTC"
"3101","2","039","Personer1","2016",0,,"Halden","Kvinner","39 år","Personer","2016","07459","2026-09-10 13:01:08 UTC"
"3101","2","039","Personer1","2017",0,,"Halden","Kvinner","39 år","Personer","2017","07459","2026-09-10 13:01:08 UTC"
"3101","2","039","Personer1","2018",0,,"Halden","Kvinner","39 år","Personer","2018","07459","2026-09-10 13:01:08 UTC"
"3101","2","039","Personer1","2019",0,,"Halden","Kvinner","39 år","Personer","2019","07459","2026-09-10 13:01:08 UTC"
"3101","2","039","Personer1","2020",0,,"Halden","Kvinner","39 år","Personer","2020","07459","2026-09-10 13:01:08 UTC"
"3101","2","039","Personer1","2021",0,,"Halden","Kvinner","39 år","Personer","2021","07459","2026-09-10 13:01:08 UTC"
"3101","2","039","Personer1","2022",0,,"Halden","Kvinner","39 år","Personer","2022","07459","2026-09-10 13:01:08 UTC"
"3101","2","039","Personer1","2023",0,,"Halden","Kvinner","39 år","Personer","2023","07459","2026-09-10 13:01:08 UTC"
"3101","2","039","Personer1","2024",221,,"Halden","Kvinner","39 år","Personer","2024","07459","2026-09-10 13:01:08 UTC"
"3101","2","039","Personer1","2025",177,,"Halden","Kvinner","39 år","Personer","2025","07459","2026-09-10 13:01:08 UTC"
"3101","2","039","Personer1","2026",201,,"Halden","Kvinner","39 år","Personer","2026","07459","2026-09-10 13:01:08 UTC"
"3101","2","040","Personer1","2005",0,,"Halden","Kvinner","40 år","Personer","2005","07459","2026-09-10 13:01:08 UTC"
"3101","2","040","Personer1","2006",0,,"Halden","Kvinner","40 år","Personer","2006","07459","2026-09-10 13:01:08 UTC"
"3101","2","040","Personer1","2007",0,,"Halden","Kvinner","40 år","Personer","2007","07459","2026-09-10 13:01:08 UTC"
"3101","2","040","Personer1","2008",0,,"Halden","Kvinner","40 år","Personer","2008","07459","2026-09-10 13:01:08 UTC"
"3101","2","040","Personer1","2009",0,,"Halden","Kvinner","40 år","Personer","2009","07459","2026-09-10 13:01:08 UTC"
"3101","2","040","Personer1","2010",0,,"Halden","Kvinner","40 år","Personer","2010","07459","2026-09-10 13:01:08 UTC"
"3101","2","040","Personer1","2011",0,,"Halden","Kvinner","40 år","Personer","2011","07459","2026-09-10 13:01:08 UTC"
"3101","2","040","Personer1","2012",0,,"Halden","Kvinner","40 år","Personer","2012","07459","2026-09-10 13:01:08 UTC"
"3101","2","040","Personer1","2013",0,,"Halden","Kvinner","40 år","Personer","2013","07459","2026-09-10 13:01:08 UTC"
"3101","2","040","Personer1","2014",0,,"Halden","Kvinner","40 år","Personer","2014","07459","2026-09-10 13:01:08 UTC"
"3101","2","040","Personer1","2015",0,,"Halden","Kvinner","40 år","Personer","2015","07459","2026-09-10 13:01:08 UTC"
"3101","2","040","Personer1","2016",0,,"Halden","Kvinner","40 år","Personer","2016","07459","2026-09-10 13:01:08 UTC"
"3101","2","040","Personer1","2017",0,,"Halden","Kvinner","40 år","Personer","2017","07459","2026-09-10 13:01:08 UTC"
"3101","2","040","Personer1","2018",0,,"Halden","Kvinner","40 år","Personer","2018","07459","2026-09-10 13:01:08 UTC"
"3101","2","040","Personer1","2019",0,,"Halden","Kvinner","40 år","Personer","2019","07459","2026-09-10 13:01:08 UTC"
"3101","2","040","Personer1","2020",0,,"Halden","Kvinner","40 år","Personer","2020","07459","2026-09-10 13:01:08 UTC"
"3101","2","040","Personer1","2021",0,,"Halden","Kvinner","40 år","Personer","2021","07459","2026-09-10 13:01:08 UTC"
"3101","2","040","Personer1","2022",0,,"Halden","Kvinner","40 år","Personer","2022","07459","2026-09-10 13:01:08 UTC"
"3101","2","040","Personer1","2023",0,,"Halden","Kvinner","40 år","Personer","2023","07459","2026-09-10 13:01:08 UTC"
"3101","2","040","Personer1","2024",165,,"Halden","Kvinner","40 år","Personer","2024","07459","2026-09-10 13:01:08 UTC"
"3101","2","040","Personer1","2025",214,,"Halden","Kvinner","40 år","Personer","2025","07459","2026-09-10 13:01:08 UTC"
"3101","2","040","Personer1","2026",177,,"Halden","Kvinner","40 år","Personer","2026","07459","2026-09-10 13:01:08 UTC"
"3101","2","041","Personer1","2005",0,,"Halden","Kvinner","41 år","Personer","2005","07459","2026-09-10 13:01:08 UTC"
"3101","2","041","Personer1","2006",0,,"Halden","Kvinner","41 år","Personer","2006","07459","2026-09-10 13:01:08 UTC"
"3101","2","041","Personer1","2007",0,,"Halden","Kvinner","41 år","Personer","2007","07459","2026-09-10 13:01:08 UTC"
"3101","2","041","Personer1","2008",0,,"Halden","Kvinner","41 år","Personer","2008","07459","2026-09-10 13:01:08 UTC"
"3101","2","041","Personer1","2009",0,,"Halden","Kvinner","41 år","Personer","2009","07459","2026-09-10 13:01:08 UTC"
"3101","2","041","Personer1","2010",0,,"Halden","Kvinner","41 år","Personer","2010","07459","2026-09-10 13:01:08 UTC"
"3101","2","041","Personer1","2011",0,,"Halden","Kvinner","41 år","Personer","2011","07459","2026-09-10 13:01:08 UTC"
"3101","2","041","Personer1","2012",0,,"Halden","Kvinner","41 år","Personer","2012","07459","2026-09-10 13:01:08 UTC"
"3101","2","041","Personer1","2013",0,,"Halden","Kvinner","41 år","Personer","2013","07459","2026-09-10 13:01:08 UTC"
"3101","2","041","Personer1","2014",0,,"Halden","Kvinner","41 år","Personer","2014","07459","2026-09-10 13:01:08 UTC"
"3101","2","041","Personer1","2015",0,,"Halden","Kvinner","41 år","Personer","2015","07459","2026-09-10 13:01:08 UTC"
"3101","2","041","Personer1","2016",0,,"Halden","Kvinner","41 år","Personer","2016","07459","2026-09-10 13:01:08 UTC"
"3101","2","041","Personer1","2017",0,,"Halden","Kvinner","41 år","Personer","2017","07459","2026-09-10 13:01:08 UTC"
"3101","2","041","Personer1","2018",0,,"Halden","Kvinner","41 år","Personer","2018","07459","2026-09-10 13:01:08 UTC"
"3101","2","041","Personer1","2019",0,,"Halden","Kvinner","41 år","Personer","2019","07459","2026-09-10 13:01:08 UTC"
"3101","2","041","Personer1","2020",0,,"Halden","Kvinner","41 år","Personer","2020","07459","2026-09-10 13:01:08 UTC"
"3101","2","041","Personer1","2021",0,,"Halden","Kvinner","41 år","Personer","2021","07459","2026-09-10 13:01:08 UTC"
"3101","2","041","Personer1","2022",0,,"Halden","Kvinner","41 år","Personer","2022","07459","2026-09-10 13:01:08 UTC"
"3101","2","041","Personer1","2023",0,,"Halden","Kvinner","41 år","Personer","2023","07459","2026-09-10 13:01:08 UTC"
"3101","2","041","Personer1","2024",191,,"Halden","Kvinner","41 år","Personer","2024","07459","2026-09-10 13:01:08 UTC"
"3101","2","041","Personer1","2025",170,,"Halden","Kvinner","41 år","Personer","2025","07459","2026-09-10 13:01:08 UTC"
"3101","2","041","Personer1","2026",209,,"Halden","Kvinner","41 år","Personer","2026","07459","2026-09-10 13:01:08 UTC"
"3101","2","042","Personer1","2005",0,,"Halden","Kvinner","42 år","Personer","2005","07459","2026-09-10 13:01:08 UTC"
"3101","2","042","Personer1","2006",0,,"Halden","Kvinner","42 år","Personer","2006","07459","2026-09-10 13:01:08 UTC"
"3101","2","042","Personer1","2007",0,,"Halden","Kvinner","42 år","Personer","2007","07459","2026-09-10 13:01:08 UTC"
"3101","2","042","Personer1","2008",0,,"Halden","Kvinner","42 år","Personer","2008","07459","2026-09-10 13:01:08 UTC"
"3101","2","042","Personer1","2009",0,,"Halden","Kvinner","42 år","Personer","2009","07459","2026-09-10 13:01:08 UTC"
"3101","2","042","Personer1","2010",0,,"Halden","Kvinner","42 år","Personer","2010","07459","2026-09-10 13:01:08 UTC"
"3101","2","042","Personer1","2011",0,,"Halden","Kvinner","42 år","Personer","2011","07459","2026-09-10 13:01:08 UTC"
"3101","2","042","Personer1","2012",0,,"Halden","Kvinner","42 år","Personer","2012","07459","2026-09-10 13:01:08 UTC"
"3101","2","042","Personer1","2013",0,,"Halden","Kvinner","42 år","Personer","2013","07459","2026-09-10 13:01:08 UTC"
"3101","2","042","Personer1","2014",0,,"Halden","Kvinner","42 år","Personer","2014","07459","2026-09-10 13:01:08 UTC"
"3101","2","042","Personer1","2015",0,,"Halden","Kvinner","42 år","Personer","2015","07459","2026-09-10 13:01:08 UTC"
"3101","2","042","Personer1","2016",0,,"Halden","Kvinner","42 år","Personer","2016","07459","2026-09-10 13:01:08 UTC"
"3101","2","042","Personer1","2017",0,,"Halden","Kvinner","42 år","Personer","2017","07459","2026-09-10 13:01:08 UTC"
"3101","2","042","Personer1","2018",0,,"Halden","Kvinner","42 år","Personer","2018","07459","2026-09-10 13:01:08 UTC"
"3101","2","042","Personer1","2019",0,,"Halden","Kvinner","42 år","Personer","2019","07459","2026-09-10 13:01:08 UTC"
"3101","2","042","Personer1","2020",0,,"Halden","Kvinner","42 år","Personer","2020","07459","2026-09-10 13:01:08 UTC"
"3101","2","042","Personer1","2021",0,,"Halden","Kvinner","42 år","Personer","2021","07459","2026-09-10 13:01:08 UTC"
"3101","2","042","Personer1","2022",0,,"Halden","Kvinner","42 år","Personer","2022","07459","2026-09-10 13:01:08 UTC"
"3101","2","042","Personer1","2023",0,,"Halden","Kvinner","42 år","Personer","2023","07459","2026-09-10 13:01:08 UTC"
"3101","2","042","Personer1","2024",195,,"Halden","Kvinner","42 år","Personer","2024","07459","2026-09-10 13:01:08 UTC"
"3101","2","042","Personer1","2025",192,,"Halden","Kvinner","42 år","Personer","2025","07459","2026-09-10 13:01:08 UTC"
"3101","2","042","Personer1","2026",173,,"Halden","Kvinner","42 år","Personer","2026","07459","2026-09-10 13:01:08 UTC"
"3101","2","043","Personer1","2005",0,,"Halden","Kvinner","43 år","Personer","2005","07459","2026-09-10 13:01:08 UTC"
"3101","2","043","Personer1","2006",0,,"Halden","Kvinner","43 år","Personer","2006","07459","2026-09-10 13:01:08 UTC"
"3101","2","043","Personer1","2007",0,,"Halden","Kvinner","43 år","Personer","2007","07459","2026-09-10 13:01:08 UTC"
"3101","2","043","Personer1","2008",0,,"Halden","Kvinner","43 år","Personer","2008","07459","2026-09-10 13:01:08 UTC"
"3101","2","043","Personer1","2009",0,,"Halden","Kvinner","43 år","Personer","2009","07459","2026-09-10 13:01:08 UTC"
"3101","2","043","Personer1","2010",0,,"Halden","Kvinner","43 år","Personer","2010","07459","2026-09-10 13:01:08 UTC"
"3101","2","043","Personer1","2011",0,,"Halden","Kvinner","43 år","Personer","2011","07459","2026-09-10 13:01:08 UTC"
"3101","2","043","Personer1","2012",0,,"Halden","Kvinner","43 år","Personer","2012","07459","2026-09-10 13:01:08 UTC"
"3101","2","043","Personer1","2013",0,,"Halden","Kvinner","43 år","Personer","2013","07459","2026-09-10 13:01:08 UTC"
"3101","2","043","Personer1","2014",0,,"Halden","Kvinner","43 år","Personer","2014","07459","2026-09-10 13:01:08 UTC"
"3101","2","043","Personer1","2015",0,,"Halden","Kvinner","43 år","Personer","2015","07459","2026-09-10 13:01:08 UTC"
"3101","2","043","Personer1","2016",0,,"Halden","Kvinner","43 år","Personer","2016","07459","2026-09-10 13:01:08 UTC"
"3101","2","043","Personer1","2017",0,,"Halden","Kvinner","43 år","Personer","2017","07459","2026-09-10 13:01:08 UTC"
"3101","2","043","Personer1","2018",0,,"Halden","Kvinner","43 år","Personer","2018","07459","2026-09-10 13:01:08 UTC"
"3101","2","043","Personer1","2019",0,,"Halden","Kvinner","43 år","Personer","2019","07459","2026-09-10 13:01:08 UTC"
"3101","2","043","Personer1","2020",0,,"Halden","Kvinner","43 år","Personer","2020","07459","2026-09-10 13:01:08 UTC"
"3101","2","043","Personer1","2021",0,,"Halden","Kvinner","43 år","Personer","2021","07459","2026-09-10 13:01:08 UTC"
"3101","2","043","Personer1","2022",0,,"Halden","Kvinner","43 år","Personer","2022","07459","2026-09-10 13:01:08 UTC"
"3101","2","043","Personer1","2023",0,,"Halden","Kvinner","43 år","Personer","2023","07459","2026-09-10 13:01:08 UTC"
"3101","2","043","Personer1","2024",201,,"Halden","Kvinner","43 år","Personer","2024","07459","2026-09-10 13:01:08 UTC"
"3101","2","043","Personer1","2025",199,,"Halden","Kvinner","43 år","Personer","2025","07459","2026-09-10 13:01:08 UTC"
"3101","2","043","Personer1","2026",189,,"Halden","Kvinner","43 år","Personer","2026","07459","2026-09-10 13:01:08 UTC"
"3101","2","044","Personer1","2005",0,,"Halden","Kvinner","44 år","Personer","2005","07459","2026-09-10 13:01:08 UTC"
"3101","2","044","Personer1","2006",0,,"Halden","Kvinner","44 år","Personer","2006","07459","2026-09-10 13:01:08 UTC"
"3101","2","044","Personer1","2007",0,,"Halden","Kvinner","44 år","Personer","2007","07459","2026-09-10 13:01:08 UTC"
"3101","2","044","Personer1","2008",0,,"Halden","Kvinner","44 år","Personer","2008","07459","2026-09-10 13:01:08 UTC"
"3101","2","044","Personer1","2009",0,,"Halden","Kvinner","44 år","Personer","2009","07459","2026-09-10 13:01:08 UTC"
"3101","2","044","Personer1","2010",0,,"Halden","Kvinner","44 år","Personer","2010","07459","2026-09-10 13:01:08 UTC"
"3101","2","044","Personer1","2011",0,,"Halden","Kvinner","44 år","Personer","2011","07459","2026-09-10 13:01:08 UTC"
"3101","2","044","Personer1","2012",0,,"Halden","Kvinner","44 år","Personer","2012","07459","2026-09-10 13:01:08 UTC"
"3101","2","044","Personer1","2013",0,,"Halden","Kvinner","44 år","Personer","2013","07459","2026-09-10 13:01:08 UTC"
"3101","2","044","Personer1","2014",0,,"Halden","Kvinner","44 år","Personer","2014","07459","2026-09-10 13:01:08 UTC"
"3101","2","044","Personer1","2015",0,,"Halden","Kvinner","44 år","Personer","2015","07459","2026-09-10 13:01:08 UTC"
"3101","2","044","Personer1","2016",0,,"Halden","Kvinner","44 år","Personer","2016","07459","2026-09-10 13:01:08 UTC"
"3101","2","044","Personer1","2017",0,,"Halden","Kvinner","44 år","Personer","2017","07459","2026-09-10 13:01:08 UTC"
"3101","2","044","Personer1","2018",0,,"Halden","Kvinner","44 år","Personer","2018","07459","2026-09-10 13:01:08 UTC"
"3101","2","044","Personer1","2019",0,,"Halden","Kvinner","44 år","Personer","2019","07459","2026-09-10 13:01:08 UTC"
"3101","2","044","Personer1","2020",0,,"Halden","Kvinner","44 år","Personer","2020","07459","2026-09-10 13:01:08 UTC"
"3101","2","044","Personer1","2021",0,,"Halden","Kvinner","44 år","Personer","2021","07459","2026-09-10 13:01:08 UTC"
"3101","2","044","Personer1","2022",0,,"Halden","Kvinner","44 år","Personer","2022","07459","2026-09-10 13:01:08 UTC"
"3101","2","044","Personer1","2023",0,,"Halden","Kvinner","44 år","Personer","2023","07459","2026-09-10 13:01:08 UTC"
"3101","2","044","Personer1","2024",191,,"Halden","Kvinner","44 år","Personer","2024","07459","2026-09-10 13:01:08 UTC"
"3101","2","044","Personer1","2025",203,,"Halden","Kvinner","44 år","Personer","2025","07459","2026-09-10 13:01:08 UTC"
"3101","2","044","Personer1","2026",194,,"Halden","Kvinner","44 år","Personer","2026","07459","2026-09-10 13:01:08 UTC"
"3101","2","045","Personer1","2005",0,,"Halden","Kvinner","45 år","Personer","2005","07459","2026-09-10 13:01:08 UTC"
"3101","2","045","Personer1","2006",0,,"Halden","Kvinner","45 år","Personer","2006","07459","2026-09-10 13:01:08 UTC"
"3101","2","045","Personer1","2007",0,,"Halden","Kvinner","45 år","Personer","2007","07459","2026-09-10 13:01:08 UTC"
"3101","2","045","Personer1","2008",0,,"Halden","Kvinner","45 år","Personer","2008","07459","2026-09-10 13:01:08 UTC"
"3101","2","045","Personer1","2009",0,,"Halden","Kvinner","45 år","Personer","2009","07459","2026-09-10 13:01:08 UTC"
"3101","2","045","Personer1","2010",0,,"Halden","Kvinner","45 år","Personer","2010","07459","2026-09-10 13:01:08 UTC"
"3101","2","045","Personer1","2011",0,,"Halden","Kvinner","45 år","Personer","2011","07459","2026-09-10 13:01:08 UTC"
"3101","2","045","Personer1","2012",0,,"Halden","Kvinner","45 år","Personer","2012","07459","2026-09-10 13:01:08 UTC"
"3101","2","045","Personer1","2013",0,,"Halden","Kvinner","45 år","Personer","2013","07459","2026-09-10 13:01:08 UTC"
"3101","2","045","Personer1","2014",0,,"Halden","Kvinner","45 år","Personer","2014","07459","2026-09-10 13:01:08 UTC"
"3101","2","045","Personer1","2015",0,,"Halden","Kvinner","45 år","Personer","2015","07459","2026-09-10 13:01:08 UTC"
"3101","2","045","Personer1","2016",0,,"Halden","Kvinner","45 år","Personer","2016","07459","2026-09-10 13:01:08 UTC"
"3101","2","045","Personer1","2017",0,,"Halden","Kvinner","45 år","Personer","2017","07459","2026-09-10 13:01:08 UTC"
"3101","2","045","Personer1","2018",0,,"Halden","Kvinner","45 år","Personer","2018","07459","2026-09-10 13:01:08 UTC"
"3101","2","045","Personer1","2019",0,,"Halden","Kvinner","45 år","Personer","2019","07459","2026-09-10 13:01:08 UTC"
"3101","2","045","Personer1","2020",0,,"Halden","Kvinner","45 år","Personer","2020","07459","2026-09-10 13:01:08 UTC"
"3101","2","045","Personer1","2021",0,,"Halden","Kvinner","45 år","Personer","2021","07459","2026-09-10 13:01:08 UTC"
"3101","2","045","Personer1","2022",0,,"Halden","Kvinner","45 år","Personer","2022","07459","2026-09-10 13:01:08 UTC"
"3101","2","045","Personer1","2023",0,,"Halden","Kvinner","45 år","Personer","2023","07459","2026-09-10 13:01:08 UTC"
"3101","2","045","Personer1","2024",191,,"Halden","Kvinner","45 år","Personer","2024","07459","2026-09-10 13:01:08 UTC"
"3101","2","045","Personer1","2025",188,,"Halden","Kvinner","45 år","Personer","2025","07459","2026-09-10 13:01:08 UTC"
"3101","2","045","Personer1","2026",205,,"Halden","Kvinner","45 år","Personer","2026","07459","2026-09-10 13:01:08 UTC"
"3101","2","046","Personer1","2005",0,,"Halden","Kvinner","46 år","Personer","2005","07459","2026-09-10 13:01:08 UTC"
"3101","2","046","Personer1","2006",0,,"Halden","Kvinner","46 år","Personer","2006","07459","2026-09-10 13:01:08 UTC"
"3101","2","046","Personer1","2007",0,,"Halden","Kvinner","46 år","Personer","2007","07459","2026-09-10 13:01:08 UTC"
"3101","2","046","Personer1","2008",0,,"Halden","Kvinner","46 år","Personer","2008","07459","2026-09-10 13:01:08 UTC"
"3101","2","046","Personer1","2009",0,,"Halden","Kvinner","46 år","Personer","2009","07459","2026-09-10 13:01:08 UTC"
"3101","2","046","Personer1","2010",0,,"Halden","Kvinner","46 år","Personer","2010","07459","2026-09-10 13:01:08 UTC"
"3101","2","046","Personer1","2011",0,,"Halden","Kvinner","46 år","Personer","2011","07459","2026-09-10 13:01:08 UTC"
"3101","2","046","Personer1","2012",0,,"Halden","Kvinner","46 år","Personer","2012","07459","2026-09-10 13:01:08 UTC"
"3101","2","046","Personer1","2013",0,,"Halden","Kvinner","46 år","Personer","2013","07459","2026-09-10 13:01:08 UTC"
"3101","2","046","Personer1","2014",0,,"Halden","Kvinner","46 år","Personer","2014","07459","2026-09-10 13:01:08 UTC"
"3101","2","046","Personer1","2015",0,,"Halden","Kvinner","46 år","Personer","2015","07459","2026-09-10 13:01:08 UTC"
"3101","2","046","Personer1","2016",0,,"Halden","Kvinner","46 år","Personer","2016","07459","2026-09-10 13:01:08 UTC"
"3101","2","046","Personer1","2017",0,,"Halden","Kvinner","46 år","Personer","2017","07459","2026-09-10 13:01:08 UTC"
"3101","2","046","Personer1","2018",0,,"Halden","Kvinner","46 år","Personer","2018","07459","2026-09-10 13:01:08 UTC"
"3101","2","046","Personer1","2019",0,,"Halden","Kvinner","46 år","Personer","2019","07459","2026-09-10 13:01:08 UTC"
"3101","2","046","Personer1","2020",0,,"Halden","Kvinner","46 år","Personer","2020","07459","2026-09-10 13:01:08 UTC"
"3101","2","046","Personer1","2021",0,,"Halden","Kvinner","46 år","Personer","2021","07459","2026-09-10 13:01:08 UTC"
"3101","2","046","Personer1","2022",0,,"Halden","Kvinner","46 år","Personer","2022","07459","2026-09-10 13:01:08 UTC"
"3101","2","046","Personer1","2023",0,,"Halden","Kvinner","46 år","Personer","2023","07459","2026-09-10 13:01:08 UTC"
"3101","2","046","Personer1","2024",203,,"Halden","Kvinner","46 år","Personer","2024","07459","2026-09-10 13:01:08 UTC"
"3101","2","046","Personer1","2025",189,,"Halden","Kvinner","46 år","Personer","2025","07459","2026-09-10 13:01:08 UTC"
"3101","2","046","Personer1","2026",188,,"Halden","Kvinner","46 år","Personer","2026","07459","2026-09-10 13:01:08 UTC"
"3101","2","047","Personer1","2005",0,,"Halden","Kvinner","47 år","Personer","2005","07459","2026-09-10 13:01:08 UTC"
"3101","2","047","Personer1","2006",0,,"Halden","Kvinner","47 år","Personer","2006","07459","2026-09-10 13:01:08 UTC"
"3101","2","047","Personer1","2007",0,,"Halden","Kvinner","47 år","Personer","2007","07459","2026-09-10 13:01:08 UTC"
"3101","2","047","Personer1","2008",0,,"Halden","Kvinner","47 år","Personer","2008","07459","2026-09-10 13:01:08 UTC"
"3101","2","047","Personer1","2009",0,,"Halden","Kvinner","47 år","Personer","2009","07459","2026-09-10 13:01:08 UTC"
"3101","2","047","Personer1","2010",0,,"Halden","Kvinner","47 år","Personer","2010","07459","2026-09-10 13:01:08 UTC"
"3101","2","047","Personer1","2011",0,,"Halden","Kvinner","47 år","Personer","2011","07459","2026-09-10 13:01:08 UTC"
"3101","2","047","Personer1","2012",0,,"Halden","Kvinner","47 år","Personer","2012","07459","2026-09-10 13:01:08 UTC"
"3101","2","047","Personer1","2013",0,,"Halden","Kvinner","47 år","Personer","2013","07459","2026-09-10 13:01:08 UTC"
"3101","2","047","Personer1","2014",0,,"Halden","Kvinner","47 år","Personer","2014","07459","2026-09-10 13:01:08 UTC"
"3101","2","047","Personer1","2015",0,,"Halden","Kvinner","47 år","Personer","2015","07459","2026-09-10 13:01:08 UTC"
"3101","2","047","Personer1","2016",0,,"Halden","Kvinner","47 år","Personer","2016","07459","2026-09-10 13:01:08 UTC"
"3101","2","047","Personer1","2017",0,,"Halden","Kvinner","47 år","Personer","2017","07459","2026-09-10 13:01:08 UTC"
"3101","2","047","Personer1","2018",0,,"Halden","Kvinner","47 år","Personer","2018","07459","2026-09-10 13:01:08 UTC"
"3101","2","047","Personer1","2019",0,,"Halden","Kvinner","47 år","Personer","2019","07459","2026-09-10 13:01:08 UTC"
"3101","2","047","Personer1","2020",0,,"Halden","Kvinner","47 år","Personer","2020","07459","2026-09-10 13:01:08 UTC"
"3101","2","047","Personer1","2021",0,,"Halden","Kvinner","47 år","Personer","2021","07459","2026-09-10 13:01:08 UTC"
"3101","2","047","Personer1","2022",0,,"Halden","Kvinner","47 år","Personer","2022","07459","2026-09-10 13:01:08 UTC"
"3101","2","047","Personer1","2023",0,,"Halden","Kvinner","47 år","Personer","2023","07459","2026-09-10 13:01:08 UTC"
"3101","2","047","Personer1","2024",183,,"Halden","Kvinner","47 år","Personer","2024","07459","2026-09-10 13:01:08 UTC"
"3101","2","047","Personer1","2025",208,,"Halden","Kvinner","47 år","Personer","2025","07459","2026-09-10 13:01:08 UTC"
"3101","2","047","Personer1","2026",187,,"Halden","Kvinner","47 år","Personer","2026","07459","2026-09-10 13:01:08 UTC"
"3101","2","048","Personer1","2005",0,,"Halden","Kvinner","48 år","Personer","2005","07459","2026-09-10 13:01:08 UTC"
"3101","2","048","Personer1","2006",0,,"Halden","Kvinner","48 år","Personer","2006","07459","2026-09-10 13:01:08 UTC"
"3101","2","048","Personer1","2007",0,,"Halden","Kvinner","48 år","Personer","2007","07459","2026-09-10 13:01:08 UTC"
"3101","2","048","Personer1","2008",0,,"Halden","Kvinner","48 år","Personer","2008","07459","2026-09-10 13:01:08 UTC"
"3101","2","048","Personer1","2009",0,,"Halden","Kvinner","48 år","Personer","2009","07459","2026-09-10 13:01:08 UTC"
"3101","2","048","Personer1","2010",0,,"Halden","Kvinner","48 år","Personer","2010","07459","2026-09-10 13:01:08 UTC"
"3101","2","048","Personer1","2011",0,,"Halden","Kvinner","48 år","Personer","2011","07459","2026-09-10 13:01:08 UTC"
"3101","2","048","Personer1","2012",0,,"Halden","Kvinner","48 år","Personer","2012","07459","2026-09-10 13:01:08 UTC"
"3101","2","048","Personer1","2013",0,,"Halden","Kvinner","48 år","Personer","2013","07459","2026-09-10 13:01:08 UTC"
"3101","2","048","Personer1","2014",0,,"Halden","Kvinner","48 år","Personer","2014","07459","2026-09-10 13:01:08 UTC"
"3101","2","048","Personer1","2015",0,,"Halden","Kvinner","48 år","Personer","2015","07459","2026-09-10 13:01:08 UTC"
"3101","2","048","Personer1","2016",0,,"Halden","Kvinner","48 år","Personer","2016","07459","2026-09-10 13:01:08 UTC"
"3101","2","048","Personer1","2017",0,,"Halden","Kvinner","48 år","Personer","2017","07459","2026-09-10 13:01:08 UTC"
"3101","2","048","Personer1","2018",0,,"Halden","Kvinner","48 år","Personer","2018","07459","2026-09-10 13:01:08 UTC"
"3101","2","048","Personer1","2019",0,,"Halden","Kvinner","48 år","Personer","2019","07459","2026-09-10 13:01:08 UTC"
"3101","2","048","Personer1","2020",0,,"Halden","Kvinner","48 år","Personer","2020","07459","2026-09-10 13:01:08 UTC"
"3101","2","048","Personer1","2021",0,,"Halden","Kvinner","48 år","Personer","2021","07459","2026-09-10 13:01:08 UTC"
"3101","2","048","Personer1","2022",0,,"Halden","Kvinner","48 år","Personer","2022","07459","2026-09-10 13:01:08 UTC"
"3101","2","048","Personer1","2023",0,,"Halden","Kvinner","48 år","Personer","2023","07459","2026-09-10 13:01:08 UTC"
"3101","2","048","Personer1","2024",213,,"Halden","Kvinner","48 år","Personer","2024","07459","2026-09-10 13:01:08 UTC"
"3101","2","048","Personer1","2025",186,,"Halden","Kvinner","48 år","Personer","2025","07459","2026-09-10 13:01:08 UTC"
"3101","2","048","Personer1","2026",212,,"Halden","Kvinner","48 år","Personer","2026","07459","2026-09-10 13:01:08 UTC"
"3101","2","049","Personer1","2005",0,,"Halden","Kvinner","49 år","Personer","2005","07459","2026-09-10 13:01:08 UTC"
"3101","2","049","Personer1","2006",0,,"Halden","Kvinner","49 år","Personer","2006","07459","2026-09-10 13:01:08 UTC"
"3101","2","049","Personer1","2007",0,,"Halden","Kvinner","49 år","Personer","2007","07459","2026-09-10 13:01:08 UTC"
"3101","2","049","Personer1","2008",0,,"Halden","Kvinner","49 år","Personer","2008","07459","2026-09-10 13:01:08 UTC"
"3101","2","049","Personer1","2009",0,,"Halden","Kvinner","49 år","Personer","2009","07459","2026-09-10 13:01:08 UTC"
"3101","2","049","Personer1","2010",0,,"Halden","Kvinner","49 år","Personer","2010","07459","2026-09-10 13:01:08 UTC"
"3101","2","049","Personer1","2011",0,,"Halden","Kvinner","49 år","Personer","2011","07459","2026-09-10 13:01:08 UTC"
"3101","2","049","Personer1","2012",0,,"Halden","Kvinner","49 år","Personer","2012","07459","2026-09-10 13:01:08 UTC"
"3101","2","049","Personer1","2013",0,,"Halden","Kvinner","49 år","Personer","2013","07459","2026-09-10 13:01:08 UTC"
"3101","2","049","Personer1","2014",0,,"Halden","Kvinner","49 år","Personer","2014","07459","2026-09-10 13:01:08 UTC"
"3101","2","049","Personer1","2015",0,,"Halden","Kvinner","49 år","Personer","2015","07459","2026-09-10 13:01:08 UTC"
"3101","2","049","Personer1","2016",0,,"Halden","Kvinner","49 år","Personer","2016","07459","2026-09-10 13:01:08 UTC"
"3101","2","049","Personer1","2017",0,,"Halden","Kvinner","49 år","Personer","2017","07459","2026-09-10 13:01:08 UTC"
"3101","2","049","Personer1","2018",0,,"Halden","Kvinner","49 år","Personer","2018","07459","2026-09-10 13:01:08 UTC"
"3101","2","049","Personer1","2019",0,,"Halden","Kvinner","49 år","Personer","2019","07459","2026-09-10 13:01:08 UTC"
"3101","2","049","Personer1","2020",0,,"Halden","Kvinner","49 år","Personer","2020","07459","2026-09-10 13:01:08 UTC"
"3101","2","049","Personer1","2021",0,,"Halden","Kvinner","49 år","Personer","2021","07459","2026-09-10 13:01:08 UTC"
"3101","2","049","Personer1","2022",0,,"Halden","Kvinner","49 år","Personer","2022","07459","2026-09-10 13:01:08 UTC"
"3101","2","049","Personer1","2023",0,,"Halden","Kvinner","49 år","Personer","2023","07459","2026-09-10 13:01:08 UTC"
"3101","2","049","Personer1","2024",225,,"Halden","Kvinner","49 år","Personer","2024","07459","2026-09-10 13:01:08 UTC"
"3101","2","049","Personer1","2025",212,,"Halden","Kvinner","49 år","Personer","2025","07459","2026-09-10 13:01:08 UTC"
"3101","2","049","Personer1","2026",183,,"Halden","Kvinner","49 år","Personer","2026","07459","2026-09-10 13:01:08 UTC"
"3101","2","050","Personer1","2005",0,,"Halden","Kvinner","50 år","Personer","2005","07459","2026-09-10 13:01:08 UTC"
"3101","2","050","Personer1","2006",0,,"Halden","Kvinner","50 år","Personer","2006","07459","2026-09-10 13:01:08 UTC"
"3101","2","050","Personer1","2007",0,,"Halden","Kvinner","50 år","Personer","2007","07459","2026-09-10 13:01:08 UTC"
"3101","2","050","Personer1","2008",0,,"Halden","Kvinner","50 år","Personer","2008","07459","2026-09-10 13:01:08 UTC"
"3101","2","050","Personer1","2009",0,,"Halden","Kvinner","50 år","Personer","2009","07459","2026-09-10 13:01:08 UTC"
"3101","2","050","Personer1","2010",0,,"Halden","Kvinner","50 år","Personer","2010","07459","2026-09-10 13:01:08 UTC"
"3101","2","050","Personer1","2011",0,,"Halden","Kvinner","50 år","Personer","2011","07459","2026-09-10 13:01:08 UTC"
"3101","2","050","Personer1","2012",0,,"Halden","Kvinner","50 år","Personer","2012","07459","2026-09-10 13:01:08 UTC"
"3101","2","050","Personer1","2013",0,,"Halden","Kvinner","50 år","Personer","2013","07459","2026-09-10 13:01:08 UTC"
"3101","2","050","Personer1","2014",0,,"Halden","Kvinner","50 år","Personer","2014","07459","2026-09-10 13:01:08 UTC"
"3101","2","050","Personer1","2015",0,,"Halden","Kvinner","50 år","Personer","2015","07459","2026-09-10 13:01:08 UTC"
"3101","2","050","Personer1","2016",0,,"Halden","Kvinner","50 år","Personer","2016","07459","2026-09-10 13:01:08 UTC"
"3101","2","050","Personer1","2017",0,,"Halden","Kvinner","50 år","Personer","2017","07459","2026-09-10 13:01:08 UTC"
"3101","2","050","Personer1","2018",0,,"Halden","Kvinner","50 år","Personer","2018","07459","2026-09-10 13:01:08 UTC"
"3101","2","050","Personer1","2019",0,,"Halden","Kvinner","50 år","Personer","2019","07459","2026-09-10 13:01:08 UTC"
"3101","2","050","Personer1","2020",0,,"Halden","Kvinner","50 år","Personer","2020","07459","2026-09-10 13:01:08 UTC"
"3101","2","050","Personer1","2021",0,,"Halden","Kvinner","50 år","Personer","2021","07459","2026-09-10 13:01:08 UTC"
"3101","2","050","Personer1","2022",0,,"Halden","Kvinner","50 år","Personer","2022","07459","2026-09-10 13:01:08 UTC"
"3101","2","050","Personer1","2023",0,,"Halden","Kvinner","50 år","Personer","2023","07459","2026-09-10 13:01:08 UTC"
"3101","2","050","Personer1","2024",213,,"Halden","Kvinner","50 år","Personer","2024","07459","2026-09-10 13:01:08 UTC"
"3101","2","050","Personer1","2025",222,,"Halden","Kvinner","50 år","Personer","2025","07459","2026-09-10 13:01:08 UTC"
"3101","2","050","Personer1","2026",215,,"Halden","Kvinner","50 år","Personer","2026","07459","2026-09-10 13:01:08 UTC"
"3101","2","051","Personer1","2005",0,,"Halden","Kvinner","51 år","Personer","2005","07459","2026-09-10 13:01:08 UTC"
"3101","2","051","Personer1","2006",0,,"Halden","Kvinner","51 år","Personer","2006","07459","2026-09-10 13:01:08 UTC"
"3101","2","051","Personer1","2007",0,,"Halden","Kvinner","51 år","Personer","2007","07459","2026-09-10 13:01:08 UTC"
"3101","2","051","Personer1","2008",0,,"Halden","Kvinner","51 år","Personer","2008","07459","2026-09-10 13:01:08 UTC"
"3101","2","051","Personer1","2009",0,,"Halden","Kvinner","51 år","Personer","2009","07459","2026-09-10 13:01:08 UTC"
"3101","2","051","Personer1","2010",0,,"Halden","Kvinner","51 år","Personer","2010","07459","2026-09-10 13:01:08 UTC"
"3101","2","051","Personer1","2011",0,,"Halden","Kvinner","51 år","Personer","2011","07459","2026-09-10 13:01:08 UTC"
"3101","2","051","Personer1","2012",0,,"Halden","Kvinner","51 år","Personer","2012","07459","2026-09-10 13:01:08 UTC"
"3101","2","051","Personer1","2013",0,,"Halden","Kvinner","51 år","Personer","2013","07459","2026-09-10 13:01:08 UTC"
"3101","2","051","Personer1","2014",0,,"Halden","Kvinner","51 år","Personer","2014","07459","2026-09-10 13:01:08 UTC"
"3101","2","051","Personer1","2015",0,,"Halden","Kvinner","51 år","Personer","2015","07459","2026-09-10 13:01:08 UTC"
"3101","2","051","Personer1","2016",0,,"Halden","Kvinner","51 år","Personer","2016","07459","2026-09-10 13:01:08 UTC"
"3101","2","051","Personer1","2017",0,,"Halden","Kvinner","51 år","Personer","2017","07459","2026-09-10 13:01:08 UTC"
"3101","2","051","Personer1","2018",0,,"Halden","Kvinner","51 år","Personer","2018","07459","2026-09-10 13:01:08 UTC"
"3101","2","051","Personer1","2019",0,,"Halden","Kvinner","51 år","Personer","2019","07459","2026-09-10 13:01:08 UTC"
"3101","2","051","Personer1","2020",0,,"Halden","Kvinner","51 år","Personer","2020","07459","2026-09-10 13:01:08 UTC"
"3101","2","051","Personer1","2021",0,,"Halden","Kvinner","51 år","Personer","2021","07459","2026-09-10 13:01:08 UTC"
"3101","2","051","Personer1","2022",0,,"Halden","Kvinner","51 år","Personer","2022","07459","2026-09-10 13:01:08 UTC"
"3101","2","051","Personer1","2023",0,,"Halden","Kvinner","51 år","Personer","2023","07459","2026-09-10 13:01:08 UTC"
"3101","2","051","Personer1","2024",242,,"Halden","Kvinner","51 år","Personer","2024","07459","2026-09-10 13:01:08 UTC"
"3101","2","051","Personer1","2025",219,,"Halden","Kvinner","51 år","Personer","2025","07459","2026-09-10 13:01:08 UTC"
"3101","2","051","Personer1","2026",220,,"Halden","Kvinner","51 år","Personer","2026","07459","2026-09-10 13:01:08 UTC"
"3101","2","052","Personer1","2005",0,,"Halden","Kvinner","52 år","Personer","2005","07459","2026-09-10 13:01:08 UTC"
"3101","2","052","Personer1","2006",0,,"Halden","Kvinner","52 år","Personer","2006","07459","2026-09-10 13:01:08 UTC"
"3101","2","052","Personer1","2007",0,,"Halden","Kvinner","52 år","Personer","2007","07459","2026-09-10 13:01:08 UTC"
"3101","2","052","Personer1","2008",0,,"Halden","Kvinner","52 år","Personer","2008","07459","2026-09-10 13:01:08 UTC"
"3101","2","052","Personer1","2009",0,,"Halden","Kvinner","52 år","Personer","2009","07459","2026-09-10 13:01:08 UTC"
"3101","2","052","Personer1","2010",0,,"Halden","Kvinner","52 år","Personer","2010","07459","2026-09-10 13:01:08 UTC"
"3101","2","052","Personer1","2011",0,,"Halden","Kvinner","52 år","Personer","2011","07459","2026-09-10 13:01:08 UTC"
"3101","2","052","Personer1","2012",0,,"Halden","Kvinner","52 år","Personer","2012","07459","2026-09-10 13:01:08 UTC"
"3101","2","052","Personer1","2013",0,,"Halden","Kvinner","52 år","Personer","2013","07459","2026-09-10 13:01:08 UTC"
"3101","2","052","Personer1","2014",0,,"Halden","Kvinner","52 år","Personer","2014","07459","2026-09-10 13:01:08 UTC"
"3101","2","052","Personer1","2015",0,,"Halden","Kvinner","52 år","Personer","2015","07459","2026-09-10 13:01:08 UTC"
"3101","2","052","Personer1","2016",0,,"Halden","Kvinner","52 år","Personer","2016","07459","2026-09-10 13:01:08 UTC"
"3101","2","052","Personer1","2017",0,,"Halden","Kvinner","52 år","Personer","2017","07459","2026-09-10 13:01:08 UTC"
"3101","2","052","Personer1","2018",0,,"Halden","Kvinner","52 år","Personer","2018","07459","2026-09-10 13:01:08 UTC"
"3101","2","052","Personer1","2019",0,,"Halden","Kvinner","52 år","Personer","2019","07459","2026-09-10 13:01:08 UTC"
"3101","2","052","Personer1","2020",0,,"Halden","Kvinner","52 år","Personer","2020","07459","2026-09-10 13:01:08 UTC"
"3101","2","052","Personer1","2021",0,,"Halden","Kvinner","52 år","Personer","2021","07459","2026-09-10 13:01:08 UTC"
"3101","2","052","Personer1","2022",0,,"Halden","Kvinner","52 år","Personer","2022","07459","2026-09-10 13:01:08 UTC"
"3101","2","052","Personer1","2023",0,,"Halden","Kvinner","52 år","Personer","2023","07459","2026-09-10 13:01:08 UTC"
"3101","2","052","Personer1","2024",213,,"Halden","Kvinner","52 år","Personer","2024","07459","2026-09-10 13:01:08 UTC"
"3101","2","052","Personer1","2025",247,,"Halden","Kvinner","52 år","Personer","2025","07459","2026-09-10 13:01:08 UTC"
"3101","2","052","Personer1","2026",217,,"Halden","Kvinner","52 år","Personer","2026","07459","2026-09-10 13:01:08 UTC"
"3101","2","053","Personer1","2005",0,,"Halden","Kvinner","53 år","Personer","2005","07459","2026-09-10 13:01:08 UTC"
"3101","2","053","Personer1","2006",0,,"Halden","Kvinner","53 år","Personer","2006","07459","2026-09-10 13:01:08 UTC"
"3101","2","053","Personer1","2007",0,,"Halden","Kvinner","53 år","Personer","2007","07459","2026-09-10 13:01:08 UTC"
"3101","2","053","Personer1","2008",0,,"Halden","Kvinner","53 år","Personer","2008","07459","2026-09-10 13:01:08 UTC"
"3101","2","053","Personer1","2009",0,,"Halden","Kvinner","53 år","Personer","2009","07459","2026-09-10 13:01:08 UTC"
"3101","2","053","Personer1","2010",0,,"Halden","Kvinner","53 år","Personer","2010","07459","2026-09-10 13:01:08 UTC"
"3101","2","053","Personer1","2011",0,,"Halden","Kvinner","53 år","Personer","2011","07459","2026-09-10 13:01:08 UTC"
"3101","2","053","Personer1","2012",0,,"Halden","Kvinner","53 år","Personer","2012","07459","2026-09-10 13:01:08 UTC"
"3101","2","053","Personer1","2013",0,,"Halden","Kvinner","53 år","Personer","2013","07459","2026-09-10 13:01:08 UTC"
"3101","2","053","Personer1","2014",0,,"Halden","Kvinner","53 år","Personer","2014","07459","2026-09-10 13:01:08 UTC"
"3101","2","053","Personer1","2015",0,,"Halden","Kvinner","53 år","Personer","2015","07459","2026-09-10 13:01:08 UTC"
"3101","2","053","Personer1","2016",0,,"Halden","Kvinner","53 år","Personer","2016","07459","2026-09-10 13:01:08 UTC"
"3101","2","053","Personer1","2017",0,,"Halden","Kvinner","53 år","Personer","2017","07459","2026-09-10 13:01:08 UTC"
"3101","2","053","Personer1","2018",0,,"Halden","Kvinner","53 år","Personer","2018","07459","2026-09-10 13:01:08 UTC"
"3101","2","053","Personer1","2019",0,,"Halden","Kvinner","53 år","Personer","2019","07459","2026-09-10 13:01:08 UTC"
"3101","2","053","Personer1","2020",0,,"Halden","Kvinner","53 år","Personer","2020","07459","2026-09-10 13:01:08 UTC"
"3101","2","053","Personer1","2021",0,,"Halden","Kvinner","53 år","Personer","2021","07459","2026-09-10 13:01:08 UTC"
"3101","2","053","Personer1","2022",0,,"Halden","Kvinner","53 år","Personer","2022","07459","2026-09-10 13:01:08 UTC"
"3101","2","053","Personer1","2023",0,,"Halden","Kvinner","53 år","Personer","2023","07459","2026-09-10 13:01:08 UTC"
"3101","2","053","Personer1","2024",216,,"Halden","Kvinner","53 år","Personer","2024","07459","2026-09-10 13:01:08 UTC"
"3101","2","053","Personer1","2025",217,,"Halden","Kvinner","53 år","Personer","2025","07459","2026-09-10 13:01:08 UTC"
"3101","2","053","Personer1","2026",244,,"Halden","Kvinner","53 år","Personer","2026","07459","2026-09-10 13:01:08 UTC"
"3101","2","054","Personer1","2005",0,,"Halden","Kvinner","54 år","Personer","2005","07459","2026-09-10 13:01:08 UTC"
"3101","2","054","Personer1","2006",0,,"Halden","Kvinner","54 år","Personer","2006","07459","2026-09-10 13:01:08 UTC"
"3101","2","054","Personer1","2007",0,,"Halden","Kvinner","54 år","Personer","2007","07459","2026-09-10 13:01:08 UTC"
"3101","2","054","Personer1","2008",0,,"Halden","Kvinner","54 år","Personer","2008","07459","2026-09-10 13:01:08 UTC"
"3101","2","054","Personer1","2009",0,,"Halden","Kvinner","54 år","Personer","2009","07459","2026-09-10 13:01:08 UTC"
"3101","2","054","Personer1","2010",0,,"Halden","Kvinner","54 år","Personer","2010","07459","2026-09-10 13:01:08 UTC"
"3101","2","054","Personer1","2011",0,,"Halden","Kvinner","54 år","Personer","2011","07459","2026-09-10 13:01:08 UTC"
"3101","2","054","Personer1","2012",0,,"Halden","Kvinner","54 år","Personer","2012","07459","2026-09-10 13:01:08 UTC"
"3101","2","054","Personer1","2013",0,,"Halden","Kvinner","54 år","Personer","2013","07459","2026-09-10 13:01:08 UTC"
"3101","2","054","Personer1","2014",0,,"Halden","Kvinner","54 år","Personer","2014","07459","2026-09-10 13:01:08 UTC"
"3101","2","054","Personer1","2015",0,,"Halden","Kvinner","54 år","Personer","2015","07459","2026-09-10 13:01:08 UTC"
"3101","2","054","Personer1","2016",0,,"Halden","Kvinner","54 år","Personer","2016","07459","2026-09-10 13:01:08 UTC"
"3101","2","054","Personer1","2017",0,,"Halden","Kvinner","54 år","Personer","2017","07459","2026-09-10 13:01:08 UTC"
"3101","2","054","Personer1","2018",0,,"Halden","Kvinner","54 år","Personer","2018","07459","2026-09-10 13:01:08 UTC"
"3101","2","054","Personer1","2019",0,,"Halden","Kvinner","54 år","Personer","2019","07459","2026-09-10 13:01:08 UTC"
"3101","2","054","Personer1","2020",0,,"Halden","Kvinner","54 år","Personer","2020","07459","2026-09-10 13:01:08 UTC"
"3101","2","054","Personer1","2021",0,,"Halden","Kvinner","54 år","Personer","2021","07459","2026-09-10 13:01:08 UTC"
"3101","2","054","Personer1","2022",0,,"Halden","Kvinner","54 år","Personer","2022","07459","2026-09-10 13:01:08 UTC"
"3101","2","054","Personer1","2023",0,,"Halden","Kvinner","54 år","Personer","2023","07459","2026-09-10 13:01:08 UTC"
"3101","2","054","Personer1","2024",218,,"Halden","Kvinner","54 år","Personer","2024","07459","2026-09-10 13:01:08 UTC"
"3101","2","054","Personer1","2025",216,,"Halden","Kvinner","54 år","Personer","2025","07459","2026-09-10 13:01:08 UTC"
"3101","2","054","Personer1","2026",217,,"Halden","Kvinner","54 år","Personer","2026","07459","2026-09-10 13:01:08 UTC"
"3101","2","055","Personer1","2005",0,,"Halden","Kvinner","55 år","Personer","2005","07459","2026-09-10 13:01:08 UTC"
"3101","2","055","Personer1","2006",0,,"Halden","Kvinner","55 år","Personer","2006","07459","2026-09-10 13:01:08 UTC"
"3101","2","055","Personer1","2007",0,,"Halden","Kvinner","55 år","Personer","2007","07459","2026-09-10 13:01:08 UTC"
"3101","2","055","Personer1","2008",0,,"Halden","Kvinner","55 år","Personer","2008","07459","2026-09-10 13:01:08 UTC"
"3101","2","055","Personer1","2009",0,,"Halden","Kvinner","55 år","Personer","2009","07459","2026-09-10 13:01:08 UTC"
"3101","2","055","Personer1","2010",0,,"Halden","Kvinner","55 år","Personer","2010","07459","2026-09-10 13:01:08 UTC"
"3101","2","055","Personer1","2011",0,,"Halden","Kvinner","55 år","Personer","2011","07459","2026-09-10 13:01:08 UTC"
"3101","2","055","Personer1","2012",0,,"Halden","Kvinner","55 år","Personer","2012","07459","2026-09-10 13:01:08 UTC"
"3101","2","055","Personer1","2013",0,,"Halden","Kvinner","55 år","Personer","2013","07459","2026-09-10 13:01:08 UTC"
"3101","2","055","Personer1","2014",0,,"Halden","Kvinner","55 år","Personer","2014","07459","2026-09-10 13:01:08 UTC"
"3101","2","055","Personer1","2015",0,,"Halden","Kvinner","55 år","Personer","2015","07459","2026-09-10 13:01:08 UTC"
"3101","2","055","Personer1","2016",0,,"Halden","Kvinner","55 år","Personer","2016","07459","2026-09-10 13:01:08 UTC"
"3101","2","055","Personer1","2017",0,,"Halden","Kvinner","55 år","Personer","2017","07459","2026-09-10 13:01:08 UTC"
"3101","2","055","Personer1","2018",0,,"Halden","Kvinner","55 år","Personer","2018","07459","2026-09-10 13:01:08 UTC"
"3101","2","055","Personer1","2019",0,,"Halden","Kvinner","55 år","Personer","2019","07459","2026-09-10 13:01:08 UTC"
"3101","2","055","Personer1","2020",0,,"Halden","Kvinner","55 år","Personer","2020","07459","2026-09-10 13:01:08 UTC"
"3101","2","055","Personer1","2021",0,,"Halden","Kvinner","55 år","Personer","2021","07459","2026-09-10 13:01:08 UTC"
"3101","2","055","Personer1","2022",0,,"Halden","Kvinner","55 år","Personer","2022","07459","2026-09-10 13:01:08 UTC"
"3101","2","055","Personer1","2023",0,,"Halden","Kvinner","55 år","Personer","2023","07459","2026-09-10 13:01:08 UTC"
"3101","2","055","Personer1","2024",257,,"Halden","Kvinner","55 år","Personer","2024","07459","2026-09-10 13:01:08 UTC"
"3101","2","055","Personer1","2025",218,,"Halden","Kvinner","55 år","Personer","2025","07459","2026-09-10 13:01:08 UTC"
"3101","2","055","Personer1","2026",214,,"Halden","Kvinner","55 år","Personer","2026","07459","2026-09-10 13:01:08 UTC"
"3101","2","056","Personer1","2005",0,,"Halden","Kvinner","56 år","Personer","2005","07459","2026-09-10 13:01:08 UTC"
"3101","2","056","Personer1","2006",0,,"Halden","Kvinner","56 år","Personer","2006","07459","2026-09-10 13:01:08 UTC"
"3101","2","056","Personer1","2007",0,,"Halden","Kvinner","56 år","Personer","2007","07459","2026-09-10 13:01:08 UTC"
"3101","2","056","Personer1","2008",0,,"Halden","Kvinner","56 år","Personer","2008","07459","2026-09-10 13:01:08 UTC"
"3101","2","056","Personer1","2009",0,,"Halden","Kvinner","56 år","Personer","2009","07459","2026-09-10 13:01:08 UTC"
"3101","2","056","Personer1","2010",0,,"Halden","Kvinner","56 år","Personer","2010","07459","2026-09-10 13:01:08 UTC"
"3101","2","056","Personer1","2011",0,,"Halden","Kvinner","56 år","Personer","2011","07459","2026-09-10 13:01:08 UTC"
"3101","2","056","Personer1","2012",0,,"Halden","Kvinner","56 år","Personer","2012","07459","2026-09-10 13:01:08 UTC"
"3101","2","056","Personer1","2013",0,,"Halden","Kvinner","56 år","Personer","2013","07459","2026-09-10 13:01:08 UTC"
"3101","2","056","Personer1","2014",0,,"Halden","Kvinner","56 år","Personer","2014","07459","2026-09-10 13:01:08 UTC"
"3101","2","056","Personer1","2015",0,,"Halden","Kvinner","56 år","Personer","2015","07459","2026-09-10 13:01:08 UTC"
"3101","2","056","Personer1","2016",0,,"Halden","Kvinner","56 år","Personer","2016","07459","2026-09-10 13:01:08 UTC"
"3101","2","056","Personer1","2017",0,,"Halden","Kvinner","56 år","Personer","2017","07459","2026-09-10 13:01:08 UTC"
"3101","2","056","Personer1","2018",0,,"Halden","Kvinner","56 år","Personer","2018","07459","2026-09-10 13:01:08 UTC"
"3101","2","056","Personer1","2019",0,,"Halden","Kvinner","56 år","Personer","2019","07459","2026-09-10 13:01:08 UTC"
"3101","2","056","Personer1","2020",0,,"Halden","Kvinner","56 år","Personer","2020","07459","2026-09-10 13:01:08 UTC"
"3101","2","056","Personer1","2021",0,,"Halden","Kvinner","56 år","Personer","2021","07459","2026-09-10 13:01:08 UTC"
"3101","2","056","Personer1","2022",0,,"Halden","Kvinner","56 år","Personer","2022","07459","2026-09-10 13:01:08 UTC"
"3101","2","056","Personer1","2023",0,,"Halden","Kvinner","56 år","Personer","2023","07459","2026-09-10 13:01:08 UTC"
"3101","2","056","Personer1","2024",222,,"Halden","Kvinner","56 år","Personer","2024","07459","2026-09-10 13:01:08 UTC"
"3101","2","056","Personer1","2025",252,,"Halden","Kvinner","56 år","Personer","2025","07459","2026-09-10 13:01:08 UTC"
"3101","2","056","Personer1","2026",226,,"Halden","Kvinner","56 år","Personer","2026","07459","2026-09-10 13:01:08 UTC"
"3101","2","057","Personer1","2005",0,,"Halden","Kvinner","57 år","Personer","2005","07459","2026-09-10 13:01:08 UTC"
"3101","2","057","Personer1","2006",0,,"Halden","Kvinner","57 år","Personer","2006","07459","2026-09-10 13:01:08 UTC"
"3101","2","057","Personer1","2007",0,,"Halden","Kvinner","57 år","Personer","2007","07459","2026-09-10 13:01:08 UTC"
"3101","2","057","Personer1","2008",0,,"Halden","Kvinner","57 år","Personer","2008","07459","2026-09-10 13:01:08 UTC"
"3101","2","057","Personer1","2009",0,,"Halden","Kvinner","57 år","Personer","2009","07459","2026-09-10 13:01:08 UTC"
"3101","2","057","Personer1","2010",0,,"Halden","Kvinner","57 år","Personer","2010","07459","2026-09-10 13:01:08 UTC"
"3101","2","057","Personer1","2011",0,,"Halden","Kvinner","57 år","Personer","2011","07459","2026-09-10 13:01:08 UTC"
"3101","2","057","Personer1","2012",0,,"Halden","Kvinner","57 år","Personer","2012","07459","2026-09-10 13:01:08 UTC"
"3101","2","057","Personer1","2013",0,,"Halden","Kvinner","57 år","Personer","2013","07459","2026-09-10 13:01:08 UTC"
"3101","2","057","Personer1","2014",0,,"Halden","Kvinner","57 år","Personer","2014","07459","2026-09-10 13:01:08 UTC"
"3101","2","057","Personer1","2015",0,,"Halden","Kvinner","57 år","Personer","2015","07459","2026-09-10 13:01:08 UTC"
"3101","2","057","Personer1","2016",0,,"Halden","Kvinner","57 år","Personer","2016","07459","2026-09-10 13:01:08 UTC"
"3101","2","057","Personer1","2017",0,,"Halden","Kvinner","57 år","Personer","2017","07459","2026-09-10 13:01:08 UTC"
"3101","2","057","Personer1","2018",0,,"Halden","Kvinner","57 år","Personer","2018","07459","2026-09-10 13:01:08 UTC"
"3101","2","057","Personer1","2019",0,,"Halden","Kvinner","57 år","Personer","2019","07459","2026-09-10 13:01:08 UTC"
"3101","2","057","Personer1","2020",0,,"Halden","Kvinner","57 år","Personer","2020","07459","2026-09-10 13:01:08 UTC"
"3101","2","057","Personer1","2021",0,,"Halden","Kvinner","57 år","Personer","2021","07459","2026-09-10 13:01:08 UTC"
"3101","2","057","Personer1","2022",0,,"Halden","Kvinner","57 år","Personer","2022","07459","2026-09-10 13:01:08 UTC"
"3101","2","057","Personer1","2023",0,,"Halden","Kvinner","57 år","Personer","2023","07459","2026-09-10 13:01:08 UTC"
"3101","2","057","Personer1","2024",234,,"Halden","Kvinner","57 år","Personer","2024","07459","2026-09-10 13:01:08 UTC"
"3101","2","057","Personer1","2025",224,,"Halden","Kvinner","57 år","Personer","2025","07459","2026-09-10 13:01:08 UTC"
"3101","2","057","Personer1","2026",250,,"Halden","Kvinner","57 år","Personer","2026","07459","2026-09-10 13:01:08 UTC"
"3101","2","058","Personer1","2005",0,,"Halden","Kvinner","58 år","Personer","2005","07459","2026-09-10 13:01:08 UTC"
"3101","2","058","Personer1","2006",0,,"Halden","Kvinner","58 år","Personer","2006","07459","2026-09-10 13:01:08 UTC"
"3101","2","058","Personer1","2007",0,,"Halden","Kvinner","58 år","Personer","2007","07459","2026-09-10 13:01:08 UTC"
"3101","2","058","Personer1","2008",0,,"Halden","Kvinner","58 år","Personer","2008","07459","2026-09-10 13:01:08 UTC"
"3101","2","058","Personer1","2009",0,,"Halden","Kvinner","58 år","Personer","2009","07459","2026-09-10 13:01:08 UTC"
"3101","2","058","Personer1","2010",0,,"Halden","Kvinner","58 år","Personer","2010","07459","2026-09-10 13:01:08 UTC"
"3101","2","058","Personer1","2011",0,,"Halden","Kvinner","58 år","Personer","2011","07459","2026-09-10 13:01:08 UTC"
"3101","2","058","Personer1","2012",0,,"Halden","Kvinner","58 år","Personer","2012","07459","2026-09-10 13:01:08 UTC"
"3101","2","058","Personer1","2013",0,,"Halden","Kvinner","58 år","Personer","2013","07459","2026-09-10 13:01:08 UTC"
"3101","2","058","Personer1","2014",0,,"Halden","Kvinner","58 år","Personer","2014","07459","2026-09-10 13:01:08 UTC"
"3101","2","058","Personer1","2015",0,,"Halden","Kvinner","58 år","Personer","2015","07459","2026-09-10 13:01:08 UTC"
"3101","2","058","Personer1","2016",0,,"Halden","Kvinner","58 år","Personer","2016","07459","2026-09-10 13:01:08 UTC"
"3101","2","058","Personer1","2017",0,,"Halden","Kvinner","58 år","Personer","2017","07459","2026-09-10 13:01:08 UTC"
"3101","2","058","Personer1","2018",0,,"Halden","Kvinner","58 år","Personer","2018","07459","2026-09-10 13:01:08 UTC"
"3101","2","058","Personer1","2019",0,,"Halden","Kvinner","58 år","Personer","2019","07459","2026-09-10 13:01:08 UTC"
"3101","2","058","Personer1","2020",0,,"Halden","Kvinner","58 år","Personer","2020","07459","2026-09-10 13:01:08 UTC"
"3101","2","058","Personer1","2021",0,,"Halden","Kvinner","58 år","Personer","2021","07459","2026-09-10 13:01:08 UTC"
"3101","2","058","Personer1","2022",0,,"Halden","Kvinner","58 år","Personer","2022","07459","2026-09-10 13:01:08 UTC"
"3101","2","058","Personer1","2023",0,,"Halden","Kvinner","58 år","Personer","2023","07459","2026-09-10 13:01:08 UTC"
"3101","2","058","Personer1","2024",229,,"Halden","Kvinner","58 år","Personer","2024","07459","2026-09-10 13:01:08 UTC"
"3101","2","058","Personer1","2025",235,,"Halden","Kvinner","58 år","Personer","2025","07459","2026-09-10 13:01:08 UTC"
"3101","2","058","Personer1","2026",222,,"Halden","Kvinner","58 år","Personer","2026","07459","2026-09-10 13:01:08 UTC"
"3101","2","059","Personer1","2005",0,,"Halden","Kvinner","59 år","Personer","2005","07459","2026-09-10 13:01:08 UTC"
"3101","2","059","Personer1","2006",0,,"Halden","Kvinner","59 år","Personer","2006","07459","2026-09-10 13:01:08 UTC"
"3101","2","059","Personer1","2007",0,,"Halden","Kvinner","59 år","Personer","2007","07459","2026-09-10 13:01:08 UTC"
"3101","2","059","Personer1","2008",0,,"Halden","Kvinner","59 år","Personer","2008","07459","2026-09-10 13:01:08 UTC"
"3101","2","059","Personer1","2009",0,,"Halden","Kvinner","59 år","Personer","2009","07459","2026-09-10 13:01:08 UTC"
"3101","2","059","Personer1","2010",0,,"Halden","Kvinner","59 år","Personer","2010","07459","2026-09-10 13:01:08 UTC"
"3101","2","059","Personer1","2011",0,,"Halden","Kvinner","59 år","Personer","2011","07459","2026-09-10 13:01:08 UTC"
"3101","2","059","Personer1","2012",0,,"Halden","Kvinner","59 år","Personer","2012","07459","2026-09-10 13:01:08 UTC"
"3101","2","059","Personer1","2013",0,,"Halden","Kvinner","59 år","Personer","2013","07459","2026-09-10 13:01:08 UTC"
"3101","2","059","Personer1","2014",0,,"Halden","Kvinner","59 år","Personer","2014","07459","2026-09-10 13:01:08 UTC"
"3101","2","059","Personer1","2015",0,,"Halden","Kvinner","59 år","Personer","2015","07459","2026-09-10 13:01:08 UTC"
"3101","2","059","Personer1","2016",0,,"Halden","Kvinner","59 år","Personer","2016","07459","2026-09-10 13:01:08 UTC"
"3101","2","059","Personer1","2017",0,,"Halden","Kvinner","59 år","Personer","2017","07459","2026-09-10 13:01:08 UTC"
"3101","2","059","Personer1","2018",0,,"Halden","Kvinner","59 år","Personer","2018","07459","2026-09-10 13:01:08 UTC"
"3101","2","059","Personer1","2019",0,,"Halden","Kvinner","59 år","Personer","2019","07459","2026-09-10 13:01:08 UTC"
"3101","2","059","Personer1","2020",0,,"Halden","Kvinner","59 år","Personer","2020","07459","2026-09-10 13:01:08 UTC"
"3101","2","059","Personer1","2021",0,,"Halden","Kvinner","59 år","Personer","2021","07459","2026-09-10 13:01:08 UTC"
"3101","2","059","Personer1","2022",0,,"Halden","Kvinner","59 år","Personer","2022","07459","2026-09-10 13:01:08 UTC"
"3101","2","059","Personer1","2023",0,,"Halden","Kvinner","59 år","Personer","2023","07459","2026-09-10 13:01:08 UTC"
"3101","2","059","Personer1","2024",200,,"Halden","Kvinner","59 år","Personer","2024","07459","2026-09-10 13:01:08 UTC"
"3101","2","059","Personer1","2025",231,,"Halden","Kvinner","59 år","Personer","2025","07459","2026-09-10 13:01:08 UTC"
"3101","2","059","Personer1","2026",237,,"Halden","Kvinner","59 år","Personer","2026","07459","2026-09-10 13:01:08 UTC"
"3101","2","060","Personer1","2005",0,,"Halden","Kvinner","60 år","Personer","2005","07459","2026-09-10 13:01:08 UTC"
"3101","2","060","Personer1","2006",0,,"Halden","Kvinner","60 år","Personer","2006","07459","2026-09-10 13:01:08 UTC"
"3101","2","060","Personer1","2007",0,,"Halden","Kvinner","60 år","Personer","2007","07459","2026-09-10 13:01:08 UTC"
"3101","2","060","Personer1","2008",0,,"Halden","Kvinner","60 år","Personer","2008","07459","2026-09-10 13:01:08 UTC"
"3101","2","060","Personer1","2009",0,,"Halden","Kvinner","60 år","Personer","2009","07459","2026-09-10 13:01:08 UTC"
"3101","2","060","Personer1","2010",0,,"Halden","Kvinner","60 år","Personer","2010","07459","2026-09-10 13:01:08 UTC"
"3101","2","060","Personer1","2011",0,,"Halden","Kvinner","60 år","Personer","2011","07459","2026-09-10 13:01:08 UTC"
"3101","2","060","Personer1","2012",0,,"Halden","Kvinner","60 år","Personer","2012","07459","2026-09-10 13:01:08 UTC"
"3101","2","060","Personer1","2013",0,,"Halden","Kvinner","60 år","Personer","2013","07459","2026-09-10 13:01:08 UTC"
"3101","2","060","Personer1","2014",0,,"Halden","Kvinner","60 år","Personer","2014","07459","2026-09-10 13:01:08 UTC"
"3101","2","060","Personer1","2015",0,,"Halden","Kvinner","60 år","Personer","2015","07459","2026-09-10 13:01:08 UTC"
"3101","2","060","Personer1","2016",0,,"Halden","Kvinner","60 år","Personer","2016","07459","2026-09-10 13:01:08 UTC"
"3101","2","060","Personer1","2017",0,,"Halden","Kvinner","60 år","Personer","2017","07459","2026-09-10 13:01:08 UTC"
"3101","2","060","Personer1","2018",0,,"Halden","Kvinner","60 år","Personer","2018","07459","2026-09-10 13:01:08 UTC"
"3101","2","060","Personer1","2019",0,,"Halden","Kvinner","60 år","Personer","2019","07459","2026-09-10 13:01:08 UTC"
"3101","2","060","Personer1","2020",0,,"Halden","Kvinner","60 år","Personer","2020","07459","2026-09-10 13:01:08 UTC"
"3101","2","060","Personer1","2021",0,,"Halden","Kvinner","60 år","Personer","2021","07459","2026-09-10 13:01:08 UTC"
"3101","2","060","Personer1","2022",0,,"Halden","Kvinner","60 år","Personer","2022","07459","2026-09-10 13:01:08 UTC"
"3101","2","060","Personer1","2023",0,,"Halden","Kvinner","60 år","Personer","2023","07459","2026-09-10 13:01:08 UTC"
"3101","2","060","Personer1","2024",209,,"Halden","Kvinner","60 år","Personer","2024","07459","2026-09-10 13:01:08 UTC"
"3101","2","060","Personer1","2025",200,,"Halden","Kvinner","60 år","Personer","2025","07459","2026-09-10 13:01:08 UTC"
"3101","2","060","Personer1","2026",235,,"Halden","Kvinner","60 år","Personer","2026","07459","2026-09-10 13:01:08 UTC"
"3101","2","061","Personer1","2005",0,,"Halden","Kvinner","61 år","Personer","2005","07459","2026-09-10 13:01:08 UTC"
"3101","2","061","Personer1","2006",0,,"Halden","Kvinner","61 år","Personer","2006","07459","2026-09-10 13:01:08 UTC"
"3101","2","061","Personer1","2007",0,,"Halden","Kvinner","61 år","Personer","2007","07459","2026-09-10 13:01:08 UTC"
"3101","2","061","Personer1","2008",0,,"Halden","Kvinner","61 år","Personer","2008","07459","2026-09-10 13:01:08 UTC"
"3101","2","061","Personer1","2009",0,,"Halden","Kvinner","61 år","Personer","2009","07459","2026-09-10 13:01:08 UTC"
"3101","2","061","Personer1","2010",0,,"Halden","Kvinner","61 år","Personer","2010","07459","2026-09-10 13:01:08 UTC"
"3101","2","061","Personer1","2011",0,,"Halden","Kvinner","61 år","Personer","2011","07459","2026-09-10 13:01:08 UTC"
"3101","2","061","Personer1","2012",0,,"Halden","Kvinner","61 år","Personer","2012","07459","2026-09-10 13:01:08 UTC"
"3101","2","061","Personer1","2013",0,,"Halden","Kvinner","61 år","Personer","2013","07459","2026-09-10 13:01:08 UTC"
"3101","2","061","Personer1","2014",0,,"Halden","Kvinner","61 år","Personer","2014","07459","2026-09-10 13:01:08 UTC"
"3101","2","061","Personer1","2015",0,,"Halden","Kvinner","61 år","Personer","2015","07459","2026-09-10 13:01:08 UTC"
"3101","2","061","Personer1","2016",0,,"Halden","Kvinner","61 år","Personer","2016","07459","2026-09-10 13:01:08 UTC"
"3101","2","061","Personer1","2017",0,,"Halden","Kvinner","61 år","Personer","2017","07459","2026-09-10 13:01:08 UTC"
"3101","2","061","Personer1","2018",0,,"Halden","Kvinner","61 år","Personer","2018","07459","2026-09-10 13:01:08 UTC"
"3101","2","061","Personer1","2019",0,,"Halden","Kvinner","61 år","Personer","2019","07459","2026-09-10 13:01:08 UTC"
"3101","2","061","Personer1","2020",0,,"Halden","Kvinner","61 år","Personer","2020","07459","2026-09-10 13:01:08 UTC"
"3101","2","061","Personer1","2021",0,,"Halden","Kvinner","61 år","Personer","2021","07459","2026-09-10 13:01:08 UTC"
"3101","2","061","Personer1","2022",0,,"Halden","Kvinner","61 år","Personer","2022","07459","2026-09-10 13:01:08 UTC"
"3101","2","061","Personer1","2023",0,,"Halden","Kvinner","61 år","Personer","2023","07459","2026-09-10 13:01:08 UTC"
"3101","2","061","Personer1","2024",193,,"Halden","Kvinner","61 år","Personer","2024","07459","2026-09-10 13:01:08 UTC"
"3101","2","061","Personer1","2025",209,,"Halden","Kvinner","61 år","Personer","2025","07459","2026-09-10 13:01:08 UTC"
"3101","2","061","Personer1","2026",202,,"Halden","Kvinner","61 år","Personer","2026","07459","2026-09-10 13:01:08 UTC"
"3101","2","062","Personer1","2005",0,,"Halden","Kvinner","62 år","Personer","2005","07459","2026-09-10 13:01:08 UTC"
"3101","2","062","Personer1","2006",0,,"Halden","Kvinner","62 år","Personer","2006","07459","2026-09-10 13:01:08 UTC"
"3101","2","062","Personer1","2007",0,,"Halden","Kvinner","62 år","Personer","2007","07459","2026-09-10 13:01:08 UTC"
"3101","2","062","Personer1","2008",0,,"Halden","Kvinner","62 år","Personer","2008","07459","2026-09-10 13:01:08 UTC"
"3101","2","062","Personer1","2009",0,,"Halden","Kvinner","62 år","Personer","2009","07459","2026-09-10 13:01:08 UTC"
"3101","2","062","Personer1","2010",0,,"Halden","Kvinner","62 år","Personer","2010","07459","2026-09-10 13:01:08 UTC"
"3101","2","062","Personer1","2011",0,,"Halden","Kvinner","62 år","Personer","2011","07459","2026-09-10 13:01:08 UTC"
"3101","2","062","Personer1","2012",0,,"Halden","Kvinner","62 år","Personer","2012","07459","2026-09-10 13:01:08 UTC"
"3101","2","062","Personer1","2013",0,,"Halden","Kvinner","62 år","Personer","2013","07459","2026-09-10 13:01:08 UTC"
"3101","2","062","Personer1","2014",0,,"Halden","Kvinner","62 år","Personer","2014","07459","2026-09-10 13:01:08 UTC"
"3101","2","062","Personer1","2015",0,,"Halden","Kvinner","62 år","Personer","2015","07459","2026-09-10 13:01:08 UTC"
"3101","2","062","Personer1","2016",0,,"Halden","Kvinner","62 år","Personer","2016","07459","2026-09-10 13:01:08 UTC"
"3101","2","062","Personer1","2017",0,,"Halden","Kvinner","62 år","Personer","2017","07459","2026-09-10 13:01:08 UTC"
"3101","2","062","Personer1","2018",0,,"Halden","Kvinner","62 år","Personer","2018","07459","2026-09-10 13:01:08 UTC"
"3101","2","062","Personer1","2019",0,,"Halden","Kvinner","62 år","Personer","2019","07459","2026-09-10 13:01:08 UTC"
"3101","2","062","Personer1","2020",0,,"Halden","Kvinner","62 år","Personer","2020","07459","2026-09-10 13:01:08 UTC"
"3101","2","062","Personer1","2021",0,,"Halden","Kvinner","62 år","Personer","2021","07459","2026-09-10 13:01:08 UTC"
"3101","2","062","Personer1","2022",0,,"Halden","Kvinner","62 år","Personer","2022","07459","2026-09-10 13:01:08 UTC"
"3101","2","062","Personer1","2023",0,,"Halden","Kvinner","62 år","Personer","2023","07459","2026-09-10 13:01:08 UTC"
"3101","2","062","Personer1","2024",193,,"Halden","Kvinner","62 år","Personer","2024","07459","2026-09-10 13:01:08 UTC"
"3101","2","062","Personer1","2025",194,,"Halden","Kvinner","62 år","Personer","2025","07459","2026-09-10 13:01:08 UTC"
"3101","2","062","Personer1","2026",207,,"Halden","Kvinner","62 år","Personer","2026","07459","2026-09-10 13:01:08 UTC"
"3101","2","063","Personer1","2005",0,,"Halden","Kvinner","63 år","Personer","2005","07459","2026-09-10 13:01:08 UTC"
"3101","2","063","Personer1","2006",0,,"Halden","Kvinner","63 år","Personer","2006","07459","2026-09-10 13:01:08 UTC"
"3101","2","063","Personer1","2007",0,,"Halden","Kvinner","63 år","Personer","2007","07459","2026-09-10 13:01:08 UTC"
"3101","2","063","Personer1","2008",0,,"Halden","Kvinner","63 år","Personer","2008","07459","2026-09-10 13:01:08 UTC"
"3101","2","063","Personer1","2009",0,,"Halden","Kvinner","63 år","Personer","2009","07459","2026-09-10 13:01:08 UTC"
"3101","2","063","Personer1","2010",0,,"Halden","Kvinner","63 år","Personer","2010","07459","2026-09-10 13:01:08 UTC"
"3101","2","063","Personer1","2011",0,,"Halden","Kvinner","63 år","Personer","2011","07459","2026-09-10 13:01:08 UTC"
"3101","2","063","Personer1","2012",0,,"Halden","Kvinner","63 år","Personer","2012","07459","2026-09-10 13:01:08 UTC"
"3101","2","063","Personer1","2013",0,,"Halden","Kvinner","63 år","Personer","2013","07459","2026-09-10 13:01:08 UTC"
"3101","2","063","Personer1","2014",0,,"Halden","Kvinner","63 år","Personer","2014","07459","2026-09-10 13:01:08 UTC"
"3101","2","063","Personer1","2015",0,,"Halden","Kvinner","63 år","Personer","2015","07459","2026-09-10 13:01:08 UTC"
"3101","2","063","Personer1","2016",0,,"Halden","Kvinner","63 år","Personer","2016","07459","2026-09-10 13:01:08 UTC"
"3101","2","063","Personer1","2017",0,,"Halden","Kvinner","63 år","Personer","2017","07459","2026-09-10 13:01:08 UTC"
"3101","2","063","Personer1","2018",0,,"Halden","Kvinner","63 år","Personer","2018","07459","2026-09-10 13:01:08 UTC"
"3101","2","063","Personer1","2019",0,,"Halden","Kvinner","63 år","Personer","2019","07459","2026-09-10 13:01:08 UTC"
"3101","2","063","Personer1","2020",0,,"Halden","Kvinner","63 år","Personer","2020","07459","2026-09-10 13:01:08 UTC"
"3101","2","063","Personer1","2021",0,,"Halden","Kvinner","63 år","Personer","2021","07459","2026-09-10 13:01:08 UTC"
"3101","2","063","Personer1","2022",0,,"Halden","Kvinner","63 år","Personer","2022","07459","2026-09-10 13:01:08 UTC"
"3101","2","063","Personer1","2023",0,,"Halden","Kvinner","63 år","Personer","2023","07459","2026-09-10 13:01:08 UTC"
"3101","2","063","Personer1","2024",210,,"Halden","Kvinner","63 år","Personer","2024","07459","2026-09-10 13:01:08 UTC"
"3101","2","063","Personer1","2025",191,,"Halden","Kvinner","63 år","Personer","2025","07459","2026-09-10 13:01:08 UTC"
"3101","2","063","Personer1","2026",196,,"Halden","Kvinner","63 år","Personer","2026","07459","2026-09-10 13:01:08 UTC"
"3101","2","064","Personer1","2005",0,,"Halden","Kvinner","64 år","Personer","2005","07459","2026-09-10 13:01:08 UTC"
"3101","2","064","Personer1","2006",0,,"Halden","Kvinner","64 år","Personer","2006","07459","2026-09-10 13:01:08 UTC"
"3101","2","064","Personer1","2007",0,,"Halden","Kvinner","64 år","Personer","2007","07459","2026-09-10 13:01:08 UTC"
"3101","2","064","Personer1","2008",0,,"Halden","Kvinner","64 år","Personer","2008","07459","2026-09-10 13:01:08 UTC"
"3101","2","064","Personer1","2009",0,,"Halden","Kvinner","64 år","Personer","2009","07459","2026-09-10 13:01:08 UTC"
"3101","2","064","Personer1","2010",0,,"Halden","Kvinner","64 år","Personer","2010","07459","2026-09-10 13:01:08 UTC"
"3101","2","064","Personer1","2011",0,,"Halden","Kvinner","64 år","Personer","2011","07459","2026-09-10 13:01:08 UTC"
"3101","2","064","Personer1","2012",0,,"Halden","Kvinner","64 år","Personer","2012","07459","2026-09-10 13:01:08 UTC"
"3101","2","064","Personer1","2013",0,,"Halden","Kvinner","64 år","Personer","2013","07459","2026-09-10 13:01:08 UTC"
"3101","2","064","Personer1","2014",0,,"Halden","Kvinner","64 år","Personer","2014","07459","2026-09-10 13:01:08 UTC"
"3101","2","064","Personer1","2015",0,,"Halden","Kvinner","64 år","Personer","2015","07459","2026-09-10 13:01:08 UTC"
"3101","2","064","Personer1","2016",0,,"Halden","Kvinner","64 år","Personer","2016","07459","2026-09-10 13:01:08 UTC"
"3101","2","064","Personer1","2017",0,,"Halden","Kvinner","64 år","Personer","2017","07459","2026-09-10 13:01:08 UTC"
"3101","2","064","Personer1","2018",0,,"Halden","Kvinner","64 år","Personer","2018","07459","2026-09-10 13:01:08 UTC"
"3101","2","064","Personer1","2019",0,,"Halden","Kvinner","64 år","Personer","2019","07459","2026-09-10 13:01:08 UTC"
"3101","2","064","Personer1","2020",0,,"Halden","Kvinner","64 år","Personer","2020","07459","2026-09-10 13:01:08 UTC"
"3101","2","064","Personer1","2021",0,,"Halden","Kvinner","64 år","Personer","2021","07459","2026-09-10 13:01:08 UTC"
"3101","2","064","Personer1","2022",0,,"Halden","Kvinner","64 år","Personer","2022","07459","2026-09-10 13:01:08 UTC"
"3101","2","064","Personer1","2023",0,,"Halden","Kvinner","64 år","Personer","2023","07459","2026-09-10 13:01:08 UTC"
"3101","2","064","Personer1","2024",213,,"Halden","Kvinner","64 år","Personer","2024","07459","2026-09-10 13:01:08 UTC"
"3101","2","064","Personer1","2025",211,,"Halden","Kvinner","64 år","Personer","2025","07459","2026-09-10 13:01:08 UTC"
"3101","2","064","Personer1","2026",192,,"Halden","Kvinner","64 år","Personer","2026","07459","2026-09-10 13:01:08 UTC"
"3101","2","065","Personer1","2005",0,,"Halden","Kvinner","65 år","Personer","2005","07459","2026-09-10 13:01:08 UTC"
"3101","2","065","Personer1","2006",0,,"Halden","Kvinner","65 år","Personer","2006","07459","2026-09-10 13:01:08 UTC"
"3101","2","065","Personer1","2007",0,,"Halden","Kvinner","65 år","Personer","2007","07459","2026-09-10 13:01:08 UTC"
"3101","2","065","Personer1","2008",0,,"Halden","Kvinner","65 år","Personer","2008","07459","2026-09-10 13:01:08 UTC"
"3101","2","065","Personer1","2009",0,,"Halden","Kvinner","65 år","Personer","2009","07459","2026-09-10 13:01:08 UTC"
"3101","2","065","Personer1","2010",0,,"Halden","Kvinner","65 år","Personer","2010","07459","2026-09-10 13:01:08 UTC"
"3101","2","065","Personer1","2011",0,,"Halden","Kvinner","65 år","Personer","2011","07459","2026-09-10 13:01:08 UTC"
"3101","2","065","Personer1","2012",0,,"Halden","Kvinner","65 år","Personer","2012","07459","2026-09-10 13:01:08 UTC"
"3101","2","065","Personer1","2013",0,,"Halden","Kvinner","65 år","Personer","2013","07459","2026-09-10 13:01:08 UTC"
"3101","2","065","Personer1","2014",0,,"Halden","Kvinner","65 år","Personer","2014","07459","2026-09-10 13:01:08 UTC"
"3101","2","065","Personer1","2015",0,,"Halden","Kvinner","65 år","Personer","2015","07459","2026-09-10 13:01:08 UTC"
"3101","2","065","Personer1","2016",0,,"Halden","Kvinner","65 år","Personer","2016","07459","2026-09-10 13:01:08 UTC"
"3101","2","065","Personer1","2017",0,,"Halden","Kvinner","65 år","Personer","2017","07459","2026-09-10 13:01:08 UTC"
"3101","2","065","Personer1","2018",0,,"Halden","Kvinner","65 år","Personer","2018","07459","2026-09-10 13:01:08 UTC"
"3101","2","065","Personer1","2019",0,,"Halden","Kvinner","65 år","Personer","2019","07459","2026-09-10 13:01:08 UTC"
"3101","2","065","Personer1","2020",0,,"Halden","Kvinner","65 år","Personer","2020","07459","2026-09-10 13:01:08 UTC"
"3101","2","065","Personer1","2021",0,,"Halden","Kvinner","65 år","Personer","2021","07459","2026-09-10 13:01:08 UTC"
"3101","2","065","Personer1","2022",0,,"Halden","Kvinner","65 år","Personer","2022","07459","2026-09-10 13:01:08 UTC"
"3101","2","065","Personer1","2023",0,,"Halden","Kvinner","65 år","Personer","2023","07459","2026-09-10 13:01:08 UTC"
"3101","2","065","Personer1","2024",198,,"Halden","Kvinner","65 år","Personer","2024","07459","2026-09-10 13:01:08 UTC"
"3101","2","065","Personer1","2025",218,,"Halden","Kvinner","65 år","Personer","2025","07459","2026-09-10 13:01:08 UTC"
"3101","2","065","Personer1","2026",211,,"Halden","Kvinner","65 år","Personer","2026","07459","2026-09-10 13:01:08 UTC"
"3101","2","066","Personer1","2005",0,,"Halden","Kvinner","66 år","Personer","2005","07459","2026-09-10 13:01:08 UTC"
"3101","2","066","Personer1","2006",0,,"Halden","Kvinner","66 år","Personer","2006","07459","2026-09-10 13:01:08 UTC"
"3101","2","066","Personer1","2007",0,,"Halden","Kvinner","66 år","Personer","2007","07459","2026-09-10 13:01:08 UTC"
"3101","2","066","Personer1","2008",0,,"Halden","Kvinner","66 år","Personer","2008","07459","2026-09-10 13:01:08 UTC"
"3101","2","066","Personer1","2009",0,,"Halden","Kvinner","66 år","Personer","2009","07459","2026-09-10 13:01:08 UTC"
"3101","2","066","Personer1","2010",0,,"Halden","Kvinner","66 år","Personer","2010","07459","2026-09-10 13:01:08 UTC"
"3101","2","066","Personer1","2011",0,,"Halden","Kvinner","66 år","Personer","2011","07459","2026-09-10 13:01:08 UTC"
"3101","2","066","Personer1","2012",0,,"Halden","Kvinner","66 år","Personer","2012","07459","2026-09-10 13:01:08 UTC"
"3101","2","066","Personer1","2013",0,,"Halden","Kvinner","66 år","Personer","2013","07459","2026-09-10 13:01:08 UTC"
"3101","2","066","Personer1","2014",0,,"Halden","Kvinner","66 år","Personer","2014","07459","2026-09-10 13:01:08 UTC"
"3101","2","066","Personer1","2015",0,,"Halden","Kvinner","66 år","Personer","2015","07459","2026-09-10 13:01:08 UTC"
"3101","2","066","Personer1","2016",0,,"Halden","Kvinner","66 år","Personer","2016","07459","2026-09-10 13:01:08 UTC"
"3101","2","066","Personer1","2017",0,,"Halden","Kvinner","66 år","Personer","2017","07459","2026-09-10 13:01:08 UTC"
"3101","2","066","Personer1","2018",0,,"Halden","Kvinner","66 år","Personer","2018","07459","2026-09-10 13:01:08 UTC"
"3101","2","066","Personer1","2019",0,,"Halden","Kvinner","66 år","Personer","2019","07459","2026-09-10 13:01:08 UTC"
"3101","2","066","Personer1","2020",0,,"Halden","Kvinner","66 år","Personer","2020","07459","2026-09-10 13:01:08 UTC"
"3101","2","066","Personer1","2021",0,,"Halden","Kvinner","66 år","Personer","2021","07459","2026-09-10 13:01:08 UTC"
"3101","2","066","Personer1","2022",0,,"Halden","Kvinner","66 år","Personer","2022","07459","2026-09-10 13:01:08 UTC"
"3101","2","066","Personer1","2023",0,,"Halden","Kvinner","66 år","Personer","2023","07459","2026-09-10 13:01:08 UTC"
"3101","2","066","Personer1","2024",194,,"Halden","Kvinner","66 år","Personer","2024","07459","2026-09-10 13:01:08 UTC"
"3101","2","066","Personer1","2025",198,,"Halden","Kvinner","66 år","Personer","2025","07459","2026-09-10 13:01:08 UTC"
"3101","2","066","Personer1","2026",213,,"Halden","Kvinner","66 år","Personer","2026","07459","2026-09-10 13:01:08 UTC"
"3101","2","067","Personer1","2005",0,,"Halden","Kvinner","67 år","Personer","2005","07459","2026-09-10 13:01:08 UTC"
"3101","2","067","Personer1","2006",0,,"Halden","Kvinner","67 år","Personer","2006","07459","2026-09-10 13:01:08 UTC"
"3101","2","067","Personer1","2007",0,,"Halden","Kvinner","67 år","Personer","2007","07459","2026-09-10 13:01:08 UTC"
"3101","2","067","Personer1","2008",0,,"Halden","Kvinner","67 år","Personer","2008","07459","2026-09-10 13:01:08 UTC"
"3101","2","067","Personer1","2009",0,,"Halden","Kvinner","67 år","Personer","2009","07459","2026-09-10 13:01:08 UTC"
"3101","2","067","Personer1","2010",0,,"Halden","Kvinner","67 år","Personer","2010","07459","2026-09-10 13:01:08 UTC"
"3101","2","067","Personer1","2011",0,,"Halden","Kvinner","67 år","Personer","2011","07459","2026-09-10 13:01:08 UTC"
"3101","2","067","Personer1","2012",0,,"Halden","Kvinner","67 år","Personer","2012","07459","2026-09-10 13:01:08 UTC"
"3101","2","067","Personer1","2013",0,,"Halden","Kvinner","67 år","Personer","2013","07459","2026-09-10 13:01:08 UTC"
"3101","2","067","Personer1","2014",0,,"Halden","Kvinner","67 år","Personer","2014","07459","2026-09-10 13:01:08 UTC"
"3101","2","067","Personer1","2015",0,,"Halden","Kvinner","67 år","Personer","2015","07459","2026-09-10 13:01:08 UTC"
"3101","2","067","Personer1","2016",0,,"Halden","Kvinner","67 år","Personer","2016","07459","2026-09-10 13:01:08 UTC"
"3101","2","067","Personer1","2017",0,,"Halden","Kvinner","67 år","Personer","2017","07459","2026-09-10 13:01:08 UTC"
"3101","2","067","Personer1","2018",0,,"Halden","Kvinner","67 år","Personer","2018","07459","2026-09-10 13:01:08 UTC"
"3101","2","067","Personer1","2019",0,,"Halden","Kvinner","67 år","Personer","2019","07459","2026-09-10 13:01:08 UTC"
"3101","2","067","Personer1","2020",0,,"Halden","Kvinner","67 år","Personer","2020","07459","2026-09-10 13:01:08 UTC"
"3101","2","067","Personer1","2021",0,,"Halden","Kvinner","67 år","Personer","2021","07459","2026-09-10 13:01:08 UTC"
"3101","2","067","Personer1","2022",0,,"Halden","Kvinner","67 år","Personer","2022","07459","2026-09-10 13:01:08 UTC"
"3101","2","067","Personer1","2023",0,,"Halden","Kvinner","67 år","Personer","2023","07459","2026-09-10 13:01:08 UTC"
"3101","2","067","Personer1","2024",178,,"Halden","Kvinner","67 år","Personer","2024","07459","2026-09-10 13:01:08 UTC"
"3101","2","067","Personer1","2025",193,,"Halden","Kvinner","67 år","Personer","2025","07459","2026-09-10 13:01:08 UTC"
"3101","2","067","Personer1","2026",197,,"Halden","Kvinner","67 år","Personer","2026","07459","2026-09-10 13:01:08 UTC"
"3101","2","068","Personer1","2005",0,,"Halden","Kvinner","68 år","Personer","2005","07459","2026-09-10 13:01:08 UTC"
"3101","2","068","Personer1","2006",0,,"Halden","Kvinner","68 år","Personer","2006","07459","2026-09-10 13:01:08 UTC"
"3101","2","068","Personer1","2007",0,,"Halden","Kvinner","68 år","Personer","2007","07459","2026-09-10 13:01:08 UTC"
"3101","2","068","Personer1","2008",0,,"Halden","Kvinner","68 år","Personer","2008","07459","2026-09-10 13:01:08 UTC"
"3101","2","068","Personer1","2009",0,,"Halden","Kvinner","68 år","Personer","2009","07459","2026-09-10 13:01:08 UTC"
"3101","2","068","Personer1","2010",0,,"Halden","Kvinner","68 år","Personer","2010","07459","2026-09-10 13:01:08 UTC"
"3101","2","068","Personer1","2011",0,,"Halden","Kvinner","68 år","Personer","2011","07459","2026-09-10 13:01:08 UTC"
"3101","2","068","Personer1","2012",0,,"Halden","Kvinner","68 år","Personer","2012","07459","2026-09-10 13:01:08 UTC"
"3101","2","068","Personer1","2013",0,,"Halden","Kvinner","68 år","Personer","2013","07459","2026-09-10 13:01:08 UTC"
"3101","2","068","Personer1","2014",0,,"Halden","Kvinner","68 år","Personer","2014","07459","2026-09-10 13:01:08 UTC"
"3101","2","068","Personer1","2015",0,,"Halden","Kvinner","68 år","Personer","2015","07459","2026-09-10 13:01:08 UTC"
"3101","2","068","Personer1","2016",0,,"Halden","Kvinner","68 år","Personer","2016","07459","2026-09-10 13:01:08 UTC"
"3101","2","068","Personer1","2017",0,,"Halden","Kvinner","68 år","Personer","2017","07459","2026-09-10 13:01:08 UTC"
"3101","2","068","Personer1","2018",0,,"Halden","Kvinner","68 år","Personer","2018","07459","2026-09-10 13:01:08 UTC"
"3101","2","068","Personer1","2019",0,,"Halden","Kvinner","68 år","Personer","2019","07459","2026-09-10 13:01:08 UTC"
"3101","2","068","Personer1","2020",0,,"Halden","Kvinner","68 år","Personer","2020","07459","2026-09-10 13:01:08 UTC"
"3101","2","068","Personer1","2021",0,,"Halden","Kvinner","68 år","Personer","2021","07459","2026-09-10 13:01:08 UTC"
"3101","2","068","Personer1","2022",0,,"Halden","Kvinner","68 år","Personer","2022","07459","2026-09-10 13:01:08 UTC"
"3101","2","068","Personer1","2023",0,,"Halden","Kvinner","68 år","Personer","2023","07459","2026-09-10 13:01:08 UTC"
"3101","2","068","Personer1","2024",209,,"Halden","Kvinner","68 år","Personer","2024","07459","2026-09-10 13:01:08 UTC"
"3101","2","068","Personer1","2025",175,,"Halden","Kvinner","68 år","Personer","2025","07459","2026-09-10 13:01:08 UTC"
"3101","2","068","Personer1","2026",188,,"Halden","Kvinner","68 år","Personer","2026","07459","2026-09-10 13:01:08 UTC"
"3101","2","069","Personer1","2005",0,,"Halden","Kvinner","69 år","Personer","2005","07459","2026-09-10 13:01:08 UTC"
"3101","2","069","Personer1","2006",0,,"Halden","Kvinner","69 år","Personer","2006","07459","2026-09-10 13:01:08 UTC"
"3101","2","069","Personer1","2007",0,,"Halden","Kvinner","69 år","Personer","2007","07459","2026-09-10 13:01:08 UTC"
"3101","2","069","Personer1","2008",0,,"Halden","Kvinner","69 år","Personer","2008","07459","2026-09-10 13:01:08 UTC"
"3101","2","069","Personer1","2009",0,,"Halden","Kvinner","69 år","Personer","2009","07459","2026-09-10 13:01:08 UTC"
"3101","2","069","Personer1","2010",0,,"Halden","Kvinner","69 år","Personer","2010","07459","2026-09-10 13:01:08 UTC"
"3101","2","069","Personer1","2011",0,,"Halden","Kvinner","69 år","Personer","2011","07459","2026-09-10 13:01:08 UTC"
"3101","2","069","Personer1","2012",0,,"Halden","Kvinner","69 år","Personer","2012","07459","2026-09-10 13:01:08 UTC"
"3101","2","069","Personer1","2013",0,,"Halden","Kvinner","69 år","Personer","2013","07459","2026-09-10 13:01:08 UTC"
"3101","2","069","Personer1","2014",0,,"Halden","Kvinner","69 år","Personer","2014","07459","2026-09-10 13:01:08 UTC"
"3101","2","069","Personer1","2015",0,,"Halden","Kvinner","69 år","Personer","2015","07459","2026-09-10 13:01:08 UTC"
"3101","2","069","Personer1","2016",0,,"Halden","Kvinner","69 år","Personer","2016","07459","2026-09-10 13:01:08 UTC"
"3101","2","069","Personer1","2017",0,,"Halden","Kvinner","69 år","Personer","2017","07459","2026-09-10 13:01:08 UTC"
"3101","2","069","Personer1","2018",0,,"Halden","Kvinner","69 år","Personer","2018","07459","2026-09-10 13:01:08 UTC"
"3101","2","069","Personer1","2019",0,,"Halden","Kvinner","69 år","Personer","2019","07459","2026-09-10 13:01:08 UTC"
"3101","2","069","Personer1","2020",0,,"Halden","Kvinner","69 år","Personer","2020","07459","2026-09-10 13:01:08 UTC"
"3101","2","069","Personer1","2021",0,,"Halden","Kvinner","69 år","Personer","2021","07459","2026-09-10 13:01:08 UTC"
"3101","2","069","Personer1","2022",0,,"Halden","Kvinner","69 år","Personer","2022","07459","2026-09-10 13:01:08 UTC"
"3101","2","069","Personer1","2023",0,,"Halden","Kvinner","69 år","Personer","2023","07459","2026-09-10 13:01:08 UTC"
"3101","2","069","Personer1","2024",177,,"Halden","Kvinner","69 år","Personer","2024","07459","2026-09-10 13:01:08 UTC"
"3101","2","069","Personer1","2025",206,,"Halden","Kvinner","69 år","Personer","2025","07459","2026-09-10 13:01:08 UTC"
"3101","2","069","Personer1","2026",173,,"Halden","Kvinner","69 år","Personer","2026","07459","2026-09-10 13:01:08 UTC"
"3101","2","070","Personer1","2005",0,,"Halden","Kvinner","70 år","Personer","2005","07459","2026-09-10 13:01:08 UTC"
"3101","2","070","Personer1","2006",0,,"Halden","Kvinner","70 år","Personer","2006","07459","2026-09-10 13:01:08 UTC"
"3101","2","070","Personer1","2007",0,,"Halden","Kvinner","70 år","Personer","2007","07459","2026-09-10 13:01:08 UTC"
"3101","2","070","Personer1","2008",0,,"Halden","Kvinner","70 år","Personer","2008","07459","2026-09-10 13:01:08 UTC"
"3101","2","070","Personer1","2009",0,,"Halden","Kvinner","70 år","Personer","2009","07459","2026-09-10 13:01:08 UTC"
"3101","2","070","Personer1","2010",0,,"Halden","Kvinner","70 år","Personer","2010","07459","2026-09-10 13:01:08 UTC"
"3101","2","070","Personer1","2011",0,,"Halden","Kvinner","70 år","Personer","2011","07459","2026-09-10 13:01:08 UTC"
"3101","2","070","Personer1","2012",0,,"Halden","Kvinner","70 år","Personer","2012","07459","2026-09-10 13:01:08 UTC"
"3101","2","070","Personer1","2013",0,,"Halden","Kvinner","70 år","Personer","2013","07459","2026-09-10 13:01:08 UTC"
"3101","2","070","Personer1","2014",0,,"Halden","Kvinner","70 år","Personer","2014","07459","2026-09-10 13:01:08 UTC"
"3101","2","070","Personer1","2015",0,,"Halden","Kvinner","70 år","Personer","2015","07459","2026-09-10 13:01:08 UTC"
"3101","2","070","Personer1","2016",0,,"Halden","Kvinner","70 år","Personer","2016","07459","2026-09-10 13:01:08 UTC"
"3101","2","070","Personer1","2017",0,,"Halden","Kvinner","70 år","Personer","2017","07459","2026-09-10 13:01:08 UTC"
"3101","2","070","Personer1","2018",0,,"Halden","Kvinner","70 år","Personer","2018","07459","2026-09-10 13:01:08 UTC"
"3101","2","070","Personer1","2019",0,,"Halden","Kvinner","70 år","Personer","2019","07459","2026-09-10 13:01:08 UTC"
"3101","2","070","Personer1","2020",0,,"Halden","Kvinner","70 år","Personer","2020","07459","2026-09-10 13:01:08 UTC"
"3101","2","070","Personer1","2021",0,,"Halden","Kvinner","70 år","Personer","2021","07459","2026-09-10 13:01:08 UTC"
"3101","2","070","Personer1","2022",0,,"Halden","Kvinner","70 år","Personer","2022","07459","2026-09-10 13:01:08 UTC"
"3101","2","070","Personer1","2023",0,,"Halden","Kvinner","70 år","Personer","2023","07459","2026-09-10 13:01:08 UTC"
"3101","2","070","Personer1","2024",195,,"Halden","Kvinner","70 år","Personer","2024","07459","2026-09-10 13:01:08 UTC"
"3101","2","070","Personer1","2025",181,,"Halden","Kvinner","70 år","Personer","2025","07459","2026-09-10 13:01:08 UTC"
"3101","2","070","Personer1","2026",205,,"Halden","Kvinner","70 år","Personer","2026","07459","2026-09-10 13:01:08 UTC"
"3101","2","071","Personer1","2005",0,,"Halden","Kvinner","71 år","Personer","2005","07459","2026-09-10 13:01:08 UTC"
"3101","2","071","Personer1","2006",0,,"Halden","Kvinner","71 år","Personer","2006","07459","2026-09-10 13:01:08 UTC"
"3101","2","071","Personer1","2007",0,,"Halden","Kvinner","71 år","Personer","2007","07459","2026-09-10 13:01:08 UTC"
"3101","2","071","Personer1","2008",0,,"Halden","Kvinner","71 år","Personer","2008","07459","2026-09-10 13:01:08 UTC"
"3101","2","071","Personer1","2009",0,,"Halden","Kvinner","71 år","Personer","2009","07459","2026-09-10 13:01:08 UTC"
"3101","2","071","Personer1","2010",0,,"Halden","Kvinner","71 år","Personer","2010","07459","2026-09-10 13:01:08 UTC"
"3101","2","071","Personer1","2011",0,,"Halden","Kvinner","71 år","Personer","2011","07459","2026-09-10 13:01:08 UTC"
"3101","2","071","Personer1","2012",0,,"Halden","Kvinner","71 år","Personer","2012","07459","2026-09-10 13:01:08 UTC"
"3101","2","071","Personer1","2013",0,,"Halden","Kvinner","71 år","Personer","2013","07459","2026-09-10 13:01:08 UTC"
"3101","2","071","Personer1","2014",0,,"Halden","Kvinner","71 år","Personer","2014","07459","2026-09-10 13:01:08 UTC"
"3101","2","071","Personer1","2015",0,,"Halden","Kvinner","71 år","Personer","2015","07459","2026-09-10 13:01:08 UTC"
"3101","2","071","Personer1","2016",0,,"Halden","Kvinner","71 år","Personer","2016","07459","2026-09-10 13:01:08 UTC"
"3101","2","071","Personer1","2017",0,,"Halden","Kvinner","71 år","Personer","2017","07459","2026-09-10 13:01:08 UTC"
"3101","2","071","Personer1","2018",0,,"Halden","Kvinner","71 år","Personer","2018","07459","2026-09-10 13:01:08 UTC"
"3101","2","071","Personer1","2019",0,,"Halden","Kvinner","71 år","Personer","2019","07459","2026-09-10 13:01:08 UTC"
"3101","2","071","Personer1","2020",0,,"Halden","Kvinner","71 år","Personer","2020","07459","2026-09-10 13:01:08 UTC"
"3101","2","071","Personer1","2021",0,,"Halden","Kvinner","71 år","Personer","2021","07459","2026-09-10 13:01:08 UTC"
"3101","2","071","Personer1","2022",0,,"Halden","Kvinner","71 år","Personer","2022","07459","2026-09-10 13:01:08 UTC"
"3101","2","071","Personer1","2023",0,,"Halden","Kvinner","71 år","Personer","2023","07459","2026-09-10 13:01:08 UTC"
"3101","2","071","Personer1","2024",141,,"Halden","Kvinner","71 år","Personer","2024","07459","2026-09-10 13:01:08 UTC"
"3101","2","071","Personer1","2025",195,,"Halden","Kvinner","71 år","Personer","2025","07459","2026-09-10 13:01:08 UTC"
"3101","2","071","Personer1","2026",182,,"Halden","Kvinner","71 år","Personer","2026","07459","2026-09-10 13:01:08 UTC"
"3101","2","072","Personer1","2005",0,,"Halden","Kvinner","72 år","Personer","2005","07459","2026-09-10 13:01:08 UTC"
"3101","2","072","Personer1","2006",0,,"Halden","Kvinner","72 år","Personer","2006","07459","2026-09-10 13:01:08 UTC"
"3101","2","072","Personer1","2007",0,,"Halden","Kvinner","72 år","Personer","2007","07459","2026-09-10 13:01:08 UTC"
"3101","2","072","Personer1","2008",0,,"Halden","Kvinner","72 år","Personer","2008","07459","2026-09-10 13:01:08 UTC"
"3101","2","072","Personer1","2009",0,,"Halden","Kvinner","72 år","Personer","2009","07459","2026-09-10 13:01:08 UTC"
"3101","2","072","Personer1","2010",0,,"Halden","Kvinner","72 år","Personer","2010","07459","2026-09-10 13:01:08 UTC"
"3101","2","072","Personer1","2011",0,,"Halden","Kvinner","72 år","Personer","2011","07459","2026-09-10 13:01:08 UTC"
"3101","2","072","Personer1","2012",0,,"Halden","Kvinner","72 år","Personer","2012","07459","2026-09-10 13:01:08 UTC"
"3101","2","072","Personer1","2013",0,,"Halden","Kvinner","72 år","Personer","2013","07459","2026-09-10 13:01:08 UTC"
"3101","2","072","Personer1","2014",0,,"Halden","Kvinner","72 år","Personer","2014","07459","2026-09-10 13:01:08 UTC"
"3101","2","072","Personer1","2015",0,,"Halden","Kvinner","72 år","Personer","2015","07459","2026-09-10 13:01:08 UTC"
"3101","2","072","Personer1","2016",0,,"Halden","Kvinner","72 år","Personer","2016","07459","2026-09-10 13:01:08 UTC"
"3101","2","072","Personer1","2017",0,,"Halden","Kvinner","72 år","Personer","2017","07459","2026-09-10 13:01:08 UTC"
"3101","2","072","Personer1","2018",0,,"Halden","Kvinner","72 år","Personer","2018","07459","2026-09-10 13:01:08 UTC"
"3101","2","072","Personer1","2019",0,,"Halden","Kvinner","72 år","Personer","2019","07459","2026-09-10 13:01:08 UTC"
"3101","2","072","Personer1","2020",0,,"Halden","Kvinner","72 år","Personer","2020","07459","2026-09-10 13:01:08 UTC"
"3101","2","072","Personer1","2021",0,,"Halden","Kvinner","72 år","Personer","2021","07459","2026-09-10 13:01:08 UTC"
"3101","2","072","Personer1","2022",0,,"Halden","Kvinner","72 år","Personer","2022","07459","2026-09-10 13:01:08 UTC"
"3101","2","072","Personer1","2023",0,,"Halden","Kvinner","72 år","Personer","2023","07459","2026-09-10 13:01:08 UTC"
"3101","2","072","Personer1","2024",178,,"Halden","Kvinner","72 år","Personer","2024","07459","2026-09-10 13:01:08 UTC"
"3101","2","072","Personer1","2025",136,,"Halden","Kvinner","72 år","Personer","2025","07459","2026-09-10 13:01:08 UTC"
"3101","2","072","Personer1","2026",196,,"Halden","Kvinner","72 år","Personer","2026","07459","2026-09-10 13:01:08 UTC"
"3101","2","073","Personer1","2005",0,,"Halden","Kvinner","73 år","Personer","2005","07459","2026-09-10 13:01:08 UTC"
"3101","2","073","Personer1","2006",0,,"Halden","Kvinner","73 år","Personer","2006","07459","2026-09-10 13:01:08 UTC"
"3101","2","073","Personer1","2007",0,,"Halden","Kvinner","73 år","Personer","2007","07459","2026-09-10 13:01:08 UTC"
"3101","2","073","Personer1","2008",0,,"Halden","Kvinner","73 år","Personer","2008","07459","2026-09-10 13:01:08 UTC"
"3101","2","073","Personer1","2009",0,,"Halden","Kvinner","73 år","Personer","2009","07459","2026-09-10 13:01:08 UTC"
"3101","2","073","Personer1","2010",0,,"Halden","Kvinner","73 år","Personer","2010","07459","2026-09-10 13:01:08 UTC"
"3101","2","073","Personer1","2011",0,,"Halden","Kvinner","73 år","Personer","2011","07459","2026-09-10 13:01:08 UTC"
"3101","2","073","Personer1","2012",0,,"Halden","Kvinner","73 år","Personer","2012","07459","2026-09-10 13:01:08 UTC"
"3101","2","073","Personer1","2013",0,,"Halden","Kvinner","73 år","Personer","2013","07459","2026-09-10 13:01:08 UTC"
"3101","2","073","Personer1","2014",0,,"Halden","Kvinner","73 år","Personer","2014","07459","2026-09-10 13:01:08 UTC"
"3101","2","073","Personer1","2015",0,,"Halden","Kvinner","73 år","Personer","2015","07459","2026-09-10 13:01:08 UTC"
"3101","2","073","Personer1","2016",0,,"Halden","Kvinner","73 år","Personer","2016","07459","2026-09-10 13:01:08 UTC"
"3101","2","073","Personer1","2017",0,,"Halden","Kvinner","73 år","Personer","2017","07459","2026-09-10 13:01:08 UTC"
"3101","2","073","Personer1","2018",0,,"Halden","Kvinner","73 år","Personer","2018","07459","2026-09-10 13:01:08 UTC"
"3101","2","073","Personer1","2019",0,,"Halden","Kvinner","73 år","Personer","2019","07459","2026-09-10 13:01:08 UTC"
"3101","2","073","Personer1","2020",0,,"Halden","Kvinner","73 år","Personer","2020","07459","2026-09-10 13:01:08 UTC"
"3101","2","073","Personer1","2021",0,,"Halden","Kvinner","73 år","Personer","2021","07459","2026-09-10 13:01:08 UTC"
"3101","2","073","Personer1","2022",0,,"Halden","Kvinner","73 år","Personer","2022","07459","2026-09-10 13:01:08 UTC"
"3101","2","073","Personer1","2023",0,,"Halden","Kvinner","73 år","Personer","2023","07459","2026-09-10 13:01:08 UTC"
"3101","2","073","Personer1","2024",186,,"Halden","Kvinner","73 år","Personer","2024","07459","2026-09-10 13:01:08 UTC"
"3101","2","073","Personer1","2025",172,,"Halden","Kvinner","73 år","Personer","2025","07459","2026-09-10 13:01:08 UTC"
"3101","2","073","Personer1","2026",135,,"Halden","Kvinner","73 år","Personer","2026","07459","2026-09-10 13:01:08 UTC"
"3101","2","074","Personer1","2005",0,,"Halden","Kvinner","74 år","Personer","2005","07459","2026-09-10 13:01:08 UTC"
"3101","2","074","Personer1","2006",0,,"Halden","Kvinner","74 år","Personer","2006","07459","2026-09-10 13:01:08 UTC"
"3101","2","074","Personer1","2007",0,,"Halden","Kvinner","74 år","Personer","2007","07459","2026-09-10 13:01:08 UTC"
"3101","2","074","Personer1","2008",0,,"Halden","Kvinner","74 år","Personer","2008","07459","2026-09-10 13:01:08 UTC"
"3101","2","074","Personer1","2009",0,,"Halden","Kvinner","74 år","Personer","2009","07459","2026-09-10 13:01:08 UTC"
"3101","2","074","Personer1","2010",0,,"Halden","Kvinner","74 år","Personer","2010","07459","2026-09-10 13:01:08 UTC"
"3101","2","074","Personer1","2011",0,,"Halden","Kvinner","74 år","Personer","2011","07459","2026-09-10 13:01:08 UTC"
"3101","2","074","Personer1","2012",0,,"Halden","Kvinner","74 år","Personer","2012","07459","2026-09-10 13:01:08 UTC"
"3101","2","074","Personer1","2013",0,,"Halden","Kvinner","74 år","Personer","2013","07459","2026-09-10 13:01:08 UTC"
"3101","2","074","Personer1","2014",0,,"Halden","Kvinner","74 år","Personer","2014","07459","2026-09-10 13:01:08 UTC"
"3101","2","074","Personer1","2015",0,,"Halden","Kvinner","74 år","Personer","2015","07459","2026-09-10 13:01:08 UTC"
"3101","2","074","Personer1","2016",0,,"Halden","Kvinner","74 år","Personer","2016","07459","2026-09-10 13:01:08 UTC"
"3101","2","074","Personer1","2017",0,,"Halden","Kvinner","74 år","Personer","2017","07459","2026-09-10 13:01:08 UTC"
"3101","2","074","Personer1","2018",0,,"Halden","Kvinner","74 år","Personer","2018","07459","2026-09-10 13:01:08 UTC"
"3101","2","074","Personer1","2019",0,,"Halden","Kvinner","74 år","Personer","2019","07459","2026-09-10 13:01:08 UTC"
"3101","2","074","Personer1","2020",0,,"Halden","Kvinner","74 år","Personer","2020","07459","2026-09-10 13:01:08 UTC"
"3101","2","074","Personer1","2021",0,,"Halden","Kvinner","74 år","Personer","2021","07459","2026-09-10 13:01:08 UTC"
"3101","2","074","Personer1","2022",0,,"Halden","Kvinner","74 år","Personer","2022","07459","2026-09-10 13:01:08 UTC"
"3101","2","074","Personer1","2023",0,,"Halden","Kvinner","74 år","Personer","2023","07459","2026-09-10 13:01:08 UTC"
"3101","2","074","Personer1","2024",167,,"Halden","Kvinner","74 år","Personer","2024","07459","2026-09-10 13:01:08 UTC"
"3101","2","074","Personer1","2025",180,,"Halden","Kvinner","74 år","Personer","2025","07459","2026-09-10 13:01:08 UTC"
"3101","2","074","Personer1","2026",174,,"Halden","Kvinner","74 år","Personer","2026","07459","2026-09-10 13:01:08 UTC"
"3101","2","075","Personer1","2005",0,,"Halden","Kvinner","75 år","Personer","2005","07459","2026-09-10 13:01:08 UTC"
"3101","2","075","Personer1","2006",0,,"Halden","Kvinner","75 år","Personer","2006","07459","2026-09-10 13:01:08 UTC"
"3101","2","075","Personer1","2007",0,,"Halden","Kvinner","75 år","Personer","2007","07459","2026-09-10 13:01:08 UTC"
"3101","2","075","Personer1","2008",0,,"Halden","Kvinner","75 år","Personer","2008","07459","2026-09-10 13:01:08 UTC"
"3101","2","075","Personer1","2009",0,,"Halden","Kvinner","75 år","Personer","2009","07459","2026-09-10 13:01:08 UTC"
"3101","2","075","Personer1","2010",0,,"Halden","Kvinner","75 år","Personer","2010","07459","2026-09-10 13:01:08 UTC"
"3101","2","075","Personer1","2011",0,,"Halden","Kvinner","75 år","Personer","2011","07459","2026-09-10 13:01:08 UTC"
"3101","2","075","Personer1","2012",0,,"Halden","Kvinner","75 år","Personer","2012","07459","2026-09-10 13:01:08 UTC"
"3101","2","075","Personer1","2013",0,,"Halden","Kvinner","75 år","Personer","2013","07459","2026-09-10 13:01:08 UTC"
"3101","2","075","Personer1","2014",0,,"Halden","Kvinner","75 år","Personer","2014","07459","2026-09-10 13:01:08 UTC"
"3101","2","075","Personer1","2015",0,,"Halden","Kvinner","75 år","Personer","2015","07459","2026-09-10 13:01:08 UTC"
"3101","2","075","Personer1","2016",0,,"Halden","Kvinner","75 år","Personer","2016","07459","2026-09-10 13:01:08 UTC"
"3101","2","075","Personer1","2017",0,,"Halden","Kvinner","75 år","Personer","2017","07459","2026-09-10 13:01:08 UTC"
"3101","2","075","Personer1","2018",0,,"Halden","Kvinner","75 år","Personer","2018","07459","2026-09-10 13:01:08 UTC"
"3101","2","075","Personer1","2019",0,,"Halden","Kvinner","75 år","Personer","2019","07459","2026-09-10 13:01:08 UTC"
"3101","2","075","Personer1","2020",0,,"Halden","Kvinner","75 år","Personer","2020","07459","2026-09-10 13:01:08 UTC"
"3101","2","075","Personer1","2021",0,,"Halden","Kvinner","75 år","Personer","2021","07459","2026-09-10 13:01:08 UTC"
"3101","2","075","Personer1","2022",0,,"Halden","Kvinner","75 år","Personer","2022","07459","2026-09-10 13:01:08 UTC"
"3101","2","075","Personer1","2023",0,,"Halden","Kvinner","75 år","Personer","2023","07459","2026-09-10 13:01:08 UTC"
"3101","2","075","Personer1","2024",167,,"Halden","Kvinner","75 år","Personer","2024","07459","2026-09-10 13:01:08 UTC"
"3101","2","075","Personer1","2025",166,,"Halden","Kvinner","75 år","Personer","2025","07459","2026-09-10 13:01:08 UTC"
"3101","2","075","Personer1","2026",172,,"Halden","Kvinner","75 år","Personer","2026","07459","2026-09-10 13:01:08 UTC"
"3101","2","076","Personer1","2005",0,,"Halden","Kvinner","76 år","Personer","2005","07459","2026-09-10 13:01:08 UTC"
"3101","2","076","Personer1","2006",0,,"Halden","Kvinner","76 år","Personer","2006","07459","2026-09-10 13:01:08 UTC"
"3101","2","076","Personer1","2007",0,,"Halden","Kvinner","76 år","Personer","2007","07459","2026-09-10 13:01:08 UTC"
"3101","2","076","Personer1","2008",0,,"Halden","Kvinner","76 år","Personer","2008","07459","2026-09-10 13:01:08 UTC"
"3101","2","076","Personer1","2009",0,,"Halden","Kvinner","76 år","Personer","2009","07459","2026-09-10 13:01:08 UTC"
"3101","2","076","Personer1","2010",0,,"Halden","Kvinner","76 år","Personer","2010","07459","2026-09-10 13:01:08 UTC"
"3101","2","076","Personer1","2011",0,,"Halden","Kvinner","76 år","Personer","2011","07459","2026-09-10 13:01:08 UTC"
"3101","2","076","Personer1","2012",0,,"Halden","Kvinner","76 år","Personer","2012","07459","2026-09-10 13:01:08 UTC"
"3101","2","076","Personer1","2013",0,,"Halden","Kvinner","76 år","Personer","2013","07459","2026-09-10 13:01:08 UTC"
"3101","2","076","Personer1","2014",0,,"Halden","Kvinner","76 år","Personer","2014","07459","2026-09-10 13:01:08 UTC"
"3101","2","076","Personer1","2015",0,,"Halden","Kvinner","76 år","Personer","2015","07459","2026-09-10 13:01:08 UTC"
"3101","2","076","Personer1","2016",0,,"Halden","Kvinner","76 år","Personer","2016","07459","2026-09-10 13:01:08 UTC"
"3101","2","076","Personer1","2017",0,,"Halden","Kvinner","76 år","Personer","2017","07459","2026-09-10 13:01:08 UTC"
"3101","2","076","Personer1","2018",0,,"Halden","Kvinner","76 år","Personer","2018","07459","2026-09-10 13:01:08 UTC"
"3101","2","076","Personer1","2019",0,,"Halden","Kvinner","76 år","Personer","2019","07459","2026-09-10 13:01:08 UTC"
"3101","2","076","Personer1","2020",0,,"Halden","Kvinner","76 år","Personer","2020","07459","2026-09-10 13:01:08 UTC"
"3101","2","076","Personer1","2021",0,,"Halden","Kvinner","76 år","Personer","2021","07459","2026-09-10 13:01:08 UTC"
"3101","2","076","Personer1","2022",0,,"Halden","Kvinner","76 år","Personer","2022","07459","2026-09-10 13:01:08 UTC"
"3101","2","076","Personer1","2023",0,,"Halden","Kvinner","76 år","Personer","2023","07459","2026-09-10 13:01:08 UTC"
"3101","2","076","Personer1","2024",193,,"Halden","Kvinner","76 år","Personer","2024","07459","2026-09-10 13:01:08 UTC"
"3101","2","076","Personer1","2025",166,,"Halden","Kvinner","76 år","Personer","2025","07459","2026-09-10 13:01:08 UTC"
"3101","2","076","Personer1","2026",165,,"Halden","Kvinner","76 år","Personer","2026","07459","2026-09-10 13:01:08 UTC"
"3101","2","077","Personer1","2005",0,,"Halden","Kvinner","77 år","Personer","2005","07459","2026-09-10 13:01:08 UTC"
"3101","2","077","Personer1","2006",0,,"Halden","Kvinner","77 år","Personer","2006","07459","2026-09-10 13:01:08 UTC"
"3101","2","077","Personer1","2007",0,,"Halden","Kvinner","77 år","Personer","2007","07459","2026-09-10 13:01:08 UTC"
"3101","2","077","Personer1","2008",0,,"Halden","Kvinner","77 år","Personer","2008","07459","2026-09-10 13:01:08 UTC"
"3101","2","077","Personer1","2009",0,,"Halden","Kvinner","77 år","Personer","2009","07459","2026-09-10 13:01:08 UTC"
"3101","2","077","Personer1","2010",0,,"Halden","Kvinner","77 år","Personer","2010","07459","2026-09-10 13:01:08 UTC"
"3101","2","077","Personer1","2011",0,,"Halden","Kvinner","77 år","Personer","2011","07459","2026-09-10 13:01:08 UTC"
"3101","2","077","Personer1","2012",0,,"Halden","Kvinner","77 år","Personer","2012","07459","2026-09-10 13:01:08 UTC"
"3101","2","077","Personer1","2013",0,,"Halden","Kvinner","77 år","Personer","2013","07459","2026-09-10 13:01:08 UTC"
"3101","2","077","Personer1","2014",0,,"Halden","Kvinner","77 år","Personer","2014","07459","2026-09-10 13:01:08 UTC"
"3101","2","077","Personer1","2015",0,,"Halden","Kvinner","77 år","Personer","2015","07459","2026-09-10 13:01:08 UTC"
"3101","2","077","Personer1","2016",0,,"Halden","Kvinner","77 år","Personer","2016","07459","2026-09-10 13:01:08 UTC"
"3101","2","077","Personer1","2017",0,,"Halden","Kvinner","77 år","Personer","2017","07459","2026-09-10 13:01:08 UTC"
"3101","2","077","Personer1","2018",0,,"Halden","Kvinner","77 år","Personer","2018","07459","2026-09-10 13:01:08 UTC"
"3101","2","077","Personer1","2019",0,,"Halden","Kvinner","77 år","Personer","2019","07459","2026-09-10 13:01:08 UTC"
"3101","2","077","Personer1","2020",0,,"Halden","Kvinner","77 år","Personer","2020","07459","2026-09-10 13:01:08 UTC"
"3101","2","077","Personer1","2021",0,,"Halden","Kvinner","77 år","Personer","2021","07459","2026-09-10 13:01:08 UTC"
"3101","2","077","Personer1","2022",0,,"Halden","Kvinner","77 år","Personer","2022","07459","2026-09-10 13:01:08 UTC"
"3101","2","077","Personer1","2023",0,,"Halden","Kvinner","77 år","Personer","2023","07459","2026-09-10 13:01:08 UTC"
"3101","2","077","Personer1","2024",189,,"Halden","Kvinner","77 år","Personer","2024","07459","2026-09-10 13:01:08 UTC"
"3101","2","077","Personer1","2025",187,,"Halden","Kvinner","77 år","Personer","2025","07459","2026-09-10 13:01:08 UTC"
"3101","2","077","Personer1","2026",161,,"Halden","Kvinner","77 år","Personer","2026","07459","2026-09-10 13:01:08 UTC"
"3101","2","078","Personer1","2005",0,,"Halden","Kvinner","78 år","Personer","2005","07459","2026-09-10 13:01:08 UTC"
"3101","2","078","Personer1","2006",0,,"Halden","Kvinner","78 år","Personer","2006","07459","2026-09-10 13:01:08 UTC"
"3101","2","078","Personer1","2007",0,,"Halden","Kvinner","78 år","Personer","2007","07459","2026-09-10 13:01:08 UTC"
"3101","2","078","Personer1","2008",0,,"Halden","Kvinner","78 år","Personer","2008","07459","2026-09-10 13:01:08 UTC"
"3101","2","078","Personer1","2009",0,,"Halden","Kvinner","78 år","Personer","2009","07459","2026-09-10 13:01:08 UTC"
"3101","2","078","Personer1","2010",0,,"Halden","Kvinner","78 år","Personer","2010","07459","2026-09-10 13:01:08 UTC"
"3101","2","078","Personer1","2011",0,,"Halden","Kvinner","78 år","Personer","2011","07459","2026-09-10 13:01:08 UTC"
"3101","2","078","Personer1","2012",0,,"Halden","Kvinner","78 år","Personer","2012","07459","2026-09-10 13:01:08 UTC"
"3101","2","078","Personer1","2013",0,,"Halden","Kvinner","78 år","Personer","2013","07459","2026-09-10 13:01:08 UTC"
"3101","2","078","Personer1","2014",0,,"Halden","Kvinner","78 år","Personer","2014","07459","2026-09-10 13:01:08 UTC"
"3101","2","078","Personer1","2015",0,,"Halden","Kvinner","78 år","Personer","2015","07459","2026-09-10 13:01:08 UTC"
"3101","2","078","Personer1","2016",0,,"Halden","Kvinner","78 år","Personer","2016","07459","2026-09-10 13:01:08 UTC"
"3101","2","078","Personer1","2017",0,,"Halden","Kvinner","78 år","Personer","2017","07459","2026-09-10 13:01:08 UTC"
"3101","2","078","Personer1","2018",0,,"Halden","Kvinner","78 år","Personer","2018","07459","2026-09-10 13:01:08 UTC"
"3101","2","078","Personer1","2019",0,,"Halden","Kvinner","78 år","Personer","2019","07459","2026-09-10 13:01:08 UTC"
"3101","2","078","Personer1","2020",0,,"Halden","Kvinner","78 år","Personer","2020","07459","2026-09-10 13:01:08 UTC"
"3101","2","078","Personer1","2021",0,,"Halden","Kvinner","78 år","Personer","2021","07459","2026-09-10 13:01:08 UTC"
"3101","2","078","Personer1","2022",0,,"Halden","Kvinner","78 år","Personer","2022","07459","2026-09-10 13:01:08 UTC"
"3101","2","078","Personer1","2023",0,,"Halden","Kvinner","78 år","Personer","2023","07459","2026-09-10 13:01:08 UTC"
"3101","2","078","Personer1","2024",181,,"Halden","Kvinner","78 år","Personer","2024","07459","2026-09-10 13:01:08 UTC"
"3101","2","078","Personer1","2025",182,,"Halden","Kvinner","78 år","Personer","2025","07459","2026-09-10 13:01:08 UTC"
"3101","2","078","Personer1","2026",184,,"Halden","Kvinner","78 år","Personer","2026","07459","2026-09-10 13:01:08 UTC"
"3101","2","079","Personer1","2005",0,,"Halden","Kvinner","79 år","Personer","2005","07459","2026-09-10 13:01:08 UTC"
"3101","2","079","Personer1","2006",0,,"Halden","Kvinner","79 år","Personer","2006","07459","2026-09-10 13:01:08 UTC"
"3101","2","079","Personer1","2007",0,,"Halden","Kvinner","79 år","Personer","2007","07459","2026-09-10 13:01:08 UTC"
"3101","2","079","Personer1","2008",0,,"Halden","Kvinner","79 år","Personer","2008","07459","2026-09-10 13:01:08 UTC"
"3101","2","079","Personer1","2009",0,,"Halden","Kvinner","79 år","Personer","2009","07459","2026-09-10 13:01:08 UTC"
"3101","2","079","Personer1","2010",0,,"Halden","Kvinner","79 år","Personer","2010","07459","2026-09-10 13:01:08 UTC"
"3101","2","079","Personer1","2011",0,,"Halden","Kvinner","79 år","Personer","2011","07459","2026-09-10 13:01:08 UTC"
"3101","2","079","Personer1","2012",0,,"Halden","Kvinner","79 år","Personer","2012","07459","2026-09-10 13:01:08 UTC"
"3101","2","079","Personer1","2013",0,,"Halden","Kvinner","79 år","Personer","2013","07459","2026-09-10 13:01:08 UTC"
"3101","2","079","Personer1","2014",0,,"Halden","Kvinner","79 år","Personer","2014","07459","2026-09-10 13:01:08 UTC"
"3101","2","079","Personer1","2015",0,,"Halden","Kvinner","79 år","Personer","2015","07459","2026-09-10 13:01:08 UTC"
"3101","2","079","Personer1","2016",0,,"Halden","Kvinner","79 år","Personer","2016","07459","2026-09-10 13:01:08 UTC"
"3101","2","079","Personer1","2017",0,,"Halden","Kvinner","79 år","Personer","2017","07459","2026-09-10 13:01:08 UTC"
"3101","2","079","Personer1","2018",0,,"Halden","Kvinner","79 år","Personer","2018","07459","2026-09-10 13:01:08 UTC"
"3101","2","079","Personer1","2019",0,,"Halden","Kvinner","79 år","Personer","2019","07459","2026-09-10 13:01:08 UTC"
"3101","2","079","Personer1","2020",0,,"Halden","Kvinner","79 år","Personer","2020","07459","2026-09-10 13:01:08 UTC"
"3101","2","079","Personer1","2021",0,,"Halden","Kvinner","79 år","Personer","2021","07459","2026-09-10 13:01:08 UTC"
"3101","2","079","Personer1","2022",0,,"Halden","Kvinner","79 år","Personer","2022","07459","2026-09-10 13:01:08 UTC"
"3101","2","079","Personer1","2023",0,,"Halden","Kvinner","79 år","Personer","2023","07459","2026-09-10 13:01:08 UTC"
"3101","2","079","Personer1","2024",122,,"Halden","Kvinner","79 år","Personer","2024","07459","2026-09-10 13:01:08 UTC"
"3101","2","079","Personer1","2025",176,,"Halden","Kvinner","79 år","Personer","2025","07459","2026-09-10 13:01:08 UTC"
"3101","2","079","Personer1","2026",177,,"Halden","Kvinner","79 år","Personer","2026","07459","2026-09-10 13:01:08 UTC"
"3101","2","080","Personer1","2005",0,,"Halden","Kvinner","80 år","Personer","2005","07459","2026-09-10 13:01:08 UTC"
"3101","2","080","Personer1","2006",0,,"Halden","Kvinner","80 år","Personer","2006","07459","2026-09-10 13:01:08 UTC"
"3101","2","080","Personer1","2007",0,,"Halden","Kvinner","80 år","Personer","2007","07459","2026-09-10 13:01:08 UTC"
"3101","2","080","Personer1","2008",0,,"Halden","Kvinner","80 år","Personer","2008","07459","2026-09-10 13:01:08 UTC"
"3101","2","080","Personer1","2009",0,,"Halden","Kvinner","80 år","Personer","2009","07459","2026-09-10 13:01:08 UTC"
"3101","2","080","Personer1","2010",0,,"Halden","Kvinner","80 år","Personer","2010","07459","2026-09-10 13:01:08 UTC"
"3101","2","080","Personer1","2011",0,,"Halden","Kvinner","80 år","Personer","2011","07459","2026-09-10 13:01:08 UTC"
"3101","2","080","Personer1","2012",0,,"Halden","Kvinner","80 år","Personer","2012","07459","2026-09-10 13:01:08 UTC"
"3101","2","080","Personer1","2013",0,,"Halden","Kvinner","80 år","Personer","2013","07459","2026-09-10 13:01:08 UTC"
"3101","2","080","Personer1","2014",0,,"Halden","Kvinner","80 år","Personer","2014","07459","2026-09-10 13:01:08 UTC"
"3101","2","080","Personer1","2015",0,,"Halden","Kvinner","80 år","Personer","2015","07459","2026-09-10 13:01:08 UTC"
"3101","2","080","Personer1","2016",0,,"Halden","Kvinner","80 år","Personer","2016","07459","2026-09-10 13:01:08 UTC"
"3101","2","080","Personer1","2017",0,,"Halden","Kvinner","80 år","Personer","2017","07459","2026-09-10 13:01:08 UTC"
"3101","2","080","Personer1","2018",0,,"Halden","Kvinner","80 år","Personer","2018","07459","2026-09-10 13:01:08 UTC"
"3101","2","080","Personer1","2019",0,,"Halden","Kvinner","80 år","Personer","2019","07459","2026-09-10 13:01:08 UTC"
"3101","2","080","Personer1","2020",0,,"Halden","Kvinner","80 år","Personer","2020","07459","2026-09-10 13:01:08 UTC"
"3101","2","080","Personer1","2021",0,,"Halden","Kvinner","80 år","Personer","2021","07459","2026-09-10 13:01:08 UTC"
"3101","2","080","Personer1","2022",0,,"Halden","Kvinner","80 år","Personer","2022","07459","2026-09-10 13:01:08 UTC"
"3101","2","080","Personer1","2023",0,,"Halden","Kvinner","80 år","Personer","2023","07459","2026-09-10 13:01:08 UTC"
"3101","2","080","Personer1","2024",118,,"Halden","Kvinner","80 år","Personer","2024","07459","2026-09-10 13:01:08 UTC"
"3101","2","080","Personer1","2025",119,,"Halden","Kvinner","80 år","Personer","2025","07459","2026-09-10 13:01:08 UTC"
"3101","2","080","Personer1","2026",171,,"Halden","Kvinner","80 år","Personer","2026","07459","2026-09-10 13:01:08 UTC"
"3101","2","081","Personer1","2005",0,,"Halden","Kvinner","81 år","Personer","2005","07459","2026-09-10 13:01:08 UTC"
"3101","2","081","Personer1","2006",0,,"Halden","Kvinner","81 år","Personer","2006","07459","2026-09-10 13:01:08 UTC"
"3101","2","081","Personer1","2007",0,,"Halden","Kvinner","81 år","Personer","2007","07459","2026-09-10 13:01:08 UTC"
"3101","2","081","Personer1","2008",0,,"Halden","Kvinner","81 år","Personer","2008","07459","2026-09-10 13:01:08 UTC"
"3101","2","081","Personer1","2009",0,,"Halden","Kvinner","81 år","Personer","2009","07459","2026-09-10 13:01:08 UTC"
"3101","2","081","Personer1","2010",0,,"Halden","Kvinner","81 år","Personer","2010","07459","2026-09-10 13:01:08 UTC"
"3101","2","081","Personer1","2011",0,,"Halden","Kvinner","81 år","Personer","2011","07459","2026-09-10 13:01:08 UTC"
"3101","2","081","Personer1","2012",0,,"Halden","Kvinner","81 år","Personer","2012","07459","2026-09-10 13:01:08 UTC"
"3101","2","081","Personer1","2013",0,,"Halden","Kvinner","81 år","Personer","2013","07459","2026-09-10 13:01:08 UTC"
"3101","2","081","Personer1","2014",0,,"Halden","Kvinner","81 år","Personer","2014","07459","2026-09-10 13:01:08 UTC"
"3101","2","081","Personer1","2015",0,,"Halden","Kvinner","81 år","Personer","2015","07459","2026-09-10 13:01:08 UTC"
"3101","2","081","Personer1","2016",0,,"Halden","Kvinner","81 år","Personer","2016","07459","2026-09-10 13:01:08 UTC"
"3101","2","081","Personer1","2017",0,,"Halden","Kvinner","81 år","Personer","2017","07459","2026-09-10 13:01:08 UTC"
"3101","2","081","Personer1","2018",0,,"Halden","Kvinner","81 år","Personer","2018","07459","2026-09-10 13:01:08 UTC"
"3101","2","081","Personer1","2019",0,,"Halden","Kvinner","81 år","Personer","2019","07459","2026-09-10 13:01:08 UTC"
"3101","2","081","Personer1","2020",0,,"Halden","Kvinner","81 år","Personer","2020","07459","2026-09-10 13:01:08 UTC"
"3101","2","081","Personer1","2021",0,,"Halden","Kvinner","81 år","Personer","2021","07459","2026-09-10 13:01:08 UTC"
"3101","2","081","Personer1","2022",0,,"Halden","Kvinner","81 år","Personer","2022","07459","2026-09-10 13:01:08 UTC"
"3101","2","081","Personer1","2023",0,,"Halden","Kvinner","81 år","Personer","2023","07459","2026-09-10 13:01:08 UTC"
"3101","2","081","Personer1","2024",93,,"Halden","Kvinner","81 år","Personer","2024","07459","2026-09-10 13:01:08 UTC"
"3101","2","081","Personer1","2025",113,,"Halden","Kvinner","81 år","Personer","2025","07459","2026-09-10 13:01:08 UTC"
"3101","2","081","Personer1","2026",117,,"Halden","Kvinner","81 år","Personer","2026","07459","2026-09-10 13:01:08 UTC"
"3101","2","082","Personer1","2005",0,,"Halden","Kvinner","82 år","Personer","2005","07459","2026-09-10 13:01:08 UTC"
"3101","2","082","Personer1","2006",0,,"Halden","Kvinner","82 år","Personer","2006","07459","2026-09-10 13:01:08 UTC"
"3101","2","082","Personer1","2007",0,,"Halden","Kvinner","82 år","Personer","2007","07459","2026-09-10 13:01:08 UTC"
"3101","2","082","Personer1","2008",0,,"Halden","Kvinner","82 år","Personer","2008","07459","2026-09-10 13:01:08 UTC"
"3101","2","082","Personer1","2009",0,,"Halden","Kvinner","82 år","Personer","2009","07459","2026-09-10 13:01:08 UTC"
"3101","2","082","Personer1","2010",0,,"Halden","Kvinner","82 år","Personer","2010","07459","2026-09-10 13:01:08 UTC"
"3101","2","082","Personer1","2011",0,,"Halden","Kvinner","82 år","Personer","2011","07459","2026-09-10 13:01:08 UTC"
"3101","2","082","Personer1","2012",0,,"Halden","Kvinner","82 år","Personer","2012","07459","2026-09-10 13:01:08 UTC"
"3101","2","082","Personer1","2013",0,,"Halden","Kvinner","82 år","Personer","2013","07459","2026-09-10 13:01:08 UTC"
"3101","2","082","Personer1","2014",0,,"Halden","Kvinner","82 år","Personer","2014","07459","2026-09-10 13:01:08 UTC"
"3101","2","082","Personer1","2015",0,,"Halden","Kvinner","82 år","Personer","2015","07459","2026-09-10 13:01:08 UTC"
"3101","2","082","Personer1","2016",0,,"Halden","Kvinner","82 år","Personer","2016","07459","2026-09-10 13:01:08 UTC"
"3101","2","082","Personer1","2017",0,,"Halden","Kvinner","82 år","Personer","2017","07459","2026-09-10 13:01:08 UTC"
"3101","2","082","Personer1","2018",0,,"Halden","Kvinner","82 år","Personer","2018","07459","2026-09-10 13:01:08 UTC"
"3101","2","082","Personer1","2019",0,,"Halden","Kvinner","82 år","Personer","2019","07459","2026-09-10 13:01:08 UTC"
"3101","2","082","Personer1","2020",0,,"Halden","Kvinner","82 år","Personer","2020","07459","2026-09-10 13:01:08 UTC"
"3101","2","082","Personer1","2021",0,,"Halden","Kvinner","82 år","Personer","2021","07459","2026-09-10 13:01:08 UTC"
"3101","2","082","Personer1","2022",0,,"Halden","Kvinner","82 år","Personer","2022","07459","2026-09-10 13:01:08 UTC"
"3101","2","082","Personer1","2023",0,,"Halden","Kvinner","82 år","Personer","2023","07459","2026-09-10 13:01:08 UTC"
"3101","2","082","Personer1","2024",105,,"Halden","Kvinner","82 år","Personer","2024","07459","2026-09-10 13:01:08 UTC"
"3101","2","082","Personer1","2025",91,,"Halden","Kvinner","82 år","Personer","2025","07459","2026-09-10 13:01:08 UTC"
"3101","2","082","Personer1","2026",111,,"Halden","Kvinner","82 år","Personer","2026","07459","2026-09-10 13:01:08 UTC"
"3101","2","083","Personer1","2005",0,,"Halden","Kvinner","83 år","Personer","2005","07459","2026-09-10 13:01:08 UTC"
"3101","2","083","Personer1","2006",0,,"Halden","Kvinner","83 år","Personer","2006","07459","2026-09-10 13:01:08 UTC"
"3101","2","083","Personer1","2007",0,,"Halden","Kvinner","83 år","Personer","2007","07459","2026-09-10 13:01:08 UTC"
"3101","2","083","Personer1","2008",0,,"Halden","Kvinner","83 år","Personer","2008","07459","2026-09-10 13:01:08 UTC"
"3101","2","083","Personer1","2009",0,,"Halden","Kvinner","83 år","Personer","2009","07459","2026-09-10 13:01:08 UTC"
"3101","2","083","Personer1","2010",0,,"Halden","Kvinner","83 år","Personer","2010","07459","2026-09-10 13:01:08 UTC"
"3101","2","083","Personer1","2011",0,,"Halden","Kvinner","83 år","Personer","2011","07459","2026-09-10 13:01:08 UTC"
"3101","2","083","Personer1","2012",0,,"Halden","Kvinner","83 år","Personer","2012","07459","2026-09-10 13:01:08 UTC"
"3101","2","083","Personer1","2013",0,,"Halden","Kvinner","83 år","Personer","2013","07459","2026-09-10 13:01:08 UTC"
"3101","2","083","Personer1","2014",0,,"Halden","Kvinner","83 år","Personer","2014","07459","2026-09-10 13:01:08 UTC"
"3101","2","083","Personer1","2015",0,,"Halden","Kvinner","83 år","Personer","2015","07459","2026-09-10 13:01:08 UTC"
"3101","2","083","Personer1","2016",0,,"Halden","Kvinner","83 år","Personer","2016","07459","2026-09-10 13:01:08 UTC"
"3101","2","083","Personer1","2017",0,,"Halden","Kvinner","83 år","Personer","2017","07459","2026-09-10 13:01:08 UTC"
"3101","2","083","Personer1","2018",0,,"Halden","Kvinner","83 år","Personer","2018","07459","2026-09-10 13:01:08 UTC"
"3101","2","083","Personer1","2019",0,,"Halden","Kvinner","83 år","Personer","2019","07459","2026-09-10 13:01:08 UTC"
"3101","2","083","Personer1","2020",0,,"Halden","Kvinner","83 år","Personer","2020","07459","2026-09-10 13:01:08 UTC"
"3101","2","083","Personer1","2021",0,,"Halden","Kvinner","83 år","Personer","2021","07459","2026-09-10 13:01:08 UTC"
"3101","2","083","Personer1","2022",0,,"Halden","Kvinner","83 år","Personer","2022","07459","2026-09-10 13:01:08 UTC"
"3101","2","083","Personer1","2023",0,,"Halden","Kvinner","83 år","Personer","2023","07459","2026-09-10 13:01:08 UTC"
"3101","2","083","Personer1","2024",93,,"Halden","Kvinner","83 år","Personer","2024","07459","2026-09-10 13:01:08 UTC"
"3101","2","083","Personer1","2025",98,,"Halden","Kvinner","83 år","Personer","2025","07459","2026-09-10 13:01:08 UTC"
"3101","2","083","Personer1","2026",86,,"Halden","Kvinner","83 år","Personer","2026","07459","2026-09-10 13:01:08 UTC"
"3101","2","084","Personer1","2005",0,,"Halden","Kvinner","84 år","Personer","2005","07459","2026-09-10 13:01:08 UTC"
"3101","2","084","Personer1","2006",0,,"Halden","Kvinner","84 år","Personer","2006","07459","2026-09-10 13:01:08 UTC"
"3101","2","084","Personer1","2007",0,,"Halden","Kvinner","84 år","Personer","2007","07459","2026-09-10 13:01:08 UTC"
"3101","2","084","Personer1","2008",0,,"Halden","Kvinner","84 år","Personer","2008","07459","2026-09-10 13:01:08 UTC"
"3101","2","084","Personer1","2009",0,,"Halden","Kvinner","84 år","Personer","2009","07459","2026-09-10 13:01:08 UTC"
"3101","2","084","Personer1","2010",0,,"Halden","Kvinner","84 år","Personer","2010","07459","2026-09-10 13:01:08 UTC"
"3101","2","084","Personer1","2011",0,,"Halden","Kvinner","84 år","Personer","2011","07459","2026-09-10 13:01:08 UTC"
"3101","2","084","Personer1","2012",0,,"Halden","Kvinner","84 år","Personer","2012","07459","2026-09-10 13:01:08 UTC"
"3101","2","084","Personer1","2013",0,,"Halden","Kvinner","84 år","Personer","2013","07459","2026-09-10 13:01:08 UTC"
"3101","2","084","Personer1","2014",0,,"Halden","Kvinner","84 år","Personer","2014","07459","2026-09-10 13:01:08 UTC"
"3101","2","084","Personer1","2015",0,,"Halden","Kvinner","84 år","Personer","2015","07459","2026-09-10 13:01:08 UTC"
"3101","2","084","Personer1","2016",0,,"Halden","Kvinner","84 år","Personer","2016","07459","2026-09-10 13:01:08 UTC"
"3101","2","084","Personer1","2017",0,,"Halden","Kvinner","84 år","Personer","2017","07459","2026-09-10 13:01:08 UTC"
"3101","2","084","Personer1","2018",0,,"Halden","Kvinner","84 år","Personer","2018","07459","2026-09-10 13:01:08 UTC"
"3101","2","084","Personer1","2019",0,,"Halden","Kvinner","84 år","Personer","2019","07459","2026-09-10 13:01:08 UTC"
"3101","2","084","Personer1","2020",0,,"Halden","Kvinner","84 år","Personer","2020","07459","2026-09-10 13:01:08 UTC"
"3101","2","084","Personer1","2021",0,,"Halden","Kvinner","84 år","Personer","2021","07459","2026-09-10 13:01:08 UTC"
"3101","2","084","Personer1","2022",0,,"Halden","Kvinner","84 år","Personer","2022","07459","2026-09-10 13:01:08 UTC"
"3101","2","084","Personer1","2023",0,,"Halden","Kvinner","84 år","Personer","2023","07459","2026-09-10 13:01:08 UTC"
"3101","2","084","Personer1","2024",85,,"Halden","Kvinner","84 år","Personer","2024","07459","2026-09-10 13:01:08 UTC"
"3101","2","084","Personer1","2025",88,,"Halden","Kvinner","84 år","Personer","2025","07459","2026-09-10 13:01:08 UTC"
"3101","2","084","Personer1","2026",95,,"Halden","Kvinner","84 år","Personer","2026","07459","2026-09-10 13:01:08 UTC"
"3101","2","085","Personer1","2005",0,,"Halden","Kvinner","85 år","Personer","2005","07459","2026-09-10 13:01:08 UTC"
"3101","2","085","Personer1","2006",0,,"Halden","Kvinner","85 år","Personer","2006","07459","2026-09-10 13:01:08 UTC"
"3101","2","085","Personer1","2007",0,,"Halden","Kvinner","85 år","Personer","2007","07459","2026-09-10 13:01:08 UTC"
"3101","2","085","Personer1","2008",0,,"Halden","Kvinner","85 år","Personer","2008","07459","2026-09-10 13:01:08 UTC"
"3101","2","085","Personer1","2009",0,,"Halden","Kvinner","85 år","Personer","2009","07459","2026-09-10 13:01:08 UTC"
"3101","2","085","Personer1","2010",0,,"Halden","Kvinner","85 år","Personer","2010","07459","2026-09-10 13:01:08 UTC"
"3101","2","085","Personer1","2011",0,,"Halden","Kvinner","85 år","Personer","2011","07459","2026-09-10 13:01:08 UTC"
"3101","2","085","Personer1","2012",0,,"Halden","Kvinner","85 år","Personer","2012","07459","2026-09-10 13:01:08 UTC"
"3101","2","085","Personer1","2013",0,,"Halden","Kvinner","85 år","Personer","2013","07459","2026-09-10 13:01:08 UTC"
"3101","2","085","Personer1","2014",0,,"Halden","Kvinner","85 år","Personer","2014","07459","2026-09-10 13:01:08 UTC"
"3101","2","085","Personer1","2015",0,,"Halden","Kvinner","85 år","Personer","2015","07459","2026-09-10 13:01:08 UTC"
"3101","2","085","Personer1","2016",0,,"Halden","Kvinner","85 år","Personer","2016","07459","2026-09-10 13:01:08 UTC"
"3101","2","085","Personer1","2017",0,,"Halden","Kvinner","85 år","Personer","2017","07459","2026-09-10 13:01:08 UTC"
"3101","2","085","Personer1","2018",0,,"Halden","Kvinner","85 år","Personer","2018","07459","2026-09-10 13:01:08 UTC"
"3101","2","085","Personer1","2019",0,,"Halden","Kvinner","85 år","Personer","2019","07459","2026-09-10 13:01:08 UTC"
"3101","2","085","Personer1","2020",0,,"Halden","Kvinner","85 år","Personer","2020","07459","2026-09-10 13:01:08 UTC"
"3101","2","085","Personer1","2021",0,,"Halden","Kvinner","85 år","Personer","2021","07459","2026-09-10 13:01:08 UTC"
"3101","2","085","Personer1","2022",0,,"Halden","Kvinner","85 år","Personer","2022","07459","2026-09-10 13:01:08 UTC"
"3101","2","085","Personer1","2023",0,,"Halden","Kvinner","85 år","Personer","2023","07459","2026-09-10 13:01:08 UTC"
"3101","2","085","Personer1","2024",68,,"Halden","Kvinner","85 år","Personer","2024","07459","2026-09-10 13:01:08 UTC"
"3101","2","085","Personer1","2025",80,,"Halden","Kvinner","85 år","Personer","2025","07459","2026-09-10 13:01:08 UTC"
"3101","2","085","Personer1","2026",86,,"Halden","Kvinner","85 år","Personer","2026","07459","2026-09-10 13:01:08 UTC"
"3101","2","086","Personer1","2005",0,,"Halden","Kvinner","86 år","Personer","2005","07459","2026-09-10 13:01:08 UTC"
"3101","2","086","Personer1","2006",0,,"Halden","Kvinner","86 år","Personer","2006","07459","2026-09-10 13:01:08 UTC"
"3101","2","086","Personer1","2007",0,,"Halden","Kvinner","86 år","Personer","2007","07459","2026-09-10 13:01:08 UTC"
"3101","2","086","Personer1","2008",0,,"Halden","Kvinner","86 år","Personer","2008","07459","2026-09-10 13:01:08 UTC"
"3101","2","086","Personer1","2009",0,,"Halden","Kvinner","86 år","Personer","2009","07459","2026-09-10 13:01:08 UTC"
"3101","2","086","Personer1","2010",0,,"Halden","Kvinner","86 år","Personer","2010","07459","2026-09-10 13:01:08 UTC"
"3101","2","086","Personer1","2011",0,,"Halden","Kvinner","86 år","Personer","2011","07459","2026-09-10 13:01:08 UTC"
"3101","2","086","Personer1","2012",0,,"Halden","Kvinner","86 år","Personer","2012","07459","2026-09-10 13:01:08 UTC"
"3101","2","086","Personer1","2013",0,,"Halden","Kvinner","86 år","Personer","2013","07459","2026-09-10 13:01:08 UTC"
"3101","2","086","Personer1","2014",0,,"Halden","Kvinner","86 år","Personer","2014","07459","2026-09-10 13:01:08 UTC"
"3101","2","086","Personer1","2015",0,,"Halden","Kvinner","86 år","Personer","2015","07459","2026-09-10 13:01:08 UTC"
"3101","2","086","Personer1","2016",0,,"Halden","Kvinner","86 år","Personer","2016","07459","2026-09-10 13:01:08 UTC"
"3101","2","086","Personer1","2017",0,,"Halden","Kvinner","86 år","Personer","2017","07459","2026-09-10 13:01:08 UTC"
"3101","2","086","Personer1","2018",0,,"Halden","Kvinner","86 år","Personer","2018","07459","2026-09-10 13:01:08 UTC"
"3101","2","086","Personer1","2019",0,,"Halden","Kvinner","86 år","Personer","2019","07459","2026-09-10 13:01:08 UTC"
"3101","2","086","Personer1","2020",0,,"Halden","Kvinner","86 år","Personer","2020","07459","2026-09-10 13:01:08 UTC"
"3101","2","086","Personer1","2021",0,,"Halden","Kvinner","86 år","Personer","2021","07459","2026-09-10 13:01:08 UTC"
"3101","2","086","Personer1","2022",0,,"Halden","Kvinner","86 år","Personer","2022","07459","2026-09-10 13:01:08 UTC"
"3101","2","086","Personer1","2023",0,,"Halden","Kvinner","86 år","Personer","2023","07459","2026-09-10 13:01:08 UTC"
"3101","2","086","Personer1","2024",59,,"Halden","Kvinner","86 år","Personer","2024","07459","2026-09-10 13:01:08 UTC"
"3101","2","086","Personer1","2025",65,,"Halden","Kvinner","86 år","Personer","2025","07459","2026-09-10 13:01:08 UTC"
"3101","2","086","Personer1","2026",77,,"Halden","Kvinner","86 år","Personer","2026","07459","2026-09-10 13:01:08 UTC"
"3101","2","087","Personer1","2005",0,,"Halden","Kvinner","87 år","Personer","2005","07459","2026-09-10 13:01:08 UTC"
"3101","2","087","Personer1","2006",0,,"Halden","Kvinner","87 år","Personer","2006","07459","2026-09-10 13:01:08 UTC"
"3101","2","087","Personer1","2007",0,,"Halden","Kvinner","87 år","Personer","2007","07459","2026-09-10 13:01:08 UTC"
"3101","2","087","Personer1","2008",0,,"Halden","Kvinner","87 år","Personer","2008","07459","2026-09-10 13:01:08 UTC"
"3101","2","087","Personer1","2009",0,,"Halden","Kvinner","87 år","Personer","2009","07459","2026-09-10 13:01:08 UTC"
"3101","2","087","Personer1","2010",0,,"Halden","Kvinner","87 år","Personer","2010","07459","2026-09-10 13:01:08 UTC"
"3101","2","087","Personer1","2011",0,,"Halden","Kvinner","87 år","Personer","2011","07459","2026-09-10 13:01:08 UTC"
"3101","2","087","Personer1","2012",0,,"Halden","Kvinner","87 år","Personer","2012","07459","2026-09-10 13:01:08 UTC"
"3101","2","087","Personer1","2013",0,,"Halden","Kvinner","87 år","Personer","2013","07459","2026-09-10 13:01:08 UTC"
"3101","2","087","Personer1","2014",0,,"Halden","Kvinner","87 år","Personer","2014","07459","2026-09-10 13:01:08 UTC"
"3101","2","087","Personer1","2015",0,,"Halden","Kvinner","87 år","Personer","2015","07459","2026-09-10 13:01:08 UTC"
"3101","2","087","Personer1","2016",0,,"Halden","Kvinner","87 år","Personer","2016","07459","2026-09-10 13:01:08 UTC"
"3101","2","087","Personer1","2017",0,,"Halden","Kvinner","87 år","Personer","2017","07459","2026-09-10 13:01:08 UTC"
"3101","2","087","Personer1","2018",0,,"Halden","Kvinner","87 år","Personer","2018","07459","2026-09-10 13:01:08 UTC"
"3101","2","087","Personer1","2019",0,,"Halden","Kvinner","87 år","Personer","2019","07459","2026-09-10 13:01:08 UTC"
"3101","2","087","Personer1","2020",0,,"Halden","Kvinner","87 år","Personer","2020","07459","2026-09-10 13:01:08 UTC"
"3101","2","087","Personer1","2021",0,,"Halden","Kvinner","87 år","Personer","2021","07459","2026-09-10 13:01:08 UTC"
"3101","2","087","Personer1","2022",0,,"Halden","Kvinner","87 år","Personer","2022","07459","2026-09-10 13:01:08 UTC"
"3101","2","087","Personer1","2023",0,,"Halden","Kvinner","87 år","Personer","2023","07459","2026-09-10 13:01:08 UTC"
"3101","2","087","Personer1","2024",56,,"Halden","Kvinner","87 år","Personer","2024","07459","2026-09-10 13:01:08 UTC"
"3101","2","087","Personer1","2025",57,,"Halden","Kvinner","87 år","Personer","2025","07459","2026-09-10 13:01:08 UTC"
"3101","2","087","Personer1","2026",61,,"Halden","Kvinner","87 år","Personer","2026","07459","2026-09-10 13:01:08 UTC"
"3101","2","088","Personer1","2005",0,,"Halden","Kvinner","88 år","Personer","2005","07459","2026-09-10 13:01:08 UTC"
"3101","2","088","Personer1","2006",0,,"Halden","Kvinner","88 år","Personer","2006","07459","2026-09-10 13:01:08 UTC"
"3101","2","088","Personer1","2007",0,,"Halden","Kvinner","88 år","Personer","2007","07459","2026-09-10 13:01:08 UTC"
"3101","2","088","Personer1","2008",0,,"Halden","Kvinner","88 år","Personer","2008","07459","2026-09-10 13:01:08 UTC"
"3101","2","088","Personer1","2009",0,,"Halden","Kvinner","88 år","Personer","2009","07459","2026-09-10 13:01:08 UTC"
"3101","2","088","Personer1","2010",0,,"Halden","Kvinner","88 år","Personer","2010","07459","2026-09-10 13:01:08 UTC"
"3101","2","088","Personer1","2011",0,,"Halden","Kvinner","88 år","Personer","2011","07459","2026-09-10 13:01:08 UTC"
"3101","2","088","Personer1","2012",0,,"Halden","Kvinner","88 år","Personer","2012","07459","2026-09-10 13:01:08 UTC"
"3101","2","088","Personer1","2013",0,,"Halden","Kvinner","88 år","Personer","2013","07459","2026-09-10 13:01:08 UTC"
"3101","2","088","Personer1","2014",0,,"Halden","Kvinner","88 år","Personer","2014","07459","2026-09-10 13:01:08 UTC"
"3101","2","088","Personer1","2015",0,,"Halden","Kvinner","88 år","Personer","2015","07459","2026-09-10 13:01:08 UTC"
"3101","2","088","Personer1","2016",0,,"Halden","Kvinner","88 år","Personer","2016","07459","2026-09-10 13:01:08 UTC"
"3101","2","088","Personer1","2017",0,,"Halden","Kvinner","88 år","Personer","2017","07459","2026-09-10 13:01:08 UTC"
"3101","2","088","Personer1","2018",0,,"Halden","Kvinner","88 år","Personer","2018","07459","2026-09-10 13:01:08 UTC"
"3101","2","088","Personer1","2019",0,,"Halden","Kvinner","88 år","Personer","2019","07459","2026-09-10 13:01:08 UTC"
"3101","2","088","Personer1","2020",0,,"Halden","Kvinner","88 år","Personer","2020","07459","2026-09-10 13:01:08 UTC"
"3101","2","088","Personer1","2021",0,,"Halden","Kvinner","88 år","Personer","2021","07459","2026-09-10 13:01:08 UTC"
"3101","2","088","Personer1","2022",0,,"Halden","Kvinner","88 år","Personer","2022","07459","2026-09-10 13:01:08 UTC"
"3101","2","088","Personer1","2023",0,,"Halden","Kvinner","88 år","Personer","2023","07459","2026-09-10 13:01:08 UTC"
"3101","2","088","Personer1","2024",60,,"Halden","Kvinner","88 år","Personer","2024","07459","2026-09-10 13:01:08 UTC"
"3101","2","088","Personer1","2025",53,,"Halden","Kvinner","88 år","Personer","2025","07459","2026-09-10 13:01:08 UTC"
"3101","2","088","Personer1","2026",54,,"Halden","Kvinner","88 år","Personer","2026","07459","2026-09-10 13:01:08 UTC"
"3101","2","089","Personer1","2005",0,,"Halden","Kvinner","89 år","Personer","2005","07459","2026-09-10 13:01:08 UTC"
"3101","2","089","Personer1","2006",0,,"Halden","Kvinner","89 år","Personer","2006","07459","2026-09-10 13:01:08 UTC"
"3101","2","089","Personer1","2007",0,,"Halden","Kvinner","89 år","Personer","2007","07459","2026-09-10 13:01:08 UTC"
"3101","2","089","Personer1","2008",0,,"Halden","Kvinner","89 år","Personer","2008","07459","2026-09-10 13:01:08 UTC"
"3101","2","089","Personer1","2009",0,,"Halden","Kvinner","89 år","Personer","2009","07459","2026-09-10 13:01:08 UTC"
"3101","2","089","Personer1","2010",0,,"Halden","Kvinner","89 år","Personer","2010","07459","2026-09-10 13:01:08 UTC"
"3101","2","089","Personer1","2011",0,,"Halden","Kvinner","89 år","Personer","2011","07459","2026-09-10 13:01:08 UTC"
"3101","2","089","Personer1","2012",0,,"Halden","Kvinner","89 år","Personer","2012","07459","2026-09-10 13:01:08 UTC"
"3101","2","089","Personer1","2013",0,,"Halden","Kvinner","89 år","Personer","2013","07459","2026-09-10 13:01:08 UTC"
"3101","2","089","Personer1","2014",0,,"Halden","Kvinner","89 år","Personer","2014","07459","2026-09-10 13:01:08 UTC"
"3101","2","089","Personer1","2015",0,,"Halden","Kvinner","89 år","Personer","2015","07459","2026-09-10 13:01:08 UTC"
"3101","2","089","Personer1","2016",0,,"Halden","Kvinner","89 år","Personer","2016","07459","2026-09-10 13:01:08 UTC"
"3101","2","089","Personer1","2017",0,,"Halden","Kvinner","89 år","Personer","2017","07459","2026-09-10 13:01:08 UTC"
"3101","2","089","Personer1","2018",0,,"Halden","Kvinner","89 år","Personer","2018","07459","2026-09-10 13:01:08 UTC"
"3101","2","089","Personer1","2019",0,,"Halden","Kvinner","89 år","Personer","2019","07459","2026-09-10 13:01:08 UTC"
"3101","2","089","Personer1","2020",0,,"Halden","Kvinner","89 år","Personer","2020","07459","2026-09-10 13:01:08 UTC"
"3101","2","089","Personer1","2021",0,,"Halden","Kvinner","89 år","Personer","2021","07459","2026-09-10 13:01:08 UTC"
"3101","2","089","Personer1","2022",0,,"Halden","Kvinner","89 år","Personer","2022","07459","2026-09-10 13:01:08 UTC"
"3101","2","089","Personer1","2023",0,,"Halden","Kvinner","89 år","Personer","2023","07459","2026-09-10 13:01:08 UTC"
"3101","2","089","Personer1","2024",49,,"Halden","Kvinner","89 år","Personer","2024","07459","2026-09-10 13:01:08 UTC"
"3101","2","089","Personer1","2025",54,,"Halden","Kvinner","89 år","Personer","2025","07459","2026-09-10 13:01:08 UTC"
"3101","2","089","Personer1","2026",48,,"Halden","Kvinner","89 år","Personer","2026","07459","2026-09-10 13:01:08 UTC"
"3101","2","090","Personer1","2005",0,,"Halden","Kvinner","90 år","Personer","2005","07459","2026-09-10 13:01:08 UTC"
"3101","2","090","Personer1","2006",0,,"Halden","Kvinner","90 år","Personer","2006","07459","2026-09-10 13:01:08 UTC"
"3101","2","090","Personer1","2007",0,,"Halden","Kvinner","90 år","Personer","2007","07459","2026-09-10 13:01:08 UTC"
"3101","2","090","Personer1","2008",0,,"Halden","Kvinner","90 år","Personer","2008","07459","2026-09-10 13:01:08 UTC"
"3101","2","090","Personer1","2009",0,,"Halden","Kvinner","90 år","Personer","2009","07459","2026-09-10 13:01:08 UTC"
"3101","2","090","Personer1","2010",0,,"Halden","Kvinner","90 år","Personer","2010","07459","2026-09-10 13:01:08 UTC"
"3101","2","090","Personer1","2011",0,,"Halden","Kvinner","90 år","Personer","2011","07459","2026-09-10 13:01:08 UTC"
"3101","2","090","Personer1","2012",0,,"Halden","Kvinner","90 år","Personer","2012","07459","2026-09-10 13:01:08 UTC"
"3101","2","090","Personer1","2013",0,,"Halden","Kvinner","90 år","Personer","2013","07459","2026-09-10 13:01:08 UTC"
"3101","2","090","Personer1","2014",0,,"Halden","Kvinner","90 år","Personer","2014","07459","2026-09-10 13:01:08 UTC"
"3101","2","090","Personer1","2015",0,,"Halden","Kvinner","90 år","Personer","2015","07459","2026-09-10 13:01:08 UTC"
"3101","2","090","Personer1","2016",0,,"Halden","Kvinner","90 år","Personer","2016","07459","2026-09-10 13:01:08 UTC"
"3101","2","090","Personer1","2017",0,,"Halden","Kvinner","90 år","Personer","2017","07459","2026-09-10 13:01:08 UTC"
"3101","2","090","Personer1","2018",0,,"Halden","Kvinner","90 år","Personer","2018","07459","2026-09-10 13:01:08 UTC"
"3101","2","090","Personer1","2019",0,,"Halden","Kvinner","90 år","Personer","2019","07459","2026-09-10 13:01:08 UTC"
"3101","2","090","Personer1","2020",0,,"Halden","Kvinner","90 år","Personer","2020","07459","2026-09-10 13:01:08 UTC"
"3101","2","090","Personer1","2021",0,,"Halden","Kvinner","90 år","Personer","2021","07459","2026-09-10 13:01:08 UTC"
"3101","2","090","Personer1","2022",0,,"Halden","Kvinner","90 år","Personer","2022","07459","2026-09-10 13:01:08 UTC"
"3101","2","090","Personer1","2023",0,,"Halden","Kvinner","90 år","Personer","2023","07459","2026-09-10 13:01:08 UTC"
"3101","2","090","Personer1","2024",31,,"Halden","Kvinner","90 år","Personer","2024","07459","2026-09-10 13:01:08 UTC"
"3101","2","090","Personer1","2025",40,,"Halden","Kvinner","90 år","Personer","2025","07459","2026-09-10 13:01:08 UTC"
"3101","2","090","Personer1","2026",47,,"Halden","Kvinner","90 år","Personer","2026","07459","2026-09-10 13:01:08 UTC"
"3101","2","091","Personer1","2005",0,,"Halden","Kvinner","91 år","Personer","2005","07459","2026-09-10 13:01:08 UTC"
"3101","2","091","Personer1","2006",0,,"Halden","Kvinner","91 år","Personer","2006","07459","2026-09-10 13:01:08 UTC"
"3101","2","091","Personer1","2007",0,,"Halden","Kvinner","91 år","Personer","2007","07459","2026-09-10 13:01:08 UTC"
"3101","2","091","Personer1","2008",0,,"Halden","Kvinner","91 år","Personer","2008","07459","2026-09-10 13:01:08 UTC"
"3101","2","091","Personer1","2009",0,,"Halden","Kvinner","91 år","Personer","2009","07459","2026-09-10 13:01:08 UTC"
"3101","2","091","Personer1","2010",0,,"Halden","Kvinner","91 år","Personer","2010","07459","2026-09-10 13:01:08 UTC"
"3101","2","091","Personer1","2011",0,,"Halden","Kvinner","91 år","Personer","2011","07459","2026-09-10 13:01:08 UTC"
"3101","2","091","Personer1","2012",0,,"Halden","Kvinner","91 år","Personer","2012","07459","2026-09-10 13:01:08 UTC"
"3101","2","091","Personer1","2013",0,,"Halden","Kvinner","91 år","Personer","2013","07459","2026-09-10 13:01:08 UTC"
"3101","2","091","Personer1","2014",0,,"Halden","Kvinner","91 år","Personer","2014","07459","2026-09-10 13:01:08 UTC"
"3101","2","091","Personer1","2015",0,,"Halden","Kvinner","91 år","Personer","2015","07459","2026-09-10 13:01:08 UTC"
"3101","2","091","Personer1","2016",0,,"Halden","Kvinner","91 år","Personer","2016","07459","2026-09-10 13:01:08 UTC"
"3101","2","091","Personer1","2017",0,,"Halden","Kvinner","91 år","Personer","2017","07459","2026-09-10 13:01:08 UTC"
"3101","2","091","Personer1","2018",0,,"Halden","Kvinner","91 år","Personer","2018","07459","2026-09-10 13:01:08 UTC"
"3101","2","091","Personer1","2019",0,,"Halden","Kvinner","91 år","Personer","2019","07459","2026-09-10 13:01:08 UTC"
"3101","2","091","Personer1","2020",0,,"Halden","Kvinner","91 år","Personer","2020","07459","2026-09-10 13:01:08 UTC"
"3101","2","091","Personer1","2021",0,,"Halden","Kvinner","91 år","Personer","2021","07459","2026-09-10 13:01:08 UTC"
"3101","2","091","Personer1","2022",0,,"Halden","Kvinner","91 år","Personer","2022","07459","2026-09-10 13:01:08 UTC"
"3101","2","091","Personer1","2023",0,,"Halden","Kvinner","91 år","Personer","2023","07459","2026-09-10 13:01:08 UTC"
"3101","2","091","Personer1","2024",45,,"Halden","Kvinner","91 år","Personer","2024","07459","2026-09-10 13:01:08 UTC"
"3101","2","091","Personer1","2025",26,,"Halden","Kvinner","91 år","Personer","2025","07459","2026-09-10 13:01:08 UTC"
"3101","2","091","Personer1","2026",39,,"Halden","Kvinner","91 år","Personer","2026","07459","2026-09-10 13:01:08 UTC"
"3101","2","092","Personer1","2005",0,,"Halden","Kvinner","92 år","Personer","2005","07459","2026-09-10 13:01:08 UTC"
"3101","2","092","Personer1","2006",0,,"Halden","Kvinner","92 år","Personer","2006","07459","2026-09-10 13:01:08 UTC"
"3101","2","092","Personer1","2007",0,,"Halden","Kvinner","92 år","Personer","2007","07459","2026-09-10 13:01:08 UTC"
"3101","2","092","Personer1","2008",0,,"Halden","Kvinner","92 år","Personer","2008","07459","2026-09-10 13:01:08 UTC"
"3101","2","092","Personer1","2009",0,,"Halden","Kvinner","92 år","Personer","2009","07459","2026-09-10 13:01:08 UTC"
"3101","2","092","Personer1","2010",0,,"Halden","Kvinner","92 år","Personer","2010","07459","2026-09-10 13:01:08 UTC"
"3101","2","092","Personer1","2011",0,,"Halden","Kvinner","92 år","Personer","2011","07459","2026-09-10 13:01:08 UTC"
"3101","2","092","Personer1","2012",0,,"Halden","Kvinner","92 år","Personer","2012","07459","2026-09-10 13:01:08 UTC"
"3101","2","092","Personer1","2013",0,,"Halden","Kvinner","92 år","Personer","2013","07459","2026-09-10 13:01:08 UTC"
"3101","2","092","Personer1","2014",0,,"Halden","Kvinner","92 år","Personer","2014","07459","2026-09-10 13:01:08 UTC"
"3101","2","092","Personer1","2015",0,,"Halden","Kvinner","92 år","Personer","2015","07459","2026-09-10 13:01:08 UTC"
"3101","2","092","Personer1","2016",0,,"Halden","Kvinner","92 år","Personer","2016","07459","2026-09-10 13:01:08 UTC"
"3101","2","092","Personer1","2017",0,,"Halden","Kvinner","92 år","Personer","2017","07459","2026-09-10 13:01:08 UTC"
"3101","2","092","Personer1","2018",0,,"Halden","Kvinner","92 år","Personer","2018","07459","2026-09-10 13:01:08 UTC"
"3101","2","092","Personer1","2019",0,,"Halden","Kvinner","92 år","Personer","2019","07459","2026-09-10 13:01:08 UTC"
"3101","2","092","Personer1","2020",0,,"Halden","Kvinner","92 år","Personer","2020","07459","2026-09-10 13:01:08 UTC"
"3101","2","092","Personer1","2021",0,,"Halden","Kvinner","92 år","Personer","2021","07459","2026-09-10 13:01:08 UTC"
"3101","2","092","Personer1","2022",0,,"Halden","Kvinner","92 år","Personer","2022","07459","2026-09-10 13:01:08 UTC"
"3101","2","092","Personer1","2023",0,,"Halden","Kvinner","92 år","Personer","2023","07459","2026-09-10 13:01:08 UTC"
"3101","2","092","Personer1","2024",45,,"Halden","Kvinner","92 år","Personer","2024","07459","2026-09-10 13:01:08 UTC"
"3101","2","092","Personer1","2025",39,,"Halden","Kvinner","92 år","Personer","2025","07459","2026-09-10 13:01:08 UTC"
"3101","2","092","Personer1","2026",22,,"Halden","Kvinner","92 år","Personer","2026","07459","2026-09-10 13:01:08 UTC"
"3101","2","093","Personer1","2005",0,,"Halden","Kvinner","93 år","Personer","2005","07459","2026-09-10 13:01:08 UTC"
"3101","2","093","Personer1","2006",0,,"Halden","Kvinner","93 år","Personer","2006","07459","2026-09-10 13:01:08 UTC"
"3101","2","093","Personer1","2007",0,,"Halden","Kvinner","93 år","Personer","2007","07459","2026-09-10 13:01:08 UTC"
"3101","2","093","Personer1","2008",0,,"Halden","Kvinner","93 år","Personer","2008","07459","2026-09-10 13:01:08 UTC"
"3101","2","093","Personer1","2009",0,,"Halden","Kvinner","93 år","Personer","2009","07459","2026-09-10 13:01:08 UTC"
"3101","2","093","Personer1","2010",0,,"Halden","Kvinner","93 år","Personer","2010","07459","2026-09-10 13:01:08 UTC"
"3101","2","093","Personer1","2011",0,,"Halden","Kvinner","93 år","Personer","2011","07459","2026-09-10 13:01:08 UTC"
"3101","2","093","Personer1","2012",0,,"Halden","Kvinner","93 år","Personer","2012","07459","2026-09-10 13:01:08 UTC"
"3101","2","093","Personer1","2013",0,,"Halden","Kvinner","93 år","Personer","2013","07459","2026-09-10 13:01:08 UTC"
"3101","2","093","Personer1","2014",0,,"Halden","Kvinner","93 år","Personer","2014","07459","2026-09-10 13:01:08 UTC"
"3101","2","093","Personer1","2015",0,,"Halden","Kvinner","93 år","Personer","2015","07459","2026-09-10 13:01:08 UTC"
"3101","2","093","Personer1","2016",0,,"Halden","Kvinner","93 år","Personer","2016","07459","2026-09-10 13:01:08 UTC"
"3101","2","093","Personer1","2017",0,,"Halden","Kvinner","93 år","Personer","2017","07459","2026-09-10 13:01:08 UTC"
"3101","2","093","Personer1","2018",0,,"Halden","Kvinner","93 år","Personer","2018","07459","2026-09-10 13:01:08 UTC"
"3101","2","093","Personer1","2019",0,,"Halden","Kvinner","93 år","Personer","2019","07459","2026-09-10 13:01:08 UTC"
"3101","2","093","Personer1","2020",0,,"Halden","Kvinner","93 år","Personer","2020","07459","2026-09-10 13:01:08 UTC"
"3101","2","093","Personer1","2021",0,,"Halden","Kvinner","93 år","Personer","2021","07459","2026-09-10 13:01:08 UTC"
"3101","2","093","Personer1","2022",0,,"Halden","Kvinner","93 år","Personer","2022","07459","2026-09-10 13:01:08 UTC"
"3101","2","093","Personer1","2023",0,,"Halden","Kvinner","93 år","Personer","2023","07459","2026-09-10 13:01:08 UTC"
"3101","2","093","Personer1","2024",22,,"Halden","Kvinner","93 år","Personer","2024","07459","2026-09-10 13:01:08 UTC"
"3101","2","093","Personer1","2025",35,,"Halden","Kvinner","93 år","Personer","2025","07459","2026-09-10 13:01:08 UTC"
"3101","2","093","Personer1","2026",35,,"Halden","Kvinner","93 år","Personer","2026","07459","2026-09-10 13:01:08 UTC"
"3101","2","094","Personer1","2005",0,,"Halden","Kvinner","94 år","Personer","2005","07459","2026-09-10 13:01:08 UTC"
"3101","2","094","Personer1","2006",0,,"Halden","Kvinner","94 år","Personer","2006","07459","2026-09-10 13:01:08 UTC"
"3101","2","094","Personer1","2007",0,,"Halden","Kvinner","94 år","Personer","2007","07459","2026-09-10 13:01:08 UTC"
"3101","2","094","Personer1","2008",0,,"Halden","Kvinner","94 år","Personer","2008","07459","2026-09-10 13:01:08 UTC"
"3101","2","094","Personer1","2009",0,,"Halden","Kvinner","94 år","Personer","2009","07459","2026-09-10 13:01:08 UTC"
"3101","2","094","Personer1","2010",0,,"Halden","Kvinner","94 år","Personer","2010","07459","2026-09-10 13:01:08 UTC"
"3101","2","094","Personer1","2011",0,,"Halden","Kvinner","94 år","Personer","2011","07459","2026-09-10 13:01:08 UTC"
"3101","2","094","Personer1","2012",0,,"Halden","Kvinner","94 år","Personer","2012","07459","2026-09-10 13:01:08 UTC"
"3101","2","094","Personer1","2013",0,,"Halden","Kvinner","94 år","Personer","2013","07459","2026-09-10 13:01:08 UTC"
"3101","2","094","Personer1","2014",0,,"Halden","Kvinner","94 år","Personer","2014","07459","2026-09-10 13:01:08 UTC"
"3101","2","094","Personer1","2015",0,,"Halden","Kvinner","94 år","Personer","2015","07459","2026-09-10 13:01:08 UTC"
"3101","2","094","Personer1","2016",0,,"Halden","Kvinner","94 år","Personer","2016","07459","2026-09-10 13:01:08 UTC"
"3101","2","094","Personer1","2017",0,,"Halden","Kvinner","94 år","Personer","2017","07459","2026-09-10 13:01:08 UTC"
"3101","2","094","Personer1","2018",0,,"Halden","Kvinner","94 år","Personer","2018","07459","2026-09-10 13:01:08 UTC"
"3101","2","094","Personer1","2019",0,,"Halden","Kvinner","94 år","Personer","2019","07459","2026-09-10 13:01:08 UTC"
"3101","2","094","Personer1","2020",0,,"Halden","Kvinner","94 år","Personer","2020","07459","2026-09-10 13:01:08 UTC"
"3101","2","094","Personer1","2021",0,,"Halden","Kvinner","94 år","Personer","2021","07459","2026-09-10 13:01:08 UTC"
"3101","2","094","Personer1","2022",0,,"Halden","Kvinner","94 år","Personer","2022","07459","2026-09-10 13:01:08 UTC"
"3101","2","094","Personer1","2023",0,,"Halden","Kvinner","94 år","Personer","2023","07459","2026-09-10 13:01:08 UTC"
"3101","2","094","Personer1","2024",19,,"Halden","Kvinner","94 år","Personer","2024","07459","2026-09-10 13:01:08 UTC"
"3101","2","094","Personer1","2025",19,,"Halden","Kvinner","94 år","Personer","2025","07459","2026-09-10 13:01:08 UTC"
"3101","2","094","Personer1","2026",29,,"Halden","Kvinner","94 år","Personer","2026","07459","2026-09-10 13:01:08 UTC"
"3101","2","095","Personer1","2005",0,,"Halden","Kvinner","95 år","Personer","2005","07459","2026-09-10 13:01:08 UTC"
"3101","2","095","Personer1","2006",0,,"Halden","Kvinner","95 år","Personer","2006","07459","2026-09-10 13:01:08 UTC"
"3101","2","095","Personer1","2007",0,,"Halden","Kvinner","95 år","Personer","2007","07459","2026-09-10 13:01:08 UTC"
"3101","2","095","Personer1","2008",0,,"Halden","Kvinner","95 år","Personer","2008","07459","2026-09-10 13:01:08 UTC"
"3101","2","095","Personer1","2009",0,,"Halden","Kvinner","95 år","Personer","2009","07459","2026-09-10 13:01:08 UTC"
"3101","2","095","Personer1","2010",0,,"Halden","Kvinner","95 år","Personer","2010","07459","2026-09-10 13:01:08 UTC"
"3101","2","095","Personer1","2011",0,,"Halden","Kvinner","95 år","Personer","2011","07459","2026-09-10 13:01:08 UTC"
"3101","2","095","Personer1","2012",0,,"Halden","Kvinner","95 år","Personer","2012","07459","2026-09-10 13:01:08 UTC"
"3101","2","095","Personer1","2013",0,,"Halden","Kvinner","95 år","Personer","2013","07459","2026-09-10 13:01:08 UTC"
"3101","2","095","Personer1","2014",0,,"Halden","Kvinner","95 år","Personer","2014","07459","2026-09-10 13:01:08 UTC"
"3101","2","095","Personer1","2015",0,,"Halden","Kvinner","95 år","Personer","2015","07459","2026-09-10 13:01:08 UTC"
"3101","2","095","Personer1","2016",0,,"Halden","Kvinner","95 år","Personer","2016","07459","2026-09-10 13:01:08 UTC"
"3101","2","095","Personer1","2017",0,,"Halden","Kvinner","95 år","Personer","2017","07459","2026-09-10 13:01:08 UTC"
"3101","2","095","Personer1","2018",0,,"Halden","Kvinner","95 år","Personer","2018","07459","2026-09-10 13:01:08 UTC"
"3101","2","095","Personer1","2019",0,,"Halden","Kvinner","95 år","Personer","2019","07459","2026-09-10 13:01:08 UTC"
"3101","2","095","Personer1","2020",0,,"Halden","Kvinner","95 år","Personer","2020","07459","2026-09-10 13:01:08 UTC"
"3101","2","095","Personer1","2021",0,,"Halden","Kvinner","95 år","Personer","2021","07459","2026-09-10 13:01:08 UTC"
"3101","2","095","Personer1","2022",0,,"Halden","Kvinner","95 år","Personer","2022","07459","2026-09-10 13:01:08 UTC"
"3101","2","095","Personer1","2023",0,,"Halden","Kvinner","95 år","Personer","2023","07459","2026-09-10 13:01:08 UTC"
"3101","2","095","Personer1","2024",17,,"Halden","Kvinner","95 år","Personer","2024","07459","2026-09-10 13:01:08 UTC"
"3101","2","095","Personer1","2025",15,,"Halden","Kvinner","95 år","Personer","2025","07459","2026-09-10 13:01:08 UTC"
"3101","2","095","Personer1","2026",16,,"Halden","Kvinner","95 år","Personer","2026","07459","2026-09-10 13:01:08 UTC"
"3101","2","096","Personer1","2005",0,,"Halden","Kvinner","96 år","Personer","2005","07459","2026-09-10 13:01:08 UTC"
"3101","2","096","Personer1","2006",0,,"Halden","Kvinner","96 år","Personer","2006","07459","2026-09-10 13:01:08 UTC"
"3101","2","096","Personer1","2007",0,,"Halden","Kvinner","96 år","Personer","2007","07459","2026-09-10 13:01:08 UTC"
"3101","2","096","Personer1","2008",0,,"Halden","Kvinner","96 år","Personer","2008","07459","2026-09-10 13:01:08 UTC"
"3101","2","096","Personer1","2009",0,,"Halden","Kvinner","96 år","Personer","2009","07459","2026-09-10 13:01:08 UTC"
"3101","2","096","Personer1","2010",0,,"Halden","Kvinner","96 år","Personer","2010","07459","2026-09-10 13:01:08 UTC"
"3101","2","096","Personer1","2011",0,,"Halden","Kvinner","96 år","Personer","2011","07459","2026-09-10 13:01:08 UTC"
"3101","2","096","Personer1","2012",0,,"Halden","Kvinner","96 år","Personer","2012","07459","2026-09-10 13:01:08 UTC"
"3101","2","096","Personer1","2013",0,,"Halden","Kvinner","96 år","Personer","2013","07459","2026-09-10 13:01:08 UTC"
"3101","2","096","Personer1","2014",0,,"Halden","Kvinner","96 år","Personer","2014","07459","2026-09-10 13:01:08 UTC"
"3101","2","096","Personer1","2015",0,,"Halden","Kvinner","96 år","Personer","2015","07459","2026-09-10 13:01:08 UTC"
"3101","2","096","Personer1","2016",0,,"Halden","Kvinner","96 år","Personer","2016","07459","2026-09-10 13:01:08 UTC"
"3101","2","096","Personer1","2017",0,,"Halden","Kvinner","96 år","Personer","2017","07459","2026-09-10 13:01:08 UTC"
"3101","2","096","Personer1","2018",0,,"Halden","Kvinner","96 år","Personer","2018","07459","2026-09-10 13:01:08 UTC"
"3101","2","096","Personer1","2019",0,,"Halden","Kvinner","96 år","Personer","2019","07459","2026-09-10 13:01:08 UTC"
"3101","2","096","Personer1","2020",0,,"Halden","Kvinner","96 år","Personer","2020","07459","2026-09-10 13:01:08 UTC"
"3101","2","096","Personer1","2021",0,,"Halden","Kvinner","96 år","Personer","2021","07459","2026-09-10 13:01:08 UTC"
"3101","2","096","Personer1","2022",0,,"Halden","Kvinner","96 år","Personer","2022","07459","2026-09-10 13:01:08 UTC"
"3101","2","096","Personer1","2023",0,,"Halden","Kvinner","96 år","Personer","2023","07459","2026-09-10 13:01:08 UTC"
"3101","2","096","Personer1","2024",11,,"Halden","Kvinner","96 år","Personer","2024","07459","2026-09-10 13:01:08 UTC"
"3101","2","096","Personer1","2025",14,,"Halden","Kvinner","96 år","Personer","2025","07459","2026-09-10 13:01:08 UTC"
"3101","2","096","Personer1","2026",8,,"Halden","Kvinner","96 år","Personer","2026","07459","2026-09-10 13:01:08 UTC"
"3101","2","097","Personer1","2005",0,,"Halden","Kvinner","97 år","Personer","2005","07459","2026-09-10 13:01:08 UTC"
"3101","2","097","Personer1","2006",0,,"Halden","Kvinner","97 år","Personer","2006","07459","2026-09-10 13:01:08 UTC"
"3101","2","097","Personer1","2007",0,,"Halden","Kvinner","97 år","Personer","2007","07459","2026-09-10 13:01:08 UTC"
"3101","2","097","Personer1","2008",0,,"Halden","Kvinner","97 år","Personer","2008","07459","2026-09-10 13:01:08 UTC"
"3101","2","097","Personer1","2009",0,,"Halden","Kvinner","97 år","Personer","2009","07459","2026-09-10 13:01:08 UTC"
"3101","2","097","Personer1","2010",0,,"Halden","Kvinner","97 år","Personer","2010","07459","2026-09-10 13:01:08 UTC"
"3101","2","097","Personer1","2011",0,,"Halden","Kvinner","97 år","Personer","2011","07459","2026-09-10 13:01:08 UTC"
"3101","2","097","Personer1","2012",0,,"Halden","Kvinner","97 år","Personer","2012","07459","2026-09-10 13:01:08 UTC"
"3101","2","097","Personer1","2013",0,,"Halden","Kvinner","97 år","Personer","2013","07459","2026-09-10 13:01:08 UTC"
"3101","2","097","Personer1","2014",0,,"Halden","Kvinner","97 år","Personer","2014","07459","2026-09-10 13:01:08 UTC"
"3101","2","097","Personer1","2015",0,,"Halden","Kvinner","97 år","Personer","2015","07459","2026-09-10 13:01:08 UTC"
"3101","2","097","Personer1","2016",0,,"Halden","Kvinner","97 år","Personer","2016","07459","2026-09-10 13:01:08 UTC"
"3101","2","097","Personer1","2017",0,,"Halden","Kvinner","97 år","Personer","2017","07459","2026-09-10 13:01:08 UTC"
"3101","2","097","Personer1","2018",0,,"Halden","Kvinner","97 år","Personer","2018","07459","2026-09-10 13:01:08 UTC"
"3101","2","097","Personer1","2019",0,,"Halden","Kvinner","97 år","Personer","2019","07459","2026-09-10 13:01:08 UTC"
"3101","2","097","Personer1","2020",0,,"Halden","Kvinner","97 år","Personer","2020","07459","2026-09-10 13:01:08 UTC"
"3101","2","097","Personer1","2021",0,,"Halden","Kvinner","97 år","Personer","2021","07459","2026-09-10 13:01:08 UTC"
"3101","2","097","Personer1","2022",0,,"Halden","Kvinner","97 år","Personer","2022","07459","2026-09-10 13:01:08 UTC"
"3101","2","097","Personer1","2023",0,,"Halden","Kvinner","97 år","Personer","2023","07459","2026-09-10 13:01:08 UTC"
"3101","2","097","Personer1","2024",14,,"Halden","Kvinner","97 år","Personer","2024","07459","2026-09-10 13:01:08 UTC"
"3101","2","097","Personer1","2025",8,,"Halden","Kvinner","97 år","Personer","2025","07459","2026-09-10 13:01:08 UTC"
"3101","2","097","Personer1","2026",11,,"Halden","Kvinner","97 år","Personer","2026","07459","2026-09-10 13:01:08 UTC"
"3101","2","098","Personer1","2005",0,,"Halden","Kvinner","98 år","Personer","2005","07459","2026-09-10 13:01:08 UTC"
"3101","2","098","Personer1","2006",0,,"Halden","Kvinner","98 år","Personer","2006","07459","2026-09-10 13:01:08 UTC"
"3101","2","098","Personer1","2007",0,,"Halden","Kvinner","98 år","Personer","2007","07459","2026-09-10 13:01:08 UTC"
"3101","2","098","Personer1","2008",0,,"Halden","Kvinner","98 år","Personer","2008","07459","2026-09-10 13:01:08 UTC"
"3101","2","098","Personer1","2009",0,,"Halden","Kvinner","98 år","Personer","2009","07459","2026-09-10 13:01:08 UTC"
"3101","2","098","Personer1","2010",0,,"Halden","Kvinner","98 år","Personer","2010","07459","2026-09-10 13:01:08 UTC"
"3101","2","098","Personer1","2011",0,,"Halden","Kvinner","98 år","Personer","2011","07459","2026-09-10 13:01:08 UTC"
"3101","2","098","Personer1","2012",0,,"Halden","Kvinner","98 år","Personer","2012","07459","2026-09-10 13:01:08 UTC"
"3101","2","098","Personer1","2013",0,,"Halden","Kvinner","98 år","Personer","2013","07459","2026-09-10 13:01:08 UTC"
"3101","2","098","Personer1","2014",0,,"Halden","Kvinner","98 år","Personer","2014","07459","2026-09-10 13:01:08 UTC"
"3101","2","098","Personer1","2015",0,,"Halden","Kvinner","98 år","Personer","2015","07459","2026-09-10 13:01:08 UTC"
"3101","2","098","Personer1","2016",0,,"Halden","Kvinner","98 år","Personer","2016","07459","2026-09-10 13:01:08 UTC"
"3101","2","098","Personer1","2017",0,,"Halden","Kvinner","98 år","Personer","2017","07459","2026-09-10 13:01:08 UTC"
"3101","2","098","Personer1","2018",0,,"Halden","Kvinner","98 år","Personer","2018","07459","2026-09-10 13:01:08 UTC"
"3101","2","098","Personer1","2019",0,,"Halden","Kvinner","98 år","Personer","2019","07459","2026-09-10 13:01:08 UTC"
"3101","2","098","Personer1","2020",0,,"Halden","Kvinner","98 år","Personer","2020","07459","2026-09-10 13:01:08 UTC"
"3101","2","098","Personer1","2021",0,,"Halden","Kvinner","98 år","Personer","2021","07459","2026-09-10 13:01:08 UTC"
"3101","2","098","Personer1","2022",0,,"Halden","Kvinner","98 år","Personer","2022","07459","2026-09-10 13:01:08 UTC"
"3101","2","098","Personer1","2023",0,,"Halden","Kvinner","98 år","Personer","2023","07459","2026-09-10 13:01:08 UTC"
"3101","2","098","Personer1","2024",6,,"Halden","Kvinner","98 år","Personer","2024","07459","2026-09-10 13:01:08 UTC"
"3101","2","098","Personer1","2025",12,,"Halden","Kvinner","98 år","Personer","2025","07459","2026-09-10 13:01:08 UTC"
"3101","2","098","Personer1","2026",7,,"Halden","Kvinner","98 år","Personer","2026","07459","2026-09-10 13:01:08 UTC"
"3101","2","099","Personer1","2005",0,,"Halden","Kvinner","99 år","Personer","2005","07459","2026-09-10 13:01:08 UTC"
"3101","2","099","Personer1","2006",0,,"Halden","Kvinner","99 år","Personer","2006","07459","2026-09-10 13:01:08 UTC"
"3101","2","099","Personer1","2007",0,,"Halden","Kvinner","99 år","Personer","2007","07459","2026-09-10 13:01:08 UTC"
"3101","2","099","Personer1","2008",0,,"Halden","Kvinner","99 år","Personer","2008","07459","2026-09-10 13:01:08 UTC"
"3101","2","099","Personer1","2009",0,,"Halden","Kvinner","99 år","Personer","2009","07459","2026-09-10 13:01:08 UTC"
"3101","2","099","Personer1","2010",0,,"Halden","Kvinner","99 år","Personer","2010","07459","2026-09-10 13:01:08 UTC"
"3101","2","099","Personer1","2011",0,,"Halden","Kvinner","99 år","Personer","2011","07459","2026-09-10 13:01:08 UTC"
"3101","2","099","Personer1","2012",0,,"Halden","Kvinner","99 år","Personer","2012","07459","2026-09-10 13:01:08 UTC"
"3101","2","099","Personer1","2013",0,,"Halden","Kvinner","99 år","Personer","2013","07459","2026-09-10 13:01:08 UTC"
"3101","2","099","Personer1","2014",0,,"Halden","Kvinner","99 år","Personer","2014","07459","2026-09-10 13:01:08 UTC"
"3101","2","099","Personer1","2015",0,,"Halden","Kvinner","99 år","Personer","2015","07459","2026-09-10 13:01:08 UTC"
"3101","2","099","Personer1","2016",0,,"Halden","Kvinner","99 år","Personer","2016","07459","2026-09-10 13:01:08 UTC"
"3101","2","099","Personer1","2017",0,,"Halden","Kvinner","99 år","Personer","2017","07459","2026-09-10 13:01:08 UTC"
"3101","2","099","Personer1","2018",0,,"Halden","Kvinner","99 år","Personer","2018","07459","2026-09-10 13:01:08 UTC"
"3101","2","099","Personer1","2019",0,,"Halden","Kvinner","99 år","Personer","2019","07459","2026-09-10 13:01:08 UTC"
"3101","2","099","Personer1","2020",0,,"Halden","Kvinner","99 år","Personer","2020","07459","2026-09-10 13:01:08 UTC"
"3101","2","099","Personer1","2021",0,,"Halden","Kvinner","99 år","Personer","2021","07459","2026-09-10 13:01:08 UTC"
"3101","2","099","Personer1","2022",0,,"Halden","Kvinner","99 år","Personer","2022","07459","2026-09-10 13:01:08 UTC"
"3101","2","099","Personer1","2023",0,,"Halden","Kvinner","99 år","Personer","2023","07459","2026-09-10 13:01:08 UTC"
"3101","2","099","Personer1","2024",2,,"Halden","Kvinner","99 år","Personer","2024","07459","2026-09-10 13:01:08 UTC"
"3101","2","099","Personer1","2025",2,,"Halden","Kvinner","99 år","Personer","2025","07459","2026-09-10 13:01:08 UTC"
"3101","2","099","Personer1","2026",6,,"Halden","Kvinner","99 år","Personer","2026","07459","2026-09-10 13:01:08 UTC"
"3101","2","100","Personer1","2005",0,,"Halden","Kvinner","100 år","Personer","2005","07459","2026-09-10 13:01:08 UTC"
"3101","2","100","Personer1","2006",0,,"Halden","Kvinner","100 år","Personer","2006","07459","2026-09-10 13:01:08 UTC"
"3101","2","100","Personer1","2007",0,,"Halden","Kvinner","100 år","Personer","2007","07459","2026-09-10 13:01:08 UTC"
"3101","2","100","Personer1","2008",0,,"Halden","Kvinner","100 år","Personer","2008","07459","2026-09-10 13:01:08 UTC"
"3101","2","100","Personer1","2009",0,,"Halden","Kvinner","100 år","Personer","2009","07459","2026-09-10 13:01:08 UTC"
"3101","2","100","Personer1","2010",0,,"Halden","Kvinner","100 år","Personer","2010","07459","2026-09-10 13:01:08 UTC"
"3101","2","100","Personer1","2011",0,,"Halden","Kvinner","100 år","Personer","2011","07459","2026-09-10 13:01:08 UTC"
"3101","2","100","Personer1","2012",0,,"Halden","Kvinner","100 år","Personer","2012","07459","2026-09-10 13:01:08 UTC"
"3101","2","100","Personer1","2013",0,,"Halden","Kvinner","100 år","Personer","2013","07459","2026-09-10 13:01:08 UTC"
"3101","2","100","Personer1","2014",0,,"Halden","Kvinner","100 år","Personer","2014","07459","2026-09-10 13:01:08 UTC"
"3101","2","100","Personer1","2015",0,,"Halden","Kvinner","100 år","Personer","2015","07459","2026-09-10 13:01:08 UTC"
"3101","2","100","Personer1","2016",0,,"Halden","Kvinner","100 år","Personer","2016","07459","2026-09-10 13:01:08 UTC"
"3101","2","100","Personer1","2017",0,,"Halden","Kvinner","100 år","Personer","2017","07459","2026-09-10 13:01:08 UTC"
"3101","2","100","Personer1","2018",0,,"Halden","Kvinner","100 år","Personer","2018","07459","2026-09-10 13:01:08 UTC"
"3101","2","100","Personer1","2019",0,,"Halden","Kvinner","100 år","Personer","2019","07459","2026-09-10 13:01:08 UTC"
"3101","2","100","Personer1","2020",0,,"Halden","Kvinner","100 år","Personer","2020","07459","2026-09-10 13:01:08 UTC"
"3101","2","100","Personer1","2021",0,,"Halden","Kvinner","100 år","Personer","2021","07459","2026-09-10 13:01:08 UTC"
"3101","2","100","Personer1","2022",0,,"Halden","Kvinner","100 år","Personer","2022","07459","2026-09-10 13:01:08 UTC"
"3101","2","100","Personer1","2023",0,,"Halden","Kvinner","100 år","Personer","2023","07459","2026-09-10 13:01:08 UTC"
"3101","2","100","Personer1","2024",3,,"Halden","Kvinner","100 år","Personer","2024","07459","2026-09-10 13:01:08 UTC"
"3101","2","100","Personer1","2025",2,,"Halden","Kvinner","100 år","Personer","2025","07459","2026-09-10 13:01:08 UTC"
"3101","2","100","Personer1","2026",2,,"Halden","Kvinner","100 år","Personer","2026","07459","2026-09-10 13:01:08 UTC"
"3101","2","101","Personer1","2005",0,,"Halden","Kvinner","101 år","Personer","2005","07459","2026-09-10 13:01:08 UTC"
"3101","2","101","Personer1","2006",0,,"Halden","Kvinner","101 år","Personer","2006","07459","2026-09-10 13:01:08 UTC"
"3101","2","101","Personer1","2007",0,,"Halden","Kvinner","101 år","Personer","2007","07459","2026-09-10 13:01:08 UTC"
"3101","2","101","Personer1","2008",0,,"Halden","Kvinner","101 år","Personer","2008","07459","2026-09-10 13:01:08 UTC"
"3101","2","101","Personer1","2009",0,,"Halden","Kvinner","101 år","Personer","2009","07459","2026-09-10 13:01:08 UTC"
"3101","2","101","Personer1","2010",0,,"Halden","Kvinner","101 år","Personer","2010","07459","2026-09-10 13:01:08 UTC"
"3101","2","101","Personer1","2011",0,,"Halden","Kvinner","101 år","Personer","2011","07459","2026-09-10 13:01:08 UTC"
"3101","2","101","Personer1","2012",0,,"Halden","Kvinner","101 år","Personer","2012","07459","2026-09-10 13:01:08 UTC"
"3101","2","101","Personer1","2013",0,,"Halden","Kvinner","101 år","Personer","2013","07459","2026-09-10 13:01:08 UTC"
"3101","2","101","Personer1","2014",0,,"Halden","Kvinner","101 år","Personer","2014","07459","2026-09-10 13:01:08 UTC"
"3101","2","101","Personer1","2015",0,,"Halden","Kvinner","101 år","Personer","2015","07459","2026-09-10 13:01:08 UTC"
"3101","2","101","Personer1","2016",0,,"Halden","Kvinner","101 år","Personer","2016","07459","2026-09-10 13:01:08 UTC"
"3101","2","101","Personer1","2017",0,,"Halden","Kvinner","101 år","Personer","2017","07459","2026-09-10 13:01:08 UTC"
"3101","2","101","Personer1","2018",0,,"Halden","Kvinner","101 år","Personer","2018","07459","2026-09-10 13:01:08 UTC"
"3101","2","101","Personer1","2019",0,,"Halden","Kvinner","101 år","Personer","2019","07459","2026-09-10 13:01:08 UTC"
"3101","2","101","Personer1","2020",0,,"Halden","Kvinner","101 år","Personer","2020","07459","2026-09-10 13:01:08 UTC"
"3101","2","101","Personer1","2021",0,,"Halden","Kvinner","101 år","Personer","2021","07459","2026-09-10 13:01:08 UTC"
"3101","2","101","Personer1","2022",0,,"Halden","Kvinner","101 år","Personer","2022","07459","2026-09-10 13:01:08 UTC"
"3101","2","101","Personer1","2023",0,,"Halden","Kvinner","101 år","Personer","2023","07459","2026-09-10 13:01:08 UTC"
"3101","2","101","Personer1","2024",2,,"Halden","Kvinner","101 år","Personer","2024","07459","2026-09-10 13:01:08 UTC"
"3101","2","101","Personer1","2025",2,,"Halden","Kvinner","101 år","Personer","2025","07459","2026-09-10 13:01:08 UTC"
"3101","2","101","Personer1","2026",1,,"Halden","Kvinner","101 år","Personer","2026","07459","2026-09-10 13:01:08 UTC"
"3101","2","102","Personer1","2005",0,,"Halden","Kvinner","102 år","Personer","2005","07459","2026-09-10 13:01:08 UTC"
"3101","2","102","Personer1","2006",0,,"Halden","Kvinner","102 år","Personer","2006","07459","2026-09-10 13:01:08 UTC"
"3101","2","102","Personer1","2007",0,,"Halden","Kvinner","102 år","Personer","2007","07459","2026-09-10 13:01:08 UTC"
"3101","2","102","Personer1","2008",0,,"Halden","Kvinner","102 år","Personer","2008","07459","2026-09-10 13:01:08 UTC"
"3101","2","102","Personer1","2009",0,,"Halden","Kvinner","102 år","Personer","2009","07459","2026-09-10 13:01:08 UTC"
"3101","2","102","Personer1","2010",0,,"Halden","Kvinner","102 år","Personer","2010","07459","2026-09-10 13:01:08 UTC"
"3101","2","102","Personer1","2011",0,,"Halden","Kvinner","102 år","Personer","2011","07459","2026-09-10 13:01:08 UTC"
"3101","2","102","Personer1","2012",0,,"Halden","Kvinner","102 år","Personer","2012","07459","2026-09-10 13:01:08 UTC"
"3101","2","102","Personer1","2013",0,,"Halden","Kvinner","102 år","Personer","2013","07459","2026-09-10 13:01:08 UTC"
"3101","2","102","Personer1","2014",0,,"Halden","Kvinner","102 år","Personer","2014","07459","2026-09-10 13:01:08 UTC"
"3101","2","102","Personer1","2015",0,,"Halden","Kvinner","102 år","Personer","2015","07459","2026-09-10 13:01:08 UTC"
"3101","2","102","Personer1","2016",0,,"Halden","Kvinner","102 år","Personer","2016","07459","2026-09-10 13:01:08 UTC"
"3101","2","102","Personer1","2017",0,,"Halden","Kvinner","102 år","Personer","2017","07459","2026-09-10 13:01:08 UTC"
"3101","2","102","Personer1","2018",0,,"Halden","Kvinner","102 år","Personer","2018","07459","2026-09-10 13:01:08 UTC"
"3101","2","102","Personer1","2019",0,,"Halden","Kvinner","102 år","Personer","2019","07459","2026-09-10 13:01:08 UTC"
"3101","2","102","Personer1","2020",0,,"Halden","Kvinner","102 år","Personer","2020","07459","2026-09-10 13:01:08 UTC"
"3101","2","102","Personer1","2021",0,,"Halden","Kvinner","102 år","Personer","2021","07459","2026-09-10 13:01:08 UTC"
"3101","2","102","Personer1","2022",0,,"Halden","Kvinner","102 år","Personer","2022","07459","2026-09-10 13:01:08 UTC"
"3101","2","102","Personer1","2023",0,,"Halden","Kvinner","102 år","Personer","2023","07459","2026-09-10 13:01:08 UTC"
"3101","2","102","Personer1","2024",1,,"Halden","Kvinner","102 år","Personer","2024","07459","2026-09-10 13:01:08 UTC"
"3101","2","102","Personer1","2025",1,,"Halden","Kvinner","102 år","Personer","2025","07459","2026-09-10 13:01:08 UTC"
"3101","2","102","Personer1","2026",1,,"Halden","Kvinner","102 år","Personer","2026","07459","2026-09-10 13:01:08 UTC"
"3101","2","103","Personer1","2005",0,,"Halden","Kvinner","103 år","Personer","2005","07459","2026-09-10 13:01:08 UTC"
"3101","2","103","Personer1","2006",0,,"Halden","Kvinner","103 år","Personer","2006","07459","2026-09-10 13:01:08 UTC"
"3101","2","103","Personer1","2007",0,,"Halden","Kvinner","103 år","Personer","2007","07459","2026-09-10 13:01:08 UTC"
"3101","2","103","Personer1","2008",0,,"Halden","Kvinner","103 år","Personer","2008","07459","2026-09-10 13:01:08 UTC"
"3101","2","103","Personer1","2009",0,,"Halden","Kvinner","103 år","Personer","2009","07459","2026-09-10 13:01:08 UTC"
"3101","2","103","Personer1","2010",0,,"Halden","Kvinner","103 år","Personer","2010","07459","2026-09-10 13:01:08 UTC"
"3101","2","103","Personer1","2011",0,,"Halden","Kvinner","103 år","Personer","2011","07459","2026-09-10 13:01:08 UTC"
"3101","2","103","Personer1","2012",0,,"Halden","Kvinner","103 år","Personer","2012","07459","2026-09-10 13:01:08 UTC"
"3101","2","103","Personer1","2013",0,,"Halden","Kvinner","103 år","Personer","2013","07459","2026-09-10 13:01:08 UTC"
"3101","2","103","Personer1","2014",0,,"Halden","Kvinner","103 år","Personer","2014","07459","2026-09-10 13:01:08 UTC"
"3101","2","103","Personer1","2015",0,,"Halden","Kvinner","103 år","Personer","2015","07459","2026-09-10 13:01:08 UTC"
"3101","2","103","Personer1","2016",0,,"Halden","Kvinner","103 år","Personer","2016","07459","2026-09-10 13:01:08 UTC"
"3101","2","103","Personer1","2017",0,,"Halden","Kvinner","103 år","Personer","2017","07459","2026-09-10 13:01:08 UTC"
"3101","2","103","Personer1","2018",0,,"Halden","Kvinner","103 år","Personer","2018","07459","2026-09-10 13:01:08 UTC"
"3101","2","103","Personer1","2019",0,,"Halden","Kvinner","103 år","Personer","2019","07459","2026-09-10 13:01:08 UTC"
"3101","2","103","Personer1","2020",0,,"Halden","Kvinner","103 år","Personer","2020","07459","2026-09-10 13:01:08 UTC"
"3101","2","103","Personer1","2021",0,,"Halden","Kvinner","103 år","Personer","2021","07459","2026-09-10 13:01:08 UTC"
"3101","2","103","Personer1","2022",0,,"Halden","Kvinner","103 år","Personer","2022","07459","2026-09-10 13:01:08 UTC"
"3101","2","103","Personer1","2023",0,,"Halden","Kvinner","103 år","Personer","2023","07459","2026-09-10 13:01:08 UTC"
"3101","2","103","Personer1","2024",0,,"Halden","Kvinner","103 år","Personer","2024","07459","2026-09-10 13:01:08 UTC"
"3101","2","103","Personer1","2025",1,,"Halden","Kvinner","103 år","Personer","2025","07459","2026-09-10 13:01:08 UTC"
"3101","2","103","Personer1","2026",0,,"Halden","Kvinner","103 år","Personer","2026","07459","2026-09-10 13:01:08 UTC"
"3101","2","104","Personer1","2005",0,,"Halden","Kvinner","104 år","Personer","2005","07459","2026-09-10 13:01:08 UTC"
"3101","2","104","Personer1","2006",0,,"Halden","Kvinner","104 år","Personer","2006","07459","2026-09-10 13:01:08 UTC"
"3101","2","104","Personer1","2007",0,,"Halden","Kvinner","104 år","Personer","2007","07459","2026-09-10 13:01:08 UTC"
"3101","2","104","Personer1","2008",0,,"Halden","Kvinner","104 år","Personer","2008","07459","2026-09-10 13:01:08 UTC"
"3101","2","104","Personer1","2009",0,,"Halden","Kvinner","104 år","Personer","2009","07459","2026-09-10 13:01:08 UTC"
"3101","2","104","Personer1","2010",0,,"Halden","Kvinner","104 år","Personer","2010","07459","2026-09-10 13:01:08 UTC"
"3101","2","104","Personer1","2011",0,,"Halden","Kvinner","104 år","Personer","2011","07459","2026-09-10 13:01:08 UTC"
"3101","2","104","Personer1","2012",0,,"Halden","Kvinner","104 år","Personer","2012","07459","2026-09-10 13:01:08 UTC"
"3101","2","104","Personer1","2013",0,,"Halden","Kvinner","104 år","Personer","2013","07459","2026-09-10 13:01:08 UTC"
"3101","2","104","Personer1","2014",0,,"Halden","Kvinner","104 år","Personer","2014","07459","2026-09-10 13:01:08 UTC"
"3101","2","104","Personer1","2015",0,,"Halden","Kvinner","104 år","Personer","2015","07459","2026-09-10 13:01:08 UTC"
"3101","2","104","Personer1","2016",0,,"Halden","Kvinner","104 år","Personer","2016","07459","2026-09-10 13:01:08 UTC"
"3101","2","104","Personer1","2017",0,,"Halden","Kvinner","104 år","Personer","2017","07459","2026-09-10 13:01:08 UTC"
"3101","2","104","Personer1","2018",0,,"Halden","Kvinner","104 år","Personer","2018","07459","2026-09-10 13:01:08 UTC"
"3101","2","104","Personer1","2019",0,,"Halden","Kvinner","104 år","Personer","2019","07459","2026-09-10 13:01:08 UTC"
"3101","2","104","Personer1","2020",0,,"Halden","Kvinner","104 år","Personer","2020","07459","2026-09-10 13:01:08 UTC"
"3101","2","104","Personer1","2021",0,,"Halden","Kvinner","104 år","Personer","2021","07459","2026-09-10 13:01:08 UTC"
"3101","2","104","Personer1","2022",0,,"Halden","Kvinner","104 år","Personer","2022","07459","2026-09-10 13:01:08 UTC"
"3101","2","104","Personer1","2023",0,,"Halden","Kvinner","104 år","Personer","2023","07459","2026-09-10 13:01:08 UTC"
"3101","2","104","Personer1","2024",0,,"Halden","Kvinner","104 år","Personer","2024","07459","2026-09-10 13:01:08 UTC"
"3101","2","104","Personer1","2025",0,,"Halden","Kvinner","104 år","Personer","2025","07459","2026-09-10 13:01:08 UTC"
"3101","2","104","Personer1","2026",1,,"Halden","Kvinner","104 år","Personer","2026","07459","2026-09-10 13:01:08 UTC"
"3101","2","105+","Personer1","2005",0,,"Halden","Kvinner","105 år eller eldre","Personer","2005","07459","2026-09-10 13:01:08 UTC"
"3101","2","105+","Personer1","2006",0,,"Halden","Kvinner","105 år eller eldre","Personer","2006","07459","2026-09-10 13:01:08 UTC"
"3101","2","105+","Personer1","2007",0,,"Halden","Kvinner","105 år eller eldre","Personer","2007","07459","2026-09-10 13:01:08 UTC"
"3101","2","105+","Personer1","2008",0,,"Halden","Kvinner","105 år eller eldre","Personer","2008","07459","2026-09-10 13:01:08 UTC"
"3101","2","105+","Personer1","2009",0,,"Halden","Kvinner","105 år eller eldre","Personer","2009","07459","2026-09-10 13:01:08 UTC"
"3101","2","105+","Personer1","2010",0,,"Halden","Kvinner","105 år eller eldre","Personer","2010","07459","2026-09-10 13:01:08 UTC"
"3101","2","105+","Personer1","2011",0,,"Halden","Kvinner","105 år eller eldre","Personer","2011","07459","2026-09-10 13:01:08 UTC"
"3101","2","105+","Personer1","2012",0,,"Halden","Kvinner","105 år eller eldre","Personer","2012","07459","2026-09-10 13:01:08 UTC"
"3101","2","105+","Personer1","2013",0,,"Halden","Kvinner","105 år eller eldre","Personer","2013","07459","2026-09-10 13:01:08 UTC"
"3101","2","105+","Personer1","2014",0,,"Halden","Kvinner","105 år eller eldre","Personer","2014","07459","2026-09-10 13:01:08 UTC"
"3101","2","105+","Personer1","2015",0,,"Halden","Kvinner","105 år eller eldre","Personer","2015","07459","2026-09-10 13:01:08 UTC"
"3101","2","105+","Personer1","2016",0,,"Halden","Kvinner","105 år eller eldre","Personer","2016","07459","2026-09-10 13:01:08 UTC"
"3101","2","105+","Personer1","2017",0,,"Halden","Kvinner","105 år eller eldre","Personer","2017","07459","2026-09-10 13:01:08 UTC"
"3101","2","105+","Personer1","2018",0,,"Halden","Kvinner","105 år eller eldre","Personer","2018","07459","2026-09-10 13:01:08 UTC"
"3101","2","105+","Personer1","2019",0,,"Halden","Kvinner","105 år eller eldre","Personer","2019","07459","2026-09-10 13:01:08 UTC"
"3101","2","105+","Personer1","2020",0,,"Halden","Kvinner","105 år eller eldre","Personer","2020","07459","2026-09-10 13:01:08 UTC"
"3101","2","105+","Personer1","2021",0,,"Halden","Kvinner","105 år eller eldre","Personer","2021","07459","2026-09-10 13:01:08 UTC"
"3101","2","105+","Personer1","2022",0,,"Halden","Kvinner","105 år eller eldre","Personer","2022","07459","2026-09-10 13:01:08 UTC"
"3101","2","105+","Personer1","2023",0,,"Halden","Kvinner","105 år eller eldre","Personer","2023","07459","2026-09-10 13:01:08 UTC"
"3101","2","105+","Personer1","2024",1,,"Halden","Kvinner","105 år eller eldre","Personer","2024","07459","2026-09-10 13:01:08 UTC"
"3101","2","105+","Personer1","2025",0,,"Halden","Kvinner","105 år eller eldre","Personer","2025","07459","2026-09-10 13:01:08 UTC"
"3101","2","105+","Personer1","2026",0,,"Halden","Kvinner","105 år eller eldre","Personer","2026","07459","2026-09-10 13:01:08 UTC"
"3101","1","000","Personer1","2005",0,,"Halden","Menn","0 år","Personer","2005","07459","2026-09-10 13:01:08 UTC"
"3101","1","000","Personer1","2006",0,,"Halden","Menn","0 år","Personer","2006","07459","2026-09-10 13:01:08 UTC"
"3101","1","000","Personer1","2007",0,,"Halden","Menn","0 år","Personer","2007","07459","2026-09-10 13:01:08 UTC"
"3101","1","000","Personer1","2008",0,,"Halden","Menn","0 år","Personer","2008","07459","2026-09-10 13:01:08 UTC"
"3101","1","000","Personer1","2009",0,,"Halden","Menn","0 år","Personer","2009","07459","2026-09-10 13:01:08 UTC"
"3101","1","000","Personer1","2010",0,,"Halden","Menn","0 år","Personer","2010","07459","2026-09-10 13:01:08 UTC"
"3101","1","000","Personer1","2011",0,,"Halden","Menn","0 år","Personer","2011","07459","2026-09-10 13:01:08 UTC"
"3101","1","000","Personer1","2012",0,,"Halden","Menn","0 år","Personer","2012","07459","2026-09-10 13:01:08 UTC"
"3101","1","000","Personer1","2013",0,,"Halden","Menn","0 år","Personer","2013","07459","2026-09-10 13:01:08 UTC"
"3101","1","000","Personer1","2014",0,,"Halden","Menn","0 år","Personer","2014","07459","2026-09-10 13:01:08 UTC"
"3101","1","000","Personer1","2015",0,,"Halden","Menn","0 år","Personer","2015","07459","2026-09-10 13:01:08 UTC"
"3101","1","000","Personer1","2016",0,,"Halden","Menn","0 år","Personer","2016","07459","2026-09-10 13:01:08 UTC"
"3101","1","000","Personer1","2017",0,,"Halden","Menn","0 år","Personer","2017","07459","2026-09-10 13:01:08 UTC"
"3101","1","000","Personer1","2018",0,,"Halden","Menn","0 år","Personer","2018","07459","2026-09-10 13:01:08 UTC"
"3101","1","000","Personer1","2019",0,,"Halden","Menn","0 år","Personer","2019","07459","2026-09-10 13:01:08 UTC"
"3101","1","000","Personer1","2020",0,,"Halden","Menn","0 år","Personer","2020","07459","2026-09-10 13:01:08 UTC"
"3101","1","000","Personer1","2021",0,,"Halden","Menn","0 år","Personer","2021","07459","2026-09-10 13:01:08 UTC"
"3101","1","000","Personer1","2022",0,,"Halden","Menn","0 år","Personer","2022","07459","2026-09-10 13:01:08 UTC"
"3101","1","000","Personer1","2023",0,,"Halden","Menn","0 år","Personer","2023","07459","2026-09-10 13:01:08 UTC"
"3101","1","000","Personer1","2024",159,,"Halden","Menn","0 år","Personer","2024","07459","2026-09-10 13:01:08 UTC"
"3101","1","000","Personer1","2025",128,,"Halden","Menn","0 år","Personer","2025","07459","2026-09-10 13:01:08 UTC"
"3101","1","000","Personer1","2026",115,,"Halden","Menn","0 år","Personer","2026","07459","2026-09-10 13:01:08 UTC"
"3101","1","001","Personer1","2005",0,,"Halden","Menn","1 år","Personer","2005","07459","2026-09-10 13:01:08 UTC"
"3101","1","001","Personer1","2006",0,,"Halden","Menn","1 år","Personer","2006","07459","2026-09-10 13:01:08 UTC"
"3101","1","001","Personer1","2007",0,,"Halden","Menn","1 år","Personer","2007","07459","2026-09-10 13:01:08 UTC"
"3101","1","001","Personer1","2008",0,,"Halden","Menn","1 år","Personer","2008","07459","2026-09-10 13:01:08 UTC"
"3101","1","001","Personer1","2009",0,,"Halden","Menn","1 år","Personer","2009","07459","2026-09-10 13:01:08 UTC"
"3101","1","001","Personer1","2010",0,,"Halden","Menn","1 år","Personer","2010","07459","2026-09-10 13:01:08 UTC"
"3101","1","001","Personer1","2011",0,,"Halden","Menn","1 år","Personer","2011","07459","2026-09-10 13:01:08 UTC"
"3101","1","001","Personer1","2012",0,,"Halden","Menn","1 år","Personer","2012","07459","2026-09-10 13:01:08 UTC"
"3101","1","001","Personer1","2013",0,,"Halden","Menn","1 år","Personer","2013","07459","2026-09-10 13:01:08 UTC"
"3101","1","001","Personer1","2014",0,,"Halden","Menn","1 år","Personer","2014","07459","2026-09-10 13:01:08 UTC"
"3101","1","001","Personer1","2015",0,,"Halden","Menn","1 år","Personer","2015","07459","2026-09-10 13:01:08 UTC"
"3101","1","001","Personer1","2016",0,,"Halden","Menn","1 år","Personer","2016","07459","2026-09-10 13:01:08 UTC"
"3101","1","001","Personer1","2017",0,,"Halden","Menn","1 år","Personer","2017","07459","2026-09-10 13:01:08 UTC"
"3101","1","001","Personer1","2018",0,,"Halden","Menn","1 år","Personer","2018","07459","2026-09-10 13:01:08 UTC"
"3101","1","001","Personer1","2019",0,,"Halden","Menn","1 år","Personer","2019","07459","2026-09-10 13:01:08 UTC"
"3101","1","001","Personer1","2020",0,,"Halden","Menn","1 år","Personer","2020","07459","2026-09-10 13:01:08 UTC"
"3101","1","001","Personer1","2021",0,,"Halden","Menn","1 år","Personer","2021","07459","2026-09-10 13:01:08 UTC"
"3101","1","001","Personer1","2022",0,,"Halden","Menn","1 år","Personer","2022","07459","2026-09-10 13:01:08 UTC"
"3101","1","001","Personer1","2023",0,,"Halden","Menn","1 år","Personer","2023","07459","2026-09-10 13:01:08 UTC"
"3101","1","001","Personer1","2024",134,,"Halden","Menn","1 år","Personer","2024","07459","2026-09-10 13:01:08 UTC"
"3101","1","001","Personer1","2025",160,,"Halden","Menn","1 år","Personer","2025","07459","2026-09-10 13:01:08 UTC"
"3101","1","001","Personer1","2026",133,,"Halden","Menn","1 år","Personer","2026","07459","2026-09-10 13:01:08 UTC"
"3101","1","002","Personer1","2005",0,,"Halden","Menn","2 år","Personer","2005","07459","2026-09-10 13:01:08 UTC"
"3101","1","002","Personer1","2006",0,,"Halden","Menn","2 år","Personer","2006","07459","2026-09-10 13:01:08 UTC"
"3101","1","002","Personer1","2007",0,,"Halden","Menn","2 år","Personer","2007","07459","2026-09-10 13:01:08 UTC"
"3101","1","002","Personer1","2008",0,,"Halden","Menn","2 år","Personer","2008","07459","2026-09-10 13:01:08 UTC"
"3101","1","002","Personer1","2009",0,,"Halden","Menn","2 år","Personer","2009","07459","2026-09-10 13:01:08 UTC"
"3101","1","002","Personer1","2010",0,,"Halden","Menn","2 år","Personer","2010","07459","2026-09-10 13:01:08 UTC"
"3101","1","002","Personer1","2011",0,,"Halden","Menn","2 år","Personer","2011","07459","2026-09-10 13:01:08 UTC"
"3101","1","002","Personer1","2012",0,,"Halden","Menn","2 år","Personer","2012","07459","2026-09-10 13:01:08 UTC"
"3101","1","002","Personer1","2013",0,,"Halden","Menn","2 år","Personer","2013","07459","2026-09-10 13:01:08 UTC"
"3101","1","002","Personer1","2014",0,,"Halden","Menn","2 år","Personer","2014","07459","2026-09-10 13:01:08 UTC"
"3101","1","002","Personer1","2015",0,,"Halden","Menn","2 år","Personer","2015","07459","2026-09-10 13:01:08 UTC"
"3101","1","002","Personer1","2016",0,,"Halden","Menn","2 år","Personer","2016","07459","2026-09-10 13:01:08 UTC"
"3101","1","002","Personer1","2017",0,,"Halden","Menn","2 år","Personer","2017","07459","2026-09-10 13:01:08 UTC"
"3101","1","002","Personer1","2018",0,,"Halden","Menn","2 år","Personer","2018","07459","2026-09-10 13:01:08 UTC"
"3101","1","002","Personer1","2019",0,,"Halden","Menn","2 år","Personer","2019","07459","2026-09-10 13:01:08 UTC"
"3101","1","002","Personer1","2020",0,,"Halden","Menn","2 år","Personer","2020","07459","2026-09-10 13:01:08 UTC"
"3101","1","002","Personer1","2021",0,,"Halden","Menn","2 år","Personer","2021","07459","2026-09-10 13:01:08 UTC"
"3101","1","002","Personer1","2022",0,,"Halden","Menn","2 år","Personer","2022","07459","2026-09-10 13:01:08 UTC"
"3101","1","002","Personer1","2023",0,,"Halden","Menn","2 år","Personer","2023","07459","2026-09-10 13:01:08 UTC"
"3101","1","002","Personer1","2024",141,,"Halden","Menn","2 år","Personer","2024","07459","2026-09-10 13:01:08 UTC"
"3101","1","002","Personer1","2025",134,,"Halden","Menn","2 år","Personer","2025","07459","2026-09-10 13:01:08 UTC"
"3101","1","002","Personer1","2026",163,,"Halden","Menn","2 år","Personer","2026","07459","2026-09-10 13:01:08 UTC"
"3101","1","003","Personer1","2005",0,,"Halden","Menn","3 år","Personer","2005","07459","2026-09-10 13:01:08 UTC"
"3101","1","003","Personer1","2006",0,,"Halden","Menn","3 år","Personer","2006","07459","2026-09-10 13:01:08 UTC"
"3101","1","003","Personer1","2007",0,,"Halden","Menn","3 år","Personer","2007","07459","2026-09-10 13:01:08 UTC"
"3101","1","003","Personer1","2008",0,,"Halden","Menn","3 år","Personer","2008","07459","2026-09-10 13:01:08 UTC"
"3101","1","003","Personer1","2009",0,,"Halden","Menn","3 år","Personer","2009","07459","2026-09-10 13:01:08 UTC"
"3101","1","003","Personer1","2010",0,,"Halden","Menn","3 år","Personer","2010","07459","2026-09-10 13:01:08 UTC"
"3101","1","003","Personer1","2011",0,,"Halden","Menn","3 år","Personer","2011","07459","2026-09-10 13:01:08 UTC"
"3101","1","003","Personer1","2012",0,,"Halden","Menn","3 år","Personer","2012","07459","2026-09-10 13:01:08 UTC"
"3101","1","003","Personer1","2013",0,,"Halden","Menn","3 år","Personer","2013","07459","2026-09-10 13:01:08 UTC"
"3101","1","003","Personer1","2014",0,,"Halden","Menn","3 år","Personer","2014","07459","2026-09-10 13:01:08 UTC"
"3101","1","003","Personer1","2015",0,,"Halden","Menn","3 år","Personer","2015","07459","2026-09-10 13:01:08 UTC"
"3101","1","003","Personer1","2016",0,,"Halden","Menn","3 år","Personer","2016","07459","2026-09-10 13:01:08 UTC"
"3101","1","003","Personer1","2017",0,,"Halden","Menn","3 år","Personer","2017","07459","2026-09-10 13:01:08 UTC"
"3101","1","003","Personer1","2018",0,,"Halden","Menn","3 år","Personer","2018","07459","2026-09-10 13:01:08 UTC"
"3101","1","003","Personer1","2019",0,,"Halden","Menn","3 år","Personer","2019","07459","2026-09-10 13:01:08 UTC"
"3101","1","003","Personer1","2020",0,,"Halden","Menn","3 år","Personer","2020","07459","2026-09-10 13:01:08 UTC"
"3101","1","003","Personer1","2021",0,,"Halden","Menn","3 år","Personer","2021","07459","2026-09-10 13:01:08 UTC"
"3101","1","003","Personer1","2022",0,,"Halden","Menn","3 år","Personer","2022","07459","2026-09-10 13:01:08 UTC"
"3101","1","003","Personer1","2023",0,,"Halden","Menn","3 år","Personer","2023","07459","2026-09-10 13:01:08 UTC"
"3101","1","003","Personer1","2024",153,,"Halden","Menn","3 år","Personer","2024","07459","2026-09-10 13:01:08 UTC"
"3101","1","003","Personer1","2025",138,,"Halden","Menn","3 år","Personer","2025","07459","2026-09-10 13:01:08 UTC"
"3101","1","003","Personer1","2026",138,,"Halden","Menn","3 år","Personer","2026","07459","2026-09-10 13:01:08 UTC"
"3101","1","004","Personer1","2005",0,,"Halden","Menn","4 år","Personer","2005","07459","2026-09-10 13:01:08 UTC"
"3101","1","004","Personer1","2006",0,,"Halden","Menn","4 år","Personer","2006","07459","2026-09-10 13:01:08 UTC"
"3101","1","004","Personer1","2007",0,,"Halden","Menn","4 år","Personer","2007","07459","2026-09-10 13:01:08 UTC"
"3101","1","004","Personer1","2008",0,,"Halden","Menn","4 år","Personer","2008","07459","2026-09-10 13:01:08 UTC"
"3101","1","004","Personer1","2009",0,,"Halden","Menn","4 år","Personer","2009","07459","2026-09-10 13:01:08 UTC"
"3101","1","004","Personer1","2010",0,,"Halden","Menn","4 år","Personer","2010","07459","2026-09-10 13:01:08 UTC"
"3101","1","004","Personer1","2011",0,,"Halden","Menn","4 år","Personer","2011","07459","2026-09-10 13:01:08 UTC"
"3101","1","004","Personer1","2012",0,,"Halden","Menn","4 år","Personer","2012","07459","2026-09-10 13:01:08 UTC"
"3101","1","004","Personer1","2013",0,,"Halden","Menn","4 år","Personer","2013","07459","2026-09-10 13:01:08 UTC"
"3101","1","004","Personer1","2014",0,,"Halden","Menn","4 år","Personer","2014","07459","2026-09-10 13:01:08 UTC"
"3101","1","004","Personer1","2015",0,,"Halden","Menn","4 år","Personer","2015","07459","2026-09-10 13:01:08 UTC"
"3101","1","004","Personer1","2016",0,,"Halden","Menn","4 år","Personer","2016","07459","2026-09-10 13:01:08 UTC"
"3101","1","004","Personer1","2017",0,,"Halden","Menn","4 år","Personer","2017","07459","2026-09-10 13:01:08 UTC"
"3101","1","004","Personer1","2018",0,,"Halden","Menn","4 år","Personer","2018","07459","2026-09-10 13:01:08 UTC"
"3101","1","004","Personer1","2019",0,,"Halden","Menn","4 år","Personer","2019","07459","2026-09-10 13:01:08 UTC"
"3101","1","004","Personer1","2020",0,,"Halden","Menn","4 år","Personer","2020","07459","2026-09-10 13:01:08 UTC"
"3101","1","004","Personer1","2021",0,,"Halden","Menn","4 år","Personer","2021","07459","2026-09-10 13:01:08 UTC"
"3101","1","004","Personer1","2022",0,,"Halden","Menn","4 år","Personer","2022","07459","2026-09-10 13:01:08 UTC"
"3101","1","004","Personer1","2023",0,,"Halden","Menn","4 år","Personer","2023","07459","2026-09-10 13:01:08 UTC"
"3101","1","004","Personer1","2024",144,,"Halden","Menn","4 år","Personer","2024","07459","2026-09-10 13:01:08 UTC"
"3101","1","004","Personer1","2025",156,,"Halden","Menn","4 år","Personer","2025","07459","2026-09-10 13:01:08 UTC"
"3101","1","004","Personer1","2026",138,,"Halden","Menn","4 år","Personer","2026","07459","2026-09-10 13:01:08 UTC"
"3101","1","005","Personer1","2005",0,,"Halden","Menn","5 år","Personer","2005","07459","2026-09-10 13:01:08 UTC"
"3101","1","005","Personer1","2006",0,,"Halden","Menn","5 år","Personer","2006","07459","2026-09-10 13:01:08 UTC"
"3101","1","005","Personer1","2007",0,,"Halden","Menn","5 år","Personer","2007","07459","2026-09-10 13:01:08 UTC"
"3101","1","005","Personer1","2008",0,,"Halden","Menn","5 år","Personer","2008","07459","2026-09-10 13:01:08 UTC"
"3101","1","005","Personer1","2009",0,,"Halden","Menn","5 år","Personer","2009","07459","2026-09-10 13:01:08 UTC"
"3101","1","005","Personer1","2010",0,,"Halden","Menn","5 år","Personer","2010","07459","2026-09-10 13:01:08 UTC"
"3101","1","005","Personer1","2011",0,,"Halden","Menn","5 år","Personer","2011","07459","2026-09-10 13:01:08 UTC"
"3101","1","005","Personer1","2012",0,,"Halden","Menn","5 år","Personer","2012","07459","2026-09-10 13:01:08 UTC"
"3101","1","005","Personer1","2013",0,,"Halden","Menn","5 år","Personer","2013","07459","2026-09-10 13:01:08 UTC"
"3101","1","005","Personer1","2014",0,,"Halden","Menn","5 år","Personer","2014","07459","2026-09-10 13:01:08 UTC"
"3101","1","005","Personer1","2015",0,,"Halden","Menn","5 år","Personer","2015","07459","2026-09-10 13:01:08 UTC"
"3101","1","005","Personer1","2016",0,,"Halden","Menn","5 år","Personer","2016","07459","2026-09-10 13:01:08 UTC"
"3101","1","005","Personer1","2017",0,,"Halden","Menn","5 år","Personer","2017","07459","2026-09-10 13:01:08 UTC"
"3101","1","005","Personer1","2018",0,,"Halden","Menn","5 år","Personer","2018","07459","2026-09-10 13:01:08 UTC"
"3101","1","005","Personer1","2019",0,,"Halden","Menn","5 år","Personer","2019","07459","2026-09-10 13:01:08 UTC"
"3101","1","005","Personer1","2020",0,,"Halden","Menn","5 år","Personer","2020","07459","2026-09-10 13:01:08 UTC"
"3101","1","005","Personer1","2021",0,,"Halden","Menn","5 år","Personer","2021","07459","2026-09-10 13:01:08 UTC"
"3101","1","005","Personer1","2022",0,,"Halden","Menn","5 år","Personer","2022","07459","2026-09-10 13:01:08 UTC"
"3101","1","005","Personer1","2023",0,,"Halden","Menn","5 år","Personer","2023","07459","2026-09-10 13:01:08 UTC"
"3101","1","005","Personer1","2024",136,,"Halden","Menn","5 år","Personer","2024","07459","2026-09-10 13:01:08 UTC"
"3101","1","005","Personer1","2025",148,,"Halden","Menn","5 år","Personer","2025","07459","2026-09-10 13:01:08 UTC"
"3101","1","005","Personer1","2026",155,,"Halden","Menn","5 år","Personer","2026","07459","2026-09-10 13:01:08 UTC"
"3101","1","006","Personer1","2005",0,,"Halden","Menn","6 år","Personer","2005","07459","2026-09-10 13:01:08 UTC"
"3101","1","006","Personer1","2006",0,,"Halden","Menn","6 år","Personer","2006","07459","2026-09-10 13:01:08 UTC"
"3101","1","006","Personer1","2007",0,,"Halden","Menn","6 år","Personer","2007","07459","2026-09-10 13:01:08 UTC"
"3101","1","006","Personer1","2008",0,,"Halden","Menn","6 år","Personer","2008","07459","2026-09-10 13:01:08 UTC"
"3101","1","006","Personer1","2009",0,,"Halden","Menn","6 år","Personer","2009","07459","2026-09-10 13:01:08 UTC"
"3101","1","006","Personer1","2010",0,,"Halden","Menn","6 år","Personer","2010","07459","2026-09-10 13:01:08 UTC"
"3101","1","006","Personer1","2011",0,,"Halden","Menn","6 år","Personer","2011","07459","2026-09-10 13:01:08 UTC"
"3101","1","006","Personer1","2012",0,,"Halden","Menn","6 år","Personer","2012","07459","2026-09-10 13:01:08 UTC"
"3101","1","006","Personer1","2013",0,,"Halden","Menn","6 år","Personer","2013","07459","2026-09-10 13:01:08 UTC"
"3101","1","006","Personer1","2014",0,,"Halden","Menn","6 år","Personer","2014","07459","2026-09-10 13:01:08 UTC"
"3101","1","006","Personer1","2015",0,,"Halden","Menn","6 år","Personer","2015","07459","2026-09-10 13:01:08 UTC"
"3101","1","006","Personer1","2016",0,,"Halden","Menn","6 år","Personer","2016","07459","2026-09-10 13:01:08 UTC"
"3101","1","006","Personer1","2017",0,,"Halden","Menn","6 år","Personer","2017","07459","2026-09-10 13:01:08 UTC"
"3101","1","006","Personer1","2018",0,,"Halden","Menn","6 år","Personer","2018","07459","2026-09-10 13:01:08 UTC"
"3101","1","006","Personer1","2019",0,,"Halden","Menn","6 år","Personer","2019","07459","2026-09-10 13:01:08 UTC"
"3101","1","006","Personer1","2020",0,,"Halden","Menn","6 år","Personer","2020","07459","2026-09-10 13:01:08 UTC"
"3101","1","006","Personer1","2021",0,,"Halden","Menn","6 år","Personer","2021","07459","2026-09-10 13:01:08 UTC"
"3101","1","006","Personer1","2022",0,,"Halden","Menn","6 år","Personer","2022","07459","2026-09-10 13:01:08 UTC"
"3101","1","006","Personer1","2023",0,,"Halden","Menn","6 år","Personer","2023","07459","2026-09-10 13:01:08 UTC"
"3101","1","006","Personer1","2024",178,,"Halden","Menn","6 år","Personer","2024","07459","2026-09-10 13:01:08 UTC"
"3101","1","006","Personer1","2025",134,,"Halden","Menn","6 år","Personer","2025","07459","2026-09-10 13:01:08 UTC"
"3101","1","006","Personer1","2026",149,,"Halden","Menn","6 år","Personer","2026","07459","2026-09-10 13:01:08 UTC"
"3101","1","007","Personer1","2005",0,,"Halden","Menn","7 år","Personer","2005","07459","2026-09-10 13:01:08 UTC"
"3101","1","007","Personer1","2006",0,,"Halden","Menn","7 år","Personer","2006","07459","2026-09-10 13:01:08 UTC"
"3101","1","007","Personer1","2007",0,,"Halden","Menn","7 år","Personer","2007","07459","2026-09-10 13:01:08 UTC"
"3101","1","007","Personer1","2008",0,,"Halden","Menn","7 år","Personer","2008","07459","2026-09-10 13:01:08 UTC"
"3101","1","007","Personer1","2009",0,,"Halden","Menn","7 år","Personer","2009","07459","2026-09-10 13:01:08 UTC"
"3101","1","007","Personer1","2010",0,,"Halden","Menn","7 år","Personer","2010","07459","2026-09-10 13:01:08 UTC"
"3101","1","007","Personer1","2011",0,,"Halden","Menn","7 år","Personer","2011","07459","2026-09-10 13:01:08 UTC"
"3101","1","007","Personer1","2012",0,,"Halden","Menn","7 år","Personer","2012","07459","2026-09-10 13:01:08 UTC"
"3101","1","007","Personer1","2013",0,,"Halden","Menn","7 år","Personer","2013","07459","2026-09-10 13:01:08 UTC"
"3101","1","007","Personer1","2014",0,,"Halden","Menn","7 år","Personer","2014","07459","2026-09-10 13:01:08 UTC"
"3101","1","007","Personer1","2015",0,,"Halden","Menn","7 år","Personer","2015","07459","2026-09-10 13:01:08 UTC"
"3101","1","007","Personer1","2016",0,,"Halden","Menn","7 år","Personer","2016","07459","2026-09-10 13:01:08 UTC"
"3101","1","007","Personer1","2017",0,,"Halden","Menn","7 år","Personer","2017","07459","2026-09-10 13:01:08 UTC"
"3101","1","007","Personer1","2018",0,,"Halden","Menn","7 år","Personer","2018","07459","2026-09-10 13:01:08 UTC"
"3101","1","007","Personer1","2019",0,,"Halden","Menn","7 år","Personer","2019","07459","2026-09-10 13:01:08 UTC"
"3101","1","007","Personer1","2020",0,,"Halden","Menn","7 år","Personer","2020","07459","2026-09-10 13:01:08 UTC"
"3101","1","007","Personer1","2021",0,,"Halden","Menn","7 år","Personer","2021","07459","2026-09-10 13:01:08 UTC"
"3101","1","007","Personer1","2022",0,,"Halden","Menn","7 år","Personer","2022","07459","2026-09-10 13:01:08 UTC"
"3101","1","007","Personer1","2023",0,,"Halden","Menn","7 år","Personer","2023","07459","2026-09-10 13:01:08 UTC"
"3101","1","007","Personer1","2024",179,,"Halden","Menn","7 år","Personer","2024","07459","2026-09-10 13:01:08 UTC"
"3101","1","007","Personer1","2025",180,,"Halden","Menn","7 år","Personer","2025","07459","2026-09-10 13:01:08 UTC"
"3101","1","007","Personer1","2026",132,,"Halden","Menn","7 år","Personer","2026","07459","2026-09-10 13:01:08 UTC"
"3101","1","008","Personer1","2005",0,,"Halden","Menn","8 år","Personer","2005","07459","2026-09-10 13:01:08 UTC"
"3101","1","008","Personer1","2006",0,,"Halden","Menn","8 år","Personer","2006","07459","2026-09-10 13:01:08 UTC"
"3101","1","008","Personer1","2007",0,,"Halden","Menn","8 år","Personer","2007","07459","2026-09-10 13:01:08 UTC"
"3101","1","008","Personer1","2008",0,,"Halden","Menn","8 år","Personer","2008","07459","2026-09-10 13:01:08 UTC"
"3101","1","008","Personer1","2009",0,,"Halden","Menn","8 år","Personer","2009","07459","2026-09-10 13:01:08 UTC"
"3101","1","008","Personer1","2010",0,,"Halden","Menn","8 år","Personer","2010","07459","2026-09-10 13:01:08 UTC"
"3101","1","008","Personer1","2011",0,,"Halden","Menn","8 år","Personer","2011","07459","2026-09-10 13:01:08 UTC"
"3101","1","008","Personer1","2012",0,,"Halden","Menn","8 år","Personer","2012","07459","2026-09-10 13:01:08 UTC"
"3101","1","008","Personer1","2013",0,,"Halden","Menn","8 år","Personer","2013","07459","2026-09-10 13:01:08 UTC"
"3101","1","008","Personer1","2014",0,,"Halden","Menn","8 år","Personer","2014","07459","2026-09-10 13:01:08 UTC"
"3101","1","008","Personer1","2015",0,,"Halden","Menn","8 år","Personer","2015","07459","2026-09-10 13:01:08 UTC"
"3101","1","008","Personer1","2016",0,,"Halden","Menn","8 år","Personer","2016","07459","2026-09-10 13:01:08 UTC"
"3101","1","008","Personer1","2017",0,,"Halden","Menn","8 år","Personer","2017","07459","2026-09-10 13:01:08 UTC"
"3101","1","008","Personer1","2018",0,,"Halden","Menn","8 år","Personer","2018","07459","2026-09-10 13:01:08 UTC"
"3101","1","008","Personer1","2019",0,,"Halden","Menn","8 år","Personer","2019","07459","2026-09-10 13:01:08 UTC"
"3101","1","008","Personer1","2020",0,,"Halden","Menn","8 år","Personer","2020","07459","2026-09-10 13:01:08 UTC"
"3101","1","008","Personer1","2021",0,,"Halden","Menn","8 år","Personer","2021","07459","2026-09-10 13:01:08 UTC"
"3101","1","008","Personer1","2022",0,,"Halden","Menn","8 år","Personer","2022","07459","2026-09-10 13:01:08 UTC"
"3101","1","008","Personer1","2023",0,,"Halden","Menn","8 år","Personer","2023","07459","2026-09-10 13:01:08 UTC"
"3101","1","008","Personer1","2024",156,,"Halden","Menn","8 år","Personer","2024","07459","2026-09-10 13:01:08 UTC"
"3101","1","008","Personer1","2025",182,,"Halden","Menn","8 år","Personer","2025","07459","2026-09-10 13:01:08 UTC"
"3101","1","008","Personer1","2026",182,,"Halden","Menn","8 år","Personer","2026","07459","2026-09-10 13:01:08 UTC"
"3101","1","009","Personer1","2005",0,,"Halden","Menn","9 år","Personer","2005","07459","2026-09-10 13:01:08 UTC"
"3101","1","009","Personer1","2006",0,,"Halden","Menn","9 år","Personer","2006","07459","2026-09-10 13:01:08 UTC"
"3101","1","009","Personer1","2007",0,,"Halden","Menn","9 år","Personer","2007","07459","2026-09-10 13:01:08 UTC"
"3101","1","009","Personer1","2008",0,,"Halden","Menn","9 år","Personer","2008","07459","2026-09-10 13:01:08 UTC"
"3101","1","009","Personer1","2009",0,,"Halden","Menn","9 år","Personer","2009","07459","2026-09-10 13:01:08 UTC"
"3101","1","009","Personer1","2010",0,,"Halden","Menn","9 år","Personer","2010","07459","2026-09-10 13:01:08 UTC"
"3101","1","009","Personer1","2011",0,,"Halden","Menn","9 år","Personer","2011","07459","2026-09-10 13:01:08 UTC"
"3101","1","009","Personer1","2012",0,,"Halden","Menn","9 år","Personer","2012","07459","2026-09-10 13:01:08 UTC"
"3101","1","009","Personer1","2013",0,,"Halden","Menn","9 år","Personer","2013","07459","2026-09-10 13:01:08 UTC"
"3101","1","009","Personer1","2014",0,,"Halden","Menn","9 år","Personer","2014","07459","2026-09-10 13:01:08 UTC"
"3101","1","009","Personer1","2015",0,,"Halden","Menn","9 år","Personer","2015","07459","2026-09-10 13:01:08 UTC"
"3101","1","009","Personer1","2016",0,,"Halden","Menn","9 år","Personer","2016","07459","2026-09-10 13:01:08 UTC"
"3101","1","009","Personer1","2017",0,,"Halden","Menn","9 år","Personer","2017","07459","2026-09-10 13:01:08 UTC"
"3101","1","009","Personer1","2018",0,,"Halden","Menn","9 år","Personer","2018","07459","2026-09-10 13:01:08 UTC"
"3101","1","009","Personer1","2019",0,,"Halden","Menn","9 år","Personer","2019","07459","2026-09-10 13:01:08 UTC"
"3101","1","009","Personer1","2020",0,,"Halden","Menn","9 år","Personer","2020","07459","2026-09-10 13:01:08 UTC"
"3101","1","009","Personer1","2021",0,,"Halden","Menn","9 år","Personer","2021","07459","2026-09-10 13:01:08 UTC"
"3101","1","009","Personer1","2022",0,,"Halden","Menn","9 år","Personer","2022","07459","2026-09-10 13:01:08 UTC"
"3101","1","009","Personer1","2023",0,,"Halden","Menn","9 år","Personer","2023","07459","2026-09-10 13:01:08 UTC"
"3101","1","009","Personer1","2024",170,,"Halden","Menn","9 år","Personer","2024","07459","2026-09-10 13:01:08 UTC"
"3101","1","009","Personer1","2025",159,,"Halden","Menn","9 år","Personer","2025","07459","2026-09-10 13:01:08 UTC"
"3101","1","009","Personer1","2026",183,,"Halden","Menn","9 år","Personer","2026","07459","2026-09-10 13:01:08 UTC"
"3101","1","010","Personer1","2005",0,,"Halden","Menn","10 år","Personer","2005","07459","2026-09-10 13:01:08 UTC"
"3101","1","010","Personer1","2006",0,,"Halden","Menn","10 år","Personer","2006","07459","2026-09-10 13:01:08 UTC"
"3101","1","010","Personer1","2007",0,,"Halden","Menn","10 år","Personer","2007","07459","2026-09-10 13:01:08 UTC"
"3101","1","010","Personer1","2008",0,,"Halden","Menn","10 år","Personer","2008","07459","2026-09-10 13:01:08 UTC"
"3101","1","010","Personer1","2009",0,,"Halden","Menn","10 år","Personer","2009","07459","2026-09-10 13:01:08 UTC"
"3101","1","010","Personer1","2010",0,,"Halden","Menn","10 år","Personer","2010","07459","2026-09-10 13:01:08 UTC"
"3101","1","010","Personer1","2011",0,,"Halden","Menn","10 år","Personer","2011","07459","2026-09-10 13:01:08 UTC"
"3101","1","010","Personer1","2012",0,,"Halden","Menn","10 år","Personer","2012","07459","2026-09-10 13:01:08 UTC"
"3101","1","010","Personer1","2013",0,,"Halden","Menn","10 år","Personer","2013","07459","2026-09-10 13:01:08 UTC"
"3101","1","010","Personer1","2014",0,,"Halden","Menn","10 år","Personer","2014","07459","2026-09-10 13:01:08 UTC"
"3101","1","010","Personer1","2015",0,,"Halden","Menn","10 år","Personer","2015","07459","2026-09-10 13:01:08 UTC"
"3101","1","010","Personer1","2016",0,,"Halden","Menn","10 år","Personer","2016","07459","2026-09-10 13:01:08 UTC"
"3101","1","010","Personer1","2017",0,,"Halden","Menn","10 år","Personer","2017","07459","2026-09-10 13:01:08 UTC"
"3101","1","010","Personer1","2018",0,,"Halden","Menn","10 år","Personer","2018","07459","2026-09-10 13:01:08 UTC"
"3101","1","010","Personer1","2019",0,,"Halden","Menn","10 år","Personer","2019","07459","2026-09-10 13:01:08 UTC"
"3101","1","010","Personer1","2020",0,,"Halden","Menn","10 år","Personer","2020","07459","2026-09-10 13:01:08 UTC"
"3101","1","010","Personer1","2021",0,,"Halden","Menn","10 år","Personer","2021","07459","2026-09-10 13:01:08 UTC"
"3101","1","010","Personer1","2022",0,,"Halden","Menn","10 år","Personer","2022","07459","2026-09-10 13:01:08 UTC"
"3101","1","010","Personer1","2023",0,,"Halden","Menn","10 år","Personer","2023","07459","2026-09-10 13:01:08 UTC"
"3101","1","010","Personer1","2024",195,,"Halden","Menn","10 år","Personer","2024","07459","2026-09-10 13:01:08 UTC"
"3101","1","010","Personer1","2025",171,,"Halden","Menn","10 år","Personer","2025","07459","2026-09-10 13:01:08 UTC"
"3101","1","010","Personer1","2026",161,,"Halden","Menn","10 år","Personer","2026","07459","2026-09-10 13:01:08 UTC"
"3101","1","011","Personer1","2005",0,,"Halden","Menn","11 år","Personer","2005","07459","2026-09-10 13:01:08 UTC"
"3101","1","011","Personer1","2006",0,,"Halden","Menn","11 år","Personer","2006","07459","2026-09-10 13:01:08 UTC"
"3101","1","011","Personer1","2007",0,,"Halden","Menn","11 år","Personer","2007","07459","2026-09-10 13:01:08 UTC"
"3101","1","011","Personer1","2008",0,,"Halden","Menn","11 år","Personer","2008","07459","2026-09-10 13:01:08 UTC"
"3101","1","011","Personer1","2009",0,,"Halden","Menn","11 år","Personer","2009","07459","2026-09-10 13:01:08 UTC"
"3101","1","011","Personer1","2010",0,,"Halden","Menn","11 år","Personer","2010","07459","2026-09-10 13:01:08 UTC"
"3101","1","011","Personer1","2011",0,,"Halden","Menn","11 år","Personer","2011","07459","2026-09-10 13:01:08 UTC"
"3101","1","011","Personer1","2012",0,,"Halden","Menn","11 år","Personer","2012","07459","2026-09-10 13:01:08 UTC"
"3101","1","011","Personer1","2013",0,,"Halden","Menn","11 år","Personer","2013","07459","2026-09-10 13:01:08 UTC"
"3101","1","011","Personer1","2014",0,,"Halden","Menn","11 år","Personer","2014","07459","2026-09-10 13:01:08 UTC"
"3101","1","011","Personer1","2015",0,,"Halden","Menn","11 år","Personer","2015","07459","2026-09-10 13:01:08 UTC"
"3101","1","011","Personer1","2016",0,,"Halden","Menn","11 år","Personer","2016","07459","2026-09-10 13:01:08 UTC"
"3101","1","011","Personer1","2017",0,,"Halden","Menn","11 år","Personer","2017","07459","2026-09-10 13:01:08 UTC"
"3101","1","011","Personer1","2018",0,,"Halden","Menn","11 år","Personer","2018","07459","2026-09-10 13:01:08 UTC"
"3101","1","011","Personer1","2019",0,,"Halden","Menn","11 år","Personer","2019","07459","2026-09-10 13:01:08 UTC"
"3101","1","011","Personer1","2020",0,,"Halden","Menn","11 år","Personer","2020","07459","2026-09-10 13:01:08 UTC"
"3101","1","011","Personer1","2021",0,,"Halden","Menn","11 år","Personer","2021","07459","2026-09-10 13:01:08 UTC"
"3101","1","011","Personer1","2022",0,,"Halden","Menn","11 år","Personer","2022","07459","2026-09-10 13:01:08 UTC"
"3101","1","011","Personer1","2023",0,,"Halden","Menn","11 år","Personer","2023","07459","2026-09-10 13:01:08 UTC"
"3101","1","011","Personer1","2024",186,,"Halden","Menn","11 år","Personer","2024","07459","2026-09-10 13:01:08 UTC"
"3101","1","011","Personer1","2025",196,,"Halden","Menn","11 år","Personer","2025","07459","2026-09-10 13:01:08 UTC"
"3101","1","011","Personer1","2026",171,,"Halden","Menn","11 år","Personer","2026","07459","2026-09-10 13:01:08 UTC"
"3101","1","012","Personer1","2005",0,,"Halden","Menn","12 år","Personer","2005","07459","2026-09-10 13:01:08 UTC"
"3101","1","012","Personer1","2006",0,,"Halden","Menn","12 år","Personer","2006","07459","2026-09-10 13:01:08 UTC"
"3101","1","012","Personer1","2007",0,,"Halden","Menn","12 år","Personer","2007","07459","2026-09-10 13:01:08 UTC"
"3101","1","012","Personer1","2008",0,,"Halden","Menn","12 år","Personer","2008","07459","2026-09-10 13:01:08 UTC"
"3101","1","012","Personer1","2009",0,,"Halden","Menn","12 år","Personer","2009","07459","2026-09-10 13:01:08 UTC"
"3101","1","012","Personer1","2010",0,,"Halden","Menn","12 år","Personer","2010","07459","2026-09-10 13:01:08 UTC"
"3101","1","012","Personer1","2011",0,,"Halden","Menn","12 år","Personer","2011","07459","2026-09-10 13:01:08 UTC"
"3101","1","012","Personer1","2012",0,,"Halden","Menn","12 år","Personer","2012","07459","2026-09-10 13:01:08 UTC"
"3101","1","012","Personer1","2013",0,,"Halden","Menn","12 år","Personer","2013","07459","2026-09-10 13:01:08 UTC"
"3101","1","012","Personer1","2014",0,,"Halden","Menn","12 år","Personer","2014","07459","2026-09-10 13:01:08 UTC"
"3101","1","012","Personer1","2015",0,,"Halden","Menn","12 år","Personer","2015","07459","2026-09-10 13:01:08 UTC"
"3101","1","012","Personer1","2016",0,,"Halden","Menn","12 år","Personer","2016","07459","2026-09-10 13:01:08 UTC"
"3101","1","012","Personer1","2017",0,,"Halden","Menn","12 år","Personer","2017","07459","2026-09-10 13:01:08 UTC"
"3101","1","012","Personer1","2018",0,,"Halden","Menn","12 år","Personer","2018","07459","2026-09-10 13:01:08 UTC"
"3101","1","012","Personer1","2019",0,,"Halden","Menn","12 år","Personer","2019","07459","2026-09-10 13:01:08 UTC"
"3101","1","012","Personer1","2020",0,,"Halden","Menn","12 år","Personer","2020","07459","2026-09-10 13:01:08 UTC"
"3101","1","012","Personer1","2021",0,,"Halden","Menn","12 år","Personer","2021","07459","2026-09-10 13:01:08 UTC"
"3101","1","012","Personer1","2022",0,,"Halden","Menn","12 år","Personer","2022","07459","2026-09-10 13:01:08 UTC"
"3101","1","012","Personer1","2023",0,,"Halden","Menn","12 år","Personer","2023","07459","2026-09-10 13:01:08 UTC"
"3101","1","012","Personer1","2024",173,,"Halden","Menn","12 år","Personer","2024","07459","2026-09-10 13:01:08 UTC"
"3101","1","012","Personer1","2025",187,,"Halden","Menn","12 år","Personer","2025","07459","2026-09-10 13:01:08 UTC"
"3101","1","012","Personer1","2026",194,,"Halden","Menn","12 år","Personer","2026","07459","2026-09-10 13:01:08 UTC"
"3101","1","013","Personer1","2005",0,,"Halden","Menn","13 år","Personer","2005","07459","2026-09-10 13:01:08 UTC"
"3101","1","013","Personer1","2006",0,,"Halden","Menn","13 år","Personer","2006","07459","2026-09-10 13:01:08 UTC"
"3101","1","013","Personer1","2007",0,,"Halden","Menn","13 år","Personer","2007","07459","2026-09-10 13:01:08 UTC"
"3101","1","013","Personer1","2008",0,,"Halden","Menn","13 år","Personer","2008","07459","2026-09-10 13:01:08 UTC"
"3101","1","013","Personer1","2009",0,,"Halden","Menn","13 år","Personer","2009","07459","2026-09-10 13:01:08 UTC"
"3101","1","013","Personer1","2010",0,,"Halden","Menn","13 år","Personer","2010","07459","2026-09-10 13:01:08 UTC"
"3101","1","013","Personer1","2011",0,,"Halden","Menn","13 år","Personer","2011","07459","2026-09-10 13:01:08 UTC"
"3101","1","013","Personer1","2012",0,,"Halden","Menn","13 år","Personer","2012","07459","2026-09-10 13:01:08 UTC"
"3101","1","013","Personer1","2013",0,,"Halden","Menn","13 år","Personer","2013","07459","2026-09-10 13:01:08 UTC"
"3101","1","013","Personer1","2014",0,,"Halden","Menn","13 år","Personer","2014","07459","2026-09-10 13:01:08 UTC"
"3101","1","013","Personer1","2015",0,,"Halden","Menn","13 år","Personer","2015","07459","2026-09-10 13:01:08 UTC"
"3101","1","013","Personer1","2016",0,,"Halden","Menn","13 år","Personer","2016","07459","2026-09-10 13:01:08 UTC"
"3101","1","013","Personer1","2017",0,,"Halden","Menn","13 år","Personer","2017","07459","2026-09-10 13:01:08 UTC"
"3101","1","013","Personer1","2018",0,,"Halden","Menn","13 år","Personer","2018","07459","2026-09-10 13:01:08 UTC"
"3101","1","013","Personer1","2019",0,,"Halden","Menn","13 år","Personer","2019","07459","2026-09-10 13:01:08 UTC"
"3101","1","013","Personer1","2020",0,,"Halden","Menn","13 år","Personer","2020","07459","2026-09-10 13:01:08 UTC"
"3101","1","013","Personer1","2021",0,,"Halden","Menn","13 år","Personer","2021","07459","2026-09-10 13:01:08 UTC"
"3101","1","013","Personer1","2022",0,,"Halden","Menn","13 år","Personer","2022","07459","2026-09-10 13:01:08 UTC"
"3101","1","013","Personer1","2023",0,,"Halden","Menn","13 år","Personer","2023","07459","2026-09-10 13:01:08 UTC"
"3101","1","013","Personer1","2024",194,,"Halden","Menn","13 år","Personer","2024","07459","2026-09-10 13:01:08 UTC"
"3101","1","013","Personer1","2025",172,,"Halden","Menn","13 år","Personer","2025","07459","2026-09-10 13:01:08 UTC"
"3101","1","013","Personer1","2026",189,,"Halden","Menn","13 år","Personer","2026","07459","2026-09-10 13:01:08 UTC"
"3101","1","014","Personer1","2005",0,,"Halden","Menn","14 år","Personer","2005","07459","2026-09-10 13:01:08 UTC"
"3101","1","014","Personer1","2006",0,,"Halden","Menn","14 år","Personer","2006","07459","2026-09-10 13:01:08 UTC"
"3101","1","014","Personer1","2007",0,,"Halden","Menn","14 år","Personer","2007","07459","2026-09-10 13:01:08 UTC"
"3101","1","014","Personer1","2008",0,,"Halden","Menn","14 år","Personer","2008","07459","2026-09-10 13:01:08 UTC"
"3101","1","014","Personer1","2009",0,,"Halden","Menn","14 år","Personer","2009","07459","2026-09-10 13:01:08 UTC"
"3101","1","014","Personer1","2010",0,,"Halden","Menn","14 år","Personer","2010","07459","2026-09-10 13:01:08 UTC"
"3101","1","014","Personer1","2011",0,,"Halden","Menn","14 år","Personer","2011","07459","2026-09-10 13:01:08 UTC"
"3101","1","014","Personer1","2012",0,,"Halden","Menn","14 år","Personer","2012","07459","2026-09-10 13:01:08 UTC"
"3101","1","014","Personer1","2013",0,,"Halden","Menn","14 år","Personer","2013","07459","2026-09-10 13:01:08 UTC"
"3101","1","014","Personer1","2014",0,,"Halden","Menn","14 år","Personer","2014","07459","2026-09-10 13:01:08 UTC"
"3101","1","014","Personer1","2015",0,,"Halden","Menn","14 år","Personer","2015","07459","2026-09-10 13:01:08 UTC"
"3101","1","014","Personer1","2016",0,,"Halden","Menn","14 år","Personer","2016","07459","2026-09-10 13:01:08 UTC"
"3101","1","014","Personer1","2017",0,,"Halden","Menn","14 år","Personer","2017","07459","2026-09-10 13:01:08 UTC"
"3101","1","014","Personer1","2018",0,,"Halden","Menn","14 år","Personer","2018","07459","2026-09-10 13:01:08 UTC"
"3101","1","014","Personer1","2019",0,,"Halden","Menn","14 år","Personer","2019","07459","2026-09-10 13:01:08 UTC"
"3101","1","014","Personer1","2020",0,,"Halden","Menn","14 år","Personer","2020","07459","2026-09-10 13:01:08 UTC"
"3101","1","014","Personer1","2021",0,,"Halden","Menn","14 år","Personer","2021","07459","2026-09-10 13:01:08 UTC"
"3101","1","014","Personer1","2022",0,,"Halden","Menn","14 år","Personer","2022","07459","2026-09-10 13:01:08 UTC"
"3101","1","014","Personer1","2023",0,,"Halden","Menn","14 år","Personer","2023","07459","2026-09-10 13:01:08 UTC"
"3101","1","014","Personer1","2024",195,,"Halden","Menn","14 år","Personer","2024","07459","2026-09-10 13:01:08 UTC"
"3101","1","014","Personer1","2025",195,,"Halden","Menn","14 år","Personer","2025","07459","2026-09-10 13:01:08 UTC"
"3101","1","014","Personer1","2026",169,,"Halden","Menn","14 år","Personer","2026","07459","2026-09-10 13:01:08 UTC"
"3101","1","015","Personer1","2005",0,,"Halden","Menn","15 år","Personer","2005","07459","2026-09-10 13:01:08 UTC"
"3101","1","015","Personer1","2006",0,,"Halden","Menn","15 år","Personer","2006","07459","2026-09-10 13:01:08 UTC"
"3101","1","015","Personer1","2007",0,,"Halden","Menn","15 år","Personer","2007","07459","2026-09-10 13:01:08 UTC"
"3101","1","015","Personer1","2008",0,,"Halden","Menn","15 år","Personer","2008","07459","2026-09-10 13:01:08 UTC"
"3101","1","015","Personer1","2009",0,,"Halden","Menn","15 år","Personer","2009","07459","2026-09-10 13:01:08 UTC"
"3101","1","015","Personer1","2010",0,,"Halden","Menn","15 år","Personer","2010","07459","2026-09-10 13:01:08 UTC"
"3101","1","015","Personer1","2011",0,,"Halden","Menn","15 år","Personer","2011","07459","2026-09-10 13:01:08 UTC"
"3101","1","015","Personer1","2012",0,,"Halden","Menn","15 år","Personer","2012","07459","2026-09-10 13:01:08 UTC"
"3101","1","015","Personer1","2013",0,,"Halden","Menn","15 år","Personer","2013","07459","2026-09-10 13:01:08 UTC"
"3101","1","015","Personer1","2014",0,,"Halden","Menn","15 år","Personer","2014","07459","2026-09-10 13:01:08 UTC"
"3101","1","015","Personer1","2015",0,,"Halden","Menn","15 år","Personer","2015","07459","2026-09-10 13:01:08 UTC"
"3101","1","015","Personer1","2016",0,,"Halden","Menn","15 år","Personer","2016","07459","2026-09-10 13:01:08 UTC"
"3101","1","015","Personer1","2017",0,,"Halden","Menn","15 år","Personer","2017","07459","2026-09-10 13:01:08 UTC"
"3101","1","015","Personer1","2018",0,,"Halden","Menn","15 år","Personer","2018","07459","2026-09-10 13:01:08 UTC"
"3101","1","015","Personer1","2019",0,,"Halden","Menn","15 år","Personer","2019","07459","2026-09-10 13:01:08 UTC"
"3101","1","015","Personer1","2020",0,,"Halden","Menn","15 år","Personer","2020","07459","2026-09-10 13:01:08 UTC"
"3101","1","015","Personer1","2021",0,,"Halden","Menn","15 år","Personer","2021","07459","2026-09-10 13:01:08 UTC"
"3101","1","015","Personer1","2022",0,,"Halden","Menn","15 år","Personer","2022","07459","2026-09-10 13:01:08 UTC"
"3101","1","015","Personer1","2023",0,,"Halden","Menn","15 år","Personer","2023","07459","2026-09-10 13:01:08 UTC"
"3101","1","015","Personer1","2024",210,,"Halden","Menn","15 år","Personer","2024","07459","2026-09-10 13:01:08 UTC"
"3101","1","015","Personer1","2025",196,,"Halden","Menn","15 år","Personer","2025","07459","2026-09-10 13:01:08 UTC"
"3101","1","015","Personer1","2026",197,,"Halden","Menn","15 år","Personer","2026","07459","2026-09-10 13:01:08 UTC"
"3101","1","016","Personer1","2005",0,,"Halden","Menn","16 år","Personer","2005","07459","2026-09-10 13:01:08 UTC"
"3101","1","016","Personer1","2006",0,,"Halden","Menn","16 år","Personer","2006","07459","2026-09-10 13:01:08 UTC"
"3101","1","016","Personer1","2007",0,,"Halden","Menn","16 år","Personer","2007","07459","2026-09-10 13:01:08 UTC"
"3101","1","016","Personer1","2008",0,,"Halden","Menn","16 år","Personer","2008","07459","2026-09-10 13:01:08 UTC"
"3101","1","016","Personer1","2009",0,,"Halden","Menn","16 år","Personer","2009","07459","2026-09-10 13:01:08 UTC"
"3101","1","016","Personer1","2010",0,,"Halden","Menn","16 år","Personer","2010","07459","2026-09-10 13:01:08 UTC"
"3101","1","016","Personer1","2011",0,,"Halden","Menn","16 år","Personer","2011","07459","2026-09-10 13:01:08 UTC"
"3101","1","016","Personer1","2012",0,,"Halden","Menn","16 år","Personer","2012","07459","2026-09-10 13:01:08 UTC"
"3101","1","016","Personer1","2013",0,,"Halden","Menn","16 år","Personer","2013","07459","2026-09-10 13:01:08 UTC"
"3101","1","016","Personer1","2014",0,,"Halden","Menn","16 år","Personer","2014","07459","2026-09-10 13:01:08 UTC"
"3101","1","016","Personer1","2015",0,,"Halden","Menn","16 år","Personer","2015","07459","2026-09-10 13:01:08 UTC"
"3101","1","016","Personer1","2016",0,,"Halden","Menn","16 år","Personer","2016","07459","2026-09-10 13:01:08 UTC"
"3101","1","016","Personer1","2017",0,,"Halden","Menn","16 år","Personer","2017","07459","2026-09-10 13:01:08 UTC"
"3101","1","016","Personer1","2018",0,,"Halden","Menn","16 år","Personer","2018","07459","2026-09-10 13:01:08 UTC"
"3101","1","016","Personer1","2019",0,,"Halden","Menn","16 år","Personer","2019","07459","2026-09-10 13:01:08 UTC"
"3101","1","016","Personer1","2020",0,,"Halden","Menn","16 år","Personer","2020","07459","2026-09-10 13:01:08 UTC"
"3101","1","016","Personer1","2021",0,,"Halden","Menn","16 år","Personer","2021","07459","2026-09-10 13:01:08 UTC"
"3101","1","016","Personer1","2022",0,,"Halden","Menn","16 år","Personer","2022","07459","2026-09-10 13:01:08 UTC"
"3101","1","016","Personer1","2023",0,,"Halden","Menn","16 år","Personer","2023","07459","2026-09-10 13:01:08 UTC"
"3101","1","016","Personer1","2024",175,,"Halden","Menn","16 år","Personer","2024","07459","2026-09-10 13:01:08 UTC"
"3101","1","016","Personer1","2025",210,,"Halden","Menn","16 år","Personer","2025","07459","2026-09-10 13:01:08 UTC"
"3101","1","016","Personer1","2026",196,,"Halden","Menn","16 år","Personer","2026","07459","2026-09-10 13:01:08 UTC"
"3101","1","017","Personer1","2005",0,,"Halden","Menn","17 år","Personer","2005","07459","2026-09-10 13:01:08 UTC"
"3101","1","017","Personer1","2006",0,,"Halden","Menn","17 år","Personer","2006","07459","2026-09-10 13:01:08 UTC"
"3101","1","017","Personer1","2007",0,,"Halden","Menn","17 år","Personer","2007","07459","2026-09-10 13:01:08 UTC"
"3101","1","017","Personer1","2008",0,,"Halden","Menn","17 år","Personer","2008","07459","2026-09-10 13:01:08 UTC"
"3101","1","017","Personer1","2009",0,,"Halden","Menn","17 år","Personer","2009","07459","2026-09-10 13:01:08 UTC"
"3101","1","017","Personer1","2010",0,,"Halden","Menn","17 år","Personer","2010","07459","2026-09-10 13:01:08 UTC"
"3101","1","017","Personer1","2011",0,,"Halden","Menn","17 år","Personer","2011","07459","2026-09-10 13:01:08 UTC"
"3101","1","017","Personer1","2012",0,,"Halden","Menn","17 år","Personer","2012","07459","2026-09-10 13:01:08 UTC"
"3101","1","017","Personer1","2013",0,,"Halden","Menn","17 år","Personer","2013","07459","2026-09-10 13:01:08 UTC"
"3101","1","017","Personer1","2014",0,,"Halden","Menn","17 år","Personer","2014","07459","2026-09-10 13:01:08 UTC"
"3101","1","017","Personer1","2015",0,,"Halden","Menn","17 år","Personer","2015","07459","2026-09-10 13:01:08 UTC"
"3101","1","017","Personer1","2016",0,,"Halden","Menn","17 år","Personer","2016","07459","2026-09-10 13:01:08 UTC"
"3101","1","017","Personer1","2017",0,,"Halden","Menn","17 år","Personer","2017","07459","2026-09-10 13:01:08 UTC"
"3101","1","017","Personer1","2018",0,,"Halden","Menn","17 år","Personer","2018","07459","2026-09-10 13:01:08 UTC"
"3101","1","017","Personer1","2019",0,,"Halden","Menn","17 år","Personer","2019","07459","2026-09-10 13:01:08 UTC"
"3101","1","017","Personer1","2020",0,,"Halden","Menn","17 år","Personer","2020","07459","2026-09-10 13:01:08 UTC"
"3101","1","017","Personer1","2021",0,,"Halden","Menn","17 år","Personer","2021","07459","2026-09-10 13:01:08 UTC"
"3101","1","017","Personer1","2022",0,,"Halden","Menn","17 år","Personer","2022","07459","2026-09-10 13:01:08 UTC"
"3101","1","017","Personer1","2023",0,,"Halden","Menn","17 år","Personer","2023","07459","2026-09-10 13:01:08 UTC"
"3101","1","017","Personer1","2024",200,,"Halden","Menn","17 år","Personer","2024","07459","2026-09-10 13:01:08 UTC"
"3101","1","017","Personer1","2025",175,,"Halden","Menn","17 år","Personer","2025","07459","2026-09-10 13:01:08 UTC"
"3101","1","017","Personer1","2026",210,,"Halden","Menn","17 år","Personer","2026","07459","2026-09-10 13:01:08 UTC"
"3101","1","018","Personer1","2005",0,,"Halden","Menn","18 år","Personer","2005","07459","2026-09-10 13:01:08 UTC"
"3101","1","018","Personer1","2006",0,,"Halden","Menn","18 år","Personer","2006","07459","2026-09-10 13:01:08 UTC"
"3101","1","018","Personer1","2007",0,,"Halden","Menn","18 år","Personer","2007","07459","2026-09-10 13:01:08 UTC"
"3101","1","018","Personer1","2008",0,,"Halden","Menn","18 år","Personer","2008","07459","2026-09-10 13:01:08 UTC"
"3101","1","018","Personer1","2009",0,,"Halden","Menn","18 år","Personer","2009","07459","2026-09-10 13:01:08 UTC"
"3101","1","018","Personer1","2010",0,,"Halden","Menn","18 år","Personer","2010","07459","2026-09-10 13:01:08 UTC"
"3101","1","018","Personer1","2011",0,,"Halden","Menn","18 år","Personer","2011","07459","2026-09-10 13:01:08 UTC"
"3101","1","018","Personer1","2012",0,,"Halden","Menn","18 år","Personer","2012","07459","2026-09-10 13:01:08 UTC"
"3101","1","018","Personer1","2013",0,,"Halden","Menn","18 år","Personer","2013","07459","2026-09-10 13:01:08 UTC"
"3101","1","018","Personer1","2014",0,,"Halden","Menn","18 år","Personer","2014","07459","2026-09-10 13:01:08 UTC"
"3101","1","018","Personer1","2015",0,,"Halden","Menn","18 år","Personer","2015","07459","2026-09-10 13:01:08 UTC"
"3101","1","018","Personer1","2016",0,,"Halden","Menn","18 år","Personer","2016","07459","2026-09-10 13:01:08 UTC"
"3101","1","018","Personer1","2017",0,,"Halden","Menn","18 år","Personer","2017","07459","2026-09-10 13:01:08 UTC"
"3101","1","018","Personer1","2018",0,,"Halden","Menn","18 år","Personer","2018","07459","2026-09-10 13:01:08 UTC"
"3101","1","018","Personer1","2019",0,,"Halden","Menn","18 år","Personer","2019","07459","2026-09-10 13:01:08 UTC"
"3101","1","018","Personer1","2020",0,,"Halden","Menn","18 år","Personer","2020","07459","2026-09-10 13:01:08 UTC"
"3101","1","018","Personer1","2021",0,,"Halden","Menn","18 år","Personer","2021","07459","2026-09-10 13:01:08 UTC"
"3101","1","018","Personer1","2022",0,,"Halden","Menn","18 år","Personer","2022","07459","2026-09-10 13:01:08 UTC"
"3101","1","018","Personer1","2023",0,,"Halden","Menn","18 år","Personer","2023","07459","2026-09-10 13:01:08 UTC"
"3101","1","018","Personer1","2024",203,,"Halden","Menn","18 år","Personer","2024","07459","2026-09-10 13:01:08 UTC"
"3101","1","018","Personer1","2025",201,,"Halden","Menn","18 år","Personer","2025","07459","2026-09-10 13:01:08 UTC"
"3101","1","018","Personer1","2026",179,,"Halden","Menn","18 år","Personer","2026","07459","2026-09-10 13:01:08 UTC"
"3101","1","019","Personer1","2005",0,,"Halden","Menn","19 år","Personer","2005","07459","2026-09-10 13:01:08 UTC"
"3101","1","019","Personer1","2006",0,,"Halden","Menn","19 år","Personer","2006","07459","2026-09-10 13:01:08 UTC"
"3101","1","019","Personer1","2007",0,,"Halden","Menn","19 år","Personer","2007","07459","2026-09-10 13:01:08 UTC"
"3101","1","019","Personer1","2008",0,,"Halden","Menn","19 år","Personer","2008","07459","2026-09-10 13:01:08 UTC"
"3101","1","019","Personer1","2009",0,,"Halden","Menn","19 år","Personer","2009","07459","2026-09-10 13:01:08 UTC"
"3101","1","019","Personer1","2010",0,,"Halden","Menn","19 år","Personer","2010","07459","2026-09-10 13:01:08 UTC"
"3101","1","019","Personer1","2011",0,,"Halden","Menn","19 år","Personer","2011","07459","2026-09-10 13:01:08 UTC"
"3101","1","019","Personer1","2012",0,,"Halden","Menn","19 år","Personer","2012","07459","2026-09-10 13:01:08 UTC"
"3101","1","019","Personer1","2013",0,,"Halden","Menn","19 år","Personer","2013","07459","2026-09-10 13:01:08 UTC"
"3101","1","019","Personer1","2014",0,,"Halden","Menn","19 år","Personer","2014","07459","2026-09-10 13:01:08 UTC"
"3101","1","019","Personer1","2015",0,,"Halden","Menn","19 år","Personer","2015","07459","2026-09-10 13:01:08 UTC"
"3101","1","019","Personer1","2016",0,,"Halden","Menn","19 år","Personer","2016","07459","2026-09-10 13:01:08 UTC"
"3101","1","019","Personer1","2017",0,,"Halden","Menn","19 år","Personer","2017","07459","2026-09-10 13:01:08 UTC"
"3101","1","019","Personer1","2018",0,,"Halden","Menn","19 år","Personer","2018","07459","2026-09-10 13:01:08 UTC"
"3101","1","019","Personer1","2019",0,,"Halden","Menn","19 år","Personer","2019","07459","2026-09-10 13:01:08 UTC"
"3101","1","019","Personer1","2020",0,,"Halden","Menn","19 år","Personer","2020","07459","2026-09-10 13:01:08 UTC"
"3101","1","019","Personer1","2021",0,,"Halden","Menn","19 år","Personer","2021","07459","2026-09-10 13:01:08 UTC"
"3101","1","019","Personer1","2022",0,,"Halden","Menn","19 år","Personer","2022","07459","2026-09-10 13:01:08 UTC"
"3101","1","019","Personer1","2023",0,,"Halden","Menn","19 år","Personer","2023","07459","2026-09-10 13:01:08 UTC"
"3101","1","019","Personer1","2024",213,,"Halden","Menn","19 år","Personer","2024","07459","2026-09-10 13:01:08 UTC"
"3101","1","019","Personer1","2025",206,,"Halden","Menn","19 år","Personer","2025","07459","2026-09-10 13:01:08 UTC"
"3101","1","019","Personer1","2026",206,,"Halden","Menn","19 år","Personer","2026","07459","2026-09-10 13:01:08 UTC"
"3101","1","020","Personer1","2005",0,,"Halden","Menn","20 år","Personer","2005","07459","2026-09-10 13:01:08 UTC"
"3101","1","020","Personer1","2006",0,,"Halden","Menn","20 år","Personer","2006","07459","2026-09-10 13:01:08 UTC"
"3101","1","020","Personer1","2007",0,,"Halden","Menn","20 år","Personer","2007","07459","2026-09-10 13:01:08 UTC"
"3101","1","020","Personer1","2008",0,,"Halden","Menn","20 år","Personer","2008","07459","2026-09-10 13:01:08 UTC"
"3101","1","020","Personer1","2009",0,,"Halden","Menn","20 år","Personer","2009","07459","2026-09-10 13:01:08 UTC"
"3101","1","020","Personer1","2010",0,,"Halden","Menn","20 år","Personer","2010","07459","2026-09-10 13:01:08 UTC"
"3101","1","020","Personer1","2011",0,,"Halden","Menn","20 år","Personer","2011","07459","2026-09-10 13:01:08 UTC"
"3101","1","020","Personer1","2012",0,,"Halden","Menn","20 år","Personer","2012","07459","2026-09-10 13:01:08 UTC"
"3101","1","020","Personer1","2013",0,,"Halden","Menn","20 år","Personer","2013","07459","2026-09-10 13:01:08 UTC"
"3101","1","020","Personer1","2014",0,,"Halden","Menn","20 år","Personer","2014","07459","2026-09-10 13:01:08 UTC"
"3101","1","020","Personer1","2015",0,,"Halden","Menn","20 år","Personer","2015","07459","2026-09-10 13:01:08 UTC"
"3101","1","020","Personer1","2016",0,,"Halden","Menn","20 år","Personer","2016","07459","2026-09-10 13:01:08 UTC"
"3101","1","020","Personer1","2017",0,,"Halden","Menn","20 år","Personer","2017","07459","2026-09-10 13:01:08 UTC"
"3101","1","020","Personer1","2018",0,,"Halden","Menn","20 år","Personer","2018","07459","2026-09-10 13:01:08 UTC"
"3101","1","020","Personer1","2019",0,,"Halden","Menn","20 år","Personer","2019","07459","2026-09-10 13:01:08 UTC"
"3101","1","020","Personer1","2020",0,,"Halden","Menn","20 år","Personer","2020","07459","2026-09-10 13:01:08 UTC"
"3101","1","020","Personer1","2021",0,,"Halden","Menn","20 år","Personer","2021","07459","2026-09-10 13:01:08 UTC"
"3101","1","020","Personer1","2022",0,,"Halden","Menn","20 år","Personer","2022","07459","2026-09-10 13:01:08 UTC"
"3101","1","020","Personer1","2023",0,,"Halden","Menn","20 år","Personer","2023","07459","2026-09-10 13:01:08 UTC"
"3101","1","020","Personer1","2024",194,,"Halden","Menn","20 år","Personer","2024","07459","2026-09-10 13:01:08 UTC"
"3101","1","020","Personer1","2025",214,,"Halden","Menn","20 år","Personer","2025","07459","2026-09-10 13:01:08 UTC"
"3101","1","020","Personer1","2026",204,,"Halden","Menn","20 år","Personer","2026","07459","2026-09-10 13:01:08 UTC"
"3101","1","021","Personer1","2005",0,,"Halden","Menn","21 år","Personer","2005","07459","2026-09-10 13:01:08 UTC"
"3101","1","021","Personer1","2006",0,,"Halden","Menn","21 år","Personer","2006","07459","2026-09-10 13:01:08 UTC"
"3101","1","021","Personer1","2007",0,,"Halden","Menn","21 år","Personer","2007","07459","2026-09-10 13:01:08 UTC"
"3101","1","021","Personer1","2008",0,,"Halden","Menn","21 år","Personer","2008","07459","2026-09-10 13:01:08 UTC"
"3101","1","021","Personer1","2009",0,,"Halden","Menn","21 år","Personer","2009","07459","2026-09-10 13:01:08 UTC"
"3101","1","021","Personer1","2010",0,,"Halden","Menn","21 år","Personer","2010","07459","2026-09-10 13:01:08 UTC"
"3101","1","021","Personer1","2011",0,,"Halden","Menn","21 år","Personer","2011","07459","2026-09-10 13:01:08 UTC"
"3101","1","021","Personer1","2012",0,,"Halden","Menn","21 år","Personer","2012","07459","2026-09-10 13:01:08 UTC"
"3101","1","021","Personer1","2013",0,,"Halden","Menn","21 år","Personer","2013","07459","2026-09-10 13:01:08 UTC"
"3101","1","021","Personer1","2014",0,,"Halden","Menn","21 år","Personer","2014","07459","2026-09-10 13:01:08 UTC"
"3101","1","021","Personer1","2015",0,,"Halden","Menn","21 år","Personer","2015","07459","2026-09-10 13:01:08 UTC"
"3101","1","021","Personer1","2016",0,,"Halden","Menn","21 år","Personer","2016","07459","2026-09-10 13:01:08 UTC"
"3101","1","021","Personer1","2017",0,,"Halden","Menn","21 år","Personer","2017","07459","2026-09-10 13:01:08 UTC"
"3101","1","021","Personer1","2018",0,,"Halden","Menn","21 år","Personer","2018","07459","2026-09-10 13:01:08 UTC"
"3101","1","021","Personer1","2019",0,,"Halden","Menn","21 år","Personer","2019","07459","2026-09-10 13:01:08 UTC"
"3101","1","021","Personer1","2020",0,,"Halden","Menn","21 år","Personer","2020","07459","2026-09-10 13:01:08 UTC"
"3101","1","021","Personer1","2021",0,,"Halden","Menn","21 år","Personer","2021","07459","2026-09-10 13:01:08 UTC"
"3101","1","021","Personer1","2022",0,,"Halden","Menn","21 år","Personer","2022","07459","2026-09-10 13:01:08 UTC"
"3101","1","021","Personer1","2023",0,,"Halden","Menn","21 år","Personer","2023","07459","2026-09-10 13:01:08 UTC"
"3101","1","021","Personer1","2024",215,,"Halden","Menn","21 år","Personer","2024","07459","2026-09-10 13:01:08 UTC"
"3101","1","021","Personer1","2025",190,,"Halden","Menn","21 år","Personer","2025","07459","2026-09-10 13:01:08 UTC"
"3101","1","021","Personer1","2026",222,,"Halden","Menn","21 år","Personer","2026","07459","2026-09-10 13:01:08 UTC"
"3101","1","022","Personer1","2005",0,,"Halden","Menn","22 år","Personer","2005","07459","2026-09-10 13:01:08 UTC"
"3101","1","022","Personer1","2006",0,,"Halden","Menn","22 år","Personer","2006","07459","2026-09-10 13:01:08 UTC"
"3101","1","022","Personer1","2007",0,,"Halden","Menn","22 år","Personer","2007","07459","2026-09-10 13:01:08 UTC"
"3101","1","022","Personer1","2008",0,,"Halden","Menn","22 år","Personer","2008","07459","2026-09-10 13:01:08 UTC"
"3101","1","022","Personer1","2009",0,,"Halden","Menn","22 år","Personer","2009","07459","2026-09-10 13:01:08 UTC"
"3101","1","022","Personer1","2010",0,,"Halden","Menn","22 år","Personer","2010","07459","2026-09-10 13:01:08 UTC"
"3101","1","022","Personer1","2011",0,,"Halden","Menn","22 år","Personer","2011","07459","2026-09-10 13:01:08 UTC"
"3101","1","022","Personer1","2012",0,,"Halden","Menn","22 år","Personer","2012","07459","2026-09-10 13:01:08 UTC"
"3101","1","022","Personer1","2013",0,,"Halden","Menn","22 år","Personer","2013","07459","2026-09-10 13:01:08 UTC"
"3101","1","022","Personer1","2014",0,,"Halden","Menn","22 år","Personer","2014","07459","2026-09-10 13:01:08 UTC"
"3101","1","022","Personer1","2015",0,,"Halden","Menn","22 år","Personer","2015","07459","2026-09-10 13:01:08 UTC"
"3101","1","022","Personer1","2016",0,,"Halden","Menn","22 år","Personer","2016","07459","2026-09-10 13:01:08 UTC"
"3101","1","022","Personer1","2017",0,,"Halden","Menn","22 år","Personer","2017","07459","2026-09-10 13:01:08 UTC"
"3101","1","022","Personer1","2018",0,,"Halden","Menn","22 år","Personer","2018","07459","2026-09-10 13:01:08 UTC"
"3101","1","022","Personer1","2019",0,,"Halden","Menn","22 år","Personer","2019","07459","2026-09-10 13:01:08 UTC"
"3101","1","022","Personer1","2020",0,,"Halden","Menn","22 år","Personer","2020","07459","2026-09-10 13:01:08 UTC"
"3101","1","022","Personer1","2021",0,,"Halden","Menn","22 år","Personer","2021","07459","2026-09-10 13:01:08 UTC"
"3101","1","022","Personer1","2022",0,,"Halden","Menn","22 år","Personer","2022","07459","2026-09-10 13:01:08 UTC"
"3101","1","022","Personer1","2023",0,,"Halden","Menn","22 år","Personer","2023","07459","2026-09-10 13:01:08 UTC"
"3101","1","022","Personer1","2024",213,,"Halden","Menn","22 år","Personer","2024","07459","2026-09-10 13:01:08 UTC"
"3101","1","022","Personer1","2025",208,,"Halden","Menn","22 år","Personer","2025","07459","2026-09-10 13:01:08 UTC"
"3101","1","022","Personer1","2026",196,,"Halden","Menn","22 år","Personer","2026","07459","2026-09-10 13:01:08 UTC"
"3101","1","023","Personer1","2005",0,,"Halden","Menn","23 år","Personer","2005","07459","2026-09-10 13:01:08 UTC"
"3101","1","023","Personer1","2006",0,,"Halden","Menn","23 år","Personer","2006","07459","2026-09-10 13:01:08 UTC"
"3101","1","023","Personer1","2007",0,,"Halden","Menn","23 år","Personer","2007","07459","2026-09-10 13:01:08 UTC"
"3101","1","023","Personer1","2008",0,,"Halden","Menn","23 år","Personer","2008","07459","2026-09-10 13:01:08 UTC"
"3101","1","023","Personer1","2009",0,,"Halden","Menn","23 år","Personer","2009","07459","2026-09-10 13:01:08 UTC"
"3101","1","023","Personer1","2010",0,,"Halden","Menn","23 år","Personer","2010","07459","2026-09-10 13:01:08 UTC"
"3101","1","023","Personer1","2011",0,,"Halden","Menn","23 år","Personer","2011","07459","2026-09-10 13:01:08 UTC"
"3101","1","023","Personer1","2012",0,,"Halden","Menn","23 år","Personer","2012","07459","2026-09-10 13:01:08 UTC"
"3101","1","023","Personer1","2013",0,,"Halden","Menn","23 år","Personer","2013","07459","2026-09-10 13:01:08 UTC"
"3101","1","023","Personer1","2014",0,,"Halden","Menn","23 år","Personer","2014","07459","2026-09-10 13:01:08 UTC"
"3101","1","023","Personer1","2015",0,,"Halden","Menn","23 år","Personer","2015","07459","2026-09-10 13:01:08 UTC"
"3101","1","023","Personer1","2016",0,,"Halden","Menn","23 år","Personer","2016","07459","2026-09-10 13:01:08 UTC"
"3101","1","023","Personer1","2017",0,,"Halden","Menn","23 år","Personer","2017","07459","2026-09-10 13:01:08 UTC"
"3101","1","023","Personer1","2018",0,,"Halden","Menn","23 år","Personer","2018","07459","2026-09-10 13:01:08 UTC"
"3101","1","023","Personer1","2019",0,,"Halden","Menn","23 år","Personer","2019","07459","2026-09-10 13:01:08 UTC"
"3101","1","023","Personer1","2020",0,,"Halden","Menn","23 år","Personer","2020","07459","2026-09-10 13:01:08 UTC"
"3101","1","023","Personer1","2021",0,,"Halden","Menn","23 år","Personer","2021","07459","2026-09-10 13:01:08 UTC"
"3101","1","023","Personer1","2022",0,,"Halden","Menn","23 år","Personer","2022","07459","2026-09-10 13:01:08 UTC"
"3101","1","023","Personer1","2023",0,,"Halden","Menn","23 år","Personer","2023","07459","2026-09-10 13:01:08 UTC"
"3101","1","023","Personer1","2024",191,,"Halden","Menn","23 år","Personer","2024","07459","2026-09-10 13:01:08 UTC"
"3101","1","023","Personer1","2025",211,,"Halden","Menn","23 år","Personer","2025","07459","2026-09-10 13:01:08 UTC"
"3101","1","023","Personer1","2026",209,,"Halden","Menn","23 år","Personer","2026","07459","2026-09-10 13:01:08 UTC"
"3101","1","024","Personer1","2005",0,,"Halden","Menn","24 år","Personer","2005","07459","2026-09-10 13:01:08 UTC"
"3101","1","024","Personer1","2006",0,,"Halden","Menn","24 år","Personer","2006","07459","2026-09-10 13:01:08 UTC"
"3101","1","024","Personer1","2007",0,,"Halden","Menn","24 år","Personer","2007","07459","2026-09-10 13:01:08 UTC"
"3101","1","024","Personer1","2008",0,,"Halden","Menn","24 år","Personer","2008","07459","2026-09-10 13:01:08 UTC"
"3101","1","024","Personer1","2009",0,,"Halden","Menn","24 år","Personer","2009","07459","2026-09-10 13:01:08 UTC"
"3101","1","024","Personer1","2010",0,,"Halden","Menn","24 år","Personer","2010","07459","2026-09-10 13:01:08 UTC"
"3101","1","024","Personer1","2011",0,,"Halden","Menn","24 år","Personer","2011","07459","2026-09-10 13:01:08 UTC"
"3101","1","024","Personer1","2012",0,,"Halden","Menn","24 år","Personer","2012","07459","2026-09-10 13:01:08 UTC"
"3101","1","024","Personer1","2013",0,,"Halden","Menn","24 år","Personer","2013","07459","2026-09-10 13:01:08 UTC"
"3101","1","024","Personer1","2014",0,,"Halden","Menn","24 år","Personer","2014","07459","2026-09-10 13:01:08 UTC"
"3101","1","024","Personer1","2015",0,,"Halden","Menn","24 år","Personer","2015","07459","2026-09-10 13:01:08 UTC"
"3101","1","024","Personer1","2016",0,,"Halden","Menn","24 år","Personer","2016","07459","2026-09-10 13:01:08 UTC"
"3101","1","024","Personer1","2017",0,,"Halden","Menn","24 år","Personer","2017","07459","2026-09-10 13:01:08 UTC"
"3101","1","024","Personer1","2018",0,,"Halden","Menn","24 år","Personer","2018","07459","2026-09-10 13:01:08 UTC"
"3101","1","024","Personer1","2019",0,,"Halden","Menn","24 år","Personer","2019","07459","2026-09-10 13:01:08 UTC"
"3101","1","024","Personer1","2020",0,,"Halden","Menn","24 år","Personer","2020","07459","2026-09-10 13:01:08 UTC"
"3101","1","024","Personer1","2021",0,,"Halden","Menn","24 år","Personer","2021","07459","2026-09-10 13:01:08 UTC"
"3101","1","024","Personer1","2022",0,,"Halden","Menn","24 år","Personer","2022","07459","2026-09-10 13:01:08 UTC"
"3101","1","024","Personer1","2023",0,,"Halden","Menn","24 år","Personer","2023","07459","2026-09-10 13:01:08 UTC"
"3101","1","024","Personer1","2024",188,,"Halden","Menn","24 år","Personer","2024","07459","2026-09-10 13:01:08 UTC"
"3101","1","024","Personer1","2025",187,,"Halden","Menn","24 år","Personer","2025","07459","2026-09-10 13:01:08 UTC"
"3101","1","024","Personer1","2026",214,,"Halden","Menn","24 år","Personer","2026","07459","2026-09-10 13:01:08 UTC"
"3101","1","025","Personer1","2005",0,,"Halden","Menn","25 år","Personer","2005","07459","2026-09-10 13:01:08 UTC"
"3101","1","025","Personer1","2006",0,,"Halden","Menn","25 år","Personer","2006","07459","2026-09-10 13:01:08 UTC"
"3101","1","025","Personer1","2007",0,,"Halden","Menn","25 år","Personer","2007","07459","2026-09-10 13:01:08 UTC"
"3101","1","025","Personer1","2008",0,,"Halden","Menn","25 år","Personer","2008","07459","2026-09-10 13:01:08 UTC"
"3101","1","025","Personer1","2009",0,,"Halden","Menn","25 år","Personer","2009","07459","2026-09-10 13:01:08 UTC"
"3101","1","025","Personer1","2010",0,,"Halden","Menn","25 år","Personer","2010","07459","2026-09-10 13:01:08 UTC"
"3101","1","025","Personer1","2011",0,,"Halden","Menn","25 år","Personer","2011","07459","2026-09-10 13:01:08 UTC"
"3101","1","025","Personer1","2012",0,,"Halden","Menn","25 år","Personer","2012","07459","2026-09-10 13:01:08 UTC"
"3101","1","025","Personer1","2013",0,,"Halden","Menn","25 år","Personer","2013","07459","2026-09-10 13:01:08 UTC"
"3101","1","025","Personer1","2014",0,,"Halden","Menn","25 år","Personer","2014","07459","2026-09-10 13:01:08 UTC"
"3101","1","025","Personer1","2015",0,,"Halden","Menn","25 år","Personer","2015","07459","2026-09-10 13:01:08 UTC"
"3101","1","025","Personer1","2016",0,,"Halden","Menn","25 år","Personer","2016","07459","2026-09-10 13:01:08 UTC"
"3101","1","025","Personer1","2017",0,,"Halden","Menn","25 år","Personer","2017","07459","2026-09-10 13:01:08 UTC"
"3101","1","025","Personer1","2018",0,,"Halden","Menn","25 år","Personer","2018","07459","2026-09-10 13:01:08 UTC"
"3101","1","025","Personer1","2019",0,,"Halden","Menn","25 år","Personer","2019","07459","2026-09-10 13:01:08 UTC"
"3101","1","025","Personer1","2020",0,,"Halden","Menn","25 år","Personer","2020","07459","2026-09-10 13:01:08 UTC"
"3101","1","025","Personer1","2021",0,,"Halden","Menn","25 år","Personer","2021","07459","2026-09-10 13:01:08 UTC"
"3101","1","025","Personer1","2022",0,,"Halden","Menn","25 år","Personer","2022","07459","2026-09-10 13:01:08 UTC"
"3101","1","025","Personer1","2023",0,,"Halden","Menn","25 år","Personer","2023","07459","2026-09-10 13:01:08 UTC"
"3101","1","025","Personer1","2024",191,,"Halden","Menn","25 år","Personer","2024","07459","2026-09-10 13:01:08 UTC"
"3101","1","025","Personer1","2025",182,,"Halden","Menn","25 år","Personer","2025","07459","2026-09-10 13:01:08 UTC"
"3101","1","025","Personer1","2026",181,,"Halden","Menn","25 år","Personer","2026","07459","2026-09-10 13:01:08 UTC"
"3101","1","026","Personer1","2005",0,,"Halden","Menn","26 år","Personer","2005","07459","2026-09-10 13:01:08 UTC"
"3101","1","026","Personer1","2006",0,,"Halden","Menn","26 år","Personer","2006","07459","2026-09-10 13:01:08 UTC"
"3101","1","026","Personer1","2007",0,,"Halden","Menn","26 år","Personer","2007","07459","2026-09-10 13:01:08 UTC"
"3101","1","026","Personer1","2008",0,,"Halden","Menn","26 år","Personer","2008","07459","2026-09-10 13:01:08 UTC"
"3101","1","026","Personer1","2009",0,,"Halden","Menn","26 år","Personer","2009","07459","2026-09-10 13:01:08 UTC"
"3101","1","026","Personer1","2010",0,,"Halden","Menn","26 år","Personer","2010","07459","2026-09-10 13:01:08 UTC"
"3101","1","026","Personer1","2011",0,,"Halden","Menn","26 år","Personer","2011","07459","2026-09-10 13:01:08 UTC"
"3101","1","026","Personer1","2012",0,,"Halden","Menn","26 år","Personer","2012","07459","2026-09-10 13:01:08 UTC"
"3101","1","026","Personer1","2013",0,,"Halden","Menn","26 år","Personer","2013","07459","2026-09-10 13:01:08 UTC"
"3101","1","026","Personer1","2014",0,,"Halden","Menn","26 år","Personer","2014","07459","2026-09-10 13:01:08 UTC"
"3101","1","026","Personer1","2015",0,,"Halden","Menn","26 år","Personer","2015","07459","2026-09-10 13:01:08 UTC"
"3101","1","026","Personer1","2016",0,,"Halden","Menn","26 år","Personer","2016","07459","2026-09-10 13:01:08 UTC"
"3101","1","026","Personer1","2017",0,,"Halden","Menn","26 år","Personer","2017","07459","2026-09-10 13:01:08 UTC"
"3101","1","026","Personer1","2018",0,,"Halden","Menn","26 år","Personer","2018","07459","2026-09-10 13:01:08 UTC"
"3101","1","026","Personer1","2019",0,,"Halden","Menn","26 år","Personer","2019","07459","2026-09-10 13:01:08 UTC"
"3101","1","026","Personer1","2020",0,,"Halden","Menn","26 år","Personer","2020","07459","2026-09-10 13:01:08 UTC"
"3101","1","026","Personer1","2021",0,,"Halden","Menn","26 år","Personer","2021","07459","2026-09-10 13:01:08 UTC"
"3101","1","026","Personer1","2022",0,,"Halden","Menn","26 år","Personer","2022","07459","2026-09-10 13:01:08 UTC"
"3101","1","026","Personer1","2023",0,,"Halden","Menn","26 år","Personer","2023","07459","2026-09-10 13:01:08 UTC"
"3101","1","026","Personer1","2024",195,,"Halden","Menn","26 år","Personer","2024","07459","2026-09-10 13:01:08 UTC"
"3101","1","026","Personer1","2025",199,,"Halden","Menn","26 år","Personer","2025","07459","2026-09-10 13:01:08 UTC"
"3101","1","026","Personer1","2026",183,,"Halden","Menn","26 år","Personer","2026","07459","2026-09-10 13:01:08 UTC"
"3101","1","027","Personer1","2005",0,,"Halden","Menn","27 år","Personer","2005","07459","2026-09-10 13:01:08 UTC"
"3101","1","027","Personer1","2006",0,,"Halden","Menn","27 år","Personer","2006","07459","2026-09-10 13:01:08 UTC"
"3101","1","027","Personer1","2007",0,,"Halden","Menn","27 år","Personer","2007","07459","2026-09-10 13:01:08 UTC"
"3101","1","027","Personer1","2008",0,,"Halden","Menn","27 år","Personer","2008","07459","2026-09-10 13:01:08 UTC"
"3101","1","027","Personer1","2009",0,,"Halden","Menn","27 år","Personer","2009","07459","2026-09-10 13:01:08 UTC"
"3101","1","027","Personer1","2010",0,,"Halden","Menn","27 år","Personer","2010","07459","2026-09-10 13:01:08 UTC"
"3101","1","027","Personer1","2011",0,,"Halden","Menn","27 år","Personer","2011","07459","2026-09-10 13:01:08 UTC"
"3101","1","027","Personer1","2012",0,,"Halden","Menn","27 år","Personer","2012","07459","2026-09-10 13:01:08 UTC"
"3101","1","027","Personer1","2013",0,,"Halden","Menn","27 år","Personer","2013","07459","2026-09-10 13:01:08 UTC"
"3101","1","027","Personer1","2014",0,,"Halden","Menn","27 år","Personer","2014","07459","2026-09-10 13:01:08 UTC"
"3101","1","027","Personer1","2015",0,,"Halden","Menn","27 år","Personer","2015","07459","2026-09-10 13:01:08 UTC"
"3101","1","027","Personer1","2016",0,,"Halden","Menn","27 år","Personer","2016","07459","2026-09-10 13:01:08 UTC"
"3101","1","027","Personer1","2017",0,,"Halden","Menn","27 år","Personer","2017","07459","2026-09-10 13:01:08 UTC"
"3101","1","027","Personer1","2018",0,,"Halden","Menn","27 år","Personer","2018","07459","2026-09-10 13:01:08 UTC"
"3101","1","027","Personer1","2019",0,,"Halden","Menn","27 år","Personer","2019","07459","2026-09-10 13:01:08 UTC"
"3101","1","027","Personer1","2020",0,,"Halden","Menn","27 år","Personer","2020","07459","2026-09-10 13:01:08 UTC"
"3101","1","027","Personer1","2021",0,,"Halden","Menn","27 år","Personer","2021","07459","2026-09-10 13:01:08 UTC"
"3101","1","027","Personer1","2022",0,,"Halden","Menn","27 år","Personer","2022","07459","2026-09-10 13:01:08 UTC"
"3101","1","027","Personer1","2023",0,,"Halden","Menn","27 år","Personer","2023","07459","2026-09-10 13:01:08 UTC"
"3101","1","027","Personer1","2024",213,,"Halden","Menn","27 år","Personer","2024","07459","2026-09-10 13:01:08 UTC"
"3101","1","027","Personer1","2025",203,,"Halden","Menn","27 år","Personer","2025","07459","2026-09-10 13:01:08 UTC"
"3101","1","027","Personer1","2026",190,,"Halden","Menn","27 år","Personer","2026","07459","2026-09-10 13:01:08 UTC"
"3101","1","028","Personer1","2005",0,,"Halden","Menn","28 år","Personer","2005","07459","2026-09-10 13:01:08 UTC"
"3101","1","028","Personer1","2006",0,,"Halden","Menn","28 år","Personer","2006","07459","2026-09-10 13:01:08 UTC"
"3101","1","028","Personer1","2007",0,,"Halden","Menn","28 år","Personer","2007","07459","2026-09-10 13:01:08 UTC"
"3101","1","028","Personer1","2008",0,,"Halden","Menn","28 år","Personer","2008","07459","2026-09-10 13:01:08 UTC"
"3101","1","028","Personer1","2009",0,,"Halden","Menn","28 år","Personer","2009","07459","2026-09-10 13:01:08 UTC"
"3101","1","028","Personer1","2010",0,,"Halden","Menn","28 år","Personer","2010","07459","2026-09-10 13:01:08 UTC"
"3101","1","028","Personer1","2011",0,,"Halden","Menn","28 år","Personer","2011","07459","2026-09-10 13:01:08 UTC"
"3101","1","028","Personer1","2012",0,,"Halden","Menn","28 år","Personer","2012","07459","2026-09-10 13:01:08 UTC"
"3101","1","028","Personer1","2013",0,,"Halden","Menn","28 år","Personer","2013","07459","2026-09-10 13:01:08 UTC"
"3101","1","028","Personer1","2014",0,,"Halden","Menn","28 år","Personer","2014","07459","2026-09-10 13:01:08 UTC"
"3101","1","028","Personer1","2015",0,,"Halden","Menn","28 år","Personer","2015","07459","2026-09-10 13:01:08 UTC"
"3101","1","028","Personer1","2016",0,,"Halden","Menn","28 år","Personer","2016","07459","2026-09-10 13:01:08 UTC"
"3101","1","028","Personer1","2017",0,,"Halden","Menn","28 år","Personer","2017","07459","2026-09-10 13:01:08 UTC"
"3101","1","028","Personer1","2018",0,,"Halden","Menn","28 år","Personer","2018","07459","2026-09-10 13:01:08 UTC"
"3101","1","028","Personer1","2019",0,,"Halden","Menn","28 år","Personer","2019","07459","2026-09-10 13:01:08 UTC"
"3101","1","028","Personer1","2020",0,,"Halden","Menn","28 år","Personer","2020","07459","2026-09-10 13:01:08 UTC"
"3101","1","028","Personer1","2021",0,,"Halden","Menn","28 år","Personer","2021","07459","2026-09-10 13:01:08 UTC"
"3101","1","028","Personer1","2022",0,,"Halden","Menn","28 år","Personer","2022","07459","2026-09-10 13:01:08 UTC"
"3101","1","028","Personer1","2023",0,,"Halden","Menn","28 år","Personer","2023","07459","2026-09-10 13:01:08 UTC"
"3101","1","028","Personer1","2024",186,,"Halden","Menn","28 år","Personer","2024","07459","2026-09-10 13:01:08 UTC"
"3101","1","028","Personer1","2025",206,,"Halden","Menn","28 år","Personer","2025","07459","2026-09-10 13:01:08 UTC"
"3101","1","028","Personer1","2026",193,,"Halden","Menn","28 år","Personer","2026","07459","2026-09-10 13:01:08 UTC"
"3101","1","029","Personer1","2005",0,,"Halden","Menn","29 år","Personer","2005","07459","2026-09-10 13:01:08 UTC"
"3101","1","029","Personer1","2006",0,,"Halden","Menn","29 år","Personer","2006","07459","2026-09-10 13:01:08 UTC"
"3101","1","029","Personer1","2007",0,,"Halden","Menn","29 år","Personer","2007","07459","2026-09-10 13:01:08 UTC"
"3101","1","029","Personer1","2008",0,,"Halden","Menn","29 år","Personer","2008","07459","2026-09-10 13:01:08 UTC"
"3101","1","029","Personer1","2009",0,,"Halden","Menn","29 år","Personer","2009","07459","2026-09-10 13:01:08 UTC"
"3101","1","029","Personer1","2010",0,,"Halden","Menn","29 år","Personer","2010","07459","2026-09-10 13:01:08 UTC"
"3101","1","029","Personer1","2011",0,,"Halden","Menn","29 år","Personer","2011","07459","2026-09-10 13:01:08 UTC"
"3101","1","029","Personer1","2012",0,,"Halden","Menn","29 år","Personer","2012","07459","2026-09-10 13:01:08 UTC"
"3101","1","029","Personer1","2013",0,,"Halden","Menn","29 år","Personer","2013","07459","2026-09-10 13:01:08 UTC"
"3101","1","029","Personer1","2014",0,,"Halden","Menn","29 år","Personer","2014","07459","2026-09-10 13:01:08 UTC"
"3101","1","029","Personer1","2015",0,,"Halden","Menn","29 år","Personer","2015","07459","2026-09-10 13:01:08 UTC"
"3101","1","029","Personer1","2016",0,,"Halden","Menn","29 år","Personer","2016","07459","2026-09-10 13:01:08 UTC"
"3101","1","029","Personer1","2017",0,,"Halden","Menn","29 år","Personer","2017","07459","2026-09-10 13:01:08 UTC"
"3101","1","029","Personer1","2018",0,,"Halden","Menn","29 år","Personer","2018","07459","2026-09-10 13:01:08 UTC"
"3101","1","029","Personer1","2019",0,,"Halden","Menn","29 år","Personer","2019","07459","2026-09-10 13:01:08 UTC"
"3101","1","029","Personer1","2020",0,,"Halden","Menn","29 år","Personer","2020","07459","2026-09-10 13:01:08 UTC"
"3101","1","029","Personer1","2021",0,,"Halden","Menn","29 år","Personer","2021","07459","2026-09-10 13:01:08 UTC"
"3101","1","029","Personer1","2022",0,,"Halden","Menn","29 år","Personer","2022","07459","2026-09-10 13:01:08 UTC"
"3101","1","029","Personer1","2023",0,,"Halden","Menn","29 år","Personer","2023","07459","2026-09-10 13:01:08 UTC"
"3101","1","029","Personer1","2024",210,,"Halden","Menn","29 år","Personer","2024","07459","2026-09-10 13:01:08 UTC"
"3101","1","029","Personer1","2025",191,,"Halden","Menn","29 år","Personer","2025","07459","2026-09-10 13:01:08 UTC"
"3101","1","029","Personer1","2026",207,,"Halden","Menn","29 år","Personer","2026","07459","2026-09-10 13:01:08 UTC"
"3101","1","030","Personer1","2005",0,,"Halden","Menn","30 år","Personer","2005","07459","2026-09-10 13:01:08 UTC"
"3101","1","030","Personer1","2006",0,,"Halden","Menn","30 år","Personer","2006","07459","2026-09-10 13:01:08 UTC"
"3101","1","030","Personer1","2007",0,,"Halden","Menn","30 år","Personer","2007","07459","2026-09-10 13:01:08 UTC"
"3101","1","030","Personer1","2008",0,,"Halden","Menn","30 år","Personer","2008","07459","2026-09-10 13:01:08 UTC"
"3101","1","030","Personer1","2009",0,,"Halden","Menn","30 år","Personer","2009","07459","2026-09-10 13:01:08 UTC"
"3101","1","030","Personer1","2010",0,,"Halden","Menn","30 år","Personer","2010","07459","2026-09-10 13:01:08 UTC"
"3101","1","030","Personer1","2011",0,,"Halden","Menn","30 år","Personer","2011","07459","2026-09-10 13:01:08 UTC"
"3101","1","030","Personer1","2012",0,,"Halden","Menn","30 år","Personer","2012","07459","2026-09-10 13:01:08 UTC"
"3101","1","030","Personer1","2013",0,,"Halden","Menn","30 år","Personer","2013","07459","2026-09-10 13:01:08 UTC"
"3101","1","030","Personer1","2014",0,,"Halden","Menn","30 år","Personer","2014","07459","2026-09-10 13:01:08 UTC"
"3101","1","030","Personer1","2015",0,,"Halden","Menn","30 år","Personer","2015","07459","2026-09-10 13:01:08 UTC"
"3101","1","030","Personer1","2016",0,,"Halden","Menn","30 år","Personer","2016","07459","2026-09-10 13:01:08 UTC"
"3101","1","030","Personer1","2017",0,,"Halden","Menn","30 år","Personer","2017","07459","2026-09-10 13:01:08 UTC"
"3101","1","030","Personer1","2018",0,,"Halden","Menn","30 år","Personer","2018","07459","2026-09-10 13:01:08 UTC"
"3101","1","030","Personer1","2019",0,,"Halden","Menn","30 år","Personer","2019","07459","2026-09-10 13:01:08 UTC"
"3101","1","030","Personer1","2020",0,,"Halden","Menn","30 år","Personer","2020","07459","2026-09-10 13:01:08 UTC"
"3101","1","030","Personer1","2021",0,,"Halden","Menn","30 år","Personer","2021","07459","2026-09-10 13:01:08 UTC"
"3101","1","030","Personer1","2022",0,,"Halden","Menn","30 år","Personer","2022","07459","2026-09-10 13:01:08 UTC"
"3101","1","030","Personer1","2023",0,,"Halden","Menn","30 år","Personer","2023","07459","2026-09-10 13:01:08 UTC"
"3101","1","030","Personer1","2024",198,,"Halden","Menn","30 år","Personer","2024","07459","2026-09-10 13:01:08 UTC"
"3101","1","030","Personer1","2025",209,,"Halden","Menn","30 år","Personer","2025","07459","2026-09-10 13:01:08 UTC"
"3101","1","030","Personer1","2026",196,,"Halden","Menn","30 år","Personer","2026","07459","2026-09-10 13:01:08 UTC"
"3101","1","031","Personer1","2005",0,,"Halden","Menn","31 år","Personer","2005","07459","2026-09-10 13:01:08 UTC"
"3101","1","031","Personer1","2006",0,,"Halden","Menn","31 år","Personer","2006","07459","2026-09-10 13:01:08 UTC"
"3101","1","031","Personer1","2007",0,,"Halden","Menn","31 år","Personer","2007","07459","2026-09-10 13:01:08 UTC"
"3101","1","031","Personer1","2008",0,,"Halden","Menn","31 år","Personer","2008","07459","2026-09-10 13:01:08 UTC"
"3101","1","031","Personer1","2009",0,,"Halden","Menn","31 år","Personer","2009","07459","2026-09-10 13:01:08 UTC"
"3101","1","031","Personer1","2010",0,,"Halden","Menn","31 år","Personer","2010","07459","2026-09-10 13:01:08 UTC"
"3101","1","031","Personer1","2011",0,,"Halden","Menn","31 år","Personer","2011","07459","2026-09-10 13:01:08 UTC"
"3101","1","031","Personer1","2012",0,,"Halden","Menn","31 år","Personer","2012","07459","2026-09-10 13:01:08 UTC"
"3101","1","031","Personer1","2013",0,,"Halden","Menn","31 år","Personer","2013","07459","2026-09-10 13:01:08 UTC"
"3101","1","031","Personer1","2014",0,,"Halden","Menn","31 år","Personer","2014","07459","2026-09-10 13:01:08 UTC"
"3101","1","031","Personer1","2015",0,,"Halden","Menn","31 år","Personer","2015","07459","2026-09-10 13:01:08 UTC"
"3101","1","031","Personer1","2016",0,,"Halden","Menn","31 år","Personer","2016","07459","2026-09-10 13:01:08 UTC"
"3101","1","031","Personer1","2017",0,,"Halden","Menn","31 år","Personer","2017","07459","2026-09-10 13:01:08 UTC"
"3101","1","031","Personer1","2018",0,,"Halden","Menn","31 år","Personer","2018","07459","2026-09-10 13:01:08 UTC"
"3101","1","031","Personer1","2019",0,,"Halden","Menn","31 år","Personer","2019","07459","2026-09-10 13:01:08 UTC"
"3101","1","031","Personer1","2020",0,,"Halden","Menn","31 år","Personer","2020","07459","2026-09-10 13:01:08 UTC"
"3101","1","031","Personer1","2021",0,,"Halden","Menn","31 år","Personer","2021","07459","2026-09-10 13:01:08 UTC"
"3101","1","031","Personer1","2022",0,,"Halden","Menn","31 år","Personer","2022","07459","2026-09-10 13:01:08 UTC"
"3101","1","031","Personer1","2023",0,,"Halden","Menn","31 år","Personer","2023","07459","2026-09-10 13:01:08 UTC"
"3101","1","031","Personer1","2024",204,,"Halden","Menn","31 år","Personer","2024","07459","2026-09-10 13:01:08 UTC"
"3101","1","031","Personer1","2025",209,,"Halden","Menn","31 år","Personer","2025","07459","2026-09-10 13:01:08 UTC"
"3101","1","031","Personer1","2026",217,,"Halden","Menn","31 år","Personer","2026","07459","2026-09-10 13:01:08 UTC"
"3101","1","032","Personer1","2005",0,,"Halden","Menn","32 år","Personer","2005","07459","2026-09-10 13:01:08 UTC"
"3101","1","032","Personer1","2006",0,,"Halden","Menn","32 år","Personer","2006","07459","2026-09-10 13:01:08 UTC"
"3101","1","032","Personer1","2007",0,,"Halden","Menn","32 år","Personer","2007","07459","2026-09-10 13:01:08 UTC"
"3101","1","032","Personer1","2008",0,,"Halden","Menn","32 år","Personer","2008","07459","2026-09-10 13:01:08 UTC"
"3101","1","032","Personer1","2009",0,,"Halden","Menn","32 år","Personer","2009","07459","2026-09-10 13:01:08 UTC"
"3101","1","032","Personer1","2010",0,,"Halden","Menn","32 år","Personer","2010","07459","2026-09-10 13:01:08 UTC"
"3101","1","032","Personer1","2011",0,,"Halden","Menn","32 år","Personer","2011","07459","2026-09-10 13:01:08 UTC"
"3101","1","032","Personer1","2012",0,,"Halden","Menn","32 år","Personer","2012","07459","2026-09-10 13:01:08 UTC"
"3101","1","032","Personer1","2013",0,,"Halden","Menn","32 år","Personer","2013","07459","2026-09-10 13:01:08 UTC"
"3101","1","032","Personer1","2014",0,,"Halden","Menn","32 år","Personer","2014","07459","2026-09-10 13:01:08 UTC"
"3101","1","032","Personer1","2015",0,,"Halden","Menn","32 år","Personer","2015","07459","2026-09-10 13:01:08 UTC"
"3101","1","032","Personer1","2016",0,,"Halden","Menn","32 år","Personer","2016","07459","2026-09-10 13:01:08 UTC"
"3101","1","032","Personer1","2017",0,,"Halden","Menn","32 år","Personer","2017","07459","2026-09-10 13:01:08 UTC"
"3101","1","032","Personer1","2018",0,,"Halden","Menn","32 år","Personer","2018","07459","2026-09-10 13:01:08 UTC"
"3101","1","032","Personer1","2019",0,,"Halden","Menn","32 år","Personer","2019","07459","2026-09-10 13:01:08 UTC"
"3101","1","032","Personer1","2020",0,,"Halden","Menn","32 år","Personer","2020","07459","2026-09-10 13:01:08 UTC"
"3101","1","032","Personer1","2021",0,,"Halden","Menn","32 år","Personer","2021","07459","2026-09-10 13:01:08 UTC"
"3101","1","032","Personer1","2022",0,,"Halden","Menn","32 år","Personer","2022","07459","2026-09-10 13:01:08 UTC"
"3101","1","032","Personer1","2023",0,,"Halden","Menn","32 år","Personer","2023","07459","2026-09-10 13:01:08 UTC"
"3101","1","032","Personer1","2024",206,,"Halden","Menn","32 år","Personer","2024","07459","2026-09-10 13:01:08 UTC"
"3101","1","032","Personer1","2025",207,,"Halden","Menn","32 år","Personer","2025","07459","2026-09-10 13:01:08 UTC"
"3101","1","032","Personer1","2026",212,,"Halden","Menn","32 år","Personer","2026","07459","2026-09-10 13:01:08 UTC"
"3101","1","033","Personer1","2005",0,,"Halden","Menn","33 år","Personer","2005","07459","2026-09-10 13:01:08 UTC"
"3101","1","033","Personer1","2006",0,,"Halden","Menn","33 år","Personer","2006","07459","2026-09-10 13:01:08 UTC"
"3101","1","033","Personer1","2007",0,,"Halden","Menn","33 år","Personer","2007","07459","2026-09-10 13:01:08 UTC"
"3101","1","033","Personer1","2008",0,,"Halden","Menn","33 år","Personer","2008","07459","2026-09-10 13:01:08 UTC"
"3101","1","033","Personer1","2009",0,,"Halden","Menn","33 år","Personer","2009","07459","2026-09-10 13:01:08 UTC"
"3101","1","033","Personer1","2010",0,,"Halden","Menn","33 år","Personer","2010","07459","2026-09-10 13:01:08 UTC"
"3101","1","033","Personer1","2011",0,,"Halden","Menn","33 år","Personer","2011","07459","2026-09-10 13:01:08 UTC"
"3101","1","033","Personer1","2012",0,,"Halden","Menn","33 år","Personer","2012","07459","2026-09-10 13:01:08 UTC"
"3101","1","033","Personer1","2013",0,,"Halden","Menn","33 år","Personer","2013","07459","2026-09-10 13:01:08 UTC"
"3101","1","033","Personer1","2014",0,,"Halden","Menn","33 år","Personer","2014","07459","2026-09-10 13:01:08 UTC"
"3101","1","033","Personer1","2015",0,,"Halden","Menn","33 år","Personer","2015","07459","2026-09-10 13:01:08 UTC"
"3101","1","033","Personer1","2016",0,,"Halden","Menn","33 år","Personer","2016","07459","2026-09-10 13:01:08 UTC"
"3101","1","033","Personer1","2017",0,,"Halden","Menn","33 år","Personer","2017","07459","2026-09-10 13:01:08 UTC"
"3101","1","033","Personer1","2018",0,,"Halden","Menn","33 år","Personer","2018","07459","2026-09-10 13:01:08 UTC"
"3101","1","033","Personer1","2019",0,,"Halden","Menn","33 år","Personer","2019","07459","2026-09-10 13:01:08 UTC"
"3101","1","033","Personer1","2020",0,,"Halden","Menn","33 år","Personer","2020","07459","2026-09-10 13:01:08 UTC"
"3101","1","033","Personer1","2021",0,,"Halden","Menn","33 år","Personer","2021","07459","2026-09-10 13:01:08 UTC"
"3101","1","033","Personer1","2022",0,,"Halden","Menn","33 år","Personer","2022","07459","2026-09-10 13:01:08 UTC"
"3101","1","033","Personer1","2023",0,,"Halden","Menn","33 år","Personer","2023","07459","2026-09-10 13:01:08 UTC"
"3101","1","033","Personer1","2024",245,,"Halden","Menn","33 år","Personer","2024","07459","2026-09-10 13:01:08 UTC"
"3101","1","033","Personer1","2025",204,,"Halden","Menn","33 år","Personer","2025","07459","2026-09-10 13:01:08 UTC"
"3101","1","033","Personer1","2026",210,,"Halden","Menn","33 år","Personer","2026","07459","2026-09-10 13:01:08 UTC"
"3101","1","034","Personer1","2005",0,,"Halden","Menn","34 år","Personer","2005","07459","2026-09-10 13:01:08 UTC"
"3101","1","034","Personer1","2006",0,,"Halden","Menn","34 år","Personer","2006","07459","2026-09-10 13:01:08 UTC"
"3101","1","034","Personer1","2007",0,,"Halden","Menn","34 år","Personer","2007","07459","2026-09-10 13:01:08 UTC"
"3101","1","034","Personer1","2008",0,,"Halden","Menn","34 år","Personer","2008","07459","2026-09-10 13:01:08 UTC"
"3101","1","034","Personer1","2009",0,,"Halden","Menn","34 år","Personer","2009","07459","2026-09-10 13:01:08 UTC"
"3101","1","034","Personer1","2010",0,,"Halden","Menn","34 år","Personer","2010","07459","2026-09-10 13:01:08 UTC"
"3101","1","034","Personer1","2011",0,,"Halden","Menn","34 år","Personer","2011","07459","2026-09-10 13:01:08 UTC"
"3101","1","034","Personer1","2012",0,,"Halden","Menn","34 år","Personer","2012","07459","2026-09-10 13:01:08 UTC"
"3101","1","034","Personer1","2013",0,,"Halden","Menn","34 år","Personer","2013","07459","2026-09-10 13:01:08 UTC"
"3101","1","034","Personer1","2014",0,,"Halden","Menn","34 år","Personer","2014","07459","2026-09-10 13:01:08 UTC"
"3101","1","034","Personer1","2015",0,,"Halden","Menn","34 år","Personer","2015","07459","2026-09-10 13:01:08 UTC"
"3101","1","034","Personer1","2016",0,,"Halden","Menn","34 år","Personer","2016","07459","2026-09-10 13:01:08 UTC"
"3101","1","034","Personer1","2017",0,,"Halden","Menn","34 år","Personer","2017","07459","2026-09-10 13:01:08 UTC"
"3101","1","034","Personer1","2018",0,,"Halden","Menn","34 år","Personer","2018","07459","2026-09-10 13:01:08 UTC"
"3101","1","034","Personer1","2019",0,,"Halden","Menn","34 år","Personer","2019","07459","2026-09-10 13:01:08 UTC"
"3101","1","034","Personer1","2020",0,,"Halden","Menn","34 år","Personer","2020","07459","2026-09-10 13:01:08 UTC"
"3101","1","034","Personer1","2021",0,,"Halden","Menn","34 år","Personer","2021","07459","2026-09-10 13:01:08 UTC"
"3101","1","034","Personer1","2022",0,,"Halden","Menn","34 år","Personer","2022","07459","2026-09-10 13:01:08 UTC"
"3101","1","034","Personer1","2023",0,,"Halden","Menn","34 år","Personer","2023","07459","2026-09-10 13:01:08 UTC"
"3101","1","034","Personer1","2024",209,,"Halden","Menn","34 år","Personer","2024","07459","2026-09-10 13:01:08 UTC"
"3101","1","034","Personer1","2025",248,,"Halden","Menn","34 år","Personer","2025","07459","2026-09-10 13:01:08 UTC"
"3101","1","034","Personer1","2026",206,,"Halden","Menn","34 år","Personer","2026","07459","2026-09-10 13:01:08 UTC"
"3101","1","035","Personer1","2005",0,,"Halden","Menn","35 år","Personer","2005","07459","2026-09-10 13:01:08 UTC"
"3101","1","035","Personer1","2006",0,,"Halden","Menn","35 år","Personer","2006","07459","2026-09-10 13:01:08 UTC"
"3101","1","035","Personer1","2007",0,,"Halden","Menn","35 år","Personer","2007","07459","2026-09-10 13:01:08 UTC"
"3101","1","035","Personer1","2008",0,,"Halden","Menn","35 år","Personer","2008","07459","2026-09-10 13:01:08 UTC"
"3101","1","035","Personer1","2009",0,,"Halden","Menn","35 år","Personer","2009","07459","2026-09-10 13:01:08 UTC"
"3101","1","035","Personer1","2010",0,,"Halden","Menn","35 år","Personer","2010","07459","2026-09-10 13:01:08 UTC"
"3101","1","035","Personer1","2011",0,,"Halden","Menn","35 år","Personer","2011","07459","2026-09-10 13:01:08 UTC"
"3101","1","035","Personer1","2012",0,,"Halden","Menn","35 år","Personer","2012","07459","2026-09-10 13:01:08 UTC"
"3101","1","035","Personer1","2013",0,,"Halden","Menn","35 år","Personer","2013","07459","2026-09-10 13:01:08 UTC"
"3101","1","035","Personer1","2014",0,,"Halden","Menn","35 år","Personer","2014","07459","2026-09-10 13:01:08 UTC"
"3101","1","035","Personer1","2015",0,,"Halden","Menn","35 år","Personer","2015","07459","2026-09-10 13:01:08 UTC"
"3101","1","035","Personer1","2016",0,,"Halden","Menn","35 år","Personer","2016","07459","2026-09-10 13:01:08 UTC"
"3101","1","035","Personer1","2017",0,,"Halden","Menn","35 år","Personer","2017","07459","2026-09-10 13:01:08 UTC"
"3101","1","035","Personer1","2018",0,,"Halden","Menn","35 år","Personer","2018","07459","2026-09-10 13:01:08 UTC"
"3101","1","035","Personer1","2019",0,,"Halden","Menn","35 år","Personer","2019","07459","2026-09-10 13:01:08 UTC"
"3101","1","035","Personer1","2020",0,,"Halden","Menn","35 år","Personer","2020","07459","2026-09-10 13:01:08 UTC"
"3101","1","035","Personer1","2021",0,,"Halden","Menn","35 år","Personer","2021","07459","2026-09-10 13:01:08 UTC"
"3101","1","035","Personer1","2022",0,,"Halden","Menn","35 år","Personer","2022","07459","2026-09-10 13:01:08 UTC"
"3101","1","035","Personer1","2023",0,,"Halden","Menn","35 år","Personer","2023","07459","2026-09-10 13:01:08 UTC"
"3101","1","035","Personer1","2024",187,,"Halden","Menn","35 år","Personer","2024","07459","2026-09-10 13:01:08 UTC"
"3101","1","035","Personer1","2025",205,,"Halden","Menn","35 år","Personer","2025","07459","2026-09-10 13:01:08 UTC"
"3101","1","035","Personer1","2026",246,,"Halden","Menn","35 år","Personer","2026","07459","2026-09-10 13:01:08 UTC"
"3101","1","036","Personer1","2005",0,,"Halden","Menn","36 år","Personer","2005","07459","2026-09-10 13:01:08 UTC"
"3101","1","036","Personer1","2006",0,,"Halden","Menn","36 år","Personer","2006","07459","2026-09-10 13:01:08 UTC"
"3101","1","036","Personer1","2007",0,,"Halden","Menn","36 år","Personer","2007","07459","2026-09-10 13:01:08 UTC"
"3101","1","036","Personer1","2008",0,,"Halden","Menn","36 år","Personer","2008","07459","2026-09-10 13:01:08 UTC"
"3101","1","036","Personer1","2009",0,,"Halden","Menn","36 år","Personer","2009","07459","2026-09-10 13:01:08 UTC"
"3101","1","036","Personer1","2010",0,,"Halden","Menn","36 år","Personer","2010","07459","2026-09-10 13:01:08 UTC"
"3101","1","036","Personer1","2011",0,,"Halden","Menn","36 år","Personer","2011","07459","2026-09-10 13:01:08 UTC"
"3101","1","036","Personer1","2012",0,,"Halden","Menn","36 år","Personer","2012","07459","2026-09-10 13:01:08 UTC"
"3101","1","036","Personer1","2013",0,,"Halden","Menn","36 år","Personer","2013","07459","2026-09-10 13:01:08 UTC"
"3101","1","036","Personer1","2014",0,,"Halden","Menn","36 år","Personer","2014","07459","2026-09-10 13:01:08 UTC"
"3101","1","036","Personer1","2015",0,,"Halden","Menn","36 år","Personer","2015","07459","2026-09-10 13:01:08 UTC"
"3101","1","036","Personer1","2016",0,,"Halden","Menn","36 år","Personer","2016","07459","2026-09-10 13:01:08 UTC"
"3101","1","036","Personer1","2017",0,,"Halden","Menn","36 år","Personer","2017","07459","2026-09-10 13:01:08 UTC"
"3101","1","036","Personer1","2018",0,,"Halden","Menn","36 år","Personer","2018","07459","2026-09-10 13:01:08 UTC"
"3101","1","036","Personer1","2019",0,,"Halden","Menn","36 år","Personer","2019","07459","2026-09-10 13:01:08 UTC"
"3101","1","036","Personer1","2020",0,,"Halden","Menn","36 år","Personer","2020","07459","2026-09-10 13:01:08 UTC"
"3101","1","036","Personer1","2021",0,,"Halden","Menn","36 år","Personer","2021","07459","2026-09-10 13:01:08 UTC"
"3101","1","036","Personer1","2022",0,,"Halden","Menn","36 år","Personer","2022","07459","2026-09-10 13:01:08 UTC"
"3101","1","036","Personer1","2023",0,,"Halden","Menn","36 år","Personer","2023","07459","2026-09-10 13:01:08 UTC"
"3101","1","036","Personer1","2024",193,,"Halden","Menn","36 år","Personer","2024","07459","2026-09-10 13:01:08 UTC"
"3101","1","036","Personer1","2025",183,,"Halden","Menn","36 år","Personer","2025","07459","2026-09-10 13:01:08 UTC"
"3101","1","036","Personer1","2026",214,,"Halden","Menn","36 år","Personer","2026","07459","2026-09-10 13:01:08 UTC"
"3101","1","037","Personer1","2005",0,,"Halden","Menn","37 år","Personer","2005","07459","2026-09-10 13:01:08 UTC"
"3101","1","037","Personer1","2006",0,,"Halden","Menn","37 år","Personer","2006","07459","2026-09-10 13:01:08 UTC"
"3101","1","037","Personer1","2007",0,,"Halden","Menn","37 år","Personer","2007","07459","2026-09-10 13:01:08 UTC"
"3101","1","037","Personer1","2008",0,,"Halden","Menn","37 år","Personer","2008","07459","2026-09-10 13:01:08 UTC"
"3101","1","037","Personer1","2009",0,,"Halden","Menn","37 år","Personer","2009","07459","2026-09-10 13:01:08 UTC"
"3101","1","037","Personer1","2010",0,,"Halden","Menn","37 år","Personer","2010","07459","2026-09-10 13:01:08 UTC"
"3101","1","037","Personer1","2011",0,,"Halden","Menn","37 år","Personer","2011","07459","2026-09-10 13:01:08 UTC"
"3101","1","037","Personer1","2012",0,,"Halden","Menn","37 år","Personer","2012","07459","2026-09-10 13:01:08 UTC"
"3101","1","037","Personer1","2013",0,,"Halden","Menn","37 år","Personer","2013","07459","2026-09-10 13:01:08 UTC"
"3101","1","037","Personer1","2014",0,,"Halden","Menn","37 år","Personer","2014","07459","2026-09-10 13:01:08 UTC"
"3101","1","037","Personer1","2015",0,,"Halden","Menn","37 år","Personer","2015","07459","2026-09-10 13:01:08 UTC"
"3101","1","037","Personer1","2016",0,,"Halden","Menn","37 år","Personer","2016","07459","2026-09-10 13:01:08 UTC"
"3101","1","037","Personer1","2017",0,,"Halden","Menn","37 år","Personer","2017","07459","2026-09-10 13:01:08 UTC"
"3101","1","037","Personer1","2018",0,,"Halden","Menn","37 år","Personer","2018","07459","2026-09-10 13:01:08 UTC"
"3101","1","037","Personer1","2019",0,,"Halden","Menn","37 år","Personer","2019","07459","2026-09-10 13:01:08 UTC"
"3101","1","037","Personer1","2020",0,,"Halden","Menn","37 år","Personer","2020","07459","2026-09-10 13:01:08 UTC"
"3101","1","037","Personer1","2021",0,,"Halden","Menn","37 år","Personer","2021","07459","2026-09-10 13:01:08 UTC"
"3101","1","037","Personer1","2022",0,,"Halden","Menn","37 år","Personer","2022","07459","2026-09-10 13:01:08 UTC"
"3101","1","037","Personer1","2023",0,,"Halden","Menn","37 år","Personer","2023","07459","2026-09-10 13:01:08 UTC"
"3101","1","037","Personer1","2024",198,,"Halden","Menn","37 år","Personer","2024","07459","2026-09-10 13:01:08 UTC"
"3101","1","037","Personer1","2025",195,,"Halden","Menn","37 år","Personer","2025","07459","2026-09-10 13:01:08 UTC"
"3101","1","037","Personer1","2026",179,,"Halden","Menn","37 år","Personer","2026","07459","2026-09-10 13:01:08 UTC"
"3101","1","038","Personer1","2005",0,,"Halden","Menn","38 år","Personer","2005","07459","2026-09-10 13:01:08 UTC"
"3101","1","038","Personer1","2006",0,,"Halden","Menn","38 år","Personer","2006","07459","2026-09-10 13:01:08 UTC"
"3101","1","038","Personer1","2007",0,,"Halden","Menn","38 år","Personer","2007","07459","2026-09-10 13:01:08 UTC"
"3101","1","038","Personer1","2008",0,,"Halden","Menn","38 år","Personer","2008","07459","2026-09-10 13:01:08 UTC"
"3101","1","038","Personer1","2009",0,,"Halden","Menn","38 år","Personer","2009","07459","2026-09-10 13:01:08 UTC"
"3101","1","038","Personer1","2010",0,,"Halden","Menn","38 år","Personer","2010","07459","2026-09-10 13:01:08 UTC"
"3101","1","038","Personer1","2011",0,,"Halden","Menn","38 år","Personer","2011","07459","2026-09-10 13:01:08 UTC"
"3101","1","038","Personer1","2012",0,,"Halden","Menn","38 år","Personer","2012","07459","2026-09-10 13:01:08 UTC"
"3101","1","038","Personer1","2013",0,,"Halden","Menn","38 år","Personer","2013","07459","2026-09-10 13:01:08 UTC"
"3101","1","038","Personer1","2014",0,,"Halden","Menn","38 år","Personer","2014","07459","2026-09-10 13:01:08 UTC"
"3101","1","038","Personer1","2015",0,,"Halden","Menn","38 år","Personer","2015","07459","2026-09-10 13:01:08 UTC"
"3101","1","038","Personer1","2016",0,,"Halden","Menn","38 år","Personer","2016","07459","2026-09-10 13:01:08 UTC"
"3101","1","038","Personer1","2017",0,,"Halden","Menn","38 år","Personer","2017","07459","2026-09-10 13:01:08 UTC"
"3101","1","038","Personer1","2018",0,,"Halden","Menn","38 år","Personer","2018","07459","2026-09-10 13:01:08 UTC"
"3101","1","038","Personer1","2019",0,,"Halden","Menn","38 år","Personer","2019","07459","2026-09-10 13:01:08 UTC"
"3101","1","038","Personer1","2020",0,,"Halden","Menn","38 år","Personer","2020","07459","2026-09-10 13:01:08 UTC"
"3101","1","038","Personer1","2021",0,,"Halden","Menn","38 år","Personer","2021","07459","2026-09-10 13:01:08 UTC"
"3101","1","038","Personer1","2022",0,,"Halden","Menn","38 år","Personer","2022","07459","2026-09-10 13:01:08 UTC"
"3101","1","038","Personer1","2023",0,,"Halden","Menn","38 år","Personer","2023","07459","2026-09-10 13:01:08 UTC"
"3101","1","038","Personer1","2024",203,,"Halden","Menn","38 år","Personer","2024","07459","2026-09-10 13:01:08 UTC"
"3101","1","038","Personer1","2025",199,,"Halden","Menn","38 år","Personer","2025","07459","2026-09-10 13:01:08 UTC"
"3101","1","038","Personer1","2026",191,,"Halden","Menn","38 år","Personer","2026","07459","2026-09-10 13:01:08 UTC"
"3101","1","039","Personer1","2005",0,,"Halden","Menn","39 år","Personer","2005","07459","2026-09-10 13:01:08 UTC"
"3101","1","039","Personer1","2006",0,,"Halden","Menn","39 år","Personer","2006","07459","2026-09-10 13:01:08 UTC"
"3101","1","039","Personer1","2007",0,,"Halden","Menn","39 år","Personer","2007","07459","2026-09-10 13:01:08 UTC"
"3101","1","039","Personer1","2008",0,,"Halden","Menn","39 år","Personer","2008","07459","2026-09-10 13:01:08 UTC"
"3101","1","039","Personer1","2009",0,,"Halden","Menn","39 år","Personer","2009","07459","2026-09-10 13:01:08 UTC"
"3101","1","039","Personer1","2010",0,,"Halden","Menn","39 år","Personer","2010","07459","2026-09-10 13:01:08 UTC"
"3101","1","039","Personer1","2011",0,,"Halden","Menn","39 år","Personer","2011","07459","2026-09-10 13:01:08 UTC"
"3101","1","039","Personer1","2012",0,,"Halden","Menn","39 år","Personer","2012","07459","2026-09-10 13:01:08 UTC"
"3101","1","039","Personer1","2013",0,,"Halden","Menn","39 år","Personer","2013","07459","2026-09-10 13:01:08 UTC"
"3101","1","039","Personer1","2014",0,,"Halden","Menn","39 år","Personer","2014","07459","2026-09-10 13:01:08 UTC"
"3101","1","039","Personer1","2015",0,,"Halden","Menn","39 år","Personer","2015","07459","2026-09-10 13:01:08 UTC"
"3101","1","039","Personer1","2016",0,,"Halden","Menn","39 år","Personer","2016","07459","2026-09-10 13:01:08 UTC"
"3101","1","039","Personer1","2017",0,,"Halden","Menn","39 år","Personer","2017","07459","2026-09-10 13:01:08 UTC"
"3101","1","039","Personer1","2018",0,,"Halden","Menn","39 år","Personer","2018","07459","2026-09-10 13:01:08 UTC"
"3101","1","039","Personer1","2019",0,,"Halden","Menn","39 år","Personer","2019","07459","2026-09-10 13:01:08 UTC"
"3101","1","039","Personer1","2020",0,,"Halden","Menn","39 år","Personer","2020","07459","2026-09-10 13:01:08 UTC"
"3101","1","039","Personer1","2021",0,,"Halden","Menn","39 år","Personer","2021","07459","2026-09-10 13:01:08 UTC"
"3101","1","039","Personer1","2022",0,,"Halden","Menn","39 år","Personer","2022","07459","2026-09-10 13:01:08 UTC"
"3101","1","039","Personer1","2023",0,,"Halden","Menn","39 år","Personer","2023","07459","2026-09-10 13:01:08 UTC"
"3101","1","039","Personer1","2024",198,,"Halden","Menn","39 år","Personer","2024","07459","2026-09-10 13:01:08 UTC"
"3101","1","039","Personer1","2025",204,,"Halden","Menn","39 år","Personer","2025","07459","2026-09-10 13:01:08 UTC"
"3101","1","039","Personer1","2026",202,,"Halden","Menn","39 år","Personer","2026","07459","2026-09-10 13:01:08 UTC"
"3101","1","040","Personer1","2005",0,,"Halden","Menn","40 år","Personer","2005","07459","2026-09-10 13:01:08 UTC"
"3101","1","040","Personer1","2006",0,,"Halden","Menn","40 år","Personer","2006","07459","2026-09-10 13:01:08 UTC"
"3101","1","040","Personer1","2007",0,,"Halden","Menn","40 år","Personer","2007","07459","2026-09-10 13:01:08 UTC"
"3101","1","040","Personer1","2008",0,,"Halden","Menn","40 år","Personer","2008","07459","2026-09-10 13:01:08 UTC"
"3101","1","040","Personer1","2009",0,,"Halden","Menn","40 år","Personer","2009","07459","2026-09-10 13:01:08 UTC"
"3101","1","040","Personer1","2010",0,,"Halden","Menn","40 år","Personer","2010","07459","2026-09-10 13:01:08 UTC"
"3101","1","040","Personer1","2011",0,,"Halden","Menn","40 år","Personer","2011","07459","2026-09-10 13:01:08 UTC"
"3101","1","040","Personer1","2012",0,,"Halden","Menn","40 år","Personer","2012","07459","2026-09-10 13:01:08 UTC"
"3101","1","040","Personer1","2013",0,,"Halden","Menn","40 år","Personer","2013","07459","2026-09-10 13:01:08 UTC"
"3101","1","040","Personer1","2014",0,,"Halden","Menn","40 år","Personer","2014","07459","2026-09-10 13:01:08 UTC"
"3101","1","040","Personer1","2015",0,,"Halden","Menn","40 år","Personer","2015","07459","2026-09-10 13:01:08 UTC"
"3101","1","040","Personer1","2016",0,,"Halden","Menn","40 år","Personer","2016","07459","2026-09-10 13:01:08 UTC"
"3101","1","040","Personer1","2017",0,,"Halden","Menn","40 år","Personer","2017","07459","2026-09-10 13:01:08 UTC"
"3101","1","040","Personer1","2018",0,,"Halden","Menn","40 år","Personer","2018","07459","2026-09-10 13:01:08 UTC"
"3101","1","040","Personer1","2019",0,,"Halden","Menn","40 år","Personer","2019","07459","2026-09-10 13:01:08 UTC"
"3101","1","040","Personer1","2020",0,,"Halden","Menn","40 år","Personer","2020","07459","2026-09-10 13:01:08 UTC"
"3101","1","040","Personer1","2021",0,,"Halden","Menn","40 år","Personer","2021","07459","2026-09-10 13:01:08 UTC"
"3101","1","040","Personer1","2022",0,,"Halden","Menn","40 år","Personer","2022","07459","2026-09-10 13:01:08 UTC"
"3101","1","040","Personer1","2023",0,,"Halden","Menn","40 år","Personer","2023","07459","2026-09-10 13:01:08 UTC"
"3101","1","040","Personer1","2024",187,,"Halden","Menn","40 år","Personer","2024","07459","2026-09-10 13:01:08 UTC"
"3101","1","040","Personer1","2025",192,,"Halden","Menn","40 år","Personer","2025","07459","2026-09-10 13:01:08 UTC"
"3101","1","040","Personer1","2026",202,,"Halden","Menn","40 år","Personer","2026","07459","2026-09-10 13:01:08 UTC"
"3101","1","041","Personer1","2005",0,,"Halden","Menn","41 år","Personer","2005","07459","2026-09-10 13:01:08 UTC"
"3101","1","041","Personer1","2006",0,,"Halden","Menn","41 år","Personer","2006","07459","2026-09-10 13:01:08 UTC"
"3101","1","041","Personer1","2007",0,,"Halden","Menn","41 år","Personer","2007","07459","2026-09-10 13:01:08 UTC"
"3101","1","041","Personer1","2008",0,,"Halden","Menn","41 år","Personer","2008","07459","2026-09-10 13:01:08 UTC"
"3101","1","041","Personer1","2009",0,,"Halden","Menn","41 år","Personer","2009","07459","2026-09-10 13:01:08 UTC"
"3101","1","041","Personer1","2010",0,,"Halden","Menn","41 år","Personer","2010","07459","2026-09-10 13:01:08 UTC"
"3101","1","041","Personer1","2011",0,,"Halden","Menn","41 år","Personer","2011","07459","2026-09-10 13:01:08 UTC"
"3101","1","041","Personer1","2012",0,,"Halden","Menn","41 år","Personer","2012","07459","2026-09-10 13:01:08 UTC"
"3101","1","041","Personer1","2013",0,,"Halden","Menn","41 år","Personer","2013","07459","2026-09-10 13:01:08 UTC"
"3101","1","041","Personer1","2014",0,,"Halden","Menn","41 år","Personer","2014","07459","2026-09-10 13:01:08 UTC"
"3101","1","041","Personer1","2015",0,,"Halden","Menn","41 år","Personer","2015","07459","2026-09-10 13:01:08 UTC"
"3101","1","041","Personer1","2016",0,,"Halden","Menn","41 år","Personer","2016","07459","2026-09-10 13:01:08 UTC"
"3101","1","041","Personer1","2017",0,,"Halden","Menn","41 år","Personer","2017","07459","2026-09-10 13:01:08 UTC"
"3101","1","041","Personer1","2018",0,,"Halden","Menn","41 år","Personer","2018","07459","2026-09-10 13:01:08 UTC"
"3101","1","041","Personer1","2019",0,,"Halden","Menn","41 år","Personer","2019","07459","2026-09-10 13:01:08 UTC"
"3101","1","041","Personer1","2020",0,,"Halden","Menn","41 år","Personer","2020","07459","2026-09-10 13:01:08 UTC"
"3101","1","041","Personer1","2021",0,,"Halden","Menn","41 år","Personer","2021","07459","2026-09-10 13:01:08 UTC"
"3101","1","041","Personer1","2022",0,,"Halden","Menn","41 år","Personer","2022","07459","2026-09-10 13:01:08 UTC"
"3101","1","041","Personer1","2023",0,,"Halden","Menn","41 år","Personer","2023","07459","2026-09-10 13:01:08 UTC"
"3101","1","041","Personer1","2024",175,,"Halden","Menn","41 år","Personer","2024","07459","2026-09-10 13:01:08 UTC"
"3101","1","041","Personer1","2025",186,,"Halden","Menn","41 år","Personer","2025","07459","2026-09-10 13:01:08 UTC"
"3101","1","041","Personer1","2026",197,,"Halden","Menn","41 år","Personer","2026","07459","2026-09-10 13:01:08 UTC"
"3101","1","042","Personer1","2005",0,,"Halden","Menn","42 år","Personer","2005","07459","2026-09-10 13:01:08 UTC"
"3101","1","042","Personer1","2006",0,,"Halden","Menn","42 år","Personer","2006","07459","2026-09-10 13:01:08 UTC"
"3101","1","042","Personer1","2007",0,,"Halden","Menn","42 år","Personer","2007","07459","2026-09-10 13:01:08 UTC"
"3101","1","042","Personer1","2008",0,,"Halden","Menn","42 år","Personer","2008","07459","2026-09-10 13:01:08 UTC"
"3101","1","042","Personer1","2009",0,,"Halden","Menn","42 år","Personer","2009","07459","2026-09-10 13:01:08 UTC"
"3101","1","042","Personer1","2010",0,,"Halden","Menn","42 år","Personer","2010","07459","2026-09-10 13:01:08 UTC"
"3101","1","042","Personer1","2011",0,,"Halden","Menn","42 år","Personer","2011","07459","2026-09-10 13:01:08 UTC"
"3101","1","042","Personer1","2012",0,,"Halden","Menn","42 år","Personer","2012","07459","2026-09-10 13:01:08 UTC"
"3101","1","042","Personer1","2013",0,,"Halden","Menn","42 år","Personer","2013","07459","2026-09-10 13:01:08 UTC"
"3101","1","042","Personer1","2014",0,,"Halden","Menn","42 år","Personer","2014","07459","2026-09-10 13:01:08 UTC"
"3101","1","042","Personer1","2015",0,,"Halden","Menn","42 år","Personer","2015","07459","2026-09-10 13:01:08 UTC"
"3101","1","042","Personer1","2016",0,,"Halden","Menn","42 år","Personer","2016","07459","2026-09-10 13:01:08 UTC"
"3101","1","042","Personer1","2017",0,,"Halden","Menn","42 år","Personer","2017","07459","2026-09-10 13:01:08 UTC"
"3101","1","042","Personer1","2018",0,,"Halden","Menn","42 år","Personer","2018","07459","2026-09-10 13:01:08 UTC"
"3101","1","042","Personer1","2019",0,,"Halden","Menn","42 år","Personer","2019","07459","2026-09-10 13:01:08 UTC"
"3101","1","042","Personer1","2020",0,,"Halden","Menn","42 år","Personer","2020","07459","2026-09-10 13:01:08 UTC"
"3101","1","042","Personer1","2021",0,,"Halden","Menn","42 år","Personer","2021","07459","2026-09-10 13:01:08 UTC"
"3101","1","042","Personer1","2022",0,,"Halden","Menn","42 år","Personer","2022","07459","2026-09-10 13:01:08 UTC"
"3101","1","042","Personer1","2023",0,,"Halden","Menn","42 år","Personer","2023","07459","2026-09-10 13:01:08 UTC"
"3101","1","042","Personer1","2024",170,,"Halden","Menn","42 år","Personer","2024","07459","2026-09-10 13:01:08 UTC"
"3101","1","042","Personer1","2025",172,,"Halden","Menn","42 år","Personer","2025","07459","2026-09-10 13:01:08 UTC"
"3101","1","042","Personer1","2026",187,,"Halden","Menn","42 år","Personer","2026","07459","2026-09-10 13:01:08 UTC"
"3101","1","043","Personer1","2005",0,,"Halden","Menn","43 år","Personer","2005","07459","2026-09-10 13:01:08 UTC"
"3101","1","043","Personer1","2006",0,,"Halden","Menn","43 år","Personer","2006","07459","2026-09-10 13:01:08 UTC"
"3101","1","043","Personer1","2007",0,,"Halden","Menn","43 år","Personer","2007","07459","2026-09-10 13:01:08 UTC"
"3101","1","043","Personer1","2008",0,,"Halden","Menn","43 år","Personer","2008","07459","2026-09-10 13:01:08 UTC"
"3101","1","043","Personer1","2009",0,,"Halden","Menn","43 år","Personer","2009","07459","2026-09-10 13:01:08 UTC"
"3101","1","043","Personer1","2010",0,,"Halden","Menn","43 år","Personer","2010","07459","2026-09-10 13:01:08 UTC"
"3101","1","043","Personer1","2011",0,,"Halden","Menn","43 år","Personer","2011","07459","2026-09-10 13:01:08 UTC"
"3101","1","043","Personer1","2012",0,,"Halden","Menn","43 år","Personer","2012","07459","2026-09-10 13:01:08 UTC"
"3101","1","043","Personer1","2013",0,,"Halden","Menn","43 år","Personer","2013","07459","2026-09-10 13:01:08 UTC"
"3101","1","043","Personer1","2014",0,,"Halden","Menn","43 år","Personer","2014","07459","2026-09-10 13:01:08 UTC"
"3101","1","043","Personer1","2015",0,,"Halden","Menn","43 år","Personer","2015","07459","2026-09-10 13:01:08 UTC"
"3101","1","043","Personer1","2016",0,,"Halden","Menn","43 år","Personer","2016","07459","2026-09-10 13:01:08 UTC"
"3101","1","043","Personer1","2017",0,,"Halden","Menn","43 år","Personer","2017","07459","2026-09-10 13:01:08 UTC"
"3101","1","043","Personer1","2018",0,,"Halden","Menn","43 år","Personer","2018","07459","2026-09-10 13:01:08 UTC"
"3101","1","043","Personer1","2019",0,,"Halden","Menn","43 år","Personer","2019","07459","2026-09-10 13:01:08 UTC"
"3101","1","043","Personer1","2020",0,,"Halden","Menn","43 år","Personer","2020","07459","2026-09-10 13:01:08 UTC"
"3101","1","043","Personer1","2021",0,,"Halden","Menn","43 år","Personer","2021","07459","2026-09-10 13:01:08 UTC"
"3101","1","043","Personer1","2022",0,,"Halden","Menn","43 år","Personer","2022","07459","2026-09-10 13:01:08 UTC"
"3101","1","043","Personer1","2023",0,,"Halden","Menn","43 år","Personer","2023","07459","2026-09-10 13:01:08 UTC"
"3101","1","043","Personer1","2024",198,,"Halden","Menn","43 år","Personer","2024","07459","2026-09-10 13:01:08 UTC"
"3101","1","043","Personer1","2025",168,,"Halden","Menn","43 år","Personer","2025","07459","2026-09-10 13:01:08 UTC"
"3101","1","043","Personer1","2026",174,,"Halden","Menn","43 år","Personer","2026","07459","2026-09-10 13:01:08 UTC"
"3101","1","044","Personer1","2005",0,,"Halden","Menn","44 år","Personer","2005","07459","2026-09-10 13:01:08 UTC"
"3101","1","044","Personer1","2006",0,,"Halden","Menn","44 år","Personer","2006","07459","2026-09-10 13:01:08 UTC"
"3101","1","044","Personer1","2007",0,,"Halden","Menn","44 år","Personer","2007","07459","2026-09-10 13:01:08 UTC"
"3101","1","044","Personer1","2008",0,,"Halden","Menn","44 år","Personer","2008","07459","2026-09-10 13:01:08 UTC"
"3101","1","044","Personer1","2009",0,,"Halden","Menn","44 år","Personer","2009","07459","2026-09-10 13:01:08 UTC"
"3101","1","044","Personer1","2010",0,,"Halden","Menn","44 år","Personer","2010","07459","2026-09-10 13:01:08 UTC"
"3101","1","044","Personer1","2011",0,,"Halden","Menn","44 år","Personer","2011","07459","2026-09-10 13:01:08 UTC"
"3101","1","044","Personer1","2012",0,,"Halden","Menn","44 år","Personer","2012","07459","2026-09-10 13:01:08 UTC"
"3101","1","044","Personer1","2013",0,,"Halden","Menn","44 år","Personer","2013","07459","2026-09-10 13:01:08 UTC"
"3101","1","044","Personer1","2014",0,,"Halden","Menn","44 år","Personer","2014","07459","2026-09-10 13:01:08 UTC"
"3101","1","044","Personer1","2015",0,,"Halden","Menn","44 år","Personer","2015","07459","2026-09-10 13:01:08 UTC"
"3101","1","044","Personer1","2016",0,,"Halden","Menn","44 år","Personer","2016","07459","2026-09-10 13:01:08 UTC"
"3101","1","044","Personer1","2017",0,,"Halden","Menn","44 år","Personer","2017","07459","2026-09-10 13:01:08 UTC"
"3101","1","044","Personer1","2018",0,,"Halden","Menn","44 år","Personer","2018","07459","2026-09-10 13:01:08 UTC"
"3101","1","044","Personer1","2019",0,,"Halden","Menn","44 år","Personer","2019","07459","2026-09-10 13:01:08 UTC"
"3101","1","044","Personer1","2020",0,,"Halden","Menn","44 år","Personer","2020","07459","2026-09-10 13:01:08 UTC"
"3101","1","044","Personer1","2021",0,,"Halden","Menn","44 år","Personer","2021","07459","2026-09-10 13:01:08 UTC"
"3101","1","044","Personer1","2022",0,,"Halden","Menn","44 år","Personer","2022","07459","2026-09-10 13:01:08 UTC"
"3101","1","044","Personer1","2023",0,,"Halden","Menn","44 år","Personer","2023","07459","2026-09-10 13:01:08 UTC"
"3101","1","044","Personer1","2024",201,,"Halden","Menn","44 år","Personer","2024","07459","2026-09-10 13:01:08 UTC"
"3101","1","044","Personer1","2025",198,,"Halden","Menn","44 år","Personer","2025","07459","2026-09-10 13:01:08 UTC"
"3101","1","044","Personer1","2026",168,,"Halden","Menn","44 år","Personer","2026","07459","2026-09-10 13:01:08 UTC"
"3101","1","045","Personer1","2005",0,,"Halden","Menn","45 år","Personer","2005","07459","2026-09-10 13:01:08 UTC"
"3101","1","045","Personer1","2006",0,,"Halden","Menn","45 år","Personer","2006","07459","2026-09-10 13:01:08 UTC"
"3101","1","045","Personer1","2007",0,,"Halden","Menn","45 år","Personer","2007","07459","2026-09-10 13:01:08 UTC"
"3101","1","045","Personer1","2008",0,,"Halden","Menn","45 år","Personer","2008","07459","2026-09-10 13:01:08 UTC"
"3101","1","045","Personer1","2009",0,,"Halden","Menn","45 år","Personer","2009","07459","2026-09-10 13:01:08 UTC"
"3101","1","045","Personer1","2010",0,,"Halden","Menn","45 år","Personer","2010","07459","2026-09-10 13:01:08 UTC"
"3101","1","045","Personer1","2011",0,,"Halden","Menn","45 år","Personer","2011","07459","2026-09-10 13:01:08 UTC"
"3101","1","045","Personer1","2012",0,,"Halden","Menn","45 år","Personer","2012","07459","2026-09-10 13:01:08 UTC"
"3101","1","045","Personer1","2013",0,,"Halden","Menn","45 år","Personer","2013","07459","2026-09-10 13:01:08 UTC"
"3101","1","045","Personer1","2014",0,,"Halden","Menn","45 år","Personer","2014","07459","2026-09-10 13:01:08 UTC"
"3101","1","045","Personer1","2015",0,,"Halden","Menn","45 år","Personer","2015","07459","2026-09-10 13:01:08 UTC"
"3101","1","045","Personer1","2016",0,,"Halden","Menn","45 år","Personer","2016","07459","2026-09-10 13:01:08 UTC"
"3101","1","045","Personer1","2017",0,,"Halden","Menn","45 år","Personer","2017","07459","2026-09-10 13:01:08 UTC"
"3101","1","045","Personer1","2018",0,,"Halden","Menn","45 år","Personer","2018","07459","2026-09-10 13:01:08 UTC"
"3101","1","045","Personer1","2019",0,,"Halden","Menn","45 år","Personer","2019","07459","2026-09-10 13:01:08 UTC"
"3101","1","045","Personer1","2020",0,,"Halden","Menn","45 år","Personer","2020","07459","2026-09-10 13:01:08 UTC"
"3101","1","045","Personer1","2021",0,,"Halden","Menn","45 år","Personer","2021","07459","2026-09-10 13:01:08 UTC"
"3101","1","045","Personer1","2022",0,,"Halden","Menn","45 år","Personer","2022","07459","2026-09-10 13:01:08 UTC"
"3101","1","045","Personer1","2023",0,,"Halden","Menn","45 år","Personer","2023","07459","2026-09-10 13:01:08 UTC"
"3101","1","045","Personer1","2024",220,,"Halden","Menn","45 år","Personer","2024","07459","2026-09-10 13:01:08 UTC"
"3101","1","045","Personer1","2025",210,,"Halden","Menn","45 år","Personer","2025","07459","2026-09-10 13:01:08 UTC"
"3101","1","045","Personer1","2026",193,,"Halden","Menn","45 år","Personer","2026","07459","2026-09-10 13:01:08 UTC"
"3101","1","046","Personer1","2005",0,,"Halden","Menn","46 år","Personer","2005","07459","2026-09-10 13:01:08 UTC"
"3101","1","046","Personer1","2006",0,,"Halden","Menn","46 år","Personer","2006","07459","2026-09-10 13:01:08 UTC"
"3101","1","046","Personer1","2007",0,,"Halden","Menn","46 år","Personer","2007","07459","2026-09-10 13:01:08 UTC"
"3101","1","046","Personer1","2008",0,,"Halden","Menn","46 år","Personer","2008","07459","2026-09-10 13:01:08 UTC"
"3101","1","046","Personer1","2009",0,,"Halden","Menn","46 år","Personer","2009","07459","2026-09-10 13:01:08 UTC"
"3101","1","046","Personer1","2010",0,,"Halden","Menn","46 år","Personer","2010","07459","2026-09-10 13:01:08 UTC"
"3101","1","046","Personer1","2011",0,,"Halden","Menn","46 år","Personer","2011","07459","2026-09-10 13:01:08 UTC"
"3101","1","046","Personer1","2012",0,,"Halden","Menn","46 år","Personer","2012","07459","2026-09-10 13:01:08 UTC"
"3101","1","046","Personer1","2013",0,,"Halden","Menn","46 år","Personer","2013","07459","2026-09-10 13:01:08 UTC"
"3101","1","046","Personer1","2014",0,,"Halden","Menn","46 år","Personer","2014","07459","2026-09-10 13:01:08 UTC"
"3101","1","046","Personer1","2015",0,,"Halden","Menn","46 år","Personer","2015","07459","2026-09-10 13:01:08 UTC"
"3101","1","046","Personer1","2016",0,,"Halden","Menn","46 år","Personer","2016","07459","2026-09-10 13:01:08 UTC"
"3101","1","046","Personer1","2017",0,,"Halden","Menn","46 år","Personer","2017","07459","2026-09-10 13:01:08 UTC"
"3101","1","046","Personer1","2018",0,,"Halden","Menn","46 år","Personer","2018","07459","2026-09-10 13:01:08 UTC"
"3101","1","046","Personer1","2019",0,,"Halden","Menn","46 år","Personer","2019","07459","2026-09-10 13:01:08 UTC"
"3101","1","046","Personer1","2020",0,,"Halden","Menn","46 år","Personer","2020","07459","2026-09-10 13:01:08 UTC"
"3101","1","046","Personer1","2021",0,,"Halden","Menn","46 år","Personer","2021","07459","2026-09-10 13:01:08 UTC"
"3101","1","046","Personer1","2022",0,,"Halden","Menn","46 år","Personer","2022","07459","2026-09-10 13:01:08 UTC"
"3101","1","046","Personer1","2023",0,,"Halden","Menn","46 år","Personer","2023","07459","2026-09-10 13:01:08 UTC"
"3101","1","046","Personer1","2024",206,,"Halden","Menn","46 år","Personer","2024","07459","2026-09-10 13:01:08 UTC"
"3101","1","046","Personer1","2025",219,,"Halden","Menn","46 år","Personer","2025","07459","2026-09-10 13:01:08 UTC"
"3101","1","046","Personer1","2026",210,,"Halden","Menn","46 år","Personer","2026","07459","2026-09-10 13:01:08 UTC"
"3101","1","047","Personer1","2005",0,,"Halden","Menn","47 år","Personer","2005","07459","2026-09-10 13:01:08 UTC"
"3101","1","047","Personer1","2006",0,,"Halden","Menn","47 år","Personer","2006","07459","2026-09-10 13:01:08 UTC"
"3101","1","047","Personer1","2007",0,,"Halden","Menn","47 år","Personer","2007","07459","2026-09-10 13:01:08 UTC"
"3101","1","047","Personer1","2008",0,,"Halden","Menn","47 år","Personer","2008","07459","2026-09-10 13:01:08 UTC"
"3101","1","047","Personer1","2009",0,,"Halden","Menn","47 år","Personer","2009","07459","2026-09-10 13:01:08 UTC"
"3101","1","047","Personer1","2010",0,,"Halden","Menn","47 år","Personer","2010","07459","2026-09-10 13:01:08 UTC"
"3101","1","047","Personer1","2011",0,,"Halden","Menn","47 år","Personer","2011","07459","2026-09-10 13:01:08 UTC"
"3101","1","047","Personer1","2012",0,,"Halden","Menn","47 år","Personer","2012","07459","2026-09-10 13:01:08 UTC"
"3101","1","047","Personer1","2013",0,,"Halden","Menn","47 år","Personer","2013","07459","2026-09-10 13:01:08 UTC"
"3101","1","047","Personer1","2014",0,,"Halden","Menn","47 år","Personer","2014","07459","2026-09-10 13:01:08 UTC"
"3101","1","047","Personer1","2015",0,,"Halden","Menn","47 år","Personer","2015","07459","2026-09-10 13:01:08 UTC"
"3101","1","047","Personer1","2016",0,,"Halden","Menn","47 år","Personer","2016","07459","2026-09-10 13:01:08 UTC"
"3101","1","047","Personer1","2017",0,,"Halden","Menn","47 år","Personer","2017","07459","2026-09-10 13:01:08 UTC"
"3101","1","047","Personer1","2018",0,,"Halden","Menn","47 år","Personer","2018","07459","2026-09-10 13:01:08 UTC"
"3101","1","047","Personer1","2019",0,,"Halden","Menn","47 år","Personer","2019","07459","2026-09-10 13:01:08 UTC"
"3101","1","047","Personer1","2020",0,,"Halden","Menn","47 år","Personer","2020","07459","2026-09-10 13:01:08 UTC"
"3101","1","047","Personer1","2021",0,,"Halden","Menn","47 år","Personer","2021","07459","2026-09-10 13:01:08 UTC"
"3101","1","047","Personer1","2022",0,,"Halden","Menn","47 år","Personer","2022","07459","2026-09-10 13:01:08 UTC"
"3101","1","047","Personer1","2023",0,,"Halden","Menn","47 år","Personer","2023","07459","2026-09-10 13:01:08 UTC"
"3101","1","047","Personer1","2024",225,,"Halden","Menn","47 år","Personer","2024","07459","2026-09-10 13:01:08 UTC"
"3101","1","047","Personer1","2025",211,,"Halden","Menn","47 år","Personer","2025","07459","2026-09-10 13:01:08 UTC"
"3101","1","047","Personer1","2026",224,,"Halden","Menn","47 år","Personer","2026","07459","2026-09-10 13:01:08 UTC"
"3101","1","048","Personer1","2005",0,,"Halden","Menn","48 år","Personer","2005","07459","2026-09-10 13:01:08 UTC"
"3101","1","048","Personer1","2006",0,,"Halden","Menn","48 år","Personer","2006","07459","2026-09-10 13:01:08 UTC"
"3101","1","048","Personer1","2007",0,,"Halden","Menn","48 år","Personer","2007","07459","2026-09-10 13:01:08 UTC"
"3101","1","048","Personer1","2008",0,,"Halden","Menn","48 år","Personer","2008","07459","2026-09-10 13:01:08 UTC"
"3101","1","048","Personer1","2009",0,,"Halden","Menn","48 år","Personer","2009","07459","2026-09-10 13:01:08 UTC"
"3101","1","048","Personer1","2010",0,,"Halden","Menn","48 år","Personer","2010","07459","2026-09-10 13:01:08 UTC"
"3101","1","048","Personer1","2011",0,,"Halden","Menn","48 år","Personer","2011","07459","2026-09-10 13:01:08 UTC"
"3101","1","048","Personer1","2012",0,,"Halden","Menn","48 år","Personer","2012","07459","2026-09-10 13:01:08 UTC"
"3101","1","048","Personer1","2013",0,,"Halden","Menn","48 år","Personer","2013","07459","2026-09-10 13:01:08 UTC"
"3101","1","048","Personer1","2014",0,,"Halden","Menn","48 år","Personer","2014","07459","2026-09-10 13:01:08 UTC"
"3101","1","048","Personer1","2015",0,,"Halden","Menn","48 år","Personer","2015","07459","2026-09-10 13:01:08 UTC"
"3101","1","048","Personer1","2016",0,,"Halden","Menn","48 år","Personer","2016","07459","2026-09-10 13:01:08 UTC"
"3101","1","048","Personer1","2017",0,,"Halden","Menn","48 år","Personer","2017","07459","2026-09-10 13:01:08 UTC"
"3101","1","048","Personer1","2018",0,,"Halden","Menn","48 år","Personer","2018","07459","2026-09-10 13:01:08 UTC"
"3101","1","048","Personer1","2019",0,,"Halden","Menn","48 år","Personer","2019","07459","2026-09-10 13:01:08 UTC"
"3101","1","048","Personer1","2020",0,,"Halden","Menn","48 år","Personer","2020","07459","2026-09-10 13:01:08 UTC"
"3101","1","048","Personer1","2021",0,,"Halden","Menn","48 år","Personer","2021","07459","2026-09-10 13:01:08 UTC"
"3101","1","048","Personer1","2022",0,,"Halden","Menn","48 år","Personer","2022","07459","2026-09-10 13:01:08 UTC"
"3101","1","048","Personer1","2023",0,,"Halden","Menn","48 år","Personer","2023","07459","2026-09-10 13:01:08 UTC"
"3101","1","048","Personer1","2024",186,,"Halden","Menn","48 år","Personer","2024","07459","2026-09-10 13:01:08 UTC"
"3101","1","048","Personer1","2025",226,,"Halden","Menn","48 år","Personer","2025","07459","2026-09-10 13:01:08 UTC"
"3101","1","048","Personer1","2026",215,,"Halden","Menn","48 år","Personer","2026","07459","2026-09-10 13:01:08 UTC"
"3101","1","049","Personer1","2005",0,,"Halden","Menn","49 år","Personer","2005","07459","2026-09-10 13:01:08 UTC"
"3101","1","049","Personer1","2006",0,,"Halden","Menn","49 år","Personer","2006","07459","2026-09-10 13:01:08 UTC"
"3101","1","049","Personer1","2007",0,,"Halden","Menn","49 år","Personer","2007","07459","2026-09-10 13:01:08 UTC"
"3101","1","049","Personer1","2008",0,,"Halden","Menn","49 år","Personer","2008","07459","2026-09-10 13:01:08 UTC"
"3101","1","049","Personer1","2009",0,,"Halden","Menn","49 år","Personer","2009","07459","2026-09-10 13:01:08 UTC"
"3101","1","049","Personer1","2010",0,,"Halden","Menn","49 år","Personer","2010","07459","2026-09-10 13:01:08 UTC"
"3101","1","049","Personer1","2011",0,,"Halden","Menn","49 år","Personer","2011","07459","2026-09-10 13:01:08 UTC"
"3101","1","049","Personer1","2012",0,,"Halden","Menn","49 år","Personer","2012","07459","2026-09-10 13:01:08 UTC"
"3101","1","049","Personer1","2013",0,,"Halden","Menn","49 år","Personer","2013","07459","2026-09-10 13:01:08 UTC"
"3101","1","049","Personer1","2014",0,,"Halden","Menn","49 år","Personer","2014","07459","2026-09-10 13:01:08 UTC"
"3101","1","049","Personer1","2015",0,,"Halden","Menn","49 år","Personer","2015","07459","2026-09-10 13:01:08 UTC"
"3101","1","049","Personer1","2016",0,,"Halden","Menn","49 år","Personer","2016","07459","2026-09-10 13:01:08 UTC"
"3101","1","049","Personer1","2017",0,,"Halden","Menn","49 år","Personer","2017","07459","2026-09-10 13:01:08 UTC"
"3101","1","049","Personer1","2018",0,,"Halden","Menn","49 år","Personer","2018","07459","2026-09-10 13:01:08 UTC"
"3101","1","049","Personer1","2019",0,,"Halden","Menn","49 år","Personer","2019","07459","2026-09-10 13:01:08 UTC"
"3101","1","049","Personer1","2020",0,,"Halden","Menn","49 år","Personer","2020","07459","2026-09-10 13:01:08 UTC"
"3101","1","049","Personer1","2021",0,,"Halden","Menn","49 år","Personer","2021","07459","2026-09-10 13:01:08 UTC"
"3101","1","049","Personer1","2022",0,,"Halden","Menn","49 år","Personer","2022","07459","2026-09-10 13:01:08 UTC"
"3101","1","049","Personer1","2023",0,,"Halden","Menn","49 år","Personer","2023","07459","2026-09-10 13:01:08 UTC"
"3101","1","049","Personer1","2024",198,,"Halden","Menn","49 år","Personer","2024","07459","2026-09-10 13:01:08 UTC"
"3101","1","049","Personer1","2025",188,,"Halden","Menn","49 år","Personer","2025","07459","2026-09-10 13:01:08 UTC"
"3101","1","049","Personer1","2026",226,,"Halden","Menn","49 år","Personer","2026","07459","2026-09-10 13:01:08 UTC"
"3101","1","050","Personer1","2005",0,,"Halden","Menn","50 år","Personer","2005","07459","2026-09-10 13:01:08 UTC"
"3101","1","050","Personer1","2006",0,,"Halden","Menn","50 år","Personer","2006","07459","2026-09-10 13:01:08 UTC"
"3101","1","050","Personer1","2007",0,,"Halden","Menn","50 år","Personer","2007","07459","2026-09-10 13:01:08 UTC"
"3101","1","050","Personer1","2008",0,,"Halden","Menn","50 år","Personer","2008","07459","2026-09-10 13:01:08 UTC"
"3101","1","050","Personer1","2009",0,,"Halden","Menn","50 år","Personer","2009","07459","2026-09-10 13:01:08 UTC"
"3101","1","050","Personer1","2010",0,,"Halden","Menn","50 år","Personer","2010","07459","2026-09-10 13:01:08 UTC"
"3101","1","050","Personer1","2011",0,,"Halden","Menn","50 år","Personer","2011","07459","2026-09-10 13:01:08 UTC"
"3101","1","050","Personer1","2012",0,,"Halden","Menn","50 år","Personer","2012","07459","2026-09-10 13:01:08 UTC"
"3101","1","050","Personer1","2013",0,,"Halden","Menn","50 år","Personer","2013","07459","2026-09-10 13:01:08 UTC"
"3101","1","050","Personer1","2014",0,,"Halden","Menn","50 år","Personer","2014","07459","2026-09-10 13:01:08 UTC"
"3101","1","050","Personer1","2015",0,,"Halden","Menn","50 år","Personer","2015","07459","2026-09-10 13:01:08 UTC"
"3101","1","050","Personer1","2016",0,,"Halden","Menn","50 år","Personer","2016","07459","2026-09-10 13:01:08 UTC"
"3101","1","050","Personer1","2017",0,,"Halden","Menn","50 år","Personer","2017","07459","2026-09-10 13:01:08 UTC"
"3101","1","050","Personer1","2018",0,,"Halden","Menn","50 år","Personer","2018","07459","2026-09-10 13:01:08 UTC"
"3101","1","050","Personer1","2019",0,,"Halden","Menn","50 år","Personer","2019","07459","2026-09-10 13:01:08 UTC"
"3101","1","050","Personer1","2020",0,,"Halden","Menn","50 år","Personer","2020","07459","2026-09-10 13:01:08 UTC"
"3101","1","050","Personer1","2021",0,,"Halden","Menn","50 år","Personer","2021","07459","2026-09-10 13:01:08 UTC"
"3101","1","050","Personer1","2022",0,,"Halden","Menn","50 år","Personer","2022","07459","2026-09-10 13:01:08 UTC"
"3101","1","050","Personer1","2023",0,,"Halden","Menn","50 år","Personer","2023","07459","2026-09-10 13:01:08 UTC"
"3101","1","050","Personer1","2024",222,,"Halden","Menn","50 år","Personer","2024","07459","2026-09-10 13:01:08 UTC"
"3101","1","050","Personer1","2025",199,,"Halden","Menn","50 år","Personer","2025","07459","2026-09-10 13:01:08 UTC"
"3101","1","050","Personer1","2026",190,,"Halden","Menn","50 år","Personer","2026","07459","2026-09-10 13:01:08 UTC"
"3101","1","051","Personer1","2005",0,,"Halden","Menn","51 år","Personer","2005","07459","2026-09-10 13:01:08 UTC"
"3101","1","051","Personer1","2006",0,,"Halden","Menn","51 år","Personer","2006","07459","2026-09-10 13:01:08 UTC"
"3101","1","051","Personer1","2007",0,,"Halden","Menn","51 år","Personer","2007","07459","2026-09-10 13:01:08 UTC"
"3101","1","051","Personer1","2008",0,,"Halden","Menn","51 år","Personer","2008","07459","2026-09-10 13:01:08 UTC"
"3101","1","051","Personer1","2009",0,,"Halden","Menn","51 år","Personer","2009","07459","2026-09-10 13:01:08 UTC"
"3101","1","051","Personer1","2010",0,,"Halden","Menn","51 år","Personer","2010","07459","2026-09-10 13:01:08 UTC"
"3101","1","051","Personer1","2011",0,,"Halden","Menn","51 år","Personer","2011","07459","2026-09-10 13:01:08 UTC"
"3101","1","051","Personer1","2012",0,,"Halden","Menn","51 år","Personer","2012","07459","2026-09-10 13:01:08 UTC"
"3101","1","051","Personer1","2013",0,,"Halden","Menn","51 år","Personer","2013","07459","2026-09-10 13:01:08 UTC"
"3101","1","051","Personer1","2014",0,,"Halden","Menn","51 år","Personer","2014","07459","2026-09-10 13:01:08 UTC"
"3101","1","051","Personer1","2015",0,,"Halden","Menn","51 år","Personer","2015","07459","2026-09-10 13:01:08 UTC"
"3101","1","051","Personer1","2016",0,,"Halden","Menn","51 år","Personer","2016","07459","2026-09-10 13:01:08 UTC"
"3101","1","051","Personer1","2017",0,,"Halden","Menn","51 år","Personer","2017","07459","2026-09-10 13:01:08 UTC"
"3101","1","051","Personer1","2018",0,,"Halden","Menn","51 år","Personer","2018","07459","2026-09-10 13:01:08 UTC"
"3101","1","051","Personer1","2019",0,,"Halden","Menn","51 år","Personer","2019","07459","2026-09-10 13:01:08 UTC"
"3101","1","051","Personer1","2020",0,,"Halden","Menn","51 år","Personer","2020","07459","2026-09-10 13:01:08 UTC"
"3101","1","051","Personer1","2021",0,,"Halden","Menn","51 år","Personer","2021","07459","2026-09-10 13:01:08 UTC"
"3101","1","051","Personer1","2022",0,,"Halden","Menn","51 år","Personer","2022","07459","2026-09-10 13:01:08 UTC"
"3101","1","051","Personer1","2023",0,,"Halden","Menn","51 år","Personer","2023","07459","2026-09-10 13:01:08 UTC"
"3101","1","051","Personer1","2024",218,,"Halden","Menn","51 år","Personer","2024","07459","2026-09-10 13:01:08 UTC"
"3101","1","051","Personer1","2025",217,,"Halden","Menn","51 år","Personer","2025","07459","2026-09-10 13:01:08 UTC"
"3101","1","051","Personer1","2026",197,,"Halden","Menn","51 år","Personer","2026","07459","2026-09-10 13:01:08 UTC"
"3101","1","052","Personer1","2005",0,,"Halden","Menn","52 år","Personer","2005","07459","2026-09-10 13:01:08 UTC"
"3101","1","052","Personer1","2006",0,,"Halden","Menn","52 år","Personer","2006","07459","2026-09-10 13:01:08 UTC"
"3101","1","052","Personer1","2007",0,,"Halden","Menn","52 år","Personer","2007","07459","2026-09-10 13:01:08 UTC"
"3101","1","052","Personer1","2008",0,,"Halden","Menn","52 år","Personer","2008","07459","2026-09-10 13:01:08 UTC"
"3101","1","052","Personer1","2009",0,,"Halden","Menn","52 år","Personer","2009","07459","2026-09-10 13:01:08 UTC"
"3101","1","052","Personer1","2010",0,,"Halden","Menn","52 år","Personer","2010","07459","2026-09-10 13:01:08 UTC"
"3101","1","052","Personer1","2011",0,,"Halden","Menn","52 år","Personer","2011","07459","2026-09-10 13:01:08 UTC"
"3101","1","052","Personer1","2012",0,,"Halden","Menn","52 år","Personer","2012","07459","2026-09-10 13:01:08 UTC"
"3101","1","052","Personer1","2013",0,,"Halden","Menn","52 år","Personer","2013","07459","2026-09-10 13:01:08 UTC"
"3101","1","052","Personer1","2014",0,,"Halden","Menn","52 år","Personer","2014","07459","2026-09-10 13:01:08 UTC"
"3101","1","052","Personer1","2015",0,,"Halden","Menn","52 år","Personer","2015","07459","2026-09-10 13:01:08 UTC"
"3101","1","052","Personer1","2016",0,,"Halden","Menn","52 år","Personer","2016","07459","2026-09-10 13:01:08 UTC"
"3101","1","052","Personer1","2017",0,,"Halden","Menn","52 år","Personer","2017","07459","2026-09-10 13:01:08 UTC"
"3101","1","052","Personer1","2018",0,,"Halden","Menn","52 år","Personer","2018","07459","2026-09-10 13:01:08 UTC"
"3101","1","052","Personer1","2019",0,,"Halden","Menn","52 år","Personer","2019","07459","2026-09-10 13:01:08 UTC"
"3101","1","052","Personer1","2020",0,,"Halden","Menn","52 år","Personer","2020","07459","2026-09-10 13:01:08 UTC"
"3101","1","052","Personer1","2021",0,,"Halden","Menn","52 år","Personer","2021","07459","2026-09-10 13:01:08 UTC"
"3101","1","052","Personer1","2022",0,,"Halden","Menn","52 år","Personer","2022","07459","2026-09-10 13:01:08 UTC"
"3101","1","052","Personer1","2023",0,,"Halden","Menn","52 år","Personer","2023","07459","2026-09-10 13:01:08 UTC"
"3101","1","052","Personer1","2024",239,,"Halden","Menn","52 år","Personer","2024","07459","2026-09-10 13:01:08 UTC"
"3101","1","052","Personer1","2025",214,,"Halden","Menn","52 år","Personer","2025","07459","2026-09-10 13:01:08 UTC"
"3101","1","052","Personer1","2026",217,,"Halden","Menn","52 år","Personer","2026","07459","2026-09-10 13:01:08 UTC"
"3101","1","053","Personer1","2005",0,,"Halden","Menn","53 år","Personer","2005","07459","2026-09-10 13:01:08 UTC"
"3101","1","053","Personer1","2006",0,,"Halden","Menn","53 år","Personer","2006","07459","2026-09-10 13:01:08 UTC"
"3101","1","053","Personer1","2007",0,,"Halden","Menn","53 år","Personer","2007","07459","2026-09-10 13:01:08 UTC"
"3101","1","053","Personer1","2008",0,,"Halden","Menn","53 år","Personer","2008","07459","2026-09-10 13:01:08 UTC"
"3101","1","053","Personer1","2009",0,,"Halden","Menn","53 år","Personer","2009","07459","2026-09-10 13:01:08 UTC"
"3101","1","053","Personer1","2010",0,,"Halden","Menn","53 år","Personer","2010","07459","2026-09-10 13:01:08 UTC"
"3101","1","053","Personer1","2011",0,,"Halden","Menn","53 år","Personer","2011","07459","2026-09-10 13:01:08 UTC"
"3101","1","053","Personer1","2012",0,,"Halden","Menn","53 år","Personer","2012","07459","2026-09-10 13:01:08 UTC"
"3101","1","053","Personer1","2013",0,,"Halden","Menn","53 år","Personer","2013","07459","2026-09-10 13:01:08 UTC"
"3101","1","053","Personer1","2014",0,,"Halden","Menn","53 år","Personer","2014","07459","2026-09-10 13:01:08 UTC"
"3101","1","053","Personer1","2015",0,,"Halden","Menn","53 år","Personer","2015","07459","2026-09-10 13:01:08 UTC"
"3101","1","053","Personer1","2016",0,,"Halden","Menn","53 år","Personer","2016","07459","2026-09-10 13:01:08 UTC"
"3101","1","053","Personer1","2017",0,,"Halden","Menn","53 år","Personer","2017","07459","2026-09-10 13:01:08 UTC"
"3101","1","053","Personer1","2018",0,,"Halden","Menn","53 år","Personer","2018","07459","2026-09-10 13:01:08 UTC"
"3101","1","053","Personer1","2019",0,,"Halden","Menn","53 år","Personer","2019","07459","2026-09-10 13:01:08 UTC"
"3101","1","053","Personer1","2020",0,,"Halden","Menn","53 år","Personer","2020","07459","2026-09-10 13:01:08 UTC"
"3101","1","053","Personer1","2021",0,,"Halden","Menn","53 år","Personer","2021","07459","2026-09-10 13:01:08 UTC"
"3101","1","053","Personer1","2022",0,,"Halden","Menn","53 år","Personer","2022","07459","2026-09-10 13:01:08 UTC"
"3101","1","053","Personer1","2023",0,,"Halden","Menn","53 år","Personer","2023","07459","2026-09-10 13:01:08 UTC"
"3101","1","053","Personer1","2024",222,,"Halden","Menn","53 år","Personer","2024","07459","2026-09-10 13:01:08 UTC"
"3101","1","053","Personer1","2025",238,,"Halden","Menn","53 år","Personer","2025","07459","2026-09-10 13:01:08 UTC"
"3101","1","053","Personer1","2026",215,,"Halden","Menn","53 år","Personer","2026","07459","2026-09-10 13:01:08 UTC"
"3101","1","054","Personer1","2005",0,,"Halden","Menn","54 år","Personer","2005","07459","2026-09-10 13:01:08 UTC"
"3101","1","054","Personer1","2006",0,,"Halden","Menn","54 år","Personer","2006","07459","2026-09-10 13:01:08 UTC"
"3101","1","054","Personer1","2007",0,,"Halden","Menn","54 år","Personer","2007","07459","2026-09-10 13:01:08 UTC"
"3101","1","054","Personer1","2008",0,,"Halden","Menn","54 år","Personer","2008","07459","2026-09-10 13:01:08 UTC"
"3101","1","054","Personer1","2009",0,,"Halden","Menn","54 år","Personer","2009","07459","2026-09-10 13:01:08 UTC"
"3101","1","054","Personer1","2010",0,,"Halden","Menn","54 år","Personer","2010","07459","2026-09-10 13:01:08 UTC"
"3101","1","054","Personer1","2011",0,,"Halden","Menn","54 år","Personer","2011","07459","2026-09-10 13:01:08 UTC"
"3101","1","054","Personer1","2012",0,,"Halden","Menn","54 år","Personer","2012","07459","2026-09-10 13:01:08 UTC"
"3101","1","054","Personer1","2013",0,,"Halden","Menn","54 år","Personer","2013","07459","2026-09-10 13:01:08 UTC"
"3101","1","054","Personer1","2014",0,,"Halden","Menn","54 år","Personer","2014","07459","2026-09-10 13:01:08 UTC"
"3101","1","054","Personer1","2015",0,,"Halden","Menn","54 år","Personer","2015","07459","2026-09-10 13:01:08 UTC"
"3101","1","054","Personer1","2016",0,,"Halden","Menn","54 år","Personer","2016","07459","2026-09-10 13:01:08 UTC"
"3101","1","054","Personer1","2017",0,,"Halden","Menn","54 år","Personer","2017","07459","2026-09-10 13:01:08 UTC"
"3101","1","054","Personer1","2018",0,,"Halden","Menn","54 år","Personer","2018","07459","2026-09-10 13:01:08 UTC"
"3101","1","054","Personer1","2019",0,,"Halden","Menn","54 år","Personer","2019","07459","2026-09-10 13:01:08 UTC"
"3101","1","054","Personer1","2020",0,,"Halden","Menn","54 år","Personer","2020","07459","2026-09-10 13:01:08 UTC"
"3101","1","054","Personer1","2021",0,,"Halden","Menn","54 år","Personer","2021","07459","2026-09-10 13:01:08 UTC"
"3101","1","054","Personer1","2022",0,,"Halden","Menn","54 år","Personer","2022","07459","2026-09-10 13:01:08 UTC"
"3101","1","054","Personer1","2023",0,,"Halden","Menn","54 år","Personer","2023","07459","2026-09-10 13:01:08 UTC"
"3101","1","054","Personer1","2024",213,,"Halden","Menn","54 år","Personer","2024","07459","2026-09-10 13:01:08 UTC"
"3101","1","054","Personer1","2025",225,,"Halden","Menn","54 år","Personer","2025","07459","2026-09-10 13:01:08 UTC"
"3101","1","054","Personer1","2026",238,,"Halden","Menn","54 år","Personer","2026","07459","2026-09-10 13:01:08 UTC"
"3101","1","055","Personer1","2005",0,,"Halden","Menn","55 år","Personer","2005","07459","2026-09-10 13:01:08 UTC"
"3101","1","055","Personer1","2006",0,,"Halden","Menn","55 år","Personer","2006","07459","2026-09-10 13:01:08 UTC"
"3101","1","055","Personer1","2007",0,,"Halden","Menn","55 år","Personer","2007","07459","2026-09-10 13:01:08 UTC"
"3101","1","055","Personer1","2008",0,,"Halden","Menn","55 år","Personer","2008","07459","2026-09-10 13:01:08 UTC"
"3101","1","055","Personer1","2009",0,,"Halden","Menn","55 år","Personer","2009","07459","2026-09-10 13:01:08 UTC"
"3101","1","055","Personer1","2010",0,,"Halden","Menn","55 år","Personer","2010","07459","2026-09-10 13:01:08 UTC"
"3101","1","055","Personer1","2011",0,,"Halden","Menn","55 år","Personer","2011","07459","2026-09-10 13:01:08 UTC"
"3101","1","055","Personer1","2012",0,,"Halden","Menn","55 år","Personer","2012","07459","2026-09-10 13:01:08 UTC"
"3101","1","055","Personer1","2013",0,,"Halden","Menn","55 år","Personer","2013","07459","2026-09-10 13:01:08 UTC"
"3101","1","055","Personer1","2014",0,,"Halden","Menn","55 år","Personer","2014","07459","2026-09-10 13:01:08 UTC"
"3101","1","055","Personer1","2015",0,,"Halden","Menn","55 år","Personer","2015","07459","2026-09-10 13:01:08 UTC"
"3101","1","055","Personer1","2016",0,,"Halden","Menn","55 år","Personer","2016","07459","2026-09-10 13:01:08 UTC"
"3101","1","055","Personer1","2017",0,,"Halden","Menn","55 år","Personer","2017","07459","2026-09-10 13:01:08 UTC"
"3101","1","055","Personer1","2018",0,,"Halden","Menn","55 år","Personer","2018","07459","2026-09-10 13:01:08 UTC"
"3101","1","055","Personer1","2019",0,,"Halden","Menn","55 år","Personer","2019","07459","2026-09-10 13:01:08 UTC"
"3101","1","055","Personer1","2020",0,,"Halden","Menn","55 år","Personer","2020","07459","2026-09-10 13:01:08 UTC"
"3101","1","055","Personer1","2021",0,,"Halden","Menn","55 år","Personer","2021","07459","2026-09-10 13:01:08 UTC"
"3101","1","055","Personer1","2022",0,,"Halden","Menn","55 år","Personer","2022","07459","2026-09-10 13:01:08 UTC"
"3101","1","055","Personer1","2023",0,,"Halden","Menn","55 år","Personer","2023","07459","2026-09-10 13:01:08 UTC"
"3101","1","055","Personer1","2024",247,,"Halden","Menn","55 år","Personer","2024","07459","2026-09-10 13:01:08 UTC"
"3101","1","055","Personer1","2025",208,,"Halden","Menn","55 år","Personer","2025","07459","2026-09-10 13:01:08 UTC"
"3101","1","055","Personer1","2026",229,,"Halden","Menn","55 år","Personer","2026","07459","2026-09-10 13:01:08 UTC"
"3101","1","056","Personer1","2005",0,,"Halden","Menn","56 år","Personer","2005","07459","2026-09-10 13:01:08 UTC"
"3101","1","056","Personer1","2006",0,,"Halden","Menn","56 år","Personer","2006","07459","2026-09-10 13:01:08 UTC"
"3101","1","056","Personer1","2007",0,,"Halden","Menn","56 år","Personer","2007","07459","2026-09-10 13:01:08 UTC"
"3101","1","056","Personer1","2008",0,,"Halden","Menn","56 år","Personer","2008","07459","2026-09-10 13:01:08 UTC"
"3101","1","056","Personer1","2009",0,,"Halden","Menn","56 år","Personer","2009","07459","2026-09-10 13:01:08 UTC"
"3101","1","056","Personer1","2010",0,,"Halden","Menn","56 år","Personer","2010","07459","2026-09-10 13:01:08 UTC"
"3101","1","056","Personer1","2011",0,,"Halden","Menn","56 år","Personer","2011","07459","2026-09-10 13:01:08 UTC"
"3101","1","056","Personer1","2012",0,,"Halden","Menn","56 år","Personer","2012","07459","2026-09-10 13:01:08 UTC"
"3101","1","056","Personer1","2013",0,,"Halden","Menn","56 år","Personer","2013","07459","2026-09-10 13:01:08 UTC"
"3101","1","056","Personer1","2014",0,,"Halden","Menn","56 år","Personer","2014","07459","2026-09-10 13:01:08 UTC"
"3101","1","056","Personer1","2015",0,,"Halden","Menn","56 år","Personer","2015","07459","2026-09-10 13:01:08 UTC"
"3101","1","056","Personer1","2016",0,,"Halden","Menn","56 år","Personer","2016","07459","2026-09-10 13:01:08 UTC"
"3101","1","056","Personer1","2017",0,,"Halden","Menn","56 år","Personer","2017","07459","2026-09-10 13:01:08 UTC"
"3101","1","056","Personer1","2018",0,,"Halden","Menn","56 år","Personer","2018","07459","2026-09-10 13:01:08 UTC"
"3101","1","056","Personer1","2019",0,,"Halden","Menn","56 år","Personer","2019","07459","2026-09-10 13:01:08 UTC"
"3101","1","056","Personer1","2020",0,,"Halden","Menn","56 år","Personer","2020","07459","2026-09-10 13:01:08 UTC"
"3101","1","056","Personer1","2021",0,,"Halden","Menn","56 år","Personer","2021","07459","2026-09-10 13:01:08 UTC"
"3101","1","056","Personer1","2022",0,,"Halden","Menn","56 år","Personer","2022","07459","2026-09-10 13:01:08 UTC"
"3101","1","056","Personer1","2023",0,,"Halden","Menn","56 år","Personer","2023","07459","2026-09-10 13:01:08 UTC"
"3101","1","056","Personer1","2024",239,,"Halden","Menn","56 år","Personer","2024","07459","2026-09-10 13:01:08 UTC"
"3101","1","056","Personer1","2025",245,,"Halden","Menn","56 år","Personer","2025","07459","2026-09-10 13:01:08 UTC"
"3101","1","056","Personer1","2026",205,,"Halden","Menn","56 år","Personer","2026","07459","2026-09-10 13:01:08 UTC"
"3101","1","057","Personer1","2005",0,,"Halden","Menn","57 år","Personer","2005","07459","2026-09-10 13:01:08 UTC"
"3101","1","057","Personer1","2006",0,,"Halden","Menn","57 år","Personer","2006","07459","2026-09-10 13:01:08 UTC"
"3101","1","057","Personer1","2007",0,,"Halden","Menn","57 år","Personer","2007","07459","2026-09-10 13:01:08 UTC"
"3101","1","057","Personer1","2008",0,,"Halden","Menn","57 år","Personer","2008","07459","2026-09-10 13:01:08 UTC"
"3101","1","057","Personer1","2009",0,,"Halden","Menn","57 år","Personer","2009","07459","2026-09-10 13:01:08 UTC"
"3101","1","057","Personer1","2010",0,,"Halden","Menn","57 år","Personer","2010","07459","2026-09-10 13:01:08 UTC"
"3101","1","057","Personer1","2011",0,,"Halden","Menn","57 år","Personer","2011","07459","2026-09-10 13:01:08 UTC"
"3101","1","057","Personer1","2012",0,,"Halden","Menn","57 år","Personer","2012","07459","2026-09-10 13:01:08 UTC"
"3101","1","057","Personer1","2013",0,,"Halden","Menn","57 år","Personer","2013","07459","2026-09-10 13:01:08 UTC"
"3101","1","057","Personer1","2014",0,,"Halden","Menn","57 år","Personer","2014","07459","2026-09-10 13:01:08 UTC"
"3101","1","057","Personer1","2015",0,,"Halden","Menn","57 år","Personer","2015","07459","2026-09-10 13:01:08 UTC"
"3101","1","057","Personer1","2016",0,,"Halden","Menn","57 år","Personer","2016","07459","2026-09-10 13:01:08 UTC"
"3101","1","057","Personer1","2017",0,,"Halden","Menn","57 år","Personer","2017","07459","2026-09-10 13:01:08 UTC"
"3101","1","057","Personer1","2018",0,,"Halden","Menn","57 år","Personer","2018","07459","2026-09-10 13:01:08 UTC"
"3101","1","057","Personer1","2019",0,,"Halden","Menn","57 år","Personer","2019","07459","2026-09-10 13:01:08 UTC"
"3101","1","057","Personer1","2020",0,,"Halden","Menn","57 år","Personer","2020","07459","2026-09-10 13:01:08 UTC"
"3101","1","057","Personer1","2021",0,,"Halden","Menn","57 år","Personer","2021","07459","2026-09-10 13:01:08 UTC"
"3101","1","057","Personer1","2022",0,,"Halden","Menn","57 år","Personer","2022","07459","2026-09-10 13:01:08 UTC"
"3101","1","057","Personer1","2023",0,,"Halden","Menn","57 år","Personer","2023","07459","2026-09-10 13:01:08 UTC"
"3101","1","057","Personer1","2024",241,,"Halden","Menn","57 år","Personer","2024","07459","2026-09-10 13:01:08 UTC"
"3101","1","057","Personer1","2025",242,,"Halden","Menn","57 år","Personer","2025","07459","2026-09-10 13:01:08 UTC"
"3101","1","057","Personer1","2026",241,,"Halden","Menn","57 år","Personer","2026","07459","2026-09-10 13:01:08 UTC"
"3101","1","058","Personer1","2005",0,,"Halden","Menn","58 år","Personer","2005","07459","2026-09-10 13:01:08 UTC"
"3101","1","058","Personer1","2006",0,,"Halden","Menn","58 år","Personer","2006","07459","2026-09-10 13:01:08 UTC"
"3101","1","058","Personer1","2007",0,,"Halden","Menn","58 år","Personer","2007","07459","2026-09-10 13:01:08 UTC"
"3101","1","058","Personer1","2008",0,,"Halden","Menn","58 år","Personer","2008","07459","2026-09-10 13:01:08 UTC"
"3101","1","058","Personer1","2009",0,,"Halden","Menn","58 år","Personer","2009","07459","2026-09-10 13:01:08 UTC"
"3101","1","058","Personer1","2010",0,,"Halden","Menn","58 år","Personer","2010","07459","2026-09-10 13:01:08 UTC"
"3101","1","058","Personer1","2011",0,,"Halden","Menn","58 år","Personer","2011","07459","2026-09-10 13:01:08 UTC"
"3101","1","058","Personer1","2012",0,,"Halden","Menn","58 år","Personer","2012","07459","2026-09-10 13:01:08 UTC"
"3101","1","058","Personer1","2013",0,,"Halden","Menn","58 år","Personer","2013","07459","2026-09-10 13:01:08 UTC"
"3101","1","058","Personer1","2014",0,,"Halden","Menn","58 år","Personer","2014","07459","2026-09-10 13:01:08 UTC"
"3101","1","058","Personer1","2015",0,,"Halden","Menn","58 år","Personer","2015","07459","2026-09-10 13:01:08 UTC"
"3101","1","058","Personer1","2016",0,,"Halden","Menn","58 år","Personer","2016","07459","2026-09-10 13:01:08 UTC"
"3101","1","058","Personer1","2017",0,,"Halden","Menn","58 år","Personer","2017","07459","2026-09-10 13:01:08 UTC"
"3101","1","058","Personer1","2018",0,,"Halden","Menn","58 år","Personer","2018","07459","2026-09-10 13:01:08 UTC"
"3101","1","058","Personer1","2019",0,,"Halden","Menn","58 år","Personer","2019","07459","2026-09-10 13:01:08 UTC"
"3101","1","058","Personer1","2020",0,,"Halden","Menn","58 år","Personer","2020","07459","2026-09-10 13:01:08 UTC"
"3101","1","058","Personer1","2021",0,,"Halden","Menn","58 år","Personer","2021","07459","2026-09-10 13:01:08 UTC"
"3101","1","058","Personer1","2022",0,,"Halden","Menn","58 år","Personer","2022","07459","2026-09-10 13:01:08 UTC"
"3101","1","058","Personer1","2023",0,,"Halden","Menn","58 år","Personer","2023","07459","2026-09-10 13:01:08 UTC"
"3101","1","058","Personer1","2024",251,,"Halden","Menn","58 år","Personer","2024","07459","2026-09-10 13:01:08 UTC"
"3101","1","058","Personer1","2025",242,,"Halden","Menn","58 år","Personer","2025","07459","2026-09-10 13:01:08 UTC"
"3101","1","058","Personer1","2026",249,,"Halden","Menn","58 år","Personer","2026","07459","2026-09-10 13:01:08 UTC"
"3101","1","059","Personer1","2005",0,,"Halden","Menn","59 år","Personer","2005","07459","2026-09-10 13:01:08 UTC"
"3101","1","059","Personer1","2006",0,,"Halden","Menn","59 år","Personer","2006","07459","2026-09-10 13:01:08 UTC"
"3101","1","059","Personer1","2007",0,,"Halden","Menn","59 år","Personer","2007","07459","2026-09-10 13:01:08 UTC"
"3101","1","059","Personer1","2008",0,,"Halden","Menn","59 år","Personer","2008","07459","2026-09-10 13:01:08 UTC"
"3101","1","059","Personer1","2009",0,,"Halden","Menn","59 år","Personer","2009","07459","2026-09-10 13:01:08 UTC"
"3101","1","059","Personer1","2010",0,,"Halden","Menn","59 år","Personer","2010","07459","2026-09-10 13:01:08 UTC"
"3101","1","059","Personer1","2011",0,,"Halden","Menn","59 år","Personer","2011","07459","2026-09-10 13:01:08 UTC"
"3101","1","059","Personer1","2012",0,,"Halden","Menn","59 år","Personer","2012","07459","2026-09-10 13:01:08 UTC"
"3101","1","059","Personer1","2013",0,,"Halden","Menn","59 år","Personer","2013","07459","2026-09-10 13:01:08 UTC"
"3101","1","059","Personer1","2014",0,,"Halden","Menn","59 år","Personer","2014","07459","2026-09-10 13:01:08 UTC"
"3101","1","059","Personer1","2015",0,,"Halden","Menn","59 år","Personer","2015","07459","2026-09-10 13:01:08 UTC"
"3101","1","059","Personer1","2016",0,,"Halden","Menn","59 år","Personer","2016","07459","2026-09-10 13:01:08 UTC"
"3101","1","059","Personer1","2017",0,,"Halden","Menn","59 år","Personer","2017","07459","2026-09-10 13:01:08 UTC"
"3101","1","059","Personer1","2018",0,,"Halden","Menn","59 år","Personer","2018","07459","2026-09-10 13:01:08 UTC"
"3101","1","059","Personer1","2019",0,,"Halden","Menn","59 år","Personer","2019","07459","2026-09-10 13:01:08 UTC"
"3101","1","059","Personer1","2020",0,,"Halden","Menn","59 år","Personer","2020","07459","2026-09-10 13:01:08 UTC"
"3101","1","059","Personer1","2021",0,,"Halden","Menn","59 år","Personer","2021","07459","2026-09-10 13:01:08 UTC"
"3101","1","059","Personer1","2022",0,,"Halden","Menn","59 år","Personer","2022","07459","2026-09-10 13:01:08 UTC"
"3101","1","059","Personer1","2023",0,,"Halden","Menn","59 år","Personer","2023","07459","2026-09-10 13:01:08 UTC"
"3101","1","059","Personer1","2024",208,,"Halden","Menn","59 år","Personer","2024","07459","2026-09-10 13:01:08 UTC"
"3101","1","059","Personer1","2025",256,,"Halden","Menn","59 år","Personer","2025","07459","2026-09-10 13:01:08 UTC"
"3101","1","059","Personer1","2026",240,,"Halden","Menn","59 år","Personer","2026","07459","2026-09-10 13:01:08 UTC"
"3101","1","060","Personer1","2005",0,,"Halden","Menn","60 år","Personer","2005","07459","2026-09-10 13:01:08 UTC"
"3101","1","060","Personer1","2006",0,,"Halden","Menn","60 år","Personer","2006","07459","2026-09-10 13:01:08 UTC"
"3101","1","060","Personer1","2007",0,,"Halden","Menn","60 år","Personer","2007","07459","2026-09-10 13:01:08 UTC"
"3101","1","060","Personer1","2008",0,,"Halden","Menn","60 år","Personer","2008","07459","2026-09-10 13:01:08 UTC"
"3101","1","060","Personer1","2009",0,,"Halden","Menn","60 år","Personer","2009","07459","2026-09-10 13:01:08 UTC"
"3101","1","060","Personer1","2010",0,,"Halden","Menn","60 år","Personer","2010","07459","2026-09-10 13:01:08 UTC"
"3101","1","060","Personer1","2011",0,,"Halden","Menn","60 år","Personer","2011","07459","2026-09-10 13:01:08 UTC"
"3101","1","060","Personer1","2012",0,,"Halden","Menn","60 år","Personer","2012","07459","2026-09-10 13:01:08 UTC"
"3101","1","060","Personer1","2013",0,,"Halden","Menn","60 år","Personer","2013","07459","2026-09-10 13:01:08 UTC"
"3101","1","060","Personer1","2014",0,,"Halden","Menn","60 år","Personer","2014","07459","2026-09-10 13:01:08 UTC"
"3101","1","060","Personer1","2015",0,,"Halden","Menn","60 år","Personer","2015","07459","2026-09-10 13:01:08 UTC"
"3101","1","060","Personer1","2016",0,,"Halden","Menn","60 år","Personer","2016","07459","2026-09-10 13:01:08 UTC"
"3101","1","060","Personer1","2017",0,,"Halden","Menn","60 år","Personer","2017","07459","2026-09-10 13:01:08 UTC"
"3101","1","060","Personer1","2018",0,,"Halden","Menn","60 år","Personer","2018","07459","2026-09-10 13:01:08 UTC"
"3101","1","060","Personer1","2019",0,,"Halden","Menn","60 år","Personer","2019","07459","2026-09-10 13:01:08 UTC"
"3101","1","060","Personer1","2020",0,,"Halden","Menn","60 år","Personer","2020","07459","2026-09-10 13:01:08 UTC"
"3101","1","060","Personer1","2021",0,,"Halden","Menn","60 år","Personer","2021","07459","2026-09-10 13:01:08 UTC"
"3101","1","060","Personer1","2022",0,,"Halden","Menn","60 år","Personer","2022","07459","2026-09-10 13:01:08 UTC"
"3101","1","060","Personer1","2023",0,,"Halden","Menn","60 år","Personer","2023","07459","2026-09-10 13:01:08 UTC"
"3101","1","060","Personer1","2024",212,,"Halden","Menn","60 år","Personer","2024","07459","2026-09-10 13:01:08 UTC"
"3101","1","060","Personer1","2025",208,,"Halden","Menn","60 år","Personer","2025","07459","2026-09-10 13:01:08 UTC"
"3101","1","060","Personer1","2026",257,,"Halden","Menn","60 år","Personer","2026","07459","2026-09-10 13:01:08 UTC"
"3101","1","061","Personer1","2005",0,,"Halden","Menn","61 år","Personer","2005","07459","2026-09-10 13:01:08 UTC"
"3101","1","061","Personer1","2006",0,,"Halden","Menn","61 år","Personer","2006","07459","2026-09-10 13:01:08 UTC"
"3101","1","061","Personer1","2007",0,,"Halden","Menn","61 år","Personer","2007","07459","2026-09-10 13:01:08 UTC"
"3101","1","061","Personer1","2008",0,,"Halden","Menn","61 år","Personer","2008","07459","2026-09-10 13:01:08 UTC"
"3101","1","061","Personer1","2009",0,,"Halden","Menn","61 år","Personer","2009","07459","2026-09-10 13:01:08 UTC"
"3101","1","061","Personer1","2010",0,,"Halden","Menn","61 år","Personer","2010","07459","2026-09-10 13:01:08 UTC"
"3101","1","061","Personer1","2011",0,,"Halden","Menn","61 år","Personer","2011","07459","2026-09-10 13:01:08 UTC"
"3101","1","061","Personer1","2012",0,,"Halden","Menn","61 år","Personer","2012","07459","2026-09-10 13:01:08 UTC"
"3101","1","061","Personer1","2013",0,,"Halden","Menn","61 år","Personer","2013","07459","2026-09-10 13:01:08 UTC"
"3101","1","061","Personer1","2014",0,,"Halden","Menn","61 år","Personer","2014","07459","2026-09-10 13:01:08 UTC"
"3101","1","061","Personer1","2015",0,,"Halden","Menn","61 år","Personer","2015","07459","2026-09-10 13:01:08 UTC"
"3101","1","061","Personer1","2016",0,,"Halden","Menn","61 år","Personer","2016","07459","2026-09-10 13:01:08 UTC"
"3101","1","061","Personer1","2017",0,,"Halden","Menn","61 år","Personer","2017","07459","2026-09-10 13:01:08 UTC"
"3101","1","061","Personer1","2018",0,,"Halden","Menn","61 år","Personer","2018","07459","2026-09-10 13:01:08 UTC"
"3101","1","061","Personer1","2019",0,,"Halden","Menn","61 år","Personer","2019","07459","2026-09-10 13:01:08 UTC"
"3101","1","061","Personer1","2020",0,,"Halden","Menn","61 år","Personer","2020","07459","2026-09-10 13:01:08 UTC"
"3101","1","061","Personer1","2021",0,,"Halden","Menn","61 år","Personer","2021","07459","2026-09-10 13:01:08 UTC"
"3101","1","061","Personer1","2022",0,,"Halden","Menn","61 år","Personer","2022","07459","2026-09-10 13:01:08 UTC"
"3101","1","061","Personer1","2023",0,,"Halden","Menn","61 år","Personer","2023","07459","2026-09-10 13:01:08 UTC"
"3101","1","061","Personer1","2024",227,,"Halden","Menn","61 år","Personer","2024","07459","2026-09-10 13:01:08 UTC"
"3101","1","061","Personer1","2025",205,,"Halden","Menn","61 år","Personer","2025","07459","2026-09-10 13:01:08 UTC"
"3101","1","061","Personer1","2026",206,,"Halden","Menn","61 år","Personer","2026","07459","2026-09-10 13:01:08 UTC"
"3101","1","062","Personer1","2005",0,,"Halden","Menn","62 år","Personer","2005","07459","2026-09-10 13:01:08 UTC"
"3101","1","062","Personer1","2006",0,,"Halden","Menn","62 år","Personer","2006","07459","2026-09-10 13:01:08 UTC"
"3101","1","062","Personer1","2007",0,,"Halden","Menn","62 år","Personer","2007","07459","2026-09-10 13:01:08 UTC"
"3101","1","062","Personer1","2008",0,,"Halden","Menn","62 år","Personer","2008","07459","2026-09-10 13:01:08 UTC"
"3101","1","062","Personer1","2009",0,,"Halden","Menn","62 år","Personer","2009","07459","2026-09-10 13:01:08 UTC"
"3101","1","062","Personer1","2010",0,,"Halden","Menn","62 år","Personer","2010","07459","2026-09-10 13:01:08 UTC"
"3101","1","062","Personer1","2011",0,,"Halden","Menn","62 år","Personer","2011","07459","2026-09-10 13:01:08 UTC"
"3101","1","062","Personer1","2012",0,,"Halden","Menn","62 år","Personer","2012","07459","2026-09-10 13:01:08 UTC"
"3101","1","062","Personer1","2013",0,,"Halden","Menn","62 år","Personer","2013","07459","2026-09-10 13:01:08 UTC"
"3101","1","062","Personer1","2014",0,,"Halden","Menn","62 år","Personer","2014","07459","2026-09-10 13:01:08 UTC"
"3101","1","062","Personer1","2015",0,,"Halden","Menn","62 år","Personer","2015","07459","2026-09-10 13:01:08 UTC"
"3101","1","062","Personer1","2016",0,,"Halden","Menn","62 år","Personer","2016","07459","2026-09-10 13:01:08 UTC"
"3101","1","062","Personer1","2017",0,,"Halden","Menn","62 år","Personer","2017","07459","2026-09-10 13:01:08 UTC"
"3101","1","062","Personer1","2018",0,,"Halden","Menn","62 år","Personer","2018","07459","2026-09-10 13:01:08 UTC"
"3101","1","062","Personer1","2019",0,,"Halden","Menn","62 år","Personer","2019","07459","2026-09-10 13:01:08 UTC"
"3101","1","062","Personer1","2020",0,,"Halden","Menn","62 år","Personer","2020","07459","2026-09-10 13:01:08 UTC"
"3101","1","062","Personer1","2021",0,,"Halden","Menn","62 år","Personer","2021","07459","2026-09-10 13:01:08 UTC"
"3101","1","062","Personer1","2022",0,,"Halden","Menn","62 år","Personer","2022","07459","2026-09-10 13:01:08 UTC"
"3101","1","062","Personer1","2023",0,,"Halden","Menn","62 år","Personer","2023","07459","2026-09-10 13:01:08 UTC"
"3101","1","062","Personer1","2024",213,,"Halden","Menn","62 år","Personer","2024","07459","2026-09-10 13:01:08 UTC"
"3101","1","062","Personer1","2025",229,,"Halden","Menn","62 år","Personer","2025","07459","2026-09-10 13:01:08 UTC"
"3101","1","062","Personer1","2026",207,,"Halden","Menn","62 år","Personer","2026","07459","2026-09-10 13:01:08 UTC"
"3101","1","063","Personer1","2005",0,,"Halden","Menn","63 år","Personer","2005","07459","2026-09-10 13:01:08 UTC"
"3101","1","063","Personer1","2006",0,,"Halden","Menn","63 år","Personer","2006","07459","2026-09-10 13:01:08 UTC"
"3101","1","063","Personer1","2007",0,,"Halden","Menn","63 år","Personer","2007","07459","2026-09-10 13:01:08 UTC"
"3101","1","063","Personer1","2008",0,,"Halden","Menn","63 år","Personer","2008","07459","2026-09-10 13:01:08 UTC"
"3101","1","063","Personer1","2009",0,,"Halden","Menn","63 år","Personer","2009","07459","2026-09-10 13:01:08 UTC"
"3101","1","063","Personer1","2010",0,,"Halden","Menn","63 år","Personer","2010","07459","2026-09-10 13:01:08 UTC"
"3101","1","063","Personer1","2011",0,,"Halden","Menn","63 år","Personer","2011","07459","2026-09-10 13:01:08 UTC"
"3101","1","063","Personer1","2012",0,,"Halden","Menn","63 år","Personer","2012","07459","2026-09-10 13:01:08 UTC"
"3101","1","063","Personer1","2013",0,,"Halden","Menn","63 år","Personer","2013","07459","2026-09-10 13:01:08 UTC"
"3101","1","063","Personer1","2014",0,,"Halden","Menn","63 år","Personer","2014","07459","2026-09-10 13:01:08 UTC"
"3101","1","063","Personer1","2015",0,,"Halden","Menn","63 år","Personer","2015","07459","2026-09-10 13:01:08 UTC"
"3101","1","063","Personer1","2016",0,,"Halden","Menn","63 år","Personer","2016","07459","2026-09-10 13:01:08 UTC"
"3101","1","063","Personer1","2017",0,,"Halden","Menn","63 år","Personer","2017","07459","2026-09-10 13:01:08 UTC"
"3101","1","063","Personer1","2018",0,,"Halden","Menn","63 år","Personer","2018","07459","2026-09-10 13:01:08 UTC"
"3101","1","063","Personer1","2019",0,,"Halden","Menn","63 år","Personer","2019","07459","2026-09-10 13:01:08 UTC"
"3101","1","063","Personer1","2020",0,,"Halden","Menn","63 år","Personer","2020","07459","2026-09-10 13:01:08 UTC"
"3101","1","063","Personer1","2021",0,,"Halden","Menn","63 år","Personer","2021","07459","2026-09-10 13:01:08 UTC"
"3101","1","063","Personer1","2022",0,,"Halden","Menn","63 år","Personer","2022","07459","2026-09-10 13:01:08 UTC"
"3101","1","063","Personer1","2023",0,,"Halden","Menn","63 år","Personer","2023","07459","2026-09-10 13:01:08 UTC"
"3101","1","063","Personer1","2024",195,,"Halden","Menn","63 år","Personer","2024","07459","2026-09-10 13:01:08 UTC"
"3101","1","063","Personer1","2025",218,,"Halden","Menn","63 år","Personer","2025","07459","2026-09-10 13:01:08 UTC"
"3101","1","063","Personer1","2026",225,,"Halden","Menn","63 år","Personer","2026","07459","2026-09-10 13:01:08 UTC"
"3101","1","064","Personer1","2005",0,,"Halden","Menn","64 år","Personer","2005","07459","2026-09-10 13:01:08 UTC"
"3101","1","064","Personer1","2006",0,,"Halden","Menn","64 år","Personer","2006","07459","2026-09-10 13:01:08 UTC"
"3101","1","064","Personer1","2007",0,,"Halden","Menn","64 år","Personer","2007","07459","2026-09-10 13:01:08 UTC"
"3101","1","064","Personer1","2008",0,,"Halden","Menn","64 år","Personer","2008","07459","2026-09-10 13:01:08 UTC"
"3101","1","064","Personer1","2009",0,,"Halden","Menn","64 år","Personer","2009","07459","2026-09-10 13:01:08 UTC"
"3101","1","064","Personer1","2010",0,,"Halden","Menn","64 år","Personer","2010","07459","2026-09-10 13:01:08 UTC"
"3101","1","064","Personer1","2011",0,,"Halden","Menn","64 år","Personer","2011","07459","2026-09-10 13:01:08 UTC"
"3101","1","064","Personer1","2012",0,,"Halden","Menn","64 år","Personer","2012","07459","2026-09-10 13:01:08 UTC"
"3101","1","064","Personer1","2013",0,,"Halden","Menn","64 år","Personer","2013","07459","2026-09-10 13:01:08 UTC"
"3101","1","064","Personer1","2014",0,,"Halden","Menn","64 år","Personer","2014","07459","2026-09-10 13:01:08 UTC"
"3101","1","064","Personer1","2015",0,,"Halden","Menn","64 år","Personer","2015","07459","2026-09-10 13:01:08 UTC"
"3101","1","064","Personer1","2016",0,,"Halden","Menn","64 år","Personer","2016","07459","2026-09-10 13:01:08 UTC"
"3101","1","064","Personer1","2017",0,,"Halden","Menn","64 år","Personer","2017","07459","2026-09-10 13:01:08 UTC"
"3101","1","064","Personer1","2018",0,,"Halden","Menn","64 år","Personer","2018","07459","2026-09-10 13:01:08 UTC"
"3101","1","064","Personer1","2019",0,,"Halden","Menn","64 år","Personer","2019","07459","2026-09-10 13:01:08 UTC"
"3101","1","064","Personer1","2020",0,,"Halden","Menn","64 år","Personer","2020","07459","2026-09-10 13:01:08 UTC"
"3101","1","064","Personer1","2021",0,,"Halden","Menn","64 år","Personer","2021","07459","2026-09-10 13:01:08 UTC"
"3101","1","064","Personer1","2022",0,,"Halden","Menn","64 år","Personer","2022","07459","2026-09-10 13:01:08 UTC"
"3101","1","064","Personer1","2023",0,,"Halden","Menn","64 år","Personer","2023","07459","2026-09-10 13:01:08 UTC"
"3101","1","064","Personer1","2024",185,,"Halden","Menn","64 år","Personer","2024","07459","2026-09-10 13:01:08 UTC"
"3101","1","064","Personer1","2025",193,,"Halden","Menn","64 år","Personer","2025","07459","2026-09-10 13:01:08 UTC"
"3101","1","064","Personer1","2026",213,,"Halden","Menn","64 år","Personer","2026","07459","2026-09-10 13:01:08 UTC"
"3101","1","065","Personer1","2005",0,,"Halden","Menn","65 år","Personer","2005","07459","2026-09-10 13:01:08 UTC"
"3101","1","065","Personer1","2006",0,,"Halden","Menn","65 år","Personer","2006","07459","2026-09-10 13:01:08 UTC"
"3101","1","065","Personer1","2007",0,,"Halden","Menn","65 år","Personer","2007","07459","2026-09-10 13:01:08 UTC"
"3101","1","065","Personer1","2008",0,,"Halden","Menn","65 år","Personer","2008","07459","2026-09-10 13:01:08 UTC"
"3101","1","065","Personer1","2009",0,,"Halden","Menn","65 år","Personer","2009","07459","2026-09-10 13:01:08 UTC"
"3101","1","065","Personer1","2010",0,,"Halden","Menn","65 år","Personer","2010","07459","2026-09-10 13:01:08 UTC"
"3101","1","065","Personer1","2011",0,,"Halden","Menn","65 år","Personer","2011","07459","2026-09-10 13:01:08 UTC"
"3101","1","065","Personer1","2012",0,,"Halden","Menn","65 år","Personer","2012","07459","2026-09-10 13:01:08 UTC"
"3101","1","065","Personer1","2013",0,,"Halden","Menn","65 år","Personer","2013","07459","2026-09-10 13:01:08 UTC"
"3101","1","065","Personer1","2014",0,,"Halden","Menn","65 år","Personer","2014","07459","2026-09-10 13:01:08 UTC"
"3101","1","065","Personer1","2015",0,,"Halden","Menn","65 år","Personer","2015","07459","2026-09-10 13:01:08 UTC"
"3101","1","065","Personer1","2016",0,,"Halden","Menn","65 år","Personer","2016","07459","2026-09-10 13:01:08 UTC"
"3101","1","065","Personer1","2017",0,,"Halden","Menn","65 år","Personer","2017","07459","2026-09-10 13:01:08 UTC"
"3101","1","065","Personer1","2018",0,,"Halden","Menn","65 år","Personer","2018","07459","2026-09-10 13:01:08 UTC"
"3101","1","065","Personer1","2019",0,,"Halden","Menn","65 år","Personer","2019","07459","2026-09-10 13:01:08 UTC"
"3101","1","065","Personer1","2020",0,,"Halden","Menn","65 år","Personer","2020","07459","2026-09-10 13:01:08 UTC"
"3101","1","065","Personer1","2021",0,,"Halden","Menn","65 år","Personer","2021","07459","2026-09-10 13:01:08 UTC"
"3101","1","065","Personer1","2022",0,,"Halden","Menn","65 år","Personer","2022","07459","2026-09-10 13:01:08 UTC"
"3101","1","065","Personer1","2023",0,,"Halden","Menn","65 år","Personer","2023","07459","2026-09-10 13:01:08 UTC"
"3101","1","065","Personer1","2024",199,,"Halden","Menn","65 år","Personer","2024","07459","2026-09-10 13:01:08 UTC"
"3101","1","065","Personer1","2025",179,,"Halden","Menn","65 år","Personer","2025","07459","2026-09-10 13:01:08 UTC"
"3101","1","065","Personer1","2026",194,,"Halden","Menn","65 år","Personer","2026","07459","2026-09-10 13:01:08 UTC"
"3101","1","066","Personer1","2005",0,,"Halden","Menn","66 år","Personer","2005","07459","2026-09-10 13:01:08 UTC"
"3101","1","066","Personer1","2006",0,,"Halden","Menn","66 år","Personer","2006","07459","2026-09-10 13:01:08 UTC"
"3101","1","066","Personer1","2007",0,,"Halden","Menn","66 år","Personer","2007","07459","2026-09-10 13:01:08 UTC"
"3101","1","066","Personer1","2008",0,,"Halden","Menn","66 år","Personer","2008","07459","2026-09-10 13:01:08 UTC"
"3101","1","066","Personer1","2009",0,,"Halden","Menn","66 år","Personer","2009","07459","2026-09-10 13:01:08 UTC"
"3101","1","066","Personer1","2010",0,,"Halden","Menn","66 år","Personer","2010","07459","2026-09-10 13:01:08 UTC"
"3101","1","066","Personer1","2011",0,,"Halden","Menn","66 år","Personer","2011","07459","2026-09-10 13:01:08 UTC"
"3101","1","066","Personer1","2012",0,,"Halden","Menn","66 år","Personer","2012","07459","2026-09-10 13:01:08 UTC"
"3101","1","066","Personer1","2013",0,,"Halden","Menn","66 år","Personer","2013","07459","2026-09-10 13:01:08 UTC"
"3101","1","066","Personer1","2014",0,,"Halden","Menn","66 år","Personer","2014","07459","2026-09-10 13:01:08 UTC"
"3101","1","066","Personer1","2015",0,,"Halden","Menn","66 år","Personer","2015","07459","2026-09-10 13:01:08 UTC"
"3101","1","066","Personer1","2016",0,,"Halden","Menn","66 år","Personer","2016","07459","2026-09-10 13:01:08 UTC"
"3101","1","066","Personer1","2017",0,,"Halden","Menn","66 år","Personer","2017","07459","2026-09-10 13:01:08 UTC"
"3101","1","066","Personer1","2018",0,,"Halden","Menn","66 år","Personer","2018","07459","2026-09-10 13:01:08 UTC"
"3101","1","066","Personer1","2019",0,,"Halden","Menn","66 år","Personer","2019","07459","2026-09-10 13:01:08 UTC"
"3101","1","066","Personer1","2020",0,,"Halden","Menn","66 år","Personer","2020","07459","2026-09-10 13:01:08 UTC"
"3101","1","066","Personer1","2021",0,,"Halden","Menn","66 år","Personer","2021","07459","2026-09-10 13:01:08 UTC"
"3101","1","066","Personer1","2022",0,,"Halden","Menn","66 år","Personer","2022","07459","2026-09-10 13:01:08 UTC"
"3101","1","066","Personer1","2023",0,,"Halden","Menn","66 år","Personer","2023","07459","2026-09-10 13:01:08 UTC"
"3101","1","066","Personer1","2024",187,,"Halden","Menn","66 år","Personer","2024","07459","2026-09-10 13:01:08 UTC"
"3101","1","066","Personer1","2025",191,,"Halden","Menn","66 år","Personer","2025","07459","2026-09-10 13:01:08 UTC"
"3101","1","066","Personer1","2026",180,,"Halden","Menn","66 år","Personer","2026","07459","2026-09-10 13:01:08 UTC"
"3101","1","067","Personer1","2005",0,,"Halden","Menn","67 år","Personer","2005","07459","2026-09-10 13:01:08 UTC"
"3101","1","067","Personer1","2006",0,,"Halden","Menn","67 år","Personer","2006","07459","2026-09-10 13:01:08 UTC"
"3101","1","067","Personer1","2007",0,,"Halden","Menn","67 år","Personer","2007","07459","2026-09-10 13:01:08 UTC"
"3101","1","067","Personer1","2008",0,,"Halden","Menn","67 år","Personer","2008","07459","2026-09-10 13:01:08 UTC"
"3101","1","067","Personer1","2009",0,,"Halden","Menn","67 år","Personer","2009","07459","2026-09-10 13:01:08 UTC"
"3101","1","067","Personer1","2010",0,,"Halden","Menn","67 år","Personer","2010","07459","2026-09-10 13:01:08 UTC"
"3101","1","067","Personer1","2011",0,,"Halden","Menn","67 år","Personer","2011","07459","2026-09-10 13:01:08 UTC"
"3101","1","067","Personer1","2012",0,,"Halden","Menn","67 år","Personer","2012","07459","2026-09-10 13:01:08 UTC"
"3101","1","067","Personer1","2013",0,,"Halden","Menn","67 år","Personer","2013","07459","2026-09-10 13:01:08 UTC"
"3101","1","067","Personer1","2014",0,,"Halden","Menn","67 år","Personer","2014","07459","2026-09-10 13:01:08 UTC"
"3101","1","067","Personer1","2015",0,,"Halden","Menn","67 år","Personer","2015","07459","2026-09-10 13:01:08 UTC"
"3101","1","067","Personer1","2016",0,,"Halden","Menn","67 år","Personer","2016","07459","2026-09-10 13:01:08 UTC"
"3101","1","067","Personer1","2017",0,,"Halden","Menn","67 år","Personer","2017","07459","2026-09-10 13:01:08 UTC"
"3101","1","067","Personer1","2018",0,,"Halden","Menn","67 år","Personer","2018","07459","2026-09-10 13:01:08 UTC"
"3101","1","067","Personer1","2019",0,,"Halden","Menn","67 år","Personer","2019","07459","2026-09-10 13:01:08 UTC"
"3101","1","067","Personer1","2020",0,,"Halden","Menn","67 år","Personer","2020","07459","2026-09-10 13:01:08 UTC"
"3101","1","067","Personer1","2021",0,,"Halden","Menn","67 år","Personer","2021","07459","2026-09-10 13:01:08 UTC"
"3101","1","067","Personer1","2022",0,,"Halden","Menn","67 år","Personer","2022","07459","2026-09-10 13:01:08 UTC"
"3101","1","067","Personer1","2023",0,,"Halden","Menn","67 år","Personer","2023","07459","2026-09-10 13:01:08 UTC"
"3101","1","067","Personer1","2024",213,,"Halden","Menn","67 år","Personer","2024","07459","2026-09-10 13:01:08 UTC"
"3101","1","067","Personer1","2025",185,,"Halden","Menn","67 år","Personer","2025","07459","2026-09-10 13:01:08 UTC"
"3101","1","067","Personer1","2026",189,,"Halden","Menn","67 år","Personer","2026","07459","2026-09-10 13:01:08 UTC"
"3101","1","068","Personer1","2005",0,,"Halden","Menn","68 år","Personer","2005","07459","2026-09-10 13:01:08 UTC"
"3101","1","068","Personer1","2006",0,,"Halden","Menn","68 år","Personer","2006","07459","2026-09-10 13:01:08 UTC"
"3101","1","068","Personer1","2007",0,,"Halden","Menn","68 år","Personer","2007","07459","2026-09-10 13:01:08 UTC"
"3101","1","068","Personer1","2008",0,,"Halden","Menn","68 år","Personer","2008","07459","2026-09-10 13:01:08 UTC"
"3101","1","068","Personer1","2009",0,,"Halden","Menn","68 år","Personer","2009","07459","2026-09-10 13:01:08 UTC"
"3101","1","068","Personer1","2010",0,,"Halden","Menn","68 år","Personer","2010","07459","2026-09-10 13:01:08 UTC"
"3101","1","068","Personer1","2011",0,,"Halden","Menn","68 år","Personer","2011","07459","2026-09-10 13:01:08 UTC"
"3101","1","068","Personer1","2012",0,,"Halden","Menn","68 år","Personer","2012","07459","2026-09-10 13:01:08 UTC"
"3101","1","068","Personer1","2013",0,,"Halden","Menn","68 år","Personer","2013","07459","2026-09-10 13:01:08 UTC"
"3101","1","068","Personer1","2014",0,,"Halden","Menn","68 år","Personer","2014","07459","2026-09-10 13:01:08 UTC"
"3101","1","068","Personer1","2015",0,,"Halden","Menn","68 år","Personer","2015","07459","2026-09-10 13:01:08 UTC"
"3101","1","068","Personer1","2016",0,,"Halden","Menn","68 år","Personer","2016","07459","2026-09-10 13:01:08 UTC"
"3101","1","068","Personer1","2017",0,,"Halden","Menn","68 år","Personer","2017","07459","2026-09-10 13:01:08 UTC"
"3101","1","068","Personer1","2018",0,,"Halden","Menn","68 år","Personer","2018","07459","2026-09-10 13:01:08 UTC"
"3101","1","068","Personer1","2019",0,,"Halden","Menn","68 år","Personer","2019","07459","2026-09-10 13:01:08 UTC"
"3101","1","068","Personer1","2020",0,,"Halden","Menn","68 år","Personer","2020","07459","2026-09-10 13:01:08 UTC"
"3101","1","068","Personer1","2021",0,,"Halden","Menn","68 år","Personer","2021","07459","2026-09-10 13:01:08 UTC"
"3101","1","068","Personer1","2022",0,,"Halden","Menn","68 år","Personer","2022","07459","2026-09-10 13:01:08 UTC"
"3101","1","068","Personer1","2023",0,,"Halden","Menn","68 år","Personer","2023","07459","2026-09-10 13:01:08 UTC"
"3101","1","068","Personer1","2024",185,,"Halden","Menn","68 år","Personer","2024","07459","2026-09-10 13:01:08 UTC"
"3101","1","068","Personer1","2025",213,,"Halden","Menn","68 år","Personer","2025","07459","2026-09-10 13:01:08 UTC"
"3101","1","068","Personer1","2026",185,,"Halden","Menn","68 år","Personer","2026","07459","2026-09-10 13:01:08 UTC"
"3101","1","069","Personer1","2005",0,,"Halden","Menn","69 år","Personer","2005","07459","2026-09-10 13:01:08 UTC"
"3101","1","069","Personer1","2006",0,,"Halden","Menn","69 år","Personer","2006","07459","2026-09-10 13:01:08 UTC"
"3101","1","069","Personer1","2007",0,,"Halden","Menn","69 år","Personer","2007","07459","2026-09-10 13:01:08 UTC"
"3101","1","069","Personer1","2008",0,,"Halden","Menn","69 år","Personer","2008","07459","2026-09-10 13:01:08 UTC"
"3101","1","069","Personer1","2009",0,,"Halden","Menn","69 år","Personer","2009","07459","2026-09-10 13:01:08 UTC"
"3101","1","069","Personer1","2010",0,,"Halden","Menn","69 år","Personer","2010","07459","2026-09-10 13:01:08 UTC"
"3101","1","069","Personer1","2011",0,,"Halden","Menn","69 år","Personer","2011","07459","2026-09-10 13:01:08 UTC"
"3101","1","069","Personer1","2012",0,,"Halden","Menn","69 år","Personer","2012","07459","2026-09-10 13:01:08 UTC"
"3101","1","069","Personer1","2013",0,,"Halden","Menn","69 år","Personer","2013","07459","2026-09-10 13:01:08 UTC"
"3101","1","069","Personer1","2014",0,,"Halden","Menn","69 år","Personer","2014","07459","2026-09-10 13:01:08 UTC"
"3101","1","069","Personer1","2015",0,,"Halden","Menn","69 år","Personer","2015","07459","2026-09-10 13:01:08 UTC"
"3101","1","069","Personer1","2016",0,,"Halden","Menn","69 år","Personer","2016","07459","2026-09-10 13:01:08 UTC"
"3101","1","069","Personer1","2017",0,,"Halden","Menn","69 år","Personer","2017","07459","2026-09-10 13:01:08 UTC"
"3101","1","069","Personer1","2018",0,,"Halden","Menn","69 år","Personer","2018","07459","2026-09-10 13:01:08 UTC"
"3101","1","069","Personer1","2019",0,,"Halden","Menn","69 år","Personer","2019","07459","2026-09-10 13:01:08 UTC"
"3101","1","069","Personer1","2020",0,,"Halden","Menn","69 år","Personer","2020","07459","2026-09-10 13:01:08 UTC"
"3101","1","069","Personer1","2021",0,,"Halden","Menn","69 år","Personer","2021","07459","2026-09-10 13:01:08 UTC"
"3101","1","069","Personer1","2022",0,,"Halden","Menn","69 år","Personer","2022","07459","2026-09-10 13:01:08 UTC"
"3101","1","069","Personer1","2023",0,,"Halden","Menn","69 år","Personer","2023","07459","2026-09-10 13:01:08 UTC"
"3101","1","069","Personer1","2024",189,,"Halden","Menn","69 år","Personer","2024","07459","2026-09-10 13:01:08 UTC"
"3101","1","069","Personer1","2025",184,,"Halden","Menn","69 år","Personer","2025","07459","2026-09-10 13:01:08 UTC"
"3101","1","069","Personer1","2026",216,,"Halden","Menn","69 år","Personer","2026","07459","2026-09-10 13:01:08 UTC"
"3101","1","070","Personer1","2005",0,,"Halden","Menn","70 år","Personer","2005","07459","2026-09-10 13:01:08 UTC"
"3101","1","070","Personer1","2006",0,,"Halden","Menn","70 år","Personer","2006","07459","2026-09-10 13:01:08 UTC"
"3101","1","070","Personer1","2007",0,,"Halden","Menn","70 år","Personer","2007","07459","2026-09-10 13:01:08 UTC"
"3101","1","070","Personer1","2008",0,,"Halden","Menn","70 år","Personer","2008","07459","2026-09-10 13:01:08 UTC"
"3101","1","070","Personer1","2009",0,,"Halden","Menn","70 år","Personer","2009","07459","2026-09-10 13:01:08 UTC"
"3101","1","070","Personer1","2010",0,,"Halden","Menn","70 år","Personer","2010","07459","2026-09-10 13:01:08 UTC"
"3101","1","070","Personer1","2011",0,,"Halden","Menn","70 år","Personer","2011","07459","2026-09-10 13:01:08 UTC"
"3101","1","070","Personer1","2012",0,,"Halden","Menn","70 år","Personer","2012","07459","2026-09-10 13:01:08 UTC"
"3101","1","070","Personer1","2013",0,,"Halden","Menn","70 år","Personer","2013","07459","2026-09-10 13:01:08 UTC"
"3101","1","070","Personer1","2014",0,,"Halden","Menn","70 år","Personer","2014","07459","2026-09-10 13:01:08 UTC"
"3101","1","070","Personer1","2015",0,,"Halden","Menn","70 år","Personer","2015","07459","2026-09-10 13:01:08 UTC"
"3101","1","070","Personer1","2016",0,,"Halden","Menn","70 år","Personer","2016","07459","2026-09-10 13:01:08 UTC"
"3101","1","070","Personer1","2017",0,,"Halden","Menn","70 år","Personer","2017","07459","2026-09-10 13:01:08 UTC"
"3101","1","070","Personer1","2018",0,,"Halden","Menn","70 år","Personer","2018","07459","2026-09-10 13:01:08 UTC"
"3101","1","070","Personer1","2019",0,,"Halden","Menn","70 år","Personer","2019","07459","2026-09-10 13:01:08 UTC"
"3101","1","070","Personer1","2020",0,,"Halden","Menn","70 år","Personer","2020","07459","2026-09-10 13:01:08 UTC"
"3101","1","070","Personer1","2021",0,,"Halden","Menn","70 år","Personer","2021","07459","2026-09-10 13:01:08 UTC"
"3101","1","070","Personer1","2022",0,,"Halden","Menn","70 år","Personer","2022","07459","2026-09-10 13:01:08 UTC"
"3101","1","070","Personer1","2023",0,,"Halden","Menn","70 år","Personer","2023","07459","2026-09-10 13:01:08 UTC"
"3101","1","070","Personer1","2024",203,,"Halden","Menn","70 år","Personer","2024","07459","2026-09-10 13:01:08 UTC"
"3101","1","070","Personer1","2025",188,,"Halden","Menn","70 år","Personer","2025","07459","2026-09-10 13:01:08 UTC"
"3101","1","070","Personer1","2026",176,,"Halden","Menn","70 år","Personer","2026","07459","2026-09-10 13:01:08 UTC"
"3101","1","071","Personer1","2005",0,,"Halden","Menn","71 år","Personer","2005","07459","2026-09-10 13:01:08 UTC"
"3101","1","071","Personer1","2006",0,,"Halden","Menn","71 år","Personer","2006","07459","2026-09-10 13:01:08 UTC"
"3101","1","071","Personer1","2007",0,,"Halden","Menn","71 år","Personer","2007","07459","2026-09-10 13:01:08 UTC"
"3101","1","071","Personer1","2008",0,,"Halden","Menn","71 år","Personer","2008","07459","2026-09-10 13:01:08 UTC"
"3101","1","071","Personer1","2009",0,,"Halden","Menn","71 år","Personer","2009","07459","2026-09-10 13:01:08 UTC"
"3101","1","071","Personer1","2010",0,,"Halden","Menn","71 år","Personer","2010","07459","2026-09-10 13:01:08 UTC"
"3101","1","071","Personer1","2011",0,,"Halden","Menn","71 år","Personer","2011","07459","2026-09-10 13:01:08 UTC"
"3101","1","071","Personer1","2012",0,,"Halden","Menn","71 år","Personer","2012","07459","2026-09-10 13:01:08 UTC"
"3101","1","071","Personer1","2013",0,,"Halden","Menn","71 år","Personer","2013","07459","2026-09-10 13:01:08 UTC"
"3101","1","071","Personer1","2014",0,,"Halden","Menn","71 år","Personer","2014","07459","2026-09-10 13:01:08 UTC"
"3101","1","071","Personer1","2015",0,,"Halden","Menn","71 år","Personer","2015","07459","2026-09-10 13:01:08 UTC"
"3101","1","071","Personer1","2016",0,,"Halden","Menn","71 år","Personer","2016","07459","2026-09-10 13:01:08 UTC"
"3101","1","071","Personer1","2017",0,,"Halden","Menn","71 år","Personer","2017","07459","2026-09-10 13:01:08 UTC"
"3101","1","071","Personer1","2018",0,,"Halden","Menn","71 år","Personer","2018","07459","2026-09-10 13:01:08 UTC"
"3101","1","071","Personer1","2019",0,,"Halden","Menn","71 år","Personer","2019","07459","2026-09-10 13:01:08 UTC"
"3101","1","071","Personer1","2020",0,,"Halden","Menn","71 år","Personer","2020","07459","2026-09-10 13:01:08 UTC"
"3101","1","071","Personer1","2021",0,,"Halden","Menn","71 år","Personer","2021","07459","2026-09-10 13:01:08 UTC"
"3101","1","071","Personer1","2022",0,,"Halden","Menn","71 år","Personer","2022","07459","2026-09-10 13:01:08 UTC"
"3101","1","071","Personer1","2023",0,,"Halden","Menn","71 år","Personer","2023","07459","2026-09-10 13:01:08 UTC"
"3101","1","071","Personer1","2024",159,,"Halden","Menn","71 år","Personer","2024","07459","2026-09-10 13:01:08 UTC"
"3101","1","071","Personer1","2025",196,,"Halden","Menn","71 år","Personer","2025","07459","2026-09-10 13:01:08 UTC"
"3101","1","071","Personer1","2026",187,,"Halden","Menn","71 år","Personer","2026","07459","2026-09-10 13:01:08 UTC"
"3101","1","072","Personer1","2005",0,,"Halden","Menn","72 år","Personer","2005","07459","2026-09-10 13:01:08 UTC"
"3101","1","072","Personer1","2006",0,,"Halden","Menn","72 år","Personer","2006","07459","2026-09-10 13:01:08 UTC"
"3101","1","072","Personer1","2007",0,,"Halden","Menn","72 år","Personer","2007","07459","2026-09-10 13:01:08 UTC"
"3101","1","072","Personer1","2008",0,,"Halden","Menn","72 år","Personer","2008","07459","2026-09-10 13:01:08 UTC"
"3101","1","072","Personer1","2009",0,,"Halden","Menn","72 år","Personer","2009","07459","2026-09-10 13:01:08 UTC"
"3101","1","072","Personer1","2010",0,,"Halden","Menn","72 år","Personer","2010","07459","2026-09-10 13:01:08 UTC"
"3101","1","072","Personer1","2011",0,,"Halden","Menn","72 år","Personer","2011","07459","2026-09-10 13:01:08 UTC"
"3101","1","072","Personer1","2012",0,,"Halden","Menn","72 år","Personer","2012","07459","2026-09-10 13:01:08 UTC"
"3101","1","072","Personer1","2013",0,,"Halden","Menn","72 år","Personer","2013","07459","2026-09-10 13:01:08 UTC"
"3101","1","072","Personer1","2014",0,,"Halden","Menn","72 år","Personer","2014","07459","2026-09-10 13:01:08 UTC"
"3101","1","072","Personer1","2015",0,,"Halden","Menn","72 år","Personer","2015","07459","2026-09-10 13:01:08 UTC"
"3101","1","072","Personer1","2016",0,,"Halden","Menn","72 år","Personer","2016","07459","2026-09-10 13:01:08 UTC"
"3101","1","072","Personer1","2017",0,,"Halden","Menn","72 år","Personer","2017","07459","2026-09-10 13:01:08 UTC"
"3101","1","072","Personer1","2018",0,,"Halden","Menn","72 år","Personer","2018","07459","2026-09-10 13:01:08 UTC"
"3101","1","072","Personer1","2019",0,,"Halden","Menn","72 år","Personer","2019","07459","2026-09-10 13:01:08 UTC"
"3101","1","072","Personer1","2020",0,,"Halden","Menn","72 år","Personer","2020","07459","2026-09-10 13:01:08 UTC"
"3101","1","072","Personer1","2021",0,,"Halden","Menn","72 år","Personer","2021","07459","2026-09-10 13:01:08 UTC"
"3101","1","072","Personer1","2022",0,,"Halden","Menn","72 år","Personer","2022","07459","2026-09-10 13:01:08 UTC"
"3101","1","072","Personer1","2023",0,,"Halden","Menn","72 år","Personer","2023","07459","2026-09-10 13:01:08 UTC"
"3101","1","072","Personer1","2024",170,,"Halden","Menn","72 år","Personer","2024","07459","2026-09-10 13:01:08 UTC"
"3101","1","072","Personer1","2025",161,,"Halden","Menn","72 år","Personer","2025","07459","2026-09-10 13:01:08 UTC"
"3101","1","072","Personer1","2026",188,,"Halden","Menn","72 år","Personer","2026","07459","2026-09-10 13:01:08 UTC"
"3101","1","073","Personer1","2005",0,,"Halden","Menn","73 år","Personer","2005","07459","2026-09-10 13:01:08 UTC"
"3101","1","073","Personer1","2006",0,,"Halden","Menn","73 år","Personer","2006","07459","2026-09-10 13:01:08 UTC"
"3101","1","073","Personer1","2007",0,,"Halden","Menn","73 år","Personer","2007","07459","2026-09-10 13:01:08 UTC"
"3101","1","073","Personer1","2008",0,,"Halden","Menn","73 år","Personer","2008","07459","2026-09-10 13:01:08 UTC"
"3101","1","073","Personer1","2009",0,,"Halden","Menn","73 år","Personer","2009","07459","2026-09-10 13:01:08 UTC"
"3101","1","073","Personer1","2010",0,,"Halden","Menn","73 år","Personer","2010","07459","2026-09-10 13:01:08 UTC"
"3101","1","073","Personer1","2011",0,,"Halden","Menn","73 år","Personer","2011","07459","2026-09-10 13:01:08 UTC"
"3101","1","073","Personer1","2012",0,,"Halden","Menn","73 år","Personer","2012","07459","2026-09-10 13:01:08 UTC"
"3101","1","073","Personer1","2013",0,,"Halden","Menn","73 år","Personer","2013","07459","2026-09-10 13:01:08 UTC"
"3101","1","073","Personer1","2014",0,,"Halden","Menn","73 år","Personer","2014","07459","2026-09-10 13:01:08 UTC"
"3101","1","073","Personer1","2015",0,,"Halden","Menn","73 år","Personer","2015","07459","2026-09-10 13:01:08 UTC"
"3101","1","073","Personer1","2016",0,,"Halden","Menn","73 år","Personer","2016","07459","2026-09-10 13:01:08 UTC"
"3101","1","073","Personer1","2017",0,,"Halden","Menn","73 år","Personer","2017","07459","2026-09-10 13:01:08 UTC"
"3101","1","073","Personer1","2018",0,,"Halden","Menn","73 år","Personer","2018","07459","2026-09-10 13:01:08 UTC"
"3101","1","073","Personer1","2019",0,,"Halden","Menn","73 år","Personer","2019","07459","2026-09-10 13:01:08 UTC"
"3101","1","073","Personer1","2020",0,,"Halden","Menn","73 år","Personer","2020","07459","2026-09-10 13:01:08 UTC"
"3101","1","073","Personer1","2021",0,,"Halden","Menn","73 år","Personer","2021","07459","2026-09-10 13:01:08 UTC"
"3101","1","073","Personer1","2022",0,,"Halden","Menn","73 år","Personer","2022","07459","2026-09-10 13:01:08 UTC"
"3101","1","073","Personer1","2023",0,,"Halden","Menn","73 år","Personer","2023","07459","2026-09-10 13:01:08 UTC"
"3101","1","073","Personer1","2024",167,,"Halden","Menn","73 år","Personer","2024","07459","2026-09-10 13:01:08 UTC"
"3101","1","073","Personer1","2025",162,,"Halden","Menn","73 år","Personer","2025","07459","2026-09-10 13:01:08 UTC"
"3101","1","073","Personer1","2026",159,,"Halden","Menn","73 år","Personer","2026","07459","2026-09-10 13:01:08 UTC"
"3101","1","074","Personer1","2005",0,,"Halden","Menn","74 år","Personer","2005","07459","2026-09-10 13:01:08 UTC"
"3101","1","074","Personer1","2006",0,,"Halden","Menn","74 år","Personer","2006","07459","2026-09-10 13:01:08 UTC"
"3101","1","074","Personer1","2007",0,,"Halden","Menn","74 år","Personer","2007","07459","2026-09-10 13:01:08 UTC"
"3101","1","074","Personer1","2008",0,,"Halden","Menn","74 år","Personer","2008","07459","2026-09-10 13:01:08 UTC"
"3101","1","074","Personer1","2009",0,,"Halden","Menn","74 år","Personer","2009","07459","2026-09-10 13:01:08 UTC"
"3101","1","074","Personer1","2010",0,,"Halden","Menn","74 år","Personer","2010","07459","2026-09-10 13:01:08 UTC"
"3101","1","074","Personer1","2011",0,,"Halden","Menn","74 år","Personer","2011","07459","2026-09-10 13:01:08 UTC"
"3101","1","074","Personer1","2012",0,,"Halden","Menn","74 år","Personer","2012","07459","2026-09-10 13:01:08 UTC"
"3101","1","074","Personer1","2013",0,,"Halden","Menn","74 år","Personer","2013","07459","2026-09-10 13:01:08 UTC"
"3101","1","074","Personer1","2014",0,,"Halden","Menn","74 år","Personer","2014","07459","2026-09-10 13:01:08 UTC"
"3101","1","074","Personer1","2015",0,,"Halden","Menn","74 år","Personer","2015","07459","2026-09-10 13:01:08 UTC"
"3101","1","074","Personer1","2016",0,,"Halden","Menn","74 år","Personer","2016","07459","2026-09-10 13:01:08 UTC"
"3101","1","074","Personer1","2017",0,,"Halden","Menn","74 år","Personer","2017","07459","2026-09-10 13:01:08 UTC"
"3101","1","074","Personer1","2018",0,,"Halden","Menn","74 år","Personer","2018","07459","2026-09-10 13:01:08 UTC"
"3101","1","074","Personer1","2019",0,,"Halden","Menn","74 år","Personer","2019","07459","2026-09-10 13:01:08 UTC"
"3101","1","074","Personer1","2020",0,,"Halden","Menn","74 år","Personer","2020","07459","2026-09-10 13:01:08 UTC"
"3101","1","074","Personer1","2021",0,,"Halden","Menn","74 år","Personer","2021","07459","2026-09-10 13:01:08 UTC"
"3101","1","074","Personer1","2022",0,,"Halden","Menn","74 år","Personer","2022","07459","2026-09-10 13:01:08 UTC"
"3101","1","074","Personer1","2023",0,,"Halden","Menn","74 år","Personer","2023","07459","2026-09-10 13:01:08 UTC"
"3101","1","074","Personer1","2024",178,,"Halden","Menn","74 år","Personer","2024","07459","2026-09-10 13:01:08 UTC"
"3101","1","074","Personer1","2025",165,,"Halden","Menn","74 år","Personer","2025","07459","2026-09-10 13:01:08 UTC"
"3101","1","074","Personer1","2026",161,,"Halden","Menn","74 år","Personer","2026","07459","2026-09-10 13:01:08 UTC"
"3101","1","075","Personer1","2005",0,,"Halden","Menn","75 år","Personer","2005","07459","2026-09-10 13:01:08 UTC"
"3101","1","075","Personer1","2006",0,,"Halden","Menn","75 år","Personer","2006","07459","2026-09-10 13:01:08 UTC"
"3101","1","075","Personer1","2007",0,,"Halden","Menn","75 år","Personer","2007","07459","2026-09-10 13:01:08 UTC"
"3101","1","075","Personer1","2008",0,,"Halden","Menn","75 år","Personer","2008","07459","2026-09-10 13:01:08 UTC"
"3101","1","075","Personer1","2009",0,,"Halden","Menn","75 år","Personer","2009","07459","2026-09-10 13:01:08 UTC"
"3101","1","075","Personer1","2010",0,,"Halden","Menn","75 år","Personer","2010","07459","2026-09-10 13:01:08 UTC"
"3101","1","075","Personer1","2011",0,,"Halden","Menn","75 år","Personer","2011","07459","2026-09-10 13:01:08 UTC"
"3101","1","075","Personer1","2012",0,,"Halden","Menn","75 år","Personer","2012","07459","2026-09-10 13:01:08 UTC"
"3101","1","075","Personer1","2013",0,,"Halden","Menn","75 år","Personer","2013","07459","2026-09-10 13:01:08 UTC"
"3101","1","075","Personer1","2014",0,,"Halden","Menn","75 år","Personer","2014","07459","2026-09-10 13:01:08 UTC"
"3101","1","075","Personer1","2015",0,,"Halden","Menn","75 år","Personer","2015","07459","2026-09-10 13:01:08 UTC"
"3101","1","075","Personer1","2016",0,,"Halden","Menn","75 år","Personer","2016","07459","2026-09-10 13:01:08 UTC"
"3101","1","075","Personer1","2017",0,,"Halden","Menn","75 år","Personer","2017","07459","2026-09-10 13:01:08 UTC"
"3101","1","075","Personer1","2018",0,,"Halden","Menn","75 år","Personer","2018","07459","2026-09-10 13:01:08 UTC"
"3101","1","075","Personer1","2019",0,,"Halden","Menn","75 år","Personer","2019","07459","2026-09-10 13:01:08 UTC"
"3101","1","075","Personer1","2020",0,,"Halden","Menn","75 år","Personer","2020","07459","2026-09-10 13:01:08 UTC"
"3101","1","075","Personer1","2021",0,,"Halden","Menn","75 år","Personer","2021","07459","2026-09-10 13:01:08 UTC"
"3101","1","075","Personer1","2022",0,,"Halden","Menn","75 år","Personer","2022","07459","2026-09-10 13:01:08 UTC"
"3101","1","075","Personer1","2023",0,,"Halden","Menn","75 år","Personer","2023","07459","2026-09-10 13:01:08 UTC"
"3101","1","075","Personer1","2024",172,,"Halden","Menn","75 år","Personer","2024","07459","2026-09-10 13:01:08 UTC"
"3101","1","075","Personer1","2025",175,,"Halden","Menn","75 år","Personer","2025","07459","2026-09-10 13:01:08 UTC"
"3101","1","075","Personer1","2026",161,,"Halden","Menn","75 år","Personer","2026","07459","2026-09-10 13:01:08 UTC"
"3101","1","076","Personer1","2005",0,,"Halden","Menn","76 år","Personer","2005","07459","2026-09-10 13:01:08 UTC"
"3101","1","076","Personer1","2006",0,,"Halden","Menn","76 år","Personer","2006","07459","2026-09-10 13:01:08 UTC"
"3101","1","076","Personer1","2007",0,,"Halden","Menn","76 år","Personer","2007","07459","2026-09-10 13:01:08 UTC"
"3101","1","076","Personer1","2008",0,,"Halden","Menn","76 år","Personer","2008","07459","2026-09-10 13:01:08 UTC"
"3101","1","076","Personer1","2009",0,,"Halden","Menn","76 år","Personer","2009","07459","2026-09-10 13:01:08 UTC"
"3101","1","076","Personer1","2010",0,,"Halden","Menn","76 år","Personer","2010","07459","2026-09-10 13:01:08 UTC"
"3101","1","076","Personer1","2011",0,,"Halden","Menn","76 år","Personer","2011","07459","2026-09-10 13:01:08 UTC"
"3101","1","076","Personer1","2012",0,,"Halden","Menn","76 år","Personer","2012","07459","2026-09-10 13:01:08 UTC"
"3101","1","076","Personer1","2013",0,,"Halden","Menn","76 år","Personer","2013","07459","2026-09-10 13:01:08 UTC"
"3101","1","076","Personer1","2014",0,,"Halden","Menn","76 år","Personer","2014","07459","2026-09-10 13:01:08 UTC"
"3101","1","076","Personer1","2015",0,,"Halden","Menn","76 år","Personer","2015","07459","2026-09-10 13:01:08 UTC"
"3101","1","076","Personer1","2016",0,,"Halden","Menn","76 år","Personer","2016","07459","2026-09-10 13:01:08 UTC"
"3101","1","076","Personer1","2017",0,,"Halden","Menn","76 år","Personer","2017","07459","2026-09-10 13:01:08 UTC"
"3101","1","076","Personer1","2018",0,,"Halden","Menn","76 år","Personer","2018","07459","2026-09-10 13:01:08 UTC"
"3101","1","076","Personer1","2019",0,,"Halden","Menn","76 år","Personer","2019","07459","2026-09-10 13:01:08 UTC"
"3101","1","076","Personer1","2020",0,,"Halden","Menn","76 år","Personer","2020","07459","2026-09-10 13:01:08 UTC"
"3101","1","076","Personer1","2021",0,,"Halden","Menn","76 år","Personer","2021","07459","2026-09-10 13:01:08 UTC"
"3101","1","076","Personer1","2022",0,,"Halden","Menn","76 år","Personer","2022","07459","2026-09-10 13:01:08 UTC"
"3101","1","076","Personer1","2023",0,,"Halden","Menn","76 år","Personer","2023","07459","2026-09-10 13:01:08 UTC"
"3101","1","076","Personer1","2024",184,,"Halden","Menn","76 år","Personer","2024","07459","2026-09-10 13:01:08 UTC"
"3101","1","076","Personer1","2025",160,,"Halden","Menn","76 år","Personer","2025","07459","2026-09-10 13:01:08 UTC"
"3101","1","076","Personer1","2026",171,,"Halden","Menn","76 år","Personer","2026","07459","2026-09-10 13:01:08 UTC"
"3101","1","077","Personer1","2005",0,,"Halden","Menn","77 år","Personer","2005","07459","2026-09-10 13:01:08 UTC"
"3101","1","077","Personer1","2006",0,,"Halden","Menn","77 år","Personer","2006","07459","2026-09-10 13:01:08 UTC"
"3101","1","077","Personer1","2007",0,,"Halden","Menn","77 år","Personer","2007","07459","2026-09-10 13:01:08 UTC"
"3101","1","077","Personer1","2008",0,,"Halden","Menn","77 år","Personer","2008","07459","2026-09-10 13:01:08 UTC"
"3101","1","077","Personer1","2009",0,,"Halden","Menn","77 år","Personer","2009","07459","2026-09-10 13:01:08 UTC"
"3101","1","077","Personer1","2010",0,,"Halden","Menn","77 år","Personer","2010","07459","2026-09-10 13:01:08 UTC"
"3101","1","077","Personer1","2011",0,,"Halden","Menn","77 år","Personer","2011","07459","2026-09-10 13:01:08 UTC"
"3101","1","077","Personer1","2012",0,,"Halden","Menn","77 år","Personer","2012","07459","2026-09-10 13:01:08 UTC"
"3101","1","077","Personer1","2013",0,,"Halden","Menn","77 år","Personer","2013","07459","2026-09-10 13:01:08 UTC"
"3101","1","077","Personer1","2014",0,,"Halden","Menn","77 år","Personer","2014","07459","2026-09-10 13:01:08 UTC"
"3101","1","077","Personer1","2015",0,,"Halden","Menn","77 år","Personer","2015","07459","2026-09-10 13:01:08 UTC"
"3101","1","077","Personer1","2016",0,,"Halden","Menn","77 år","Personer","2016","07459","2026-09-10 13:01:08 UTC"
"3101","1","077","Personer1","2017",0,,"Halden","Menn","77 år","Personer","2017","07459","2026-09-10 13:01:08 UTC"
"3101","1","077","Personer1","2018",0,,"Halden","Menn","77 år","Personer","2018","07459","2026-09-10 13:01:08 UTC"
"3101","1","077","Personer1","2019",0,,"Halden","Menn","77 år","Personer","2019","07459","2026-09-10 13:01:08 UTC"
"3101","1","077","Personer1","2020",0,,"Halden","Menn","77 år","Personer","2020","07459","2026-09-10 13:01:08 UTC"
"3101","1","077","Personer1","2021",0,,"Halden","Menn","77 år","Personer","2021","07459","2026-09-10 13:01:08 UTC"
"3101","1","077","Personer1","2022",0,,"Halden","Menn","77 år","Personer","2022","07459","2026-09-10 13:01:08 UTC"
"3101","1","077","Personer1","2023",0,,"Halden","Menn","77 år","Personer","2023","07459","2026-09-10 13:01:08 UTC"
"3101","1","077","Personer1","2024",175,,"Halden","Menn","77 år","Personer","2024","07459","2026-09-10 13:01:08 UTC"
"3101","1","077","Personer1","2025",177,,"Halden","Menn","77 år","Personer","2025","07459","2026-09-10 13:01:08 UTC"
"3101","1","077","Personer1","2026",154,,"Halden","Menn","77 år","Personer","2026","07459","2026-09-10 13:01:08 UTC"
"3101","1","078","Personer1","2005",0,,"Halden","Menn","78 år","Personer","2005","07459","2026-09-10 13:01:08 UTC"
"3101","1","078","Personer1","2006",0,,"Halden","Menn","78 år","Personer","2006","07459","2026-09-10 13:01:08 UTC"
"3101","1","078","Personer1","2007",0,,"Halden","Menn","78 år","Personer","2007","07459","2026-09-10 13:01:08 UTC"
"3101","1","078","Personer1","2008",0,,"Halden","Menn","78 år","Personer","2008","07459","2026-09-10 13:01:08 UTC"
"3101","1","078","Personer1","2009",0,,"Halden","Menn","78 år","Personer","2009","07459","2026-09-10 13:01:08 UTC"
"3101","1","078","Personer1","2010",0,,"Halden","Menn","78 år","Personer","2010","07459","2026-09-10 13:01:08 UTC"
"3101","1","078","Personer1","2011",0,,"Halden","Menn","78 år","Personer","2011","07459","2026-09-10 13:01:08 UTC"
"3101","1","078","Personer1","2012",0,,"Halden","Menn","78 år","Personer","2012","07459","2026-09-10 13:01:08 UTC"
"3101","1","078","Personer1","2013",0,,"Halden","Menn","78 år","Personer","2013","07459","2026-09-10 13:01:08 UTC"
"3101","1","078","Personer1","2014",0,,"Halden","Menn","78 år","Personer","2014","07459","2026-09-10 13:01:08 UTC"
"3101","1","078","Personer1","2015",0,,"Halden","Menn","78 år","Personer","2015","07459","2026-09-10 13:01:08 UTC"
"3101","1","078","Personer1","2016",0,,"Halden","Menn","78 år","Personer","2016","07459","2026-09-10 13:01:08 UTC"
"3101","1","078","Personer1","2017",0,,"Halden","Menn","78 år","Personer","2017","07459","2026-09-10 13:01:08 UTC"
"3101","1","078","Personer1","2018",0,,"Halden","Menn","78 år","Personer","2018","07459","2026-09-10 13:01:08 UTC"
"3101","1","078","Personer1","2019",0,,"Halden","Menn","78 år","Personer","2019","07459","2026-09-10 13:01:08 UTC"
"3101","1","078","Personer1","2020",0,,"Halden","Menn","78 år","Personer","2020","07459","2026-09-10 13:01:08 UTC"
"3101","1","078","Personer1","2021",0,,"Halden","Menn","78 år","Personer","2021","07459","2026-09-10 13:01:08 UTC"
"3101","1","078","Personer1","2022",0,,"Halden","Menn","78 år","Personer","2022","07459","2026-09-10 13:01:08 UTC"
"3101","1","078","Personer1","2023",0,,"Halden","Menn","78 år","Personer","2023","07459","2026-09-10 13:01:08 UTC"
"3101","1","078","Personer1","2024",119,,"Halden","Menn","78 år","Personer","2024","07459","2026-09-10 13:01:08 UTC"
"3101","1","078","Personer1","2025",170,,"Halden","Menn","78 år","Personer","2025","07459","2026-09-10 13:01:08 UTC"
"3101","1","078","Personer1","2026",171,,"Halden","Menn","78 år","Personer","2026","07459","2026-09-10 13:01:08 UTC"
"3101","1","079","Personer1","2005",0,,"Halden","Menn","79 år","Personer","2005","07459","2026-09-10 13:01:08 UTC"
"3101","1","079","Personer1","2006",0,,"Halden","Menn","79 år","Personer","2006","07459","2026-09-10 13:01:08 UTC"
"3101","1","079","Personer1","2007",0,,"Halden","Menn","79 år","Personer","2007","07459","2026-09-10 13:01:08 UTC"
"3101","1","079","Personer1","2008",0,,"Halden","Menn","79 år","Personer","2008","07459","2026-09-10 13:01:08 UTC"
"3101","1","079","Personer1","2009",0,,"Halden","Menn","79 år","Personer","2009","07459","2026-09-10 13:01:08 UTC"
"3101","1","079","Personer1","2010",0,,"Halden","Menn","79 år","Personer","2010","07459","2026-09-10 13:01:08 UTC"
"3101","1","079","Personer1","2011",0,,"Halden","Menn","79 år","Personer","2011","07459","2026-09-10 13:01:08 UTC"
"3101","1","079","Personer1","2012",0,,"Halden","Menn","79 år","Personer","2012","07459","2026-09-10 13:01:08 UTC"
"3101","1","079","Personer1","2013",0,,"Halden","Menn","79 år","Personer","2013","07459","2026-09-10 13:01:08 UTC"
"3101","1","079","Personer1","2014",0,,"Halden","Menn","79 år","Personer","2014","07459","2026-09-10 13:01:08 UTC"
"3101","1","079","Personer1","2015",0,,"Halden","Menn","79 år","Personer","2015","07459","2026-09-10 13:01:08 UTC"
"3101","1","079","Personer1","2016",0,,"Halden","Menn","79 år","Personer","2016","07459","2026-09-10 13:01:08 UTC"
"3101","1","079","Personer1","2017",0,,"Halden","Menn","79 år","Personer","2017","07459","2026-09-10 13:01:08 UTC"
"3101","1","079","Personer1","2018",0,,"Halden","Menn","79 år","Personer","2018","07459","2026-09-10 13:01:08 UTC"
"3101","1","079","Personer1","2019",0,,"Halden","Menn","79 år","Personer","2019","07459","2026-09-10 13:01:08 UTC"
"3101","1","079","Personer1","2020",0,,"Halden","Menn","79 år","Personer","2020","07459","2026-09-10 13:01:08 UTC"
"3101","1","079","Personer1","2021",0,,"Halden","Menn","79 år","Personer","2021","07459","2026-09-10 13:01:08 UTC"
"3101","1","079","Personer1","2022",0,,"Halden","Menn","79 år","Personer","2022","07459","2026-09-10 13:01:08 UTC"
"3101","1","079","Personer1","2023",0,,"Halden","Menn","79 år","Personer","2023","07459","2026-09-10 13:01:08 UTC"
"3101","1","079","Personer1","2024",135,,"Halden","Menn","79 år","Personer","2024","07459","2026-09-10 13:01:08 UTC"
"3101","1","079","Personer1","2025",120,,"Halden","Menn","79 år","Personer","2025","07459","2026-09-10 13:01:08 UTC"
"3101","1","079","Personer1","2026",161,,"Halden","Menn","79 år","Personer","2026","07459","2026-09-10 13:01:08 UTC"
"3101","1","080","Personer1","2005",0,,"Halden","Menn","80 år","Personer","2005","07459","2026-09-10 13:01:08 UTC"
"3101","1","080","Personer1","2006",0,,"Halden","Menn","80 år","Personer","2006","07459","2026-09-10 13:01:08 UTC"
"3101","1","080","Personer1","2007",0,,"Halden","Menn","80 år","Personer","2007","07459","2026-09-10 13:01:08 UTC"
"3101","1","080","Personer1","2008",0,,"Halden","Menn","80 år","Personer","2008","07459","2026-09-10 13:01:08 UTC"
"3101","1","080","Personer1","2009",0,,"Halden","Menn","80 år","Personer","2009","07459","2026-09-10 13:01:08 UTC"
"3101","1","080","Personer1","2010",0,,"Halden","Menn","80 år","Personer","2010","07459","2026-09-10 13:01:08 UTC"
"3101","1","080","Personer1","2011",0,,"Halden","Menn","80 år","Personer","2011","07459","2026-09-10 13:01:08 UTC"
"3101","1","080","Personer1","2012",0,,"Halden","Menn","80 år","Personer","2012","07459","2026-09-10 13:01:08 UTC"
"3101","1","080","Personer1","2013",0,,"Halden","Menn","80 år","Personer","2013","07459","2026-09-10 13:01:08 UTC"
"3101","1","080","Personer1","2014",0,,"Halden","Menn","80 år","Personer","2014","07459","2026-09-10 13:01:08 UTC"
"3101","1","080","Personer1","2015",0,,"Halden","Menn","80 år","Personer","2015","07459","2026-09-10 13:01:08 UTC"
"3101","1","080","Personer1","2016",0,,"Halden","Menn","80 år","Personer","2016","07459","2026-09-10 13:01:08 UTC"
"3101","1","080","Personer1","2017",0,,"Halden","Menn","80 år","Personer","2017","07459","2026-09-10 13:01:08 UTC"
"3101","1","080","Personer1","2018",0,,"Halden","Menn","80 år","Personer","2018","07459","2026-09-10 13:01:08 UTC"
"3101","1","080","Personer1","2019",0,,"Halden","Menn","80 år","Personer","2019","07459","2026-09-10 13:01:08 UTC"
"3101","1","080","Personer1","2020",0,,"Halden","Menn","80 år","Personer","2020","07459","2026-09-10 13:01:08 UTC"
"3101","1","080","Personer1","2021",0,,"Halden","Menn","80 år","Personer","2021","07459","2026-09-10 13:01:08 UTC"
"3101","1","080","Personer1","2022",0,,"Halden","Menn","80 år","Personer","2022","07459","2026-09-10 13:01:08 UTC"
"3101","1","080","Personer1","2023",0,,"Halden","Menn","80 år","Personer","2023","07459","2026-09-10 13:01:08 UTC"
"3101","1","080","Personer1","2024",97,,"Halden","Menn","80 år","Personer","2024","07459","2026-09-10 13:01:08 UTC"
"3101","1","080","Personer1","2025",134,,"Halden","Menn","80 år","Personer","2025","07459","2026-09-10 13:01:08 UTC"
"3101","1","080","Personer1","2026",115,,"Halden","Menn","80 år","Personer","2026","07459","2026-09-10 13:01:08 UTC"
"3101","1","081","Personer1","2005",0,,"Halden","Menn","81 år","Personer","2005","07459","2026-09-10 13:01:08 UTC"
"3101","1","081","Personer1","2006",0,,"Halden","Menn","81 år","Personer","2006","07459","2026-09-10 13:01:08 UTC"
"3101","1","081","Personer1","2007",0,,"Halden","Menn","81 år","Personer","2007","07459","2026-09-10 13:01:08 UTC"
"3101","1","081","Personer1","2008",0,,"Halden","Menn","81 år","Personer","2008","07459","2026-09-10 13:01:08 UTC"
"3101","1","081","Personer1","2009",0,,"Halden","Menn","81 år","Personer","2009","07459","2026-09-10 13:01:08 UTC"
"3101","1","081","Personer1","2010",0,,"Halden","Menn","81 år","Personer","2010","07459","2026-09-10 13:01:08 UTC"
"3101","1","081","Personer1","2011",0,,"Halden","Menn","81 år","Personer","2011","07459","2026-09-10 13:01:08 UTC"
"3101","1","081","Personer1","2012",0,,"Halden","Menn","81 år","Personer","2012","07459","2026-09-10 13:01:08 UTC"
"3101","1","081","Personer1","2013",0,,"Halden","Menn","81 år","Personer","2013","07459","2026-09-10 13:01:08 UTC"
"3101","1","081","Personer1","2014",0,,"Halden","Menn","81 år","Personer","2014","07459","2026-09-10 13:01:08 UTC"
"3101","1","081","Personer1","2015",0,,"Halden","Menn","81 år","Personer","2015","07459","2026-09-10 13:01:08 UTC"
"3101","1","081","Personer1","2016",0,,"Halden","Menn","81 år","Personer","2016","07459","2026-09-10 13:01:08 UTC"
"3101","1","081","Personer1","2017",0,,"Halden","Menn","81 år","Personer","2017","07459","2026-09-10 13:01:08 UTC"
"3101","1","081","Personer1","2018",0,,"Halden","Menn","81 år","Personer","2018","07459","2026-09-10 13:01:08 UTC"
"3101","1","081","Personer1","2019",0,,"Halden","Menn","81 år","Personer","2019","07459","2026-09-10 13:01:08 UTC"
"3101","1","081","Personer1","2020",0,,"Halden","Menn","81 år","Personer","2020","07459","2026-09-10 13:01:08 UTC"
"3101","1","081","Personer1","2021",0,,"Halden","Menn","81 år","Personer","2021","07459","2026-09-10 13:01:08 UTC"
"3101","1","081","Personer1","2022",0,,"Halden","Menn","81 år","Personer","2022","07459","2026-09-10 13:01:08 UTC"
"3101","1","081","Personer1","2023",0,,"Halden","Menn","81 år","Personer","2023","07459","2026-09-10 13:01:08 UTC"
"3101","1","081","Personer1","2024",91,,"Halden","Menn","81 år","Personer","2024","07459","2026-09-10 13:01:08 UTC"
"3101","1","081","Personer1","2025",93,,"Halden","Menn","81 år","Personer","2025","07459","2026-09-10 13:01:08 UTC"
"3101","1","081","Personer1","2026",123,,"Halden","Menn","81 år","Personer","2026","07459","2026-09-10 13:01:08 UTC"
"3101","1","082","Personer1","2005",0,,"Halden","Menn","82 år","Personer","2005","07459","2026-09-10 13:01:08 UTC"
"3101","1","082","Personer1","2006",0,,"Halden","Menn","82 år","Personer","2006","07459","2026-09-10 13:01:08 UTC"
"3101","1","082","Personer1","2007",0,,"Halden","Menn","82 år","Personer","2007","07459","2026-09-10 13:01:08 UTC"
"3101","1","082","Personer1","2008",0,,"Halden","Menn","82 år","Personer","2008","07459","2026-09-10 13:01:08 UTC"
"3101","1","082","Personer1","2009",0,,"Halden","Menn","82 år","Personer","2009","07459","2026-09-10 13:01:08 UTC"
"3101","1","082","Personer1","2010",0,,"Halden","Menn","82 år","Personer","2010","07459","2026-09-10 13:01:08 UTC"
"3101","1","082","Personer1","2011",0,,"Halden","Menn","82 år","Personer","2011","07459","2026-09-10 13:01:08 UTC"
"3101","1","082","Personer1","2012",0,,"Halden","Menn","82 år","Personer","2012","07459","2026-09-10 13:01:08 UTC"
"3101","1","082","Personer1","2013",0,,"Halden","Menn","82 år","Personer","2013","07459","2026-09-10 13:01:08 UTC"
"3101","1","082","Personer1","2014",0,,"Halden","Menn","82 år","Personer","2014","07459","2026-09-10 13:01:08 UTC"
"3101","1","082","Personer1","2015",0,,"Halden","Menn","82 år","Personer","2015","07459","2026-09-10 13:01:08 UTC"
"3101","1","082","Personer1","2016",0,,"Halden","Menn","82 år","Personer","2016","07459","2026-09-10 13:01:08 UTC"
"3101","1","082","Personer1","2017",0,,"Halden","Menn","82 år","Personer","2017","07459","2026-09-10 13:01:08 UTC"
"3101","1","082","Personer1","2018",0,,"Halden","Menn","82 år","Personer","2018","07459","2026-09-10 13:01:08 UTC"
"3101","1","082","Personer1","2019",0,,"Halden","Menn","82 år","Personer","2019","07459","2026-09-10 13:01:08 UTC"
"3101","1","082","Personer1","2020",0,,"Halden","Menn","82 år","Personer","2020","07459","2026-09-10 13:01:08 UTC"
"3101","1","082","Personer1","2021",0,,"Halden","Menn","82 år","Personer","2021","07459","2026-09-10 13:01:08 UTC"
"3101","1","082","Personer1","2022",0,,"Halden","Menn","82 år","Personer","2022","07459","2026-09-10 13:01:08 UTC"
"3101","1","082","Personer1","2023",0,,"Halden","Menn","82 år","Personer","2023","07459","2026-09-10 13:01:08 UTC"
"3101","1","082","Personer1","2024",63,,"Halden","Menn","82 år","Personer","2024","07459","2026-09-10 13:01:08 UTC"
"3101","1","082","Personer1","2025",84,,"Halden","Menn","82 år","Personer","2025","07459","2026-09-10 13:01:08 UTC"
"3101","1","082","Personer1","2026",88,,"Halden","Menn","82 år","Personer","2026","07459","2026-09-10 13:01:08 UTC"
"3101","1","083","Personer1","2005",0,,"Halden","Menn","83 år","Personer","2005","07459","2026-09-10 13:01:08 UTC"
"3101","1","083","Personer1","2006",0,,"Halden","Menn","83 år","Personer","2006","07459","2026-09-10 13:01:08 UTC"
"3101","1","083","Personer1","2007",0,,"Halden","Menn","83 år","Personer","2007","07459","2026-09-10 13:01:08 UTC"
"3101","1","083","Personer1","2008",0,,"Halden","Menn","83 år","Personer","2008","07459","2026-09-10 13:01:08 UTC"
"3101","1","083","Personer1","2009",0,,"Halden","Menn","83 år","Personer","2009","07459","2026-09-10 13:01:08 UTC"
"3101","1","083","Personer1","2010",0,,"Halden","Menn","83 år","Personer","2010","07459","2026-09-10 13:01:08 UTC"
"3101","1","083","Personer1","2011",0,,"Halden","Menn","83 år","Personer","2011","07459","2026-09-10 13:01:08 UTC"
"3101","1","083","Personer1","2012",0,,"Halden","Menn","83 år","Personer","2012","07459","2026-09-10 13:01:08 UTC"
"3101","1","083","Personer1","2013",0,,"Halden","Menn","83 år","Personer","2013","07459","2026-09-10 13:01:08 UTC"
"3101","1","083","Personer1","2014",0,,"Halden","Menn","83 år","Personer","2014","07459","2026-09-10 13:01:08 UTC"
"3101","1","083","Personer1","2015",0,,"Halden","Menn","83 år","Personer","2015","07459","2026-09-10 13:01:08 UTC"
"3101","1","083","Personer1","2016",0,,"Halden","Menn","83 år","Personer","2016","07459","2026-09-10 13:01:08 UTC"
"3101","1","083","Personer1","2017",0,,"Halden","Menn","83 år","Personer","2017","07459","2026-09-10 13:01:08 UTC"
"3101","1","083","Personer1","2018",0,,"Halden","Menn","83 år","Personer","2018","07459","2026-09-10 13:01:08 UTC"
"3101","1","083","Personer1","2019",0,,"Halden","Menn","83 år","Personer","2019","07459","2026-09-10 13:01:08 UTC"
"3101","1","083","Personer1","2020",0,,"Halden","Menn","83 år","Personer","2020","07459","2026-09-10 13:01:08 UTC"
"3101","1","083","Personer1","2021",0,,"Halden","Menn","83 år","Personer","2021","07459","2026-09-10 13:01:08 UTC"
"3101","1","083","Personer1","2022",0,,"Halden","Menn","83 år","Personer","2022","07459","2026-09-10 13:01:08 UTC"
"3101","1","083","Personer1","2023",0,,"Halden","Menn","83 år","Personer","2023","07459","2026-09-10 13:01:08 UTC"
"3101","1","083","Personer1","2024",63,,"Halden","Menn","83 år","Personer","2024","07459","2026-09-10 13:01:08 UTC"
"3101","1","083","Personer1","2025",59,,"Halden","Menn","83 år","Personer","2025","07459","2026-09-10 13:01:08 UTC"
"3101","1","083","Personer1","2026",77,,"Halden","Menn","83 år","Personer","2026","07459","2026-09-10 13:01:08 UTC"
"3101","1","084","Personer1","2005",0,,"Halden","Menn","84 år","Personer","2005","07459","2026-09-10 13:01:08 UTC"
"3101","1","084","Personer1","2006",0,,"Halden","Menn","84 år","Personer","2006","07459","2026-09-10 13:01:08 UTC"
"3101","1","084","Personer1","2007",0,,"Halden","Menn","84 år","Personer","2007","07459","2026-09-10 13:01:08 UTC"
"3101","1","084","Personer1","2008",0,,"Halden","Menn","84 år","Personer","2008","07459","2026-09-10 13:01:08 UTC"
"3101","1","084","Personer1","2009",0,,"Halden","Menn","84 år","Personer","2009","07459","2026-09-10 13:01:08 UTC"
"3101","1","084","Personer1","2010",0,,"Halden","Menn","84 år","Personer","2010","07459","2026-09-10 13:01:08 UTC"
"3101","1","084","Personer1","2011",0,,"Halden","Menn","84 år","Personer","2011","07459","2026-09-10 13:01:08 UTC"
"3101","1","084","Personer1","2012",0,,"Halden","Menn","84 år","Personer","2012","07459","2026-09-10 13:01:08 UTC"
"3101","1","084","Personer1","2013",0,,"Halden","Menn","84 år","Personer","2013","07459","2026-09-10 13:01:08 UTC"
"3101","1","084","Personer1","2014",0,,"Halden","Menn","84 år","Personer","2014","07459","2026-09-10 13:01:08 UTC"
"3101","1","084","Personer1","2015",0,,"Halden","Menn","84 år","Personer","2015","07459","2026-09-10 13:01:08 UTC"
"3101","1","084","Personer1","2016",0,,"Halden","Menn","84 år","Personer","2016","07459","2026-09-10 13:01:08 UTC"
"3101","1","084","Personer1","2017",0,,"Halden","Menn","84 år","Personer","2017","07459","2026-09-10 13:01:08 UTC"
"3101","1","084","Personer1","2018",0,,"Halden","Menn","84 år","Personer","2018","07459","2026-09-10 13:01:08 UTC"
"3101","1","084","Personer1","2019",0,,"Halden","Menn","84 år","Personer","2019","07459","2026-09-10 13:01:08 UTC"
"3101","1","084","Personer1","2020",0,,"Halden","Menn","84 år","Personer","2020","07459","2026-09-10 13:01:08 UTC"
"3101","1","084","Personer1","2021",0,,"Halden","Menn","84 år","Personer","2021","07459","2026-09-10 13:01:08 UTC"
"3101","1","084","Personer1","2022",0,,"Halden","Menn","84 år","Personer","2022","07459","2026-09-10 13:01:08 UTC"
"3101","1","084","Personer1","2023",0,,"Halden","Menn","84 år","Personer","2023","07459","2026-09-10 13:01:08 UTC"
"3101","1","084","Personer1","2024",64,,"Halden","Menn","84 år","Personer","2024","07459","2026-09-10 13:01:08 UTC"
"3101","1","084","Personer1","2025",61,,"Halden","Menn","84 år","Personer","2025","07459","2026-09-10 13:01:08 UTC"
"3101","1","084","Personer1","2026",53,,"Halden","Menn","84 år","Personer","2026","07459","2026-09-10 13:01:08 UTC"
"3101","1","085","Personer1","2005",0,,"Halden","Menn","85 år","Personer","2005","07459","2026-09-10 13:01:08 UTC"
"3101","1","085","Personer1","2006",0,,"Halden","Menn","85 år","Personer","2006","07459","2026-09-10 13:01:08 UTC"
"3101","1","085","Personer1","2007",0,,"Halden","Menn","85 år","Personer","2007","07459","2026-09-10 13:01:08 UTC"
"3101","1","085","Personer1","2008",0,,"Halden","Menn","85 år","Personer","2008","07459","2026-09-10 13:01:08 UTC"
"3101","1","085","Personer1","2009",0,,"Halden","Menn","85 år","Personer","2009","07459","2026-09-10 13:01:08 UTC"
"3101","1","085","Personer1","2010",0,,"Halden","Menn","85 år","Personer","2010","07459","2026-09-10 13:01:08 UTC"
"3101","1","085","Personer1","2011",0,,"Halden","Menn","85 år","Personer","2011","07459","2026-09-10 13:01:08 UTC"
"3101","1","085","Personer1","2012",0,,"Halden","Menn","85 år","Personer","2012","07459","2026-09-10 13:01:08 UTC"
"3101","1","085","Personer1","2013",0,,"Halden","Menn","85 år","Personer","2013","07459","2026-09-10 13:01:08 UTC"
"3101","1","085","Personer1","2014",0,,"Halden","Menn","85 år","Personer","2014","07459","2026-09-10 13:01:08 UTC"
"3101","1","085","Personer1","2015",0,,"Halden","Menn","85 år","Personer","2015","07459","2026-09-10 13:01:08 UTC"
"3101","1","085","Personer1","2016",0,,"Halden","Menn","85 år","Personer","2016","07459","2026-09-10 13:01:08 UTC"
"3101","1","085","Personer1","2017",0,,"Halden","Menn","85 år","Personer","2017","07459","2026-09-10 13:01:08 UTC"
"3101","1","085","Personer1","2018",0,,"Halden","Menn","85 år","Personer","2018","07459","2026-09-10 13:01:08 UTC"
"3101","1","085","Personer1","2019",0,,"Halden","Menn","85 år","Personer","2019","07459","2026-09-10 13:01:08 UTC"
"3101","1","085","Personer1","2020",0,,"Halden","Menn","85 år","Personer","2020","07459","2026-09-10 13:01:08 UTC"
"3101","1","085","Personer1","2021",0,,"Halden","Menn","85 år","Personer","2021","07459","2026-09-10 13:01:08 UTC"
"3101","1","085","Personer1","2022",0,,"Halden","Menn","85 år","Personer","2022","07459","2026-09-10 13:01:08 UTC"
"3101","1","085","Personer1","2023",0,,"Halden","Menn","85 år","Personer","2023","07459","2026-09-10 13:01:08 UTC"
"3101","1","085","Personer1","2024",47,,"Halden","Menn","85 år","Personer","2024","07459","2026-09-10 13:01:08 UTC"
"3101","1","085","Personer1","2025",57,,"Halden","Menn","85 år","Personer","2025","07459","2026-09-10 13:01:08 UTC"
"3101","1","085","Personer1","2026",58,,"Halden","Menn","85 år","Personer","2026","07459","2026-09-10 13:01:08 UTC"
"3101","1","086","Personer1","2005",0,,"Halden","Menn","86 år","Personer","2005","07459","2026-09-10 13:01:08 UTC"
"3101","1","086","Personer1","2006",0,,"Halden","Menn","86 år","Personer","2006","07459","2026-09-10 13:01:08 UTC"
"3101","1","086","Personer1","2007",0,,"Halden","Menn","86 år","Personer","2007","07459","2026-09-10 13:01:08 UTC"
"3101","1","086","Personer1","2008",0,,"Halden","Menn","86 år","Personer","2008","07459","2026-09-10 13:01:08 UTC"
"3101","1","086","Personer1","2009",0,,"Halden","Menn","86 år","Personer","2009","07459","2026-09-10 13:01:08 UTC"
"3101","1","086","Personer1","2010",0,,"Halden","Menn","86 år","Personer","2010","07459","2026-09-10 13:01:08 UTC"
"3101","1","086","Personer1","2011",0,,"Halden","Menn","86 år","Personer","2011","07459","2026-09-10 13:01:08 UTC"
"3101","1","086","Personer1","2012",0,,"Halden","Menn","86 år","Personer","2012","07459","2026-09-10 13:01:08 UTC"
"3101","1","086","Personer1","2013",0,,"Halden","Menn","86 år","Personer","2013","07459","2026-09-10 13:01:08 UTC"
"3101","1","086","Personer1","2014",0,,"Halden","Menn","86 år","Personer","2014","07459","2026-09-10 13:01:08 UTC"
"3101","1","086","Personer1","2015",0,,"Halden","Menn","86 år","Personer","2015","07459","2026-09-10 13:01:08 UTC"
"3101","1","086","Personer1","2016",0,,"Halden","Menn","86 år","Personer","2016","07459","2026-09-10 13:01:08 UTC"
"3101","1","086","Personer1","2017",0,,"Halden","Menn","86 år","Personer","2017","07459","2026-09-10 13:01:08 UTC"
"3101","1","086","Personer1","2018",0,,"Halden","Menn","86 år","Personer","2018","07459","2026-09-10 13:01:08 UTC"
"3101","1","086","Personer1","2019",0,,"Halden","Menn","86 år","Personer","2019","07459","2026-09-10 13:01:08 UTC"
"3101","1","086","Personer1","2020",0,,"Halden","Menn","86 år","Personer","2020","07459","2026-09-10 13:01:08 UTC"
"3101","1","086","Personer1","2021",0,,"Halden","Menn","86 år","Personer","2021","07459","2026-09-10 13:01:08 UTC"
"3101","1","086","Personer1","2022",0,,"Halden","Menn","86 år","Personer","2022","07459","2026-09-10 13:01:08 UTC"
"3101","1","086","Personer1","2023",0,,"Halden","Menn","86 år","Personer","2023","07459","2026-09-10 13:01:08 UTC"
"3101","1","086","Personer1","2024",39,,"Halden","Menn","86 år","Personer","2024","07459","2026-09-10 13:01:08 UTC"
"3101","1","086","Personer1","2025",47,,"Halden","Menn","86 år","Personer","2025","07459","2026-09-10 13:01:08 UTC"
"3101","1","086","Personer1","2026",51,,"Halden","Menn","86 år","Personer","2026","07459","2026-09-10 13:01:08 UTC"
"3101","1","087","Personer1","2005",0,,"Halden","Menn","87 år","Personer","2005","07459","2026-09-10 13:01:08 UTC"
"3101","1","087","Personer1","2006",0,,"Halden","Menn","87 år","Personer","2006","07459","2026-09-10 13:01:08 UTC"
"3101","1","087","Personer1","2007",0,,"Halden","Menn","87 år","Personer","2007","07459","2026-09-10 13:01:08 UTC"
"3101","1","087","Personer1","2008",0,,"Halden","Menn","87 år","Personer","2008","07459","2026-09-10 13:01:08 UTC"
"3101","1","087","Personer1","2009",0,,"Halden","Menn","87 år","Personer","2009","07459","2026-09-10 13:01:08 UTC"
"3101","1","087","Personer1","2010",0,,"Halden","Menn","87 år","Personer","2010","07459","2026-09-10 13:01:08 UTC"
"3101","1","087","Personer1","2011",0,,"Halden","Menn","87 år","Personer","2011","07459","2026-09-10 13:01:08 UTC"
"3101","1","087","Personer1","2012",0,,"Halden","Menn","87 år","Personer","2012","07459","2026-09-10 13:01:08 UTC"
"3101","1","087","Personer1","2013",0,,"Halden","Menn","87 år","Personer","2013","07459","2026-09-10 13:01:08 UTC"
"3101","1","087","Personer1","2014",0,,"Halden","Menn","87 år","Personer","2014","07459","2026-09-10 13:01:08 UTC"
"3101","1","087","Personer1","2015",0,,"Halden","Menn","87 år","Personer","2015","07459","2026-09-10 13:01:08 UTC"
"3101","1","087","Personer1","2016",0,,"Halden","Menn","87 år","Personer","2016","07459","2026-09-10 13:01:08 UTC"
"3101","1","087","Personer1","2017",0,,"Halden","Menn","87 år","Personer","2017","07459","2026-09-10 13:01:08 UTC"
"3101","1","087","Personer1","2018",0,,"Halden","Menn","87 år","Personer","2018","07459","2026-09-10 13:01:08 UTC"
"3101","1","087","Personer1","2019",0,,"Halden","Menn","87 år","Personer","2019","07459","2026-09-10 13:01:08 UTC"
"3101","1","087","Personer1","2020",0,,"Halden","Menn","87 år","Personer","2020","07459","2026-09-10 13:01:08 UTC"
"3101","1","087","Personer1","2021",0,,"Halden","Menn","87 år","Personer","2021","07459","2026-09-10 13:01:08 UTC"
"3101","1","087","Personer1","2022",0,,"Halden","Menn","87 år","Personer","2022","07459","2026-09-10 13:01:08 UTC"
"3101","1","087","Personer1","2023",0,,"Halden","Menn","87 år","Personer","2023","07459","2026-09-10 13:01:08 UTC"
"3101","1","087","Personer1","2024",45,,"Halden","Menn","87 år","Personer","2024","07459","2026-09-10 13:01:08 UTC"
"3101","1","087","Personer1","2025",36,,"Halden","Menn","87 år","Personer","2025","07459","2026-09-10 13:01:08 UTC"
"3101","1","087","Personer1","2026",44,,"Halden","Menn","87 år","Personer","2026","07459","2026-09-10 13:01:08 UTC"
"3101","1","088","Personer1","2005",0,,"Halden","Menn","88 år","Personer","2005","07459","2026-09-10 13:01:08 UTC"
"3101","1","088","Personer1","2006",0,,"Halden","Menn","88 år","Personer","2006","07459","2026-09-10 13:01:08 UTC"
"3101","1","088","Personer1","2007",0,,"Halden","Menn","88 år","Personer","2007","07459","2026-09-10 13:01:08 UTC"
"3101","1","088","Personer1","2008",0,,"Halden","Menn","88 år","Personer","2008","07459","2026-09-10 13:01:08 UTC"
"3101","1","088","Personer1","2009",0,,"Halden","Menn","88 år","Personer","2009","07459","2026-09-10 13:01:08 UTC"
"3101","1","088","Personer1","2010",0,,"Halden","Menn","88 år","Personer","2010","07459","2026-09-10 13:01:08 UTC"
"3101","1","088","Personer1","2011",0,,"Halden","Menn","88 år","Personer","2011","07459","2026-09-10 13:01:08 UTC"
"3101","1","088","Personer1","2012",0,,"Halden","Menn","88 år","Personer","2012","07459","2026-09-10 13:01:08 UTC"
"3101","1","088","Personer1","2013",0,,"Halden","Menn","88 år","Personer","2013","07459","2026-09-10 13:01:08 UTC"
"3101","1","088","Personer1","2014",0,,"Halden","Menn","88 år","Personer","2014","07459","2026-09-10 13:01:08 UTC"
"3101","1","088","Personer1","2015",0,,"Halden","Menn","88 år","Personer","2015","07459","2026-09-10 13:01:08 UTC"
"3101","1","088","Personer1","2016",0,,"Halden","Menn","88 år","Personer","2016","07459","2026-09-10 13:01:08 UTC"
"3101","1","088","Personer1","2017",0,,"Halden","Menn","88 år","Personer","2017","07459","2026-09-10 13:01:08 UTC"
"3101","1","088","Personer1","2018",0,,"Halden","Menn","88 år","Personer","2018","07459","2026-09-10 13:01:08 UTC"
"3101","1","088","Personer1","2019",0,,"Halden","Menn","88 år","Personer","2019","07459","2026-09-10 13:01:08 UTC"
"3101","1","088","Personer1","2020",0,,"Halden","Menn","88 år","Personer","2020","07459","2026-09-10 13:01:08 UTC"
"3101","1","088","Personer1","2021",0,,"Halden","Menn","88 år","Personer","2021","07459","2026-09-10 13:01:08 UTC"
"3101","1","088","Personer1","2022",0,,"Halden","Menn","88 år","Personer","2022","07459","2026-09-10 13:01:08 UTC"
"3101","1","088","Personer1","2023",0,,"Halden","Menn","88 år","Personer","2023","07459","2026-09-10 13:01:08 UTC"
"3101","1","088","Personer1","2024",37,,"Halden","Menn","88 år","Personer","2024","07459","2026-09-10 13:01:08 UTC"
"3101","1","088","Personer1","2025",38,,"Halden","Menn","88 år","Personer","2025","07459","2026-09-10 13:01:08 UTC"
"3101","1","088","Personer1","2026",32,,"Halden","Menn","88 år","Personer","2026","07459","2026-09-10 13:01:08 UTC"
"3101","1","089","Personer1","2005",0,,"Halden","Menn","89 år","Personer","2005","07459","2026-09-10 13:01:08 UTC"
"3101","1","089","Personer1","2006",0,,"Halden","Menn","89 år","Personer","2006","07459","2026-09-10 13:01:08 UTC"
"3101","1","089","Personer1","2007",0,,"Halden","Menn","89 år","Personer","2007","07459","2026-09-10 13:01:08 UTC"
"3101","1","089","Personer1","2008",0,,"Halden","Menn","89 år","Personer","2008","07459","2026-09-10 13:01:08 UTC"
"3101","1","089","Personer1","2009",0,,"Halden","Menn","89 år","Personer","2009","07459","2026-09-10 13:01:08 UTC"
"3101","1","089","Personer1","2010",0,,"Halden","Menn","89 år","Personer","2010","07459","2026-09-10 13:01:08 UTC"
"3101","1","089","Personer1","2011",0,,"Halden","Menn","89 år","Personer","2011","07459","2026-09-10 13:01:08 UTC"
"3101","1","089","Personer1","2012",0,,"Halden","Menn","89 år","Personer","2012","07459","2026-09-10 13:01:08 UTC"
"3101","1","089","Personer1","2013",0,,"Halden","Menn","89 år","Personer","2013","07459","2026-09-10 13:01:08 UTC"
"3101","1","089","Personer1","2014",0,,"Halden","Menn","89 år","Personer","2014","07459","2026-09-10 13:01:08 UTC"
"3101","1","089","Personer1","2015",0,,"Halden","Menn","89 år","Personer","2015","07459","2026-09-10 13:01:08 UTC"
"3101","1","089","Personer1","2016",0,,"Halden","Menn","89 år","Personer","2016","07459","2026-09-10 13:01:08 UTC"
"3101","1","089","Personer1","2017",0,,"Halden","Menn","89 år","Personer","2017","07459","2026-09-10 13:01:08 UTC"
"3101","1","089","Personer1","2018",0,,"Halden","Menn","89 år","Personer","2018","07459","2026-09-10 13:01:08 UTC"
"3101","1","089","Personer1","2019",0,,"Halden","Menn","89 år","Personer","2019","07459","2026-09-10 13:01:08 UTC"
"3101","1","089","Personer1","2020",0,,"Halden","Menn","89 år","Personer","2020","07459","2026-09-10 13:01:08 UTC"
"3101","1","089","Personer1","2021",0,,"Halden","Menn","89 år","Personer","2021","07459","2026-09-10 13:01:08 UTC"
"3101","1","089","Personer1","2022",0,,"Halden","Menn","89 år","Personer","2022","07459","2026-09-10 13:01:08 UTC"
"3101","1","089","Personer1","2023",0,,"Halden","Menn","89 år","Personer","2023","07459","2026-09-10 13:01:08 UTC"
"3101","1","089","Personer1","2024",23,,"Halden","Menn","89 år","Personer","2024","07459","2026-09-10 13:01:08 UTC"
"3101","1","089","Personer1","2025",34,,"Halden","Menn","89 år","Personer","2025","07459","2026-09-10 13:01:08 UTC"
"3101","1","089","Personer1","2026",36,,"Halden","Menn","89 år","Personer","2026","07459","2026-09-10 13:01:08 UTC"
"3101","1","090","Personer1","2005",0,,"Halden","Menn","90 år","Personer","2005","07459","2026-09-10 13:01:08 UTC"
"3101","1","090","Personer1","2006",0,,"Halden","Menn","90 år","Personer","2006","07459","2026-09-10 13:01:08 UTC"
"3101","1","090","Personer1","2007",0,,"Halden","Menn","90 år","Personer","2007","07459","2026-09-10 13:01:08 UTC"
"3101","1","090","Personer1","2008",0,,"Halden","Menn","90 år","Personer","2008","07459","2026-09-10 13:01:08 UTC"
"3101","1","090","Personer1","2009",0,,"Halden","Menn","90 år","Personer","2009","07459","2026-09-10 13:01:08 UTC"
"3101","1","090","Personer1","2010",0,,"Halden","Menn","90 år","Personer","2010","07459","2026-09-10 13:01:08 UTC"
"3101","1","090","Personer1","2011",0,,"Halden","Menn","90 år","Personer","2011","07459","2026-09-10 13:01:08 UTC"
"3101","1","090","Personer1","2012",0,,"Halden","Menn","90 år","Personer","2012","07459","2026-09-10 13:01:08 UTC"
"3101","1","090","Personer1","2013",0,,"Halden","Menn","90 år","Personer","2013","07459","2026-09-10 13:01:08 UTC"
"3101","1","090","Personer1","2014",0,,"Halden","Menn","90 år","Personer","2014","07459","2026-09-10 13:01:08 UTC"
"3101","1","090","Personer1","2015",0,,"Halden","Menn","90 år","Personer","2015","07459","2026-09-10 13:01:08 UTC"
"3101","1","090","Personer1","2016",0,,"Halden","Menn","90 år","Personer","2016","07459","2026-09-10 13:01:08 UTC"
"3101","1","090","Personer1","2017",0,,"Halden","Menn","90 år","Personer","2017","07459","2026-09-10 13:01:08 UTC"
"3101","1","090","Personer1","2018",0,,"Halden","Menn","90 år","Personer","2018","07459","2026-09-10 13:01:08 UTC"
"3101","1","090","Personer1","2019",0,,"Halden","Menn","90 år","Personer","2019","07459","2026-09-10 13:01:08 UTC"
"3101","1","090","Personer1","2020",0,,"Halden","Menn","90 år","Personer","2020","07459","2026-09-10 13:01:08 UTC"
"3101","1","090","Personer1","2021",0,,"Halden","Menn","90 år","Personer","2021","07459","2026-09-10 13:01:08 UTC"
"3101","1","090","Personer1","2022",0,,"Halden","Menn","90 år","Personer","2022","07459","2026-09-10 13:01:08 UTC"
"3101","1","090","Personer1","2023",0,,"Halden","Menn","90 år","Personer","2023","07459","2026-09-10 13:01:08 UTC"
"3101","1","090","Personer1","2024",34,,"Halden","Menn","90 år","Personer","2024","07459","2026-09-10 13:01:08 UTC"
"3101","1","090","Personer1","2025",16,,"Halden","Menn","90 år","Personer","2025","07459","2026-09-10 13:01:08 UTC"
"3101","1","090","Personer1","2026",27,,"Halden","Menn","90 år","Personer","2026","07459","2026-09-10 13:01:08 UTC"
"3101","1","091","Personer1","2005",0,,"Halden","Menn","91 år","Personer","2005","07459","2026-09-10 13:01:08 UTC"
"3101","1","091","Personer1","2006",0,,"Halden","Menn","91 år","Personer","2006","07459","2026-09-10 13:01:08 UTC"
"3101","1","091","Personer1","2007",0,,"Halden","Menn","91 år","Personer","2007","07459","2026-09-10 13:01:08 UTC"
"3101","1","091","Personer1","2008",0,,"Halden","Menn","91 år","Personer","2008","07459","2026-09-10 13:01:08 UTC"
"3101","1","091","Personer1","2009",0,,"Halden","Menn","91 år","Personer","2009","07459","2026-09-10 13:01:08 UTC"
"3101","1","091","Personer1","2010",0,,"Halden","Menn","91 år","Personer","2010","07459","2026-09-10 13:01:08 UTC"
"3101","1","091","Personer1","2011",0,,"Halden","Menn","91 år","Personer","2011","07459","2026-09-10 13:01:08 UTC"
"3101","1","091","Personer1","2012",0,,"Halden","Menn","91 år","Personer","2012","07459","2026-09-10 13:01:08 UTC"
"3101","1","091","Personer1","2013",0,,"Halden","Menn","91 år","Personer","2013","07459","2026-09-10 13:01:08 UTC"
"3101","1","091","Personer1","2014",0,,"Halden","Menn","91 år","Personer","2014","07459","2026-09-10 13:01:08 UTC"
"3101","1","091","Personer1","2015",0,,"Halden","Menn","91 år","Personer","2015","07459","2026-09-10 13:01:08 UTC"
"3101","1","091","Personer1","2016",0,,"Halden","Menn","91 år","Personer","2016","07459","2026-09-10 13:01:08 UTC"
"3101","1","091","Personer1","2017",0,,"Halden","Menn","91 år","Personer","2017","07459","2026-09-10 13:01:08 UTC"
"3101","1","091","Personer1","2018",0,,"Halden","Menn","91 år","Personer","2018","07459","2026-09-10 13:01:08 UTC"
"3101","1","091","Personer1","2019",0,,"Halden","Menn","91 år","Personer","2019","07459","2026-09-10 13:01:08 UTC"
"3101","1","091","Personer1","2020",0,,"Halden","Menn","91 år","Personer","2020","07459","2026-09-10 13:01:08 UTC"
"3101","1","091","Personer1","2021",0,,"Halden","Menn","91 år","Personer","2021","07459","2026-09-10 13:01:08 UTC"
"3101","1","091","Personer1","2022",0,,"Halden","Menn","91 år","Personer","2022","07459","2026-09-10 13:01:08 UTC"
"3101","1","091","Personer1","2023",0,,"Halden","Menn","91 år","Personer","2023","07459","2026-09-10 13:01:08 UTC"
"3101","1","091","Personer1","2024",22,,"Halden","Menn","91 år","Personer","2024","07459","2026-09-10 13:01:08 UTC"
"3101","1","091","Personer1","2025",24,,"Halden","Menn","91 år","Personer","2025","07459","2026-09-10 13:01:08 UTC"
"3101","1","091","Personer1","2026",12,,"Halden","Menn","91 år","Personer","2026","07459","2026-09-10 13:01:08 UTC"
"3101","1","092","Personer1","2005",0,,"Halden","Menn","92 år","Personer","2005","07459","2026-09-10 13:01:08 UTC"
"3101","1","092","Personer1","2006",0,,"Halden","Menn","92 år","Personer","2006","07459","2026-09-10 13:01:08 UTC"
"3101","1","092","Personer1","2007",0,,"Halden","Menn","92 år","Personer","2007","07459","2026-09-10 13:01:08 UTC"
"3101","1","092","Personer1","2008",0,,"Halden","Menn","92 år","Personer","2008","07459","2026-09-10 13:01:08 UTC"
"3101","1","092","Personer1","2009",0,,"Halden","Menn","92 år","Personer","2009","07459","2026-09-10 13:01:08 UTC"
"3101","1","092","Personer1","2010",0,,"Halden","Menn","92 år","Personer","2010","07459","2026-09-10 13:01:08 UTC"
"3101","1","092","Personer1","2011",0,,"Halden","Menn","92 år","Personer","2011","07459","2026-09-10 13:01:08 UTC"
"3101","1","092","Personer1","2012",0,,"Halden","Menn","92 år","Personer","2012","07459","2026-09-10 13:01:08 UTC"
"3101","1","092","Personer1","2013",0,,"Halden","Menn","92 år","Personer","2013","07459","2026-09-10 13:01:08 UTC"
"3101","1","092","Personer1","2014",0,,"Halden","Menn","92 år","Personer","2014","07459","2026-09-10 13:01:08 UTC"
"3101","1","092","Personer1","2015",0,,"Halden","Menn","92 år","Personer","2015","07459","2026-09-10 13:01:08 UTC"
"3101","1","092","Personer1","2016",0,,"Halden","Menn","92 år","Personer","2016","07459","2026-09-10 13:01:08 UTC"
"3101","1","092","Personer1","2017",0,,"Halden","Menn","92 år","Personer","2017","07459","2026-09-10 13:01:08 UTC"
"3101","1","092","Personer1","2018",0,,"Halden","Menn","92 år","Personer","2018","07459","2026-09-10 13:01:08 UTC"
"3101","1","092","Personer1","2019",0,,"Halden","Menn","92 år","Personer","2019","07459","2026-09-10 13:01:08 UTC"
"3101","1","092","Personer1","2020",0,,"Halden","Menn","92 år","Personer","2020","07459","2026-09-10 13:01:08 UTC"
"3101","1","092","Personer1","2021",0,,"Halden","Menn","92 år","Personer","2021","07459","2026-09-10 13:01:08 UTC"
"3101","1","092","Personer1","2022",0,,"Halden","Menn","92 år","Personer","2022","07459","2026-09-10 13:01:08 UTC"
"3101","1","092","Personer1","2023",0,,"Halden","Menn","92 år","Personer","2023","07459","2026-09-10 13:01:08 UTC"
"3101","1","092","Personer1","2024",14,,"Halden","Menn","92 år","Personer","2024","07459","2026-09-10 13:01:08 UTC"
"3101","1","092","Personer1","2025",19,,"Halden","Menn","92 år","Personer","2025","07459","2026-09-10 13:01:08 UTC"
"3101","1","092","Personer1","2026",15,,"Halden","Menn","92 år","Personer","2026","07459","2026-09-10 13:01:08 UTC"
"3101","1","093","Personer1","2005",0,,"Halden","Menn","93 år","Personer","2005","07459","2026-09-10 13:01:08 UTC"
"3101","1","093","Personer1","2006",0,,"Halden","Menn","93 år","Personer","2006","07459","2026-09-10 13:01:08 UTC"
"3101","1","093","Personer1","2007",0,,"Halden","Menn","93 år","Personer","2007","07459","2026-09-10 13:01:08 UTC"
"3101","1","093","Personer1","2008",0,,"Halden","Menn","93 år","Personer","2008","07459","2026-09-10 13:01:08 UTC"
"3101","1","093","Personer1","2009",0,,"Halden","Menn","93 år","Personer","2009","07459","2026-09-10 13:01:08 UTC"
"3101","1","093","Personer1","2010",0,,"Halden","Menn","93 år","Personer","2010","07459","2026-09-10 13:01:08 UTC"
"3101","1","093","Personer1","2011",0,,"Halden","Menn","93 år","Personer","2011","07459","2026-09-10 13:01:08 UTC"
"3101","1","093","Personer1","2012",0,,"Halden","Menn","93 år","Personer","2012","07459","2026-09-10 13:01:08 UTC"
"3101","1","093","Personer1","2013",0,,"Halden","Menn","93 år","Personer","2013","07459","2026-09-10 13:01:08 UTC"
"3101","1","093","Personer1","2014",0,,"Halden","Menn","93 år","Personer","2014","07459","2026-09-10 13:01:08 UTC"
"3101","1","093","Personer1","2015",0,,"Halden","Menn","93 år","Personer","2015","07459","2026-09-10 13:01:08 UTC"
"3101","1","093","Personer1","2016",0,,"Halden","Menn","93 år","Personer","2016","07459","2026-09-10 13:01:08 UTC"
"3101","1","093","Personer1","2017",0,,"Halden","Menn","93 år","Personer","2017","07459","2026-09-10 13:01:08 UTC"
"3101","1","093","Personer1","2018",0,,"Halden","Menn","93 år","Personer","2018","07459","2026-09-10 13:01:08 UTC"
"3101","1","093","Personer1","2019",0,,"Halden","Menn","93 år","Personer","2019","07459","2026-09-10 13:01:08 UTC"
"3101","1","093","Personer1","2020",0,,"Halden","Menn","93 år","Personer","2020","07459","2026-09-10 13:01:08 UTC"
"3101","1","093","Personer1","2021",0,,"Halden","Menn","93 år","Personer","2021","07459","2026-09-10 13:01:08 UTC"
"3101","1","093","Personer1","2022",0,,"Halden","Menn","93 år","Personer","2022","07459","2026-09-10 13:01:08 UTC"
"3101","1","093","Personer1","2023",0,,"Halden","Menn","93 år","Personer","2023","07459","2026-09-10 13:01:08 UTC"
"3101","1","093","Personer1","2024",14,,"Halden","Menn","93 år","Personer","2024","07459","2026-09-10 13:01:08 UTC"
"3101","1","093","Personer1","2025",11,,"Halden","Menn","93 år","Personer","2025","07459","2026-09-10 13:01:08 UTC"
"3101","1","093","Personer1","2026",18,,"Halden","Menn","93 år","Personer","2026","07459","2026-09-10 13:01:08 UTC"
"3101","1","094","Personer1","2005",0,,"Halden","Menn","94 år","Personer","2005","07459","2026-09-10 13:01:08 UTC"
"3101","1","094","Personer1","2006",0,,"Halden","Menn","94 år","Personer","2006","07459","2026-09-10 13:01:08 UTC"
"3101","1","094","Personer1","2007",0,,"Halden","Menn","94 år","Personer","2007","07459","2026-09-10 13:01:08 UTC"
"3101","1","094","Personer1","2008",0,,"Halden","Menn","94 år","Personer","2008","07459","2026-09-10 13:01:08 UTC"
"3101","1","094","Personer1","2009",0,,"Halden","Menn","94 år","Personer","2009","07459","2026-09-10 13:01:08 UTC"
"3101","1","094","Personer1","2010",0,,"Halden","Menn","94 år","Personer","2010","07459","2026-09-10 13:01:08 UTC"
"3101","1","094","Personer1","2011",0,,"Halden","Menn","94 år","Personer","2011","07459","2026-09-10 13:01:08 UTC"
"3101","1","094","Personer1","2012",0,,"Halden","Menn","94 år","Personer","2012","07459","2026-09-10 13:01:08 UTC"
"3101","1","094","Personer1","2013",0,,"Halden","Menn","94 år","Personer","2013","07459","2026-09-10 13:01:08 UTC"
"3101","1","094","Personer1","2014",0,,"Halden","Menn","94 år","Personer","2014","07459","2026-09-10 13:01:08 UTC"
"3101","1","094","Personer1","2015",0,,"Halden","Menn","94 år","Personer","2015","07459","2026-09-10 13:01:08 UTC"
"3101","1","094","Personer1","2016",0,,"Halden","Menn","94 år","Personer","2016","07459","2026-09-10 13:01:08 UTC"
"3101","1","094","Personer1","2017",0,,"Halden","Menn","94 år","Personer","2017","07459","2026-09-10 13:01:08 UTC"
"3101","1","094","Personer1","2018",0,,"Halden","Menn","94 år","Personer","2018","07459","2026-09-10 13:01:08 UTC"
"3101","1","094","Personer1","2019",0,,"Halden","Menn","94 år","Personer","2019","07459","2026-09-10 13:01:08 UTC"
"3101","1","094","Personer1","2020",0,,"Halden","Menn","94 år","Personer","2020","07459","2026-09-10 13:01:08 UTC"
"3101","1","094","Personer1","2021",0,,"Halden","Menn","94 år","Personer","2021","07459","2026-09-10 13:01:08 UTC"
"3101","1","094","Personer1","2022",0,,"Halden","Menn","94 år","Personer","2022","07459","2026-09-10 13:01:08 UTC"
"3101","1","094","Personer1","2023",0,,"Halden","Menn","94 år","Personer","2023","07459","2026-09-10 13:01:08 UTC"
"3101","1","094","Personer1","2024",10,,"Halden","Menn","94 år","Personer","2024","07459","2026-09-10 13:01:08 UTC"
"3101","1","094","Personer1","2025",9,,"Halden","Menn","94 år","Personer","2025","07459","2026-09-10 13:01:08 UTC"
"3101","1","094","Personer1","2026",8,,"Halden","Menn","94 år","Personer","2026","07459","2026-09-10 13:01:08 UTC"
"3101","1","095","Personer1","2005",0,,"Halden","Menn","95 år","Personer","2005","07459","2026-09-10 13:01:08 UTC"
"3101","1","095","Personer1","2006",0,,"Halden","Menn","95 år","Personer","2006","07459","2026-09-10 13:01:08 UTC"
"3101","1","095","Personer1","2007",0,,"Halden","Menn","95 år","Personer","2007","07459","2026-09-10 13:01:08 UTC"
"3101","1","095","Personer1","2008",0,,"Halden","Menn","95 år","Personer","2008","07459","2026-09-10 13:01:08 UTC"
"3101","1","095","Personer1","2009",0,,"Halden","Menn","95 år","Personer","2009","07459","2026-09-10 13:01:08 UTC"
"3101","1","095","Personer1","2010",0,,"Halden","Menn","95 år","Personer","2010","07459","2026-09-10 13:01:08 UTC"
"3101","1","095","Personer1","2011",0,,"Halden","Menn","95 år","Personer","2011","07459","2026-09-10 13:01:08 UTC"
"3101","1","095","Personer1","2012",0,,"Halden","Menn","95 år","Personer","2012","07459","2026-09-10 13:01:08 UTC"
"3101","1","095","Personer1","2013",0,,"Halden","Menn","95 år","Personer","2013","07459","2026-09-10 13:01:08 UTC"
"3101","1","095","Personer1","2014",0,,"Halden","Menn","95 år","Personer","2014","07459","2026-09-10 13:01:08 UTC"
"3101","1","095","Personer1","2015",0,,"Halden","Menn","95 år","Personer","2015","07459","2026-09-10 13:01:08 UTC"
"3101","1","095","Personer1","2016",0,,"Halden","Menn","95 år","Personer","2016","07459","2026-09-10 13:01:08 UTC"
"3101","1","095","Personer1","2017",0,,"Halden","Menn","95 år","Personer","2017","07459","2026-09-10 13:01:08 UTC"
"3101","1","095","Personer1","2018",0,,"Halden","Menn","95 år","Personer","2018","07459","2026-09-10 13:01:08 UTC"
"3101","1","095","Personer1","2019",0,,"Halden","Menn","95 år","Personer","2019","07459","2026-09-10 13:01:08 UTC"
"3101","1","095","Personer1","2020",0,,"Halden","Menn","95 år","Personer","2020","07459","2026-09-10 13:01:08 UTC"
"3101","1","095","Personer1","2021",0,,"Halden","Menn","95 år","Personer","2021","07459","2026-09-10 13:01:08 UTC"
"3101","1","095","Personer1","2022",0,,"Halden","Menn","95 år","Personer","2022","07459","2026-09-10 13:01:08 UTC"
"3101","1","095","Personer1","2023",0,,"Halden","Menn","95 år","Personer","2023","07459","2026-09-10 13:01:08 UTC"
"3101","1","095","Personer1","2024",3,,"Halden","Menn","95 år","Personer","2024","07459","2026-09-10 13:01:08 UTC"
"3101","1","095","Personer1","2025",8,,"Halden","Menn","95 år","Personer","2025","07459","2026-09-10 13:01:08 UTC"
"3101","1","095","Personer1","2026",8,,"Halden","Menn","95 år","Personer","2026","07459","2026-09-10 13:01:08 UTC"
"3101","1","096","Personer1","2005",0,,"Halden","Menn","96 år","Personer","2005","07459","2026-09-10 13:01:08 UTC"
"3101","1","096","Personer1","2006",0,,"Halden","Menn","96 år","Personer","2006","07459","2026-09-10 13:01:08 UTC"
"3101","1","096","Personer1","2007",0,,"Halden","Menn","96 år","Personer","2007","07459","2026-09-10 13:01:08 UTC"
"3101","1","096","Personer1","2008",0,,"Halden","Menn","96 år","Personer","2008","07459","2026-09-10 13:01:08 UTC"
"3101","1","096","Personer1","2009",0,,"Halden","Menn","96 år","Personer","2009","07459","2026-09-10 13:01:08 UTC"
"3101","1","096","Personer1","2010",0,,"Halden","Menn","96 år","Personer","2010","07459","2026-09-10 13:01:08 UTC"
"3101","1","096","Personer1","2011",0,,"Halden","Menn","96 år","Personer","2011","07459","2026-09-10 13:01:08 UTC"
"3101","1","096","Personer1","2012",0,,"Halden","Menn","96 år","Personer","2012","07459","2026-09-10 13:01:08 UTC"
"3101","1","096","Personer1","2013",0,,"Halden","Menn","96 år","Personer","2013","07459","2026-09-10 13:01:08 UTC"
"3101","1","096","Personer1","2014",0,,"Halden","Menn","96 år","Personer","2014","07459","2026-09-10 13:01:08 UTC"
"3101","1","096","Personer1","2015",0,,"Halden","Menn","96 år","Personer","2015","07459","2026-09-10 13:01:08 UTC"
"3101","1","096","Personer1","2016",0,,"Halden","Menn","96 år","Personer","2016","07459","2026-09-10 13:01:08 UTC"
"3101","1","096","Personer1","2017",0,,"Halden","Menn","96 år","Personer","2017","07459","2026-09-10 13:01:08 UTC"
"3101","1","096","Personer1","2018",0,,"Halden","Menn","96 år","Personer","2018","07459","2026-09-10 13:01:08 UTC"
"3101","1","096","Personer1","2019",0,,"Halden","Menn","96 år","Personer","2019","07459","2026-09-10 13:01:08 UTC"
"3101","1","096","Personer1","2020",0,,"Halden","Menn","96 år","Personer","2020","07459","2026-09-10 13:01:08 UTC"
"3101","1","096","Personer1","2021",0,,"Halden","Menn","96 år","Personer","2021","07459","2026-09-10 13:01:08 UTC"
"3101","1","096","Personer1","2022",0,,"Halden","Menn","96 år","Personer","2022","07459","2026-09-10 13:01:08 UTC"
"3101","1","096","Personer1","2023",0,,"Halden","Menn","96 år","Personer","2023","07459","2026-09-10 13:01:08 UTC"
"3101","1","096","Personer1","2024",6,,"Halden","Menn","96 år","Personer","2024","07459","2026-09-10 13:01:08 UTC"
"3101","1","096","Personer1","2025",3,,"Halden","Menn","96 år","Personer","2025","07459","2026-09-10 13:01:08 UTC"
"3101","1","096","Personer1","2026",8,,"Halden","Menn","96 år","Personer","2026","07459","2026-09-10 13:01:08 UTC"
"3101","1","097","Personer1","2005",0,,"Halden","Menn","97 år","Personer","2005","07459","2026-09-10 13:01:08 UTC"
"3101","1","097","Personer1","2006",0,,"Halden","Menn","97 år","Personer","2006","07459","2026-09-10 13:01:08 UTC"
"3101","1","097","Personer1","2007",0,,"Halden","Menn","97 år","Personer","2007","07459","2026-09-10 13:01:08 UTC"
"3101","1","097","Personer1","2008",0,,"Halden","Menn","97 år","Personer","2008","07459","2026-09-10 13:01:08 UTC"
"3101","1","097","Personer1","2009",0,,"Halden","Menn","97 år","Personer","2009","07459","2026-09-10 13:01:08 UTC"
"3101","1","097","Personer1","2010",0,,"Halden","Menn","97 år","Personer","2010","07459","2026-09-10 13:01:08 UTC"
"3101","1","097","Personer1","2011",0,,"Halden","Menn","97 år","Personer","2011","07459","2026-09-10 13:01:08 UTC"
"3101","1","097","Personer1","2012",0,,"Halden","Menn","97 år","Personer","2012","07459","2026-09-10 13:01:08 UTC"
"3101","1","097","Personer1","2013",0,,"Halden","Menn","97 år","Personer","2013","07459","2026-09-10 13:01:08 UTC"
"3101","1","097","Personer1","2014",0,,"Halden","Menn","97 år","Personer","2014","07459","2026-09-10 13:01:08 UTC"
"3101","1","097","Personer1","2015",0,,"Halden","Menn","97 år","Personer","2015","07459","2026-09-10 13:01:08 UTC"
"3101","1","097","Personer1","2016",0,,"Halden","Menn","97 år","Personer","2016","07459","2026-09-10 13:01:08 UTC"
"3101","1","097","Personer1","2017",0,,"Halden","Menn","97 år","Personer","2017","07459","2026-09-10 13:01:08 UTC"
"3101","1","097","Personer1","2018",0,,"Halden","Menn","97 år","Personer","2018","07459","2026-09-10 13:01:08 UTC"
"3101","1","097","Personer1","2019",0,,"Halden","Menn","97 år","Personer","2019","07459","2026-09-10 13:01:08 UTC"
"3101","1","097","Personer1","2020",0,,"Halden","Menn","97 år","Personer","2020","07459","2026-09-10 13:01:08 UTC"
"3101","1","097","Personer1","2021",0,,"Halden","Menn","97 år","Personer","2021","07459","2026-09-10 13:01:08 UTC"
"3101","1","097","Personer1","2022",0,,"Halden","Menn","97 år","Personer","2022","07459","2026-09-10 13:01:08 UTC"
"3101","1","097","Personer1","2023",0,,"Halden","Menn","97 år","Personer","2023","07459","2026-09-10 13:01:08 UTC"
"3101","1","097","Personer1","2024",5,,"Halden","Menn","97 år","Personer","2024","07459","2026-09-10 13:01:08 UTC"
"3101","1","097","Personer1","2025",2,,"Halden","Menn","97 år","Personer","2025","07459","2026-09-10 13:01:08 UTC"
"3101","1","097","Personer1","2026",2,,"Halden","Menn","97 år","Personer","2026","07459","2026-09-10 13:01:08 UTC"
"3101","1","098","Personer1","2005",0,,"Halden","Menn","98 år","Personer","2005","07459","2026-09-10 13:01:08 UTC"
"3101","1","098","Personer1","2006",0,,"Halden","Menn","98 år","Personer","2006","07459","2026-09-10 13:01:08 UTC"
"3101","1","098","Personer1","2007",0,,"Halden","Menn","98 år","Personer","2007","07459","2026-09-10 13:01:08 UTC"
"3101","1","098","Personer1","2008",0,,"Halden","Menn","98 år","Personer","2008","07459","2026-09-10 13:01:08 UTC"
"3101","1","098","Personer1","2009",0,,"Halden","Menn","98 år","Personer","2009","07459","2026-09-10 13:01:08 UTC"
"3101","1","098","Personer1","2010",0,,"Halden","Menn","98 år","Personer","2010","07459","2026-09-10 13:01:08 UTC"
"3101","1","098","Personer1","2011",0,,"Halden","Menn","98 år","Personer","2011","07459","2026-09-10 13:01:08 UTC"
"3101","1","098","Personer1","2012",0,,"Halden","Menn","98 år","Personer","2012","07459","2026-09-10 13:01:08 UTC"
"3101","1","098","Personer1","2013",0,,"Halden","Menn","98 år","Personer","2013","07459","2026-09-10 13:01:08 UTC"
"3101","1","098","Personer1","2014",0,,"Halden","Menn","98 år","Personer","2014","07459","2026-09-10 13:01:08 UTC"
"3101","1","098","Personer1","2015",0,,"Halden","Menn","98 år","Personer","2015","07459","2026-09-10 13:01:08 UTC"
"3101","1","098","Personer1","2016",0,,"Halden","Menn","98 år","Personer","2016","07459","2026-09-10 13:01:08 UTC"
"3101","1","098","Personer1","2017",0,,"Halden","Menn","98 år","Personer","2017","07459","2026-09-10 13:01:08 UTC"
"3101","1","098","Personer1","2018",0,,"Halden","Menn","98 år","Personer","2018","07459","2026-09-10 13:01:08 UTC"
"3101","1","098","Personer1","2019",0,,"Halden","Menn","98 år","Personer","2019","07459","2026-09-10 13:01:08 UTC"
"3101","1","098","Personer1","2020",0,,"Halden","Menn","98 år","Personer","2020","07459","2026-09-10 13:01:08 UTC"
"3101","1","098","Personer1","2021",0,,"Halden","Menn","98 år","Personer","2021","07459","2026-09-10 13:01:08 UTC"
"3101","1","098","Personer1","2022",0,,"Halden","Menn","98 år","Personer","2022","07459","2026-09-10 13:01:08 UTC"
"3101","1","098","Personer1","2023",0,,"Halden","Menn","98 år","Personer","2023","07459","2026-09-10 13:01:08 UTC"
"3101","1","098","Personer1","2024",4,,"Halden","Menn","98 år","Personer","2024","07459","2026-09-10 13:01:08 UTC"
"3101","1","098","Personer1","2025",3,,"Halden","Menn","98 år","Personer","2025","07459","2026-09-10 13:01:08 UTC"
"3101","1","098","Personer1","2026",2,,"Halden","Menn","98 år","Personer","2026","07459","2026-09-10 13:01:08 UTC"
"3101","1","099","Personer1","2005",0,,"Halden","Menn","99 år","Personer","2005","07459","2026-09-10 13:01:08 UTC"
"3101","1","099","Personer1","2006",0,,"Halden","Menn","99 år","Personer","2006","07459","2026-09-10 13:01:08 UTC"
"3101","1","099","Personer1","2007",0,,"Halden","Menn","99 år","Personer","2007","07459","2026-09-10 13:01:08 UTC"
"3101","1","099","Personer1","2008",0,,"Halden","Menn","99 år","Personer","2008","07459","2026-09-10 13:01:08 UTC"
"3101","1","099","Personer1","2009",0,,"Halden","Menn","99 år","Personer","2009","07459","2026-09-10 13:01:08 UTC"
"3101","1","099","Personer1","2010",0,,"Halden","Menn","99 år","Personer","2010","07459","2026-09-10 13:01:08 UTC"
"3101","1","099","Personer1","2011",0,,"Halden","Menn","99 år","Personer","2011","07459","2026-09-10 13:01:08 UTC"
"3101","1","099","Personer1","2012",0,,"Halden","Menn","99 år","Personer","2012","07459","2026-09-10 13:01:08 UTC"
"3101","1","099","Personer1","2013",0,,"Halden","Menn","99 år","Personer","2013","07459","2026-09-10 13:01:08 UTC"
"3101","1","099","Personer1","2014",0,,"Halden","Menn","99 år","Personer","2014","07459","2026-09-10 13:01:08 UTC"
"3101","1","099","Personer1","2015",0,,"Halden","Menn","99 år","Personer","2015","07459","2026-09-10 13:01:08 UTC"
"3101","1","099","Personer1","2016",0,,"Halden","Menn","99 år","Personer","2016","07459","2026-09-10 13:01:08 UTC"
"3101","1","099","Personer1","2017",0,,"Halden","Menn","99 år","Personer","2017","07459","2026-09-10 13:01:08 UTC"
"3101","1","099","Personer1","2018",0,,"Halden","Menn","99 år","Personer","2018","07459","2026-09-10 13:01:08 UTC"
"3101","1","099","Personer1","2019",0,,"Halden","Menn","99 år","Personer","2019","07459","2026-09-10 13:01:08 UTC"
"3101","1","099","Personer1","2020",0,,"Halden","Menn","99 år","Personer","2020","07459","2026-09-10 13:01:08 UTC"
"3101","1","099","Personer1","2021",0,,"Halden","Menn","99 år","Personer","2021","07459","2026-09-10 13:01:08 UTC"
"3101","1","099","Personer1","2022",0,,"Halden","Menn","99 år","Personer","2022","07459","2026-09-10 13:01:08 UTC"
"3101","1","099","Personer1","2023",0,,"Halden","Menn","99 år","Personer","2023","07459","2026-09-10 13:01:08 UTC"
"3101","1","099","Personer1","2024",0,,"Halden","Menn","99 år","Personer","2024","07459","2026-09-10 13:01:08 UTC"
"3101","1","099","Personer1","2025",1,,"Halden","Menn","99 år","Personer","2025","07459","2026-09-10 13:01:08 UTC"
"3101","1","099","Personer1","2026",2,,"Halden","Menn","99 år","Personer","2026","07459","2026-09-10 13:01:08 UTC"
"3101","1","100","Personer1","2005",0,,"Halden","Menn","100 år","Personer","2005","07459","2026-09-10 13:01:08 UTC"
"3101","1","100","Personer1","2006",0,,"Halden","Menn","100 år","Personer","2006","07459","2026-09-10 13:01:08 UTC"
"3101","1","100","Personer1","2007",0,,"Halden","Menn","100 år","Personer","2007","07459","2026-09-10 13:01:08 UTC"
"3101","1","100","Personer1","2008",0,,"Halden","Menn","100 år","Personer","2008","07459","2026-09-10 13:01:08 UTC"
"3101","1","100","Personer1","2009",0,,"Halden","Menn","100 år","Personer","2009","07459","2026-09-10 13:01:08 UTC"
"3101","1","100","Personer1","2010",0,,"Halden","Menn","100 år","Personer","2010","07459","2026-09-10 13:01:08 UTC"
"3101","1","100","Personer1","2011",0,,"Halden","Menn","100 år","Personer","2011","07459","2026-09-10 13:01:08 UTC"
"3101","1","100","Personer1","2012",0,,"Halden","Menn","100 år","Personer","2012","07459","2026-09-10 13:01:08 UTC"
"3101","1","100","Personer1","2013",0,,"Halden","Menn","100 år","Personer","2013","07459","2026-09-10 13:01:08 UTC"
"3101","1","100","Personer1","2014",0,,"Halden","Menn","100 år","Personer","2014","07459","2026-09-10 13:01:08 UTC"
"3101","1","100","Personer1","2015",0,,"Halden","Menn","100 år","Personer","2015","07459","2026-09-10 13:01:08 UTC"
"3101","1","100","Personer1","2016",0,,"Halden","Menn","100 år","Personer","2016","07459","2026-09-10 13:01:08 UTC"
"3101","1","100","Personer1","2017",0,,"Halden","Menn","100 år","Personer","2017","07459","2026-09-10 13:01:08 UTC"
"3101","1","100","Personer1","2018",0,,"Halden","Menn","100 år","Personer","2018","07459","2026-09-10 13:01:08 UTC"
"3101","1","100","Personer1","2019",0,,"Halden","Menn","100 år","Personer","2019","07459","2026-09-10 13:01:08 UTC"
"3101","1","100","Personer1","2020",0,,"Halden","Menn","100 år","Personer","2020","07459","2026-09-10 13:01:08 UTC"
"3101","1","100","Personer1","2021",0,,"Halden","Menn","100 år","Personer","2021","07459","2026-09-10 13:01:08 UTC"
"3101","1","100","Personer1","2022",0,,"Halden","Menn","100 år","Personer","2022","07459","2026-09-10 13:01:08 UTC"
"3101","1","100","Personer1","2023",0,,"Halden","Menn","100 år","Personer","2023","07459","2026-09-10 13:01:08 UTC"
"3101","1","100","Personer1","2024",0,,"Halden","Menn","100 år","Personer","2024","07459","2026-09-10 13:01:08 UTC"
"3101","1","100","Personer1","2025",0,,"Halden","Menn","100 år","Personer","2025","07459","2026-09-10 13:01:08 UTC"
"3101","1","100","Personer1","2026",1,,"Halden","Menn","100 år","Personer","2026","07459","2026-09-10 13:01:08 UTC"
"3101","1","101","Personer1","2005",0,,"Halden","Menn","101 år","Personer","2005","07459","2026-09-10 13:01:08 UTC"
"3101","1","101","Personer1","2006",0,,"Halden","Menn","101 år","Personer","2006","07459","2026-09-10 13:01:08 UTC"
"3101","1","101","Personer1","2007",0,,"Halden","Menn","101 år","Personer","2007","07459","2026-09-10 13:01:08 UTC"
"3101","1","101","Personer1","2008",0,,"Halden","Menn","101 år","Personer","2008","07459","2026-09-10 13:01:08 UTC"
"3101","1","101","Personer1","2009",0,,"Halden","Menn","101 år","Personer","2009","07459","2026-09-10 13:01:08 UTC"
"3101","1","101","Personer1","2010",0,,"Halden","Menn","101 år","Personer","2010","07459","2026-09-10 13:01:08 UTC"
"3101","1","101","Personer1","2011",0,,"Halden","Menn","101 år","Personer","2011","07459","2026-09-10 13:01:08 UTC"
"3101","1","101","Personer1","2012",0,,"Halden","Menn","101 år","Personer","2012","07459","2026-09-10 13:01:08 UTC"
"3101","1","101","Personer1","2013",0,,"Halden","Menn","101 år","Personer","2013","07459","2026-09-10 13:01:08 UTC"
"3101","1","101","Personer1","2014",0,,"Halden","Menn","101 år","Personer","2014","07459","2026-09-10 13:01:08 UTC"
"3101","1","101","Personer1","2015",0,,"Halden","Menn","101 år","Personer","2015","07459","2026-09-10 13:01:08 UTC"
"3101","1","101","Personer1","2016",0,,"Halden","Menn","101 år","Personer","2016","07459","2026-09-10 13:01:08 UTC"
"3101","1","101","Personer1","2017",0,,"Halden","Menn","101 år","Personer","2017","07459","2026-09-10 13:01:08 UTC"
"3101","1","101","Personer1","2018",0,,"Halden","Menn","101 år","Personer","2018","07459","2026-09-10 13:01:08 UTC"
"3101","1","101","Personer1","2019",0,,"Halden","Menn","101 år","Personer","2019","07459","2026-09-10 13:01:08 UTC"
"3101","1","101","Personer1","2020",0,,"Halden","Menn","101 år","Personer","2020","07459","2026-09-10 13:01:08 UTC"
"3101","1","101","Personer1","2021",0,,"Halden","Menn","101 år","Personer","2021","07459","2026-09-10 13:01:08 UTC"
"3101","1","101","Personer1","2022",0,,"Halden","Menn","101 år","Personer","2022","07459","2026-09-10 13:01:08 UTC"
"3101","1","101","Personer1","2023",0,,"Halden","Menn","101 år","Personer","2023","07459","2026-09-10 13:01:08 UTC"
"3101","1","101","Personer1","2024",3,,"Halden","Menn","101 år","Personer","2024","07459","2026-09-10 13:01:08 UTC"
"3101","1","101","Personer1","2025",0,,"Halden","Menn","101 år","Personer","2025","07459","2026-09-10 13:01:08 UTC"
"3101","1","101","Personer1","2026",0,,"Halden","Menn","101 år","Personer","2026","07459","2026-09-10 13:01:08 UTC"
"3101","1","102","Personer1","2005",0,,"Halden","Menn","102 år","Personer","2005","07459","2026-09-10 13:01:08 UTC"
"3101","1","102","Personer1","2006",0,,"Halden","Menn","102 år","Personer","2006","07459","2026-09-10 13:01:08 UTC"
"3101","1","102","Personer1","2007",0,,"Halden","Menn","102 år","Personer","2007","07459","2026-09-10 13:01:08 UTC"
"3101","1","102","Personer1","2008",0,,"Halden","Menn","102 år","Personer","2008","07459","2026-09-10 13:01:08 UTC"
"3101","1","102","Personer1","2009",0,,"Halden","Menn","102 år","Personer","2009","07459","2026-09-10 13:01:08 UTC"
"3101","1","102","Personer1","2010",0,,"Halden","Menn","102 år","Personer","2010","07459","2026-09-10 13:01:08 UTC"
"3101","1","102","Personer1","2011",0,,"Halden","Menn","102 år","Personer","2011","07459","2026-09-10 13:01:08 UTC"
"3101","1","102","Personer1","2012",0,,"Halden","Menn","102 år","Personer","2012","07459","2026-09-10 13:01:08 UTC"
"3101","1","102","Personer1","2013",0,,"Halden","Menn","102 år","Personer","2013","07459","2026-09-10 13:01:08 UTC"
"3101","1","102","Personer1","2014",0,,"Halden","Menn","102 år","Personer","2014","07459","2026-09-10 13:01:08 UTC"
"3101","1","102","Personer1","2015",0,,"Halden","Menn","102 år","Personer","2015","07459","2026-09-10 13:01:08 UTC"
"3101","1","102","Personer1","2016",0,,"Halden","Menn","102 år","Personer","2016","07459","2026-09-10 13:01:08 UTC"
"3101","1","102","Personer1","2017",0,,"Halden","Menn","102 år","Personer","2017","07459","2026-09-10 13:01:08 UTC"
"3101","1","102","Personer1","2018",0,,"Halden","Menn","102 år","Personer","2018","07459","2026-09-10 13:01:08 UTC"
"3101","1","102","Personer1","2019",0,,"Halden","Menn","102 år","Personer","2019","07459","2026-09-10 13:01:08 UTC"
"3101","1","102","Personer1","2020",0,,"Halden","Menn","102 år","Personer","2020","07459","2026-09-10 13:01:08 UTC"
"3101","1","102","Personer1","2021",0,,"Halden","Menn","102 år","Personer","2021","07459","2026-09-10 13:01:08 UTC"
"3101","1","102","Personer1","2022",0,,"Halden","Menn","102 år","Personer","2022","07459","2026-09-10 13:01:08 UTC"
"3101","1","102","Personer1","2023",0,,"Halden","Menn","102 år","Personer","2023","07459","2026-09-10 13:01:08 UTC"
"3101","1","102","Personer1","2024",0,,"Halden","Menn","102 år","Personer","2024","07459","2026-09-10 13:01:08 UTC"
"3101","1","102","Personer1","2025",2,,"Halden","Menn","102 år","Personer","2025","07459","2026-09-10 13:01:08 UTC"
"3101","1","102","Personer1","2026",0,,"Halden","Menn","102 år","Personer","2026","07459","2026-09-10 13:01:08 UTC"
"3101","1","103","Personer1","2005",0,,"Halden","Menn","103 år","Personer","2005","07459","2026-09-10 13:01:08 UTC"
"3101","1","103","Personer1","2006",0,,"Halden","Menn","103 år","Personer","2006","07459","2026-09-10 13:01:08 UTC"
"3101","1","103","Personer1","2007",0,,"Halden","Menn","103 år","Personer","2007","07459","2026-09-10 13:01:08 UTC"
"3101","1","103","Personer1","2008",0,,"Halden","Menn","103 år","Personer","2008","07459","2026-09-10 13:01:08 UTC"
"3101","1","103","Personer1","2009",0,,"Halden","Menn","103 år","Personer","2009","07459","2026-09-10 13:01:08 UTC"
"3101","1","103","Personer1","2010",0,,"Halden","Menn","103 år","Personer","2010","07459","2026-09-10 13:01:08 UTC"
"3101","1","103","Personer1","2011",0,,"Halden","Menn","103 år","Personer","2011","07459","2026-09-10 13:01:08 UTC"
"3101","1","103","Personer1","2012",0,,"Halden","Menn","103 år","Personer","2012","07459","2026-09-10 13:01:08 UTC"
"3101","1","103","Personer1","2013",0,,"Halden","Menn","103 år","Personer","2013","07459","2026-09-10 13:01:08 UTC"
"3101","1","103","Personer1","2014",0,,"Halden","Menn","103 år","Personer","2014","07459","2026-09-10 13:01:08 UTC"
"3101","1","103","Personer1","2015",0,,"Halden","Menn","103 år","Personer","2015","07459","2026-09-10 13:01:08 UTC"
"3101","1","103","Personer1","2016",0,,"Halden","Menn","103 år","Personer","2016","07459","2026-09-10 13:01:08 UTC"
"3101","1","103","Personer1","2017",0,,"Halden","Menn","103 år","Personer","2017","07459","2026-09-10 13:01:08 UTC"
"3101","1","103","Personer1","2018",0,,"Halden","Menn","103 år","Personer","2018","07459","2026-09-10 13:01:08 UTC"
"3101","1","103","Personer1","2019",0,,"Halden","Menn","103 år","Personer","2019","07459","2026-09-10 13:01:08 UTC"
"3101","1","103","Personer1","2020",0,,"Halden","Menn","103 år","Personer","2020","07459","2026-09-10 13:01:08 UTC"
"3101","1","103","Personer1","2021",0,,"Halden","Menn","103 år","Personer","2021","07459","2026-09-10 13:01:08 UTC"
"3101","1","103","Personer1","2022",0,,"Halden","Menn","103 år","Personer","2022","07459","2026-09-10 13:01:08 UTC"
"3101","1","103","Personer1","2023",0,,"Halden","Menn","103 år","Personer","2023","07459","2026-09-10 13:01:08 UTC"
"3101","1","103","Personer1","2024",0,,"Halden","Menn","103 år","Personer","2024","07459","2026-09-10 13:01:08 UTC"
"3101","1","103","Personer1","2025",0,,"Halden","Menn","103 år","Personer","2025","07459","2026-09-10 13:01:08 UTC"
"3101","1","103","Personer1","2026",2,,"Halden","Menn","103 år","Personer","2026","07459","2026-09-10 13:01:08 UTC"
"3101","1","104","Personer1","2005",0,,"Halden","Menn","104 år","Personer","2005","07459","2026-09-10 13:01:08 UTC"
"3101","1","104","Personer1","2006",0,,"Halden","Menn","104 år","Personer","2006","07459","2026-09-10 13:01:08 UTC"
"3101","1","104","Personer1","2007",0,,"Halden","Menn","104 år","Personer","2007","07459","2026-09-10 13:01:08 UTC"
"3101","1","104","Personer1","2008",0,,"Halden","Menn","104 år","Personer","2008","07459","2026-09-10 13:01:08 UTC"
"3101","1","104","Personer1","2009",0,,"Halden","Menn","104 år","Personer","2009","07459","2026-09-10 13:01:08 UTC"
"3101","1","104","Personer1","2010",0,,"Halden","Menn","104 år","Personer","2010","07459","2026-09-10 13:01:08 UTC"
"3101","1","104","Personer1","2011",0,,"Halden","Menn","104 år","Personer","2011","07459","2026-09-10 13:01:08 UTC"
"3101","1","104","Personer1","2012",0,,"Halden","Menn","104 år","Personer","2012","07459","2026-09-10 13:01:08 UTC"
"3101","1","104","Personer1","2013",0,,"Halden","Menn","104 år","Personer","2013","07459","2026-09-10 13:01:08 UTC"
"3101","1","104","Personer1","2014",0,,"Halden","Menn","104 år","Personer","2014","07459","2026-09-10 13:01:08 UTC"
"3101","1","104","Personer1","2015",0,,"Halden","Menn","104 år","Personer","2015","07459","2026-09-10 13:01:08 UTC"
"3101","1","104","Personer1","2016",0,,"Halden","Menn","104 år","Personer","2016","07459","2026-09-10 13:01:08 UTC"
"3101","1","104","Personer1","2017",0,,"Halden","Menn","104 år","Personer","2017","07459","2026-09-10 13:01:08 UTC"
"3101","1","104","Personer1","2018",0,,"Halden","Menn","104 år","Personer","2018","07459","2026-09-10 13:01:08 UTC"
"3101","1","104","Personer1","2019",0,,"Halden","Menn","104 år","Personer","2019","07459","2026-09-10 13:01:08 UTC"
"3101","1","104","Personer1","2020",0,,"Halden","Menn","104 år","Personer","2020","07459","2026-09-10 13:01:08 UTC"
"3101","1","104","Personer1","2021",0,,"Halden","Menn","104 år","Personer","2021","07459","2026-09-10 13:01:08 UTC"
"3101","1","104","Personer1","2022",0,,"Halden","Menn","104 år","Personer","2022","07459","2026-09-10 13:01:08 UTC"
"3101","1","104","Personer1","2023",0,,"Halden","Menn","104 år","Personer","2023","07459","2026-09-10 13:01:08 UTC"
"3101","1","104","Personer1","2024",0,,"Halden","Menn","104 år","Personer","2024","07459","2026-09-10 13:01:08 UTC"
"3101","1","104","Personer1","2025",0,,"Halden","Menn","104 år","Personer","2025","07459","2026-09-10 13:01:08 UTC"
"3101","1","104","Personer1","2026",0,,"Halden","Menn","104 år","Personer","2026","07459","2026-09-10 13:01:08 UTC"
"3101","1","105+","Personer1","2005",0,,"Halden","Menn","105 år eller eldre","Personer","2005","07459","2026-09-10 13:01:08 UTC"
"3101","1","105+","Personer1","2006",0,,"Halden","Menn","105 år eller eldre","Personer","2006","07459","2026-09-10 13:01:08 UTC"
"3101","1","105+","Personer1","2007",0,,"Halden","Menn","105 år eller eldre","Personer","2007","07459","2026-09-10 13:01:08 UTC"
"3101","1","105+","Personer1","2008",0,,"Halden","Menn","105 år eller eldre","Personer","2008","07459","2026-09-10 13:01:08 UTC"
"3101","1","105+","Personer1","2009",0,,"Halden","Menn","105 år eller eldre","Personer","2009","07459","2026-09-10 13:01:08 UTC"
"3101","1","105+","Personer1","2010",0,,"Halden","Menn","105 år eller eldre","Personer","2010","07459","2026-09-10 13:01:08 UTC"
"3101","1","105+","Personer1","2011",0,,"Halden","Menn","105 år eller eldre","Personer","2011","07459","2026-09-10 13:01:08 UTC"
"3101","1","105+","Personer1","2012",0,,"Halden","Menn","105 år eller eldre","Personer","2012","07459","2026-09-10 13:01:08 UTC"
"3101","1","105+","Personer1","2013",0,,"Halden","Menn","105 år eller eldre","Personer","2013","07459","2026-09-10 13:01:08 UTC"
"3101","1","105+","Personer1","2014",0,,"Halden","Menn","105 år eller eldre","Personer","2014","07459","2026-09-10 13:01:08 UTC"
"3101","1","105+","Personer1","2015",0,,"Halden","Menn","105 år eller eldre","Personer","2015","07459","2026-09-10 13:01:08 UTC"
"3101","1","105+","Personer1","2016",0,,"Halden","Menn","105 år eller eldre","Personer","2016","07459","2026-09-10 13:01:08 UTC"
"3101","1","105+","Personer1","2017",0,,"Halden","Menn","105 år eller eldre","Personer","2017","07459","2026-09-10 13:01:08 UTC"
"3101","1","105+","Personer1","2018",0,,"Halden","Menn","105 år eller eldre","Personer","2018","07459","2026-09-10 13:01:08 UTC"
"3101","1","105+","Personer1","2019",0,,"Halden","Menn","105 år eller eldre","Personer","2019","07459","2026-09-10 13:01:08 UTC"
"3101","1","105+","Personer1","2020",0,,"Halden","Menn","105 år eller eldre","Personer","2020","07459","2026-09-10 13:01:08 UTC"
"3101","1","105+","Personer1","2021",0,,"Halden","Menn","105 år eller eldre","Personer","2021","07459","2026-09-10 13:01:08 UTC"
"3101","1","105+","Personer1","2022",0,,"Halden","Menn","105 år eller eldre","Personer","2022","07459","2026-09-10 13:01:08 UTC"
"3101","1","105+","Personer1","2023",0,,"Halden","Menn","105 år eller eldre","Personer","2023","07459","2026-09-10 13:01:08 UTC"
"3101","1","105+","Personer1","2024",0,,"Halden","Menn","105 år eller eldre","Personer","2024","07459","2026-09-10 13:01:08 UTC"
"3101","1","105+","Personer1","2025",0,,"Halden","Menn","105 år eller eldre","Personer","2025","07459","2026-09-10 13:01:08 UTC"
"3101","1","105+","Personer1","2026",0,,"Halden","Menn","105 år eller eldre","Personer","2026","07459","2026-09-10 13:01:08 UTC"
