"kommunenr_2024","år","folk_ialt","demens_estimert","demensandel","y2s_predikert","y2s_predikert_modell"
"0301",2026,727515,11227.042548,0.0154320427042741,6198.29567926014,6569.95679260139
"0301",2027,732102,11616.132051,0.0158668219059639,6228.15817904101,6674.5140293892
"0301",2028,736558,12043.218051,0.0163506717067767,6267.16931661328,6786.53895207587
"0301",2029,740922,12515.535399,0.0168918393555597,6316.58422571802,6907.98459161419
"0301",2030,745187,13044.882753,0.0175055157336346,6378.14437085469,7041.57748341878
"0301",2031,749367,13573.781956,0.0181136638736427,6449.91579446107,7175.83754595154
"0301",2032,753420,14126.998961,0.0187504963513047,6533.60455490162,7315.78324585113
"0301",2033,757356,14666.838365,0.0193658442859105,6627.01354458975,7453.58908852345
"0301",2034,761203,15215.580934,0.0199888609661286,6731.8683210425,7594.17080260624
"0301",2035,764957,15781.541332,0.0206306254233898,6849.31614864431,7739.436911187
"0301",2036,768590,16334.719097,0.021252838440521,6976.69832807137,7882.68069067656
"0301",2037,772031,16906.62608,0.0218988953552383,7117.21214572829,8030.58467459178
"0301",2038,775235,17437.559398,0.0224932561068579,7263.80024613198,8169.36408387632
"0301",2039,778210,17953.849089,0.0230706995399699,7418.88149409601,8304.88339420597
"0301",2040,780977,18471.797761,0.0236521661470184,7584.51361567949,8441.02178508718
"0301",2041,783551,18984.801719,0.0242291844678904,7759.81108632255,8576.33748878875
"0301",2042,785947,19487.68276,0.0247951614549073,7943.85708297873,8709.65297568391
"0301",2043,788175,20002.816709,0.0253786490424081,8140.47613822509,8846.45917047469
"0301",2044,790249,20525.185091,0.0259730605049801,8349.27131230233,8985.7371771643
"0301",2045,792189,21067.232774,0.0265936951586048,8573.24007544748,9130.83393901228
"0301",2046,794016,21613.968271,0.027221073972061,8810.07565817787,9278.26548020926
"0301",2047,795750,22153.308784,0.0278395335017279,9057.42820072043,9425.08811348781
"0301",2048,797405,22694.224573,0.0284600981596554,9317.42970387503,9573.68076094598
"0301",2049,798996,23258.081917,0.0291091343598716,9595.86708731822,9729.84892188906
"0301",2050,800540,23856.755055,0.0298008282596747,9897.16923071513,9897.16923071513
"1101",2026,14615,350.137565,0.0239574112213479,182.010106083033,200.101060830333
"1101",2027,14634,362.415007,0.0247652731310646,183.290490563774,203.930840463813
"1101",2028,14653,373.692581,0.0255028035897086,184.815001395689,207.514293689653
"1101",2029,14672,389.277067,0.0265319702153762,186.908543056518,212.510790854201
"1101",2030,14690,406.170958,0.0276494865895167,189.508271180025,218.033084720099
"1101",2031,14708,422.379831,0.0287176931601849,192.494047481146,223.45755645616
"1101",2032,14725,436.724036,0.0296586781663837,195.718667874368,228.365131921131
"1101",2033,14742,453.651201,0.0307727039072039,199.670922828467,234.264614699219
"1101",2034,14758,468.952516,0.0317761563897547,203.88791478048,239.719786951199
"1101",2035,14775,483.849235,0.0327478331641286,208.502236462193,245.147969056441
"1101",2036,14792,496.919862,0.0335938251757707,213.255186485133,250.01091891607
"1101",2037,14808,517.375208,0.0349388984332793,219.846574866438,257.749414373537
"1101",2038,14821,532.346055,0.0359183627960327,225.957216608104,263.558575651099
"1101",2039,14833,546.046121,0.0368129253016922,232.27611936097,268.980628699523
"1101",2040,14843,557.333576,0.0375485802061578,238.453310647689,273.525297036302
"1101",2041,14851,569.107999,0.0383211904248872,245.146223902502,278.333922871701
"1101",2042,14858,583.944839,0.0393017121416072,253.148590721444,284.49798674492
"1101",2043,14863,599.156002,0.0403119156294153,261.824211428377,290.948083292715
"1101",2044,14867,609.350898,0.0409868095782606,269.397498773419,295.35161132054
"1101",2045,14869,617.469062,0.0415272756742215,276.607739744478,298.901833531666
"1101",2046,14870,625.967895,0.0420960252185609,284.262230136484,302.661447219393
"1101",2047,14869,639.284993,0.0429944846997108,294.171182188747,308.643585564786
"1101",2048,14867,651.233098,0.0438039347548261,304.052711107329,314.111039034951
"1101",2049,14862,660.846633,0.0444655250302786,313.382749738356,318.579480247642
"1101",2050,14856,671.633004,0.0452095452342488,323.672387145032,323.672387145032
"1103",2026,147630,2615.613179,0.0177173554087923,1365.50889349178,1505.08893491782
"1103",2027,148116,2715.199783,0.0183315764873478,1374.81253702924,1530.45481475813
"1103",2028,148604,2824.699342,0.0190082322279346,1386.466108318,1558.37776181716
"1103",2029,149098,2943.817047,0.0197441752873949,1400.76938641795,1588.91475961388
"1103",2030,149593,3071.548418,0.0205327015167822,1417.97659349694,1621.90637398776
"1103",2031,150088,3208.378752,0.0213766507115825,1438.42689762124,1657.571817813
"1103",2032,150574,3339.063219,0.0221755629723591,1461.22640463056,1692.23509117094
"1103",2033,151054,3482.002283,0.0230513742304077,1487.91057639886,1730.44296937616
"1103",2034,151530,3622.754845,0.0239078390087771,1517.48032150974,1768.70080377436
"1103",2035,152002,3768.570045,0.0247928977579242,1550.75532817048,1808.86932153253
"1103",2036,152467,3921.794296,0.0257222500344337,1588.2786459186,1851.63925456547
"1103",2037,152915,4052.308078,0.0265003961547265,1626.20593790535,1888.93841542506
"1103",2038,153336,4200.593565,0.0273946989943653,1669.84218454195,1931.53124462173
"1103",2039,153730,4340.225153,0.0282327792428283,1715.59970142622,1972.29736412974
"1103",2040,154101,4481.119678,0.029079108363995,1764.98326566107,2013.97322505771
"1103",2041,154446,4626.038556,0.0299524659492638,1818.64378474921,2057.38684490447
"1103",2042,154769,4744.463879,0.0306551304137133,1870.52059101662,2093.60084430945
"1103",2043,155069,4880.771161,0.031474834821918,1929.36801031315,2135.58374279748
"1103",2044,155349,5018.3405,0.0323036549961699,1992.12936174884,2178.55401515979
"1103",2045,155608,5151.418055,0.0331050977777492,2057.48632208666,2220.75239641436
"1103",2046,155847,5285.62194,0.0339154551579434,2126.82564806095,2263.91252713053
"1103",2047,156067,5406.25349,0.0346405933989889,2196.08074810523,2303.33042040026
"1103",2048,156268,5530.449745,0.0353908013476847,2269.84727481166,2344.42948628288
"1103",2049,156451,5660.183414,0.0361786336552659,2349.02356807591,2387.94656423471
"1103",2050,156617,5789.803957,0.0369679150858464,2432.08113114028,2432.08113114028
"1106",2026,38292,791.406288,0.0206676665622062,418.464076191905,458.640761919049
"1106",2027,38483,815.491614,0.0211909574097653,421.181782960341,466.23114880248
"1106",2028,38669,846.068694,0.021879766583051,424.778570675428,475.591832431016
"1106",2029,38851,874.032086,0.0224970293171347,428.943263950721,484.32124212104
"1106",2030,39028,906.648182,0.0232307108229989,434.098354767504,494.393419070015
"1106",2031,39202,942.2123,0.0240348017958267,440.278456869923,505.403328243212
"1106",2032,39371,970.794183,0.0246575952604709,446.675327086648,514.539467958916
"1106",2033,39535,1010.458204,0.0255585735171367,454.947828402741,526.959526628251
"1106",2034,39696,1043.159848,0.0262787144296655,463.400158204102,537.500395510256
"1106",2035,39853,1081.544707,0.0271383511153489,473.439710478246,549.862195378848
"1106",2036,40008,1119.994303,0.0279942587232553,484.502162290537,562.425604822183
"1106",2037,40158,1150.329328,0.0286450851138005,495.29430740494,572.623038838906
"1106",2038,40302,1189.929557,0.0295253227383256,508.512513424507,585.840933499104
"1106",2039,40440,1227.351021,0.0303499263353116,522.416685845654,598.539039737284
"1106",2040,40570,1264.874445,0.0311775806014296,537.390918208514,611.425469133623
"1106",2041,40694,1300.128848,0.0319489076522337,552.94109696907,623.722410519352
"1106",2042,40812,1330.560981,0.032602199867686,568.369562317358,634.527946167654
"1106",2043,40923,1365.169562,0.0333594692959949,585.744180505249,646.873465091864
"1106",2044,41029,1400.878372,0.0341436148090375,604.465134165846,659.761463439801
"1106",2045,41129,1434.823634,0.0348859353254395,623.778366274012,672.188758491092
"1106",2046,41223,1467.61986,0.0356019663779929,643.800078984148,684.353034098998
"1106",2047,41312,1498.318492,0.0362683600890782,664.180948125527,695.894026056932
"1106",2048,41395,1529.960223,0.0369600247131296,685.871148291939,707.914754910204
"1106",2049,41472,1567.693612,0.0378012541473765,710.829197009765,722.393970919236
"1106",2050,41545,1602.724527,0.0385780365146227,736.058166213729,736.058166213729
"1108",2026,84545,1300.331459,0.0153803472588562,691.181817480313,782.818174803131
"1108",2027,85301,1357.999476,0.0159200885804387,697.25137478608,799.191816626038
"1108",2028,86039,1416.836845,0.016467379269866,704.591367981521,815.807817037262
"1108",2029,86762,1480.631594,0.0170654387174108,713.403813263703,833.48853300566
"1108",2030,87468,1547.932586,0.0176971302190515,723.738485577697,851.953942310788
"1108",2031,88158,1622.652999,0.0184061911454434,735.937613681201,872.087351934612
"1108",2032,88833,1697.49987,0.0191088882509878,749.694282248867,892.367022304206
"1108",2033,89492,1774.876881,0.0198327993675412,765.218092748883,913.325773100368
"1108",2034,90140,1854.578157,0.0205744193143998,782.589557068838,934.973892672096
"1108",2035,90779,1931.607873,0.0212781356150652,801.399215446706,956.198206735328
"1108",2036,91408,2015.008484,0.0220441152196744,822.588260475272,979.080548368994
"1108",2037,92023,2097.577348,0.0227940552687915,845.491569194516,1001.95915940393
"1108",2038,92618,2179.703969,0.0235343450409208,870.13895322931,1024.88900587147
"1108",2039,93194,2263.181175,0.0242846232053566,896.797867215744,1048.3155186651
"1108",2040,93750,2347.666418,0.0250417751253333,925.48058447236,1072.16893515578
"1108",2041,94287,2428.760938,0.0257592344437727,955.510075543525,1095.35483100909
"1108",2042,94803,2513.726099,0.0265152590002426,988.091067534187,1119.70152504884
"1108",2043,95299,2595.889719,0.0272394224388504,1022.10748827667,1143.51862817175
"1108",2044,95772,2679.114279,0.0279738783673725,1058.26459679819,1167.7930281267
"1108",2045,96221,2771.431556,0.0288027723262074,1098.39750961582,1194.72001183485
"1108",2046,96646,2850.110384,0.029490205326656,1137.59038478155,1218.16515856653
"1108",2047,97046,2937.773412,0.0302719680563856,1180.91946252369,1244.28953523796
"1108",2048,97420,3021.583609,0.031016050184767,1225.42478500505,1269.5673351406
"1108",2049,97769,3109.877069,0.0318084164612505,1273.2993645523,1296.37596317122
"1108",2050,98092,3198.470042,0.0326068389063328,1323.55825631488,1323.55825631488
"1111",2026,3144,90.60606,0.0288187213740458,62.2854785527186,73.8547855271861
"1111",2027,3131,92.739239,0.0296196866815714,62.9041660412937,74.848480300318
"1111",2028,3118,94.956035,0.0304541484926235,63.6092147345739,75.9097984832793
"1111",2029,3105,98.395424,0.0316893475040258,64.5407089755778,77.6621598850718
"1111",2030,3092,101.75629,0.0329095375161708,65.6068795499459,79.4275181997837
"1111",2031,3078,106.065162,0.0344591169590643,66.9776967487625,81.7919886913478
"1111",2032,3065,109.107841,0.0355979905383361,68.3123650625941,83.4995848079819
"1111",2033,3052,113.570281,0.0372117565530799,70.1099059021875,86.1307749025862
"1111",2034,3040,117.570484,0.0386745013157895,72.0318391731922,88.5795979329805
"1111",2035,3029,120.271345,0.0397066176956091,73.8069124215195,90.2729426777587
"1111",2036,3018,127.114868,0.0421189092113983,77.0622446734205,94.8152519440432
"1111",2037,3008,129.748073,0.0431343327792553,79.256333401961,96.6221139550458
"1111",2038,2998,134.038937,0.0447094519679787,82.2708951486784,99.6743548157789
"1111",2039,2989,138.203637,0.0462374161927066,85.5283104037154,102.750315580792
"1111",2040,2979,141.766042,0.04758846659953,88.7975071732392,105.476011477183
"1111",2041,2970,145.312582,0.0489267952861953,92.3224338956915,108.279145502931
"1111",2042,2960,147.840515,0.0499461199324324,95.5422455462904,110.346065066129
"1111",2043,2950,151.356512,0.0513072922033898,99.5672639602204,113.294595200299
"1111",2044,2939,153.660883,0.0522833899285471,103.087408865725,115.306334020291
"1111",2045,2928,156.123711,0.0533209395491803,106.914289131113,117.509894315216
"1111",2046,2917,157.807001,0.0540990747343161,110.365214551416,119.076723001666
"1111",2047,2905,160.67223,0.0553088571428571,114.928677105803,121.764706598088
"1111",2048,2893,161.715692,0.0558989602488766,118.198324093032,122.836026046521
"1111",2049,2880,163.381742,0.0567297715277778,122.14292680358,124.525118756966
"1111",2050,2867,165.962171,0.0578870495291245,127.138936303609,127.138936303609
"1112",2026,3238,82.443527,0.0254612498455837,65.1569743182795,48.5697431827945
"1112",2027,3248,86.05502,0.0264947721674877,64.639529652219,49.8329429252292
"1112",2028,3257,88.68898,0.0272302671169788,64.161660868168,50.780919246674
"1112",2029,3265,91.313927,0.0279675120980092,63.7556921251251,51.7326688241182
"1112",2030,3273,94.620765,0.0289094912923923,63.484581620275,52.9383264810999
"1112",2031,3281,101.120231,0.0308199423956111,63.6451048696928,55.3307995467576
"1112",2032,3288,103.099884,0.0313564124087591,63.458446365248,56.1029118930708
"1112",2033,3295,105.530033,0.0320273241274659,63.394198360416,57.0529609942509
"1112",2034,3301,109.187682,0.0330771529839443,63.5934697053575,58.4836742633937
"1112",2035,3308,114.869437,0.0347247391172914,64.2686481837649,60.7569101343198
"1112",2036,3314,120.665625,0.0364108705491853,65.1723760662909,63.1523706658756
"1112",2037,3321,121.905179,0.0367073709725986,65.3073495239019,63.6972673637111
"1112",2038,3327,127.219866,0.0382386131650135,66.4414215126759,65.9844027503199
"1112",2039,3332,132.795278,0.039854525210084,67.8574673678781,68.4595189240478
"1112",2040,3337,135.411365,0.0405787728498651,68.6602040887869,69.656326542059
"1112",2041,3342,140.690848,0.0420978001196888,70.3893257546221,72.1159634032032
"1112",2042,3346,145.311136,0.0434283132098027,72.1331262298024,74.3330374711463
"1112",2043,3349,146.732627,0.0438138629441624,72.9216521774739,75.0293588847104
"1112",2044,3352,151.771259,0.0452778218973747,75.1674101719253,77.5385937702262
"1112",2045,3355,155.324068,0.046296294485842,77.0385591550054,79.3551497292374
"1112",2046,3357,157.251669,0.0468429159964254,78.3533662202056,80.356901435536
"1112",2047,3358,161.132204,0.0479845753424658,80.678185321875,82.4120397992958
"1112",2048,3359,161.816713,0.0481740735337898,81.5953574106034,82.7787647682199
"1112",2049,3358,166.722249,0.0496492701012507,84.7736681495483,85.4661487268034
"1112",2050,3358,167.676668,0.0499334925550923,85.9987912980531,85.9987912980531
"1114",2026,2812,51.390008,0.0182752517780939,17.4923063463499,21.9230634634989
"1114",2027,2827,53.200043,0.0188185507605235,17.7292059753744,22.3033161845411
"1114",2028,2841,57.507029,0.020241826469553,18.0713600002798,23.1220571444562
"1114",2029,2854,60.533099,0.0212099155571128,18.4289853979488,23.7246371668179
"1114",2030,2868,64.102483,0.0223509354951186,18.8607825122292,24.4431300489168
"1114",2031,2882,64.823481,0.0224925333102012,19.1960951106407,24.6385916891852
"1114",2032,2896,69.607991,0.0240359084944751,19.7975338128016,25.607796347082
"1114",2033,2910,74.922494,0.0257465615120275,20.5205999901051,26.7119999727037
"1114",2034,2923,76.951686,0.0263262695860417,21.0694000738466,27.1735001846165
"1114",2035,2937,80.771585,0.0275013908750426,21.8186641026293,28.0140893774384
"1114",2036,2951,84.101805,0.0284994256184344,22.5900127128147,28.768447816452
"1114",2037,2965,87.300614,0.0294437146711636,23.410230794237,29.5077674033893
"1114",2038,2979,90.888976,0.0305098945955018,24.3403878012802,30.3461596386913
"1114",2039,2993,95.05696,0.0317597594386903,25.4207787702911,31.3332404600699
"1114",2040,3007,97.997732,0.0325898676421683,26.4101463121433,32.0562340994293
"1114",2041,3020,101.584221,0.0336371592715232,27.5604856510287,32.940355699666
"1114",2042,3032,104.516337,0.0344710874010554,28.6757392969373,33.6796275670532
"1114",2043,3044,106.429269,0.0349636231931669,29.6694647042279,34.1789351921735
"1114",2044,3055,110.868836,0.0362909446808511,31.1920179931957,35.3122812815429
"1114",2045,3065,112.969026,0.0368577572593801,32.331512139619,35.869553402608
"1114",2046,3074,116.385447,0.037861238451529,33.8068092143356,36.7727167227478
"1114",2047,3082,118.964597,0.0385998043478261,35.1657645447315,37.4684670926552
"1114",2048,3089,120.395698,0.0389756225315636,36.2985925979513,37.8633433491365
"1114",2049,3095,125.589866,0.0405783088852989,38.4536444573197,39.2895007348776
"1114",2050,3100,126.441907,0.0407877119354839,39.5335195122644,39.5335195122644
"1119",2026,19400,357.478584,0.0184267311340206,144.608459910961,177.08459910961
"1119",2027,19512,371.891587,0.0190596344300943,146.443367821573,180.588129611438
"1119",2028,19619,391.737569,0.0199672546511035,148.737956963248,185.216896932846
"1119",2029,19722,413.016798,0.0209419327654396,151.454730513008,190.198731825918
"1119",2030,19822,430.309827,0.0217086987690445,154.348547973006,194.394191892022
"1119",2031,19919,447.752191,0.0224786480747025,157.577550425779,198.661044959231
"1119",2032,20014,467.822574,0.0233747663635455,161.331050944682,203.557079829792
"1119",2033,20109,490.817927,0.0244078734397533,165.720530470368,209.194566814808
"1119",2034,20204,514.094514,0.0254451848148881,170.60125738183,215.003143454574
"1119",2035,20300,534.774903,0.0263435912807882,175.697710458335,220.309052476195
"1119",2036,20398,554.943013,0.0272057561035396,181.177498853421,225.584208112465
"1119",2037,20494,574.461949,0.0280307382160632,187.007207443782,230.770160865917
"1119",2038,20589,596.097563,0.0289522348341347,193.556478144125,236.557232989318
"1119",2039,20682,620.409953,0.0299975801663282,200.994387239252,243.118105939152
"1119",2040,20772,640.099095,0.0308154773252455,208.238020473442,248.580832757507
"1119",2041,20858,657.558303,0.0315254723846965,215.54062027503,253.514143811366
"1119",2042,20942,677.304565,0.0323419236462611,223.682989152077,259.118555931539
"1119",2043,21022,697.976635,0.0332021993625725,232.483927079576,265.046002819764
"1119",2044,21098,719.522892,0.0341038435870699,241.9816835137,271.29894646929
"1119",2045,21170,736.971817,0.0348120839395371,251.071036918915,276.472045438664
"1119",2046,21236,752.770414,0.0354478439442456,260.182789411655,281.215046366653
"1119",2047,21298,771.386956,0.0362187508686262,270.423274328501,286.829041496903
"1119",2048,21356,785.568185,0.0367844252200787,279.924434627678,291.188577975868
"1119",2049,21408,806.76272,0.0376851046337818,291.825147143253,297.701451577406
"1119",2050,21457,825.652195,0.0384793864473132,303.608708430549,303.608708430549
"1120",2026,20591,349.683849,0.0169823636054587,101.287149038402,121.871490384024
"1120",2027,20735,364.97502,0.0176018818422956,102.49209135145,124.397028010547
"1120",2028,20875,383.340048,0.0183635951137725,103.959437765674,127.339644375281
"1120",2029,21013,403.290817,0.0191924435825441,105.699064173586,130.5250078757
"1120",2030,21150,424.754443,0.0200829523877069,107.7395975027,133.958390010799
"1120",2031,21285,439.4754,0.0206471881606765,109.777366275029,136.486491391406
"1120",2032,21419,458.783087,0.0214194447453196,112.222280920304,139.683941293244
"1120",2033,21553,477.039373,0.0221333166148564,114.866037399095,142.768379031986
"1120",2034,21686,497.154313,0.0229251274093885,117.862940239224,146.15735059806
"1120",2035,21820,517.307934,0.0237079713107241,121.136918957181,149.598671902129
"1120",2036,21955,535.536121,0.0243924445912093,124.551824584042,152.793314913772
"1120",2037,22088,552.960668,0.0250344380659181,128.156804595322,155.891326039654
"1120",2038,22219,570.192326,0.0256623757144786,131.990768434159,158.983215334834
"1120",2039,22348,589.373511,0.0263725394218722,136.252160215432,162.407932281586
"1120",2040,22473,609.318891,0.0271133756507809,140.864137945013,165.982620712021
"1120",2041,22594,625.418268,0.0276807235549261,145.347675534156,168.958755523254
"1120",2042,22710,643.712977,0.0283449131219727,150.316886062543,172.309837232204
"1120",2043,22823,660.079916,0.0289216981115541,155.3186960985,175.364333692882
"1120",2044,22931,679.112227,0.0296154649600977,160.912073675478,178.886546678036
"1120",2045,23034,700.515422,0.0304122350438482,167.125755279272,182.847083420642
"1120",2046,23132,720.878264,0.0311636807885181,173.516227102795,186.6661495327
"1120",2047,23225,743.471515,0.0320116906350915,180.581772654683,190.923124117953
"1120",2048,23312,765.782395,0.0328492791266301,187.965885224992,195.17933537837
"1120",2049,23393,789.623879,0.0337547077758304,195.993546962089,199.772516324248
"1120",2050,23469,819.601523,0.0349227288337807,205.604584987789,205.604584987789
"1121",2026,19833,362.776324,0.01829155064791,143.257342009844,163.573420098437
"1121",2027,20018,376.380856,0.0188021208911979,144.5684203548,166.952148034909
"1121",2028,20199,393.940768,0.019502983712065,146.260930036693,171.062457352534
"1121",2029,20377,411.582424,0.0201983817048633,148.270295832885,175.213156860636
"1121",2030,20550,427.946952,0.0208246691970803,150.534099698987,179.13639879595
"1121",2031,20721,448.088432,0.0216248459051204,153.30908181757,183.81419762633
"1121",2032,20889,467.169513,0.0223643790033032,156.380432778285,188.324408548569
"1121",2033,21055,484.433509,0.0230080032771313,159.67254236482,192.510461696056
"1121",2034,21219,505.934665,0.023843473537867,163.63425716614,197.585642915349
"1121",2035,21383,527.850269,0.0246855104054623,168.042582561952,202.811617284461
"1121",2036,21547,549.905183,0.0255211947370864,172.888965803595,208.134664849673
"1121",2037,21709,570.649616,0.026286315168824,178.021057344774,213.236209453218
"1121",2038,21868,590.003699,0.0269802313426011,183.394531991725,218.080967257682
"1121",2039,22023,613.654144,0.0278642393860964,189.710792554673,223.911987327102
"1121",2040,22174,637.604823,0.0287546145485704,196.548786472591,229.878058356145
"1121",2041,22319,657.469932,0.029457857968547,203.252222831281,234.965619367972
"1121",2042,22459,679.981545,0.0302765726434837,210.796296184761,240.708994549658
"1121",2043,22591,700.400264,0.0310035086538887,218.438871968923,246.001860296845
"1121",2044,22717,724.066446,0.0318733303693269,227.119847461958,252.122383821881
"1121",2045,22836,743.317797,0.0325502626116658,235.42974021583,257.221218727176
"1121",2046,22948,765.114505,0.0333412282116089,244.692142625435,262.990756029924
"1121",2047,23054,784.783294,0.0340410902229548,253.95970811594,268.278544355989
"1121",2048,23152,806.743938,0.0348455398237733,264.208603437653,274.198490202868
"1121",2049,23244,828.028589,0.0356233259765961,274.795659836517,280.008477752225
"1121",2050,23331,848.997821,0.0363892598259826,285.801772758286,285.801772758286
"1122",2026,12545,178.540406,0.0142319972897569,87.2532705911418,98.5327059114182
"1122",2027,12648,188.623811,0.0149133310404807,88.0394426130394,100.832309913014
"1122",2028,12748,202.656319,0.0158971069187323,89.121771055716,103.838691746948
"1122",2029,12846,213.028565,0.0165832605480305,90.2963677778498,106.218201307528
"1122",2030,12940,222.060879,0.0171608098145286,91.5887002099732,108.354800839893
"1122",2031,13032,236.167141,0.0181220949201964,93.3147105450247,111.442471460955
"1122",2032,13122,248.07584,0.0189053376009755,95.1486944879203,114.149829193601
"1122",2033,13211,264.208081,0.0199990977972901,97.4930057935909,117.704843568527
"1122",2034,13299,278.416107,0.0209351159485676,99.9752846835838,120.938211708959
"1122",2035,13387,290.36803,0.0216902987973407,102.522083001695,123.764761146731
"1122",2036,13475,304.46952,0.0225951406307978,105.506781907654,127.066909279272
"1122",2037,13561,319.56838,0.0235652518250866,108.867025487337,130.618586316756
"1122",2038,13646,334.468985,0.0245104048805511,112.499590943344,134.181074442443
"1122",2039,13729,351.074161,0.0255717212469954,116.647343409783,138.165690910268
"1122",2040,13811,364.889297,0.0264201938310043,120.745516356898,141.592826171037
"1122",2041,13890,378.592177,0.0272564562275018,125.107247921258,145.029808183031
"1122",2042,13967,395.006175,0.0282813900622897,130.196567387215,149.137953410307
"1122",2043,14041,408.431056,0.0290884592265508,135.114989730941,152.596596245344
"1122",2044,14111,425.586905,0.0301599394089717,141.018512858416,156.99162949473
"1122",2045,14177,440.209643,0.0310509729138746,146.797823611962,160.828090599338
"1122",2046,14238,455.961928,0.0320242961090041,153.144404888493,164.993417515874
"1122",2047,14295,469.942219,0.0328745868485484,159.451000135021,168.761690292982
"1122",2048,14347,483.936116,0.0337308228898027,166.082404667553,172.575572613571
"1122",2049,14395,501.2386,0.0348203265022577,173.901462301357,177.326194598812
"1122",2050,14437,514.891847,0.0356647396966129,181.156725258515,181.156725258515
"1124",2026,29290,483.644678,0.0165122798907477,187.266242889276,216.66242889276
"1124",2027,29517,507.64819,0.0171985022190602,189.175698861548,221.641446265802
"1124",2028,29736,529.377346,0.0178025741861716,191.394421491593,226.253837094818
"1124",2029,29952,552.097176,0.0184327315705128,193.999882038726,231.058268417534
"1124",2030,30163,575.329552,0.0190740162450685,196.992682816531,235.970731266125
"1124",2031,30370,599.345358,0.0197347829436944,200.400937732466,241.046739939013
"1124",2032,30572,626.351189,0.0204877400562606,204.36997362747,246.676841930678
"1124",2033,30771,649.546737,0.021109055181827,208.533112146103,251.677550747871
"1124",2034,30967,678.519904,0.0219110635192301,213.504046751749,257.760116879371
"1124",2035,31161,706.239135,0.0226641999614903,218.860144291139,263.680329808317
"1124",2036,31353,731.67159,0.0233365735336331,224.485737591326,269.233131771212
"1124",2037,31539,762.182883,0.0241663617426044,231.041152986555,275.787615583523
"1124",2038,31719,788.257469,0.0248512711308679,237.649952837679,281.54536879578
"1124",2039,31893,818.822183,0.0256740407926504,245.233527616875,288.22728105
"1124",2040,32060,849.480458,0.0264965832189644,253.370698574255,294.993117718808
"1124",2041,32221,880.815649,0.0273366949815338,262.154676716756,301.969323346047
"1124",2042,32376,912.316234,0.0281787816283667,271.541200611091,309.058858015844
"1124",2043,32524,941.750439,0.0289555540216456,281.19390650786,315.788347807268
"1124",2044,32665,978.726513,0.0299625444053268,292.667425482795,324.216032881026
"1124",2045,32798,1012.650649,0.030875378041344,304.328843991564,332.097038758849
"1124",2046,32923,1045.936101,0.0317691614069192,316.54882697304,339.939796438871
"1124",2047,33040,1079.448034,0.032670945338983,329.496185352132,347.93936377705
"1124",2048,33148,1111.273671,0.033524606944612,342.777857003966,355.651737301585
"1124",2049,33247,1149.449631,0.0345730330856919,358.196517750732,364.983395065696
"1124",2050,33338,1183.065036,0.0354869829023937,373.367574435724,373.367574435724
"1127",2026,11867,237.544137,0.0200172020729755,106.16890565711,125.689056571103
"1127",2027,11941,247.868902,0.02075780102169,107.373829424814,128.536941271376
"1127",2028,12016,260.091785,0.021645454810253,108.878735373728,131.878487849874
"1127",2029,12089,269.694092,0.0223090488874183,110.506390200178,134.618306824365
"1127",2030,12160,280.956003,0.0231049344572368,112.446327139333,137.785308557331
"1127",2031,12230,291.838342,0.0238624973017171,114.606565966578,140.892403362011
"1127",2032,12298,302.722093,0.0246155548056595,117.0088510988,144.027234150155
"1127",2033,12364,316.134415,0.0255689433031381,119.895454233631,147.849528920362
"1127",2034,12429,327.218054,0.026326981575348,122.844031560753,151.110078901882
"1127",2035,12493,341.341828,0.0273226469222765,126.413201771098,155.230175476796
"1127",2036,12557,348.273359,0.0277353953173529,129.383754082362,157.439482278657
"1127",2037,12620,361.938991,0.0286797932646593,133.484008176247,161.529772051213
"1127",2038,12683,377.041873,0.0297281300165576,138.15453209779,166.099149268709
"1127",2039,12744,390.093295,0.0306099572347771,142.8609816388,170.146351725617
"1127",2040,12805,404.141945,0.0315612608356111,148.095667253499,174.553067605599
"1127",2041,12863,416.778454,0.0324013413667107,153.418104513498,178.593365303394
"1127",2042,12920,429.940196,0.0332771049535604,159.196326037144,182.851894338777
"1127",2043,12973,444.281197,0.0342466042549911,165.606679461153,187.534480625293
"1127",2044,13023,458.294323,0.0351911481993396,172.343072177933,192.184609261849
"1127",2045,13070,474.909747,0.0363358643458301,180.184383912322,197.765395584396
"1127",2046,13113,489.714615,0.0373457343857241,188.018044587348,202.844758338057
"1127",2047,13152,502.371767,0.0381973667122871,195.652927512375,207.270904239296
"1127",2048,13187,516.789616,0.0391893240312429,204.249642781239,212.377992195934
"1127",2049,13219,532.135426,0.0402553465466374,213.640805769614,217.912525474924
"1127",2050,13247,549.01587,0.041444543670265,224.125127578047,224.125127578047
"1130",2026,13070,286.333295,0.0219076736801836,141.016110756176,168.16110756176
"1130",2027,13121,297.462044,0.0226706839417727,142.627776905445,171.656559312329
"1130",2028,13170,310.210844,0.0235543541381929,144.590168971089,175.658108406222
"1130",2029,13217,324.364684,0.0245414756752667,146.952653447475,180.13013387047
"1130",2030,13262,333.738233,0.0251650002262102,149.305943028723,183.223772114893
"1130",2031,13306,345.853184,0.0259922729595671,152.141038403866,187.186220535188
"1130",2032,13348,360.230982,0.0269876372490261,155.519924956748,191.907461405378
"1130",2033,13390,375.747022,0.0280617641523525,159.418261867583,197.084860324367
"1130",2034,13430,388.577597,0.0289335515264334,163.390684127122,201.476710317804
"1130",2035,13471,397.651596,0.0295190851458689,167.179082061547,204.695044712108
"1130",2036,13512,412.655278,0.0305399110420367,172.176771694728,209.951098304691
"1130",2037,13553,426.776838,0.0314894737696451,177.465034702195,215.00494576038
"1130",2038,13593,441.741137,0.0324976927094828,183.34458672076,220.444703128654
"1130",2039,13633,452.336002,0.0331794910878017,188.767728765008,224.413155344695
"1130",2040,13671,461.840097,0.0337824663155585,194.265273783916,228.024438054266
"1130",2041,13709,472.491009,0.034465753081917,200.340684515892,232.099146439082
"1130",2042,13747,486.879828,0.0354171694187823,207.743499532501,237.633570760715
"1130",2043,13784,500.779631,0.0363305013784097,215.495032712098,243.078010457081
"1130",2044,13819,514.622513,0.0372402136912946,223.707053071727,248.589745899002
"1130",2045,13853,522.827011,0.0377410677109651,230.580052560291,251.944680074204
"1130",2046,13886,534.22365,0.0384721049978396,238.820965622642,256.61290073252
"1130",2047,13916,545.954039,0.0392321097298074,247.584349567097,261.475323455884
"1130",2048,13945,559.059847,0.0400903439942632,257.308527982704,266.982192413734
"1130",2049,13970,572.657439,0.040991942662849,267.729871301159,272.784281871334
"1130",2050,13993,580.82635,0.0415083506038734,276.335189553207,276.335189553207
"1133",2026,2532,73.525517,0.0290385138230648,21.8277250783045,29.2772507830453
"1133",2027,2538,80.027893,0.0315318727344366,22.3736924348821,30.9904904355065
"1133",2028,2544,80.594946,0.0316804033018868,22.7788354991032,31.1647742805899
"1133",2029,2550,84.193354,0.0330170015686274,23.3724405443837,32.1644260912172
"1133",2030,2556,88.110823,0.0344721529733959,24.070524316263,33.2820972650521
"1133",2031,2562,92.166682,0.0359745050741608,24.8737655256595,34.4739670457722
"1133",2032,2568,96.162017,0.0374462683021807,25.7724478437522,35.6844549038529
"1133",2033,2574,100.073048,0.038878418026418,26.7656619402043,36.9052743178049
"1133",2034,2579,104.881333,0.0406674420317953,27.9806608522217,38.4516521305543
"1133",2035,2585,107.883901,0.0417345845261122,29.0721898136145,39.450719573976
"1133",2036,2590,111.95825,0.0432271235521236,30.4229974318196,40.8378893301465
"1133",2037,2595,115.170933,0.0443818624277457,31.7433719121347,41.9626769017262
"1133",2038,2600,118.058425,0.0454070865384615,33.0980118942787,42.9963852623249
"1133",2039,2604,121.652937,0.0467177177419355,34.6970264481188,44.314087571266
"1133",2040,2609,124.751898,0.0478159823687236,36.2987319888574,45.4779711821718
"1133",2041,2612,126.862031,0.0485689245788668,37.7518649732503,46.2858339218873
"1133",2042,2616,128.823137,0.0492443184250765,39.2323275165844,47.0461821665492
"1133",2043,2619,130.640308,0.0498817518136693,40.7362447085517,47.7610097743074
"1133",2044,2621,132.185772,0.0504333353681801,42.2173861424099,48.3772724418193
"1133",2045,2624,134.237317,0.0511575141006098,43.9169131150511,49.2054315262167
"1133",2046,2625,134.968513,0.0514165763809524,45.2281664549567,49.5037252411256
"1133",2047,2627,136.732665,0.0520489779215836,46.9425544885319,50.2310473110219
"1133",2048,2627,138.089452,0.0525654556528359,48.5662558128353,50.8013576354976
"1133",2049,2628,140.168103,0.0533364166666667,50.533746809867,51.6844122699917
"1133",2050,2628,141.039491,0.0536679950532725,52.0603831302128,52.0603831302128
"1134",2026,3734,105.00018,0.028120026780932,48.8645676216813,74.6456762168129
"1134",2027,3730,108.390726,0.0290591758713137,50.1404404435814,76.1122941351374
"1134",2028,3726,111.13576,0.0298270960815888,51.4805978952751,77.3177022587151
"1134",2029,3723,115.478455,0.0310175812516788,53.0746044103024,79.2922560484818
"1134",2030,3719,119.574489,0.0321523229362732,54.7990813968117,81.1963255872467
"1134",2031,3716,124.288991,0.0334469835844995,56.7696474266238,83.4596432230394
"1134",2032,3713,130.433883,0.0351289746835443,59.1675061598077,86.5154035686391
"1134",2033,3710,134.565388,0.0362709940700809,61.4536115901477,88.6306526624765
"1134",2034,3707,141.177055,0.0380839101699487,64.4555755390127,92.1389388475317
"1134",2035,3704,145.67433,0.0393289227861771,67.2643829400096,94.6043038628791
"1134",2036,3701,149.178093,0.0403075095920022,70.0214684617095,96.5715125509673
"1134",2037,3699,154.861115,0.0418656704514734,73.6049975057864,99.863409767388
"1134",2038,3696,158.733168,0.0429472857142857,76.8933372535643,102.16970409739
"1134",2039,3694,162.634102,0.0440265571196535,80.3993823013946,104.55214008748
"1134",2040,3691,165.919408,0.044952426984557,83.8769099682028,106.603055949124
"1134",2041,3688,168.074887,0.0455734509219089,87.0566066764547,107.972236492762
"1134",2042,3686,172.938022,0.0469175317417254,91.5918925888401,111.131275126914
"1134",2043,3683,172.962948,0.046962516426826,94.0481763760229,111.150069662404
"1134",2044,3679,176.278458,0.0479147752106551,98.2076540514016,113.364714905034
"1134",2045,3676,177.501472,0.0482865810663765,101.409761250072,114.196629230858
"1134",2046,3672,181.516398,0.0494325702614379,106.321111958502,116.966014068826
"1134",2047,3667,182.066722,0.0496500469048268,109.334974213185,117.363351226124
"1134",2048,3662,183.125958,0.0500070884762425,112.712509900361,118.121632324715
"1134",2049,3657,184.543074,0.0504629680065628,116.398906127518,119.141720651966
"1134",2050,3652,185.458996,0.0507828576122673,119.813702505446,119.813702505446
"1135",2026,4427,139.240713,0.0314526119268127,58.4302697189398,71.3026971893977
"1135",2027,4414,139.562094,0.0316180548255551,58.9732467416124,71.3508853935449
"1135",2028,4402,141.863622,0.0322270835983644,59.6443453669813,72.1105449541787
"1135",2029,4391,145.954088,0.0332393732634935,60.5146972842535,73.5397519258987
"1135",2030,4380,148.940076,0.0340045835616438,61.3982131474827,74.5928525899307
"1135",2031,4369,149.607102,0.0342428706797894,62.1158009711007,74.7940903342633
"1135",2032,4360,154.902928,0.0355281944954128,63.4242257731727,76.7668485328392
"1135",2033,4350,159.137362,0.0365833016091954,64.7494442754299,78.3777773115306
"1135",2034,4342,163.118894,0.0375676863196684,66.1741177726213,79.9352944315532
"1135",2035,4334,167.717496,0.0386980839870789,67.8430444434115,81.7841015849405
"1135",2036,4327,171.527509,0.0396412084585163,69.5175853992425,83.3528113668264
"1135",2037,4320,176.683048,0.0408988537037037,71.6254458145931,85.5374552479866
"1135",2038,4314,180.031987,0.0417320322206769,73.4937304375498,86.988600795545
"1135",2039,4307,185.956864,0.0431754966333875,76.17096663031,89.6314325622298
"1135",2040,4300,189.109718,0.0439790041860465,78.294606451808,91.0713703228929
"1135",2041,4294,194.174896,0.045220050302748,81.1449590930962,93.4452212725981
"1135",2042,4286,200.308577,0.0467355522631825,84.5889078055773,96.412725436539
"1135",2043,4279,200.298377,0.046809623042767,86.0657875721698,96.411237385993
"1135",2044,4270,206.682132,0.0484033096018735,90.0298023278194,99.6190997778315
"1135",2045,4262,209.577952,0.049173616142656,92.8482348558049,101.120904437914
"1135",2046,4252,212.329257,0.0499363257290687,95.7427395911292,102.579693636623
"1135",2047,4242,214.461001,0.0505565773220179,98.4776809485826,103.735415153332
"1135",2048,4231,215.86403,0.0510196242023162,100.955078158748,104.519003414863
"1135",2049,4220,218.458037,0.0517673073459716,104.128867541266,105.965057185731
"1135",2050,4208,221.636394,0.0526702457224335,107.769988091147,107.769988091147
"1144",2026,522,18.354486,0.0351618505747126,11.2473883588844,13.4738835888437
"1144",2027,524,18.50596,0.0353167175572519,11.353563739424,13.5713726503564
"1144",2028,527,19.243245,0.0365146963946869,11.5269631690823,14.0112181090416
"1144",2029,528,17.456033,0.0330606685606061,11.4286005523563,13.0169437757942
"1144",2030,532,18.24653,0.0342979887218045,11.6187828436999,13.4751313747997
"1144",2031,535,18.880215,0.0352901214953271,11.8188617068686,13.8482146325864
"1144",2032,538,20.342708,0.0378117249070632,12.2073792624593,14.7150131152593
"1144",2033,541,19.101257,0.035307314232902,12.0906847398942,14.0087854893634
"1144",2034,545,18.28942,0.0335585688073394,12.0332329225766,13.5830823064416
"1144",2035,548,19.852371,0.036226954379562,12.5217072482751,14.4781879960573
"1144",2036,552,21.217961,0.0384383351449275,13.0454228980891,15.3061534696613
"1144",2037,556,21.37784,0.0384493525179856,13.2656502489091,15.4207809734811
"1144",2038,560,21.469976,0.0383392428571429,13.4719108785928,15.4943834156233
"1144",2039,563,22.364623,0.0397240195381883,13.9704744410156,16.0561267081117
"1144",2040,567,23.655956,0.0417212627865961,14.6823744671306,16.8917991474089
"1144",2041,571,23.960536,0.0419624098073555,15.0418273427943,17.1008714608216
"1144",2042,574,24.259656,0.0422642090592334,15.4131513031406,17.3045018616294
"1144",2043,578,25.587991,0.0442698806228374,16.3144553043126,18.2060410905933
"1144",2044,581,26.261893,0.0452011927710843,16.949606100526,18.6769110974529
"1144",2045,584,27.333807,0.0468044640410959,17.8598956047911,19.442948436666
"1144",2046,587,28.428078,0.0484294344122658,18.8620523695332,20.2494733759214
"1144",2047,589,29.297429,0.0497409660441426,19.7945983909701,20.9094066377128
"1144",2048,592,30.919969,0.0522296773648649,21.3515505100663,22.1908654162879
"1144",2049,594,30.969874,0.052137835016835,21.8003843785454,22.2211785751121
"1144",2050,596,32.833717,0.0550901291946309,23.7823058999189,23.7823058999189
"1145",2026,827,27.322444,0.0330380217654172,17.1871032062667,18.8710320626671
"1145",2027,829,25.84007,0.0311701688781665,17.1594811111392,18.1598626264665
"1145",2028,830,27.368255,0.0329738012048193,17.3347608768157,18.91291929609
"1145",2029,833,27.785637,0.0333561068427371,17.4548707430358,19.1405682025216
"1145",2030,835,28.92849,0.0346448982035928,17.6836826431994,19.7347305727977
"1145",2031,838,29.677501,0.0354146789976134,17.9032439861878,20.1417182128271
"1145",2032,840,29.249635,0.034820994047619,17.9520776911389,19.9294698188888
"1145",2033,843,29.829831,0.0353853274021352,18.177726119247,20.2488996393021
"1145",2034,846,31.04151,0.0366920921985816,18.5639174273777,20.9097935684442
"1145",2035,849,31.955225,0.0376386631330978,18.934908846236,21.4226487913965
"1145",2036,852,33.571591,0.0394032758215962,19.5383064678194,22.3438030901461
"1145",2037,855,34.960035,0.0408889298245614,20.1583349190865,23.1626047201688
"1145",2038,858,36.712921,0.0427889522144522,20.97627491263,24.2295907502363
"1145",2039,860,37.915301,0.0440875593023256,21.6913894049258,24.9853436679589
"1145",2040,862,38.487367,0.0446489176334107,22.2204037766099,25.3526460425758
"1145",2041,865,40.077994,0.0463329410404624,23.2240841009089,26.3948439259002
"1145",2042,867,40.95324,0.0472355709342561,23.988134980516,26.9830499721658
"1145",2043,869,41.486523,0.0477405327963176,24.6297881244892,27.3454754230362
"1145",2044,871,43.364869,0.0497874500574053,26.0385304960117,28.6626199948537
"1145",2045,873,43.138295,0.0494138545246277,26.3395090967028,28.4947804267111
"1145",2046,875,43.804194,0.050061936,27.1724061603584,28.9675366592452
"1145",2047,876,43.61399,0.0497876598173516,27.4967205398291,28.8272907491033
"1145",2048,877,46.163272,0.0526377103762828,29.6867166089305,30.7153693069519
"1145",2049,879,46.913727,0.0533717030716724,30.7477100176165,31.2833350832379
"1145",2050,879,47.749712,0.0543227667804323,31.9405060995405,31.9405060995405
"1146",2026,11329,238.076213,0.0210147597316621,99.53629447789,104.3629447789
"1146",2027,11382,248.461808,0.0218293628536285,100.063554339714,106.734940652466
"1146",2028,11433,261.632754,0.0228839984256101,100.874869235143,109.713538486533
"1146",2029,11483,273.351837,0.0238049148306192,101.854739899974,112.434070117524
"1146",2030,11530,284.950444,0.0247138286209887,103.039921976165,115.159687904662
"1146",2031,11576,297.364183,0.0256879909295093,104.49342518921,118.107565875514
"1146",2032,11621,311.076395,0.0267684704414422,106.280122377556,121.400376546327
"1146",2033,11665,325.651788,0.027916998542649,108.40983220823,124.958157815807
"1146",2034,11709,337.868486,0.0288554518746264,110.611641983873,128.029104959683
"1146",2035,11752,351.925623,0.0299460196562287,113.262221555578,131.599363555606
"1146",2036,11796,362.453705,0.0307268315530688,115.798831506895,134.365961067147
"1146",2037,11840,374.449342,0.0316257890202703,118.753578765025,137.543568322
"1146",2038,11883,386.887561,0.0325580712782967,122.036816747339,140.885121358799
"1146",2039,11924,398.667928,0.0334340764844012,125.498825630551,144.104384052002
"1146",2040,11965,407.423484,0.0340512732135395,128.727470982185,146.563953571497
"1146",2041,12004,418.026539,0.0348239369376874,132.48690609774,149.54627335508
"1146",2042,12041,426.495296,0.0354202554605099,136.082757643071,151.97536806153
"1146",2043,12077,437.011791,0.036185459220005,140.300614717237,155.000833514898
"1146",2044,12109,447.295726,0.0369391135519035,144.719597085032,157.993028496816
"1146",2045,12139,456.922474,0.0376408661339484,149.239117273998,160.832759721844
"1146",2046,12167,467.281858,0.0384056758444974,154.183201261056,163.921413248301
"1146",2047,12191,477.741729,0.0391880673447625,159.419133984157,167.077897446937
"1146",2048,12213,484.553913,0.0396752569393269,163.90859103588,169.171449768519
"1146",2049,12232,495.869383,0.0405387003760628,169.900577790356,172.662937964006
"1146",2050,12248,506.802334,0.0413783747550621,176.091391178656,176.091391178656
"1149",2026,41913,941.726797,0.022468608713287,387.649721695943,420.497216959435
"1149",2027,41979,974.543354,0.0232150207008266,390.062010122749,428.087346347268
"1149",2028,42040,1009.280222,0.0240076170789724,393.135301394544,436.201722254539
"1149",2029,42100,1051.787348,0.0249830723990499,397.225688097773,446.238532224815
"1149",2030,42156,1085.270399,0.0257441502751684,401.58200444003,454.32801776012
"1149",2031,42211,1127.594438,0.026713284167634,407.18998674712,464.660823468242
"1149",2032,42264,1166.958074,0.0276111601836078,413.401356690637,474.465712894267
"1149",2033,42316,1200.387411,0.0283672230598355,419.875106009996,482.965809682749
"1149",2034,42370,1245.933243,0.0294060241444418,428.275442559012,494.688606397529
"1149",2035,42426,1280.913029,0.0301916991703201,436.46631791065,503.9230123672
"1149",2036,42486,1320.634215,0.0310839856658664,446.023137440506,514.575026190538
"1149",2037,42547,1361.876183,0.0320087475732719,456.691287060409,525.836657678847
"1149",2038,42606,1394.201621,0.0327231286907947,466.969208908553,534.853107106461
"1149",2039,42664,1435.364271,0.0336434528173636,479.44811762992,546.464881072204
"1149",2040,42719,1467.905888,0.0343618972354222,491.393909519166,555.830255230665
"1149",2041,42770,1503.715931,0.0351581933832125,504.750670935749,566.265163676602
"1149",2042,42818,1536.603159,0.0358868503666682,518.401725749293,576.002465356132
"1149",2043,42861,1566.443125,0.0365470503488019,532.209569624217,584.962128304024
"1149",2044,42899,1598.126216,0.0372532277209259,547.206169846159,594.588606253109
"1149",2045,42930,1626.9954,0.0378987980433263,562.323009888453,603.474473708865
"1149",2046,42955,1659.004699,0.0386219229193342,579.029402962944,613.446356426993
"1149",2047,42973,1688.364458,0.0392889595327299,595.861601657778,622.717297642566
"1149",2048,42985,1714.337151,0.0398822182389206,612.494917048498,631.021531944322
"1149",2049,42991,1747.117806,0.0406391525202949,631.977333543812,641.638788097467
"1149",2050,42991,1781.167321,0.0414311674769138,652.844059772424,652.844059772424
"1160",2026,8545,208.136766,0.0243577256875366,88.7709541153759,95.7095411537589
"1160",2027,8554,213.281856,0.0249335814823474,89.2408005475102,97.0240039818928
"1160",2028,8564,218.196188,0.0254783031293788,89.8026703961056,98.3009736920322
"1160",2029,8575,221.691074,0.0258531864723032,90.3878891261917,99.2371252997258
"1160",2030,8585,231.653553,0.0269835239370996,91.4595664308824,101.838265723529
"1160",2031,8596,240.178478,0.0279407256863658,92.635875794301,104.124785371482
"1160",2032,8606,248.956411,0.0289282373925168,94.0192116734475,106.520651302915
"1160",2033,8616,256.252059,0.0297414181754875,95.4519224268592,108.557027384439
"1160",2034,8627,265.069028,0.0307255161701634,97.2236657950394,111.059164487598
"1160",2035,8637,274.118374,0.0317376836864652,99.2329711002847,113.675362514937
"1160",2036,8648,285.166561,0.0329748567298797,101.746614127161,116.940240267707
"1160",2037,8659,294.418541,0.0340014483196674,104.269935509568,119.746215628425
"1160",2038,8668,300.981327,0.0347232726119059,106.577379945468,121.777054446306
"1160",2039,8677,312.733933,0.0360417117667397,110.012372262084,125.467867680144
"1160",2040,8686,320.280695,0.0368732091871978,112.938579854849,127.901727767758
"1160",2041,8693,330.358711,0.0380028426320028,116.623281600608,131.204953359409
"1160",2042,8699,340.184087,0.0391061141510518,120.550282133185,134.500403047407
"1160",2043,8703,345.144559,0.0396581131793634,123.544361725836,136.195744712998
"1160",2044,8706,354.74994,0.0407477532736044,127.933240127805,139.526761455232
"1160",2045,8707,361.970239,0.0415723256000919,131.940630364366,142.080775833066
"1160",2046,8707,370.137407,0.0425103258297921,136.470448660755,145.024057247947
"1160",2047,8705,377.397944,0.0433541578403217,140.974861111408,147.689984350882
"1160",2048,8701,382.617532,0.0439739721871049,145.013121455147,149.635806978537
"1160",2049,8695,390.857908,0.0449520308223117,150.335331166429,152.763980432654
"1160",2050,8688,396.159914,0.0455985168047882,154.813377805866,154.813377805866
"1505",2026,24016,600.376848,0.024999035976016,307.45014327401,347.501432740103
"1505",2027,24065,626.021466,0.0260137737793476,310.29031985399,356.020508029016
"1505",2028,24111,649.164117,0.0269239814607441,313.65210476791,363.869170102344
"1505",2029,24154,672.794497,0.0278543718224725,317.664074020493,372.007407155261
"1505",2030,24196,703.906989,0.0290918742354108,322.968108814873,382.872435259492
"1505",2031,24235,728.817246,0.0300729212296266,328.530649641969,391.802259624238
"1505",2032,24273,758.668869,0.0312556696329255,335.400674083251,402.69438179462
"1505",2033,24310,784.021591,0.0322509909913616,342.577425622281,412.179105164913
"1505",2034,24346,810.85609,0.033305515895835,350.76609168593,422.415229214825
"1505",2035,24381,839.785496,0.0344442597104303,360.174475942147,433.684516439193
"1505",2036,24415,861.903463,0.0353022102396068,369.267654523363,442.510851628132
"1505",2037,24448,885.885333,0.0362354930055628,379.486304679656,452.241570106647
"1505",2038,24476,908.68278,0.0371254608596176,390.259541924388,461.653712589797
"1505",2039,24501,929.990399,0.0379572425207134,401.467635717952,470.604486328429
"1505",2040,24521,949.608664,0.0387263432975817,412.98361636249,478.973786179984
"1505",2041,24538,963.569415,0.0392684576982639,423.587913674698,485.019492339167
"1505",2042,24551,979.41176,0.0398929477414362,435.262408931995,491.946298474279
"1505",2043,24561,996.305339,0.0405645266479378,447.86325716974,499.424755484393
"1505",2044,24568,1010.105336,0.041114675024422,460.023562563732,505.611048469332
"1505",2045,24573,1021.346019,0.0415637496032231,471.758429335536,510.702682259122
"1505",2046,24576,1028.331398,0.041842911702474,482.257670160086,513.891376658925
"1505",2047,24577,1041.39335,0.0423726797412215,495.497090789221,519.898130466728
"1505",2048,24577,1051.335036,0.0427771915205273,507.901934266619,524.515604612561
"1505",2049,24575,1062.358188,0.0432292243336724,521.180421452541,529.680957353289
"1505",2050,24572,1073.071787,0.043670510621846,534.74977365525,534.74977365525
"1506",2026,32273,845.879898,0.0262101415424658,450.236644627033,461.366446270326
"1506",2027,32391,875.089069,0.0270164264456176,452.064444637985,471.286870094433
"1506",2028,32506,904.329932,0.0278204002953301,454.660457843212,481.345473389781
"1506",2029,32617,938.981715,0.0287881078885244,458.416890662154,493.314779586606
"1506",2030,32725,975.808064,0.0298184282352941,463.305473255574,506.221893022295
"1506",2031,32828,1013.414282,0.0308704240891922,469.305575986697,519.628090388513
"1506",2032,32926,1049.294805,0.0318682744639495,476.193482979766,532.672255322358
"1506",2033,33020,1086.820266,0.0329139995760145,484.359899868869,546.544551362398
"1506",2034,33110,1126.62667,0.0340267795228028,494.011321000434,561.528302501086
"1506",2035,33198,1161.665201,0.0349920236460028,504.136534039995,575.02636351999
"1506",2036,33284,1199.8197,0.0360479419540921,515.964354041223,589.977587455207
"1506",2037,33366,1235.164345,0.0370186520709704,528.496282629392,604.114697813448
"1506",2038,33442,1262.380329,0.0377483502481909,540.424356433605,615.226102606555
"1506",2039,33511,1297.133423,0.0387076906985766,555.07907859954,629.560133786451
"1506",2040,33575,1322.775842,0.0393976423529412,568.592244788411,640.347591661458
"1506",2041,33633,1350.961648,0.0401677414444147,583.714889418771,652.343229311352
"1506",2042,33686,1375.348549,0.0408284910348513,598.713632165872,662.876617379818
"1506",2043,33733,1393.149156,0.0412992961195269,612.480306458932,670.668212147705
"1506",2044,33776,1412.773028,0.0418277187351966,627.501701207977,679.324775752229
"1506",2045,33814,1434.552003,0.0424247945525522,644.019068699864,689.023469169063
"1506",2046,33847,1455.598286,0.0430052378645079,661.077144076676,698.502522443149
"1506",2047,33876,1474.92102,0.0435388186326603,678.243726627285,707.302790565955
"1506",2048,33901,1488.515246,0.043907709094127,693.713824633178,713.555486089922
"1506",2049,33921,1506.500865,0.0444120416556116,711.657663487548,721.891078948101
"1506",2050,33938,1528.395029,0.045034917467146,732.153982787203,732.153982787203
"1508",2026,68634,1483.304151,0.021611798102981,545.16448373303,735.644837330297
"1508",2027,68935,1538.527022,0.0223185177631102,555.126423891596,750.373991938878
"1508",2028,69241,1585.824391,0.0229029677647637,565.894242177036,763.395669583062
"1508",2029,69549,1642.437015,0.023615537462796,578.151080334802,778.828613340246
"1508",2030,69857,1712.086747,0.0245084493608371,592.42410043832,797.69640175328
"1508",2031,70160,1771.078843,0.0252434270667047,607.412859190974,814.13168414252
"1508",2032,70457,1844.752719,0.0261826748087486,624.924650881341,834.537387327202
"1508",2033,70745,1911.646329,0.0270216457558838,643.428427200111,853.457730207202
"1508",2034,71024,1980.087824,0.0278791369677855,663.614138167742,873.035345419355
"1508",2035,71295,2049.906702,0.028752460929939,685.550012278443,893.257170922155
"1508",2036,71557,2111.54829,0.0295086195620275,708.053867871969,911.481827098883
"1508",2037,71807,2188.229551,0.0304737637138441,734.211213381461,934.168221232119
"1508",2038,72042,2258.486153,0.0313495759834541,761.23756452748,955.3410264136
"1508",2039,72263,2319.423387,0.0320969706073648,788.407875198556,974.055957784776
"1508",2040,72471,2376.704803,0.0327952533151191,816.427937103181,991.88469936509
"1508",2041,72665,2430.233997,0.0334443541870226,845.14808407214,1008.75182501455
"1508",2042,72846,2495.340784,0.0342550144688796,877.740933654968,1029.34419093567
"1508",2043,73014,2552.214533,0.0349551391924836,910.176462487297,1047.62910167769
"1508",2044,73170,2605.064405,0.0356029028973623,943.150116939318,1064.83886056686
"1508",2045,73313,2652.389581,0.0361789802763494,976.107616826994,1080.44014378707
"1508",2046,73445,2697.341782,0.0367260096943291,1009.69501987298,1095.40590573292
"1508",2047,73565,2752.358934,0.0374139731394005,1047.46553113114,1113.82031676748
"1508",2048,73674,2798.873947,0.0379899821782447,1084.18408293731,1129.60441398628
"1508",2049,73772,2847.096519,0.0385931860190858,1122.79050289008,1146.12000300268
"1508",2050,73860,2894.797879,0.0391930392499323,1162.63243118013,1162.63243118013
"1511",2026,2931,118.288246,0.0403576410781303,43.073616601747,61.7361660174699
"1511",2027,2911,121.489988,0.0417347949158365,44.0509537687287,63.1887546816633
"1511",2028,2893,124.594065,0.0430674265468372,45.1394947248334,64.6542555704765
"1511",2029,2875,129.745852,0.045128992,46.5704052199014,67.2136716230653
"1511",2030,2857,133.074222,0.0465783066153308,47.9856957484132,68.9427829936529
"1511",2031,2840,137.043792,0.0482548563380282,49.6510825141876,71.0907217884787
"1511",2032,2822,141.504145,0.0501432122608079,51.6005378954981,73.6170396784557
"1511",2033,2805,143.555477,0.0511784231729055,53.2699992140907,74.8482736940435
"1511",2034,2787,149.671096,0.0537032996053104,56.0351348924771,78.5878372311928
"1511",2035,2770,155.135148,0.0560054685920578,58.9986385150044,82.1397451771528
"1511",2036,2753,158.55256,0.0575926480203414,61.6708813201704,84.5176448845693
"1511",2037,2735,162.026752,0.0592419568555759,64.5993037460182,87.0474219434501
"1511",2038,2717,163.695478,0.0602486117040854,67.069154428519,88.3984625973073
"1511",2039,2699,167.896647,0.0622069829566506,70.7589731378637,91.6535712984914
"1511",2040,2679,171.148895,0.0638853658081374,74.358787245079,94.3740595921264
"1511",2041,2661,173.224457,0.0650975035700864,77.6077156174715,96.2569292339192
"1511",2042,2641,174.018173,0.065891015903067,80.3434979428352,97.2049970611932
"1511",2043,2621,173.544772,0.0662131903853491,82.4111050669513,97.1506509382391
"1511",2044,2602,174.049065,0.0668904938508839,85.0858218414938,97.8849314083791
"1511",2045,2582,175.310295,0.0678970933384973,88.3634562055419,99.2934845606669
"1511",2046,2562,175.47193,0.0684902146760343,90.9885529570486,99.8100623024101
"1511",2047,2542,174.233067,0.0685417258064516,92.6014470443921,99.142475542977
"1511",2048,2523,170.758265,0.0676806440745145,92.3991056007248,96.5666006494322
"1511",2049,2504,171.436947,0.0684652344249201,95.3786062016273,97.4972531964959
"1511",2050,2486,172.446693,0.0693671331456154,98.7236464973679,98.7236464973679
"1514",2026,2432,77.087923,0.0316973367598684,43.2354516607532,54.3545166075318
"1514",2027,2438,79.669271,0.0326781259228876,43.8795454565474,55.669421502163
"1514",2028,2444,81.225812,0.0332347839607201,44.535685435361,56.4896310592056
"1514",2029,2450,83.015766,0.033883986122449,45.2805017042444,57.4376550787972
"1514",2030,2456,83.79862,0.0341199592833876,45.9690212835004,57.8760851340014
"1514",2031,2463,86.244382,0.0350159894437678,46.9418566814018,59.1890667179194
"1514",2032,2469,89.679863,0.0363223422438234,48.1918950874799,61.0519848845536
"1514",2033,2475,91.937338,0.0371463991919192,49.3633726528116,62.3127521456872
"1514",2034,2482,93.299252,0.0375903513295729,50.4393447283535,63.0983618208838
"1514",2035,2488,95.701675,0.0384653034565916,51.8316127352111,64.4722576804826
"1514",2036,2494,98.940142,0.0396712678428228,53.5681820941192,66.3540675665667
"1514",2037,2500,101.859636,0.0407438544,55.371942775224,68.0915956589737
"1514",2038,2505,106.018396,0.0423227129740519,57.7429784012591,70.6235970931983
"1514",2039,2510,108.814111,0.0433522354581673,59.8453936603765,72.3751381453217
"1514",2040,2514,111.030154,0.044164739061257,61.8684101144421,73.7894561831073
"1514",2041,2518,113.231701,0.0449689042891184,64.0066007133577,75.2175105107285
"1514",2042,2521,118.463203,0.0469905604918683,67.6967945716074,78.7097065308677
"1514",2043,2524,119.672442,0.0474138042789223,69.6826701422283,79.5358239216655
"1514",2044,2526,123.096746,0.0487318867775139,72.9423576562947,81.9256227823158
"1514",2045,2528,124.759634,0.0493511210443038,75.4001301727467,83.1078525203036
"1514",2046,2530,125.360068,0.0495494339920949,77.3046980416116,83.5349388724842
"1514",2047,2530,127.359444,0.0503397011857707,80.1540739306211,84.9905058373196
"1514",2048,2531,129.27931,0.0510783524298696,83.0774613591572,86.408066334224
"1514",2049,2531,132.757591,0.0524526238640853,87.2790638341936,89.043183204357
"1514",2050,2530,132.917073,0.0525363924901186,89.1711351212119,89.1711351212119
"1515",2026,8795,243.352085,0.0276693672541217,98.6832667641813,122.832667641813
"1515",2027,8801,252.129413,0.0286478142256562,100.066386726561,125.573721647717
"1515",2028,8806,259.259481,0.029441231092437,101.572557360788,127.843184918788
"1515",2029,8811,267.571389,0.0303678798093292,103.338310392537,130.533225376646
"1515",2030,8815,275.683554,0.0312743680090754,105.301498071414,133.205992285654
"1515",2031,8819,287.078697,0.0325522958385304,107.799472530703,137.041643585054
"1515",2032,8823,297.386186,0.0337057900940723,110.496542305032,140.604745553944
"1515",2033,8828,308.541162,0.0349502902129588,113.604486021414,144.564099369419
"1515",2034,8832,319.750631,0.0362036493432971,117.058741723727,148.646854309318
"1515",2035,8837,327.94437,0.037110373429897,120.372380121023,151.70829741948
"1515",2036,8841,340.926127,0.038561941748671,124.818287853903,156.670079692427
"1515",2037,8845,350.964255,0.0396793957037875,129.116087929001,160.616756934636
"1515",2038,8849,362.595242,0.0409758438241609,134.119594387046,165.308353430993
"1515",2039,8851,370.097293,0.0418141783979211,138.53714873675,168.403657424256
"1515",2040,8852,377.172398,0.0426087209670131,143.108378241185,171.373405185896
"1515",2041,8852,391.036878,0.0441749749209218,149.889282061905,177.342312546271
"1515",2042,8851,402.410115,0.0454649322110496,156.47542521779,182.393464596843
"1515",2043,8848,407.779826,0.0460872316907776,161.511267256352,184.828836957765
"1515",2044,8844,414.412936,0.0468580886476707,167.210616479162,187.884666424725
"1515",2045,8839,421.935629,0.0477356747369612,173.525035203842,191.41542794319
"1515",2046,8832,433.294087,0.0490595660099638,181.747761277531,196.879719150036
"1515",2047,8824,442.195058,0.050112767225748,189.438125189768,201.28239458002
"1515",2048,8814,444.761452,0.0504607955525301,194.595437184807,202.589661821413
"1515",2049,8804,452.835437,0.051435192753294,202.564348560605,206.716206296732
"1515",2050,8792,460.361321,0.0523613877388535,210.656484269963,210.656484269963
"1516",2026,8776,191.323394,0.0218007513673655,106.885833351817,141.858333518168
"1516",2027,8838,198.202412,0.0224261611224259,108.751208514859,144.82697101716
"1516",2028,8899,206.036559,0.0231527766041128,110.903219529627,148.161254455009
"1516",2029,8959,214.557885,0.0239488653867619,113.365449138565,151.778584181484
"1516",2030,9019,224.983244,0.0249454755516133,116.29006120997,156.160244839879
"1516",2031,9078,235.50095,0.025941942057722,119.572387654266,160.6430874931
"1516",2032,9135,244.227972,0.026735410180624,122.980995173299,164.479985148613
"1516",2033,9191,255.348975,0.0277825019040366,127.040912884204,169.319759680562
"1516",2034,9248,264.092069,0.0285566683607266,131.110988901268,173.27747225317
"1516",2035,9302,275.558793,0.0296236070737476,135.98831817454,178.401870113235
"1516",2036,9356,285.83154,0.030550613510047,141.052566716804,183.110666772218
"1516",2037,9407,294.989037,0.0313584604018284,146.249279760124,187.388838556339
"1516",2038,9456,306.555134,0.0324191131556684,152.380751240792,192.783184074168
"1516",2039,9503,318.652982,0.0335318301588972,159.113037391266,198.51155300641
"1516",2040,9546,329.353851,0.0345017652419862,165.926758747092,203.682813995347
"1516",2041,9588,341.59425,0.0356272684605757,173.671895116192,209.674558665949
"1516",2042,9626,351.228344,0.0364874656139622,181.050828033859,214.501182905513
"1516",2043,9662,361.45284,0.0374097329745394,189.05736499276,219.687952532555
"1516",2044,9695,372.333829,0.0384047270758123,197.771090882865,225.285278558536
"1516",2045,9726,382.274653,0.0393044060250874,206.58912316849,230.494305438141
"1516",2046,9754,393.650005,0.0403578024400246,216.510998627832,236.542351326861
"1516",2047,9779,402.411601,0.0411505880969424,225.736045797422,241.294136109772
"1516",2048,9801,413.109263,0.0421497054382206,236.363508658452,247.176766117246
"1516",2049,9821,425.275874,0.0433027058344364,248.34034074436,254.002951422712
"1516",2050,9838,435.661739,0.0442835676966863,259.95699027961,259.95699027961
"1517",2026,5300,122.375763,0.0230897666037736,46.7948797770788,53.9487977707885
"1517",2027,5318,127.879642,0.024046566754419,47.2754645407751,55.2761057510918
"1517",2028,5337,134.895972,0.0252756177627881,47.92222629295,56.9841502454288
"1517",2029,5354,139.777708,0.0261071550242809,48.5955275110545,58.214247110845
"1517",2030,5371,144.782096,0.0269562643827965,49.3732864180839,59.4931456723356
"1517",2031,5387,150.800577,0.0279934243549285,50.3236087136088,61.0386390038566
"1517",2032,5402,156.139963,0.028904102739726,51.3427620500923,62.4392678464379
"1517",2033,5416,164.955534,0.0304570779172821,52.8014686319272,64.7626720880751
"1517",2034,5430,170.274133,0.0313580355432781,54.0885995935705,66.2214989839262
"1517",2035,5442,177.779303,0.0326680086365307,55.7543921891707,68.2957535752474
"1517",2036,5453,182.031511,0.0333819018888685,57.1672945646738,69.5100938203659
"1517",2037,5464,188.74018,0.0345424926793558,59.0379557404111,71.4399136398266
"1517",2038,5473,196.838525,0.0359653800475059,61.3000234962855,73.818224538701
"1517",2039,5481,203.254478,0.037083466155811,63.4811639249922,75.7551726382845
"1517",2040,5488,210.220877,0.0383055533892128,65.9409522889134,77.9055236622614
"1517",2041,5493,215.219895,0.0391807564172583,68.1822540006241,79.4826475481118
"1517",2042,5498,220.846436,0.0401685041833394,70.7039614488418,81.2913734983454
"1517",2043,5502,228.054723,0.0414494225736096,73.774621179531,83.6605032942793
"1517",2044,5504,231.81832,0.0421181540697674,76.1655466670104,84.9232860219489
"1517",2045,5506,234.860457,0.0426553681438431,78.465587494442,85.9576461470056
"1517",2046,5507,240.070296,0.0435936618848738,81.4915835054155,87.7548041240182
"1517",2047,5507,243.821086,0.0442747568549119,84.225589251156,89.0710864801757
"1517",2048,5506,249.134057,0.0452477401017072,87.5965760238807,90.9692713771683
"1517",2049,5504,252.468461,0.0458699965479651,90.4497835686343,92.1815933180616
"1517",2050,5501,253.711432,0.0461209656426104,92.6381681604102,92.6381681604102
"1520",2026,10735,283.357981,0.026395713181183,194.895907845036,211.95907845036
"1520",2027,10740,290.874711,0.027083306424581,196.062007991383,215.269149028241
"1520",2028,10745,297.614279,0.0276979319683574,197.4244240293,218.28242302457
"1520",2029,10749,306.882696,0.0285498833379849,199.262026274701,222.468358939769
"1520",2030,10752,318.793244,0.0296496692708333,201.736248328564,227.944993314257
"1520",2031,10755,328.838578,0.0305754140399814,204.405003762425,232.669578304087
"1520",2032,10757,340.030934,0.0316102011713303,207.636926664222,238.036697428376
"1520",2033,10759,352.235449,0.0327386791523376,211.497240729985,244.026870979268
"1520",2034,10760,362.975157,0.0337337506505576,215.566453208414,249.416133021035
"1520",2035,10762,376.784109,0.0350106029548411,220.791443770342,256.523300046496
"1520",2036,10764,388.850047,0.03612505081754,226.201561879721,262.898025009939
"1520",2037,10765,401.654891,0.0373111835578263,232.374663715608,269.828612128016
"1520",2038,10764,412.965624,0.0383654425863991,238.70138464475,276.093426626819
"1520",2039,10761,424.566416,0.0394541786079361,245.677684909646,282.664144527058
"1520",2040,10757,435.247889,0.040461828483778,252.907424254344,288.851878806951
"1520",2041,10751,444.054304,0.0413035349269835,259.946652237322,294.051550546902
"1520",2042,10744,452.858518,0.0421498992926284,267.443143412005,299.347347731435
"1520",2043,10736,462.585232,0.0430872980625931,275.833762880608,305.316966617774
"1520",2044,10727,471.606785,0.0439644621049688,284.424206822444,310.966718480572
"1520",2045,10717,481.104678,0.0448917307082206,293.781108403029,317.038287265267
"1520",2046,10706,487.768336,0.0455602779749673,302.118977185782,321.37526727739
"1520",2047,10694,494.319446,0.0462239990648962,310.776938081542,325.706409105963
"1520",2048,10680,501.108318,0.046920254494382,319.973359055402,330.268496276111
"1520",2049,10666,505.63113,0.0474058813050816,328.092212199007,333.355545141826
"1520",2050,10650,513.372741,0.0482040132394366,338.713595894111,338.713595894111
"1525",2026,4424,148.222013,0.0335040716546112,102.377461380912,114.774613809117
"1525",2027,4422,150.748717,0.034090618950701,103.090427128389,116.203106388282
"1525",2028,4420,156.230585,0.035346286199095,104.216987707961,119.382786902632
"1525",2029,4420,158.112989,0.0357721694570136,105.1436149623,120.499364528469
"1525",2030,4420,162.046738,0.036662157918552,106.466639837368,122.86655934947
"1525",2031,4421,166.836032,0.0377371707758426,108.134725233349,125.816435594256
"1525",2032,4422,168.992717,0.0382163539122569,109.505246722814,127.169989916352
"1525",2033,4424,173.809023,0.0392877538426763,111.60034421322,130.242328864056
"1525",2034,4426,177.92029,0.0401988906461817,113.768957364933,132.922393412333
"1525",2035,4429,181.573783,0.0409965642357191,116.029042546187,135.352097248427
"1525",2036,4432,187.053766,0.0422052721119134,119.083288034425,139.070080072473
"1525",2037,4434,190.082623,0.0428693331078033,121.585686804793,141.16719376545
"1525",2038,4436,194.385128,0.043819911632101,124.757901857065,144.196185194664
"1525",2039,4437,196.46179,0.0442780685147622,127.249727962268,145.680388020882
"1525",2040,4436,201.00157,0.0453114449954914,130.984368990681,148.97499038509
"1525",2041,4436,205.754545,0.046382900135257,135.122282091216,152.50533145844
"1525",2042,4434,208.90853,0.0471151398285972,138.727289036748,154.896127195354
"1525",2043,4431,210.788978,0.0475714236064094,141.815415985335,156.342936929267
"1525",2044,4428,212.368078,0.0479602705510388,144.842323458,157.570739945807
"1525",2045,4425,216.15578,0.0488487638418079,149.386079125791,160.552097385589
"1525",2046,4421,220.182829,0.0498038518434743,154.372394703258,163.791052592069
"1525",2047,4416,221.836937,0.0502348136322464,157.936972925579,165.154335690793
"1525",2048,4411,226.487316,0.0513460249376559,163.921723186924,169.023484526405
"1525",2049,4406,229.249851,0.0520312871084884,168.74065749825,171.379903894285
"1525",2050,4400,230.608084,0.0524109281818182,172.572714594255,172.572714594255
"1528",2026,7331,198.09956,0.0270221743281953,83.7907810646723,90.9078106467234
"1528",2027,7310,208.18506,0.028479488372093,84.4549590444947,93.581520323598
"1528",2028,7290,216.102476,0.0296436866941015,85.2279154680385,95.7309455316486
"1528",2029,7270,227.560316,0.0313012814305365,86.3980675150873,98.9909059533522
"1528",2030,7251,236.377605,0.0325993111294994,87.643432276049,101.573729104196
"1528",2031,7232,246.640727,0.0341040828263274,89.2373983692117,104.695298675519
"1528",2032,7212,259.318702,0.0359565587909041,91.3590954926244,108.72029382346
"1528",2033,7193,269.906961,0.0375235591547338,93.5895076967963,112.212435025645
"1528",2034,7173,281.327804,0.0392203825456573,96.2515517406904,116.128879351726
"1528",2035,7153,291.758563,0.0407882794631623,99.1187515972068,119.842860793616
"1528",2036,7133,298.941276,0.0419096139071919,101.749807727157,122.473279425593
"1528",2037,7114,310.314434,0.0436202465560866,105.447994347291,126.80096458008
"1528",2038,7095,320.067432,0.045111688794926,109.209222792548,130.653132350087
"1528",2039,7075,331.389164,0.0468394578091873,113.725944044903,135.299479225366
"1528",2040,7055,338.412948,0.0479678168674699,117.553819954882,138.286111927811
"1528",2041,7035,343.295987,0.048798292395167,121.040888448689,140.420208979154
"1528",2042,7015,350.895805,0.0500207847469708,125.569226763724,143.813181091034
"1528",2043,6994,358.446603,0.0512505866456963,130.413444606978,147.289416416241
"1528",2044,6973,366.964866,0.0526265403699986,135.956535256611,151.331013234337
"1528",2045,6951,369.642025,0.0531782513307438,139.618135669363,152.68385928537
"1528",2046,6928,374.272711,0.0540231973152425,144.213154269123,155.015475610732
"1528",2047,6904,381.848222,0.0553082592699884,150.342924267758,158.879351287615
"1528",2048,6879,384.365794,0.0558752426224742,154.482362102059,160.278229299523
"1528",2049,6853,386.756879,0.0564361416897709,158.693116312604,161.642198766341
"1528",2050,6826,390.129653,0.057153479783182,163.549875370737,163.549875370737
"1531",2026,9646,195.916169,0.0203106125855277,104.045572122016,104.045572122016
"1531",2027,9707,203.330008,0.020946740290512,106.169637599285,106.169637599285
"1531",2028,9766,209.473048,0.0214492164652877,107.994637130251,107.994637130251
"1531",2029,9824,216.782314,0.0220666036237785,110.112056493137,110.112056493137
"1531",2030,9880,226.522147,0.0229273428137652,112.843028225004,112.843028225004
"1531",2031,9935,232.825344,0.0234348609964771,114.73705242853,114.73705242853
"1531",2032,9989,242.328076,0.0242594930423466,117.459006101515,117.459006101515
"1531",2033,10042,251.784838,0.0250731764588727,120.201276020764,120.201276020764
"1531",2034,10094,261.644564,0.025920800871805,123.083241828117,123.083241828117
"1531",2035,10146,271.601082,0.026769276759314,126.033307113407,126.033307113407
"1531",2036,10198,283.675025,0.0278167312218082,129.613218933649,129.613218933649
"1531",2037,10249,294.500073,0.0287345178066153,132.90111313862,132.90111313862
"1531",2038,10299,303.837605,0.0295016608408583,135.80786238069,135.80786238069
"1531",2039,10348,314.569629,0.0303990750869733,139.157209366559,139.157209366559
"1531",2040,10395,324.395575,0.0312068855218855,142.27958275474,142.27958275474
"1531",2041,10441,336.137676,0.0321940116847045,146.026368167878,146.026368167878
"1531",2042,10485,346.358783,0.03303374182165,149.358328666091,149.358328666091
"1531",2043,10526,353.213508,0.0335562899486985,151.664902301528,151.664902301528
"1531",2044,10566,362.776541,0.0343343309672535,154.852605951022,154.852605951022
"1531",2045,10602,372.377986,0.0351233716279947,158.083419980858,158.083419980858
"1531",2046,10636,381.355695,0.0358551800488906,161.14771026434,161.14771026434
"1531",2047,10666,388.627204,0.0364360776298519,163.667343373617,163.667343373617
"1531",2048,10694,397.460835,0.0371667135777071,166.738845534828,166.738845534828
"1531",2049,10719,403.98093,0.0376883039462636,169.045067311745,169.045067311745
"1531",2050,10742,413.667275,0.0385093348538447,172.475607895938,172.475607895938
"1532",2026,8908,186.201337,0.0209027095868882,107.887479986115,124.874799861149
"1532",2027,8982,194.30536,0.0216327499443331,109.01641800241,127.937585472072
"1532",2028,9054,201.223847,0.022224856085708,110.312551037849,130.643148787707
"1532",2029,9126,210.81523,0.0231005073416612,111.998208765557,134.226864779093
"1532",2030,9196,220.835283,0.0240142760983036,113.996310408044,137.985241632177
"1532",2031,9266,230.864298,0.0249152059140945,116.292739445604,141.800832854276
"1532",2032,9333,238.003016,0.0255012339012108,118.566950818354,144.667540979551
"1532",2033,9399,248.026275,0.026388581232046,121.422229259141,148.544080714873
"1532",2034,9462,258.724636,0.0273435463961108,124.677664260165,152.694160650412
"1532",2035,9524,268.941439,0.0282382863292734,128.194499083562,156.730283619569
"1532",2036,9584,280.036169,0.0292191328255426,132.189466640041,161.135719242191
"1532",2037,9641,286.934001,0.029761850534177,135.739601633805,164.028490992789
"1532",2038,9696,296.33389,0.0305624886551155,140.032206111096,167.876738383811
"1532",2039,9749,309.184784,0.0317145126679659,145.420651631238,173.098981499979
"1532",2040,9801,318.123669,0.0324582868074686,150.296686682944,176.874698692711
"1532",2041,9850,326.852498,0.0331829947208122,155.420761176602,180.597375360908
"1532",2042,9897,334.258772,0.0337737467919572,160.472283790919,183.817548272742
"1532",2043,9943,344.932026,0.0346909409634919,166.778687257162,188.411779331746
"1532",2044,9986,355.943373,0.0356442392349289,173.58862332398,193.211126869652
"1532",2045,10027,365.654564,0.0364669955121173,180.364136476775,197.525091048339
"1532",2046,10065,372.311263,0.0369906868355688,186.372969787408,200.55643504401
"1532",2047,10101,379.447677,0.0375653575883576,192.813553135516,203.818088040018
"1532",2048,10133,387.666523,0.0382578232507648,199.96356977176,207.582237591091
"1532",2049,10163,397.38282,0.0391009367312801,208.09180013677,212.069402739501
"1532",2050,10190,405.248008,0.0397691862610402,215.76161019902,215.76161019902
"1535",2026,6416,180.074346,0.028066450436409,151.897872978355,159.978729783547
"1535",2027,6416,188.541482,0.0293861412094763,152.878373683236,164.660899514445
"1535",2028,6417,194.349382,0.0302866420445691,153.968070326669,167.96040186668
"1535",2029,6417,199.684503,0.03111804628331,155.258667295881,171.040787274734
"1535",2030,6417,206.901092,0.0322426510830606,157.074394302128,175.297577208513
"1535",2031,6417,217.302698,0.0338635963846034,159.803296372055,181.620161294103
"1535",2032,6417,225.896357,0.0352027983481378,162.705026238188,187.015465348272
"1535",2033,6417,236.770827,0.036897432912576,166.61397895683,194.073045398151
"1535",2034,6417,241.989805,0.0377107378837463,169.621664245014,197.554160612535
"1535",2035,6416,250.184979,0.0389939181733167,173.812208197645,203.142190166045
"1535",2036,6416,261.400386,0.0407419554239402,179.525929321285,211.05458804481
"1535",2037,6414,270.372279,0.0421534579045837,185.132588235466,217.600172166763
"1535",2038,6412,280.001925,0.043668422489083,191.621183603684,224.856697461243
"1535",2039,6408,285.682093,0.0445820994069913,196.971656365833,229.249627856737
"1535",2040,6404,293.318757,0.0458024292629607,203.687671775235,235.300274840376
"1535",2041,6398,299.646095,0.0468343380743982,210.255783444528,240.44269199174
"1535",2042,6392,307.95884,0.0481787922403004,218.467137607871,247.381625154101
"1535",2043,6385,315.015692,0.049336835082224,226.553837586594,253.445881473348
"1535",2044,6377,317.962073,0.0498607610161518,232.40907440838,256.043966978554
"1535",2045,6368,322.966211,0.0507170557474874,239.979731605768,260.513515822484
"1535",2046,6358,328.935781,0.0517357315193457,248.717048333297,265.96123333329
"1535",2047,6348,332.924866,0.0524456310649023,256.342439320204,269.695706276286
"1535",2048,6336,337.203991,0.0532203268623737,264.574412324927,273.783148459381
"1535",2049,6324,338.511295,0.0535280352624921,270.454778657894,275.108860943267
"1535",2050,6312,342.46672,0.0542564512040558,278.993952262447,278.993952262447
"1539",2026,7281,225.34746,0.0309500700453234,100.728926743971,125.289267439715
"1539",2027,7269,229.608113,0.0315873040308158,101.965128015583,126.837294658784
"1539",2028,7257,237.499445,0.0327269457075927,103.568855531168,129.822031606673
"1539",2029,7244,246.192024,0.0339856466040861,105.480960573768,133.204520347145
"1539",2030,7232,254.362126,0.0351717541482301,107.619215687278,136.476862749112
"1539",2031,7219,265.765194,0.0368146826430253,110.423719937776,141.212938914003
"1539",2032,7204,273.122356,0.0379125980011105,113.061289450457,144.34242907833
"1539",2033,7189,282.706719,0.0393249017944081,116.32729842863,148.558064630703
"1539",2034,7174,293.848219,0.0409601643434625,120.257257247257,153.643143118142
"1539",2035,7158,304.98558,0.0426076529756915,124.653312614593,158.921857404785
"1539",2036,7142,313.106283,0.0438401404368524,128.825912650615,162.896658211821
"1539",2037,7126,318.980165,0.0447628634577603,132.769674791815,165.843267886468
"1539",2038,7109,325.526912,0.0457908161485441,137.164041882417,169.207348877122
"1539",2039,7093,332.595632,0.0468906854645425,142.024119166492,172.934670921689
"1539",2040,7076,340.663926,0.0481435734878462,147.56894552431,177.310312838897
"1539",2041,7060,345.345956,0.0489158577903683,152.272814629243,179.921229629046
"1539",2042,7044,348.980675,0.04954296919364,156.793849921522,181.991214173604
"1539",2043,7027,349.929029,0.0497977841184005,160.367476634194,182.566070012467
"1539",2044,7011,354.368402,0.0505446301526173,165.540063281652,185.148468750519
"1539",2045,6995,361.601214,0.0516942407433881,172.284299200921,189.426829785749
"1539",2046,6980,363.184322,0.0520321378223496,176.558638802797,190.421928003291
"1539",2047,6964,364.514149,0.0523426405801264,180.785388272106,191.279310729133
"1539",2048,6948,365.112563,0.0525493038284398,184.676114216579,191.703907261166
"1539",2049,6933,369.053802,0.0532314729554305,190.5577168854,194.163861699116
"1539",2050,6917,374.852005,0.0541928588983664,197.829801614531,197.829801614531
"1547",2026,3603,97.756748,0.0271320421870663,32.0497041176448,50.4970411764482
"1547",2027,3623,100.520987,0.0277452351642285,32.951099573371,51.4625423517894
"1547",2028,3644,105.652269,0.028993487650933,34.0587072765615,53.1926130089229
"1547",2029,3663,108.079052,0.0295056107016107,35.1152784889885,54.0718987717104
"1547",2030,3682,113.520266,0.0308311423139598,36.4875670980043,55.9502683920171
"1547",2031,3700,116.05713,0.0313667918918919,37.7297177294122,56.8859747109988
"1547",2032,3718,118.643393,0.0319105414201183,39.0500156780048,57.8462020861685
"1547",2033,3736,124.424375,0.0333041688972163,40.8475340780805,59.9242319395324
"1547",2034,3755,128.716934,0.0342788106524634,42.6103688045126,61.5259220112816
"1547",2035,3772,131.133199,0.0347648989925769,44.2032939329385,62.4646718467165
"1547",2036,3790,134.306604,0.0354370986807388,46.003595869868,63.6917807786694
"1547",2037,3808,137.131893,0.0360115265231092,47.8364789086981,64.8028856755085
"1547",2038,3824,140.307298,0.0366912390167364,49.8270978069433,66.049268739897
"1547",2039,3840,142.986194,0.0372359880208333,51.8080799198016,67.1201360337049
"1547",2040,3855,147.215637,0.0381882326848249,54.2497530401668,68.7996048642669
"1547",2041,3869,147.919748,0.0382320361850607,55.9140901838574,69.1156078246904
"1547",2042,3882,150.940218,0.0388820757341576,58.2381812666945,70.3402589524207
"1547",2043,3895,154.019737,0.0395429363286264,60.6820219035965,71.6027415641986
"1547",2044,3906,156.376096,0.0400348428059396,63.0004438178905,72.5812178295362
"1547",2045,3917,158.272241,0.0404064950217003,65.2457128658079,73.3793389117635
"1547",2046,3928,159.708529,0.0406589941446029,67.3937777458453,73.9926797009944
"1547",2047,3938,160.294831,0.0407046295073641,69.2763909540204,74.2550883988962
"1547",2048,3947,162.455797,0.0411593101089435,71.7805704769493,75.1681842994046
"1547",2049,3956,164.275458,0.0415256466127401,74.2223616904874,75.9453108472596
"1547",2050,3964,169.025075,0.0426400290110999,77.975381693986,77.975381693986
"1554",2026,5772,153.878036,0.0266593963963964,64.9985746483994,82.9857464839939
"1554",2027,5794,162.759536,0.028091048671039,66.1556499664604,85.9501815742575
"1554",2028,5815,169.877574,0.0292136842648323,67.4458297871636,88.404741640935
"1554",2029,5835,177.322035,0.0303893804627249,68.9538546582688,91.018139568324
"1554",2030,5854,186.319889,0.0318277910830202,70.807820305822,94.2312812232878
"1554",2031,5872,193.846516,0.0330120088555858,72.7749256535149,96.9997414035302
"1554",2032,5889,203.213461,0.034507295126507,75.1916551198577,100.512784984178
"1554",2033,5906,209.199633,0.0354215430071114,77.4411733211091,102.837719506508
"1554",2034,5922,218.766596,0.0369413367105708,80.4398107462301,106.599526865575
"1554",2035,5938,225.145141,0.0379159887167396,83.2077817259666,109.189215373638
"1554",2036,5954,231.978474,0.0389617860262009,86.2821595035549,112.015072639063
"1554",2037,5969,241.742863,0.0404997257497068,90.2325419179825,116.136667157039
"1554",2038,5983,247.910378,0.0414357977603209,93.6985413289448,118.815529688991
"1554",2039,5997,255.146673,0.0425457183591796,97.6732693489812,122.018330806777
"1554",2040,6009,262.005807,0.0436022311532701,101.824335058081,125.11893609293
"1554",2041,6020,268.135914,0.0445408495016611,106.026962360212,127.946358279565
"1554",2042,6030,275.798565,0.0457377388059702,110.989313711207,131.556162444582
"1554",2043,6039,275.788119,0.0456678455042226,113.556639739387,131.551375917812
"1554",2044,6046,284.325227,0.0470269975190208,119.323496669805,135.675479573942
"1554",2045,6052,288.632536,0.0476920912095175,123.774192504902,137.799006159879
"1554",2046,6057,293.365785,0.0484341728578504,128.592985836253,140.168218630886
"1554",2047,6061,297.008933,0.0490032887312325,133.127217756227,142.016583387298
"1554",2048,6064,296.425854,0.0488828914907652,135.809919817558,141.713426829793
"1554",2049,6066,304.356934,0.0501742390372568,142.713050280124,145.818753537792
"1554",2050,6067,306.219826,0.0504730222515246,146.798430894813,146.798430894813
"1557",2026,2656,75.64588,0.0284811295180723,44.5036462568159,40.0364625681591
"1557",2027,2660,77.117869,0.028991680075188,44.3876785336656,40.5467529721136
"1557",2028,2664,82.370351,0.0309198014264264,44.5372656516627,42.3558037237871
"1557",2029,2669,86.247058,0.0323143716747846,44.7341249029465,43.7488230726895
"1557",2030,2673,90.381753,0.0338128518518519,45.0683289311311,45.2733157245244
"1557",2031,2677,93.807149,0.035041893537542,45.4530138497855,46.57570034708
"1557",2032,2681,99.020521,0.0369341741887355,46.1749318177555,48.615174823863
"1557",2033,2684,103.673073,0.0386263312220566,46.9950293439284,50.5035292246302
"1557",2034,2687,107.955691,0.0401770342389282,47.9212768000837,52.3031920002093
"1557",2035,2689,110.932359,0.0412541312755671,48.7577359638862,53.589110774597
"1557",2036,2691,114.145517,0.0424175091044222,49.7548771134488,55.0102676072606
"1557",2037,2692,118.073799,0.0438609951708767,51.0448355291413,56.7948010324708
"1557",2038,2692,120.88991,0.0449070988112927,52.2096682539875,58.1084877345227
"1557",2039,2691,122.197586,0.0454097309550353,53.0655693612534,58.7286287000058
"1557",2040,2690,124.89945,0.0464310223048327,54.3950924393387,60.032147902942
"1557",2041,2689,126.482406,0.047036967645965,55.4741093004969,60.8099763026369
"1557",2042,2687,127.674273,0.0475155463342017,56.4826350432409,61.403764347487
"1557",2043,2685,129.661974,0.0482912379888268,57.837895516394,62.4073159544326
"1557",2044,2683,129.980256,0.048445865076407,58.618274784823,62.5719674642878
"1557",2045,2681,131.836377,0.0491743293547184,60.0547498974814,63.5289229507463
"1557",2046,2678,132.667274,0.0495396840926064,61.121661478458,63.9666605628918
"1557",2047,2676,130.981725,0.0489468329596413,61.0601052308461,63.0958932178548
"1557",2048,2673,133.364025,0.0498930134680135,62.8915932689027,64.3422629934083
"1557",2049,2670,133.894056,0.0501475865168539,63.8926174263486,64.6286934299726
"1557",2050,2667,135.496541,0.0508048522684664,65.490266963767,65.490266963767
"1560",2026,3035,103.163271,0.0339911930807249,41.4029891580434,45.029891580434
"1560",2027,3042,106.928213,0.0351506288625904,41.7276845816495,46.2922515029056
"1560",2028,3049,110.479301,0.0362346018366678,42.1394794351403,47.5113110579444
"1560",2029,3055,114.187697,0.037377314893617,42.6593893187375,48.8088909117061
"1560",2030,3060,118.237741,0.0386397846405229,43.3141809353737,50.2567237414947
"1560",2031,3065,123.836901,0.0404035566068515,44.2537911009707,52.3175342642459
"1560",2032,3070,126.662301,0.0412580785016287,45.0270491829463,53.3909205629118
"1560",2033,3074,129.673322,0.0421839043591412,45.9131179610553,54.5534288580837
"1560",2034,3078,134.644751,0.0437442335932424,47.2078619272043,56.5196548180108
"1560",2035,3082,139.029421,0.045110130110318,48.5723827256605,58.3083033729384
"1560",2036,3086,139.066336,0.0450636215165263,49.2292106661273,58.3246540339522
"1560",2037,3089,143.372529,0.0464138973777922,50.8042347928342,60.1302142299204
"1560",2038,3092,145.192147,0.0469573567270375,51.9493397926563,60.9078905321023
"1560",2039,3094,149.11405,0.0481945862960569,53.7006257898551,62.6180864508172
"1560",2040,3097,151.450592,0.0489023545366484,55.1600374853456,63.6560599765529
"1560",2041,3099,151.589876,0.0489157392707325,56.0492223833731,63.7158073711293
"1560",2042,3101,154.707386,0.0498895149951629,57.8900196808682,65.1285995440975
"1560",2043,3102,157.900661,0.0509028565441651,59.8865043811906,66.6088194999194
"1560",2044,3103,160.143621,0.0516092881082823,61.6670666684214,67.6671827979631
"1560",2045,3104,163.023452,0.0525204420103093,63.7911701884559,69.0506710011765
"1560",2046,3105,162.662151,0.0523871661835749,64.6911826110771,68.8719795424436
"1560",2047,3105,166.79339,0.0537176779388084,67.5402051070039,70.9044564585959
"1560",2048,3105,168.977089,0.0544209626409018,69.677689616113,72.0029076930952
"1560",2049,3105,171.212629,0.0551409433172303,71.9396262948778,73.1450662803925
"1560",2050,3104,173.271194,0.0558219052835052,74.2180828665501,74.2180828665501
"1563",2026,6682,197.354062,0.0295351783897037,71.1116227414905,72.1162274149049
"1563",2027,6655,202.959618,0.0304973129977461,71.3233181288871,73.3514045737244
"1563",2028,6630,207.992911,0.0313714797888386,71.6099896837975,74.4856553359856
"1563",2029,6607,214.34963,0.032442807628273,72.0595357882739,75.986050768348
"1563",2030,6585,223.617112,0.0339585591495824,72.8210830685807,78.284332274323
"1563",2031,6564,228.724787,0.0348453362279098,73.4615964120929,79.562074476845
"1563",2032,6543,235.995005,0.0360683180498242,74.3982924936294,81.4562845957827
"1563",2033,6522,244.347693,0.0374651476540938,75.6081905404384,83.7122497667266
"1563",2034,6500,252.394684,0.0388299513846154,76.9825495932831,85.9563739832076
"1563",2035,6478,260.083087,0.0401486704229701,78.5122167276549,88.1707810917827
"1563",2036,6455,266.725834,0.0413208108443067,80.0905077003703,90.1379109481479
"1563",2037,6432,274.695761,0.0427076742848259,82.0604089930056,92.581285840011
"1563",2038,6408,283.019385,0.0441665706928839,84.3235638631054,95.2246615692825
"1563",2039,6383,289.603742,0.0453711016763277,86.5004895318809,97.383811969159
"1563",2040,6358,299.809778,0.0471547307329349,89.6619247915233,100.859079666437
"1563",2041,6333,305.956911,0.0483115286594031,92.2233503813343,103.035245858618
"1563",2042,6308,313.082788,0.0496326550412175,95.2448472951833,105.635496135976
"1563",2043,6283,319.234554,0.0508092557695368,98.2565729756587,107.958065051741
"1563",2044,6257,325.030536,0.0519467054498961,101.393916277901,110.217956487615
"1563",2045,6230,331.640528,0.0532328295345104,105.020494492272,112.871377836643
"1563",2046,6203,334.369098,0.0539044168950508,107.587558381665,114.044186331371
"1563",2047,6175,340.035465,0.0550664720647773,111.337016334231,116.450159249838
"1563",2048,6147,343.046683,0.0558071714657557,114.303233275175,117.814306243432
"1563",2049,6118,345.829879,0.0565266229159856,117.312750169672,119.117143033425
"1563",2050,6088,347.570216,0.0570910341655716,120.004511403789,120.004511403789
"1566",2026,5743,174.25097,0.0303414539439317,75.1538923499807,85.538923499807
"1566",2027,5723,180.458277,0.0315321120041936,75.8546972997966,87.4887076348846
"1566",2028,5703,188.208805,0.0330017192705594,76.805098379457,90.0291335968969
"1566",2029,5685,194.839982,0.0342726441512753,77.8830493787505,92.2731735470614
"1566",2030,5667,200.962159,0.0354618244220928,79.1008406152382,94.4033624609529
"1566",2031,5649,208.673633,0.0369399244114002,80.6681744608463,97.1936502985959
"1566",2032,5630,213.938913,0.0379998069271758,82.1695798034754,99.1371686260782
"1566",2033,5611,222.614735,0.0396746988059169,84.3265271946977,102.48697157158
"1566",2034,5592,228.864805,0.0409271825822604,86.3899896651836,104.974974162959
"1566",2035,5572,232.052157,0.0416461157573582,88.1121409899088,106.256322262649
"1566",2036,5552,236.073939,0.0425205221541787,90.1110802648929,107.918063715564
"1566",2037,5531,241.711757,0.0437012758994757,92.6144372795732,110.320853228436
"1566",2038,5510,248.375276,0.0450771825771325,95.5916961525808,113.257629368329
"1566",2039,5489,253.013004,0.0460945534705775,98.3008841272908,115.363207025176
"1566",2040,5468,258.17055,0.0472148043160205,101.356726955648,117.770763129036
"1566",2041,5447,260.929059,0.0479032603267854,103.876992497881,119.097347166613
"1566",2042,5427,264.914904,0.0488142443338861,106.932658322464,121.046654746378
"1566",2043,5406,267.508001,0.0494835369959304,109.66204018411,122.355308724218
"1566",2044,5386,272.149705,0.0505290948756034,113.308630372306,124.720813383621
"1566",2045,5366,272.902426,0.0508577014535967,115.562176570742,125.153448087067
"1566",2046,5346,276.838999,0.0517843245417134,119.252547945831,127.238291700977
"1566",2047,5326,277.744601,0.052148817311303,121.726459354203,127.776292230088
"1566",2048,5306,280.739017,0.0529097280437241,125.274122553021,129.431483841104
"1566",2049,5287,283.528481,0.0536274789105353,128.869623027294,131.007400547838
"1566",2050,5267,285.43136,0.0541923979494969,132.133455130424,132.133455130424
"1573",2026,2096,65.5718,0.0312842557251908,28.4848347667792,32.8483476677919
"1573",2027,2092,66.942018,0.031999052581262,28.7290187296526,33.3019543974732
"1573",2028,2088,70.135511,0.0335898041187739,29.1225177545581,34.4143871689035
"1573",2029,2084,74.163753,0.0355872135316699,29.6747960301043,35.8813930828436
"1573",2030,2081,74.678822,0.0358860269101394,30.0161348708265,36.0645394833059
"1573",2031,2078,76.713759,0.0369171121270452,30.5396137332461,36.8334390721604
"1573",2032,2076,78.733241,0.0379254532755299,31.1258745866424,37.6180756512074
"1573",2033,2073,81.949711,0.0395319397009165,31.953516791833,38.9062532188498
"1573",2034,2071,84.79556,0.040944258812168,32.8349565129607,40.0873912824017
"1573",2035,2069,87.374667,0.0422303852102465,33.7708738467323,41.190568792531
"1573",2036,2067,91.295629,0.0441681804547654,35.0923597487887,42.9312836816605
"1573",2037,2064,94.43708,0.0457543992248062,36.3954971622556,44.3814578775718
"1573",2038,2062,95.59431,0.0463599951503395,37.3111145641759,44.9292992075926
"1573",2039,2059,97.888878,0.0475419514327343,38.5974224218677,46.0381658244556
"1573",2040,2056,99.969237,0.0486231697470817,39.9190835227768,47.0705336364429
"1573",2041,2052,102.595446,0.0499977807017544,41.5229468473276,48.4119952412493
"1573",2042,2048,104.553833,0.0510516762695312,43.010556291814,49.4436518454486
"1573",2043,2044,106.997905,0.0523473116438356,44.7889256243736,50.7646449144049
"1573",2044,2040,108.854054,0.0533598303921569,46.4443555076973,51.7991683970288
"1573",2045,2035,109.936501,0.0540228506142506,47.8465732169176,52.4265516515908
"1573",2046,2031,110.417554,0.0543661024126046,49.0099362218216,52.7175720256724
"1573",2047,2026,114.084264,0.0563101006910168,51.8476793970185,54.8706246726969
"1573",2048,2020,113.46376,0.0561701782178218,52.5504724470302,54.5410512940867
"1573",2049,2015,114.337281,0.0567430674937965,54.0757160700225,55.0916530597637
"1573",2050,2010,115.956256,0.05768967960199,56.1039316886868,56.1039316886868
"1576",2026,3433,110.063229,0.0320603638217303,41.7786730479194,48.7867304791939
"1576",2027,3436,115.01582,0.0334737543655413,42.2872089553372,50.3615196751794
"1576",2028,3439,117.056646,0.0340379895318407,42.7554297346945,51.0310270553971
"1576",2029,3442,122.792054,0.035674623474724,43.5363730131958,52.9358730032746
"1576",2030,3446,127.442185,0.0369826421938479,44.3836433355393,54.534573342157
"1576",2031,3450,131.167994,0.0380197084057971,45.269292174405,55.8497119109737
"1576",2032,3453,135.169691,0.0391455809441066,46.2945869882752,57.2910368870007
"1576",2033,3456,138.117988,0.0399646956018518,47.2990737224727,58.3767550964763
"1576",2034,3459,144.332249,0.0417265825383059,48.8886242831372,60.721560707843
"1576",2035,3461,149.133425,0.0430896922854666,50.4474813519986,62.5942430902826
"1576",2036,3462,153.375426,0.0443025493934142,52.064892205584,64.2945099064926
"1576",2037,3463,158.247469,0.0456966413514294,53.9678416520174,66.3031056624729
"1576",2038,3463,159.105453,0.0459443987871788,55.1147391958115,66.6631621742026
"1576",2039,3462,161.949915,0.0467792937608319,56.7869103572756,67.8713367783415
"1576",2040,3461,165.860164,0.0479226131175961,58.8555316993403,69.5688507189445
"1576",2041,3459,168.51074,0.0487166059554785,60.7066737830805,70.7459226914423
"1576",2042,3457,171.64941,0.0496527075498988,62.8167007976267,72.1667154251811
"1576",2043,3454,172.339326,0.049895577880718,64.2223286147061,72.4879032063811
"1576",2044,3451,173.849915,0.0503766777745581,65.9477265778149,73.190614939116
"1576",2045,3448,176.308732,0.0511336229698376,68.0944602772353,74.3470280335203
"1576",2046,3445,176.40616,0.0512064325108853,69.3905606243821,74.4006595580966
"1576",2047,3441,180.490571,0.0524529412961348,72.3882127426206,76.3670002733753
"1576",2048,3437,180.418751,0.0524930901949374,73.6943100260224,76.3452000281323
"1576",2049,3433,182.029666,0.053023497232741,75.7901687616555,77.1456298822394
"1576",2050,3429,182.938764,0.0533504706911636,77.6084612727112,77.6084612727112
"1577",2026,10818,277.627264,0.0256634557219449,155.700094279703,180.000942797031
"1577",2027,10862,285.537228,0.0262877212299761,157.15473205238,183.216233108218
"1577",2028,10907,295.261843,0.0270708575226918,158.976566139623,187.15180651213
"1577",2029,10955,304.18072,0.0277663824737563,161.044223666961,190.855170197465
"1577",2030,11004,315.623737,0.0286826369501999,163.646799040802,195.587196163209
"1577",2031,11054,324.804723,0.0293834560340148,166.371324753863,199.508955665611
"1577",2032,11104,335.613485,0.0302245573667147,169.617309874022,204.130184227761
"1577",2033,11155,347.141535,0.0311198148812192,173.343629132109,209.120356226507
"1577",2034,11204,356.831691,0.0318485979114602,177.16471471897,213.411786797425
"1577",2035,11252,370.238701,0.0329042571098471,182.019085844325,219.329339072744
"1577",2036,11298,381.608367,0.0337766301115242,186.946281378706,224.465855534118
"1577",2037,11340,390.234924,0.0344122507936508,191.669407348614,228.452502143637
"1577",2038,11376,400.658648,0.0352196420534459,197.142112495991,233.258386356347
"1577",2039,11408,408.671871,0.0358232705995792,202.362595767126,237.021439603618
"1577",2040,11435,418.518601,0.0365997902055094,208.405983356306,241.649573370089
"1577",2041,11457,429.878008,0.0375209922318233,215.301032194342,247.039293878252
"1577",2042,11476,435.83801,0.0379782162774486,220.854160780732,249.934515401046
"1577",2043,11491,441.762872,0.038444249586633,226.619952275742,252.8236641027
"1577",2044,11504,447.387688,0.0388897503477052,232.504600218409,255.58658092698
"1577",2045,11514,453.949755,0.0394258949973945,238.982312490195,258.824384603317
"1577",2046,11522,460.216461,0.0399424111265405,245.603338575558,261.945104206539
"1577",2047,11528,462.575622,0.0401262683900069,250.746522171435,263.13692639035
"1577",2048,11532,468.939464,0.0406641921609435,257.841058592043,266.341684964371
"1577",2049,11534,470.871809,0.0408246756545864,263.036865177972,267.324015769321
"1577",2050,11536,476.998127,0.041348658720527,270.450390453475,270.450390453475
"1578",2026,2513,90.866195,0.0361584540389972,57.4828820794968,61.8288207949682
"1578",2027,2506,93.459361,0.0372942382282522,57.8533968664005,63.2065226647311
"1578",2028,2500,96.535304,0.0386141216,58.382662429939,64.90092817108
"1578",2029,2495,100.077003,0.040111023246493,59.1091812764526,66.9255589480124
"1578",2030,2491,102.774084,0.0412581629867523,59.8787374058471,68.5149496233885
"1578",2031,2488,105.218097,0.0422902319131833,60.7357255504772,69.9938280016598
"1578",2032,2486,109.11104,0.0438902011263073,62.0137212494311,72.4268346136341
"1578",2033,2485,113.426277,0.0456443770623742,63.6075370631885,75.2276884501752
"1578",2034,2484,116.424647,0.04686982568438,65.0955887816583,77.2389719541458
"1578",2035,2483,116.958632,0.0471037583568264,66.0141172689406,77.6036966147214
"1578",2036,2483,122.534398,0.0493493346757954,68.641311969577,81.5080251991094
"1578",2037,2483,126.086363,0.0507798481675393,70.8872305476256,84.0970352148792
"1578",2038,2482,128.073143,0.0516007828364222,72.7219102803607,85.5852914188376
"1578",2039,2482,131.042393,0.0527970962933118,75.1260801142697,87.8529023221612
"1578",2040,2480,134.065843,0.0540588076612903,77.773019989802,90.2368319836832
"1578",2041,2479,136.760444,0.0551675853166599,80.4613368711163,92.4133386733832
"1578",2042,2476,139.56678,0.0563678432956381,83.4286625741775,94.7552322488251
"1578",2043,2474,142.557208,0.0576221535974131,86.7290124732047,97.3105253873962
"1578",2044,2470,145.04954,0.0587245101214575,89.955082311722,99.5226868538349
"1578",2045,2466,146.53572,0.0594224330900243,92.6598117599334,100.888999089149
"1578",2046,2461,149.642604,0.0608056091019911,96.7588591770582,103.775128443598
"1578",2047,2455,151.966925,0.0619009877800407,100.51481296319,106.030775169791
"1578",2048,2449,153.151251,0.0625362396896693,103.481837145781,107.250634752196
"1578",2049,2442,153.754731,0.0629626253071253,106.035047594266,107.945503994042
"1578",2050,2435,155.222404,0.0637463671457906,109.495979253577,109.495979253577
"1579",2026,13234,315.211018,0.0238182724799758,156.577985575022,161.779855750223
"1579",2027,13244,329.084499,0.0248478178042887,157.318214862937,165.587017184995
"1579",2028,13254,342.121032,0.0258126627433228,158.317725394963,169.244145114073
"1579",2029,13264,354.347691,0.0267149947979493,159.558467724569,172.745730468558
"1579",2030,13275,370.084847,0.0278783312241055,161.335464805327,177.341859221309
"1579",2031,13286,385.364461,0.0290053034020774,163.450702911934,181.915488389334
"1579",2032,13296,400.447063,0.0301178597322503,165.923588913581,186.534119734095
"1579",2033,13307,414.044894,0.0311148188171639,168.615558693631,190.80154122381
"1579",2034,13317,428.718721,0.0321933409176241,171.80001961162,195.50004902905
"1579",2035,13325,443.465435,0.0332807080675422,175.391230018644,200.322811471186
"1579",2036,13334,458.640723,0.0343963344082796,179.468188341692,205.4067122983
"1579",2037,13342,472.476271,0.0354127020686554,183.750491279996,210.14730005853
"1579",2038,13348,484.591184,0.0363044039556488,188.109004350457,214.380007909922
"1579",2039,13353,496.087711,0.0371517794503108,192.700985177924,218.469762004977
"1579",2040,13357,509.062472,0.0381120365351501,197.981770765959,223.170833225534
"1579",2041,13361,522.077495,0.0390747320559838,203.690191204306,227.985194270651
"1579",2042,13363,529.613248,0.039632810596423,208.372596256532,230.817994652188
"1579",2043,13364,539.50976,0.0403703801257109,213.957992236468,234.587108117245
"1579",2044,13363,546.712351,0.0409123962433585,219.058082845545,237.3652681878
"1579",2045,13361,556.443746,0.0416468637078063,225.201263465981,241.170785804285
"1579",2046,13357,566.726981,0.0424292117241896,231.868605730881,245.257183212801
"1579",2047,13351,575.815594,0.0431290235937383,238.47176374596,248.925930981364
"1579",2048,13343,580.765771,0.0435258765644907,243.823447946877,250.944268050678
"1579",2049,13334,584.126105,0.0438072675116244,248.71018183378,252.322266840291
"1579",2050,13324,596.238163,0.044749186655659,257.378156232403,257.378156232403
"1804",2026,53468,1081.159606,0.0202206853819107,425.934739979425,479.347399794249
"1804",2027,53645,1126.604868,0.0210011160033554,429.516256270187,489.209136510453
"1804",2028,53817,1173.397653,0.0218034757232845,433.905728334125,499.46130476643
"1804",2029,53984,1216.251031,0.0225298427497036,438.918794224849,509.02961988164
"1804",2030,54145,1265.57466,0.0233738047834518,445.013472193893,520.053888775574
"1804",2031,54300,1314.32371,0.0242048565377532,451.942288544002,531.103612326965
"1804",2032,54449,1362.350697,0.0250206743374534,459.696594228429,542.143366856705
"1804",2033,54591,1414.490741,0.0259106948214907,468.660458829891,554.235748496251
"1804",2034,54728,1460.471078,0.0266859939701798,478.049323703824,565.12330925956
"1804",2035,54861,1513.803095,0.0275934287563114,489.05751746281,577.845754200708
"1804",2036,54991,1562.912018,0.0284212328926552,500.65091083454,589.79139123061
"1804",2037,55116,1612.701744,0.0292601376006967,513.311941975863,602.072081904124
"1804",2038,55232,1661.71712,0.0300861297798378,526.882470191422,614.331763984404
"1804",2039,55342,1709.094044,0.0308824047558816,541.238469691595,626.363352666545
"1804",2040,55444,1758.542022,0.0317174450256114,556.923269227706,639.07723076433
"1804",2041,55538,1804.309907,0.0324878444848572,573.059032040201,651.032501192756
"1804",2042,55623,1851.876651,0.0332933615770455,590.528013788858,663.611448269797
"1804",2043,55700,1890.580381,0.0339421971454219,607.341435724087,674.022285727576
"1804",2044,55767,1928.958111,0.0345895979880575,624.949476778949,684.450937779289
"1804",2045,55826,1979.623902,0.0354606079962741,646.155698884012,698.345475549553
"1804",2046,55876,2019.299833,0.036138947544563,666.000590587044,709.412459514169
"1804",2047,55918,2060.161666,0.0368425491970385,687.092385924806,720.949167239218
"1804",2048,55952,2093.338754,0.0374131175650558,707.158037385311,730.441121497633
"1804",2049,55978,2130.105698,0.0380525509664511,729.026733458323,741.066736060595
"1804",2050,55998,2179.209569,0.0389158464409443,755.453945021164,755.453945021164
"1806",2026,21160,589.14869,0.0278425656899811,285.100293586431,340.002935864311
"1806",2027,21113,603.386211,0.02857889504097,288.04093963578,344.752288260216
"1806",2028,21066,622.329179,0.0295418769106617,291.65292883484,351.302450484802
"1806",2029,21021,638.420051,0.0303705842252985,295.566517056831,356.960080267442
"1806",2030,20976,653.358862,0.0311479243897788,299.825031957549,362.300127830194
"1806",2031,20932,676.645157,0.032325872205236,305.441467790569,370.970322749805
"1806",2032,20889,697.311713,0.0333817661448609,311.452024892615,378.85238428497
"1806",2033,20846,716.061581,0.0343500710448048,317.84557907387,386.160218134814
"1806",2034,20803,735.451627,0.035353152285728,324.962667114468,393.90666778617
"1806",2035,20762,754.802044,0.0363549775551488,332.740082111194,401.834473397015
"1806",2036,20721,779.347523,0.0376114822161093,342.274112762157,412.208658446646
"1806",2037,20681,799.660092,0.0386664132295344,351.780281010833,421.010304411381
"1806",2038,20639,817.220197,0.0395959201996221,361.378687147201,428.77943117673
"1806",2039,20596,834.524031,0.0405187430083511,371.593007181416,436.605118606665
"1806",2040,20552,851.348704,0.0414241292331647,382.362910849433,444.380657359094
"1806",2041,20507,871.088709,0.0424776275905788,394.763389183296,453.73719122007
"1806",2042,20461,885.242655,0.0432648773275988,406.104245066837,460.577492952624
"1806",2043,20413,896.94842,0.0439400587860677,417.15511957102,466.328975689519
"1806",2044,20365,908.775421,0.0446243761846305,428.764076183718,472.243969269314
"1806",2045,20315,922.17319,0.045393708589712,441.559896794234,479.073719131364
"1806",2046,20265,936.448453,0.0462101383172958,455.374912386072,486.49989692479
"1806",2047,20214,945.596851,0.0467793039972296,467.461342130335,491.35080803418
"1806",2048,20161,953.373141,0.0472879887406379,479.301474246994,495.542134321074
"1806",2049,20108,960.291653,0.0477566964889596,491.066877444255,499.329223318707
"1806",2050,20055,967.792793,0.0482569330840189,503.488640878641,503.488640878641
"1811",2026,1358,52.601923,0.0387348475699558,42.8233279584765,32.2332795847651
"1811",2027,1350,55.333282,0.0409876162962963,42.5783632182264,33.6608234052832
"1811",2028,1342,56.2351,0.0419039493293592,42.2742111623946,34.1383494993974
"1811",2029,1335,57.913336,0.0433807760299625,42.1033271574565,35.0744807409718
"1811",2030,1328,59.59296,0.0448742168674699,42.0120952166484,36.0483808665936
"1811",2031,1322,62.5168,0.0472895612708018,42.2264361766675,37.8310823536262
"1811",2032,1315,65.77092,0.0500159087452472,42.6810104328271,39.941570562545
"1811",2033,1308,66.231041,0.0506353524464832,42.6480791428014,40.2705631525557
"1811",2034,1301,68.723915,0.0528239162182936,43.2071459214422,42.0178648036055
"1811",2035,1295,70.378694,0.0543464818532818,43.6672804680994,43.2394982127987
"1811",2036,1288,71.064812,0.0551745434782609,43.9008651695801,43.7912950938528
"1811",2037,1281,74.630734,0.0582597455113193,45.3283172773561,46.5918385899632
"1811",2038,1274,75.419419,0.0591989160125589,45.8140923285943,47.2983496883533
"1811",2039,1267,75.715547,0.0597597056037885,46.1259470623099,47.6186332975488
"1811",2040,1260,78.668322,0.0624351761904762,47.8797845502058,50.2076552803293
"1811",2041,1253,78.165316,0.06238253471668,47.8897388944121,49.8713039915655
"1811",2042,1246,80.075204,0.0642658138041734,49.3738135390846,51.6768764844066
"1811",2043,1240,79.070744,0.0637667290322581,49.066641604562,50.8700225146604
"1811",2044,1233,80.977965,0.0656755596107056,50.7720247353287,52.7380964326822
"1811",2045,1226,80.576727,0.0657232683523654,50.9008928732795,52.4934066132671
"1811",2046,1220,78.771838,0.0645670803278689,49.8929308284158,50.9328597981363
"1811",2047,1213,80.381604,0.0662667798845837,51.5947936228219,52.5575139412078
"1811",2048,1207,80.266664,0.0665009643744822,51.9234984614565,52.5659442826557
"1811",2049,1200,79.877005,0.0665641708333333,52.0208434737946,52.3333438688775
"1811",2050,1194,79.004975,0.0661683207705193,51.62304723918,51.62304723918
"1812",2026,1962,59.294,0.0302212028542304,26.3350227537263,38.350227537263
"1812",2027,1962,61.724191,0.0314598323139653,26.9803795053067,39.4027600385943
"1812",2028,1962,64.72909,0.032991381243629,27.7552403241846,40.7442304239119
"1812",2029,1962,65.327567,0.0332964153924567,28.4035725940283,41.016812207192
"1812",2030,1962,67.224515,0.0342632594291539,29.2232258111693,41.8929032446773
"1812",2031,1961,69.333807,0.0353563523712392,30.1416737585794,42.8840826385369
"1812",2032,1961,73.461236,0.0374611096379398,31.4685384794433,44.903195321364
"1812",2033,1961,75.637747,0.0385710081591025,32.6146514626236,46.0059350693064
"1812",2034,1961,77.237366,0.0393867241203468,33.7334472391471,46.8336180978677
"1812",2035,1960,79.277391,0.0404476484693878,35.0222420532397,47.9079818359766
"1812",2036,1960,80.611298,0.0411282132653061,36.2223577657189,48.626016348882
"1812",2037,1960,84.115426,0.0429160336734694,38.1015267434063,50.5639546212806
"1812",2038,1960,85.132033,0.0434347107142857,39.3772767673666,51.1405032133937
"1812",2039,1960,87.067309,0.0444220964285714,41.0130694453035,52.2562884175379
"1812",2040,1959,88.636277,0.045245674834099,42.6115112493854,53.1784179990166
"1812",2041,1958,90.256661,0.0460963539325843,44.311128929755,54.148873856234
"1812",2042,1957,90.840679,0.0464183336739908,45.6524350825801,54.5034786894002
"1812",2043,1956,92.671792,0.0473782167689162,47.5901595867868,55.6307248634398
"1812",2044,1954,93.489651,0.0478452666325486,49.1366929784492,56.1441199721926
"1812",2045,1953,94.319479,0.0482946641065028,50.7313471929707,56.6693503913486
"1812",2046,1951,97.584271,0.0500175658636597,53.7164199896268,58.7840235172079
"1812",2047,1949,97.862829,0.0502118158029759,55.1516078484372,58.9736426461264
"1812",2048,1946,99.112694,0.0509314974306269,57.2052773664727,59.8165160718623
"1812",2049,1944,102.956297,0.052961058127572,61.0607619720226,62.4657267241793
"1812",2050,1941,102.367383,0.0527395069551777,62.0680093357319,62.0680093357319
"1813",2026,7788,193.299648,0.0248201910631741,111.273463897962,131.734638979618
"1813",2027,7785,200.850571,0.0257996879897238,112.510894201414,134.53377601028
"1813",2028,7782,209.537604,0.026925932151118,114.045915095651,137.833800546577
"1813",2029,7780,218.442576,0.0280774519280206,115.866078601753,141.310958125894
"1813",2030,7775,227.212309,0.0292234481028939,117.950615305778,144.802461223112
"1813",2031,7771,236.069106,0.0303782146441899,120.335469540457,148.427720140721
"1813",2032,7766,244.27006,0.0314537805820242,122.929816379373,151.860973474994
"1813",2033,7761,251.796317,0.0324437980930293,125.705195012758,155.08329658692
"1813",2034,7756,262.040615,0.0337855357142857,129.238499346345,159.596248365863
"1813",2035,7751,270.254572,0.034867058702103,132.760143552709,163.308899549048
"1813",2036,7747,279.300467,0.0360527258293533,136.792404545768,167.510325359511
"1813",2037,7744,290.561796,0.0375208930785124,141.752045315605,172.906429884107
"1813",2038,7741,298.635219,0.0385783773414288,146.33470961062,176.881290201127
"1813",2039,7738,306.226115,0.0395743234685965,151.12625129752,180.704257527694
"1813",2040,7734,313.099383,0.0404834992242048,156.022612050714,184.236179281142
"1813",2041,7730,324.244432,0.0419462395860285,162.744521236917,190.123805640629
"1813",2042,7725,330.279342,0.0427546073786408,168.071618882095,193.388026974421
"1813",2043,7719,338.639718,0.0438709312087058,174.645757551253,198.011196679665
"1813",2044,7711,344.941835,0.0447337355725587,180.743328334899,201.572036561159
"1813",2045,7702,352.303363,0.0457418025188263,187.66833602104,205.82256741051
"1813",2046,7691,358.467483,0.0466086962683656,194.391362394654,209.460426346652
"1813",2047,7679,364.681777,0.0474907900768329,201.482132625085,213.205219859251
"1813",2048,7665,369.574051,0.0482157926940639,208.174880105165,216.216086600178
"1813",2049,7650,377.14762,0.0493003424836601,216.771093137337,220.969966895935
"1813",2050,7633,383.616786,0.0502576688064981,225.141356050411,225.141356050411
"1815",2026,1186,40.24717,0.0339352192242833,27.2434234528145,29.4342345281453
"1815",2027,1182,42.127446,0.0356408172588832,27.4742787374163,30.4492999084824
"1815",2028,1179,43.452928,0.0368557489397795,27.7331493798143,31.1894250275101
"1815",2029,1175,44.846086,0.0381668817021277,28.0598144310883,31.9873620286509
"1815",2030,1171,46.339503,0.0395725900939368,28.4683057484889,32.8732229939556
"1815",2031,1168,48.525758,0.0415460256849315,29.0798890289716,34.23439662251
"1815",2032,1164,50.0815,0.0430253436426117,29.6774869820009,35.2384214830798
"1815",2033,1160,51.049902,0.0440085362068966,30.219083150294,35.8802293801215
"1815",2034,1157,52.038102,0.0449767519446845,30.8211707250244,36.5529268125609
"1815",2035,1153,53.642635,0.0465244015611448,31.6724823650996,37.6799596916562
"1815",2036,1149,53.844914,0.0468624142732811,32.143160633419,37.8277065966717
"1815",2037,1145,56.740395,0.0495549301310044,33.6528906819111,39.9812501110461
"1815",2038,1141,56.539403,0.0495525004382121,34.0617039072841,39.8394616496074
"1815",2039,1136,56.14338,0.0494219894366197,34.3742313585255,39.5518831634477
"1815",2040,1132,59.422323,0.0524932181978799,36.4683752983968,42.1494004774349
"1815",2041,1127,59.83617,0.0530933185448092,37.2802212807379,42.5173151407364
"1815",2042,1122,60.880803,0.0542609652406417,38.4960849894104,43.4229785563006
"1815",2043,1118,59.990896,0.0536591198568873,38.5807205071225,42.7026718740644
"1815",2044,1113,59.661953,0.0536046298292902,38.98234328167,42.4610881053806
"1815",2045,1108,61.924179,0.0558882481949459,41.1650760817364,44.4339397929064
"1815",2046,1104,61.689571,0.0558782346014493,41.6742627587239,44.2638385396752
"1815",2047,1099,63.071828,0.0573901983621474,43.4578063783215,45.5440071868411
"1815",2048,1094,63.350596,0.0579073089579525,44.4382639331541,45.8521772250315
"1815",2049,1090,63.374567,0.058141804587156,45.2098282869391,45.9193021163003
"1815",2050,1085,63.105618,0.0581618599078341,45.7287058459261,45.7287058459261
"1816",2026,460,16.094755,0.034988597826087,6.52912821271228,11.2912821271228
"1816",2027,464,16.544201,0.0356556056034483,6.76405240698087,11.5567447780427
"1816",2028,467,16.293637,0.0348900149892934,6.95172530163772,11.4384302950727
"1816",2029,469,16.800704,0.0358223965884861,7.21633837757609,11.7239453062404
"1816",2030,472,17.572045,0.0372289088983051,7.54183331300428,12.1673332520171
"1816",2031,474,18.802958,0.0396686877637131,7.98036660366417,12.8882316649188
"1816",2032,476,21.123659,0.0443774348739496,8.71237200522983,14.3457600160918
"1816",2033,478,21.87911,0.0457721966527197,9.20885591057247,14.8520163050275
"1816",2034,479,21.293279,0.0444536096033403,9.38409295913049,14.4602323978262
"1816",2035,481,21.586666,0.0448787234927235,9.78707558129519,14.6561727572462
"1816",2036,482,23.123855,0.0479748029045643,10.6146285603772,15.7150074955309
"1816",2037,483,24.608352,0.0509489689440994,11.5377778956702,16.8054202842346
"1816",2038,484,24.639512,0.0509080826446281,11.9538435331525,16.8251700602773
"1816",2039,485,24.983101,0.0515115484536083,12.5117383152082,17.0838098982268
"1816",2040,486,26.212636,0.0539354650205761,13.53158916044,18.050542656704
"1816",2041,487,26.069361,0.0535305154004107,13.9024858918174,17.9282805914224
"1816",2042,487,26.924422,0.0552862874743326,14.8408162883822,18.6297375548317
"1816",2043,488,26.538876,0.0543829426229508,15.0734494856924,18.3029823534812
"1816",2044,489,26.595857,0.0543882556237219,15.5655294240856,18.3426186117233
"1816",2045,489,25.746474,0.0526512760736196,15.4731204176481,17.659225129413
"1816",2046,490,26.155207,0.0533779734693878,16.1818719616594,17.9786728960699
"1816",2047,491,27.781252,0.0565809613034623,17.8231934873283,19.3219081547361
"1816",2048,491,25.830396,0.0526077311608961,16.8359876579683,17.7145812518577
"1816",2049,492,24.551759,0.0499019491869919,16.3288012027297,16.7312220288101
"1816",2050,492,25.748518,0.0523343861788618,17.644914223192,17.644914223192
"1818",2026,1844,51.572501,0.0279677337310195,39.4806943653594,43.8069436535939
"1818",2027,1855,54.161008,0.0291973088948787,39.8619558822245,45.2687700525418
"1818",2028,1865,57.452564,0.0308056643431635,40.4247405352761,47.1413744872918
"1818",2029,1874,59.339756,0.03166475773746,40.9691980271089,48.2668142452184
"1818",2030,1882,62.18371,0.0330412911795962,41.7383925322516,49.9535701290065
"1818",2031,1890,64.245544,0.0339923513227513,42.5131773060832,51.2197471515936
"1818",2032,1896,68.361479,0.0360556323839662,43.7946697765949,53.7528300818303
"1818",2033,1902,70.9791,0.0373181388012618,44.9565230241989,55.4317876529626
"1818",2034,1908,73.364704,0.0384511027253669,46.2003921395982,57.0009803489956
"1818",2035,1913,75.413666,0.039421675901725,47.4769145984695,58.3758047965017
"1818",2036,1917,76.446166,0.0398780208659364,48.540052545614,59.084321148661
"1818",2037,1921,79.478242,0.0413733690786049,50.364639468034,61.1749062790907
"1818",2038,1924,82.663961,0.0429646366943867,52.4415376277748,63.4391593232268
"1818",2039,1927,84.014534,0.0435986165023352,53.937031371205,64.4247342488596
"1818",2040,1930,85.699757,0.0444040191709845,55.6694261579992,65.6710818527987
"1818",2041,1932,85.379315,0.0441921920289855,56.5134805193306,65.4354422933292
"1818",2042,1934,89.651407,0.0463554327817994,59.7725051258409,68.6750073226299
"1818",2043,1935,91.261933,0.0471637896640827,61.8148737463326,69.9354220289256
"1818",2044,1937,93.189187,0.0481100604026846,64.1649278506732,71.4708746460299
"1818",2045,1938,95.322376,0.0491859525283798,66.795162640602,73.2094309422794
"1818",2046,1938,95.912219,0.0494903090815274,68.4933982706947,73.698115612582
"1818",2047,1938,96.939597,0.0500204318885449,70.5569260633519,74.5570997896923
"1818",2048,1939,99.474283,0.0513018478597215,73.8859889953458,76.7145826976711
"1818",2049,1938,101.231799,0.0522351904024768,76.7833379503021,78.2554160522619
"1818",2050,1938,101.412507,0.0523284349845201,78.4150827109662,78.4150827109662
"1820",2026,7428,196.526547,0.0264575319063005,113.614631015743,146.146310157427
"1820",2027,7431,203.87549,0.0274358081011977,115.412756609639,149.365502615556
"1820",2028,7434,209.712584,0.0282099252085015,117.34577105812,151.975834617826
"1820",2029,7438,220.476785,0.0296419447432105,119.964700978956,156.892710489204
"1820",2030,7443,229.705813,0.0308619928792154,122.810382588237,161.241530352948
"1820",2031,7446,238.335847,0.0320085746709643,125.927640202934,165.400487662378
"1820",2032,7449,246.774564,0.0331285493354813,129.359612916649,169.568039743537
"1820",2033,7450,255.020624,0.0342309562416107,133.101106129682,173.72718932326
"1820",2034,7451,264.897394,0.0355519251107234,137.536295762801,178.840739407004
"1820",2035,7452,274.309231,0.0368101490874933,142.310453119239,183.852464272545
"1820",2036,7452,281.001892,0.0377082517444981,146.811301166121,187.497476139202
"1820",2037,7451,290.5153,0.0389901087102402,152.43481454891,192.799638144215
"1820",2038,7449,294.179756,0.0394925165794066,156.681993586613,194.87635197566
"1820",2039,7446,301.962869,0.0405537025248456,162.504487082221,199.369339714418
"1820",2040,7441,309.361959,0.0415753203870448,168.584239856644,203.734783770631
"1820",2041,7435,315.122389,0.0423836434431742,174.394609590135,207.19941070209
"1820",2042,7428,321.00583,0.0432156475498115,180.562483085346,210.803547264781
"1820",2043,7421,324.185436,0.0436848721196604,185.797411002989,212.776150512528
"1820",2044,7412,329.490819,0.0444536992714517,192.242878712169,216.119843499573
"1820",2045,7402,334.049306,0.0451296009186706,198.595586209634,219.040721488781
"1820",2046,7392,336.158723,0.0454760177218615,203.846380955407,220.407507006361
"1820",2047,7381,340.174328,0.0460878374204037,210.3253107779,223.042603693409
"1820",2048,7369,343.018042,0.0465487911521238,216.314931978108,224.935061597954
"1820",2049,7357,346.523453,0.0471011897512573,222.898234269208,227.296866773203
"1820",2050,7345,354.322439,0.048239950850919,232.645743091625,232.645743091625
"1822",2026,2337,60.507241,0.0258909888746256,25.3088734385095,37.0887343850953
"1822",2027,2352,62.301031,0.0264885335884354,25.8999120327918,37.8175420566673
"1822",2028,2366,64.622609,0.0273130215553677,26.5785357922103,38.7344902412016
"1822",2029,2378,66.545253,0.0279837060555088,27.2950040123999,39.5059012348231
"1822",2030,2390,68.926421,0.0288395066945607,28.1137547344496,40.4550189377983
"1822",2031,2401,72.110143,0.0300333790087464,29.0932896405946,41.715790054242
"1822",2032,2410,74.915325,0.0310851970954357,30.1249600000199,42.846030769292
"1822",2033,2419,78.512741,0.0324566932616784,31.3641398477203,44.3148685454353
"1822",2034,2427,82.496108,0.0339909798104656,32.7911475698314,45.9778689245786
"1822",2035,2434,86.464033,0.035523431799507,34.360549354337,47.6812556670561
"1822",2036,2440,88.071962,0.0360950663934426,35.589909031535,48.3998084874421
"1822",2037,2446,93.448534,0.0382046336876533,37.7393971070218,50.8085797210181
"1822",2038,2451,95.780069,0.0390779555283558,39.3415347048545,51.8936994633718
"1822",2039,2456,98.962389,0.0402941323289902,41.2727871604983,53.4004887838269
"1822",2040,2460,101.51345,0.0412656300813008,43.1471708705541,54.6354733928866
"1822",2041,2464,104.364142,0.0423555771103896,45.2290125414035,56.043792515326
"1822",2042,2467,108.212408,0.0438639675719497,47.795101105136,57.9930015787657
"1822",2043,2470,110.627222,0.0447883489878543,49.995917130018,59.2487011932447
"1822",2044,2472,110.91436,0.0448682686084142,51.4352761037287,59.4003562628758
"1822",2045,2474,114.346348,0.0462192190784155,54.2494914605952,61.2301433361171
"1822",2046,2475,115.07519,0.0464950262626263,55.9815124632179,61.6253087802564
"1822",2047,2476,118.382129,0.0478118453150242,59.0123801976201,63.450569236755
"1822",2048,2476,118.65884,0.0479236025848142,60.6353311629562,63.6057634194122
"1822",2049,2476,118.812403,0.0479856231825525,62.2036014013226,63.6920534039715
"1822",2050,2475,120.496695,0.0486855333333333,64.6478789515846,64.6478789515846
"1824",2026,12720,377.530191,0.0296800464622642,214.972715180144,241.727151801439
"1824",2027,12683,383.858311,0.0302655768351336,216.417704091925,244.128757032183
"1824",2028,12647,394.418672,0.0311867377243615,218.36777242221,248.387270984057
"1824",2029,12613,404.792451,0.0320932728930469,220.643927346544,252.677305160207
"1824",2030,12579,420.913391,0.0334615940058828,223.911832388317,259.64732955327
"1824",2031,12546,433.62107,0.0345624956161326,227.316195159874,265.273722295215
"1824",2032,12512,444.915837,0.0355591301950128,230.974002920762,270.3815474485
"1824",2033,12478,454.833938,0.0364508685686809,234.821009843586,274.954509913341
"1824",2034,12445,467.96038,0.0376022804339092,239.686776965638,281.216942414096
"1824",2035,12413,485.316081,0.0390974044147265,246.042941050536,289.812436686939
"1824",2036,12381,496.714318,0.0401190790727728,251.706972445981,295.593626202066
"1824",2037,12350,506.583129,0.0410188768421053,257.464049481218,300.710340451157
"1824",2038,12318,516.803274,0.0419551285923039,263.772990740476,306.132710437229
"1824",2039,12285,528.348827,0.0430076375254375,270.995764350369,312.418322298501
"1824",2040,12251,542.140923,0.0442527894049465,279.593743998752,320.149990398004
"1824",2041,12218,552.584628,0.0452270934686528,287.631373342908,326.160563536465
"1824",2042,12183,558.930763,0.0458779252236723,294.520326393942,329.886180562775
"1824",2043,12148,568.382509,0.0467881551695752,303.117280280097,335.54885461708
"1824",2044,12113,574.123359,0.0473972887806489,310.476845009122,339.066896785964
"1824",2045,12077,584.970024,0.0484366998426762,320.735278144847,345.828034639812
"1824",2046,12040,594.180842,0.0493505682724252,330.766263182222,351.725015508496
"1824",2047,12003,601.902239,0.0501459834208115,340.504791799521,356.794131605094
"1824",2048,11965,610.679625,0.0510388320100292,351.37365825864,362.674225144476
"1824",2049,11927,616.45943,0.0516860425924373,360.873128054093,366.67337979646
"1824",2050,11888,627.527628,0.0527866443472409,374.373687579741,374.373687579741
"1825",2026,1466,48.334429,0.0329702789904502,18.3255895497314,21.2558954973142
"1825",2027,1460,52.422933,0.0359061184931507,18.6286435496061,22.5719530880442
"1825",2028,1455,53.496513,0.0367673628865979,18.8613761586429,22.9221494779592
"1825",2029,1450,56.36007,0.0388690137931035,19.2574242709555,23.9172906868495
"1825",2030,1445,58.078341,0.0401926235294118,19.6336258240348,24.5345032961393
"1825",2031,1440,57.491184,0.0399244333333333,19.813174647198,24.3066944250366
"1825",2032,1436,60.36275,0.0420353412256267,20.3997487517832,25.3838423131792
"1825",2033,1431,61.907716,0.043261856044724,20.8937714067433,25.9828176737747
"1825",2034,1426,62.715096,0.0439797307152875,21.3206152625069,26.3015381562673
"1825",2035,1422,65.188464,0.0458428016877637,22.076598472562,27.3179393658559
"1825",2036,1418,63.760422,0.0449650366713681,22.1436138210395,26.723397517978
"1825",2037,1414,66.532645,0.0470527899575672,23.0698110286414,27.8923142022272
"1825",2038,1410,70.308202,0.0498639730496454,24.3668846211379,29.5761538566143
"1825",2039,1405,70.532253,0.0502008918149466,24.8673603712055,29.6891240360945
"1825",2040,1401,71.250269,0.0508567230549607,25.520041145675,30.03206583308
"1825",2041,1397,71.563212,0.0512263507516106,26.0753848569238,30.1892601613944
"1825",2042,1392,73.074266,0.0524958807471264,27.0493761661876,30.9276802374109
"1825",2043,1387,74.135208,0.0534500418168709,27.9312383177131,31.4660858545263
"1825",2044,1383,74.616271,0.0539524736080983,28.634415526385,31.7218264856581
"1825",2045,1378,76.05127,0.0551896008708273,29.7597528461797,32.4735419645288
"1825",2046,1373,75.17744,0.0547541442097597,29.9418112256049,32.0491896771823
"1825",2047,1368,78.018582,0.0570311271929825,31.8113364338016,33.5620692211849
"1825",2048,1362,77.719774,0.0570629765051395,32.2802782711915,33.4381386715584
"1825",2049,1357,77.860848,0.057377190862196,32.9620605703952,33.5449979952158
"1825",2050,1352,78.027949,0.0577129800295858,33.6676160921406,33.6676160921406
"1826",2026,1238,47.942113,0.0387254547657512,20.0693242550451,20.6932425504512
"1826",2027,1235,50.224417,0.0406675441295547,20.2115183241813,21.5383150849552
"1826",2028,1232,51.815196,0.042057788961039,20.3760695047207,22.1489685984039
"1826",2029,1228,53.291393,0.0433968998371336,20.5807292967724,22.7328437495172
"1826",2030,1225,55.137389,0.0450101134693878,20.872813935344,23.4912557413761
"1826",2031,1221,56.136268,0.0459756494676495,21.1252705672325,23.9139845816784
"1826",2032,1217,58.944955,0.0484346384552177,21.6743678189919,25.1519009815135
"1826",2033,1214,60.257519,0.049635518121911,22.0869979232445,25.7572356503297
"1826",2034,1210,61.826698,0.0510964446280992,22.6021748129087,26.5054370322718
"1826",2035,1206,63.58966,0.0527277446102819,23.2273684005981,27.37684205851
"1826",2036,1203,62.585612,0.0520246151288446,23.2738040683094,26.8922190911776
"1826",2037,1199,64.797034,0.0540425638031693,24.1059219131517,28.0115549524911
"1826",2038,1195,63.979009,0.053538919665272,24.186838591869,27.6124338033982
"1826",2039,1192,64.658838,0.0542439916107383,24.6829062805209,27.9709043072697
"1826",2040,1188,64.019917,0.053888819023569,24.7884056849681,27.6614490959489
"1826",2041,1185,64.910513,0.0547768042194093,25.3877139783558,28.1323984578955
"1826",2042,1181,66.172924,0.0560312650296359,26.1718317943809,28.8169025634014
"1826",2043,1178,66.598536,0.056535259762309,26.6833124955837,29.0621186380796
"1826",2044,1174,64.997484,0.0553641260647359,26.3793209963613,28.2313819307888
"1826",2045,1171,65.274438,0.0557424748078565,26.8193888177467,28.3930939295345
"1826",2046,1167,66.081798,0.0566253624678663,27.5203765924989,28.8475018735281
"1826",2047,1163,67.38316,0.0579390885640585,28.5077219670804,29.5861655967103
"1826",2048,1159,67.512389,0.0582505513373598,28.9593941970581,29.6858315643872
"1826",2049,1156,67.814964,0.0586634636678201,29.507045317449,29.8774496804665
"1826",2050,1152,67.560835,0.0586465581597222,29.7630668172506,29.7630668172506
"1827",2026,1304,43.058907,0.033020634202454,32.3871356697168,26.8713566971684
"1827",2027,1300,45.289161,0.0348378161538462,32.2952379991322,27.8744581755072
"1827",2028,1295,46.276031,0.0357343868725869,32.180441194279,28.3168068244515
"1827",2029,1291,45.980644,0.0356163005422153,31.9707707506863,28.1565682385239
"1827",2030,1287,49.786866,0.0386844335664336,32.254102989501,30.0164119580038
"1827",2031,1283,51.413594,0.0400729493374903,32.3805136386427,30.8452648300614
"1827",2032,1281,53.19988,0.0415299609679938,32.6079947114046,31.7938298812449
"1827",2033,1278,54.587044,0.0427128669796557,32.8369640039597,32.5502455281648
"1827",2034,1275,56.059866,0.0439685223529412,33.151003884687,33.3775097117176
"1827",2035,1273,57.318116,0.0450260141398272,33.4832038043063,34.1044658384143
"1827",2036,1271,59.617933,0.046906320220299,34.1778107938075,35.4796016711738
"1827",2037,1269,62.109041,0.0489432947202522,35.0688158485467,37.0367138508229
"1827",2038,1267,62.764,0.0495374901341752,35.4539749068309,37.4617725578743
"1827",2039,1265,63.411637,0.050127776284585,35.8719216579272,37.8883772900889
"1827",2040,1262,65.697407,0.0520581671949287,37.0172670573494,39.4276272917591
"1827",2041,1259,65.209451,0.0517946393963463,37.0465296557468,39.1079692916932
"1827",2042,1256,66.939934,0.0532961257961783,38.1215782378888,40.3165403398412
"1827",2043,1254,68.111205,0.0543151555023923,39.0172840979236,41.1590292853202
"1827",2044,1251,69.500687,0.055556104716227,40.1219558045072,42.1896203929125
"1827",2045,1247,69.855929,0.0560191892542101,40.7046029844192,42.4825882885159
"1827",2046,1244,70.347467,0.0565494107717042,41.393273535716,42.8744394537836
"1827",2047,1241,71.738374,0.0578069089443997,42.72969493071,43.9630365416451
"1827",2048,1238,71.951908,0.0581194733441034,43.3206253636771,44.1574328255968
"1827",2049,1235,73.521827,0.0595318437246964,44.9654325073293,45.431618189433
"1827",2050,1232,74.508239,0.0604774667207792,46.2678216088054,46.2678216088054
"1828",2026,1857,48.969152,0.0263700333871836,38.8184814768737,37.184814768737
"1828",2027,1884,50.735528,0.0269296857749469,38.8885997879864,38.1898166399014
"1828",2028,1910,51.892534,0.0271688659685864,38.985965861007,38.91980492004
"1828",2029,1934,55.065,0.0284720785935884,39.328873150691,40.547638356193
"1828",2030,1957,56.677749,0.02896154777721,39.6178000699195,41.4712002796781
"1828",2031,1980,59.208585,0.0299033257575758,40.1015074825115,42.831330373953
"1828",2032,2000,61.139769,0.0305698845,40.5921616585554,43.8989589494013
"1828",2033,2021,63.365985,0.0313537778327561,41.2208801238181,45.1265658588085
"1828",2034,2040,65.325572,0.0320223392156863,41.8885560181859,46.2213900454647
"1828",2035,2059,67.316536,0.0326938008742108,42.6494808222692,47.3416704509009
"1828",2036,2077,70.043229,0.0337232686567164,43.6751289490354,48.8423767348114
"1828",2037,2095,71.994655,0.0343649904534606,44.6178228659948,49.961605592185
"1828",2038,2111,73.417351,0.0347784703931786,45.4901399534064,50.800254460739
"1828",2039,2127,73.993554,0.034787754583921,46.1649596586731,51.1956760147628
"1828",2040,2142,76.658061,0.0357880770308123,47.5603021020206,52.6964833632329
"1828",2041,2155,80.13241,0.0371844129930394,49.3743890358834,54.6594551485032
"1828",2042,2168,81.067797,0.037392895295203,50.368251063427,55.2403586620386
"1828",2043,2180,82.328202,0.0377652302752294,51.5375353211448,56.0000478930777
"1828",2044,2191,84.69344,0.03865515289822,53.2508544286878,57.3881992628229
"1828",2045,2201,86.331522,0.0392237719218537,54.7390694289584,58.3711623741026
"1828",2046,2211,87.665022,0.0396494898236092,56.1568866981299,59.1845725860352
"1828",2047,2219,91.508062,0.0412384236142406,58.9670166065581,61.4980468806288
"1828",2048,2227,93.112841,0.0418108850471486,60.7346749025468,62.4969458405911
"1828",2049,2234,93.476985,0.041842876007162,61.8470987108068,62.7372454138252
"1828",2050,2241,95.483672,0.0426076180276662,63.9947092841359,63.9947092841359
"1832",2026,4255,147.385099,0.0346380961222092,104.206189323609,115.061893236092
"1832",2027,4236,151.157764,0.0356840802644004,104.95213440668,117.197341139488
"1832",2028,4217,155.251163,0.0368155473085132,105.903824178581,119.593281020466
"1832",2029,4199,160.031381,0.0381117839961896,107.144861782044,122.505231915501
"1832",2030,4182,164.330395,0.0392946903395505,108.551309090437,125.20523636175
"1832",2031,4166,170.190443,0.0408522426788286,110.488183663633,129.045856221331
"1832",2032,4150,175.614554,0.04231676,112.66293769941,132.732115998185
"1832",2033,4135,180.171721,0.0435723629987908,114.938027252152,135.932488971453
"1832",2034,4120,185.367624,0.0449921417475728,117.683470431469,139.708676078673
"1832",2035,4105,191.259638,0.0465918728380024,121.004784233579,144.153792533894
"1832",2036,4091,195.156436,0.0477038464923002,123.993534331816,147.196914382771
"1832",2037,4076,199.77494,0.0490124975466143,127.555445504602,150.913064399223
"1832",2038,4061,202.666806,0.0499056404826397,130.677112216461,153.322022211747
"1832",2039,4046,205.680075,0.0508354115175482,134.074093758045,155.892074481779
"1832",2040,4031,210.681264,0.0522652602331928,138.778233828238,160.24517412518
"1832",2041,4015,212.593669,0.0529498552926526,142.097823493922,162.015582632336
"1832",2042,4000,213.728518,0.0534321295,145.08463009075,163.120900129643
"1832",2043,3984,216.784734,0.0544138388554217,149.457013108134,165.992560146622
"1832",2044,3969,216.952241,0.0546616883345931,152.03110747333,166.265945126877
"1832",2045,3953,222.114062,0.0561887331140906,158.425945319231,171.216548085207
"1832",2046,3938,223.639344,0.0567900822752666,162.35018974109,172.823752636576
"1832",2047,3922,224.116005,0.0571432955124936,165.529397205937,173.455658823591
"1832",2048,3907,227.794108,0.0583040972613258,171.665359603465,177.232821192935
"1832",2049,3892,230.578829,0.0592443034429599,177.322755608442,180.218447385394
"1832",2050,3877,233.922549,0.060335968274439,183.859354337515,183.859354337515
"1833",2026,25534,668.739508,0.0261901585337197,294.787322495237,436.873224952367
"1833",2027,25513,691.007319,0.0270845184415788,301.843111520197,445.131720146884
"1833",2028,25493,712.907893,0.027964848899698,309.524329741998,453.424741382845
"1833",2029,25471,734.736335,0.0288459948568961,317.854339490307,461.843950542623
"1833",2030,25449,760.637033,0.0298886806161342,327.270795504797,472.083182019189
"1833",2031,25425,781.237733,0.0307271478072763,336.891561353575,480.361952534173
"1833",2032,25402,805.119006,0.031695102984017,347.636825938247,490.190233656145
"1833",2033,25379,829.906176,0.0327005073485953,359.340455920258,500.628843917952
"1833",2034,25357,855.806213,0.0337502943171511,372.122314077266,511.805785193164
"1833",2035,25335,883.833433,0.0348858667061378,386.281103320653,524.213950447206
"1833",2036,25314,904.154199,0.03571755546338,399.834698668608,533.388839302332
"1833",2037,25292,929.191399,0.0367385496995097,415.300843740258,544.95286583465
"1833",2038,25268,953.431695,0.0377327724790249,431.56857942703,556.397417140055
"1833",2039,25242,976.05145,0.0386677541399255,448.377240525998,567.3016860017
"1833",2040,25214,1000.046315,0.039662342944396,466.579534603613,579.127255365781
"1833",2041,25183,1019.583948,0.0404869931302863,484.332853918041,588.936383272515
"1833",2042,25149,1038.89641,0.0413096508807507,502.869262968727,598.813232812467
"1833",2043,25111,1058.212125,0.0421413772848552,522.285266915605,608.87832802116
"1833",2044,25070,1076.392196,0.0429354685281213,542.134239384474,618.528050818677
"1833",2045,25026,1097.074041,0.0438373707743946,563.973031375255,629.736038615699
"1833",2046,24979,1110.511431,0.0444578017935066,583.415547241059,637.135937930658
"1833",2047,24929,1130.02607,0.0453297793734205,606.573399529066,648.096788201765
"1833",2048,24877,1149.076394,0.0461903120955099,630.523736457685,659.025661035335
"1833",2049,24822,1164.633381,0.04691940137781,653.539981790964,668.132448613989
"1833",2050,24765,1184.56298,0.0478321413284878,680.031534899434,680.031534899434
"1834",2026,1880,63.679888,0.0338722808510638,70.3075562532652,73.0755625326523
"1834",2027,1882,65.891117,0.0350112205100956,70.6871434894086,74.9974071956986
"1834",2028,1885,67.381608,0.0357462111405836,71.1083719105175,76.3335537743857
"1834",2029,1887,69.501436,0.0368317095919449,71.7529970903338,78.2493980721593
"1834",2030,1889,72.258999,0.0382525140285866,72.7008300545256,80.8033202181022
"1834",2031,1890,73.516339,0.0388975338624339,73.4482942731449,81.9940670370256
"1834",2032,1891,74.024103,0.0391454801692226,74.0570698848379,82.4832919533474
"1834",2033,1891,75.789976,0.0400793104177684,75.1418104785769,84.1843047684879
"1834",2034,1891,78.881876,0.0417143712321523,76.8990228580821,87.2475571452053
"1834",2035,1892,81.962919,0.0433207817124736,78.9308841413907,90.4134494660359
"1834",2036,1892,83.529362,0.0441487114164905,80.4807016317403,92.0646350141901
"1834",2037,1892,82.684976,0.0437024186046512,80.8500642821004,91.1708571358057
"1834",2038,1893,85.267161,0.0450434025356577,83.1628774410326,93.9325044382411
"1834",2039,1893,87.958736,0.0464652593766508,85.8024730788281,96.8978265171543
"1834",2040,1893,89.885769,0.0474832377179081,88.1738630348188,99.07818085571
"1834",2041,1893,90.037904,0.0475636048600106,89.3797085564865,99.2523902739419
"1834",2042,1893,90.607006,0.0478642398309562,90.9347516358238,99.9067880511769
"1834",2043,1893,90.716965,0.0479223269941891,92.1498714134187,100.033723950398
"1834",2044,1892,95.467853,0.0504586960887949,97.6525090296917,105.680656812505
"1834",2045,1891,96.183429,0.0508637911158117,99.7084655402051,106.564265280252
"1834",2046,1890,96.459495,0.0510367698412698,101.374688972662,106.911398791367
"1834",2047,1889,95.533062,0.0505733520381154,101.752854658792,105.777864404273
"1834",2048,1887,96.732422,0.0512625447800742,104.474562555113,107.269797356879
"1834",2049,1885,98.736597,0.0523801575596817,108.313443550382,109.80617511728
"1834",2050,1884,101.305139,0.0537713052016985,113.136544430484,113.136544430484
"1835",2026,425,10.342875,0.0243361764705882,7.70844979608708,7.70844979608708
"1835",2027,428,10.902102,0.0254722009345794,7.95804745474241,7.95804745474241
"1835",2028,431,10.429576,0.0241985522041763,7.79379319781426,7.79379319781426
"1835",2029,434,10.867194,0.0250396175115207,7.99366299072613,7.99366299072613
"1835",2030,438,10.865444,0.0248069497716895,8.02641161391787,8.02641161391787
"1835",2031,441,10.886825,0.0246866780045351,8.0601686479945,8.0601686479945
"1835",2032,444,12.369568,0.0278593873873874,8.69777236086093,8.69777236086093
"1835",2033,447,13.51145,0.0302269574944072,9.22165090120393,9.22165090120393
"1835",2034,450,13.606196,0.0302359911111111,9.28537455262154,9.28537455262154
"1835",2035,453,14.166039,0.0312716092715232,9.56129160978412,9.56129160978412
"1835",2036,456,14.064356,0.0308428859649123,9.53483538373817,9.53483538373817
"1835",2037,459,14.319433,0.0311970217864924,9.67214870575584,9.67214870575584
"1835",2038,462,15.491303,0.0335309588744589,10.2449313710566,10.2449313710566
"1835",2039,464,15.742388,0.0339275603448276,10.3788711629399,10.3788711629399
"1835",2040,467,16.152243,0.034587244111349,10.5976996329985,10.5976996329985
"1835",2041,469,16.968242,0.0361796204690832,11.0200736687111,11.0200736687111
"1835",2042,472,17.105829,0.0362411631355932,11.1054944027487,11.1054944027487
"1835",2043,474,17.333177,0.0365678839662447,11.2324864703375,11.2324864703375
"1835",2044,476,18.689742,0.0392641638655462,11.9646816563628,11.9646816563628
"1835",2045,478,18.861468,0.0394591380753138,12.0662701155962,12.0662701155962
"1835",2046,479,19.6512,0.0410254697286013,12.5126800211237,12.5126800211237
"1835",2047,481,20.791132,0.0432248066528067,13.1837481630572,13.1837481630572
"1835",2048,483,20.065174,0.0415428033126294,12.7606608559007,12.7606608559007
"1835",2049,484,20.070125,0.0414672004132231,12.7659657595387,12.7659657595387
"1835",2050,485,20.658802,0.0425954680412371,13.1117618184827,13.1117618184827
"1836",2026,1155,37.088488,0.032111245021645,25.0919810586687,34.9198105866866
"1836",2027,1154,37.083696,0.0321349185441941,25.499800009702,34.9076364341966
"1836",2028,1153,38.163889,0.033099643538595,26.0336215019503,35.620694296859
"1836",2029,1153,40.715561,0.0353127155247181,26.8445756096746,37.3862381631746
"1836",2030,1153,42.070136,0.0364875420641804,27.5896945562184,38.3587782248734
"1836",2031,1153,44.734879,0.0387986808326106,28.6995991574681,40.346431852063
"1836",2032,1153,45.858101,0.0397728542931483,29.5948121867674,41.2148067285151
"1836",2033,1152,48.69909,0.042273515625,31.0660904731601,43.4926633742348
"1836",2034,1151,50.393055,0.0437819765421373,32.3646654150639,44.9116635376598
"1836",2035,1150,51.509171,0.0447905834782609,33.5694161555974,45.8729512127941
"1836",2036,1148,52.876364,0.0460595505226481,34.9635652802284,47.0811900636387
"1836",2037,1147,54.116723,0.0471811011333915,36.4064338797979,48.2076758630203
"1836",2038,1146,55.151136,0.0481249005235602,37.84331132133,49.1696569478728
"1836",2039,1144,56.379284,0.0492825909090909,39.4758186619207,50.341818999014
"1836",2040,1143,57.232637,0.0500722983377078,40.9835059292741,51.1736094868385
"1836",2041,1141,58.202471,0.0510100534618756,42.6440895992839,52.1420220366549
"1836",2042,1140,59.897138,0.052541349122807,44.9087543883933,53.8696491262762
"1836",2043,1138,61.166353,0.0537489920913884,47.0200325533043,55.2136034621075
"1836",2044,1137,61.671904,0.0542409006156552,48.6151315396694,55.7614600511864
"1836",2045,1135,61.585733,0.0542605577092511,49.745929472601,55.687297812432
"1836",2046,1133,62.966505,0.055575026478376,52.2281540499713,57.2095929999662
"1836",2047,1131,63.348808,0.0560113244916004,53.869577266942,57.6558617092304
"1836",2048,1128,62.947641,0.0558046462765957,54.7504473487281,57.2437268634898
"1836",2049,1126,62.641568,0.0556319431616341,55.6921579211221,56.9269173206464
"1836",2050,1123,63.252776,0.0563248227960819,57.6416967992358,57.6416967992358
"1837",2026,6088,180.776411,0.0296938914257556,78.8170574475416,95.1705744754158
"1837",2027,6063,186.022496,0.0306815926109187,79.7291465022335,96.848338198062
"1837",2028,6039,193.607129,0.0320594682894519,80.9225578850887,99.4146164862209
"1837",2029,6015,202.022716,0.0335864864505403,82.3933592932667,102.380514321255
"1837",2030,5992,204.9827,0.0342093958611482,83.5968107825696,103.387243130278
"1837",2031,5969,209.815992,0.0351509452169543,85.087965773409,105.132054864031
"1837",2032,5947,218.710543,0.0367766172860266,87.2484459944414,108.533679982897
"1837",2033,5924,228.37939,0.0385515513166779,89.8292479399469,112.391028799853
"1837",2034,5903,236.504214,0.0400650879213959,92.5039297046272,115.759824261568
"1837",2035,5882,241.819637,0.0411118049982999,94.9452156206146,118.017635704262
"1837",2036,5862,248.873108,0.0424553237802798,97.9578329782028,121.121753638322
"1837",2037,5842,255.552712,0.0437440451900034,101.168096683089,124.157261820661
"1837",2038,5823,265.583303,0.0456093599519148,105.547034927075,128.903699867409
"1837",2039,5804,271.319337,0.0467469567539628,109.14690212129,131.718131270281
"1837",2040,5785,274.877834,0.0475156152117545,112.319680057408,133.511488091853
"1837",2041,5765,281.060574,0.0487529183000867,116.549618767422,136.697537762146
"1837",2042,5746,283.526611,0.0493433016011138,119.711702709628,138.016718156611
"1837",2043,5725,289.325814,0.0505372600873362,124.309499970361,141.148474536083
"1837",2044,5705,293.132407,0.0513816664329535,128.363673258534,143.275707430366
"1837",2045,5684,298.464949,0.0525096673117523,133.315863685671,146.311832228519
"1837",2046,5663,300.610127,0.0530831938901642,137.018739541424,147.61028181344
"1837",2047,5641,301.09727,0.0533765768480766,139.997260318217,147.982828527568
"1837",2048,5619,308.299768,0.0548673728421427,146.641778970481,152.288409697817
"1837",2049,5597,311.19223,0.0555998266928712,151.247655255129,154.14042104429
"1837",2050,5575,316.296576,0.056734811838565,157.391355817133,157.391355817133
"1838",2026,2014,66.521721,0.0330296529294935,47.1972079710034,57.9720797100335
"1838",2027,2029,70.069797,0.0345341532774766,47.9740208254209,60.3565150939702
"1838",2028,2042,70.170228,0.0343634809010774,48.5404801151149,60.5170292292279
"1838",2029,2055,74.347533,0.0361788481751825,49.6906237504929,63.3676411787901
"1838",2030,2067,76.627968,0.0370720696661829,50.7485956975511,64.9943827902043
"1838",2031,2079,80.567161,0.0387528431938432,52.2727185509599,67.8181514815996
"1838",2032,2090,81.432829,0.038963076076555,53.3095772814204,68.4910070197551
"1838",2033,2101,85.09708,0.04050313184198,55.138183122527,71.2087810276607
"1838",2034,2111,90.934715,0.0430766058739934,57.875165202621,75.6879130065524
"1838",2035,2121,91.90261,0.0433298491277699,59.3300082022059,76.4685901764707
"1838",2036,2131,94.281068,0.0442426410136086,61.3793020525647,78.3774780053993
"1838",2037,2139,97.362175,0.045517613370734,63.8837499058248,80.8951217674629
"1838",2038,2147,101.478581,0.047265291569632,67.0978162847283,84.3596659722333
"1838",2039,2154,103.342443,0.0479769930362117,69.4774889938563,85.9616833937979
"1838",2040,2160,105.871082,0.0490143898148148,72.361383679567,88.1782138873073
"1838",2041,2165,108.16602,0.0499612101616628,75.3027814581613,90.2306135217529
"1838",2042,2169,108.150351,0.0498618492392808,76.940837376391,90.2011962519872
"1838",2043,2173,111.940717,0.0515143658536585,81.1725033887754,93.6915300186784
"1838",2044,2176,115.159717,0.0529226640625,85.3343473849706,96.7539966257685
"1838",2045,2180,114.914979,0.0527132931192661,87.0225086221791,96.4892413811436
"1838",2046,2181,118.137529,0.0541666799633196,91.6021526473981,99.6495913498802
"1838",2047,2183,116.270582,0.0532618332569858,91.961457149665,97.7875573517352
"1838",2048,2185,120.447063,0.0551245139588101,97.7487747212931,101.944621320317
"1838",2049,2186,122.116965,0.0558632044830741,101.489583280969,103.651515097111
"1838",2050,2186,122.688664,0.0561247319304666,104.245764087495,104.245764087495
"1839",2026,976,42.214329,0.0432523862704918,19.873313813865,27.7331381386499
"1839",2027,972,43.971331,0.0452379948559671,20.3536411558186,28.8446629514079
"1839",2028,968,45.468929,0.0469720340909091,20.8962488092647,29.8357074815129
"1839",2029,964,45.68486,0.0473909336099585,21.3344696172898,29.9857393754816
"1839",2030,959,47.36277,0.0493876642335766,22.0402596927999,31.1610387711995
"1839",2031,955,48.50706,0.0507927329842932,22.737192249761,31.998929564386
"1839",2032,951,50.223213,0.0528109495268139,23.6481959394261,33.3021413520802
"1839",2033,947,49.554586,0.0523279683210137,24.0075025758541,32.8138002092527
"1839",2034,943,52.509036,0.0556829650053022,25.464628740984,35.1615718524601
"1839",2035,938,52.159119,0.055606736673774,25.9636468601384,34.9169071088877
"1839",2036,934,53.396509,0.0571697098501071,27.0637859794057,35.976391535591
"1839",2037,930,54.424807,0.0585212978494624,28.1719367514723,36.8964619540922
"1839",2038,925,54.378031,0.0587870605405405,28.8515485285358,36.9119064155196
"1839",2039,921,54.369326,0.0590329272529859,29.5458259801979,36.9503420939538
"1839",2040,916,56.720297,0.0619217216157205,31.5907513342818,39.1452021348508
"1839",2041,912,57.904513,0.0634917905701754,33.1344991216453,40.3350930138042
"1839",2042,907,57.205375,0.0630709757442117,33.5226584306173,39.7466549008819
"1839",2043,902,57.477762,0.0637225742793791,34.5572524630383,40.0945796108994
"1839",2044,898,56.709748,0.0631511670378619,34.8265055933499,39.4212975398063
"1839",2045,893,58.498614,0.0655079664053751,37.0978809372492,41.2743149996913
"1839",2046,888,58.664421,0.0660635371621622,38.1629918963852,41.5446963486885
"1839",2047,884,58.363851,0.0660224558823529,38.8093865590238,41.3204355594635
"1839",2048,880,57.638731,0.0654985579545455,39.0402110546636,40.6650930320688
"1839",2049,875,56.516754,0.064590576,38.8654506798635,39.6394292777802
"1839",2050,871,57.340653,0.0658331262916188,40.5446369029263,40.5446369029263
"1840",2026,4558,139.646322,0.0306376309784993,88.8335183518397,96.3351835183974
"1840",2027,4551,145.070739,0.0318766730388926,89.4888516559,98.8280120429095
"1840",2028,4543,151.297172,0.0333033616552939,90.4113981975824,101.779418271899
"1840",2029,4535,156.808403,0.0345773766262404,91.4997497010948,104.469410358093
"1840",2030,4526,163.216307,0.0360619326115776,92.9252514023044,107.701005609217
"1840",2031,4516,168.930382,0.0374070819309123,94.5175632663175,110.669785274148
"1840",2032,4507,173.093843,0.0384055564677169,96.0880716679943,112.886374363059
"1840",2033,4497,179.460444,0.0399067031354236,98.2925450120096,116.393227619337
"1840",2034,4486,185.317088,0.0413100954079358,100.690230624615,119.725576561537
"1840",2035,4476,192.66063,0.0430430361930295,103.780914361451,124.070661397602
"1840",2036,4465,197.527997,0.0442391930571109,106.546152439186,127.044531450918
"1840",2037,4453,202.406966,0.045454068268583,109.582867909314,130.112912993784
"1840",2038,4442,206.445839,0.0464758755065286,112.59771836864,132.723124306619
"1840",2039,4430,209.522836,0.047296351241535,115.471463578765,134.759938006409
"1840",2040,4417,215.042958,0.0486852972605841,119.566566836091,138.506506937745
"1840",2041,4404,217.675681,0.0494268122161671,122.685537308258,140.355528012465
"1840",2042,4391,219.731476,0.0500413290822136,125.683594226326,141.833706037608
"1840",2043,4378,223.106059,0.0509607261306533,129.509872027066,144.284572240089
"1840",2044,4365,224.108368,0.0513421232531501,132.221871904978,145.060479877391
"1840",2045,4352,225.734317,0.0518690985753676,135.372079600933,146.304097970379
"1840",2046,4338,226.091687,0.0521188766712771,137.83708968822,146.631870221435
"1840",2047,4325,226.972745,0.0524792473988439,140.671893550933,147.348612451755
"1840",2048,4312,229.814633,0.0532965289888683,144.937248919272,149.55378261543
"1840",2049,4298,230.125397,0.0535424376454165,147.551483208453,149.871670865925
"1840",2050,4285,232.481206,0.054254657176196,151.76278515013,151.76278515013
"1841",2026,9595,271.56041,0.0283022834809797,88.8309219041088,96.3092190410877
"1841",2027,9582,281.344706,0.0293617935712795,89.4344312134015,98.4322270065564
"1841",2028,9570,294.404267,0.0307632462904911,90.3392625759549,101.367214719742
"1841",2029,9560,304.631379,0.0318652070083682,91.3426427434432,103.730083498556
"1841",2030,9550,313.835524,0.0328623585340314,92.4762509219115,105.905003687646
"1841",2031,9542,323.986755,0.0339537575979878,93.8566936245203,108.371108259201
"1841",2032,9533,335.223697,0.0351645543900136,95.5311288952092,111.172704292951
"1841",2033,9524,348.321437,0.0365730194246115,97.6209207819553,114.540471122635
"1841",2034,9515,357.073912,0.0375274736731477,99.5379109235259,116.844777308815
"1841",2035,9505,367.062604,0.0386178436612309,101.797618925936,119.537414687853
"1841",2036,9495,374.310552,0.0394218590837283,103.926215654316,121.528875061718
"1841",2037,9483,383.654563,0.0404570877359485,106.528528559781,124.153226458108
"1841",2038,9470,393.582614,0.0415609940865892,109.45615188432,127.011185244218
"1841",2039,9454,401.155969,0.0424324062830548,112.22556783374,129.235009078706
"1841",2040,9438,409.013001,0.0433368299427845,115.245197561185,131.592316097897
"1841",2041,9421,415.707598,0.0441256340091285,118.236389831995,133.639833708671
"1841",2042,9404,421.394179,0.0448100998511272,121.186706344933,135.409580492762
"1841",2043,9385,429.273575,0.0457403915823122,124.810227475335,137.912172847912
"1841",2044,9366,434.308629,0.046370769698911,127.945526068028,139.542614281326
"1841",2045,9347,437.197636,0.0467741131913983,130.650384983837,140.492781518569
"1841",2046,9327,446.01295,0.0478195507665916,135.117862027621,143.432778856025
"1841",2047,9307,453.173737,0.0486917091436553,139.368520459172,145.880023052588
"1841",2048,9286,457.947405,0.0493158954339866,143.084118168131,147.550398019602
"1841",2049,9265,461.543455,0.0498158073394495,146.552987797978,148.83427303686
"1841",2050,9243,463.65702,0.0501630444660824,149.612166230572,149.612166230572
"1845",2026,1917,64.129756,0.0334531851851852,15.8976994154666,23.9769941546662
"1845",2027,1919,67.678712,0.0352676977592496,16.37130821804,24.9731506766544
"1845",2028,1921,71.651865,0.0372992529932327,16.9485135359335,26.1343630624769
"1845",2029,1923,73.213181,0.0380723770150806,17.4665843504389,26.6074557667713
"1845",2030,1925,75.378556,0.0391576914285714,18.068644335946,27.2745773437841
"1845",2031,1927,77.19243,0.0400583445770628,18.6931581738676,27.8457675612787
"1845",2032,1929,81.183794,0.0420859481596682,19.5948204717534,29.1379091438566
"1845",2033,1930,84.572586,0.043819992746114,20.5387327440504,30.2792627422081
"1845",2034,1932,88.953566,0.046042218426501,21.7277427193438,31.8193567983596
"1845",2035,1932,86.711027,0.0448814839544513,22.0096995579537,31.0221704181799
"1845",2036,1932,90.714918,0.0469538913043478,23.2934175715089,32.4598264663346
"1845",2037,1932,94.761283,0.049048283126294,24.7274721139938,33.9804333931586
"1845",2038,1932,94.863799,0.0491013452380952,25.460928467316,34.0198699405746
"1845",2039,1930,100.078357,0.051854070984456,27.3917637536117,36.0923638359347
"1845",2040,1929,96.839639,0.050201990150337,27.371358333488,34.7941733335807
"1845",2041,1927,98.942076,0.0513451354436949,28.6723990359962,35.6375834505603
"1845",2042,1925,101.182517,0.0525623464935065,30.0923798825646,36.5605426893781
"1845",2043,1923,102.344439,0.0532212371294852,31.2636384610845,37.052391133674
"1845",2044,1921,104.324953,0.0543076277980219,32.7501079435846,37.9033650884962
"1845",2045,1918,100.670475,0.0524872132429614,32.3613517186251,36.3678174998462
"1845",2046,1915,102.536711,0.0535439744125326,33.835554545545,37.1594759359353
"1845",2047,1912,103.748734,0.054261890167364,35.1356769251156,37.6880866761866
"1845",2048,1909,103.257921,0.054090058145626,35.8012885231202,37.4878794844543
"1845",2049,1906,106.04427,0.0556370776495278,37.8269678417645,38.7163302252099
"1845",2050,1902,105.418334,0.0554249915878023,38.4563801374388,38.4563801374388
"1848",2026,2707,89.696864,0.0331351547838936,45.7347122369344,61.3471223693437
"1848",2027,2712,93.751164,0.0345690132743363,46.6698776819422,63.4172922323069
"1848",2028,2717,96.8576,0.0356487302171513,47.684023641784,65.0515636673371
"1848",2029,2722,99.566308,0.0365783644379133,48.7831987730876,66.5091706968828
"1848",2030,2726,104.603798,0.0383726331621423,50.3178043553949,69.2712174215796
"1848",2031,2729,109.673167,0.040188042139978,52.0944823269841,72.1547211373362
"1848",2032,2732,113.676399,0.0416092236456808,53.9168134162415,74.5132720499737
"1848",2033,2734,118.520464,0.0433505720555962,56.1295813650916,77.4609141105975
"1848",2034,2735,120.477521,0.0440502819012797,57.8734241866281,78.6835604665704
"1848",2035,2735,124.049889,0.0453564493601463,60.1710898293464,80.9624910385061
"1848",2036,2734,130.215129,0.0476280647403072,63.5002274407019,85.0531104014778
"1848",2037,2733,132.45192,0.0484639297475302,65.8272433397442,86.58974310194
"1848",2038,2731,133.529461,0.0488939805931893,67.838984359033,87.3436079255146
"1848",2039,2729,135.626536,0.0496982543056065,70.3362459962347,88.8276527595484
"1848",2040,2726,137.007002,0.0502593550990462,72.6406227173827,89.8249963478123
"1848",2041,2723,141.075616,0.0518088931325744,76.3415063897962,92.8173681355415
"1848",2042,2719,141.691634,0.052111671202648,78.5075247024817,93.2964638606881
"1848",2043,2715,143.547176,0.0528718880294659,81.4061765516059,94.7202393920081
"1848",2044,2711,143.776822,0.0530346078937661,83.4612201115431,94.917703369733
"1848",2045,2707,144.777323,0.0534825722201699,86.0146094968332,95.710288611487
"1848",2046,2703,146.009061,0.054017410654828,88.7888172777124,96.6927262090734
"1848",2047,2699,145.899581,0.05405690292701,90.7118060645743,96.6330209178302
"1848",2048,2695,146.406599,0.0543252686456401,93.0781918525217,97.0575047054288
"1848",2049,2691,148.251068,0.0550914410999628,96.5045797013117,98.5502126766874
"1848",2050,2687,148.222063,0.0551626583550428,98.5570333318903,98.5570333318903
"1851",2026,2044,79.128013,0.0387123351272016,30.3733024765613,42.7330247656129
"1851",2027,2054,81.279735,0.0395714386562804,31.028968127279,43.7561318347566
"1851",2028,2062,82.537033,0.0400276590688652,31.6891914609981,44.3668083485604
"1851",2029,2069,85.995926,0.0415640048332528,32.6205430591302,46.0378496900244
"1851",2030,2076,90.404682,0.0435475346820809,33.8101350256399,48.2405401025596
"1851",2031,2082,92.046767,0.0442107430355427,34.7748530248952,49.0864453039832
"1851",2032,2087,95.762851,0.0458854101581217,36.1626479391189,51.0389167357504
"1851",2033,2092,97.954446,0.0468233489483748,37.4175969429314,52.2209570839488
"1851",2034,2097,101.022305,0.0481746804959466,38.9660289514826,53.9150723787065
"1851",2035,2101,102.901172,0.0489772356020942,40.3635909030361,54.9739220640826
"1851",2036,2104,105.230077,0.0500142951520912,41.9744678972366,56.3146692573403
"1851",2037,2108,108.274905,0.0513638069259962,43.9193463070388,58.1109196234904
"1851",2038,2110,108.060126,0.0512133298578199,44.9362730303555,57.9750418733736
"1851",2039,2112,110.27521,0.0522136410984849,46.8087998636863,59.3128508318064
"1851",2040,2114,113.413775,0.0536489001892148,49.1632265319708,61.2611624511533
"1851",2041,2115,114.463238,0.0541197342789598,50.812281891381,61.9241990813298
"1851",2042,2115,116.346625,0.0550102245862884,52.8989693713979,63.1413848162827
"1851",2043,2116,117.535788,0.055546213610586,54.7503457805187,63.9157230922287
"1851",2044,2116,120.341404,0.0568721190926276,57.5163660259197,65.7953110011867
"1851",2045,2115,121.759944,0.0575697134751773,59.6919674435505,66.7747291612929
"1851",2046,2114,123.210718,0.058283215704825,61.9734389286435,67.7922810925218
"1851",2047,2113,125.677645,0.0594782986275438,64.9913833848786,69.5536714195816
"1851",2048,2111,125.245793,0.0593300772145902,66.2433317736387,69.2630613769067
"1851",2049,2109,126.293429,0.0598830862968231,68.5000346937246,70.0389970843892
"1851",2050,2107,127.510366,0.0605174969150451,70.9496951754828,70.9496951754828
"1853",2026,1348,51.398005,0.0381290838278932,30.0679095783554,39.6790957835536
"1853",2027,1354,53.403304,0.0394411403249631,30.6521090901331,41.0153388373319
"1853",2028,1360,56.642752,0.0416490823529412,31.4909816587274,43.2341809070137
"1853",2029,1366,59.15575,0.0433058199121523,32.4056040894024,45.0263721854232
"1853",2030,1371,62.160966,0.0453398730853392,33.5614611867506,47.2458447470023
"1853",2031,1376,64.06415,0.0465582485465116,34.6631715670372,48.6979880592597
"1853",2032,1380,66.906686,0.0484831057971015,36.1299665390932,50.9383585818252
"1853",2033,1383,68.548338,0.0495649587852495,37.4356328679875,52.2707113599654
"1853",2034,1386,72.792667,0.0525199617604618,39.7517856591624,55.8794641479061
"1853",2035,1389,75.938299,0.0546712015838733,41.9923038139102,58.6966944317948
"1853",2036,1391,77.427666,0.055663311286844,43.7582043879882,60.0699039747119
"1853",2037,1393,79.07127,0.0567632950466619,45.7178752003517,61.6202442933692
"1853",2038,1394,79.685598,0.0571632697274032,47.2632907378714,62.2059831597661
"1853",2039,1395,82.564534,0.0591860458781362,50.1881001896796,65.0648513866887
"1853",2040,1395,84.056195,0.0602553369175627,52.5022360263399,66.6035776421439
"1853",2041,1396,84.697645,0.0606716654727794,54.347685414035,67.2606572287321
"1853",2042,1396,83.756396,0.0599974183381089,55.0936248829753,66.276606975679
"1853",2043,1395,84.714151,0.0607269899641577,57.2416838627413,67.2938086274459
"1853",2044,1395,85.292894,0.0611418594982079,59.1528100075386,67.9068516226305
"1853",2045,1394,85.602349,0.0614077109038737,60.8936023319476,68.2536644085509
"1853",2046,1394,85.311689,0.0611992030129125,62.1017923849383,67.9432851587509
"1853",2047,1393,84.766305,0.0608516188083274,63.0628216704425,67.3806441357098
"1853",2048,1392,83.951593,0.0603100524425287,63.7243895890203,66.5398806367787
"1853",2049,1391,83.699863,0.0601724392523364,64.8939004361025,66.2923640894571
"1853",2050,1391,85.287638,0.0613139022286125,67.9672617891832,67.9672617891832
"1856",2026,476,15.45048,0.0324589915966387,7.97205809837124,7.72058098371241
"1856",2027,473,15.520607,0.0328131226215645,7.96308684998324,7.73154072715084
"1856",2028,470,16.165173,0.034393985106383,7.99170900822045,7.95262290411686
"1856",2029,468,14.720895,0.0314549038461538,7.87803160433928,7.42603107924368
"1856",2030,466,15.509685,0.0332825858369099,7.92392259200328,7.69569036801313
"1856",2031,465,15.714871,0.0337954215053763,7.93265172069775,7.76574511547044
"1856",2032,463,15.760442,0.0340398315334773,7.9264737629691,7.7737654245203
"1856",2033,462,16.805522,0.0363755887445887,8.05920126820634,8.16331384332785
"1856",2034,461,18.076319,0.0392111041214751,8.26660112400088,8.6665028100022
"1856",2035,460,19.160602,0.0416534826086957,8.49084731532532,9.1219367207436
"1856",2036,459,19.947254,0.0434580697167756,8.69745712009105,9.46833077913905
"1856",2037,458,19.422305,0.0424067794759825,8.63194682045437,9.23306696674023
"1856",2038,458,19.83768,0.043313711790393,8.77986532695005,9.41793695809099
"1856",2039,457,21.368722,0.0467586914660832,9.25276375232923,10.1323638337519
"1856",2040,456,22.660111,0.049693225877193,9.73748627746416,10.7799780439427
"1856",2041,456,24.364621,0.0534311864035088,10.4497803433085,11.697781650277
"1856",2042,455,24.25643,0.0533108351648352,10.5490235422528,11.6414622032183
"1856",2043,454,24.456078,0.053868013215859,10.7716847206269,11.7582165703415
"1856",2044,452,25.430256,0.0562616283185841,11.3598060220356,12.3352335768201
"1856",2045,451,27.236104,0.0603904745011086,12.4447359668042,13.4704442668359
"1856",2046,450,28.091342,0.0624252044444444,13.1440922210033,14.0518732011803
"1856",2047,448,28.541178,0.0637079866071429,13.6686781000711,14.3872429296576
"1856",2048,447,28.69356,0.0641914093959732,14.0195546449317,14.5076266431694
"1856",2049,445,29.367695,0.0659948202247191,14.7600549161452,15.0234336791119
"1856",2050,444,28.876051,0.0650361509009009,14.6788223347327,14.6788223347327
"1857",2026,727,22.004096,0.0302669821182944,6.48915881182084,10.8915881182084
"1857",2027,727,22.701745,0.0312266093535076,6.7043396582986,11.1224702421716
"1857",2028,728,23.203207,0.0318725370879121,6.92682518160401,11.29614389488
"1857",2029,728,25.463634,0.0349775192307692,7.2940095687337,12.089456794041
"1857",2030,729,26.806682,0.0367718545953361,7.64758259265581,12.5903303706232
"1857",2031,729,26.442175,0.0362718449931413,7.85537261621324,12.4534699694373
"1857",2032,730,27.498914,0.0376697452054795,8.22868637211958,12.8574965295987
"1857",2033,730,27.914284,0.0382387452054795,8.54417543537079,13.0184149941263
"1857",2034,730,29.425145,0.0403084178082192,9.04836451316688,13.6209112829172
"1857",2035,730,29.863903,0.0409094561643836,9.41295772071697,13.8010462187816
"1857",2036,731,30.001851,0.0410422038303694,9.73355324167159,13.8601120877297
"1857",2037,731,30.833463,0.0421798399452804,10.2071655775739,14.2091035659979
"1857",2038,732,32.186716,0.0439709234972678,10.8381631567169,14.7966602849398
"1857",2039,732,32.711422,0.0446877349726776,11.3053209849309,15.0303335913717
"1857",2040,732,33.674211,0.0460030204918033,11.917964697058,15.4687435152929
"1857",2041,733,34.243275,0.0467166098226467,12.4483697195965,15.7333882559948
"1857",2042,733,33.995284,0.0463782864938608,12.7322232074465,15.6174617249235
"1857",2043,733,35.512159,0.0484476930422919,13.6258589091843,16.3401476734702
"1857",2044,733,36.250728,0.0494552905866303,14.2956279017373,16.7040360022417
"1857",2045,733,36.53887,0.0498483901773533,14.8141538662451,16.8481893738402
"1857",2046,733,37.25285,0.0508224420190996,15.5291516307222,17.2107666243791
"1857",2047,733,37.834485,0.0516159413369714,16.2168071545295,17.5118953853853
"1857",2048,733,38.432397,0.0524316466575716,16.9399232349566,17.8269440377909
"1857",2049,733,38.49364,0.0525151978171896,17.414799721785,17.859532178478
"1857",2050,732,40.224661,0.0549517226775956,18.8108266577074,18.8108266577074
"1859",2026,1270,45.831723,0.0360879708661417,19.7693107563502,26.6931075635025
"1859",2027,1271,45.836235,0.0360631274586939,20.0586980837623,26.6996224273625
"1859",2028,1272,46.491402,0.0365498443396226,20.4011258884559,27.0064336483196
"1859",2029,1273,48.655012,0.0382207478397486,20.9195312152964,28.0330880719829
"1859",2030,1275,50.191435,0.039365831372549,21.4471966506093,28.7887866024372
"1859",2031,1276,50.347228,0.0394570752351097,21.8373053222284,28.8688880773163
"1859",2032,1278,51.113946,0.0399952629107981,22.3332979447072,29.2563013683298
"1859",2033,1279,52.901996,0.0413619984362783,23.0480837896456,30.1671276955741
"1859",2034,1281,53.771019,0.0419758149882904,23.6489734052906,30.6224335132264
"1859",2035,1283,54.670425,0.0426113990646921,24.2934566777624,31.0993295491712
"1859",2036,1284,55.276251,0.0430500397196262,24.9011278429837,31.4234270378604
"1859",2037,1285,56.506977,0.0439743011673152,25.7084825665676,32.0897220811075
"1859",2038,1287,60.18796,0.0467660916860917,27.3391619404979,34.1621126190871
"1859",2039,1287,60.485968,0.0469976441336441,28.0095850776033,34.335463961878
"1859",2040,1288,62.922875,0.0488531638198758,29.4903287014843,35.7845259223749
"1859",2041,1288,62.409761,0.0484547833850932,29.9141957645413,35.4742577577982
"1859",2042,1288,64.367995,0.0499751513975155,31.3711124314311,36.6730177591873
"1859",2043,1288,65.157413,0.0505880535714286,32.3986430716427,37.1676516225664
"1859",2044,1287,65.275389,0.050719027972028,33.1400882301172,37.2452751356351
"1859",2045,1287,69.07357,0.0536702175602176,35.8408351730548,39.7271817514521
"1859",2046,1286,69.385035,0.0539541485225505,36.8019365456881,39.943454759633
"1859",2047,1285,71.293638,0.0554814303501946,38.7622873795512,41.2673660614661
"1859",2048,1284,72.284602,0.0562964190031153,40.2532057859158,41.9764386874766
"1859",2049,1282,73.699794,0.0574881388455538,42.116538204686,43.0171825503231
"1859",2050,1280,73.626087,0.05752038046875,42.9803538653226,42.9803538653226
"1860",2026,11306,284.064802,0.0251251372722448,115.475697986929,128.756979869287
"1860",2027,11321,294.826856,0.0260424746930483,116.411638619213,131.539189957911
"1860",2028,11337,304.765238,0.0268823531798536,117.529010956367,134.165776893523
"1860",2029,11353,311.741677,0.0274589691711442,118.687601623787,136.059301759
"1860",2030,11368,322.693329,0.0283861126847291,120.257084396017,139.028337584066
"1860",2031,11383,331.78291,0.0291472292014407,121.919842133296,141.547276985377
"1860",2032,11396,343.976037,0.0301839274306774,124.060996099431,144.956911075173
"1860",2033,11410,356.241413,0.0312218591586328,126.493743343431,148.465498878431
"1860",2034,11423,367.888287,0.0322059255011818,129.146619776681,151.866549441702
"1860",2035,11436,379.194909,0.0331580018363064,132.041064583176,155.236719047259
"1860",2036,11448,388.413269,0.033928482617051,134.918537549275,158.039026419527
"1860",2037,11460,400.671669,0.0349626238219895,138.508623297829,161.821703995764
"1860",2038,11471,414.983554,0.0361767547729056,142.783389791568,166.333435984669
"1860",2039,11480,425.363121,0.0370525366724739,146.71282280202,169.681400514076
"1860",2040,11488,436.019761,0.037954366382312,150.987598830667,173.180158129068
"1860",2041,11494,440.600011,0.0383330442839742,154.220919328309,174.710821627636
"1860",2042,11499,452.38794,0.0393415027393686,159.277830706548,178.682615295069
"1860",2043,11502,463.093231,0.0402619745261694,164.416842201422,182.361819934131
"1860",2044,11503,470.436336,0.0408968387377206,168.967869095667,184.926282704086
"1860",2045,11503,477.544453,0.041514774667478,173.670920243859,187.441132607827
"1860",2046,11501,482.981696,0.0419947566298583,178.077407470872,189.385185259849
"1860",2047,11498,488.249027,0.0424638221429814,182.592304078681,191.287103187247
"1860",2048,11494,498.142959,0.0433393908995998,188.84694210582,194.915613087373
"1860",2049,11488,503.176896,0.043800217270195,193.681714236489,196.786196609339
"1860",2050,11481,509.202811,0.0443517821618326,199.051796198723,199.051796198723
"1865",2026,9692,231.997217,0.0239369807057367,120.820698805513,155.206988055126
"1865",2027,9711,241.318891,0.0248500557100196,122.726365244319,158.646292685956
"1865",2028,9730,249.456636,0.0256378865364851,124.825622495749,161.717842832852
"1865",2029,9748,260.634791,0.0267372580016414,127.403502433655,165.95765851132
"1865",2030,9765,270.435656,0.0276943836149514,130.190484080129,169.761936320516
"1865",2031,9781,281.927299,0.0288239749514365,133.471155049555,174.29097408541
"1865",2032,9795,292.829696,0.029895834201123,137.04541588019,178.678202708277
"1865",2033,9808,299.986981,0.0305859483075041,140.430115345545,181.634800953227
"1865",2034,9820,311.305228,0.0317011433808554,144.73787059948,186.3446764987
"1865",2035,9830,321.240433,0.032679596439471,149.185578949061,190.567037597854
"1865",2036,9839,333.572369,0.0339030764305316,154.483000192191,195.911579351981
"1865",2037,9846,341.215514,0.0346552421287833,159.179272898179,199.30102028913
"1865",2038,9853,347.047696,0.0352225409519943,163.712235002277,201.931336367777
"1865",2039,9858,357.980544,0.0363137090687766,169.822508934804,206.910653506049
"1865",2040,9861,366.353142,0.0371517231518102,175.624976321016,210.799962113625
"1865",2041,9864,375.639003,0.0380818129562044,182.054217624106,215.195045470349
"1865",2042,9866,380.614592,0.0385784098925603,187.411503980717,217.587862829595
"1865",2043,9867,384.722473,0.0389908252761731,192.653157084892,219.580551979515
"1865",2044,9867,386.72859,0.039194141076315,197.257921636241,220.558608562892
"1865",2045,9865,395.309679,0.0400719390775469,204.576094626423,224.785962617137
"1865",2046,9864,400.669717,0.0406193954785077,210.898702691398,227.46906198988
"1865",2047,9861,404.937521,0.0410645493357672,216.953302341224,229.623439257717
"1865",2048,9857,407.519565,0.0413431637415035,222.387529158216,230.932463954828
"1865",2049,9853,409.635262,0.0415746739064244,227.697027436195,232.009898635008
"1865",2050,9848,416.338951,0.0422764978675873,235.477115341782,235.477115341782
"1866",2026,7996,221.358724,0.0276836823411706,78.705775317856,85.0577531785603
"1866",2027,7990,227.997776,0.0285353912390488,79.1812812948012,86.5911366894633
"1866",2028,7985,237.360665,0.0297258190356919,79.8932107570539,88.8183471831652
"1866",2029,7980,246.091066,0.0308384794486216,80.7514651289729,90.9480711951666
"1866",2030,7974,254.574943,0.0319256261600201,81.7663076897345,93.0652307589382
"1866",2031,7967,261.556828,0.0328300273628718,82.8415165737078,94.8400576476793
"1866",2032,7960,269.686022,0.0338801535175879,84.161029953246,96.957015240757
"1866",2033,7952,279.645364,0.0351666705231388,85.8380244945507,99.6221365366915
"1866",2034,7944,285.375316,0.0359233781470292,87.2727179364253,101.181794841063
"1866",2035,7936,292.580278,0.036867474546371,89.0195640915539,103.187575066409
"1866",2036,7928,300.46383,0.0378990703834511,91.0313770762182,105.434478055196
"1866",2037,7920,307.674998,0.0388478532828283,93.1368711770337,107.535358394212
"1866",2038,7911,314.00955,0.0396927758816837,95.278491232794,109.41543860508
"1866",2039,7902,318.993435,0.0403686958997722,97.3391655892707,110.917728662588
"1866",2040,7892,324.262633,0.0410875105169792,99.5823242030763,112.531718724922
"1866",2041,7882,329.382776,0.0417892382643999,101.93372432132,114.126376334068
"1866",2042,7872,331.814335,0.0421512112550813,103.820921722821,114.887031032601
"1866",2043,7861,340.217705,0.043279189034474,107.197939397283,117.590426301401
"1866",2044,7850,341.495127,0.0435025639490446,109.000502480686,118.000648362176
"1866",2045,7838,345.74116,0.0441108905332993,111.635423634784,119.39744447358
"1866",2046,7827,350.211212,0.0447439902900217,114.457669680449,120.891376094646
"1866",2047,7815,351.613327,0.044992108381318,116.484198566252,121.362477257748
"1866",2048,7803,358.700492,0.0459695619633474,120.358589236563,123.793069444933
"1866",2049,7791,362.647691,0.0465470017969452,123.403758850393,125.17273646794
"1866",2050,7778,365.958807,0.0470505023142196,126.346835742201,126.346835742201
"1867",2026,2484,101.390959,0.0408176163446055,44.2556714770567,55.5567147705667
"1867",2027,2477,103.237934,0.0416786168752523,44.8497462940512,56.452700320372
"1867",2028,2471,104.44633,0.0422688506677459,45.4582692199759,57.0472526855767
"1867",2029,2465,105.415012,0.0427647107505071,46.0873968253717,57.5289262370433
"1867",2030,2460,107.71645,0.043787174796748,46.9274643050714,58.7098572202855
"1867",2031,2455,109.632384,0.0446567755600815,47.8055376079444,59.7149134189372
"1867",2032,2450,111.158609,0.0453708608163265,48.6975107656541,60.5308023558588
"1867",2033,2445,113.589463,0.0464578580777096,49.8366725905065,61.8597864565697
"1867",2034,2441,114.669544,0.0469764621056944,50.7850713965374,62.4626784913436
"1867",2035,2436,116.811706,0.0479522602627258,52.0468977620979,63.6786234562238
"1867",2036,2432,118.976248,0.0489211546052632,53.419062998662,64.9348694708675
"1867",2037,2427,121.513755,0.0500674721878863,55.0158937839982,66.4456464078013
"1867",2038,2422,121.818636,0.0502967118084228,56.0030252885033,66.6418641609151
"1867",2039,2417,124.451634,0.0514901257757551,57.8414336876187,68.2620147874361
"1867",2040,2412,126.455377,0.0524276024046434,59.5819791114988,69.5311665783981
"1867",2041,2406,126.281504,0.0524860781379884,60.5210818132088,69.4469159444661
"1867",2042,2401,129.743844,0.0540374194085798,63.0851135818215,71.6930194026022
"1867",2043,2395,133.19853,0.0556152526096033,65.8797658809285,74.0234113639708
"1867",2044,2390,134.232851,0.0561643728033473,67.6146879643876,74.760887695984
"1867",2045,2384,135.77868,0.056954144295302,69.7083319829177,75.8717932097448
"1867",2046,2378,138.383889,0.0581933931875526,72.5451287398692,77.7589749880814
"1867",2047,2372,139.918228,0.0589874485666105,74.8797261153249,78.9208181581126
"1867",2048,2366,142.796759,0.0603536597633136,78.24952242242,81.1075918080216
"1867",2049,2360,143.730151,0.0609026063559322,80.4205951177781,81.8785403821071
"1867",2050,2354,145.552715,0.0618320794392523,83.3466843686264,83.3466843686264
"1868",2026,4279,122.951372,0.02873366954896,56.6360632006508,62.3606320065084
"1868",2027,4271,125.873843,0.0294717497073285,56.9977579608117,63.2564215331761
"1868",2028,4265,128.378201,0.0301003988276671,57.4072767480621,64.041581417498
"1868",2029,4260,133.230664,0.0312748037558685,58.0463493796497,65.6298794336457
"1868",2030,4255,137.215727,0.032248114453584,58.7406194793093,66.9624779172372
"1868",2031,4250,140.731168,0.033113216,59.4961796272831,68.16062479055
"1868",2032,4244,143.763655,0.0338745652686145,60.2921565075486,69.2066354078418
"1868",2033,4239,149.701826,0.0353153635291342,61.5595961895299,71.3368170745653
"1868",2034,4234,154.985429,0.0366049666981578,62.9159359843732,73.2898399609331
"1868",2035,4229,159.334108,0.0376765448096477,64.2854757452039,74.9382302747519
"1868",2036,4224,163.818338,0.0387827504734849,65.8237641162715,76.6816086658348
"1868",2037,4220,167.373053,0.0396618609004739,67.3238901535476,78.0953954215562
"1868",2038,4215,172.600657,0.0409491475682088,69.3259290858779,80.2289619743235
"1868",2039,4211,176.949305,0.0420207326050819,71.3058339234875,82.0524832740212
"1868",2040,4206,182.367188,0.0433588178792202,73.7422481416492,84.3875970266387
"1868",2041,4200,186.53365,0.0444127738095238,76.0281367884915,86.2311498694211
"1868",2042,4195,190.354727,0.0453765737783075,78.3736003022155,87.9622861460222
"1868",2043,4188,193.037421,0.0460929849570201,80.4861327693814,89.2015359584832
"1868",2044,4181,195.197106,0.0466867031810572,82.5171767700628,90.2157119613713
"1868",2045,4174,200.548151,0.0480469935313848,85.8861373739294,92.7829383063746
"1868",2046,4166,203.934747,0.0489521716274604,88.6873287530861,94.4556808859837
"1868",2047,4158,206.341327,0.0496251387686388,91.2083404744632,95.6713695486909
"1868",2048,4149,208.947917,0.0503610308508074,93.9364177055227,97.0123434654299
"1868",2049,4140,210.838373,0.050927143236715,96.4319740811785,98.007245798627
"1868",2050,4131,215.571831,0.0521839339143065,100.518071464108,100.518071464108
"1870",2026,10584,246.373346,0.0232779049508692,119.665281398402,134.652813984017
"1870",2027,10599,259.202301,0.0244553543730541,120.799405331474,138.359311501631
"1870",2028,10613,268.496875,0.0252988669556205,122.046047005395,141.120268602255
"1870",2029,10628,279.322866,0.0262817901768912,123.607653063728,144.388955594014
"1870",2030,10641,290.961535,0.0273434390564797,125.489924740294,147.959698961175
"1870",2031,10654,305.343007,0.0286599405856955,127.908838194252,152.465524153919
"1870",2032,10665,318.722207,0.0298848764181903,130.598556089855,156.764787968786
"1870",2033,10674,328.600482,0.0307851304103429,133.230511808943,160.015204990188
"1870",2034,10683,342.342074,0.0320454997659833,136.649480937357,164.623702343392
"1870",2035,10691,355.565008,0.0332583488915911,140.388251054812,169.173145268141
"1870",2036,10697,367.950854,0.034397574460129,144.379701301982,173.536213267331
"1870",2037,10702,378.540598,0.0353710145767146,148.417512809232,177.351244505818
"1870",2038,10704,391.427833,0.03656837004858,153.248616818018,182.088394214578
"1870",2039,10705,402.270324,0.0375777976646427,158.048855570589,186.168264801002
"1870",2040,10704,413.467179,0.0386273522982063,163.294366730839,190.470986769343
"1870",2041,10701,421.635272,0.0394014832258667,168.129546576255,193.667240115102
"1870",2042,10697,431.218016,0.0403120516032533,173.640770974638,197.486815678054
"1870",2043,10692,439.147975,0.0410725752899364,178.993833242497,200.703502701691
"1870",2044,10685,448.250765,0.041951405240992,185.008390295513,204.462439090985
"1870",2045,10678,457.451937,0.0428406009552351,191.400346485768,208.338887982483
"1870",2046,10669,463.929313,0.0434838609991564,197.144328200635,211.110974353688
"1870",2047,10659,472.730029,0.0443503170091003,204.039455931426,214.945865838226
"1870",2048,10648,478.609764,0.0449483249436514,210.08313209647,217.549331996184
"1870",2049,10636,485.065869,0.0456060425911997,216.609032521859,220.450942879854
"1870",2050,10623,493.882072,0.0464917699331639,224.486020688983,224.486020688983
"1871",2026,4522,160.873861,0.0355758206545776,95.8069806807972,103.069806807972
"1871",2027,4516,166.377948,0.0368418839681134,96.4879582935358,105.821514862078
"1871",2028,4511,172.009875,0.0381312070494347,97.4020240058141,108.725851461795
"1871",2029,4506,175.042101,0.0388464494007989,98.2547953097044,110.316683810374
"1871",2030,4501,180.892735,0.0401894545656521,99.6192988710196,113.477195484078
"1871",2031,4495,185.472449,0.0412619463848721,101.041554041228,116.014101012967
"1871",2032,4490,192.920282,0.042966655233853,103.217560948852,120.284802919544
"1871",2033,4484,197.365029,0.0440153945138269,105.117253620606,122.909665160292
"1871",2034,4478,200.988993,0.044883651853506,107.038830634882,125.097076587204
"1871",2035,4471,206.736728,0.0462394828897338,109.725669936098,128.658674139652
"1871",2036,4465,210.217677,0.0470812266517357,112.039209112714,130.872019184662
"1871",2037,4458,216.564335,0.0485788100044863,115.507753263387,135.015128318804
"1871",2038,4450,218.823074,0.049173724494382,117.845304063481,136.536916479056
"1871",2039,4442,219.881773,0.0495006242683476,119.832949534282,137.268850271119
"1871",2040,4433,224.846044,0.0507209663884503,123.558889218511,140.694222749617
"1871",2041,4424,226.074347,0.0511017963381555,125.860779554503,141.582308761514
"1871",2042,4414,230.116339,0.0521332893067512,129.638504496636,144.483577852338
"1871",2043,4404,229.296115,0.0520654212079927,131.095126643413,143.942544601238
"1871",2044,4394,229.792191,0.0522968117888029,133.241560209571,144.343948657511
"1871",2045,4384,233.050734,0.0531593827554745,137.052262273234,146.756630490134
"1871",2046,4374,234.876166,0.0536982546867856,140.183296383341,148.156819274519
"1871",2047,4364,238.81219,0.0547232332722273,144.848539496605,151.167368446878
"1871",2048,4354,237.782982,0.0546125360587965,146.297229617209,150.456464451037
"1871",2049,4344,239.392256,0.055108714548803,149.61983113346,151.747876502296
"1871",2050,4335,241.257848,0.0556534828143022,153.247558462473,153.247558462473
"1874",2026,1047,35.74925,0.0341444603629417,16.994229488518,25.9422948851802
"1874",2027,1052,36.649404,0.0348378365019011,17.4388368624679,26.4642680906754
"1874",2028,1058,37.647599,0.0355837419659735,17.9342259217856,27.0527195530608
"1874",2029,1063,39.032391,0.0367190884289746,18.5210081985031,27.8635679929557
"1874",2030,1068,38.976001,0.0364943829588015,18.9643650152311,27.8574600609245
"1874",2031,1073,38.750615,0.0361142730661696,19.3799346012209,27.7562942651161
"1874",2032,1079,39.897321,0.0369762011121409,20.0437697810483,28.4423685570715
"1874",2033,1084,40.602453,0.0374561374538745,20.6673752748235,28.875517999513
"1874",2034,1090,41.744271,0.0382974963302752,21.4297148195713,29.5742870489283
"1874",2035,1095,42.240754,0.0385760310502283,22.077483479994,29.8913908114149
"1874",2036,1101,41.89655,0.038053178928247,22.5139746346027,29.7136308096899
"1874",2037,1106,42.305539,0.0382509394213382,23.1636640901255,29.9778811514644
"1874",2038,1111,44.599688,0.0401437335733573,24.4620132185193,31.385478579126
"1874",2039,1116,45.711658,0.0409602670250896,25.4555137803691,32.0944915410538
"1874",2040,1121,46.9336,0.0418676181980375,26.5525496005535,32.8840793608857
"1874",2041,1125,47.082201,0.0418508453333333,27.2554246898947,32.9893202866335
"1874",2042,1129,47.599842,0.0421610646589903,28.132315292995,33.3318789899929
"1874",2043,1133,49.094086,0.0433310556045896,29.5084111310399,34.3164896692066
"1874",2044,1137,50.541516,0.0444516411609499,30.9509984248918,35.2916108708281
"1874",2045,1140,52.922974,0.0464236614035088,33.0165135012949,36.943401232363
"1874",2046,1143,52.682498,0.0460914243219598,33.6567018710881,36.7725904365742
"1874",2047,1146,54.527614,0.047580815008726,35.6041661524542,38.0892012985399
"1874",2048,1149,55.804253,0.0485676701479547,37.2950406942352,39.0216656153894
"1874",2049,1151,57.063562,0.0495773779322328,39.0633679559458,39.9619407334501
"1874",2050,1154,57.165031,0.0495364220103986,40.0302450896122,40.0302450896122
"1875",2026,2761,92.812469,0.0336155266207896,29.4066704312678,42.0667043126782
"1875",2027,2769,98.100686,0.0354282000722282,30.1853993950554,43.8938137822212
"1875",2028,2776,102.043376,0.0367591412103746,31.0281692736917,45.3038244210955
"1875",2029,2783,106.504084,0.0382695235357528,32.025302594653,46.9426004454257
"1875",2030,2790,109.613357,0.0392879415770609,33.0300189774414,48.1200759097654
"1875",2031,2797,114.761852,0.0410303367894172,34.3576623273885,50.1136080952642
"1875",2032,2804,120.459547,0.0429598955064194,35.9310915581856,52.403358640571
"1875",2033,2811,123.277177,0.0438552746353611,37.2700384512615,53.5725198655491
"1875",2034,2817,127.212231,0.0451587614483493,38.8954309935321,55.2385774838303
"1875",2035,2824,130.26764,0.0461287677053824,40.4961113661978,56.562540265595
"1875",2036,2830,135.198578,0.0477733491166078,42.6098040114104,58.7574821292851
"1875",2037,2835,137.46861,0.0484898095238095,44.2925750509908,59.7903903433967
"1875",2038,2840,140.033489,0.0493075665492958,46.1368740265817,60.9761345937848
"1875",2039,2844,140.172497,0.0492870945850914,47.4078846829666,61.0346973327091
"1875",2040,2847,144.519748,0.0507621173164735,49.9382415085411,63.1011864136658
"1875",2041,2850,146.785705,0.0515037561403509,51.9825489775739,64.2000739284135
"1875",2042,2852,147.763941,0.0518106384992987,53.6742807958296,64.6775439940423
"1875",2043,2854,147.961919,0.0518436997196917,55.1176474483965,64.7696914554529
"1875",2044,2855,150.391878,0.0526766647985989,57.4367677677571,65.9829261519446
"1875",2045,2856,151.517511,0.053052349789916,59.3221361837596,66.550321456935
"1875",2046,2856,151.793298,0.0531489138655462,60.8873031665376,66.6909449018089
"1875",2047,2857,155.420509,0.0543998981449072,64.0003746830484,68.5638024597729
"1875",2048,2857,157.079466,0.0549805621281064,66.331646306036,69.4396176281471
"1875",2049,2856,157.738382,0.0552305259103641,68.2282995203729,69.7956358653225
"1875",2050,2856,158.020934,0.0553294586834734,69.9467383778489,69.9467383778489
"3101",2026,32194,786.179512,0.0244200631173511,381.687037104054,477.87037104054
"3101",2027,32359,817.809566,0.0252730172749467,387.274368451912,489.359043286636
"3101",2028,32520,844.510261,0.0259689502152522,393.458175357899,499.332430616568
"3101",2029,32680,872.425291,0.0266960003365973,400.500879239258,509.827667008271
"3101",2030,32839,904.525858,0.0275442570723834,408.724022587325,521.896090349302
"3101",2031,32996,942.050863,0.02855045650988,418.452684765599,536.052816575995
"3101",2032,33151,981.704388,0.0296131153811348,429.574019862629,551.227753423474
"3101",2033,33303,1018.282382,0.0305762958892592,441.519922617477,565.537717565454
"3101",2034,33453,1050.804625,0.03141137192479,454.02001561351,578.550039033776
"3101",2035,33601,1084.487524,0.032275453825779,467.770619637735,592.189987743394
"3101",2036,33747,1121.263557,0.0332255772957596,483.216310252903,607.244863690322
"3101",2037,33891,1155.271916,0.0340878674574371,499.350389788182,621.43978495255
"3101",2038,34029,1183.051811,0.0347659881571601,515.258569321918,633.288307858032
"3101",2039,34163,1214.747405,0.0355573985013026,533.077458658563,646.876525376278
"3101",2040,34292,1239.022997,0.0361315466289514,550.074816946091,657.519707113746
"3101",2041,34417,1267.572219,0.0368298288345876,569.13163529855,670.066619318567
"3101",2042,34537,1293.283785,0.0374463266931117,588.367937776164,681.52562539452
"3101",2043,34653,1317.025439,0.0380061016073644,607.909617418882,692.233379551027
"3101",2044,34765,1344.161054,0.0386642040558033,629.488283285172,704.53326875506
"3101",2045,34873,1367.919349,0.0392257433831331,650.865843376587,715.450268771184
"3101",2046,34976,1398.145985,0.039974439186871,675.643036872413,729.403572791074
"3101",2047,35075,1425.781437,0.0406495064005702,700.566052802997,742.342031327321
"3101",2048,35170,1455.64269,0.0413887600227467,727.567801353456,756.478704165899
"3101",2049,35260,1485.209629,0.0421216570901872,755.675227142098,770.662573654128
"3101",2050,35345,1512.739732,0.0427992568114302,784.047932020047,784.047932020047
"3103",2026,50807,1228.292133,0.0241756477060248,590.772288505223,651.722885052233
"3103",2027,51089,1267.909413,0.0248176596331891,595.082774722248,664.601997979987
"3103",2028,51368,1315.064283,0.0256008464997664,600.75973422888,679.769909879315
"3103",2029,51644,1361.188196,0.0263571411199752,607.54808858143,694.814534500846
"3103",2030,51918,1410.548715,0.0271687799029238,615.751030455818,711.004121823272
"3103",2031,52189,1466.648653,0.0281026395025772,625.818340000119,729.455095652589
"3103",2032,52457,1515.32742,0.0288870392893227,636.611350785642,745.881079340436
"3103",2033,52723,1567.246936,0.0297260576219107,649.082947987117,763.539166861013
"3103",2034,52987,1617.205503,0.0305207976107347,662.723918592918,780.809796482295
"3103",2035,53251,1669.061952,0.0313432978160035,678.034461404758,798.935911782303
"3103",2036,53515,1725.593841,0.0322450498178081,695.568050063592,818.880105397037
"3103",2037,53777,1772.298884,0.0329564476263086,713.040120121476,835.785600237027
"3103",2038,54034,1820.205321,0.0336862960543362,732.10675127745,853.285002322636
"3103",2039,54287,1868.189238,0.0344131972295393,752.618842231993,871.010795288498
"3103",2040,54535,1919.340611,0.0351946568442285,775.290536483728,890.064858373965
"3103",2041,54777,1966.474668,0.035899641601402,798.582650614107,907.898340549595
"3103",2042,55013,2007.302349,0.0364877819606275,821.725634348863,923.608049069804
"3103",2043,55243,2054.116584,0.037183291711167,847.787371144217,941.677791381989
"3103",2044,55467,2104.835292,0.0379475236086322,876.503401945713,961.423744446082
"3103",2045,55683,2161.877266,0.0388247268645727,908.880827716143,983.853326419868
"3103",2046,55891,2215.538042,0.0396403364047879,942.098641071692,1005.29251890787
"3103",2047,56090,2264.817492,0.0403782758423962,975.633938183778,1025.27767682679
"3103",2048,56281,2321.921337,0.0412558649810771,1013.8426499013,1048.69475665005
"3103",2049,56461,2381.132247,0.0421730441720834,1055.00310206781,1073.35387227825
"3103",2050,56632,2449.053359,0.0432450444801526,1102.13069220656,1102.13069220656
"3105",2026,58380,1326.558277,0.0227228207776636,730.580755077662,834.807550776616
"3105",2027,58605,1368.793024,0.0233562498762904,736.972506732233,849.709139870785
"3105",2028,58827,1421.640218,0.0241664578849848,745.104437077795,868.168211873116
"3105",2029,59046,1472.596023,0.0249398100294686,754.541964001296,886.256301182572
"3105",2030,59261,1524.04167,0.0257174477312229,765.433123562158,904.732494248631
"3105",2031,59472,1571.339079,0.0264214937953995,777.372611531135,922.03517054308
"3105",2032,59678,1623.449822,0.0272034890914575,791.208669708213,941.180522179117
"3105",2033,59880,1681.390492,0.0280793335337341,807.312449574507,962.620550550365
"3105",2034,60080,1731.612221,0.028821774650466,824.05531418445,981.638285461125
"3105",2035,60279,1783.618479,0.0295893840143334,842.617768900163,1001.55490034323
"3105",2036,60477,1821.287424,0.0301153731831936,860.295777359751,1016.46479444158
"3105",2037,60671,1869.500381,0.0308137393647707,881.160991960571,1035.41169163038
"3105",2038,60859,1922.262997,0.0315855172940732,904.509882086572,1056.29069470286
"3105",2039,61039,1966.910256,0.0322238283064926,927.738987259743,1074.30040384637
"3105",2040,61214,2009.326823,0.0328246287287222,951.889371857081,1091.62299497133
"3105",2041,61382,2038.151413,0.0332043826040207,973.892425738881,1103.74328413416
"3105",2042,61545,2077.680187,0.0337587161751564,999.816004138685,1120.16572019812
"3105",2043,61702,2129.053108,0.0345054148649963,1030.59660538426,1141.50387170748
"3105",2044,61852,2172.561711,0.0351251650876285,1060.68679873518,1159.88619191636
"3105",2045,61995,2218.06801,0.0357781758206307,1092.97882027785,1179.28162495736
"3105",2046,62131,2256.511948,0.0363186162785083,1124.37650695443,1195.91353759345
"3105",2047,62260,2301.715419,0.0369694092354642,1159.70280379518,1215.56653948753
"3105",2048,62381,2354.527701,0.0377443083791539,1199.75462579436,1238.7347305885
"3105",2049,62494,2400.364933,0.0384095262425193,1238.89983684873,1259.15567464803
"3105",2050,62598,2450.534098,0.0391471628167034,1281.75251310509,1281.75251310509
"3107",2026,85353,1929.490957,0.0226060121729758,750.907714860678,867.077148606784
"3107",2027,85855,1997.676326,0.023268025461534,758.197362661552,884.88991026583
"3107",2028,86353,2072.226853,0.0239971611061573,767.106312918805,904.321788107456
"3107",2029,86849,2142.323854,0.0246672253451393,777.298868761237,922.935852994056
"3107",2030,87342,2218.427656,0.0253993228458245,789.287005934835,943.148023739339
"3107",2031,87832,2295.428473,0.0261343072342654,802.917509332627,963.80003246131
"3107",2032,88316,2378.739911,0.0269344163118801,818.668132228485,986.209637626109
"3107",2033,88794,2468.096371,0.0277957561434331,836.742557872408,1010.3932630963
"3107",2034,89267,2550.298112,0.0285693269853361,856.039191760644,1033.09797940161
"3107",2035,89734,2635.235408,0.0293671897831368,877.463457297329,1056.77361667961
"3107",2036,90196,2715.414461,0.0301057082464854,900.213154092378,1079.50137703658
"3107",2037,90647,2804.376965,0.030937338963231,925.985814176204,1104.8015886365
"3107",2038,91083,2889.254656,0.0317211187158965,953.214314247425,1129.29875317714
"3107",2039,91505,2972.246562,0.0324817940221846,982.137581462477,1153.5533301489
"3107",2040,91912,3052.433413,0.0332103905148403,1012.553554078,1177.2856865248
"3107",2041,92305,3125.609042,0.0338617522561075,1043.59409356764,1199.27410349832
"3107",2042,92683,3202.038046,0.0345482779582016,1077.07482813247,1222.39261161782
"3107",2043,93046,3278.642746,0.0352367941233368,1112.49470447487,1245.78942979644
"3107",2044,93395,3362.164248,0.0359994030515552,1151.4486186366,1271.48208856335
"3107",2045,93729,3443.696932,0.0367409972580525,1192.09242110044,1296.88297981593
"3107",2046,94047,3517.772028,0.0374044044786118,1232.9474123237,1320.291073322
"3107",2047,94348,3592.809253,0.038080396542587,1276.03258714735,1344.2339010111
"3107",2048,94633,3674.640047,0.0388304296281424,1323.13843635501,1370.58209335677
"3107",2049,94901,3760.499912,0.0396255035458004,1373.78905543645,1398.56005759631
"3107",2050,95152,3845.60655,0.0404154043004876,1426.68149883167,1426.68149883167
"3110",2026,5200,148.903546,0.0286352973076923,62.8231624088553,70.2316240885526
"3110",2027,5275,159.130589,0.0301669363033175,63.6046598096486,73.6702531610805
"3110",2028,5349,170.47809,0.0318710207515423,64.7193096843334,77.5389124819049
"3110",2029,5422,177.77328,0.0327873994835854,65.8648209358046,80.1873926390803
"3110",2030,5493,192.093832,0.0349706593846714,67.802106874479,85.2084274979161
"3110",2031,5563,204.077171,0.0366847332374618,69.9318116662453,89.588910143462
"3110",2032,5631,215.734705,0.0383119703427455,72.3895023013834,93.9676993888721
"3110",2033,5697,227.466517,0.039927420923293,75.2262380898015,98.4861740408318
"3110",2034,5760,237.935994,0.0413083322916667,78.2507359471126,102.626839867782
"3110",2035,5821,251.609069,0.0432243719292218,82.1905285576998,108.149779560457
"3110",2036,5880,262.520762,0.0446463880952381,86.0801698571893,112.695094436188
"3110",2037,5936,274.283737,0.046206829009434,90.554427471906,117.715956042743
"3110",2038,5990,283.820717,0.0473824235392321,94.9333991316908,121.878907512165
"3110",2039,6041,294.176943,0.048696729514981,99.8932640540819,126.499172858012
"3110",2040,6090,304.661861,0.0500265781609195,105.304202957972,131.286724732755
"3110",2041,6136,313.768374,0.0511356541720991,110.709953498289,135.524458110625
"3110",2042,6179,319.825278,0.0517600385175595,115.444740682655,138.34962954665
"3110",2043,6221,327.451511,0.0526364750040186,120.988413805208,141.984289905366
"3110",2044,6261,336.273066,0.053709162434116,127.322796095467,146.287478832861
"3110",2045,6298,345.451894,0.0548510469990473,134.207859086128,150.871211182927
"3110",2046,6334,352.668201,0.0556785918850647,140.627854429071,154.503358151848
"3110",2047,6368,358.435134,0.0562869243090452,146.67820566648,157.412062722794
"3110",2048,6400,363.731352,0.05683302375,152.745190796717,160.102908969424
"3110",2049,6431,371.190402,0.0577189242730524,160.198278816225,164.024185783091
"3110",2050,6460,379.712696,0.0587790551083591,168.626588665665,168.626588665665
"3112",2026,7911,210.862627,0.0266543581089622,80.319427009316,83.1942700931598
"3112",2027,7977,219.020879,0.0274565474489156,80.7386933334647,85.3723151524708
"3112",2028,8043,228.302016,0.0283851816486386,81.3726734050094,87.8438480286249
"3112",2029,8108,232.779013,0.028709794400592,81.9516753674748,89.1843546704694
"3112",2030,8172,244.215004,0.0298843617229564,83.0565242064159,92.2260968256636
"3112",2031,8235,253.864989,0.0308275639344262,84.2760224082288,94.8731214199261
"3112",2032,8297,263.599562,0.0317704666747017,85.7128526178447,97.5780080549068
"3112",2033,8358,272.306859,0.0325803851399856,87.2685377581877,100.051138643276
"3112",2034,8419,279.59366,0.0332098420239933,88.8710506139981,102.177626534995
"3112",2035,8477,291.775157,0.0344196245133892,91.2168547695284,105.638525187493
"3112",2036,8535,300.411837,0.0351976376098418,93.3881761605989,108.185634022313
"3112",2037,8592,312.261944,0.0363433361266294,96.2309142095392,111.670076506418
"3112",2038,8647,318.952602,0.0368859259858911,98.5491870983192,113.725794724217
"3112",2039,8700,328.456823,0.037753657816092,101.51068282405,116.613928211149
"3112",2040,8751,338.398245,0.0386696657524854,104.793666740797,119.669866785275
"3112",2041,8800,348.52019,0.0396045670454546,108.371250526732,122.824529096954
"3112",2042,8848,353.476119,0.0399498326175407,111.101032699416,124.430046713451
"3112",2043,8894,364.370123,0.0409680821902406,115.320449815381,127.89213534289
"3112",2044,8938,370.245782,0.0414237840680242,118.603916361479,129.811504982553
"3112",2045,8979,381.207331,0.0424554327876156,123.372212888318,133.381185093315
"3112",2046,9019,389.461764,0.0431823665594855,127.703080994582,136.121271758332
"3112",2047,9057,396.907965,0.0438233371977476,132.028371755449,138.623517470929
"3112",2048,9092,405.088115,0.0445543461284646,136.795681233832,141.400736469007
"3112",2049,9126,415.251862,0.0455020668419899,142.466678391446,144.900445082022
"3112",2050,9158,423.664978,0.0462617359685521,147.843308239058,147.843308239058
"3114",2026,6655,104.479057,0.0156993323816679,40.7616076172722,47.6160761727217
"3114",2027,6758,111.687928,0.0165267724178751,41.2698894746904,49.2355598159304
"3114",2028,6856,117.542207,0.0171444292590432,41.8599885572822,50.6285060416123
"3114",2029,6951,124.446217,0.0179033544813696,42.590094376188,52.1886794173555
"3114",2030,7042,130.846046,0.0185808074410679,43.415174382765,53.6606975310599
"3114",2031,7129,138.429916,0.0194178588862393,44.4064457722918,55.3267679036237
"3114",2032,7212,145.183572,0.0201308336106489,45.4762681956839,56.8500559867197
"3114",2033,7293,150.477834,0.0206331871657754,46.569702492996,58.1233172220579
"3114",2034,7370,157.787873,0.0214094807327001,47.8968829819053,59.7422074547632
"3114",2035,7445,163.081915,0.0219048912021491,49.1906791416158,61.0072666094075
"3114",2036,7518,170.617857,0.0226945806065443,50.7721066334687,62.6781192283552
"3114",2037,7588,176.445751,0.0232532618608329,52.319999003102,64.039022445077
"3114",2038,7657,184.121452,0.0240461606373253,54.1631244134405,65.7511352971646
"3114",2039,7724,191.380798,0.0247774207664423,56.0946790742348,67.3951984242295
"3114",2040,7788,195.640699,0.0251207882639959,57.7909912473582,68.4655859957731
"3114",2041,7851,202.953632,0.0258506727805375,59.9607557462318,70.1294426358216
"3114",2042,7913,211.363813,0.0267109582964742,62.4175312910525,72.0250447015036
"3114",2043,7971,219.437763,0.0275295148663907,64.9738435743064,73.8628387448223
"3114",2044,8028,226.799819,0.0282510985301445,67.5696289187568,75.5737147338797
"3114",2045,8081,231.616145,0.0286618172255909,69.8664414181693,76.7586971300545
"3114",2046,8132,241.038882,0.0296407872602066,73.0768182296668,78.913903799608
"3114",2047,8180,247.812042,0.0302948706601467,75.963987139742,80.5228024109769
"3114",2048,8226,256.014314,0.0311225764648675,79.2699895234138,82.4540427280149
"3114",2049,8268,264.570992,0.0319993942912433,82.8108240004291,84.478778182264
"3114",2050,8308,271.180537,0.0326408927539721,86.0862104653575,86.0862104653575
"3116",2026,4012,84.032718,0.0209453434695912,39.2809771098375,41.8097710983746
"3116",2027,4054,88.385753,0.0218021097681302,39.5563435392798,43.0461348311258
"3116",2028,4096,91.214771,0.0222692312011719,39.8642316442451,43.9384665385431
"3116",2029,4138,96.370983,0.0232892660705655,40.3578475307612,45.3898707329939
"3116",2030,4179,101.405448,0.0242654816941852,40.9570739367961,46.8282957471846
"3116",2031,4220,105.383273,0.0249723395734597,41.5944167231335,48.0240581674209
"3116",2032,4259,112.992819,0.0265303637003992,42.6227713010806,50.1469886187096
"3116",2033,4298,118.555511,0.0275838787808283,43.6346056642676,51.7851190738416
"3116",2034,4337,124.179519,0.0286325845054185,44.7866949360713,53.4667373401781
"3116",2035,4374,129.918385,0.0297024199817101,46.0869576440089,55.1987603291632
"3116",2036,4411,136.183287,0.0308735631376105,47.6018423306233,57.1091417486807
"3116",2037,4448,141.160762,0.031735782823741,49.0879785611177,58.6838606070588
"3116",2038,4482,146.960755,0.0327891019634092,50.8303534223928,60.5097334952596
"3116",2039,4516,151.629177,0.033575991364039,52.5280883797944,62.0265334124161
"3116",2040,4548,156.684018,0.034451191292876,54.4203746607362,63.672599457178
"3116",2041,4579,160.673963,0.0350893127320376,56.2296901653293,65.0070794948367
"3116",2042,4608,166.196727,0.036066998046875,58.4823459649524,66.8319228070748
"3116",2043,4636,169.543239,0.036571017903365,60.37489399427,67.9829071108746
"3116",2044,4663,172.556641,0.0370054988205018,62.2742984080713,69.0313527846082
"3116",2045,4688,177.777662,0.0379218562286689,64.8420809145928,70.8056380487296
"3116",2046,4712,182.99887,0.0388367720713073,67.5648998927627,72.6057645797208
"3116",2047,4735,187.921356,0.0396877203801478,70.3553737386321,74.3299985787403
"3116",2048,4757,190.677745,0.0400836125709481,72.600060474835,75.3243897025243
"3116",2049,4778,196.26074,0.0410759187944747,75.8790665701123,77.3159133195972
"3116",2050,4798,202.551363,0.0422157905377241,79.5983654290803,79.5983654290803
"3118",2026,46379,1064.673571,0.0229559406412385,509.165724414514,573.657244145138
"3118",2027,46645,1110.363719,0.0238045603816057,513.79058321081,587.749696078622
"3118",2028,46907,1151.513534,0.0245488633679408,519.280547143497,600.745983677125
"3118",2029,47166,1196.857338,0.0253754259000127,526.028740668371,615.076426674687
"3118",2030,47420,1255.435604,0.0264748123998313,534.857419426208,633.429677704831
"3118",2031,47670,1305.761204,0.0273916761904762,544.452231907271,649.65993706877
"3118",2032,47916,1358.948684,0.0283610627765256,555.624175269084,666.997462366413
"3118",2033,48159,1408.355204,0.0292438631200814,567.772794994493,683.442193088256
"3118",2034,48400,1455.821837,0.0300789635743802,581.006339936282,699.515849840704
"3118",2035,48638,1508.333477,0.0310114206381841,596.250972588626,717.430794488288
"3118",2036,48875,1559.266462,0.0319031501176471,612.730637862405,735.117132341906
"3118",2037,49107,1609.846757,0.0327824293277944,630.606822532648,752.940141527118
"3118",2038,49332,1653.385864,0.0335154841482202,648.634390358607,768.607982470194
"3118",2039,49550,1694.79161,0.0342036651866801,667.502035166793,783.705591773264
"3118",2040,49763,1733.767957,0.0348405031248116,687.067361683525,798.10777869364
"3118",2041,49969,1774.885003,0.0355197222878184,708.301905169595,813.399102142785
"3118",2042,50169,1816.997608,0.0362175368853276,731.045018387522,829.207169125031
"3118",2043,50363,1853.738366,0.0368075445465917,753.648926885923,843.218883913115
"3118",2044,50550,1892.229876,0.0374328363204748,777.898002528937,857.997422617983
"3118",2045,50730,1935.333498,0.0381496845653459,804.779190083414,874.651310871894
"3118",2046,50903,1976.500625,0.0388287650040273,832.44510220762,890.758943773671
"3118",2047,51068,2019.444395,0.0395442232905146,862.087312284444,907.732182855712
"3118",2048,51226,2058.686023,0.0401883032639675,891.84203030256,923.450843570335
"3118",2049,51376,2102.422949,0.0409222778924011,924.666504182889,941.134030319884
"3118",2050,51517,2149.07893,0.0417159176582487,960.231669920862,960.231669920862
"3120",2026,8533,210.094465,0.0246214068908942,99.3499533552835,120.499533552835
"3120",2027,8589,215.209707,0.0250564334614041,100.499269450246,122.449232365427
"3120",2028,8646,225.831814,0.0261198026833218,102.103097265803,126.160555804589
"3120",2029,8703,236.984686,0.0272302293462025,104.036403307178,130.112486151426
"3120",2030,8760,246.314911,0.0281181405251142,106.132843508299,133.531374033195
"3120",2031,8817,256.160181,0.0290529863899286,108.550300632915,137.174958723181
"3120",2032,8873,267.074715,0.0300997086667418,111.378384060249,141.241181723844
"3120",2033,8928,277.672847,0.0311013493503584,114.49520696536,145.26263990444
"3120",2034,8981,292.365322,0.0325537603830308,118.535460684737,150.838651711843
"3120",2035,9032,301.380322,0.0333680604517272,122.121052858803,154.41954939155
"3120",2036,9082,311.507461,0.0342994341554724,126.197316640751,158.46803503316
"3120",2037,9129,322.408395,0.0353169454485705,130.758728743299,162.870690230828
"3120",2038,9174,334.156257,0.0364242704381949,135.875992855091,167.683623372893
"3120",2039,9217,346.625854,0.0376072316371921,141.581130099099,172.882774636764
"3120",2040,9257,354.920463,0.0383407651506968,146.64974999002,176.439599984032
"3120",2041,9296,363.446819,0.0390971190834768,152.078068970068,180.136707879348
"3120",2042,9332,371.718077,0.0398326271967424,157.735632497776,183.765189282537
"3120",2043,9366,379.922061,0.0405639612427931,163.675049525612,187.406846814389
"3120",2044,9399,390.619948,0.0415597348654112,170.784375964607,192.205646405944
"3120",2045,9430,397.935143,0.0421988486744433,177.073950409504,195.552554350159
"3120",2046,9459,404.980423,0.0428142956972196,183.539057458308,198.810655833304
"3120",2047,9487,412.368737,0.0434667162432803,190.421128225813,202.263243071338
"3120",2048,9514,418.715624,0.0440104713054446,197.144402351877,205.264218758786
"3120",2049,9539,429.055132,0.0449790472795891,205.96209825661,210.207374812062
"3120",2050,9562,437.542525,0.0457584736456808,214.335041122072,214.335041122072
"3122",2026,3655,124.382007,0.034030644870041,32.2819812850258,43.8198128502578
"3122",2027,3678,130.689465,0.0355327528548124,33.0030261002563,45.5674625473189
"3122",2028,3701,136.408568,0.0368572191299649,33.8348817299147,47.1993241709413
"3122",2029,3724,141.035043,0.0378719234693878,34.7310389780758,48.5578304850625
"3122",2030,3746,148.09082,0.0395330539241858,35.9127204037962,50.650881615185
"3122",2031,3768,149.707157,0.0397311987791932,36.7987315257372,51.1695009590857
"3122",2032,3790,156.291104,0.0412377583113456,38.2122177136854,53.191439119032
"3122",2033,3811,163.788315,0.0429777787982157,39.9028981468564,55.5597190258108
"3122",2034,3831,167.855967,0.0438151832419734,41.3532259160032,56.883064790008
"3122",2035,3851,174.221757,0.0452406535964684,43.2455296965396,58.9897821635191
"3122",2036,3871,176.539206,0.0456055815034875,44.6662445192069,59.7710410930673
"3122",2037,3890,180.596831,0.0464259205655527,46.4524902319295,61.1512004525453
"3122",2038,3907,187.41526,0.0479690964934733,48.8890699809571,63.5255817835583
"3122",2039,3924,189.72708,0.0483504281345566,50.5849247156918,64.3360420692626
"3122",2040,3940,193.646145,0.0491487677664975,52.7097330327849,65.7355728524558
"3122",2041,3956,197.077278,0.049817309908999,54.8328726662152,66.9741474207021
"3122",2042,3971,198.833173,0.0500713102493075,56.621678753899,67.6023982198558
"3122",2043,3985,202.507719,0.050817495357591,58.9928135232485,68.9563573196589
"3122",2044,3999,206.949012,0.0517501905476369,61.7085303040862,70.6239100697887
"3122",2045,4012,213.246878,0.0531522627118644,65.172645955987,73.0586411765994
"3122",2046,4025,216.647953,0.0538255783850932,67.8748014087861,74.3821193044542
"3122",2047,4038,218.416183,0.0540901889549282,70.0990241779102,75.0552385103213
"3122",2048,4050,222.352575,0.0549018703703704,73.2039046738414,76.6258428906393
"3122",2049,4061,227.25946,0.0559614528441271,76.8480408562762,78.6343281623649
"3122",2050,4072,233.966938,0.0574574995088409,81.468440265772,81.468440265772
"3124",2026,1313,39.849531,0.0303499855293222,14.1690316711396,15.6903167113959
"3124",2027,1322,42.791141,0.0323684878971256,14.3451963165782,16.5105186660234
"3124",2028,1330,44.11889,0.0331720977443609,14.5083385437899,16.9047916787992
"3124",2029,1339,46.231886,0.0345271740104556,14.7503051999926,17.5308479999651
"3124",2030,1348,46.963864,0.0348396617210682,14.9424115761922,17.7696463047688
"3124",2031,1357,48.397368,0.035664972733972,15.2115050278588,18.2139305316829
"3124",2032,1365,51.725324,0.0378940102564103,15.7017383636165,19.2361180418969
"3124",2033,1374,52.966393,0.0385490487627365,16.0452954089493,19.6421942315842
"3124",2034,1382,54.394597,0.0393593321273517,16.4438428544959,20.1096071362398
"3124",2035,1391,57.535327,0.0413625643421999,17.126625483023,21.1465725326241
"3124",2036,1399,59.787732,0.0427360486061472,17.7602964836061,21.9164136496971
"3124",2037,1407,61.54936,0.0437451030561478,18.3733253961676,22.5333178461806
"3124",2038,1415,64.617394,0.0456660028268551,19.2982797605956,23.6332359283556
"3124",2039,1423,65.448821,0.0459935495432185,19.838357780456,23.9376302646059
"3124",2040,1430,66.780454,0.0466996181818182,20.5184601854103,24.4295362966565
"3124",2041,1436,69.077872,0.0481043676880223,21.4842753861151,25.2970194507397
"3124",2042,1443,70.017211,0.0485219757449757,22.1574129751016,25.653447107288
"3124",2043,1448,72.964414,0.0503897886740332,23.4511487989302,26.8151170154986
"3124",2044,1453,74.604494,0.0513451438403303,24.4435434549565,27.4755399418794
"3124",2045,1458,74.896172,0.0513691165980796,25.0374377369674,27.5845387531907
"3124",2046,1462,77.576928,0.053062194254446,26.4976175521295,28.7030794730935
"3124",2047,1465,79.988305,0.0545995255972696,27.9736353448368,29.7449412336189
"3124",2048,1468,81.70473,0.0556571730245232,29.2652471213447,30.5029698609131
"3124",2049,1471,81.831219,0.0556296526172672,29.9264142482709,30.5469238943074
"3124",2050,1473,83.885935,0.0569490393754243,31.4834930150502,31.4834930150502
"3201",2026,132708,2927.69726,0.022061196461404,1415.3913757055,1616.913757055
"3201",2027,133681,3025.522629,0.0226324057195862,1428.23208478259,1649.23334387337
"3201",2028,134633,3127.585831,0.0232304548736194,1443.72104150943,1682.83452291102
"3201",2029,135569,3231.927284,0.0238397220898583,1461.90373199969,1717.25285646914
"3201",2030,136486,3361.125895,0.0246261586902686,1484.46153583392,1758.84614333569
"3201",2031,137383,3481.521854,0.0253417224401855,1509.52811640723,1798.31518750341
"3201",2032,138256,3625.80747,0.0262253173099178,1539.91198105129,1845.03686477319
"3201",2033,139109,3757.090053,0.0270082457137928,1572.60595863654,1888.46471348011
"3201",2034,139944,3884.719352,0.027759099011033,1608.29558588928,1931.23896472321
"3201",2035,140765,4026.089581,0.0286014959755621,1649.23099717856,1978.67085069384
"3201",2036,141577,4156.906205,0.0293614514010044,1692.44957538537,2023.42015870605
"3201",2037,142375,4311.33907,0.0302815738015803,1743.12267457632,2076.16619429527
"3201",2038,143156,4450.455744,0.0310881537902708,1795.4280919575,2124.68743992273
"3201",2039,143919,4586.222729,0.0318666939667452,1851.05843862276,2172.6739380813
"3201",2040,144664,4725.609429,0.0326661051056241,1911.38691146407,2222.41905834251
"3201",2041,145391,4856.966021,0.0334062357436155,1974.02442129008,2270.01799440013
"3201",2042,146097,5000.751143,0.0342289789865637,2043.60474959892,2322.43535656989
"3201",2043,146780,5146.820056,0.0350648593541354,2118.19677160268,2376.31765641041
"3201",2044,147437,5292.873622,0.0358992221898167,2197.36326888635,2430.88808888561
"3201",2045,148066,5443.847283,0.0367663561047101,2282.66619621016,2487.97377995097
"3201",2046,148661,5593.064516,0.0376229442557228,2372.35730190366,2545.18506106313
"3201",2047,149221,5747.725703,0.0385182092533893,2468.88193294662,2605.26133289759
"3201",2048,149743,5893.11982,0.0393548935175601,2567.40754112806,2662.6297741925
"3201",2049,150225,6041.193171,0.0402142996904643,2672.0235076359,2721.85559234899
"3201",2050,150665,6184.250803,0.0410463664620184,2779.93290861906,2779.93290861906
"3203",2026,97928,2111.619399,0.021562978913079,957.303083271605,1140.03083271605
"3203",2027,98604,2189.234852,0.0222022925236299,968.220043984478,1164.05486534166
"3203",2028,99268,2278.812257,0.0229561616734497,981.513908116079,1191.36518923474
"3203",2029,99922,2376.062566,0.0237791734152639,997.346533426108,1220.9836867111
"3203",2030,100560,2473.76695,0.0245999100039777,1015.50591146437,1251.02364585749
"3203",2031,101182,2577.682904,0.0254757061928011,1036.50138604226,1283.09177753829
"3203",2032,101786,2677.092108,0.0263011819700155,1059.60725848309,1314.25310302489
"3203",2033,102378,2773.592579,0.0270916855086054,1084.87734396836,1344.93750060238
"3203",2034,102961,2879.919131,0.0279709708627539,1113.73812389858,1378.84530974645
"3203",2035,103538,2982.552359,0.0288063547586393,1144.8671675935,1412.12495449943
"3203",2036,104113,3084.430705,0.0296257979791188,1178.59987736552,1445.63132076953
"3203",2037,104681,3185.511184,0.0304306529742742,1214.93736528609,1479.31681031432
"3203",2038,105238,3284.738575,0.0312124762443224,1253.70244126564,1512.82262048298
"3203",2039,105785,3386.050175,0.0320087930708513,1295.6028987532,1547.38791277141
"3203",2040,106323,3478.647982,0.0327177372910847,1338.59189577403,1579.54703323844
"3203",2041,106848,3573.610354,0.0334457393119197,1384.72334236493,1612.80881866404
"3203",2042,107360,3664.355731,0.0341314803558122,1432.60808131941,1645.01154474202
"3203",2043,107858,3764.570076,0.0349030213428767,1485.51611451382,1680.75066374755
"3203",2044,108340,3870.11273,0.0357219192357393,1542.85963511595,1718.75436789155
"3203",2045,108802,3972.23199,0.0365088140842999,1602.46243771957,1756.03069257794
"3203",2046,109243,4081.674778,0.0373632615179005,1667.48062503714,1796.38897063193
"3203",2047,109658,4180.084377,0.0381192833810575,1732.43139857726,1833.26073079128
"3203",2048,110048,4288.071617,0.0389654661329602,1803.84299622633,1874.12756348793
"3203",2049,110409,4398.943012,0.0398422502875671,1879.92265871244,1916.65990515578
"3203",2050,110740,4514.592841,0.0407674990157125,1961.68277057259,1961.68277057259
"3205",2026,90790,1712.209782,0.0188590129089107,804.228962511112,860.289625111124
"3205",2027,91515,1770.663468,0.0193483414522209,808.791636166862,876.484626668086
"3205",2028,92223,1833.052817,0.0198763086973965,814.715692436896,893.518242496546
"3205",2029,92917,1898.156597,0.0204285178923125,822.049623928722,911.174700841044
"3205",2030,93596,1971.271395,0.0210614918906791,831.15521517854,930.620860714162
"3205",2031,94261,2039.077654,0.0216322514507591,841.412327215948,948.999399011992
"3205",2032,94911,2113.567652,0.0222689430308394,853.553957148524,968.935252764688
"3205",2033,95548,2180.777551,0.0228238953300959,866.63691490319,987.343213526042
"3205",2034,96174,2250.013219,0.0233952338365878,881.320599812547,1006.30149953137
"3205",2035,96792,2324.223056,0.0240125532688652,897.980495195947,1026.52684616216
"3205",2036,97403,2392.988158,0.0245679102081045,915.62118994422,1045.62355777731
"3205",2037,98004,2468.971951,0.0251925630688543,935.626379369809,1066.53927681914
"3205",2038,98590,2534.438003,0.0257068465665889,955.875331874098,1085.04605795291
"3205",2039,99160,2604.732646,0.0262679774707543,978.237753693812,1104.78766586181
"3205",2040,99716,2681.510348,0.0268914752697661,1003.14231845923,1126.22770953476
"3205",2041,100257,2753.335136,0.0274627720358678,1028.92585859185,1146.56733372354
"3205",2042,100783,2831.242916,0.0280924651578143,1057.39011580559,1168.5573082937
"3205",2043,101293,2910.897423,0.0287373996524933,1087.94464327864,1191.14527902189
"3205",2044,101784,2997.979433,0.0294543290988761,1121.81390103762,1215.82438843564
"3205",2045,102256,3089.631927,0.0302146761754811,1158.69598882434,1241.93352470688
"3205",2046,102707,3183.571647,0.0309966374930628,1198.27891145531,1268.91636641802
"3205",2047,103136,3281.408852,0.0318163284595098,1241.08740624876,1297.25341549156
"3205",2048,103541,3378.52555,0.0326298331095894,1286.13518689764,1325.71371556502
"3205",2049,103921,3480.069799,0.0334876473378817,1334.84819209446,1355.76435542282
"3205",2050,104275,3589.64809,0.0344248198513546,1388.5386288969,1388.5386288969
"3207",2026,61758,1330.202728,0.0215389541112083,669.621871389044,720.218713890437
"3207",2027,62082,1370.61665,0.0220775208595084,673.428498363864,732.570897191736
"3207",2028,62398,1426.859631,0.0228670731593961,678.895609976666,749.117771295237
"3207",2029,62708,1479.585396,0.0235948426994961,685.44374410157,764.911736948566
"3207",2030,63013,1541.414063,0.0244618422071636,693.834516127219,783.338064508877
"3207",2031,63311,1597.290334,0.0252292703321698,703.202603641804,800.356882232362
"3207",2032,63603,1648.085499,0.025912071741899,713.445192180934,816.139052864413
"3207",2033,63892,1702.140235,0.0266408976867213,725.267377039723,833.013453902683
"3207",2034,64178,1751.504225,0.0272913494499673,737.889734032477,848.724335081193
"3207",2035,64464,1809.419291,0.0280686785027302,752.863210672761,867.115910109167
"3207",2036,64751,1857.675181,0.0286895211039212,767.966609443839,882.877072513346
"3207",2037,65037,1900.81706,0.029226702646186,783.541075129561,897.250878301583
"3207",2038,65318,1948.088169,0.029824675724915,800.941026858171,912.983685196674
"3207",2039,65596,1999.125028,0.0304763252027563,820.288663401424,930.023256853488
"3207",2040,65869,2049.890314,0.0311207140536519,840.963494468211,947.141591149138
"3207",2041,66136,2092.353194,0.0316371294605056,861.277070308436,961.776709899526
"3207",2042,66396,2133.224731,0.0321288139496355,882.393936426518,975.991337752168
"3207",2043,66650,2182.623998,0.0327475468567142,906.686029326776,993.065802476984
"3207",2044,66895,2243.486387,0.0335374301068839,935.308242230018,1014.07515126454
"3207",2045,67130,2303.883043,0.0343197235662148,965.591138603173,1035.18909366544
"3207",2046,67355,2355.069105,0.0349650227154628,995.001534805139,1053.41357035899
"3207",2047,67567,2408.297768,0.0356431063684935,1026.55178309356,1072.50905137303
"3207",2048,67764,2462.875708,0.0363448985892214,1060.14438041415,1092.26419504233
"3207",2049,67948,2529.433375,0.037226016586213,1099.55932164935,1116.52916534998
"3207",2050,68115,2593.333364,0.0380728674154004,1140.18566340854,1140.18566340854
"3209",2026,44347,670.807252,0.0151263276433581,254.089232880535,272.892328805349
"3209",2027,44774,703.602793,0.0157145395318712,255.724237147262,279.085361070996
"3209",2028,45191,734.78898,0.016259630899958,257.785678794289,285.061021681653
"3209",2029,45597,764.999954,0.0167774185582385,260.265389605324,290.895951083876
"3209",2030,45991,799.013476,0.0173732572894697,263.314019568187,297.256078272749
"3209",2031,46375,830.091964,0.0178995571752022,266.721795831148,303.206246369209
"3209",2032,46749,871.381463,0.0186395743866179,271.056694770918,310.635983910516
"3209",2033,47115,906.773326,0.0192459583147618,275.651429018819,317.245321431226
"3209",2034,47475,943.913483,0.0198823271827278,280.858873798397,324.147184495992
"3209",2035,47831,981.039527,0.0205105376638582,286.603368168138,331.093412955745
"3209",2036,48183,1016.764471,0.0211021412323849,292.788827790358,337.871216400755
"3209",2037,48527,1060.930577,0.0218626862777423,300.168792409364,345.987887628028
"3209",2038,48862,1097.707193,0.0224654576767222,307.548338816743,352.996979666806
"3209",2039,49186,1136.657125,0.0231093629284756,315.670017617483,360.374498072312
"3209",2040,49501,1173.820983,0.0237130761600776,324.187718741242,367.500349985987
"3209",2041,49807,1216.301493,0.0244202921878451,333.840547079599,375.532901252225
"3209",2042,50104,1263.442025,0.0252163904079515,344.682626387275,384.403751981821
"3209",2043,50391,1308.008009,0.0259571750709452,355.926206369433,392.916889992451
"3209",2044,50668,1349.008133,0.0266244598760559,367.383314492995,400.881696119993
"3209",2045,50935,1395.577542,0.0273991860606656,380.275021260947,409.876949244243
"3209",2046,51192,1449.09637,0.0283070864588217,394.971823726294,420.202145560345
"3209",2047,51438,1508.163505,0.029320026147984,411.461121202562,431.674502763451
"3209",2048,51673,1562.197408,0.0302323729607338,428.103111580771,442.381742249482
"3209",2049,51896,1614.186626,0.0311042590180361,445.30820897638,452.839697637797
"3209",2050,52106,1671.469654,0.0320782568993974,464.45624854907,464.45624854907
"3212",2026,20503,404.576427,0.0197325477734966,211.846061947737,246.460619477374
"3212",2027,20669,424.935566,0.0205590771687068,214.185543303134,252.985769477339
"3212",2028,20829,448.520074,0.0215334425080417,217.175669021002,260.432394405726
"3212",2029,20984,471.541433,0.0224714750762486,220.70872214639,267.805751277129
"3212",2030,21134,497.616082,0.0235457595343995,225.032222175214,276.128888700855
"3212",2031,21277,519.242145,0.0244039171405743,229.6376334061,283.261333586433
"3212",2032,21415,548.035856,0.0255912143824422,235.493258104324,292.594640320997
"3212",2033,21546,572.938552,0.0265914114916922,241.673221376876,300.891645177588
"3212",2034,21673,599.259288,0.0276500386656208,248.700305225854,309.750763064635
"3212",2035,21795,623.903097,0.0286259737095664,256.217279504659,318.210924582079
"3212",2036,21915,649.618855,0.0296426582249601,264.597848768182,327.153365827751
"3212",2037,22032,676.525852,0.0307065110748003,273.927051378933,336.638149032065
"3212",2038,22147,700.526012,0.0316307405969206,283.515759145053,345.301380263733
"3212",2039,22259,724.490047,0.0325481848690417,293.820682047992,354.077756677434
"3212",2040,22368,749.614573,0.0335128117399857,305.121199456979,363.393919131166
"3212",2041,22475,775.615652,0.0345101513681869,317.431693257992,373.179914351685
"3212",2042,22578,798.166953,0.0353515348126495,329.694231632575,381.84890233225
"3212",2043,22678,820.50455,0.0361806398271452,342.634034711885,390.554623338149
"3212",2044,22773,840.160707,0.0368928427084706,355.516716766617,398.344150666602
"3212",2045,22865,864.076829,0.0377903708287776,370.400599807223,407.877661301197
"3212",2046,22950,889.49124,0.0387577882352941,386.622017608798,418.143550127998
"3212",2047,23030,912.903398,0.0396397480677377,403.045043196699,427.769062756844
"3212",2048,23104,929.586447,0.0402348704553324,417.755513092233,434.762716856468
"3212",2049,23171,949.209731,0.04096541931725,434.228245507349,443.042332994648
"3212",2050,23233,971.260518,0.0418052131881376,452.457891949235,452.457891949235
"3214",2026,16375,414.348684,0.0253037364274809,201.312424612299,213.124246122992
"3214",2027,16468,431.225192,0.0261856444012631,202.544663035933,218.506640261329
"3214",2028,16560,452.433006,0.0273208336956522,204.418389001533,225.247937151617
"3214",2029,16651,474.085128,0.0284718712389646,206.854517023763,232.256550700063
"3214",2030,16743,493.562368,0.0294787294988951,209.684197524655,238.736790098621
"3214",2031,16835,516.674454,0.0306904932580933,213.366453175367,246.492011044756
"3214",2032,16928,535.927636,0.0316592412570888,217.276416496965,253.158204606047
"3214",2033,17022,558.357093,0.0328020851251322,222.113766080562,261.003492636034
"3214",2034,17118,581.20534,0.0339528765042645,227.66475845974,269.161896149351
"3214",2035,17215,597.397485,0.0347021484170781,232.881213040812,275.157058379
"3214",2036,17314,613.994168,0.0354622945593162,238.653691965391,281.37619361135
"3214",2037,17414,631.740562,0.0362777398644769,245.146659527147,288.091042979798
"3214",2038,17512,651.006264,0.0371748666057561,252.497378828449,295.449779688088
"3214",2039,17610,670.964942,0.038101359568427,260.619159754457,303.181548518225
"3214",2040,17706,685.669586,0.0387252674799503,268.137605160727,309.020168257163
"3214",2041,17801,704.331321,0.0395669524745801,277.146215892594,316.447118328443
"3214",2042,17893,722.071949,0.0403549963114067,286.526541700269,323.609345286098
"3214",2043,17982,741.458687,0.0412333826604382,296.998786846211,331.523778774523
"3214",2044,18069,765.803357,0.0423821659748741,309.739212170936,341.598983446369
"3214",2045,18152,787.509364,0.0433841650506831,322.498514577742,350.767402557221
"3214",2046,18230,808.087292,0.0443273336258914,335.670927021089,359.612855318928
"3214",2047,18304,830.834298,0.0453908598120629,350.489013764326,369.565085931635
"3214",2048,18374,853.386511,0.0464453309567868,366.156570500825,379.628724865757
"3214",2049,18438,881.45711,0.0478065468055104,385.239458068997,392.456579811945
"3214",2050,18496,902.289271,0.0487829406898789,402.184042364232,402.184042364232
"3216",2026,19297,388.891983,0.0201529762657408,139.253318617031,150.533186170314
"3216",2027,19518,409.382575,0.0209746170201865,140.339765691715,155.016477757927
"3216",2028,19731,434.775776,0.022035161725204,141.917115421374,160.383516693567
"3216",2029,19937,458.557463,0.0230003241711391,143.846587344285,165.5133522084
"3216",2030,20134,485.103622,0.0240937529552002,146.298008627453,171.192034509813
"3216",2031,20324,510.318735,0.0251091682247589,149.122247544248,176.686078414777
"3216",2032,20507,535.469913,0.0261115674160043,152.373589805721,182.226430171448
"3216",2033,20683,562.238075,0.0271835843446309,156.178674414101,188.148067349243
"3216",2034,20853,589.349665,0.0282621044933583,160.487920202455,194.219800506138
"3216",2035,21020,614.936282,0.0292548183634634,165.155593730003,200.06992852572
"3216",2036,21184,635.444074,0.0299964158799094,169.789901183184,204.926107754071
"3216",2037,21345,660.824868,0.0309592348559382,175.348619254417,210.875354642765
"3216",2038,21501,681.53493,0.0316978247523371,180.830605217955,215.873827669009
"3216",2039,21653,703.32886,0.0324818205329516,186.855167442693,221.15773181735
"3216",2040,21803,721.658007,0.0330990233912764,192.821610440556,225.714576704889
"3216",2041,21949,737.992965,0.0336230791835619,198.84663099431,229.843971312166
"3216",2042,22092,757.980667,0.03431018771501,205.78961951031,234.842313586157
"3216",2043,22231,774.641787,0.0348451165939454,212.560838390435,239.099441885336
"3216",2044,22366,793.250895,0.035466819949924,220.028158269187,243.842784863468
"3216",2045,22496,811.958918,0.036093479640825,227.897313174337,248.6428469838
"3216",2046,22621,832.576364,0.0368054623579859,236.554182271938,253.946096790515
"3216",2047,22741,852.244069,0.0374761034695044,245.443686157395,259.063308346361
"3216",2048,22856,874.065092,0.0382422598879944,255.262906876308,264.770710136549
"3216",2049,22965,896.136635,0.0390218434574352,265.633018777529,270.605733794835
"3216",2050,23067,921.432622,0.0399459237005246,277.353879270987,277.353879270987
"3218",2026,22244,390.536403,0.0175569323413055,151.172718707261,179.727187072612
"3218",2027,22437,405.369123,0.0180669930471988,152.856383732106,183.319154415314
"3218",2028,22635,420.568552,0.0185804529268831,154.82924905878,187.024280335883
"3218",2029,22835,437.105839,0.0191419241953142,157.138936014859,191.006757716984
"3218",2030,23035,455.258144,0.0197637570653354,159.829153658653,195.316614634612
"3218",2031,23235,469.646823,0.0202129039380245,162.649915850405,198.956229044887
"3218",2032,23430,490.992744,0.0209557295774648,166.170827105378,203.910237247318
"3218",2033,23622,507.626076,0.0214895468630937,169.747876172624,207.994141165861
"3218",2034,23809,528.028092,0.022177667772691,173.927157319588,212.81789329897
"3218",2035,23991,547.12829,0.022805564169897,178.366138526283,217.408316631503
"3218",2036,24171,562.975188,0.0232913486409334,182.854469153913,221.377829797711
"3218",2037,24344,585.771888,0.0240622694709169,188.360109435488,226.751433044854
"3218",2038,24511,601.400808,0.0245359556117661,193.475764453189,230.683208096707
"3218",2039,24670,623.390062,0.0252691553303608,199.659331307984,235.930776694441
"3218",2040,24822,641.857106,0.02585839601966,205.788615505514,240.461784808822
"3218",2041,24966,660.630584,0.0264612106064247,212.305442683681,245.064819145179
"3218",2042,25103,680.33647,0.0271017993865275,219.318997703123,249.884282433033
"3218",2043,25233,700.324233,0.0277542992509809,226.755119518494,254.786602736942
"3218",2044,25356,724.590729,0.0285766969947941,235.321423189908,260.67280411601
"3218",2045,25473,747.38021,0.0293400938248341,244.104340283806,266.282264964685
"3218",2046,25584,771.616193,0.0301601076063165,253.637733450351,272.279686412178
"3218",2047,25689,796.113637,0.0309904487134571,263.734239817827,278.404777259523
"3218",2048,25789,818.283985,0.0317299618054209,273.839972212889,284.043213203123
"3218",2049,25883,844.334093,0.0326211835181393,285.335957327549,290.686708911739
"3218",2050,25971,870.275964,0.0335095284740672,297.394253705723,297.394253705723
"3220",2026,11554,217.122176,0.0187919487623334,73.8753361652812,81.7533616528115
"3220",2027,11637,233.789781,0.0200902106212941,74.6102434617438,84.7108615399546
"3220",2028,11716,245.43792,0.0209489518607033,75.4328484701052,86.9019912577439
"3220",2029,11792,257.309335,0.0218206695217096,76.4315250616231,89.1483532311676
"3220",2030,11866,272.365011,0.0229533971852351,77.7391835159944,91.9567340639776
"3220",2031,11938,287.500886,0.024082835148266,79.2753169538087,94.8271894045519
"3220",2032,12008,303.324354,0.0252601893737508,81.0827052328854,97.869862255032
"3220",2033,12077,316.529307,0.0262092661256935,82.9671718301354,100.49564642796
"3220",2034,12147,330.839598,0.0272363215608792,85.1492241082551,103.373060270638
"3220",2035,12217,343.249107,0.0280960225096177,87.4117151520444,105.941063204673
"3220",2036,12287,357.431192,0.0290901922356963,90.0472235308551,108.888891643905
"3220",2037,12356,368.733364,0.0298424541922952,92.636882441601,111.315868178734
"3220",2038,12423,379.420659,0.0305417901473074,95.3539363387175,113.64352061585
"3220",2039,12489,391.107908,0.0313161908879814,98.3786421071279,116.197688692984
"3220",2040,12553,402.671816,0.0320777356807138,101.596026107903,118.753641772645
"3220",2041,12614,412.273742,0.0326838228951958,104.7484521884,120.92219198249
"3220",2042,12674,417.681133,0.0329557466466782,107.455194888838,122.221706984054
"3220",2043,12731,431.173831,0.0338680253711413,111.530115776859,125.244224782181
"3220",2044,12786,441.8379,0.0345563819802909,115.386524986318,127.692290304927
"3220",2045,12839,453.536076,0.0353248754575902,119.632409704258,130.393735020625
"3220",2046,12890,464.76999,0.0360566322730799,124.019160370969,133.022541612905
"3220",2047,12937,474.972335,0.0367142563963825,128.416050706472,135.440620514335
"3220",2048,12982,485.971979,0.0374342920197196,133.187738876493,138.067825812425
"3220",2049,13024,502.181241,0.0385581419686732,139.373477385367,141.959457023758
"3220",2050,13062,516.229334,0.0395214617975808,145.403452747181,145.403452747181
"3222",2026,45745,809.490706,0.0176957198819543,356.599585414323,388.995854143228
"3222",2027,46156,847.497183,0.0183615820911691,359.221239550863,398.245378551729
"3222",2028,46564,885.333918,0.0190132702946482,362.542742951382,407.529959722185
"3222",2029,46967,931.276504,0.0198283157110311,366.90730434236,418.446138081692
"3222",2030,47362,975.699651,0.0206008963092775,372.037996658311,429.151986633242
"3222",2031,47748,1016.984154,0.0212989895702438,377.811917284549,439.302320989735
"3222",2032,48123,1061.300287,0.0220539095027326,384.563793911921,450.119365882833
"3222",2033,48488,1107.082843,0.0228320995504042,392.263918862536,461.314258931134
"3222",2034,48843,1155.461641,0.023656647646541,401.057293102476,473.143232756191
"3222",2035,49187,1204.155177,0.0244811673206335,410.811727693071,485.141091869877
"3222",2036,49521,1246.22798,0.0251656464934068,420.829233139278,495.798385556375
"3222",2037,49842,1288.747255,0.0258566521207014,431.723533944775,506.606895502
"3222",2038,50148,1331.764311,0.0265566784517827,443.517254375311,517.57682613693
"3222",2039,50441,1379.865904,0.0273560378263714,456.856748342375,529.777443987021
"3222",2040,50721,1423.22939,0.0280599631316417,470.486688569681,540.97870171149
"3222",2041,50989,1459.625827,0.0286262885524329,483.917519666807,550.611350440463
"3222",2042,51246,1500.388136,0.0292781511922882,498.829842709608,561.328346728011
"3222",2043,51492,1544.771449,0.0300002223452187,515.247070341431,572.996027581601
"3222",2044,51728,1591.99846,0.0307763389266935,533.165096432225,585.471092170613
"3222",2045,51953,1639.56681,0.0315586551305988,552.192282873721,598.159732767656
"3222",2046,52168,1682.984485,0.0322608588598374,571.386889789062,609.925752693014
"3222",2047,52372,1731.428716,0.0330601985030169,592.717027658991,623.103693136892
"3222",2048,52565,1784.077337,0.0339404040140778,616.208277984035,637.54948971247
"3222",2049,52748,1837.356231,0.0348327184158641,641.144016917929,652.370407187459
"3222",2050,52919,1889.520334,0.0357058964455111,667.097383369545,667.097383369545
"3224",2026,20509,328.577291,0.0160211268711297,146.31676652512,167.167665251204
"3224",2027,20705,345.422927,0.0166830681960879,147.743430391577,171.224948302377
"3224",2028,20892,361.555312,0.017305921501053,149.449459274272,175.139767281553
"3224",2029,21071,379.403806,0.0180059705756727,151.514885420386,179.36416668417
"3224",2030,21243,397.910954,0.018731391705503,153.929640450469,183.718561801876
"3224",2031,21408,416.611578,0.0194605557735426,156.684561968506,188.120215542629
"3224",2032,21566,436.828976,0.020255447278123,159.869825922683,192.830233608255
"3224",2033,21718,452.976258,0.0208571810479786,163.125662467649,196.760448186617
"3224",2034,21865,473.730492,0.0216661555911274,167.050543234062,201.626358085155
"3224",2035,22009,490.082076,0.0222673486301059,170.967055379613,205.63898372483
"3224",2036,22150,510.570133,0.0230505703386005,175.60180721237,210.530120447096
"3224",2037,22287,529.540344,0.0237600549199085,180.460853856904,215.143129476887
"3224",2038,22420,544.849403,0.0243019359054416,185.253219612297,219.00585384054
"3224",2039,22548,562.886027,0.0249639004346283,190.686554111086,223.4664750827
"3224",2040,22672,581.612868,0.025653355151729,196.567131989682,228.107411183492
"3224",2041,22791,600.453418,0.0263460759949103,202.832196354746,232.803315252446
"3224",2042,22905,616.669452,0.0269229186640472,209.055647606062,236.936639437231
"3224",2043,23014,631.512001,0.0274403407056574,215.369393685835,240.77205923503
"3224",2044,23118,647.632956,0.0280142294316117,222.207796029547,244.913285199415
"3224",2045,23217,668.058727,0.0287745499849248,230.193362636961,250.084138630106
"3224",2046,23311,690.363221,0.0296153412980996,238.991106365166,255.754242782548
"3224",2047,23400,709.876157,0.0303365879059829,247.669185062207,260.810349365867
"3224",2048,23483,727.354403,0.0309736576672487,256.300385169053,265.405821804381
"3224",2049,23561,744.393156,0.0315942937905861,265.202435642335,269.924608459569
"3224",2050,23633,767.867073,0.0324913076206999,276.11070829071,276.11070829071
"3226",2026,17944,429.438098,0.0239321276192599,121.430953334125,143.309533341251
"3226",2027,18080,443.273797,0.0245173560287611,122.747529274184,146.254758357699
"3226",2028,18215,461.128772,0.0253158809772166,124.414735386962,149.941345068355
"3226",2029,18348,481.054994,0.0262183885982123,126.447148450861,154.045404474639
"3226",2030,18479,498.578818,0.0269808332701986,128.688157446405,157.752629785621
"3226",2031,18608,516.837662,0.027775024828031,131.257770326179,161.635722873666
"3226",2032,18735,538.692154,0.0287532508139845,134.358278281077,166.256240864852
"3226",2033,18860,562.553907,0.0298278847826087,137.97454046116,171.343559892855
"3226",2034,18983,580.839884,0.0305978972765106,141.555367995044,175.388419987611
"3226",2035,19105,598.74616,0.0313397623658728,145.425619846364,179.40141679169
"3226",2036,19226,616.63491,0.0320729694164153,149.615879537115,183.454483236032
"3226",2037,19345,635.752524,0.0328639195657793,154.26471526233,187.809200511864
"3226",2038,19462,658.47048,0.0338336491624705,159.696147282978,192.992995059961
"3226",2039,19577,675.532002,0.0345064106860091,164.830524331388,197.009403117257
"3226",2040,19688,691.927623,0.0351446374949208,170.193677473077,200.909883956924
"3226",2041,19797,705.895133,0.0356566718694752,175.508638955376,204.296058800568
"3226",2042,19903,722.493221,0.0363007195397679,181.51135150697,208.301930724243
"3226",2043,20007,741.412956,0.0370576776128355,188.239357318605,212.883874330312
"3226",2044,20107,759.487333,0.0377722849256478,195.195039783237,217.316180365467
"3226",2045,20203,781.208522,0.0386679464435975,203.232598283884,222.67089019555
"3226",2046,20296,796.675848,0.0392528502167915,210.438183466164,226.574333489605
"3226",2047,20385,815.430043,0.04000147377974,218.68622547876,231.322507581701
"3226",2048,20469,837.300771,0.0409057975963652,228.069494615746,236.912967152157
"3226",2049,20550,861.873955,0.0419403384428224,238.629661624651,243.290557532105
"3226",2050,20625,884.622539,0.042890789769697,249.304614917397,249.304614917397
"3228",2026,24832,471.755488,0.0189978853092784,165.113604618913,175.136046189131
"3228",2027,25081,494.100775,0.0197002023444041,166.148962124941,179.628815454116
"3228",2028,25324,516.993868,0.0204151740641289,167.539549357239,184.225996327077
"3228",2029,25563,537.114154,0.0210113896647498,169.185884310434,188.404161460867
"3228",2030,25795,561.648393,0.0217735372358984,171.326964650627,193.307858602507
"3228",2031,26020,588.799548,0.022628729746349,173.968623160524,198.673471862691
"3228",2032,26237,619.683752,0.0236186969546823,177.231634834862,204.712722568808
"3228",2033,26447,647.85381,0.0244963061973003,180.801168870192,210.348052055702
"3228",2034,26650,672.899829,0.0252495245403377,184.592568467843,215.481421169607
"3228",2035,26847,701.434557,0.0261271112973517,189.059425960241,221.278687909122
"3228",2036,27038,729.581905,0.0269835751534877,193.955594930431,227.064410379855
"3228",2037,27224,762.239139,0.0279987929400529,199.750351637483,233.756783682894
"3228",2038,27403,793.866553,0.028970059956939,205.988486547515,240.342702813664
"3228",2039,27575,820.839581,0.029767527869447,212.236197312883,246.104165638949
"3228",2040,27740,846.458948,0.0305140211968277,218.781127404493,251.649803847189
"3228",2041,27899,871.234487,0.0312281618337575,225.661596691153,257.074108213061
"3228",2042,28052,901.333389,0.0321308066804506,233.744311395033,263.634730564333
"3228",2043,28198,931.274085,0.0330262460103553,242.355741673018,270.245073454939
"3228",2044,28337,957.167165,0.0337779992589194,250.859553010627,276.076842594357
"3228",2045,28470,984.091549,0.0345659132068844,260.030363103617,282.191216127529
"3228",2046,28596,1010.466812,0.0353359495034271,269.613737257721,288.251455597318
"3228",2047,28714,1038.731708,0.036175096050707,280.084228564521,294.799130776925
"3228",2048,28826,1068.477505,0.0370664506001526,291.439005304979,301.771897627004
"3228",2049,28931,1095.329595,0.037860066883274,302.764681791308,308.171097964996
"3228",2050,29030,1124.293579,0.038728679951774,315.153048997677,315.153048997677
"3230",2026,7466,136.783893,0.0183209071792124,39.3757278612282,51.7572786122818
"3230",2027,7540,145.804727,0.0193374969496021,40.123662427672,53.4448176557961
"3230",2028,7612,151.022708,0.0198400825013137,40.8964584073592,54.5511908991956
"3230",2029,7685,157.814539,0.0205353986987638,41.8075354297289,55.9178137869595
"3230",2030,7757,164.827938,0.021248928451721,42.8322334660052,57.3289338640206
"3230",2031,7828,172.199935,0.0219979477516607,43.9825007587541,58.8086982913186
"3230",2032,7898,181.615703,0.022995151050899,45.3587011569931,60.6421574061326
"3230",2033,7966,190.171871,0.0238729438865177,46.8265898879275,62.349213483938
"3230",2034,8034,197.696518,0.0246074829474732,48.3596972993327,63.8992432483317
"3230",2035,8101,207.250194,0.025583285273423,50.1717963602748,65.8212488234852
"3230",2036,8167,215.475288,0.0263836522590915,52.026116807045,67.5286669621999
"3230",2037,8232,226.197184,0.0274777920310982,54.2532599354005,69.7136779227328
"3230",2038,8295,233.014135,0.0280909144062688,56.2572584160258,71.1950153018651
"3230",2039,8357,242.757932,0.0290484542299868,58.7060255834022,73.2442988653655
"3230",2040,8417,251.618359,0.0298940666508257,61.2165254888098,75.1464407820957
"3230",2041,8476,260.404465,0.0307225654789995,63.8746911406948,77.05613757086
"3230",2042,8534,268.654057,0.0314804378954769,66.6155862772046,78.8794089674352
"3230",2043,8590,280.011042,0.0325973273573923,69.9774771949784,81.3592911118351
"3230",2044,8644,288.341222,0.0333573833873207,73.0628017740492,83.2423248697409
"3230",2045,8696,299.624559,0.0344554460671573,76.8191936599607,85.7774691199516
"3230",2046,8746,310.386466,0.0354889624971415,80.7055831869048,88.2418625728292
"3230",2047,8793,321.264421,0.0365363836005914,84.8340110436023,90.7707166688477
"3230",2048,8837,334.455726,0.0378472022179473,89.6858964612338,93.8766448229554
"3230",2049,8878,346.957328,0.03908057310205,94.681123968856,96.889479448162
"3230",2050,8916,359.722598,0.0403457377747869,100.032736066665,100.032736066665
"3232",2026,25303,457.655712,0.0180870138718729,199.881263067559,207.812630675591
"3232",2027,25499,477.636052,0.0187315601396133,200.84165548727,212.393858089235
"3232",2028,25689,498.455788,0.0194034718361945,202.174923410594,217.142419489106
"3232",2029,25874,520.624165,0.0201215183195486,203.922785092218,222.166047492792
"3232",2030,26052,545.564007,0.020941348341778,206.184839031568,227.739356126273
"3232",2031,26226,567.359021,0.0216334561503851,208.704632397068,232.755243120237
"3232",2032,26395,589.976027,0.0223518100776662,211.662833694375,237.962565213463
"3232",2033,26561,608.756556,0.0229191881329769,214.749715799805,242.44749186153
"3232",2034,26727,635.160148,0.0237647378306581,218.805530619863,248.513826549657
"3232",2035,26891,659.837189,0.0245374730950876,223.192918505047,254.298099440106
"3232",2036,27055,680.858854,0.0251657310663463,227.683752403414,259.386847165082
"3232",2037,27220,699.926276,0.0257136765613519,232.370591241712,264.113348764317
"3232",2038,27382,719.516625,0.0262769930976554,237.487347468771,268.976995397765
"3232",2039,27542,741.767607,0.0269322346597923,243.327849518807,274.451658755416
"3232",2040,27699,761.741089,0.0275006711072602,249.29199132768,279.467186124289
"3232",2041,27853,785.793202,0.0282121567515169,256.257023242542,285.42569546044
"3232",2042,28003,804.026496,0.0287121556976038,262.781487754452,290.116411077789
"3232",2043,28148,828.476499,0.0294328726374876,270.721327514881,296.249257647297
"3232",2044,28288,851.561972,0.0301032936934389,278.916389897492,302.117922448377
"3232",2045,28423,877.35686,0.0308678485733385,288.111436609953,308.675614289173
"3232",2046,28551,904.600372,0.0316836668417919,298.148024570273,315.644734788557
"3232",2047,28671,933.607731,0.0325627892644135,309.157828138517,323.121496494103
"3232",2048,28784,963.809053,0.0334841944483046,321.095313301737,330.994933299175
"3232",2049,28889,993.496859,0.0343901436186784,333.602380095711,338.846628670868
"3232",2050,28986,1024.917157,0.0353590408128062,347.261785278167,347.261785278167
"3234",2026,9130,209.845333,0.0229841547645126,78.3978497433818,90.9784974338181
"3234",2027,9167,218.427723,0.023827612414094,79.2064638864677,93.0470100834017
"3234",2028,9207,227.767158,0.024738477028348,80.2081673759947,95.3323850056841
"3234",2029,9247,239.999657,0.0259543264842652,81.5316423021059,98.3253755393217
"3234",2030,9288,252.803757,0.0272183200904393,83.1320362615219,101.528145046088
"3234",2031,9329,264.728279,0.0283769191767606,84.932687232383,104.591955590897
"3234",2032,9369,276.337946,0.0294949243249013,86.9577031147788,107.639086507012
"3234",2033,9410,287.464089,0.0305487873538789,89.1907021844042,110.629523267322
"3234",2034,9449,300.315849,0.0317828181818182,91.8501596130397,114.125399032599
"3234",2035,9487,310.867166,0.0327676995889111,94.5341078370768,117.077960770461
"3234",2036,9526,322.836114,0.0338899972706278,97.6524981916243,120.478943561314
"3234",2037,9563,332.070818,0.0347245443898358,100.663928237219,123.173518511647
"3234",2038,9599,343.576612,0.0357929588498802,104.257280594865,126.558691990664
"3234",2039,9634,354.812864,0.0368292364542246,108.096532935921,129.9302688271
"3234",2040,9668,365.174248,0.0377714364915184,112.063818313591,133.102109301746
"3234",2041,9700,374.481253,0.038606314742268,116.088928131568,136.002155670291
"3234",2042,9731,380.574394,0.0391094845339636,119.66201491702,137.945735595743
"3234",2043,9760,389.539567,0.0399118408811475,124.056084351468,140.804860137583
"3234",2044,9788,400.057609,0.0408722526563139,129.083607515577,144.204654858809
"3234",2045,9813,407.05999,0.0414817069193926,133.478407258923,146.511885857137
"3234",2046,9836,414.536619,0.0421448372305815,138.1995963384,148.999525104001
"3234",2047,9858,421.190165,0.0427257217488334,142.88893604272,151.241054696023
"3234",2048,9878,428.316305,0.0433606301882972,147.91588772257,153.66582456494
"3234",2049,9896,436.323477,0.0440908929870655,153.444623266798,156.422985212258
"3234",2050,9912,442.682032,0.0446612219531881,158.641383517037,158.641383517037
"3236",2026,7165,170.549352,0.0238031196092114,39.3736939591113,51.7369395911129
"3236",2027,7218,179.395514,0.0248539088390136,40.107964606669,53.3306516848655
"3236",2028,7270,184.663247,0.0254007217331499,40.8631323573841,54.3607563279092
"3236",2029,7322,192.581796,0.0263018022398252,41.7907168078238,55.8386673309356
"3236",2030,7374,198.787911,0.0269579483319772,42.7619025025884,57.0476100103537
"3236",2031,7425,205.830966,0.0277213422222222,43.8675158324723,58.4087507216428
"3236",2032,7477,217.24797,0.0290554995318978,45.3314810220583,60.5584031447947
"3236",2033,7527,225.177342,0.0299159481865285,46.7438117646437,62.1208600403965
"3236",2034,7577,233.217608,0.0307796763890722,48.2901543719913,63.7253859299783
"3236",2035,7627,241.488783,0.0316623551855251,49.9855718357554,65.3955927674409
"3236",2036,7676,248.233999,0.0323389785044294,51.6782930321586,66.7964063834918
"3236",2037,7724,258.416481,0.0334563025634386,53.8239165506572,68.8759347329897
"3236",2038,7770,267.337777,0.0344064063063063,56.007075031681,70.7401364212382
"3236",2039,7814,274.650771,0.0351485501663681,58.1537332246294,72.3042267653266
"3236",2040,7857,282.539832,0.0359602688048874,60.5022591003567,74.0036145605708
"3236",2041,7898,289.949625,0.0367117782983034,62.924513342116,75.6219069314959
"3236",2042,7938,299.090619,0.0376783344671202,65.7394766486351,77.6278237837644
"3236",2043,7975,303.668619,0.0380775697805643,67.9965196750221,78.6732470169791
"3236",2044,8012,312.629156,0.0390201143285072,71.0797795978151,80.683586577826
"3236",2045,8046,318.756214,0.0396167305493413,73.822801361411,82.0896016755828
"3236",2046,8079,327.001112,0.0404754439905929,77.0898863504302,83.9881015887414
"3236",2047,8110,336.988337,0.0415521993834772,80.8825106257201,86.3183218317973
"3236",2048,8139,341.788696,0.0419939422533481,83.7574510780264,87.4675146789475
"3236",2049,8167,352.320533,0.0431395289580017,88.0442554878982,89.9940316757384
"3236",2050,8193,360.166659,0.0439602903698279,91.9148861775794,91.9148861775794
"3238",2026,15973,243.140938,0.015221995742816,119.465862561435,96.6586256143541
"3238",2027,16145,256.722759,0.0159010689996903,118.859572556822,99.1605276859775
"3238",2028,16315,269.845959,0.0165397461844928,118.43234656,101.613408914283
"3238",2029,16483,283.2632,0.0171851726020749,118.20015755508,104.118388494495
"3238",2030,16648,299.562188,0.0179938844305622,118.25904503697,107.036180147882
"3238",2031,16810,313.452018,0.0186467589530042,118.443971690941,109.631205881535
"3238",2032,16968,329.405181,0.0194133180693069,118.922755350803,112.531554925547
"3238",2033,17123,343.30087,0.0200491076330082,119.516426044609,115.14876150237
"3238",2034,17273,361.063049,0.0209033201528397,120.538717391468,118.346793478669
"3238",2035,17421,376.811602,0.0216297343436083,121.681175228152,121.271257664348
"3238",2036,17564,392.514786,0.0223476876565703,123.0453246398,124.20068345221
"3238",2037,17702,408.213454,0.0230603013218845,124.635113021067,127.141683943545
"3238",2038,17834,424.261539,0.0237894773466413,126.48126545068,130.147755364873
"3238",2039,17961,440.544946,0.0245278629252269,128.584312837352,133.207340999748
"3238",2040,18084,457.016252,0.0252718564476886,130.949123418852,136.318597470163
"3238",2041,18202,470.423869,0.0258446252609603,133.220609496458,138.936769051258
"3238",2042,18316,488.814343,0.0266878326599694,136.28540851328,142.407726447543
"3238",2043,18426,504.969769,0.0274052843264952,139.351509106679,145.527469975158
"3238",2044,18532,522.985924,0.0282206952298726,142.92257707592,148.996873646349
"3238",2045,18632,544.932145,0.0292471095427222,147.349899188656,153.199875924499
"3238",2046,18729,562.691804,0.0300438786908004,151.497610351352,156.70307100159
"3238",2047,18821,582.657117,0.0309578192975931,156.302271683527,160.650446967355
"3238",2048,18909,605.03532,0.0319972140250674,161.877357969986,165.11065726485
"3238",2049,18991,623.789798,0.0328466009162235,167.174278097182,168.934314906163
"3238",2050,19069,647.888777,0.0339760227070114,173.868103092481,173.868103092481
"3240",2026,27430,503.925447,0.018371325082027,230.096075396779,275.960753967785
"3240",2027,27722,526.948138,0.0190083016376885,232.948725585677,282.808913350375
"3240",2028,28003,553.562664,0.0197679771453059,236.455336104659,290.459063455195
"3240",2029,28275,579.19141,0.0204842231653404,240.493003734579,297.908252868606
"3240",2030,28539,606.461002,0.021250254108413,245.191790957533,305.76716383013
"3240",2031,28795,635.868586,0.0220826041326619,250.637669617908,314.174503018811
"3240",2032,29043,660.827015,0.022753400647316,256.382334707065,321.561029867893
"3240",2033,29285,694.150124,0.0237032652893973,263.440620392137,331.04309073693
"3240",2034,29521,721.330658,0.0244344926662376,270.635111005158,339.087777512895
"3240",2035,29753,750.113337,0.0252113513595268,278.639961444322,347.60562615845
"3240",2036,29980,777.930072,0.0259483012675117,287.19921126385,355.945707923894
"3240",2037,30201,803.014947,0.0265890184762094,296.046278380676,363.626884645221
"3240",2038,30416,835.14181,0.0274573188453446,306.528043219573,373.232805853768
"3240",2039,30624,858.192141,0.0280235155760188,316.335686887737,380.46499895785
"3240",2040,30824,884.938485,0.0287093980339995,327.334063481767,388.734501570827
"3240",2041,31018,910.039253,0.0293390693468309,338.686718805535,396.60259442345
"3240",2042,31206,934.822519,0.0299564993590976,350.599668351716,404.428097645308
"3240",2043,31386,961.957539,0.0306492556872491,363.625937156241,412.967372415242
"3240",2044,31560,986.371541,0.0312538511089987,376.730468384197,420.781249527997
"3240",2045,31725,1013.633927,0.0319506359968479,391.134270103105,429.472947819206
"3240",2046,31883,1039.718763,0.0326104432769815,405.949722651218,437.882026648492
"3240",2047,32034,1066.669052,0.0332980287194855,421.686297971153,446.618363911158
"3240",2048,32176,1095.364556,0.0340429063898558,438.640011425955,455.962174514546
"3240",2049,32311,1127.104961,0.0348830107703259,457.310285298131,466.361335374682
"3240",2050,32438,1158.164094,0.035703930390283,476.671795197705,476.671795197705
"3242",2026,3056,84.54737,0.0276660242146597,37.8357386036158,45.3573860361581
"3242",2027,3092,87.030106,0.0281468648124191,38.2892827675937,46.3766019461362
"3242",2028,3126,89.834686,0.0287379033909149,38.836843863371,47.4962506478341
"3242",2029,3160,91.071782,0.0288201841772152,39.3585964973293,48.0992776344906
"3242",2030,3193,95.711045,0.0299752724710304,40.2110894905356,49.8443579621423
"3242",2031,3226,100.153955,0.0310458632982021,41.1836790911013,51.551927273396
"3242",2032,3257,104.308211,0.0320258553883942,42.256643245957,53.1742869106368
"3242",2033,3288,106.788636,0.032478295620438,43.2400492406575,54.2139289397447
"3242",2034,3318,109.850249,0.0331073685955395,44.3864304062534,55.4660760156336
"3242",2035,3348,112.918091,0.0337270283751493,45.6322379918577,56.7308296956747
"3242",2036,3377,120.100303,0.0355641998815517,47.7193162100211,59.5669814947813
"3242",2037,3405,125.076518,0.0367331917767988,49.6153913431277,61.6153977426882
"3242",2038,3432,128.455923,0.037428881993007,51.3305929850371,63.0556236091583
"3242",2039,3459,131.836645,0.0381140922231859,53.1625597844622,64.510740058659
"3242",2040,3484,135.940293,0.0390184537887486,55.2964229740685,66.2742767585096
"3242",2041,3509,141.951216,0.0404534670846395,58.1184104212415,68.8768459188551
"3242",2042,3532,144.925253,0.0410320648357871,60.2474996513827,70.2107137876896
"3242",2043,3555,149.37692,0.0420188241912799,62.9664639327304,72.2087646545496
"3242",2044,3576,153.113972,0.0428171062639821,65.6082784137686,73.9139076306691
"3242",2045,3596,155.247658,0.0431723186874305,67.7991677223525,74.9066679659723
"3242",2046,3616,159.527677,0.0441171673119469,70.9108796520712,76.8951525318484
"3242",2047,3634,163.450426,0.044978102916896,74.0495900869485,78.7460169993786
"3242",2048,3651,166.250617,0.0455356387291153,76.8531455300003,80.0844816540543
"3242",2049,3667,169.951757,0.0463462658849196,80.1906762482877,81.8734298683508
"3242",2050,3683,175.174327,0.0475629451534076,84.4469778840784,84.4469778840784
"3301",2026,104442,2272.43976,0.0217579111851554,797.296650414646,871.966504146463
"3301",2027,104974,2355.101323,0.02243509176558,802.815681603554,889.477684389486
"3301",2028,105499,2438.630086,0.0231151962198694,809.705128015588,907.31501723193
"3301",2029,106019,2519.947848,0.02376883245456,817.88049428989,924.908208423013
"3301",2030,106535,2620.115377,0.0245939398038203,828.331212117609,946.324848470436
"3301",2031,107050,2716.552665,0.0253764844932275,840.262761386333,967.30525699594
"3301",2032,107559,2816.907976,0.0261894213966288,854.107190164118,989.329815889594
"3301",2033,108063,2910.006302,0.0269287943329354,869.170748134889,1010.16068451004
"3301",2034,108564,2998.199195,0.0276168821616742,885.489456864505,1030.22364216126
"3301",2035,109062,3094.162174,0.0283706714896114,904.125404048487,1052.14378068226
"3301",2036,109557,3184.595291,0.0290679307666329,923.971998636994,1073.15157607788
"3301",2037,110044,3272.137011,0.029734806177529,945.184499381394,1093.7502426954
"3301",2038,110516,3353.550871,0.0303444828893554,967.298167729126,1113.17848678023
"3301",2039,110974,3435.587278,0.0309584882765332,991.038577921055,1132.89545178052
"3301",2040,111419,3516.972555,0.0315652855886339,1016.2661755411,1152.62588086577
"3301",2041,111850,3591.337096,0.0321085122574877,1042.01288426532,1170.90624040048
"3301",2042,112268,3664.889914,0.0326441186624862,1069.08613602445,1189.1230514635
"3301",2043,112673,3741.351038,0.0332053911584852,1098.11932543352,1208.14484804546
"3301",2044,113064,3820.98099,0.0337948506155806,1129.27113262318,1228.05952596539
"3301",2045,113441,3908.380701,0.0344529817349988,1163.56940139871,1250.00849402918
"3301",2046,113804,3996.970313,0.0351215274770658,1199.94852283467,1272.46885039373
"3301",2047,114153,4084.504323,0.0357809634700796,1237.98880237562,1294.90287591619
"3301",2048,114485,4174.037607,0.0364592532384155,1278.38749587255,1318.06756310546
"3301",2049,114801,4266.763143,0.037166602581859,1321.55200718604,1342.3007866868
"3301",2050,115099,4370.381564,0.0379706301879252,1369.64687468592,1369.64687468592
"3303",2026,28723,695.935287,0.0242291991435435,288.995524006249,297.955240062494
"3303",2027,28893,722.494266,0.0250058583740006,290.316946217012,304.850517941907
"3303",2028,29057,748.452008,0.0257580620160374,292.141116914831,311.663525227603
"3303",2029,29215,780.483937,0.0267151784015061,294.796449629513,319.983292374179
"3303",2030,29368,816.924825,0.0278168355012258,298.3747613329,329.499045331599
"3303",2031,29519,850.496437,0.0288118309224567,302.511705358379,338.47549689871
"3303",2032,29666,882.235183,0.0297389328861323,307.215615506405,347.124970788937
"3303",2033,29812,914.884653,0.0306884695089226,312.70416017394,356.149407376386
"3303",2034,29957,946.364381,0.0315907594552192,318.804131854933,365.010329637333
"3303",2035,30100,982.349975,0.0326362117940199,326.163346313549,375.230505859541
"3303",2036,30243,1016.387596,0.0336073668617531,334.123542218553,385.102194144321
"3303",2037,30382,1045.771302,0.034420752485024,342.228772146973,393.812238335556
"3303",2038,30517,1074.436129,0.0352077900514467,350.934427301978,402.426231458141
"3303",2039,30646,1099.893227,0.035890270410494,359.79337998025,410.201497838723
"3303",2040,30770,1125.830989,0.0365885924276893,369.372774889649,418.196439823438
"3303",2041,30888,1151.388765,0.0372762485431235,379.52974892474,426.158111584514
"3303",2042,31000,1173.695056,0.0378611308387097,389.644669882949,433.206671261356
"3303",2043,31108,1196.484855,0.0384622879966568,400.443761700307,440.466117559738
"3303",2044,31209,1215.760468,0.0389554445192092,410.981345579999,446.685607199998
"3303",2045,31306,1238.310229,0.0395550446879192,422.863131898791,453.985393106204
"3303",2046,31399,1261.97398,0.0401915341252906,435.656418001452,461.713432942884
"3303",2047,31487,1290.105583,0.0409726421380252,450.39553522037,470.980884755347
"3303",2048,31571,1312.353041,0.04156830765576,464.144459618625,478.426442830946
"3303",2049,31651,1335.194371,0.0421849031942119,478.716701010427,486.147221829015
"3303",2050,31727,1360.724611,0.0428885369243862,494.867801136106,494.867801136106
"3305",2026,31376,785.074576,0.025021499745028,282.971639488728,345.716394887278
"3305",2027,31505,812.506141,0.0257897521345818,286.589784376611,353.016613648076
"3305",2028,31633,844.859036,0.0267081540163753,290.986746324107,361.638550423467
"3305",2029,31759,877.127736,0.0276182416322932,296.054549957496,370.374352741155
"3305",2030,31883,908.882344,0.0285068012420412,301.778242190604,379.112968762415
"3305",2031,32005,940.961,0.0294004374316513,308.220328491617,388.070707796927
"3305",2032,32125,976.008419,0.0303815850272374,315.640302120483,397.970160370717
"3305",2033,32242,1007.114921,0.0312361181378326,323.46959443382,406.950605334675
"3305",2034,32359,1042.912865,0.0322294528570104,332.557082593911,417.392706484778
"3305",2035,32475,1076.464065,0.0331474692840647,342.228641273397,427.379751482051
"3305",2036,32590,1109.883654,0.0340559574716171,352.710418268871,437.49561740815
"3305",2037,32703,1144.029019,0.0349823875179647,364.146731978539,447.993623372759
"3305",2038,32811,1171.447746,0.0357028967724239,375.334521111837,456.60822020334
"3305",2039,32914,1199.463476,0.0364423490308076,387.334455958209,465.505456950143
"3305",2040,33013,1229.103739,0.0372309011298579,400.389674666542,475.023479466467
"3305",2041,33107,1258.447417,0.0380115207357961,414.180624277676,484.574527211587
"3305",2042,33197,1281.992052,0.0386177079856614,427.461168820232,492.373098314617
"3305",2043,33284,1303.534606,0.039164000901334,440.900496732578,499.593893874682
"3305",2044,33366,1323.591831,0.0396688794281604,454.546469893244,506.382541797735
"3305",2045,33446,1349.756555,0.0403562923817497,470.416258490956,515.281548911946
"3305",2046,33522,1376.663443,0.0410674614581469,487.262149313994,524.543705075287
"3305",2047,33594,1399.289504,0.0416529589807704,503.591710945707,532.441364445867
"3305",2048,33664,1418.398762,0.0421339936430608,519.45140711132,539.190710390616
"3305",2049,33730,1440.983138,0.0427211128965313,537.055035119562,547.226010513831
"3305",2050,33792,1465.203406,0.0433594757930871,555.935576167304,555.935576167304
"3310",2026,7251,158.156888,0.0218117346572886,53.4867129874394,48.8671298743938
"3310",2027,7345,164.240652,0.0223608784206944,53.4635310413685,50.0984075735889
"3310",2028,7436,171.158767,0.0230175856643357,53.5541740144501,51.4524229397149
"3310",2029,7523,177.742086,0.0236264902299615,53.7347768795549,52.7518911979055
"3310",2030,7606,186.264108,0.024489101761767,54.0872743433423,54.3490973733693
"3310",2031,7686,196.867856,0.0256138246161853,54.6577226672424,56.2877310164954
"3310",2032,7763,206.60914,0.0266146000257632,55.3354346661901,58.1090297421235
"3310",2033,7838,214.976438,0.0274274608318449,56.0743095924974,59.7222333586136
"3310",2034,7911,224.967544,0.0284373080520794,57.0495476554113,61.6238691385283
"3310",2035,7984,235.248878,0.0294650398296593,58.2024072922627,63.6055023823147
"3310",2036,8056,245.165367,0.0304326423783515,59.4867286034234,65.5510075861545
"3310",2037,8128,255.290544,0.0314087775590551,60.9511524567316,67.5632243058178
"3310",2038,8200,267.808047,0.0326595179268293,62.8280372878438,70.0509768869888
"3310",2039,8270,278.237474,0.0336441927448609,64.6843437103954,72.1861169538644
"3310",2040,8339,288.817272,0.0346345211656074,66.7382996145249,74.3812793832399
"3310",2041,8407,298.84683,0.0355473807541335,68.9057068391151,76.4991801345134
"3310",2042,8472,307.225314,0.0362636111898017,71.0149624674834,78.307089239262
"3310",2043,8535,317.713333,0.0372247607498535,73.5912418903588,80.5643957835374
"3310",2044,8595,327.022046,0.0380479401977894,76.1679722186794,82.6038351208767
"3310",2045,8652,337.40181,0.0389969729542302,79.1019007439541,84.8946470694819
"3310",2046,8705,346.957216,0.0398572333141873,82.0806630934997,87.0360742276467
"3310",2047,8756,355.708208,0.0406245098218365,85.0861949698768,89.0266985576076
"3310",2048,8803,364.911799,0.0414531181415427,88.3549721703953,91.1405104544814
"3310",2049,8847,374.109333,0.0422865754493049,91.8071068473959,93.2801110102814
"3310",2050,8887,384.792875,0.0432983993473613,95.7974104254012,95.7974104254012
"3312",2026,28655,560.462429,0.0195589750130867,266.015609111404,284.156091114043
"3312",2027,28883,587.611922,0.0203445598448915,267.764466063973,291.377935010713
"3312",2028,29106,612.081179,0.021029381536453,269.959829388877,298.05616793644
"3312",2029,29323,639.476296,0.0218080106401119,272.804482882508,305.432860623568
"3312",2030,29533,671.7564,0.0227459587579995,276.498104462097,313.992417848388
"3312",2031,29738,702.004454,0.023606310242787,280.725121120611,322.174334332561
"3312",2032,29935,733.853848,0.024514910572908,285.714597836153,330.814147188163
"3312",2033,30127,760.410736,0.0252401744614465,290.917898241448,338.256271010891
"3312",2034,30316,788.105682,0.0259963610634648,296.820551811155,346.051379527888
"3312",2035,30501,820.653708,0.0269057967935478,303.879736778181,355.153684064413
"3312",2036,30684,845.729833,0.027562567885543,310.764166312923,362.450876448258
"3312",2037,30863,877.194743,0.0284222124550433,319.083832410884,371.480648606603
"3312",2038,31038,902.692471,0.0290834612732779,327.264408369819,379.026197036035
"3312",2039,31208,928.644152,0.0297566057421174,336.116402549224,386.751323488041
"3312",2040,31374,955.014517,0.0304396798941799,345.660960582953,394.657536932725
"3312",2041,31535,978.6332,0.0310332392579673,355.334340383516,401.863155295873
"3312",2042,31693,1006.847272,0.0317687587795412,366.49579084056,410.422558343657
"3312",2043,31845,1035.013534,0.0325016025749725,378.349657725849,419.050383357084
"3312",2044,31993,1062.876201,0.033222148626262,390.853056141218,427.681362762862
"3312",2045,32135,1093.000981,0.0340127892018049,404.618119831981,437.068455177823
"3312",2046,32270,1120.318531,0.0347170291602107,418.456393910884,445.71340460104
"3312",2047,32398,1148.430781,0.0354475825976912,433.232637794221,454.684662303347
"3312",2048,32519,1179.735773,0.0362783533626495,449.690439005234,464.746420546199
"3312",2049,32631,1212.560431,0.037159769268487,467.491081281074,475.41930522709
"3312",2050,32736,1245.838845,0.0380571494684751,486.397298482727,486.397298482727
"3314",2026,20801,438.38674,0.0210752723426758,195.329610626006,216.296106260064
"3314",2027,20992,455.989019,0.0217220378715701,196.903642753488,221.390129116278
"3314",2028,21180,471.870176,0.0222790451369216,198.794110299038,226.109201708787
"3314",2029,21365,489.966944,0.0229331590919729,201.153380569299,231.36884973788
"3314",2030,21549,507.618452,0.0235564737110771,203.890697433065,236.562789732261
"3314",2031,21729,527.963794,0.0242976572322702,207.21256595149,242.435012005181
"3314",2032,21906,550.772922,0.0251425601205149,211.188869950025,248.965753692386
"3314",2033,22079,571.6023,0.0258889578332352,215.496613969312,255.059624742931
"3314",2034,22249,589.438687,0.0264928170704301,219.975460723121,260.438651807802
"3314",2035,22414,609.513623,0.0271934337021504,225.120890371375,266.419177991714
"3314",2036,22576,630.720762,0.0279376666371368,230.879338043202,272.745974827794
"3314",2037,22733,655.605272,0.0288393644481591,237.643740391954,280.109737350155
"3314",2038,22886,676.463641,0.0295579673599581,244.402740147383,286.459527540696
"3314",2039,23032,694.343112,0.0301468874609239,251.175528571757,292.022176292352
"3314",2040,23174,714.821062,0.030845821265211,258.841319882686,298.346111812297
"3314",2041,23311,735.27837,0.0315421204581528,267.009624593435,304.71264089575
"3314",2042,23443,757.579019,0.0323157880390735,276.065193650578,311.664562357968
"3314",2043,23569,775.776833,0.0329151356867071,284.797970824545,317.471824846841
"3314",2044,23692,793.099715,0.0334754227165288,293.797392470473,323.061151574804
"3314",2045,23809,814.712003,0.0342186569364526,304.291500045603,329.974153902281
"3314",2046,23922,836.803731,0.0349805087785302,315.49159876273,337.10776325027
"3314",2047,24029,860.685089,0.0358185979025344,327.790116401266,344.876187494384
"3314",2048,24131,878.656654,0.0364119453814595,339.021849766039,350.861459206528
"3314",2049,24227,897.392431,0.0370410051182565,350.979488446827,357.134533451249
"3314",2050,24319,922.254298,0.0379231998848637,365.470958632867,365.470958632867
"3316",2026,14506,368.297268,0.0253893056666207,193.335076717679,214.350767176788
"3316",2027,14594,380.421467,0.0260669773194463,194.832043447713,218.869406892455
"3316",2028,14681,397.267892,0.027060002179688,196.950991592163,225.005666240933
"3316",2029,14768,413.615435,0.0280075457069339,199.51614857097,231.075993275151
"3316",2030,14853,428.083629,0.0288213579074934,202.394329077542,236.577316310167
"3316",2031,14937,448.177673,0.0300045305616924,206.280269777761,244.148764444385
"3316",2032,15018,466.829545,0.0310846680649887,210.609695724614,251.337525306503
"3316",2033,15098,486.030704,0.0321917276460458,215.60127532074,258.865587091697
"3316",2034,15176,501.03593,0.0330150191091197,220.571229500676,264.928073751689
"3316",2035,15253,521.4142,0.0341843702878122,226.947710095034,273.166194502935
"3316",2036,15329,534.512363,0.0348693563180899,232.64266376527,278.668765821621
"3316",2037,15403,556.826768,0.0361505400246705,240.695500182119,287.966829623647
"3316",2038,15475,571.225819,0.0369128154442649,247.745715531291,294.17402823871
"3316",2039,15543,586.494857,0.0377336972913852,255.517092950381,300.816328426181
"3316",2040,15610,604.286828,0.0387115200512492,264.525013690655,308.640021905048
"3316",2041,15673,615.579798,0.0392764498181586,272.312682478829,313.736124496346
"3316",2042,15734,630.931274,0.0400998648786068,281.774244098383,320.677491569119
"3316",2043,15793,641.890107,0.0406439629582727,290.364205886948,325.73112662637
"3316",2044,15850,653.862701,0.0412531672555205,299.724119557916,331.289186526343
"3316",2045,15903,670.144925,0.0421395287052757,311.168744870546,338.899993686826
"3316",2046,15954,681.022867,0.0426866533157829,321.115768176144,344.077374324875
"3316",2047,16003,692.372125,0.0432651455977004,331.692007228193,349.526205327541
"3316",2048,16049,703.832731,0.0438552390180073,342.775546579799,355.081671978161
"3316",2049,16092,711.342472,0.044204727317922,352.47225194738,358.763378646628
"3316",2050,16133,726.782751,0.0450494483976942,366.380556500395,366.380556500395
"3318",2026,2238,60.225556,0.026910436103664,24.3493180199112,27.4931801991122
"3318",2027,2250,61.263175,0.0272280777777778,24.527062765783,27.8331837511488
"3318",2028,2262,65.648639,0.0290223868258179,24.8926632284095,29.1009327337687
"3318",2029,2274,69.404631,0.0305209459102902,25.3237701899135,30.2295067760635
"3318",2030,2285,71.740847,0.0313964319474836,25.7406615366487,30.9626461465947
"3318",2031,2296,74.429393,0.0324169830139373,26.2463961976252,31.81355199174
"3318",2032,2307,77.505632,0.0335958526224534,26.8601327374091,32.8004084227971
"3318",2033,2317,80.395522,0.0346981104876996,27.5329100424154,33.7459587376976
"3318",2034,2326,84.077359,0.0361467579535684,28.386785185101,34.9669629627525
"3318",2035,2336,90.115359,0.0385767803938356,29.7019790336282,37.0330949340073
"3318",2036,2345,89.822585,0.0383038742004264,30.1534643843765,36.9546618618454
"3318",2037,2355,93.261412,0.0396014488322718,31.2672345473744,38.1799698485355
"3318",2038,2364,97.052623,0.0410544090524535,32.5594663163394,39.5626660297079
"3318",2039,2372,100.141645,0.0422182314502529,33.8226433266692,40.7193928964583
"3318",2040,2381,104.037477,0.0436948664426711,35.3842153162532,42.214744506005
"3318",2041,2389,106.499922,0.0445792892423608,36.7090150222216,43.1834189014666
"3318",2042,2396,107.914257,0.0450393393155259,37.8233802558448,43.7476860797783
"3318",2043,2403,109.151274,0.0454229188514357,38.930633842236,44.2449272437098
"3318",2044,2410,112.355985,0.0466207406639004,40.7020364121237,45.5510147253209
"3318",2045,2416,113.920117,0.047152366307947,42.0360183230911,46.1981763976505
"3318",2046,2422,115.455982,0.0476696870355078,43.4136556263839,46.8395948545693
"3318",2047,2427,117.547207,0.0484331302018953,45.0569553503483,47.7261468736319
"3318",2048,2431,118.208474,0.0486254520773344,46.2057347776307,48.0061997596008
"3318",2049,2435,120.334253,0.0494185843942505,47.9913918983027,48.926121452782
"3318",2050,2439,121.166712,0.0496788487084871,49.2860932929895,49.2860932929895
"3320",2026,1069,34.750616,0.032507592142189,10.2790921744066,12.7909217440657
"3320",2027,1075,35.430753,0.03295884,10.4111549721081,12.9902179789681
"3320",2028,1082,36.903205,0.0341064741219963,10.5962167738881,13.4069529936465
"3320",2029,1090,38.81517,0.035610247706422,10.8409515583311,13.9574190980289
"3320",2030,1097,38.89594,0.035456645396536,10.9999920872654,13.9999683490615
"3320",2031,1104,38.345411,0.0347331621376812,11.1121180527096,13.8682367050769
"3320",2032,1111,39.105031,0.0351980477047705,11.3320824223605,14.0987151457246
"3320",2033,1119,41.429184,0.037023399463807,11.7321303349537,14.7782905791825
"3320",2034,1126,42.203172,0.0374806145648313,12.0080423271391,15.0201058178478
"3320",2035,1134,43.720145,0.0385539197530864,12.4000879490083,15.4859153120189
"3320",2036,1141,44.830937,0.0392909176161262,12.7714163837297,15.8345608078519
"3320",2037,1149,46.96328,0.0408731766753699,13.3347038281922,16.5067391769604
"3320",2038,1156,49.257262,0.0426100882352941,13.987479082082,17.2499619674218
"3320",2039,1163,50.203329,0.0431670928632846,14.4456182332168,17.5670097586669
"3320",2040,1170,51.615581,0.0441158811965812,15.0269369639368,18.0430991422988
"3320",2041,1176,54.249134,0.0461302159863946,15.9307075488061,18.9520113944243
"3320",2042,1183,54.272116,0.0458766830092984,16.2716189374617,18.9594556249453
"3320",2043,1188,57.507134,0.0484066784511785,17.4651272925123,20.1222064983218
"3320",2044,1194,58.020844,0.0485936716917923,17.987667874322,20.3066682249317
"3320",2045,1199,59.654417,0.0497534753961635,18.8686739105241,20.9152909667988
"3320",2046,1203,60.215217,0.0500542119700748,19.4549527884818,21.1234738688022
"3320",2047,1207,61.385299,0.0508577456503728,20.2677154653659,21.5692568623841
"3320",2048,1211,62.86695,0.0519132535094963,21.2349098032534,22.1458484359497
"3320",2049,1214,64.710417,0.0533034736408567,22.4025097333176,22.885724398252
"3320",2050,1218,66.511693,0.0546073013136289,23.6249507130837,23.6249507130837
"3324",2026,4695,140.441076,0.0299129022364217,78.3169698936284,72.1696989362834
"3324",2027,4708,145.402988,0.0308842370433305,78.3018505810076,73.9225496800555
"3324",2028,4722,148.941435,0.0315420235069886,78.3378244354391,75.2161396310808
"3324",2029,4738,155.442763,0.0328076747572816,78.6999796786459,77.5881396642161
"3324",2030,4754,159.013064,0.0334482675641565,78.9869852905388,78.947941162155
"3324",2031,4770,164.721222,0.0345327509433962,79.6077499568756,81.1139128934804
"3324",2032,4787,171.763996,0.0358813444746188,80.5724825919291,83.8384079751664
"3324",2033,4803,175.965921,0.0366366689569019,81.3631446967805,85.5190198531877
"3324",2034,4819,183.107784,0.0379970500103756,82.7575016795949,88.3937541989874
"3324",2035,4835,188.293833,0.0389439158221303,84.0496197810924,90.5419880710684
"3324",2036,4850,194.288241,0.0400594311340206,85.6807571584027,93.0647519124267
"3324",2037,4865,198.620848,0.0408264846865365,87.1646548324667,94.9310338194473
"3324",2038,4879,204.145693,0.0418417079319533,89.0873298146308,97.340599662965
"3324",2039,4892,208.626307,0.042646424161897,90.9450354732388,99.331975273598
"3324",2040,4904,212.849978,0.0434033397226754,92.8980456291397,101.236873006624
"3324",2041,4915,216.789191,0.0441076685656155,94.9252972420726,103.038184516336
"3324",2042,4926,222.201336,0.0451078635809988,97.5860227060601,105.551461008657
"3324",2043,4935,226.731791,0.0459436253292807,100.161759089731,107.693910630144
"3324",2044,4944,232.27188,0.0469805582524272,103.30689326437,110.363733244348
"3324",2045,4952,234.958431,0.0474471791195477,105.548933531911,111.675610500814
"3324",2046,4960,241.098376,0.0486085435483871,109.372202055866,114.732002418665
"3324",2047,4967,245.782843,0.049483157439098,112.824075411141,117.111634266074
"3324",2048,4973,249.381728,0.050147140156847,115.96978598483,118.967336199816
"3324",2049,4978,256.868544,0.0516007521092808,121.284228066166,122.93166552329
"3324",2050,4983,257.672143,0.051710243427654,123.350011991129,123.350011991129
"3326",2026,2672,53.490496,0.0200188982035928,28.2306087379636,30.3060873796357
"3326",2027,2704,55.566358,0.0205496886094675,28.4162054176325,31.0269484918725
"3326",2028,2734,58.026874,0.021224167520117,28.6714979708309,31.8371312618909
"3326",2029,2764,59.89387,0.0216692727930535,28.9564983934779,32.5011689104843
"3326",2030,2792,63.664238,0.0228023775071633,29.413433838979,33.6537353559162
"3326",2031,2819,65.604556,0.0232722795317488,29.8198763944003,34.3300048500881
"3326",2032,2845,68.726078,0.0241567936731107,30.3799868716651,35.3230365282003
"3326",2033,2871,72.191945,0.0251452264019505,31.0538464656355,36.4244040431325
"3326",2034,2896,73.99102,0.025549385359116,31.627045462397,37.0676136559924
"3326",2035,2920,78.015483,0.0267176311643836,32.5244196550485,38.3415306401109
"3326",2036,2943,80.153962,0.0272354610941216,33.2646338911291,39.0834397707981
"3326",2037,2966,83.32499,0.0280933884018881,34.2189492832271,40.1345351867847
"3326",2038,2988,87.735694,0.0293626820615796,35.4633664538313,41.5697571887842
"3326",2039,3010,90.542907,0.0300807,36.5412299843409,42.5382638031335
"3326",2040,3031,93.401425,0.0308153827119762,37.7053170966687,43.52850735467
"3326",2041,3051,94.799305,0.0310715519501803,38.6409227696081,44.0617702182763
"3326",2042,3070,97.246941,0.0316765280130293,39.8484595484057,44.9263707834367
"3326",2043,3089,100.815523,0.0326369449660084,41.3955562769511,46.1634661382388
"3326",2044,3107,104.481852,0.0336278892822659,43.0731474623785,47.4492225321013
"3326",2045,3124,107.804382,0.0345084449423816,44.7667877280806,48.6360464345608
"3326",2046,3140,110.467423,0.0351807079617834,46.3674964632086,49.6088193684807
"3326",2047,3156,113.817836,0.0360639531051965,48.2648505923908,50.8336344702995
"3326",2048,3171,117.193149,0.036957789025544,50.2767619958656,52.0829859414763
"3326",2049,3185,121.466437,0.0381370288854003,52.7159836383695,53.6789440398644
"3326",2050,3199,127.263361,0.0397822322600813,55.8891108133644,55.8891108133644
"3328",2026,4609,147.153387,0.0319274000867867,68.4525380204413,72.5253802044134
"3328",2027,4599,150.00477,0.0326168232224397,68.751696689378,73.466885013658
"3328",2028,4591,157.648479,0.034338592681333,69.4265844820863,76.1519113262072
"3328",2029,4585,161.501954,0.0352239812431843,70.0269590239231,77.5386307008148
"3328",2030,4581,166.802349,0.036411776686313,70.8771998046537,79.5087992186149
"3328",2031,4577,172.703686,0.0377329442866506,71.9580130747553,81.7670019991488
"3328",2032,4575,178.360515,0.0389859049180328,73.2002340696832,84.0007202144098
"3328",2033,4574,185.568922,0.0405703808482728,74.8665020842304,86.9420747151183
"3328",2034,4573,192.948414,0.0421929617319047,76.824561439791,90.0614035994774
"3328",2035,4573,197.966117,0.0432902070850645,78.6083371003689,92.2476276579862
"3328",2036,4572,205.949523,0.0450458274278215,81.221911689311,95.8356035564442
"3328",2037,4572,209.83649,0.0458959951881015,83.1870459052627,97.6332603029517
"3328",2038,4572,217.2634,0.0475204286964129,86.2393105121174,101.162382749304
"3328",2039,4570,223.30859,0.0488640240700219,89.2275488621213,104.131998063185
"3328",2040,4568,226.097027,0.0494958465411559,91.4587176252818,105.533948200451
"3328",2041,4565,234.519758,0.0513734409638554,95.7476482350789,109.883242618987
"3328",2042,4561,238.302578,0.0522478794124096,98.7339662026705,111.905666003815
"3328",2043,4557,243.662633,0.0534699655475093,102.540501602431,114.834578443974
"3328",2044,4551,247.726543,0.054433430674577,106.071323381203,117.124288233811
"3328",2045,4545,250.187224,0.0550466939493949,109.070623999433,118.548460306994
"3328",2046,4538,255.492643,0.0563007146319965,113.607076499755,121.655384117359
"3328",2047,4530,256.174589,0.0565506818984548,116.019338988322,122.10629745163
"3328",2048,4522,259.508068,0.0573878965059708,119.931250110894,124.141892011778
"3328",2049,4512,262.751547,0.0582339421542553,123.997731888469,126.179461702305
"3328",2050,4503,261.746163,0.0581270626249167,125.633912651569,125.633912651569
"3330",2026,4496,130.233362,0.0289664951067616,60.1611534369323,70.6115343693234
"3330",2027,4519,134.679077,0.029802849524231,60.8263047992132,72.2822167215504
"3330",2028,4541,138.940459,0.0305968859282096,61.6085191156662,73.9058235180925
"3330",2029,4563,145.842855,0.0319620545693623,62.7216013017022,76.5134178903634
"3330",2030,4585,153.898321,0.0335656098146129,64.1562537788751,79.6250151155006
"3330",2031,4606,158.424999,0.0343953536691272,65.4554562159288,81.4537607510567
"3330",2032,4626,166.070308,0.0358993316039775,67.3010268270967,84.5416210064513
"3330",2033,4646,171.028243,0.0368119334911752,69.0114969974964,86.6179227517141
"3330",2034,4666,178.838279,0.0383279637805401,71.3687575774841,89.9218939437104
"3330",2035,4684,185.887106,0.039685547822374,73.8696247144262,92.9877136329742
"3330",2036,4702,190.968968,0.0406144125903871,76.2233682978113,95.2597227322342
"3330",2037,4719,196.599724,0.0416613104471286,78.8938114257356,97.8171930258256
"3330",2038,4734,203.138124,0.0429104613434728,82.01445423993,100.844462254418
"3330",2039,4748,207.569874,0.0437173281381634,84.8161686485234,102.942414720891
"3330",2040,4760,212.794783,0.0447047863445378,88.0340212218694,105.454433954991
"3330",2041,4772,216.485492,0.0453657778709137,90.9715194143116,107.25889722915
"3330",2042,4782,221.574162,0.0463350401505646,94.5496715683753,109.785245097679
"3330",2043,4792,225.604259,0.0470793528797997,97.9543170903302,111.819413003838
"3330",2044,4800,230.622454,0.0480463445833333,101.934095193651,114.398832507937
"3330",2045,4808,234.446714,0.0487617957570715,105.633980189996,116.395667926149
"3330",2046,4815,238.798858,0.0495947784008307,109.750969950156,118.707023470772
"3330",2047,4821,242.631098,0.0503279605890894,113.825445337704,120.775149676286
"3330",2048,4827,246.296621,0.051024781644914,117.997876586016,122.781488201099
"3330",2049,4832,250.422202,0.0518257868377483,122.601678815912,125.079666302246
"3330",2050,4836,252.957262,0.0523071261373036,126.507299690854,126.507299690854
"3332",2026,3344,103.369812,0.0309120251196172,30.5031228746026,35.0312287460255
"3332",2027,3339,108.299269,0.0324346418089248,30.8473638237344,36.1626459907954
"3332",2028,3335,108.935233,0.0326642377811094,31.1026846097579,36.3010549129021
"3332",2029,3332,114.642612,0.0344065462184874,31.6312217821307,37.6763377982619
"3332",2030,3329,118.766774,0.0356764115349955,32.1754845495471,38.7019381981883
"3332",2031,3328,122.019401,0.0366644834735577,32.7413274684653,39.5350520642272
"3332",2032,3327,127.943814,0.0384562110009017,33.6080969741263,41.1018368434657
"3332",2033,3327,130.643941,0.0392677911030959,34.2910969144991,41.8375087296528
"3332",2034,3328,134.738494,0.0404863263221154,35.1919152645752,42.979788161438
"3332",2035,3329,140.227553,0.0421230258335837,36.369428525155,44.5586937717828
"3332",2036,3331,144.242612,0.0433030957670369,37.4814984438004,45.7505230395798
"3332",2037,3333,147.843265,0.0443574152415242,38.6332000025834,46.8452682977237
"3332",2038,3334,151.164184,0.0453401871625675,39.8322800179435,47.8768727598973
"3332",2039,3336,155.71102,0.0466759652278177,41.3534434297406,49.3250100931755
"3332",2040,3337,160.286978,0.0480332568175008,43.0160021200758,50.8256033921212
"3332",2041,3338,161.304404,0.0483236680647094,44.0215514765765,51.1646060023796
"3332",2042,3338,167.092085,0.0500575449370881,46.1987128221179,53.1410183173113
"3332",2043,3339,167.191959,0.0500724645103324,47.0910294367577,53.1742772023833
"3332",2044,3338,171.423709,0.0513552153984422,49.1192492254913,54.6699990006339
"3332",2045,3338,175.239893,0.0524984700419413,51.1684274727689,56.0534491972541
"3332",2046,3337,176.251691,0.0528174081510339,52.4643895396595,56.42869357607
"3332",2047,3336,177.026045,0.0530653612110312,53.7125517483672,56.7183681671743
"3332",2048,3334,179.25537,0.0537658578284343,55.4920842369375,57.5590099858784
"3332",2049,3333,182.401606,0.0547259543954395,57.6835504525888,58.762130340352
"3332",2050,3331,185.140683,0.0555811116781747,59.8349769531008,59.8349769531008
"3334",2026,2805,76.381226,0.027230383600713,21.8456011269211,29.4560112692115
"3334",2027,2828,78.025624,0.0275903903818953,22.2281727234608,29.9321652615331
"3334",2028,2852,81.424489,0.0285499610799439,22.7195572372455,30.8260413556886
"3334",2029,2874,84.391517,0.0293637846207376,23.257044221967,31.6213845739624
"3334",2030,2897,89.356429,0.030844469796341,23.9807466125314,32.9229864501256
"3334",2031,2918,95.279311,0.0326522655928718,24.8807679838684,34.4983234221509
"3334",2032,2940,98.350745,0.0334526343537415,25.6708620982954,35.3718833793705
"3334",2033,2961,101.406476,0.0342473745356299,26.5277004628822,36.2488288631232
"3334",2034,2981,105.795058,0.0354897879906072,27.5993404007277,37.4983510018192
"3334",2035,3000,109.579891,0.0365266303333333,28.7010582569766,38.6024188730893
"3334",2036,3020,116.10215,0.0384444205298013,30.273637865576,40.5234481380547
"3334",2037,3038,118.555973,0.039024349242923,31.3960807973456,41.2850357021377
"3334",2038,3055,119.481377,0.0391101070376432,32.3266761785874,41.5939566883407
"3334",2039,3072,123.653426,0.0402517662760417,33.855868147614,42.8823287618962
"3334",2040,3089,127.518461,0.041281470055034,35.4382470690678,44.1011953105084
"3334",2041,3104,129.770596,0.041807537371134,36.7859764254287,44.8278889440433
"3334",2042,3119,131.675202,0.0422171215133056,38.1147342970413,45.4496204243447
"3334",2043,3134,134.151051,0.0428050577536694,39.6284418981545,46.258904268684
"3334",2044,3147,136.734575,0.0434491817604067,41.2348178656819,47.1094424073315
"3334",2045,3161,140.653698,0.0444965827269851,43.2746048276763,48.4148982494477
"3334",2046,3173,144.1221,0.0454213993066499,45.3024769850142,49.5911493941343
"3334",2047,3185,144.93333,0.0455049701726845,46.6218737969788,49.8697169543423
"3334",2048,3196,147.844034,0.0462590844806007,48.6331678200101,50.8736949405514
"3334",2049,3206,150.779578,0.0470304360573924,50.7418658320115,51.9006398254665
"3334",2050,3215,152.998671,0.0475890111975117,52.6857176926472,52.6857176926472
"3336",2026,1394,49.198086,0.0352927446197991,21.3458422523689,15.4584225236888
"3336",2027,1396,51.284257,0.036736573782235,21.1718339949952,15.9769745090557
"3336",2028,1399,52.405385,0.0374591744102931,20.9965889691759,16.2662226810051
"3336",2029,1403,53.242001,0.0379486821097648,20.8287463213163,16.488217982665
"3336",2030,1407,55.303689,0.0393061044776119,20.7583033162341,17.0332132649364
"3336",2031,1411,57.98466,0.0410947271438696,20.7817818550485,17.7627194958208
"3336",2032,1415,60.791058,0.0429618784452297,20.8804219226272,18.5551443773144
"3336",2033,1419,63.20464,0.0445416772374912,21.0072570141585,19.2613986597475
"3336",2034,1422,63.831668,0.0448886554149086,20.9796307677539,19.4490769193847
"3336",2035,1425,66.239148,0.0464836126315789,21.2044519905888,20.1816045499172
"3336",2036,1427,69.265123,0.0485389789768746,21.5908539327492,21.1386398584193
"3336",2037,1429,70.560208,0.0493773324002799,21.7743802033626,21.5597662504637
"3336",2038,1430,72.286625,0.0505500874125874,22.074296597896,22.1350847234472
"3336",2039,1431,73.409002,0.0512990929419986,22.3032745731943,22.5162120394796
"3336",2040,1432,75.842061,0.0529623331005587,22.8538846190402,23.3662153904643
"3336",2041,1433,76.781594,0.0535810146545708,23.1268480115333,23.7009026589182
"3336",2042,1434,78.489668,0.0547347754532775,23.6262459057906,24.3232084368437
"3336",2043,1435,79.315803,0.0552723365853659,23.9380539397017,24.6278697487481
"3336",2044,1435,80.877643,0.0563607268292683,24.4961389274079,25.2208244224618
"3336",2045,1436,81.13694,0.0565020473537604,24.6946445687493,25.3164856230761
"3336",2046,1436,82.219109,0.0572556469359332,25.1764325176622,25.7369794325437
"3336",2047,1436,84.570132,0.0588928495821727,26.1488241091172,26.6747313905546
"3336",2048,1436,82.415441,0.0573923683844011,25.5279615159606,25.8140124496871
"3336",2049,1436,83.33364,0.058031782729805,26.0206991923453,26.1773498102289
"3336",2050,1436,84.729193,0.0590036162952646,26.7393963115871,26.7393963115871
"3338",2026,2346,81.917789,0.034918068627451,25.850367653466,42.5036765346599
"3338",2027,2339,83.923146,0.0358799256092347,26.6506255232425,43.2772765326723
"3338",2028,2332,84.877477,0.0363968597770154,27.4366645489979,43.6380831371309
"3338",2029,2325,86.377616,0.0371516627956989,28.2990637056761,44.2308880267111
"3338",2030,2319,90.826604,0.0391662802932298,29.52574099908,46.10296399632
"3338",2031,2313,93.170447,0.0402812135754431,30.6464654198757,47.1181405908718
"3338",2032,2307,95.412997,0.0413580394451669,31.837456438858,48.1152505811016
"3338",2033,2301,98.574351,0.0428397874837027,33.2691066736004,49.5699494444149
"3338",2034,2296,99.365427,0.043277625,34.3751597635887,49.9378994089717
"3338",2035,2291,103.053631,0.0449819428197294,36.1277388499939,51.7205459428433
"3338",2036,2287,108.21505,0.0473174682990818,38.4089099942892,54.3345473563984
"3338",2037,2283,109.893825,0.0481357095926413,39.9994172091069,55.2183750421599
"3338",2038,2278,112.13524,0.0492253028972783,41.8340154238628,56.4254825888415
"3338",2039,2274,114.880854,0.0505192849604222,43.9411381570473,57.942362820506
"3338",2040,2270,116.885029,0.0514912022026432,45.9265157644397,59.0824252231035
"3338",2041,2266,118.079236,0.0521091067961165,47.7044701527331,59.7803323060122
"3338",2042,2262,119.345966,0.052761258178603,49.5721145808132,60.5315922583046
"3338",2043,2257,123.829911,0.0548648254319894,52.9393948010961,63.2398573574185
"3338",2044,2253,124.507225,0.0552628606302707,54.7515605499947,63.6794329677352
"3338",2045,2249,124.567519,0.0553879586482881,56.2891061906668,63.7404383885129
"3338",2046,2244,127.064966,0.056624316399287,59.1398243272796,65.3409697967995
"3338",2047,2239,128.529535,0.0574048838767307,61.5566245038345,66.3173233846022
"3338",2048,2235,130.420455,0.0583536711409396,64.3171673358334,67.5861268495497
"3338",2049,2230,132.891167,0.0595924515695067,67.5877039350831,69.2859261663201
"3338",2050,2225,131.678573,0.0591813811235955,68.5121754836255,68.5121754836255
"3401",2026,17852,523.291269,0.0293127531369034,264.198513489911,274.985134899115
"3401",2027,17880,539.99351,0.0302009793064877,265.449719124086,280.81613908426
"3401",2028,17909,559.787485,0.031257327879837,267.34734668754,287.841981071658
"3401",2029,17938,583.662962,0.0325377947374289,270.117008365149,296.491804071288
"3401",2030,17966,604.044619,0.0336215417455193,273.268348097598,304.073392390394
"3401",2031,17994,624.067523,0.0346819786039791,276.998154555069,311.689233235024
"3401",2032,18019,642.952721,0.0356819313502414,281.206434295009,319.019797830797
"3401",2033,18044,664.97351,0.0368528879405897,286.470049560939,327.744964306039
"3401",2034,18068,688.412504,0.0381012012397609,292.703716074563,337.259290186408
"3401",2035,18092,708.439851,0.0391576304996684,299.136002982036,345.596578244653
"3401",2036,18117,722.738179,0.039892817740244,305.123320008836,351.680673702812
"3401",2037,18140,739.602775,0.0407719280595369,312.179125193569,358.959268670378
"3401",2038,18162,754.282913,0.0415308288184121,319.323471017034,365.406310940062
"3401",2039,18183,771.892969,0.0424513539569928,327.780423118822,373.264549989484
"3401",2040,18203,783.318173,0.0430323668076691,335.157014722376,378.451223555802
"3401",2041,18221,792.983956,0.0435203312661215,342.425681585218,382.887821260706
"3401",2042,18238,804.428983,0.0441073025002742,350.635824919967,388.194035599953
"3401",2043,18254,814.267268,0.0446076075380738,358.732680977073,392.807025053659
"3401",2044,18269,825.587186,0.0451906062729213,367.758193050634,398.171862000818
"3401",2045,18284,836.362544,0.0457428650185955,377.025099105163,403.338583514046
"3401",2046,18298,847.925928,0.0463398146245491,387.056697312064,408.949055661252
"3401",2047,18311,858.800203,0.0469007811151767,397.268714883783,414.288692826798
"3401",2048,18323,870.664301,0.0475175626807837,408.398233384931,420.187279335061
"3401",2049,18334,879.829384,0.0479889486200502,418.726900966826,424.794182822677
"3401",2050,18345,894.912642,0.0487823735077678,432.485231515431,432.485231515431
"3403",2026,32772,889.771706,0.0271503632979373,484.986412856134,565.864128561342
"3403",2027,32959,916.524879,0.0278080305531114,489.933343044769,577.333403961953
"3403",2028,33146,947.052981,0.0285721649972847,496.018002909878,590.388588056446
"3403",2029,33331,979.548967,0.0293885262068345,503.27928943703,604.373126762496
"3403",2030,33514,1015.274598,0.0302940442203258,511.959941190184,619.839764760737
"3403",2031,33692,1054.771683,0.0313062947583996,522.308645219296,637.073548588855
"3403",2032,33864,1088.331137,0.0321382924935034,533.225303570487,652.07785713996
"3403",2033,34030,1127.637911,0.0331365827505143,546.227391409531,669.730734922844
"3403",2034,34191,1159.47677,0.0339117536778684,559.359384848187,684.398462120467
"3403",2035,34347,1195.785628,0.0348148492735901,574.537358316089,701.228247579633
"3403",2036,34497,1232.738065,0.0357346454764182,591.232345599582,718.594411788594
"3403",2037,34639,1258.214326,0.0363236330725483,606.637401606118,730.902247036327
"3403",2038,34772,1291.04915,0.0371289874036581,624.90670550759,746.739464559255
"3403",2039,34896,1313.861973,0.037650790147868,641.674500799911,757.999150297721
"3403",2040,35013,1340.322943,0.0382807226744352,660.428443483496,771.085509573593
"3403",2041,35122,1367.151356,0.0389257831558567,680.361229908032,784.469780993255
"3403",2042,35226,1382.891016,0.0392576794413218,697.565118541244,792.521597916063
"3403",2043,35323,1406.99115,0.0398321532712397,718.450436046993,804.746353962025
"3403",2044,35416,1422.325223,0.0401605269652135,736.925155519216,812.677620024794
"3403",2045,35505,1444.216803,0.0406764343895226,758.717269559208,823.959716380563
"3403",2046,35589,1468.133001,0.0412524375790272,782.31774168962,836.373813752494
"3403",2047,35671,1487.406802,0.0416979283451543,804.822465307181,846.504186261612
"3403",2048,35749,1508.577252,0.042199145486587,829.073459716512,857.701037531364
"3403",2049,35823,1526.406167,0.0426096688440388,852.552964794628,867.223859526887
"3403",2050,35895,1548.640777,0.0431436349630868,879.168928160963,879.168928160963
"3405",2026,29525,755.592522,0.0255916180186283,323.958030749465,341.580307494651
"3405",2027,29644,777.191713,0.0262175048239104,325.531193150312,347.681404729541
"3405",2028,29768,805.095272,0.027045662187584,327.8648878997,355.513645141143
"3405",2029,29895,824.400104,0.0275765212911858,330.329477873534,361.19754293428
"3405",2030,30023,854.642479,0.0284662585018153,333.967023831945,369.868095327778
"3405",2031,30150,881.251049,0.0292288905140962,338.007004690811,377.676538054994
"3405",2032,30273,907.893275,0.0299901983615763,342.663784690902,385.580875972007
"3405",2033,30392,940.002093,0.0309292607594104,348.507684199632,395.124646067951
"3405",2034,30507,958.687893,0.0314251775985839,353.577052354155,400.942630885387
"3405",2035,30620,989.301483,0.0323089968321359,360.621651503516,410.278060579465
"3405",2036,30730,1012.518751,0.0329488692157501,367.387021551927,417.551624319846
"3405",2037,30836,1035.160186,0.0335698594499935,374.643096529008,424.718237129771
"3405",2038,30936,1063.199721,0.034367717901474,383.375650642638,433.592092077524
"3405",2039,31030,1083.433668,0.0349156837898808,391.413289114384,440.150279343633
"3405",2040,31120,1110.168965,0.0356738099293059,401.251986758969,448.80317881435
"3405",2041,31203,1128.668616,0.0361717980963369,410.063118919987,454.925462520735
"3405",2042,31281,1147.106474,0.0366710295067293,419.34678380923,461.066834013186
"3405",2043,31355,1168.58832,0.0372696003827141,429.855157061797,468.244280761759
"3405",2044,31424,1187.291755,0.0377829606351833,440.242048087903,474.570384629552
"3405",2045,31490,1210.14345,0.0384294522070499,452.272546586221,482.335441952272
"3405",2046,31553,1227.590595,0.0389056696669096,463.404058544559,488.357715934775
"3405",2047,31611,1245.162515,0.0393901652905634,475.062227064717,494.464481199681
"3405",2048,31666,1266.187133,0.0399856986357607,488.328895803889,501.815022490691
"3405",2049,31718,1284.167551,0.0404870279021376,501.195944701192,508.177604884355
"3405",2050,31765,1303.143565,0.0410245101526838,514.945271842205,514.945271842205
"3407",2026,30888,754.842409,0.0244380474294224,378.692363426859,438.923634268594
"3407",2027,30978,781.221141,0.0252185790238234,382.419422949354,447.777621449847
"3407",2028,31070,803.824195,0.0258713934663663,386.623376563333,455.562151790474
"3407",2029,31162,832.751522,0.0267233015210834,391.868625009463,465.499411809237
"3407",2030,31255,860.472908,0.0275307281394977,397.800557843367,475.202231373468
"3407",2031,31347,889.708821,0.02838258273519,404.648169765168,485.558851357106
"3407",2032,31435,920.780421,0.0292915673930332,412.525445723037,496.693679147805
"3407",2033,31522,946.792194,0.0300359175813717,420.661503973778,506.238631651801
"3407",2034,31608,976.822657,0.03090428552898,430.13893838888,517.347345972201
"3407",2035,31694,1001.858049,0.0316103378872973,439.735228223785,526.823378797223
"3407",2036,31780,1027.667943,0.0323369396790434,450.237279768532,536.710062670594
"3407",2037,31864,1055.745879,0.033132873430831,461.981267256563,547.573204403049
"3407",2038,31946,1076.096748,0.0336848665873662,473.005605322814,555.646555132389
"3407",2039,32025,1097.975016,0.0342849341451991,485.02041905571,564.375181371422
"3407",2040,32100,1120.567938,0.0349086585046729,497.914053380447,573.462485408716
"3407",2041,32171,1140.594069,0.0354541067731808,510.876196269374,581.624447199055
"3407",2042,32239,1160.854036,0.0360077556996185,524.565391933592,589.950559905132
"3407",2043,32303,1182.278864,0.0365996614555924,539.279509282444,598.819673603314
"3407",2044,32364,1202.444188,0.037153756890372,554.327499345995,607.261289478703
"3407",2045,32422,1224.069931,0.0377543005058294,570.565458188737,616.388256232292
"3407",2046,32476,1242.694746,0.0382650186599335,586.494297111008,624.346231895303
"3407",2047,32528,1260.950053,0.0387650655742745,602.944210798602,632.218829068848
"3407",2048,32576,1279.654598,0.0392821278855599,620.222443824584,640.348587918469
"3407",2049,32620,1301.928395,0.039911967964439,639.673786300015,650.102635116899
"3407",2050,32661,1321.701974,0.0404672843452436,658.869251801573,658.869251801573
"3411",2026,35412,854.072491,0.0241181659042133,320.344357650161,332.443576501614
"3411",2027,35508,885.672612,0.0249429033457249,321.806220216865,339.40887430447
"3411",2028,35604,920.79929,0.0258622427255365,323.941105165748,347.234886661419
"3411",2029,35699,951.274964,0.0266471039524917,326.477051743505,354.186125851787
"3411",2030,35794,984.558887,0.0275062548751187,329.715278897088,361.86111558835
"3411",2031,35890,1016.147923,0.028312842658122,333.457100389491,369.285566572144
"3411",2032,35987,1054.966362,0.0293152072137161,338.33308064503,378.486401984707
"3411",2033,36084,1091.282294,0.0302428304511695,343.751648921025,387.28041081662
"3411",2034,36184,1127.662647,0.0311646762933893,349.903477391135,396.258693477838
"3411",2035,36282,1158.212828,0.0319225188247616,356.173874684849,403.968856422512
"3411",2036,36379,1190.485174,0.0327245161769153,363.275882702552,412.212384636952
"3411",2037,36472,1225.454526,0.0335998718468963,371.403110452893,421.249971615401
"3411",2038,36560,1258.108035,0.0344121453774617,379.957009853627,429.830927006594
"3411",2039,36641,1287.799252,0.0351464002620016,388.767489710226,437.753173974853
"3411",2040,36717,1315.119128,0.0358177173516355,397.841073342874,445.145717348599
"3411",2041,36787,1341.497219,0.0364666110038872,407.354683773247,452.365560412449
"3411",2042,36853,1374.207046,0.0372888786801617,418.677370249319,461.396243213312
"3411",2043,36915,1402.320738,0.0379878298252743,429.83739478312,469.287992926265
"3411",2044,36971,1433.528379,0.0387744009899651,442.34191101777,478.150852926154
"3411",2045,37023,1459.450055,0.0394200916997542,454.386494749211,485.629531999029
"3411",2046,37070,1486.425726,0.0400978075532776,467.327589253522,493.503046180614
"3411",2047,37112,1517.784411,0.0408974027538263,482.099023182818,502.773547248245
"3411",2048,37148,1546.946432,0.0416427918595887,497.088725936053,511.5283523633
"3411",2049,37179,1578.474602,0.0424560800989806,513.557867484667,521.138044139914
"3411",2050,37206,1608.237769,0.0432252262807074,530.358828341414,530.358828341414
"3412",2026,7969,199.533161,0.0250386699711382,59.7430493010536,75.4304930105357
"3412",2027,8010,206.769901,0.0258139701622971,60.6282378151958,77.1144568377876
"3412",2028,8049,216.493718,0.0268969708038266,61.7355961315897,79.3462636090841
"3412",2029,8087,225.112076,0.027836289847904,62.9671176568681,81.3746713264383
"3412",2030,8123,235.966451,0.0290491753046904,64.4832410230252,83.9329640921009
"3412",2031,8157,243.856477,0.0298953631236974,66.0091141181984,85.8577882372117
"3412",2032,8190,254.402593,0.0310625876678877,67.890699007117,88.4329200218983
"3412",2033,8221,262.690705,0.0319536193893687,69.786158673517,90.5135411683229
"3412",2034,8251,271.353812,0.0328873848018422,71.8868557410724,92.7171393526809
"3412",2035,8280,280.148255,0.0338343303140097,74.1826979399143,94.9890238626612
"3412",2036,8309,287.416925,0.0345910368275364,76.48298201215,96.9115410782104
"3412",2037,8337,296.835669,0.0356046142497301,79.2259893101837,99.4165645076755
"3412",2038,8363,303.605071,0.0363033685280402,81.7938486335777,101.261542970141
"3412",2039,8388,311.233298,0.0371045896518836,84.6482462234105,103.358716976018
"3412",2040,8412,317.738261,0.0377720234189253,87.4861292348665,105.177806775786
"3412",2041,8435,324.221987,0.0384376985180794,90.4699464684205,107.011239952333
"3412",2042,8456,332.071464,0.03927051371807,93.8739460246144,109.248494320878
"3412",2043,8476,338.844291,0.0399769102170835,97.2430618918677,111.210931378804
"3412",2044,8494,342.33818,0.0403035295502708,100.040372204099,112.245641553675
"3412",2045,8511,349.015206,0.0410075438843849,103.674282726618,114.214501817376
"3412",2046,8526,355.053284,0.0416435941825006,107.31503625477,116.017689711494
"3412",2047,8540,361.060391,0.0422787343091335,111.101644323507,117.832838674374
"3412",2048,8553,368.293944,0.0430602062434234,115.392040326248,120.045449001349
"3412",2049,8564,373.189119,0.0435764968472676,119.180407666006,121.564059912733
"3412",2050,8574,377.810627,0.0440646870772102,123.011739476277,123.011739476277
"3413",2026,21945,513.340532,0.0233921408976988,256.447701003836,242.477010038355
"3413",2027,22074,530.09165,0.0240142996285222,256.520784513989,247.242069192645
"3413",2028,22204,546.962389,0.0246335069807242,256.965268696066,252.087249691808
"3413",2029,22333,567.77244,0.0254230260153137,257.992700545472,257.965649625753
"3413",2030,22458,587.00233,0.0261377829726601,259.373586971745,263.49434788698
"3413",2031,22579,611.64038,0.0270889047344878,261.587833469942,270.479420765017
"3413",2032,22694,629.628109,0.0277442543844188,263.778344729969,275.779522246057
"3413",2033,22805,652.696588,0.0286207668493751,266.877382297023,282.489330474547
"3413",2034,22910,677.850641,0.0295875443474465,270.740448472675,289.851121181687
"3413",2035,23012,699.724803,0.030406953024509,274.801482683139,296.403388990033
"3413",2036,23111,723.41174,0.0313016200077885,279.639787463152,303.557447290846
"3413",2037,23206,741.971395,0.0319732567008532,284.298032028631,309.313233226598
"3413",2038,23296,765.238156,0.0328484785370879,290.180856932196,316.51064896763
"3413",2039,23382,787.730554,0.0336896139765632,296.524799589131,323.574126960223
"3413",2040,23464,810.705598,0.0345510398056597,303.550690917476,330.881105467961
"3413",2041,23542,830.605245,0.0352818471242885,310.55411336152,337.326963564558
"3413",2042,23617,845.531738,0.0358018265656095,316.988958467865,342.269940668379
"3413",2043,23688,864.765833,0.03650649413205,324.838026035291,348.627831912259
"3413",2044,23755,883.97428,0.0372121355504104,333.212517207678,355.04840930023
"3413",2045,23818,902.613717,0.037896285036527,341.974994562408,361.353839461425
"3413",2046,23878,921.520131,0.0385928524583298,351.348960954813,367.822307005662
"3413",2047,23933,934.647664,0.0390526747169181,359.524537375975,372.393844930676
"3413",2048,23984,952.64435,0.0397199945797198,369.620674642833,378.670999613873
"3413",2049,24031,971.272946,0.0404175001456452,380.47066814519,385.24225261838
"3413",2050,24075,989.391802,0.0410962326895119,391.716429623654,391.716429623654
"3414",2026,4874,152.058448,0.031197876077144,71.1601676013556,99.6016760135563
"3414",2027,4860,158.048415,0.03252025,72.7063900653994,102.228291384723
"3414",2028,4848,162.30928,0.0334796369636964,74.3239810352624,104.137034487214
"3414",2029,4838,166.471969,0.0344092536171972,76.0868148336842,106.055599217337
"3414",2030,4829,170.874021,0.0353849701801615,78.0350848017073,108.140339206829
"3414",2031,4821,175.658635,0.0364361408421489,80.2103000093527,110.470608728183
"3414",2032,4814,181.316268,0.0376643680930619,82.7263782818673,113.311933174976
"3414",2033,4808,185.309178,0.0385418423460899,85.168858290324,115.362367697446
"3414",2034,4803,191.867057,0.0399473364563814,88.3351728334639,118.83793208366
"3414",2035,4797,197.270458,0.0411237144048364,91.5292374961612,121.78111427694
"3414",2036,4794,202.595973,0.0422603197747184,94.9641440635695,124.766619081199
"3414",2037,4790,207.652266,0.0433512037578288,98.5813475714133,127.670922090563
"3414",2038,4786,210.907479,0.0440675885917259,101.867698137093,129.577632976533
"3414",2039,4782,216.860649,0.0453493619824341,106.274549103402,133.148168686641
"3414",2040,4778,220.221537,0.0460907360820427,110.006455435291,135.210328696466
"3414",2041,4774,225.144973,0.0471606562630917,114.569751400456,138.293964378047
"3414",2042,4770,229.10822,0.0480310733752621,118.982624082629,140.832320118041
"3414",2043,4766,232.405473,0.0487632129668485,123.30093842859,142.984323293003
"3414",2044,4761,233.779667,0.0491030596513338,126.821998040206,143.899352309943
"3414",2045,4756,238.641953,0.050177029646762,132.319773915572,147.16279866532
"3414",2046,4752,242.142599,0.0509559341329966,137.329381851103,149.563978648357
"3414",2047,4747,246.363977,0.0518988786602064,143.009842344646,152.518132219319
"3414",2048,4742,247.599752,0.0522142032897512,147.005426932891,153.411272359882
"3414",2049,4737,251.598587,0.0531134868059954,152.980890457668,156.291834241732
"3414",2050,4732,256.086914,0.0541181136939983,159.593382018664,159.593382018664
"3415",2026,8071,189.211499,0.0234433774005699,59.052731954816,68.5273195481597
"3415",2027,8094,195.424206,0.0241443298739807,59.6202580245192,69.7836947237761
"3415",2028,8117,203.328947,0.025049765553776,60.3416538075944,71.3808789005396
"3415",2029,8141,210.312353,0.0258337247266921,61.1512381857169,72.8293561680794
"3415",2030,8166,217.101003,0.0265859665686995,62.0660437056147,74.2641748224589
"3415",2031,8190,229.374057,0.0280066003663004,63.414112049819,76.8316940863271
"3415",2032,8214,237.578395,0.0289235932554176,64.7005273791315,78.6170073204047
"3415",2033,8238,246.472484,0.0299189711094926,66.1856379942073,80.5810703288478
"3415",2034,8261,255.561354,0.0309358859702215,67.8489563866207,82.6223909665518
"3415",2035,8283,264.148223,0.0318904048050223,69.6327262187398,84.5890884999768
"3415",2036,8305,277.024933,0.0333564037326912,72.0484471475084,87.5756782052808
"3415",2037,8326,285.779777,0.034323778164785,74.2326420619474,89.6734479257511
"3415",2038,8345,295.989876,0.0354691283403235,76.78619170402,92.1567121891273
"3415",2039,8363,304.870997,0.0364547407628841,79.3655241546836,94.3668496249934
"3415",2040,8379,311.602323,0.0371884858575009,81.7975428127942,96.0760685004707
"3415",2041,8394,324.222645,0.0386255235882773,85.3741269264611,99.31943687013
"3415",2042,8408,331.040826,0.0393721248810657,88.1854092676871,101.122013239553
"3415",2043,8422,338.968737,0.040248009617668,91.3706880413098,103.248390564488
"3415",2044,8434,345.477835,0.0409625130424472,94.4428692268341,105.023057066883
"3415",2045,8445,351.967196,0.0416775838957963,97.6635584988322,106.816687383178
"3415",2046,8455,361.219057,0.042722537788291,101.701952209567,109.41406142302
"3415",2047,8464,366.333134,0.043281324905482,104.92798789231,110.876606075843
"3415",2048,8473,374.125905,0.0441550696329517,108.999688887294,113.134798797075
"3415",2049,8480,380.629236,0.0448855231132075,112.911302268758,115.050703655853
"3415",2050,8487,387.60743,0.0456707234594085,117.139072991899,117.139072991899
"3416",2026,6046,198.902434,0.0328981862388356,135.257443622112,65.5744362211165
"3416",2027,6050,203.067045,0.0335648008264463,132.492384662332,66.5809793624169
"3416",2028,6057,211.780739,0.034964625887403,130.002611899852,68.7292108562943
"3416",2029,6064,220.356553,0.0363384816952507,127.680109483518,70.9063975694963
"3416",2030,6072,230.24951,0.0379198797760211,125.624296046298,73.4971841851929
"3416",2031,6081,237.144173,0.0389975617497122,123.553690834264,75.360663771354
"3416",2032,6090,242.135137,0.0397594642036125,121.46539599258,76.7396799771688
"3416",2033,6100,252.736598,0.0414322291803279,120.064015797592,79.7283194416326
"3416",2034,6109,262.802113,0.0430188431821902,118.865501715359,82.6637542883982
"3416",2035,6119,271.900386,0.0444354283379637,117.801348208862,85.4030816202558
"3416",2036,6128,279.610515,0.0456283477480418,116.774439140422,87.7882929272044
"3416",2037,6137,288.062861,0.0469387096301124,116.079342023018,90.4718868741816
"3416",2038,6145,296.812556,0.0483014737184703,115.680943777141,93.3289886857101
"3416",2039,6152,307.158633,0.0499282563394018,115.867872145203,96.8176547152396
"3416",2040,6158,314.181163,0.0510200004871712,115.657917006084,99.2526672097341
"3416",2041,6163,324.212603,0.0526062961220185,116.392714338759,102.838059379259
"3416",2042,6167,330.474505,0.0535875636452084,116.495146541835,105.135923631193
"3416",2043,6171,338.04628,0.0547798217468806,117.174196811131,107.981961777805
"3416",2044,6174,346.408047,0.056107555393586,118.367323344605,111.215901089813
"3416",2045,6176,353.544502,0.0572448999352332,119.480136411963,114.052475583955
"3416",2046,6178,361.865429,0.0585732322758174,121.283094994066,117.450699993019
"3416",2047,6178,367.084383,0.0594179966008417,122.267711110466,119.639674490666
"3416",2048,6178,372.805694,0.0603440747814827,123.6547864195,122.086255588649
"3416",2049,6177,379.056476,0.0613657885705035,125.504998612714,124.82337518204
"3416",2050,6175,383.672828,0.0621332514979757,126.89398872286,126.89398872286
"3417",2026,4580,164.496131,0.0359161858078603,73.0543804531309,91.543804531309
"3417",2027,4577,171.048664,0.0373713489185056,74.2230817612174,94.4405946270358
"3417",2028,4574,175.505139,0.0383701659379099,75.455841546055,96.4619516917427
"3417",2029,4573,179.229403,0.0391929593264815,76.7781085934362,98.1910992632294
"3417",2030,4573,185.61405,0.0405891209271813,78.5584956752396,101.233982700958
"3417",2031,4573,189.313658,0.0413981320795976,80.2115457131396,103.040159002225
"3417",2032,4573,196.837562,0.0430434205116991,82.6393566828417,106.813405177975
"3417",2033,4573,203.687779,0.0445413905532473,85.2712029247214,110.368835654404
"3417",2034,4574,208.054758,0.045486392216878,87.6788272398381,112.697068099595
"3417",2035,4574,214.647721,0.0469277920857018,90.8206907680977,116.304436041366
"3417",2036,4574,219.292189,0.0479431982947092,93.7595222356586,118.914783654018
"3417",2037,4573,226.282707,0.0494823326044172,97.6278346171337,122.956750472456
"3417",2038,4572,231.60859,0.0506580468066492,101.321568067603,126.130123759279
"3417",2039,4571,233.500567,0.0510830380660687,104.064195312118,127.279481382329
"3417",2040,4568,238.764353,0.0522689038966725,108.210144194205,130.536230710728
"3417",2041,4566,241.877328,0.0529735716162944,111.746707913266,132.504464774741
"3417",2042,4562,247.479292,0.0542479815870232,116.589774773732,136.12824967676
"3417",2043,4558,248.984478,0.0546258179025889,119.775938438261,137.136865678999
"3417",2044,4554,252.211627,0.055382438954765,123.933655849814,139.301491419115
"3417",2045,4550,253.452996,0.0557039551648352,127.193103677775,140.160742988031
"3417",2046,4545,256.805217,0.056502798019802,131.752044165934,142.472993136393
"3417",2047,4540,260.050112,0.0572797603524229,136.45664179424,144.75396258506
"3417",2048,4535,262.273556,0.057833198676957,140.702844980041,146.35442700545
"3417",2049,4530,264.027144,0.0582841377483444,144.76719240212,147.641238859345
"3417",2050,4525,266.936528,0.0589914979005525,149.776354053171,149.776354053171
"3418",2026,7072,234.216694,0.0331188764140272,93.3120350245932,132.120350245932
"3418",2027,7059,242.130807,0.03430100679983,95.3703278582917,135.329657151212
"3418",2028,7049,247.081045,0.0350519286423606,97.4655332153499,137.374475516285
"3418",2029,7041,254.103771,0.0360891593523647,99.9151180121103,140.36526123346
"3418",2030,7033,257.661658,0.0366360952651784,102.223019250434,141.892077001736
"3418",2031,7027,265.910642,0.0378412753664437,105.259707707693,145.555505070238
"3418",2032,7020,274.706041,0.0391319146723647,108.685669194872,149.571289830374
"3418",2033,7013,279.970515,0.0399216476543562,111.846199199352,152.023997791315
"3418",2034,7007,285.186915,0.0407002875695733,115.20054321009,154.501358025224
"3418",2035,7001,292.81504,0.0418247450364234,119.279559708563,158.210422191
"3418",2036,6995,296.423291,0.0423764533238027,122.72155058145,159.992738066211
"3418",2037,6989,306.662899,0.0438779366146802,128.046964110921,165.189198265211
"3418",2038,6983,312.221953,0.0447117217528283,132.495701182825,168.083093059683
"3418",2039,6977,316.752088,0.0453994679661746,136.870945207245,170.482459927225
"3418",2040,6971,324.789398,0.0465915073877492,142.645388035321,174.832620856514
"3418",2041,6965,328.030117,0.0470969299353912,147.050071529743,176.622749478858
"3418",2042,6959,333.963059,0.0479900932605259,152.664879945139,179.949828493056
"3418",2043,6953,339.365674,0.0488085249532576,158.354640551459,183.04019057825
"3418",2044,6947,344.093869,0.0495312896214193,164.015773099812,185.794545935241
"3418",2045,6941,351.064667,0.0505783989338712,171.007286578617,189.932045019836
"3418",2046,6935,353.91737,0.0510335068493151,176.265375440355,191.665147576889
"3418",2047,6928,360.079813,0.0519745688510393,183.475447065573,195.451207961209
"3418",2048,6922,363.098384,0.0524557041317538,189.22060280094,197.346597622638
"3418",2049,6915,366.613532,0.0530171412870571,195.434627330838,199.581430993078
"3418",2050,6908,373.814326,0.0541132492762015,204.214217367993,204.214217367993
"3419",2026,3632,124.283306,0.0342189719162996,43.910344611974,52.1034461197403
"3419",2027,3637,128.059042,0.0352100747869123,44.4187066076695,53.3178662375962
"3419",2028,3641,131.634708,0.0361534490524581,45.0105102164047,54.4886298080267
"3419",2029,3644,137.980384,0.0378650889132821,45.8926667216471,56.6125492783393
"3419",2030,3648,141.527434,0.0387958974780702,46.7099116707801,57.8396466831202
"3419",2031,3652,147.666482,0.0404344145673603,47.8916821060433,60.0145464558028
"3419",2032,3655,153.41426,0.041973805745554,49.2137963008082,62.1193732332559
"3419",2033,3659,157.156183,0.0429505829461602,50.4419177179996,63.5294281875851
"3419",2034,3662,162.360023,0.0443364344620426,52.0148388461986,65.5370971154964
"3419",2035,3665,166.681477,0.0454792570259209,53.6093563776436,67.249957434614
"3419",2036,3667,170.461112,0.0464851682574311,55.2467190560071,68.7825664336991
"3419",2037,3670,175.829526,0.0479099525885559,57.3584723021519,71.0165313212721
"3419",2038,3672,181.161908,0.0493360315904139,59.6678133664217,73.3051152116758
"3419",2039,3673,184.937301,0.0503504767220256,61.7819158007535,74.9692183842612
"3419",2040,3674,188.717608,0.0513657071311922,64.0452555467272,76.6724088747636
"3419",2041,3675,190.440437,0.0518205270748299,65.8294611558445,77.4595640088219
"3419",2042,3676,193.378782,0.0526057622415669,68.0754306749837,78.8220438214053
"3419",2043,3676,198.193303,0.0539154795973885,71.1070683587475,81.1112791305051
"3419",2044,3677,199.301125,0.0542021008974708,72.9485302701216,81.643264864673
"3419",2045,3676,201.068364,0.0546975963003264,75.1018044421295,82.509913159544
"3419",2046,3676,202.909377,0.0551984159412405,77.3554298228982,83.4181527328214
"3419",2047,3675,207.28515,0.0564041224489796,80.8275834837838,85.6226292775029
"3419",2048,3675,209.753334,0.0570757371428571,83.5972528863246,86.8889220392699
"3419",2049,3674,212.994778,0.0579735378334241,86.8773554676996,88.586862823584
"3419",2050,3672,214.462218,0.0584047434640523,89.3771317157546,89.3771317157546
"3420",2026,21561,521.155035,0.0241711903436761,236.459239433118,276.592394331175
"3420",2027,21618,534.562845,0.0247276734665557,238.698676554267,280.717647667395
"3420",2028,21674,555.902898,0.0256483758420227,241.654139183677,287.166509621011
"3420",2029,21730,575.627929,0.0264900105384261,245.01653310702,293.254273444799
"3420",2030,21785,597.099421,0.0274087409226532,248.990110327652,299.960441310606
"3420",2031,21838,615.275053,0.02817451474494,253.207688764298,305.765873962776
"3420",2032,21891,635.164227,0.0290148566534192,258.061842132481,312.190283484558
"3420",2033,21942,657.439159,0.0299625904201987,263.707086935899,319.467826030067
"3420",2034,21993,678.83469,0.0308659432546719,269.838502557154,326.596256392885
"3420",2035,22042,699.86543,0.0317514485981308,276.503129279505,333.721438353155
"3420",2036,22092,714.981251,0.0323638082111171,282.818239948904,338.985768313481
"3420",2037,22139,734.408626,0.0331726196305163,290.305257181847,345.766355476774
"3420",2038,22184,752.464827,0.0339192583393437,298.093637027124,352.170249140226
"3420",2039,22227,770.718742,0.0346748882890179,306.453580254416,358.72949830539
"3420",2040,22268,785.502082,0.0352749273396803,314.585102396133,364.136163833812
"3420",2041,22306,797.547002,0.0357548194207836,322.500161503779,368.604017364194
"3420",2042,22341,811.633085,0.036329308670158,331.293431486375,373.84775926625
"3420",2043,22375,828.821839,0.0370423168268156,341.369766279926,380.297988176171
"3420",2044,22407,840.071211,0.0374914629803187,350.264522209808,384.599383496526
"3420",2045,22436,853.8906,0.0380589499019433,360.29695772393,389.903947967913
"3420",2046,22464,867.077326,0.0385985276887464,370.569001372637,395.022354556044
"3420",2047,22489,880.696956,0.039161232424741,381.416210772566,400.356293828244
"3420",2048,22512,893.623517,0.0396954298596304,392.462490240039,405.472962421664
"3420",2049,22533,908.577168,0.040322068432965,404.719391220244,411.448718150903
"3420",2050,22551,925.208011,0.0410273606935391,418.174997557902,418.174997557902
"3421",2026,6407,209.036532,0.0326262731387545,68.0255150437432,95.2551504374318
"3421",2027,6388,216.111944,0.0338309242329368,69.4696812441829,97.5067726849665
"3421",2028,6370,220.555413,0.0346240836734694,70.9381889061421,98.9325080350978
"3421",2029,6353,226.000032,0.0355737497245396,72.5943543775809,100.73813824744
"3421",2030,6337,234.87756,0.037064472147704,74.7031858897162,103.812743558865
"3421",2031,6321,240.289361,0.0380144535674735,76.7079846966294,105.723425031755
"3421",2032,6306,249.156306,0.0395109904852521,79.2934748867262,108.979922728388
"3421",2033,6292,253.207801,0.0402428164335664,81.4906528392541,110.491456108287
"3421",2034,6278,261.699343,0.0416851454284804,84.5107264905701,113.776816226425
"3421",2035,6265,268.3666,0.0428358499600958,87.5021079404432,116.433389578156
"3421",2036,6252,273.725182,0.0437820188739603,90.4694732682142,118.619943722556
"3421",2037,6239,279.069227,0.0447298007693541,93.6237905253422,120.851298586034
"3421",2038,6225,284.533586,0.0457082065863454,97.0027137498522,123.186752272459
"3421",2039,6212,289.449794,0.0465952662588538,100.44763783042,125.336404817736
"3421",2040,6199,295.087427,0.0476024241006614,104.2863938253,127.85823012048
"3421",2041,6186,299.634748,0.0484375602974458,108.023209023433,129.940692865559
"3421",2042,6173,302.341832,0.0489781033533128,111.346185598773,131.208836569676
"3421",2043,6161,305.001021,0.0495051162149002,114.759930091332,132.471091649263
"3421",2044,6150,309.933287,0.0503956564227642,119.121297493171,134.833932249253
"3421",2045,6140,316.518473,0.0515502399022801,124.357481757892,138.055362163559
"3421",2046,6130,319.852159,0.0521781662316476,128.525101635991,139.735413689402
"3421",2047,6120,324.850774,0.0530801918300654,133.590881492887,142.285500273676
"3421",2048,6111,328.852912,0.0538132731140566,138.418455793196,144.371303560212
"3421",2049,6102,333.31593,0.0546240462143559,143.671239909,146.736353152208
"3421",2050,6093,341.066902,0.0559768426062695,150.917366277878,150.917366277878
"3422",2026,4598,117.897273,0.0256409902131361,56.2728350046422,67.7283500464223
"3422",2027,4618,120.349435,0.0260609430489389,56.8769110821761,68.6502624158262
"3422",2028,4642,123.662832,0.0266399896596295,57.605058358906,69.8860477651769
"3422",2029,4667,127.756372,0.0273744101135633,58.4848958187028,71.3995097350721
"3422",2030,4694,130.912267,0.0278892771623349,59.4063404449446,72.6253617797786
"3422",2031,4723,135.524142,0.0286945039170019,60.569350509439,74.3716539458748
"3422",2032,4752,140.74112,0.0296172390572391,61.9397041622336,76.3529358837958
"3422",2033,4780,145.361228,0.0304102987447699,63.3903739601384,78.1458592003818
"3422",2034,4808,149.135271,0.0310181512063228,64.8620018669489,79.6550046673722
"3422",2035,4835,151.863366,0.031409176008273,66.2830924507171,80.7899256016391
"3422",2036,4862,158.992091,0.0327009648292884,68.5697116284597,83.5678139546519
"3422",2037,4886,163.75964,0.0335160949652067,70.6261773890622,85.4901022225604
"3422",2038,4908,167.767909,0.0341825405460473,72.6743680365787,87.1352146119613
"3422",2039,4929,171.234719,0.0347402554270643,74.7290715517962,88.581398386036
"3422",2040,4948,175.114053,0.0353908757073565,76.9978465321917,90.1965544515067
"3422",2041,4965,178.416881,0.0359349206445116,79.240349677121,91.5892070598053
"3422",2042,4980,181.806486,0.0365073265060241,81.6158115801932,93.0225879717046
"3422",2043,4994,186.190287,0.0372827967561073,84.4106492684249,94.8788464656608
"3422",2044,5006,188.668118,0.0376883975229724,86.739198465076,95.9538044710658
"3422",2045,5018,190.343495,0.037932143284177,88.8793489180869,96.6976602068762
"3422",2046,5029,192.252196,0.0382287126665341,91.1589273314214,97.5399145075546
"3422",2047,5039,195.706254,0.0388383119666601,94.0898676287353,99.0449212718144
"3422",2048,5048,197.653485,0.0391548108161648,96.5423592618405,99.9106586614491
"3422",2049,5057,201.261524,0.0397986007514337,99.7632433144492,101.507265781246
"3422",2050,5065,203.509542,0.0401795739387957,102.518046961246,102.518046961246
"3423",2026,2507,91.041502,0.0363149190267252,60.4132159892269,46.1321598922693
"3423",2027,2526,92.745488,0.0367163452098179,59.9225744254995,46.8914503672694
"3423",2028,2544,95.151926,0.0374024866352201,59.5393677359711,47.9392442055493
"3423",2029,2561,98.765273,0.0385651202655213,59.3441303116122,49.5017897017043
"3423",2030,2577,99.986856,0.0387997112922002,59.016785100562,50.0671404022482
"3423",2031,2592,102.904042,0.0397006334876543,58.9410370075317,51.3601287218492
"3423",2032,2605,106.696137,0.0409582099808061,59.0933150777228,53.056354085301
"3423",2033,2619,110.074015,0.0420290244368079,59.3192368636956,54.6047913481257
"3423",2034,2632,112.0749,0.0425816489361702,59.417099901532,55.54274975383
"3423",2035,2644,113.885248,0.0430730892586989,59.5493884318567,56.3986021299581
"3423",2036,2657,115.714061,0.0435506439593527,59.7535529974242,57.270637889314
"3423",2037,2668,119.638057,0.0448418504497751,60.5414252316533,59.1540004520064
"3423",2038,2679,122.817015,0.0458443505039194,61.2926392984822,60.7138896336039
"3423",2039,2690,124.957782,0.046452707063197,61.8703354173574,61.7792943274169
"3423",2040,2699,128.237081,0.0475128125231567,62.8994785023461,63.4391656037538
"3423",2041,2708,129.523847,0.0478300764401772,63.387054789192,64.0936676063275
"3423",2042,2717,132.156118,0.0486404556496135,64.4191814928958,65.4559735612797
"3423",2043,2724,133.801937,0.0491196538179148,65.1827805728807,66.3156346750925
"3423",2044,2731,136.618607,0.0500251215671915,66.5067038045705,67.8151016833168
"3423",2045,2738,139.386148,0.0509080160701242,67.9424686083888,69.3138075180169
"3423",2046,2744,142.506161,0.0519337321428571,69.6846829047678,71.0408034173739
"3423",2047,2750,144.760043,0.0526400156363636,71.1446667783994,72.3038498911543
"3423",2048,2755,147.380763,0.0534957397459165,72.917770908228,73.8029955764626
"3423",2049,2759,149.910072,0.0543349300471185,74.7805274792277,75.2784701082885
"3423",2050,2763,152.288216,0.0551169800941006,76.6874356540744,76.6874356540744
"3424",2026,1780,67.128015,0.0377123679775281,16.8710377780916,24.710377780916
"3424",2027,1785,69.397177,0.0388779703081232,17.2951492902091,25.4192675651573
"3424",2028,1789,72.114543,0.0403099737283399,17.8001041015396,26.2863091516547
"3424",2029,1794,74.345581,0.0414412380156076,18.3416946345353,27.0197394566369
"3424",2030,1799,77.735485,0.0432103863257365,19.0408480412219,28.1633921648875
"3424",2031,1803,78.912482,0.0437673222407099,19.61437533062,28.5717402804173
"3424",2032,1807,84.318238,0.0466620022136137,20.7143121267155,30.5055757745091
"3424",2033,1811,86.747608,0.0479003909442297,21.586859148724,31.4120252378593
"3424",2034,1815,88.150156,0.0485675790633609,22.3775601671164,31.943900417791
"3424",2035,1818,91.69605,0.0504378712871287,23.5827195003737,33.3319302865684
"3424",2036,1821,93.526268,0.0513598396485448,24.5816452846787,34.0666216519553
"3424",2037,1825,96.594191,0.0529283238356164,25.9078118536083,35.3323158119186
"3424",2038,1828,99.19514,0.0542642997811816,27.2415337941947,36.4391523530813
"3424",2039,1830,101.750907,0.0556015885245902,28.667154595966,37.5611142058996
"3424",2040,1832,102.723266,0.0560716517467249,29.7440786134812,37.9905257815699
"3424",2041,1834,103.682216,0.0565333784078517,30.851791982885,38.4177992194491
"3424",2042,1836,107.504024,0.0585533899782135,32.937173779529,40.1959625421843
"3424",2043,1837,108.558932,0.0590957713663582,34.2144185141897,40.6975166294097
"3424",2044,1838,109.834378,0.0597575505984766,35.6175753916213,41.3130005053178
"3424",2045,1839,111.655017,0.0607150717781403,37.2954400488316,42.2097723677928
"3424",2046,1840,112.013444,0.0608768717391304,38.425004807314,42.38235859684
"3424",2047,1840,113.395194,0.061627822826087,40.0368844102344,43.0838134199825
"3424",2048,1840,116.250532,0.0631796369565217,42.427569126605,44.5703450017351
"3424",2049,1840,117.309403,0.063755110326087,44.0420072339412,45.1345529703286
"3424",2050,1840,117.361845,0.0637836114130435,45.1626810064371,45.1626810064371
"3425",2026,1259,47.826581,0.0379877529785544,18.3702265409674,21.7022654096737
"3425",2027,1258,49.890054,0.0396582305246423,18.6175807484544,22.4914963523957
"3425",2028,1257,52.633548,0.041872353221957,18.9779116920929,23.5880668119597
"3425",2029,1255,52.99095,0.0422238645418327,19.2180902376149,23.732189353482
"3425",2030,1254,55.524447,0.0442778684210526,19.7005602046433,24.8022408185732
"3425",2031,1253,57.357517,0.0457761508379888,20.1871721690074,25.6075553704607
"3425",2032,1252,61.058991,0.0487691621405751,21.0280653291843,27.3171240897979
"3425",2033,1250,63.070475,0.05045638,21.7330771263934,28.2981437969473
"3425",2034,1249,63.891778,0.0511543458767014,22.2840843918178,28.7102109795445
"3425",2035,1247,63.532256,0.0509480801924619,22.6091883259359,28.5352876021391
"3425",2036,1246,65.897536,0.0528872680577849,23.5798246570786,29.7469992780603
"3425",2037,1244,68.429327,0.0550074975884244,24.7179019843371,31.1081014328528
"3425",2038,1241,68.980699,0.055584769540693,25.384937801888,31.4271596397963
"3425",2039,1239,68.260464,0.055093191283293,25.6616818029652,31.0411605156855
"3425",2040,1236,68.346252,0.0552963203883495,26.1898764186661,31.1038022698658
"3425",2041,1234,69.332589,0.0561852423014587,27.051589003222,31.66277585392
"3425",2042,1231,69.749124,0.0566605393988627,27.7409720122239,31.915674303177
"3425",2043,1229,71.032956,0.057797360455655,28.8158475155887,32.6655559533407
"3425",2044,1226,72.487463,0.0591251737357259,30.0477457848975,33.5454784321258
"3425",2045,1224,72.57222,0.0592910294117647,30.6850708985605,33.6123949520745
"3425",2046,1222,73.447325,0.0601041939443535,31.7353989907608,34.1592929303068
"3425",2047,1219,72.600786,0.0595576587366694,31.907801052765,33.6707617495943
"3425",2048,1217,76.571096,0.0629179096138044,34.814278426424,36.1775982988368
"3425",2049,1215,76.496393,0.0629599942386831,35.4707092039309,36.1513861859022
"3425",2050,1212,76.996554,0.0635285099009901,36.5130737458011,36.5130737458011
"3426",2026,1540,44.458486,0.0288691467532468,25.5271564227411,30.2715642274108
"3426",2027,1537,45.305845,0.0294768022121015,25.7722797237553,30.6165798091296
"3426",2028,1535,46.391721,0.0302226195439739,26.0638804547185,31.0793168841057
"3426",2029,1532,48.580389,0.0317104366840731,26.496841263106,32.0439588852048
"3426",2030,1529,51.427681,0.0336348469587966,27.0888070767605,33.3552283070422
"3426",2031,1526,54.187173,0.0355092876802097,27.7836091386872,34.6821187432597
"3426",2032,1522,55.676196,0.0365809434954008,28.38360451618,35.4110908190153
"3426",2033,1519,56.804041,0.0373956820276498,28.9789237498124,35.9763413787929
"3426",2034,1516,57.710572,0.0380676596306069,29.5746357269821,36.4365893174554
"3426",2035,1513,59.183094,0.0391163873099802,30.3408882794155,37.2077446386639
"3426",2036,1510,62.051006,0.0410933814569536,31.5426070024086,38.7739094787549
"3426",2037,1507,64.40629,0.0427380822826808,32.7456215152411,40.1134078346168
"3426",2038,1504,66.212399,0.044024201462766,33.8962535876796,41.1750065230538
"3426",2039,1502,67.329099,0.0448262976031957,34.8979518673893,41.8475776466201
"3426",2040,1499,70.799432,0.0472311087391594,36.886335266244,44.0181364259905
"3426",2041,1496,72.01197,0.0481363435828877,38.1227816845831,44.8079723540878
"3426",2042,1492,71.484061,0.0479115690348525,38.6283933607441,44.4691333724915
"3426",2043,1489,73.879942,0.0496171537944929,40.535837803029,46.0655427837681
"3426",2044,1485,75.450353,0.0508083185185185,42.1691405321568,47.1537297189121
"3426",2045,1481,77.340641,0.0522219047940581,44.0957947909814,48.5025166658233
"3426",2046,1477,76.756042,0.0519675301286391,44.63780318034,48.1032978592236
"3426",2047,1473,77.068099,0.0523205016972166,45.7183326998828,48.3446002252201
"3426",2048,1469,77.336129,0.0526454247787611,46.7902014538849,48.5569745447405
"3426",2049,1464,77.155545,0.052701875,47.5720228967245,48.4514523602332
"3426",2050,1460,79.619516,0.0545339150684932,50.2933669707191,50.2933669707191
"3427",2026,5478,148.71674,0.0271479992698065,98.6376223506723,104.376223506723
"3427",2027,5476,153.109601,0.0279601170562454,99.1284469891475,106.2068871938
"3427",2028,5476,161.014433,0.0294036583272462,100.032036810979,109.611638919882
"3427",2029,5475,167.278028,0.0305530644748858,101.055750085789,112.380000403711
"3427",2030,5475,170.301916,0.0311053727853881,101.936246771036,113.744987084144
"3427",2031,5475,176.050627,0.0321553656621005,103.285931524762,116.385848781781
"3427",2032,5475,182.124353,0.0332647220091324,104.903863716852,119.242657590315
"3427",2033,5475,187.591675,0.0342633196347032,106.654384267276,121.874163495934
"3427",2034,5475,195.322761,0.0356753901369863,109.077869727118,125.694674317794
"3427",2035,5477,200.76952,0.0366568413364981,111.329459610122,128.467336251706
"3427",2036,5479,205.410683,0.0374905426172659,113.61693795812,130.877764122358
"3427",2037,5482,212.768652,0.0388122313024444,116.853782353273,134.787868006387
"3427",2038,5485,219.497798,0.0400178300820419,120.25461420447,138.462934917218
"3427",2039,5487,226.701163,0.041316049389466,124.1440200274,142.500459621107
"3427",2040,5489,233.292325,0.0425017899435234,128.184724542024,146.295559267239
"3427",2041,5491,237.349044,0.0432251036241122,131.576282067368,148.681180479046
"3427",2042,5491,242.250919,0.0441178144236023,135.527717728156,151.611025325938
"3427",2043,5490,248.7919,0.0453172859744991,140.487677129221,155.61040966674
"3427",2044,5489,253.938179,0.0462631042084168,145.144935387401,158.83217469342
"3427",2045,5486,259.347553,0.0472744354721108,150.238715899783,162.293804184349
"3427",2046,5482,261.751029,0.0477473602699745,153.981590570278,163.860694788562
"3427",2047,5477,263.156804,0.0480476180390725,157.275481582108,164.789275022093
"3427",2048,5471,267.263904,0.0488510151709011,162.310693457278,167.525074007868
"3427",2049,5465,268.472778,0.0491258514181153,165.711597463429,168.349711650316
"3427",2050,5457,271.809266,0.0498092845886018,170.633465132731,170.633465132731
"3428",2026,2356,61.507646,0.0261068106960951,32.0761015558489,32.7610155584892
"3428",2027,2344,61.98901,0.0264458233788396,32.1150309256149,32.8365885499265
"3428",2028,2333,64.47257,0.0276350492927561,32.2700649523757,33.5432282992895
"3428",2029,2322,66.089989,0.0284625275624462,32.4238177463362,33.994436453347
"3428",2030,2312,67.730877,0.0292953620242215,32.6174709562833,34.4698838251331
"3428",2031,2302,70.189865,0.0304908188531712,32.9284737234404,35.2294738206624
"3428",2032,2293,73.118388,0.0318876528565198,33.3584164444438,36.1797429059809
"3428",2033,2284,75.318432,0.0329765464098074,33.7783557709066,36.9058090231907
"3428",2034,2275,78.145899,0.0343498457142857,34.352252008745,37.8806300218626
"3428",2035,2266,79.817938,0.0352241562224184,34.825727841429,38.4588064946948
"3428",2036,2258,82.079756,0.0363506448184234,35.4572467173614,39.2784141418134
"3428",2037,2250,83.561361,0.0371383826666667,36.007257204615,39.8190384480293
"3428",2038,2243,88.441219,0.0394298791796701,37.353774466669,41.7341353939436
"3428",2039,2235,89.197892,0.0399095713646532,37.8888814427645,42.0236279876843
"3428",2040,2228,92.789756,0.0416471077199282,39.1960730117253,43.5137168187605
"3428",2041,2221,94.303549,0.0424599500225124,40.0524336685884,44.1546168582467
"3428",2042,2215,97.490872,0.0440139376975169,41.4898022477359,45.5568603539084
"3428",2043,2208,101.001901,0.0457436145833333,43.1825578145259,47.1627902569843
"3428",2044,2201,102.530718,0.0465836974102681,44.31054542727,47.8845747448645
"3428",2045,2194,105.020573,0.0478671709206928,45.8859557129396,49.0904070313103
"3428",2046,2187,104.874607,0.0479536383173297,46.4724064907178,49.0263605773151
"3428",2047,2180,108.278046,0.049668828440367,48.628612644636,50.7364649517026
"3428",2048,2172,111.460282,0.0513168885819521,50.8742186691539,52.4045607234096
"3428",2049,2165,113.763062,0.052546448960739,52.8464536950873,53.658653189701
"3428",2050,2156,113.233233,0.0525200524118738,53.4047680240211,53.4047680240211
"3429",2026,1496,57.716038,0.0385802393048128,41.3209230915188,44.2092309151882
"3429",2027,1491,60.984915,0.0409020221327968,41.7363688353746,46.3554097118152
"3429",2028,1486,61.567088,0.0414314185733513,42.0040971258569,46.7376978620395
"3429",2029,1482,63.874596,0.0431002672064777,42.5605298495499,48.3436698802348
"3429",2030,1477,67.621771,0.0457831895734597,43.5226714604871,51.0906858419486
"3429",2031,1473,68.213275,0.0463090801086219,44.0306599188454,51.5414258046797
"3429",2032,1469,72.682706,0.0494776759700477,45.5785566536885,55.0878666267339
"3429",2033,1465,72.064878,0.049191043003413,45.928087958146,54.5947254017819
"3429",2034,1461,75.528459,0.0516964127310062,47.6042209844861,57.5105524612151
"3429",2035,1458,79.082866,0.0542406488340192,49.6077083290345,60.674761894936
"3429",2036,1455,80.661324,0.0554373360824742,51.0484895479886,62.1547148378708
"3429",2037,1452,83.157518,0.0572710179063361,53.076168322612,64.5632552636332
"3429",2038,1449,81.643728,0.0563448778467909,53.1762381415143,63.1386148027533
"3429",2039,1446,83.577371,0.0577990117565698,55.1251695247611,65.0428417442742
"3429",2040,1443,87.81414,0.0608552598752599,58.7452062101853,69.3923299362964
"3429",2041,1440,88.292264,0.0613140722222222,60.1767673615449,69.9460639419545
"3429",2042,1437,88.818665,0.0618083959638135,61.6910623280558,70.5586604686512
"3429",2043,1434,88.577101,0.0617692475592748,62.6464565557476,70.3511275332171
"3429",2044,1431,88.583115,0.0619029454926625,63.792302319485,70.4094223477226
"3429",2045,1428,91.497041,0.0640735581232493,67.5491981449356,73.6759361783823
"3429",2046,1425,93.381976,0.0655312112280702,70.6662631664949,75.9014860782293
"3429",2047,1421,94.06117,0.066193645320197,72.7657466600768,76.7923906029035
"3429",2048,1418,94.319018,0.0665155275035261,74.4584940996318,77.1713449725749
"3429",2049,1414,93.10536,0.0658453748231966,74.5282819229692,75.8345786212667
"3429",2050,1411,94.844787,0.0672181339475549,77.9788661618646,77.9788661618646
"3430",2026,1882,60.61564,0.0322080977683316,16.1687975254353,17.6879752543535
"3430",2027,1882,63.128085,0.0335430844845909,16.3041149941743,18.2117454121766
"3430",2028,1883,64.016389,0.0339970201805629,16.4205472436897,18.4031271067983
"3430",2029,1884,67.000941,0.0355631321656051,16.6490089050737,19.0541595532881
"3430",2030,1885,68.584223,0.0363842031830239,16.852381603672,19.409526414688
"3430",2031,1887,72.110611,0.0382144202437732,17.2141758036131,20.2232201864805
"3430",2032,1888,74.971071,0.0397092537076271,17.594455915388,20.9060182011938
"3430",2033,1889,76.941901,0.0407315516146109,17.9537947101357,21.3897785107192
"3430",2034,1891,78.765058,0.0416525954521417,18.3391583456632,21.847895864158
"3430",2035,1892,81.231516,0.0429342050739958,18.8352182287449,22.4804988085598
"3430",2036,1893,83.42252,0.0440689487585843,19.352203718404,23.0572709861136
"3430",2037,1893,88.418043,0.0467078938193344,20.3185523119515,24.4264435355151
"3430",2038,1893,90.216965,0.0476581959852087,20.9165359296083,24.9391562356514
"3430",2039,1893,90.474084,0.0477940221870048,21.2953206823291,25.0133117997092
"3430",2040,1892,94.204713,0.0497910745243129,22.3222632435481,26.1156211896769
"3430",2041,1891,94.158101,0.0497927556848228,22.6930899177841,26.102777234391
"3430",2042,1890,99.106466,0.0524372835978836,24.1490820910079,27.641545844297
"3430",2043,1887,99.635695,0.0528011102278749,24.7157958290889,27.8180282428325
"3430",2044,1886,100.910006,0.0535047751855779,25.4815431825756,28.2342492678395
"3430",2045,1883,102.683939,0.0545320971853425,26.4239933744677,28.8295303070372
"3430",2046,1881,103.920444,0.0552474449760766,27.2648583552184,29.2527745355511
"3430",2047,1878,106.545067,0.056733262513312,28.5761141568201,30.1702694724733
"3430",2048,1875,107.079197,0.0571089050666667,29.2926493827454,30.3704317651302
"3430",2049,1872,108.339994,0.0578739284188034,30.276923954911,30.8331677453621
"3430",2050,1869,109.891958,0.0587971952915998,31.411340116263,31.411340116263
"3431",2026,2465,87.952624,0.0356805776876268,49.8604121124226,48.6041211242264
"3431",2027,2467,90.609919,0.0367287875962708,49.9685115519703,49.7709931052385
"3431",2028,2469,93.972403,0.0380609165654111,50.224548619892,51.2831349708114
"3431",2029,2471,96.704388,0.0391357296641036,50.540770431184,52.5448020291009
"3431",2030,2473,99.260211,0.0401375701577032,50.9379161381806,53.7516645527223
"3431",2031,2475,101.852313,0.0411524496969697,51.4380419920783,55.0018851898375
"3431",2032,2477,104.612181,0.0422334198627372,52.0678175521459,56.3625155450643
"3431",2033,2478,107.539401,0.0433976598062954,52.8415111890404,57.8386515559734
"3431",2034,2479,110.376171,0.0445244739814441,53.7219603976216,59.3049009940541
"3431",2035,2479,111.883761,0.0451326183945139,54.4181094138116,60.098535802998
"3431",2036,2479,115.57381,0.0466211415893505,55.7409334786959,62.0861757446229
"3431",2037,2479,118.635557,0.0478562150060508,57.0649096167281,63.7851894960549
"3431",2038,2478,120.512888,0.0486331267150928,58.1683304836517,64.8515099702759
"3431",2039,2477,121.029147,0.0488611816713767,58.9002173276699,65.1493060896509
"3431",2040,2475,124.615667,0.0503497644444444,60.7810841742389,67.2497346787822
"3431",2041,2474,127.243973,0.051432487065481,62.4765470032249,68.8325237784526
"3431",2042,2472,126.95196,0.0513559708737864,63.0633582600081,68.6619403714401
"3431",2043,2470,129.247829,0.0523270562753036,64.807724856433,70.0782709917735
"3431",2044,2467,129.589885,0.052529341305229,65.735084937645,70.3033354034128
"3431",2045,2465,130.480697,0.0529333456389452,66.9564256977445,70.8694470126086
"3431",2046,2462,131.853752,0.0535555450852965,68.4896062628106,71.7524779562478
"3431",2047,2460,132.924695,0.0540344288617886,69.9231560555036,72.4486265414126
"3431",2048,2457,132.008976,0.053727706959707,70.2359886846455,71.8767445239411
"3431",2049,2454,133.802099,0.0545240827220864,72.1852729899821,73.049634275306
"3431",2050,2451,132.957585,0.0542462607099143,72.5185892895325,72.5185892895325
"3432",2026,1888,60.330889,0.0319549200211864,32.5084432980949,37.0844329809492
"3432",2027,1872,62.827231,0.0335615550213675,32.8366130871161,38.0844588153896
"3432",2028,1855,63.341489,0.0341463552560647,33.0892218437917,38.2241248216669
"3432",2029,1840,65.143731,0.0354042016304348,33.4815480324609,38.9719907409924
"3432",2030,1825,66.260069,0.0363068871232877,33.8561458679514,39.4245834718058
"3432",2031,1810,70.799756,0.0391158872928177,34.7532881901076,41.5766545742872
"3432",2032,1796,72.243152,0.0402244721603563,35.3367756185194,42.2670019031367
"3432",2033,1783,74.082943,0.0415496034772855,36.0579302203684,43.1942902630852
"3432",2034,1771,76.478453,0.0431837679277245,36.9855454425518,44.4638636063794
"3432",2035,1759,78.490688,0.0446223354178511,37.9383541717174,45.5733809639256
"3432",2036,1747,83.276646,0.0476683720663995,39.7799409016514,48.3788229508451
"3432",2037,1736,84.432076,0.0486359884792627,40.7647065395353,49.1018664186054
"3432",2038,1724,86.963481,0.0504428544083527,42.2998184259885,50.7269425927063
"3432",2039,1714,88.320165,0.0515286843640607,43.5408846596429,51.6440589951368
"3432",2040,1703,89.774296,0.0527153822665884,44.9131851229715,52.6610961967544
"3432",2041,1693,93.46465,0.0552065268753692,47.4241291470724,55.2817043729394
"3432",2042,1682,94.748501,0.0563308567181926,49.002349071114,56.2890701015914
"3432",2043,1672,97.916759,0.0585626549043062,51.7294864966952,58.7518460972138
"3432",2044,1661,98.665587,0.0594013166767008,53.2700049830186,59.445167720024
"3432",2045,1651,99.596934,0.0603252174439734,54.9878351357134,60.2927201670319
"3432",2046,1641,101.099223,0.0616083016453382,57.1873020837601,61.6321200985412
"3432",2047,1631,102.721059,0.0629804163090129,59.6204721653348,63.121658777842
"3432",2048,1621,101.750407,0.0627701462060457,60.1634374181755,62.4469593710006
"3432",2049,1611,103.544924,0.0642736958410925,62.930277587642,64.1353533378099
"3432",2050,1601,104.169399,0.0650652086196127,64.8496091365934,64.8496091365934
"3433",2026,2107,74.951007,0.0355723811105838,41.3092146160771,44.0921461607708
"3433",2027,2094,76.857154,0.036703511938873,41.5385991405642,44.917084658649
"3433",2028,2082,79.01059,0.0379493707973103,41.8562100915746,45.8926290947119
"3433",2029,2071,82.00173,0.0395952341863834,42.3435157499598,47.3224270586343
"3433",2030,2060,84.222059,0.0408844946601942,42.85412766371,48.4165106548401
"3433",2031,2049,86.835236,0.0423793245485603,43.5177998048249,49.7575645385215
"3433",2032,2039,89.937709,0.0441087341834232,44.3872749732667,51.4223845331283
"3433",2033,2029,92.048942,0.0453666545096106,45.2038199633785,52.5967447265615
"3433",2034,2019,94.276151,0.0466944779593858,46.1515531914006,53.8788829785014
"3433",2035,2009,95.451328,0.0475118606271777,46.9406089301705,54.5785346975326
"3433",2036,1999,99.066035,0.0495577963981991,48.5005960838655,56.7907285976116
"3433",2037,1989,102.175928,0.0513705017596782,50.1176907444019,58.7906160866378
"3433",2038,1979,102.457248,0.0517722324406266,50.9060353372504,59.0109733404553
"3433",2039,1968,102.474541,0.0520703968495935,51.6141813345319,59.0666916332458
"3433",2040,1958,103.603519,0.052912931052094,52.7868081981797,59.8588931170875
"3433",2041,1948,105.235342,0.054022249486653,54.2598853667472,61.0149213082977
"3433",2042,1938,109.563083,0.0565340985552116,57.1894917751019,64.1278453930027
"3433",2043,1928,108.455803,0.0562530098547718,57.5245418866061,63.4061584903133
"3433",2044,1919,106.485714,0.0554902105263158,57.3266081155446,62.0665911168317
"3433",2045,1909,108.866215,0.057027875851231,59.5686694453705,63.8537470096868
"3433",2046,1899,110.069586,0.0579618672985782,61.2550021538733,64.8294142986745
"3433",2047,1889,111.798066,0.0591837300158814,63.3948547998458,66.2336392110938
"3433",2048,1880,111.620494,0.0593726031914894,64.3014775496127,66.1907865401218
"3433",2049,1870,112.41603,0.0601155240641711,65.9447592222642,66.9166329581966
"3433",2050,1861,113.815686,0.0611583481998925,68.1300494855505,68.1300494855505
"3434",2026,2115,71.541647,0.0338258378250591,24.6209094190102,30.2090941901015
"3434",2027,2104,73.855208,0.0351022851711027,24.9490660407855,30.90229847844
"3434",2028,2093,74.745132,0.0357119598662207,25.2518030470978,31.1531602691305
"3434",2029,2082,76.879904,0.0369259865513929,25.6623505086292,31.822825922961
"3434",2030,2073,81.062929,0.039104162566329,26.3075973350512,33.2303893402048
"3434",2031,2063,84.309936,0.0408676374212312,26.9813077558931,34.3697661074542
"3434",2032,2054,87.869738,0.0427798140214216,27.7961558223085,35.6804794532571
"3434",2033,2044,89.246424,0.0436626340508806,28.4219999781306,36.1986206293257
"3434",2034,2034,93.58302,0.0460093510324484,29.5670176526327,37.9175441315817
"3434",2035,2025,96.875972,0.0478399861728395,30.6898122023855,39.2909993197383
"3434",2036,2015,98.596751,0.0489313900744417,31.6194409621605,40.0409283413905
"3434",2037,2005,104.355998,0.0520478793017456,33.5586404291542,42.6510057154228
"3434",2038,1994,104.607457,0.0524611118355065,34.3410423810293,42.8018952382352
"3434",2039,1984,108.145092,0.0545086149193548,36.065255196775,44.5366045902554
"3434",2040,1973,111.21522,0.0563685859097821,37.8296804064952,46.1274886503923
"3434",2041,1963,113.972687,0.0580604620478859,39.6500767193273,47.6227573121921
"3434",2042,1952,115.689597,0.0592672115778689,41.2351871808649,48.6216959726642
"3434",2043,1940,118.09168,0.060872,43.2104045809449,50.0480062114507
"3434",2044,1929,118.800982,0.0615868232244686,44.5746407738322,50.5479235791384
"3434",2045,1917,120.145696,0.062673811163276,46.2960936218023,51.4413459960643
"3434",2046,1905,124.16783,0.0651799632545932,49.4982160712664,53.9979012603134
"3434",2047,1893,122.760755,0.0648498441627047,49.9788551652978,53.2719494820257
"3434",2048,1880,122.801053,0.0653197090425532,51.2433778569141,53.4523003858531
"3434",2049,1868,121.824713,0.0652166557815846,51.904423621322,52.9916089572176
"3434",2050,1855,123.453636,0.0665518253369272,54.1812889285268,54.1812889285268
"3435",2026,3366,109.148286,0.0324267040998217,52.4647915987413,56.6479159874134
"3435",2027,3343,111.354755,0.0333098279988035,52.7366519140854,57.3574684660755
"3435",2028,3321,117.141544,0.0352729732008431,53.3087188324917,59.4783933285238
"3435",2029,3300,118.774771,0.0359923548484848,53.7082921665585,60.0390219602755
"3435",2030,3280,123.047979,0.0375146277439024,54.4235709842185,61.6942839368742
"3435",2031,3260,125.474834,0.0384892128834356,55.0585429657764,62.6384103157441
"3435",2032,3242,128.520084,0.0396422220851326,55.8618178998007,63.8825166147713
"3435",2033,3225,131.076471,0.0406438669767442,56.6959200895215,64.9542623159215
"3435",2034,3208,133.490187,0.0416116543017456,57.5973175060244,65.9932937650609
"3435",2035,3193,138.437023,0.0433564118383965,59.104235396328,68.2382523344639
"3435",2036,3178,139.110621,0.0437730084959094,59.8560241875556,68.5389982895907
"3435",2037,3164,141.523383,0.0447292613780025,61.0601943433115,69.6784279869493
"3435",2038,3149,144.818354,0.0459886802159416,62.6060670433722,71.2837582606766
"3435",2039,3136,146.377557,0.0466765169005102,63.7881330060298,72.064907244306
"3435",2040,3122,148.989171,0.0477223481742473,65.3763755293661,73.4022008469858
"3435",2041,3108,149.883363,0.0482250202702703,66.4957626608266,73.8803964691722
"3435",2042,3095,152.452682,0.0492577324717286,68.275754163558,75.2510773765114
"3435",2043,3082,153.850529,0.0499190554834523,69.7192665484715,76.0261241335206
"3435",2044,3069,154.941819,0.0504860928641251,71.103477717481,76.6496486677174
"3435",2045,3056,157.575487,0.0515626593586387,73.240710018427,78.1424123303717
"3435",2046,3043,158.502225,0.0520874876766349,74.7016305306378,78.7078006242798
"3435",2047,3030,161.444229,0.0532819237623762,77.24469981951,80.4447321909971
"3435",2048,3017,161.0005,0.0533644348690752,78.1258754415787,80.2441896665716
"3435",2049,3004,162.228709,0.0540042306924101,79.935297807699,81.023686033973
"3435",2050,2992,165.16243,0.0552013469251337,82.8396505783446,82.8396505783446
"3436",2026,5545,180.360219,0.0325266400360685,106.843071288104,105.43071288104
"3436",2027,5526,186.9627,0.0338332790445168,107.1531364006,108.11371927709
"3436",2028,5509,191.439269,0.0347502757306226,107.518589598348,109.963369133416
"3436",2029,5493,200.390021,0.0364809796104133,108.460190333071,113.871483920337
"3436",2030,5478,206.928279,0.0377744211391019,109.454277387938,116.817109551751
"3436",2031,5463,213.004038,0.0389903053267436,110.632574031527,119.63504010966
"3436",2032,5449,221.274893,0.0406083488713525,112.402967571211,123.624515603726
"3436",2033,5434,227.904459,0.041940459882223,114.223491130478,126.926872084078
"3436",2034,5420,233.99853,0.0431731605166052,116.223029122359,130.057572805897
"3436",2035,5406,240.397611,0.044468666481687,118.57086228468,133.447685222126
"3436",2036,5392,245.377192,0.0455076394658754,120.850797689392,136.159574082931
"3436",2037,5377,252.285679,0.0469194121257207,123.931122158978,140.036335919958
"3436",2038,5362,255.487165,0.0476477368519209,126.187692110691,141.886712928528
"3436",2039,5348,261.720398,0.0489379951383695,129.656578978156,145.564389750052
"3436",2040,5332,263.782658,0.0494716162790698,131.894789758745,146.831663613992
"3436",2041,5317,267.701044,0.0503481369193154,134.991304647224,149.251025882602
"3436",2042,5302,272.864868,0.0514645167861184,138.85459396116,152.506562801657
"3436",2043,5286,274.003919,0.0518357773363602,141.135396611441,153.285283540937
"3436",2044,5271,278.10531,0.0527613944223108,144.955207112081,155.974460789781
"3436",2045,5256,282.312729,0.0537124674657534,149.085768133038,158.797868471431
"3436",2046,5241,285.697487,0.0545120181263118,153.016003340602,161.136474518355
"3436",2047,5226,287.632209,0.0550386928817451,156.288008900089,162.535784676157
"3436",2048,5210,291.896948,0.0560262856046065,161.181195997023,165.574265942727
"3436",2049,5195,294.567665,0.0567021491819057,165.283987044993,167.554791735057
"3436",2050,5179,300.087328,0.0579431025294458,171.631884751195,171.631884751195
"3437",2026,5509,185.180058,0.0336140965692503,126.88552170312,143.855217031204
"3437",2027,5491,186.193373,0.0339088277180841,127.65539167492,144.311939453967
"3437",2028,5475,193.840646,0.0354046842009132,129.142983123514,148.674189277225
"3437",2029,5459,200.370796,0.0367046704524638,130.846427723776,152.512601053062
"3437",2030,5445,207.698373,0.0381447884297521,132.996598189678,156.986392758714
"3437",2031,5430,215.977875,0.0397749309392265,135.704510258201,162.233079158959
"3437",2032,5417,219.651041,0.0405484661251615,137.871478007197,164.604547714453
"3437",2033,5403,227.845698,0.0421702198778456,141.350094041327,170.103707700213
"3437",2034,5389,233.40037,0.0433105158656523,144.578037590311,173.945093975778
"3437",2035,5374,241.98549,0.0450289337551172,149.106509645856,180.100593476243
"3437",2036,5361,248.720886,0.0463944946838276,153.551664366641,185.108767087666
"3437",2037,5346,254.247288,0.0475584152637486,157.978099101736,189.347510442412
"3437",2038,5332,258.276907,0.048439029819955,162.137190653006,192.522164823648
"3437",2039,5316,264.914663,0.0498334580511663,167.820054830411,197.885199711337
"3437",2040,5301,273.611728,0.0516151156385588,175.102152571701,205.163444114722
"3437",2041,5285,276.727666,0.0523609585619678,179.925436501104,207.90631924695
"3437",2042,5268,279.956896,0.0531429187547456,185.067220888962,210.810315555659
"3437",2043,5252,283.901051,0.0540557979817212,190.936970263137,214.406061373745
"3437",2044,5234,288.392941,0.0550999123041651,197.543123765121,218.604030664672
"3437",2045,5217,294.839786,0.0565151976231551,206.039025655366,224.740339268143
"3437",2046,5199,294.74475,0.0566925851125216,209.859789336437,224.835046278161
"3437",2047,5181,297.287966,0.0573804219262691,215.925161835658,227.450886575389
"3437",2048,5162,298.491664,0.057824808988764,221.041671618117,228.828834181748
"3437",2049,5143,299.638983,0.0582615172078553,226.229370758055,230.173372216161
"3437",2050,5124,305.536659,0.059628543911007,236.279091043449,236.279091043449
"3438",2026,3054,86.775181,0.0284136152586771,40.0577342114897,49.5773421148969
"3438",2027,3051,90.623129,0.0297027627007539,40.6423266978908,50.9441941664783
"3438",2028,3049,92.138012,0.0302190921613644,41.185515545216,51.4886602583772
"3438",2029,3048,96.145324,0.0315437414698163,41.97159222573,52.9839634151999
"3438",2030,3047,97.952598,0.0321472261240565,42.6674817089361,53.6699268357443
"3438",2031,3046,99.956931,0.0328158013788575,43.4396244424785,54.4421719738381
"3438",2032,3045,102.589123,0.0336910091954023,44.3545474120568,55.4755304986362
"3438",2033,3045,107.418549,0.0352770275862069,45.6817962961432,57.4325415066018
"3438",2034,3045,110.703212,0.0363557346469622,46.9211489245444,58.8028723113611
"3438",2035,3046,112.546628,0.0369489914642154,48.0081088158503,59.5899630076577
"3438",2036,3048,115.327615,0.0378371440288714,49.354076461665,60.7980557087685
"3438",2037,3050,117.760646,0.0386100478688525,50.723202008003,61.8745405034205
"3438",2038,3052,122.74475,0.0402178079947575,52.8213707909694,64.1297650744898
"3438",2039,3054,127.08955,0.0416141290111329,54.9568911320611,66.1606657566998
"3438",2040,3057,130.353414,0.042640959764475,56.9555895665129,67.7289433064207
"3438",2041,3059,131.198267,0.0428892667538411,58.306649663701,68.142112699926
"3438",2042,3061,133.647105,0.0436612561254492,60.2429566590087,69.347080941441
"3438",2043,3063,137.290224,0.0448221429970617,62.7296716964379,71.1758260290684
"3438",2044,3065,140.675404,0.0458973585644372,65.2849678176655,72.9160875066651
"3438",2045,3065,143.167906,0.0467105729200653,67.6193752739083,74.2238464909641
"3438",2046,3066,145.199561,0.0473579781474233,69.8603314021148,75.3062722377821
"3438",2047,3065,148.63301,0.0484936411092985,72.8793734415345,77.1739419059544
"3438",2048,3065,151.138413,0.0493110646003263,75.5978972729481,78.5652943491331
"3438",2049,3063,154.295003,0.0503738174991838,78.8083551443393,80.3593300200928
"3438",2050,3062,156.92852,0.0512503331156107,81.8871083087919,81.8871083087919
"3439",2026,4269,136.477603,0.0319694549074725,88.6022082777622,94.0220827776216
"3439",2027,4263,141.356066,0.0331588238329815,89.1499059791931,96.3629525759497
"3439",2028,4257,145.168458,0.034101117688513,89.7902406445214,98.2299465401223
"3439",2029,4252,151.308604,0.0355852784571966,90.8368435127996,101.349851824939
"3439",2030,4247,156.187506,0.0367759609135861,91.9750058920692,103.900023568277
"3439",2031,4243,158.677601,0.0373975020032996,92.9513493399445,105.222084660677
"3439",2032,4239,163.256871,0.0385130622788393,94.408299191264,107.717843665428
"3439",2033,4235,167.675235,0.0395927355371901,96.0425086211905,110.186230679146
"3439",2034,4232,174.646997,0.0412681939981096,98.486218892784,114.21554723196
"3439",2035,4228,180.129351,0.0426039146168401,100.901171539877,117.488392091148
"3439",2036,4224,180.006691,0.042615220407197,101.96796923735,117.406251026
"3439",2037,4220,184.415149,0.0437002722748815,104.45656400449,120.11036878925
"3439",2038,4216,188.240313,0.044649030597723,106.981116382592,122.511120695621
"3439",2039,4212,190.904621,0.0453239840930674,109.275770590666,124.214077601134
"3439",2040,4207,195.228018,0.0464055188970763,112.39667868018,127.034685888288
"3439",2041,4202,195.485987,0.046522129224179,113.974998841053,127.207545420457
"3439",2042,4197,196.542162,0.0468292022873481,115.938326884248,127.911895548926
"3439",2043,4192,202.20016,0.0482347709923664,120.262519939528,131.745789748513
"3439",2044,4187,203.373408,0.0485725837114879,122.537051358683,132.56393723701
"3439",2045,4182,207.109103,0.0495239366331899,126.340202280286,135.187941268044
"3439",2046,4177,208.070298,0.0498133344505626,128.700714630281,135.883193682683
"3439",2047,4172,211.326668,0.0506535637583893,132.584724716484,138.236309539701
"3439",2048,4166,214.452614,0.0514768636581853,136.603389150712,140.544204487257
"3439",2049,4161,218.875792,0.0526017284306657,141.774824974811,143.869948025777
"3439",2050,4155,220.911758,0.053167691456077,145.450850129165,145.450850129165
"3440",2026,5157,141.953867,0.0275264430870661,52.7699820404575,86.6998204045752
"3440",2027,5178,146.897691,0.0283695811123986,54.4549219751338,88.6721598191545
"3440",2028,5199,151.696234,0.0291779638391998,56.2833258834587,90.6190050483353
"3440",2029,5219,160.040374,0.0306649499904196,58.5567673002758,93.9730225895331
"3440",2030,5239,166.749797,0.0318285544951327,60.9408300019538,96.7633200078152
"3440",2031,5259,169.337334,0.0321995310895608,63.0655323698102,97.9235908515138
"3440",2032,5278,177.288936,0.0335901735505873,66.0009802024717,101.310708315298
"3440",2033,5297,183.106587,0.0345679794223145,68.8911055050601,103.872015186373
"3440",2034,5314,189.102543,0.0355857250658638,72.0198488425084,106.549622106271
"3440",2035,5330,197.309199,0.0370186114446529,75.8059625808581,110.27077161339
"3440",2036,5345,204.129909,0.0381908155285313,79.6143103241436,113.451179629776
"3440",2037,5359,208.605808,0.0389262563911177,83.1282713177936,115.591748912768
"3440",2038,5370,215.762186,0.0401791780260708,87.5248378832172,119.045159787668
"3440",2039,5381,221.969031,0.0412505168184352,91.9553913613706,122.115559764035
"3440",2040,5390,227.790642,0.0422617146567718,96.5335356480185,125.05365703683
"3440",2041,5398,229.085849,0.0424390235272323,99.8307183706757,125.725612634982
"3440",2042,5405,236.187357,0.0436979383903793,105.280746008621,129.401065726602
"3440",2043,5410,239.852952,0.0443351112754159,109.723807485195,131.337366081621
"3440",2044,5416,245.88249,0.0453992780649926,115.322492028584,134.577409069141
"3440",2045,5420,248.208501,0.0457949263837638,119.562871220986,135.846610733521
"3440",2046,5424,252.508236,0.0465538783185841,124.837888014574,138.221044723028
"3440",2047,5427,256.336471,0.0472335491063203,130.088677858291,140.36752434737
"3440",2048,5430,261.196423,0.0481024720073665,136.077851787127,143.138218148245
"3440",2049,5432,266.266244,0.0490180861561119,142.445000923638,146.085715245338
"3440",2050,5433,269.473613,0.0495994133995951,147.981156555046,147.981156555046
"3441",2026,6023,181.481968,0.0301314906192927,77.9922552611478,86.9225526114778
"3441",2027,6023,187.951688,0.0312056596380541,78.6483063180409,88.9876823130246
"3441",2028,6024,196.594134,0.0326351484063745,79.5948058815467,91.8274621802667
"3441",2029,6024,202.855334,0.0336745242363878,80.5992511777877,93.9376526013537
"3441",2030,6024,206.297316,0.0342459023904382,81.5295693115081,95.1182772460324
"3441",2031,6024,213.36968,0.0354199335989376,82.9198902122552,97.5909224774093
"3441",2032,6025,220.908772,0.0366653563485477,84.5727828125746,100.300870192537
"3441",2033,6025,230.243954,0.0382147641493776,86.6990929314144,103.756118431488
"3441",2034,6027,236.498848,0.0392398951385432,88.6570424964092,106.142606241023
"3441",2035,6028,238.600412,0.0395820192435302,90.1062389979844,106.957117709679
"3441",2036,6030,247.288449,0.0410096930348259,92.8575192797443,110.384251115251
"3441",2037,6032,253.751093,0.0420674888925729,95.4519577778698,113.00382005438
"3441",2038,6034,259.509532,0.0430078773616175,98.1139633858081,115.389024337833
"3441",2039,6036,265.680817,0.044016039927104,101.087056771275,117.999245568128
"3441",2040,6038,268.184801,0.0444161644584299,103.297050817272,119.075281307636
"3441",2041,6039,274.403445,0.0454385568802782,106.671108306753,121.78657857623
"3441",2042,6040,279.229159,0.0462299932119205,109.852646556877,123.93235222411
"3441",2043,6040,284.313467,0.0470717660596027,113.309981299468,126.233872948432
"3441",2044,6040,290.311182,0.0480647652317881,117.303004140831,129.00387631075
"3441",2045,6040,293.181651,0.0485400084437086,120.34769387417,130.351007845132
"3441",2046,6039,299.94006,0.049667173373075,125.093412097053,133.580484820062
"3441",2047,6037,306.895682,0.050835792943515,130.242348052347,136.991378087152
"3441",2048,6034,310.961625,0.0515349063639377,134.379451284254,139.03183922622
"3441",2049,6031,317.507766,0.0526459568894047,139.92725726656,142.378968588634
"3441",2050,6027,320.139293,0.0531175199933632,143.758787878993,143.758787878993
"3442",2026,14986,418.362139,0.0279168650073402,129.395294457799,150.952944577992
"3442",2027,15012,430.192181,0.0286565534905409,130.668459127331,153.679702744224
"3442",2028,15038,444.169143,0.0295364505253358,132.238711254675,156.935492883857
"3442",2029,15065,460.543161,0.0305704056422171,134.184848482975,160.811051684587
"3442",2030,15091,473.043267,0.0313460517527003,136.210781711905,163.843126847622
"3442",2031,15117,493.479588,0.0326440158761659,139.031510389566,168.848731789794
"3442",2032,15141,508.346339,0.0335741588402351,141.816912763901,172.590500812002
"3442",2033,15163,524.843197,0.0346134140341621,145.057101487438,176.812693758448
"3442",2034,15184,538.964923,0.0354955823893572,148.401994337334,180.504985843336
"3442",2035,15204,553.100402,0.0363786110234149,152.053601794434,184.265375530135
"3442",2036,15224,569.371095,0.0373995727141356,156.294098478326,188.671786270159
"3442",2037,15244,585.003916,0.0383760112831278,160.822598423909,192.995313997871
"3442",2038,15263,599.123166,0.0392533031514119,165.487503946183,196.977279902151
"3442",2039,15282,610.046943,0.0399193131134668,169.954907039097,200.114735385697
"3442",2040,15301,617.683504,0.0403688323638978,174.088772697826,202.342036316522
"3442",2041,15320,633.841687,0.0413734782637076,180.060685721641,207.09160108927
"3442",2042,15338,643.136871,0.0419309473855783,185.013844457036,209.876920652908
"3442",2043,15354,656.211183,0.0427387770613521,191.0436000397,213.838779714847
"3442",2044,15371,663.246829,0.0431492309543946,195.978804616283,216.004909182301
"3442",2045,15386,671.780496,0.043661802677759,201.467158947429,218.651887935298
"3442",2046,15400,686.589528,0.0445837355844156,208.860113522562,223.306015908896
"3442",2047,15412,697.315226,0.045244953672463,215.513556199569,226.733584450219
"3442",2048,15422,706.382066,0.0458035317079497,221.967812301689,229.667905191016
"3442",2049,15431,717.798775,0.0465166726070896,229.421846155225,233.41230769374
"3442",2050,15439,727.337798,0.0471104215298918,236.584067139973,236.584067139973
"3443",2026,13686,364.585791,0.0266393241999123,132.427901190123,145.279011901229
"3443",2027,13722,375.428689,0.0273596187873488,133.333752873223,147.972748168893
"3443",2028,13760,390.612547,0.028387539752907,134.632010427363,151.754345299218
"3443",2029,13799,405.235381,0.0293670107254149,136.201559524328,155.47792717331
"3443",2030,13840,418.594726,0.0302452836705202,137.990648272555,158.962593090218
"3443",2031,13881,432.774198,0.0311774510481954,140.118210085499,162.715513340867
"3443",2032,13922,446.140818,0.0320457418474357,142.480035182456,166.323185176787
"3443",2033,13964,464.186477,0.0332416554712117,145.588281953045,171.243536422192
"3443",2034,14005,478.082565,0.0341365630132096,148.65563774843,175.139094371076
"3443",2035,14046,490.102588,0.0348926803360387,151.815870667869,178.579132955129
"3443",2036,14086,503.178689,0.0357219003975579,155.397634163957,182.363440345172
"3443",2037,14126,516.334158,0.0365520428996177,159.305474999926,186.230195121807
"3443",2038,14163,528.536369,0.0373181083809927,163.37905342541,189.871006228018
"3443",2039,14198,540.373138,0.0380598068742076,167.69016310112,193.451341448715
"3443",2040,14231,549.781926,0.0386326980535451,171.84028089149,196.344449426385
"3443",2041,14262,558.804265,0.0391813395736923,176.146871013562,199.146220397829
"3443",2042,14292,567.341036,0.0396964061013154,180.577295402293,201.824707717561
"3443",2043,14320,575.390606,0.0401809082402235,185.112710272374,204.373166471016
"3443",2044,14347,585.886613,0.0408368727260054,190.454633262885,207.715655823078
"3443",2045,14372,594.12652,0.041339167826329,195.492052771161,210.37483417989
"3443",2046,14396,602.907715,0.0418802247151987,200.89822617897,213.233207269377
"3443",2047,14419,615.224076,0.0426675966433178,207.574902985067,217.281580828245
"3443",2048,14441,625.447696,0.0433105530087944,213.966150527389,220.693135705285
"3443",2049,14462,635.772949,0.0439616200387222,220.687654739177,224.181978949794
"3443",2050,14481,646.369346,0.0446356844140598,227.80853956961,227.80853956961
"3446",2026,13536,378.430216,0.0279573150118203,180.868172535246,197.681725352463
"3446",2027,13548,388.144398,0.028649571744907,182.007639907062,200.873744778631
"3446",2028,13561,402.346913,0.0296694132438611,183.654856638751,205.599180792864
"3446",2029,13577,417.449087,0.0307467840465493,185.746227239297,210.746951714339
"3446",2030,13595,433.186551,0.0318636668628172,188.310445945423,216.241783781694
"3446",2031,13614,450.565027,0.033095712281475,191.493337889449,222.455088311128
"3446",2032,13633,463.063054,0.0339663356561285,194.614827450918,227.045622925901
"3446",2033,13654,478.192197,0.035022132488648,198.467847678767,232.704407389703
"3446",2034,13676,492.373107,0.0360027132933606,202.65170441642,238.12926104105
"3446",2035,13699,508.276357,0.0371031722753486,207.585012231506,244.33717081487
"3446",2036,13724,527.096599,0.0384069221072574,213.608250025337,251.859473737551
"3446",2037,13750,538.837747,0.0391881997818182,218.812564279132,256.683052251964
"3446",2038,13777,550.681993,0.0399711107643173,224.444523274323,261.626405953315
"3446",2039,13803,562.455356,0.0407487760631747,230.473252152123,266.61404621638
"3446",2040,13828,576.9005,0.0417197353196413,237.641554104831,272.82648656773
"3446",2041,13854,591.924178,0.0427258681969106,245.526711281792,279.417677406479
"3446",2042,13878,603.455502,0.0434828867271941,252.900412356672,284.572017652388
"3446",2043,13902,614.019127,0.0441676828513883,260.392997803319,289.363386851957
"3446",2044,13924,626.543183,0.0449973558603849,268.997220490401,295.125445794066
"3446",2045,13946,642.812258,0.0460929483722931,279.551946967915,302.75624242205
"3446",2046,13966,656.584486,0.0470130664470858,289.79770166062,309.350237247789
"3446",2047,13983,668.968887,0.0478415852821283,300.043704208178,315.387272347243
"3446",2048,13999,680.638841,0.0486205329666405,310.507689517822,321.170475154402
"3446",2049,14013,693.041933,0.049457070791408,321.858629323473,327.424549946465
"3446",2050,14025,710.559947,0.0506638108377897,336.464268130247,336.464268130247
"3447",2026,5693,158.055823,0.0277631868961883,84.684946291934,90.8494629193395
"3447",2027,5717,163.219011,0.0285497657862515,85.2120167836017,92.8146675171034
"3447",2028,5740,169.225316,0.029481762369338,85.9435551212381,95.1060292642175
"3447",2029,5763,176.958133,0.030705905431199,86.9913039045034,98.0767242564864
"3447",2030,5786,183.416117,0.0316999856550294,88.1578131080821,100.631252432328
"3447",2031,5808,189.836834,0.0326854053030303,89.523843626474,103.213369135562
"3447",2032,5830,197.09004,0.0338061818181818,91.206518716634,106.173903743489
"3447",2033,5850,202.536138,0.034621562051282,92.8645916065491,108.45404581117
"3447",2034,5869,208.426175,0.0355130644062021,94.7789788091886,110.947447022972
"3447",2035,5888,218.634583,0.0371322321671196,97.701064133653,115.316718019778
"3447",2036,5906,225.209883,0.0381323879105994,100.257312715773,118.225921506891
"3447",2037,5923,231.512118,0.0390869691034949,102.996459795659,121.06626301592
"3447",2038,5939,236.019945,0.0397406878262334,105.527239823487,123.140436042703
"3447",2039,5954,242.86325,0.0407899311387303,108.860414899822,126.315599829485
"3447",2040,5968,249.514845,0.0418087877010724,112.415051680705,129.464082689128
"3447",2041,5981,256.988618,0.0429675000835981,116.511747495576,133.074335842379
"3447",2042,5993,261.771838,0.0436795991990656,120.003201433894,135.433144905562
"3447",2043,6004,266.794048,0.0444360506329114,123.783649708305,137.943931807871
"3447",2044,6014,274.036058,0.0455663548387097,128.663355816063,141.630136536855
"3447",2045,6024,278.283359,0.0461957767264276,132.612691039126,143.831004355847
"3447",2046,6032,282.816226,0.0468859791114058,136.879677234087,146.211384981279
"3447",2047,6040,288.577526,0.0477777360927152,141.942375812615,149.287184014214
"3447",2048,6047,292.282788,0.0483351724822226,146.245586857411,151.292526332336
"3447",2049,6053,297.181619,0.0490965833471006,151.359905752988,153.984317665442
"3447",2050,6058,303.189613,0.0500478067018818,157.349493881533,157.349493881533
"3448",2026,6396,180.189469,0.0281722121638524,80.5601752306285,85.6017523062854
"3448",2027,6387,184.451472,0.0288792033818694,80.9367336703318,86.8126085115043
"3448",2028,6378,189.757216,0.0297518369394795,81.4629601991957,88.3597725668326
"3448",2029,6371,193.669701,0.0303986345942552,82.0229062402245,89.5195587775272
"3448",2030,6363,198.346436,0.031171842841427,82.7327810338716,90.9311241354865
"3448",2031,6355,204.185662,0.0321299232100708,83.662409778439,92.7388166206573
"3448",2032,6347,211.376187,0.0333033223570191,84.8842672031074,95.0285144710998
"3448",2033,6340,218.230358,0.0344211921135647,86.2610304466228,97.2718081286146
"3448",2034,6333,221.860654,0.0350324733933365,87.3885773968505,98.4714434921262
"3448",2035,6326,227.626534,0.0359826958583623,88.936840316283,100.427063580076
"3448",2036,6320,232.738372,0.0368256917721519,90.5439475570545,102.197784330641
"3448",2037,6315,240.881268,0.0381443021377672,92.865365286222,105.103151777994
"3448",2038,6309,245.752614,0.0389527047075606,94.7814129752528,106.875296318641
"3448",2039,6303,248.86733,0.0394839489132159,96.4622186078504,108.020797630384
"3448",2040,6297,256.871688,0.0407927089090043,99.4061977640772,111.049916422524
"3448",2041,6291,260.517962,0.0414112163408043,101.500947478574,112.454260345017
"3448",2042,6286,264.978092,0.0421536894686605,103.942398776987,114.203426824268
"3448",2043,6280,271.279269,0.0431973358280255,107.0863095462,116.727199384678
"3448",2044,6274,274.216844,0.0437068606949315,109.38937737865,117.921777262774
"3448",2045,6269,279.135103,0.0445262566597543,112.465277726938,119.957264894693
"3448",2046,6263,282.66689,0.0451328261216669,115.225733402265,121.442039296783
"3448",2047,6257,288.404107,0.0460930329231261,118.960498859077,123.89915364403
"3448",2048,6251,293.978414,0.0470290215965446,122.863543599261,126.338966053255
"3448",2049,6245,297.66692,0.047664839071257,126.18476958014,127.984176187159
"3448",2050,6238,304.074537,0.0487455173132414,130.896617255731,130.896617255731
"3449",2026,2852,99.116141,0.0347532051192146,43.7839042823956,50.8390428239558
"3449",2027,2840,103.069909,0.0362922214788732,44.2866172751038,52.3572165462093
"3449",2028,2830,106.918943,0.037780545229682,44.9071743426432,53.8981391008181
"3449",2029,2820,108.956523,0.038637064893617,45.4910774161411,54.7227172524287
"3449",2030,2811,111.612309,0.039705552828175,46.2092759288501,55.8371037154004
"3449",2031,2803,114.775568,0.0409474020692116,47.085467895794,57.2103231158052
"3449",2032,2796,120.540187,0.0431116548640916,48.4704394830229,59.8321214862243
"3449",2033,2790,123.400755,0.0442296612903226,49.5905335225866,61.1807821312734
"3449",2034,2784,123.949145,0.0445219630028736,50.376212623692,61.44053155923
"3449",2035,2779,128.584875,0.04627019611371,52.0646815901717,63.7192722061068
"3449",2036,2774,131.381495,0.0473617501802451,53.5167442524392,65.1405142156616
"3449",2037,2770,136.189678,0.0491659487364621,55.6398729008646,67.6631666358333
"3449",2038,2767,138.3908,0.0500147452114203,57.2206090988956,68.8556529070829
"3449",2039,2764,141.561849,0.0512162984804631,59.2217338864426,70.6114619343703
"3449",2040,2761,144.034122,0.0521673748641796,61.1353567913285,72.0165708661256
"3449",2041,2759,143.229658,0.0519136129032258,61.9251874341721,71.5663206553542
"3449",2042,2756,147.716374,0.0535981037735849,64.8189193139612,74.1698847342302
"3449",2043,2754,149.915232,0.0544354509803922,66.957798718587,75.4851508048637
"3449",2044,2751,151.808451,0.0551830065430752,69.0750299487689,76.6451999338954
"3449",2045,2749,156.588115,0.0569618461258639,72.7588178654059,79.6262373728073
"3449",2046,2746,157.153424,0.0572299431900947,74.4558139075908,80.0068398912833
"3449",2047,2744,159.082939,0.0579748319970846,76.9566362152255,81.2609985523668
"3449",2048,2741,163.82097,0.0597668624589566,81.3088330935512,84.4149546957311
"3449",2049,2737,165.840454,0.0605920548045305,84.2200424290396,85.8260181080931
"3449",2050,2734,167.118296,0.0611259312362838,86.7383054852454,86.7383054852454
"3450",2026,1263,44.249141,0.0350349493269992,25.8982036436907,24.9820364369075
"3450",2027,1265,44.447455,0.0351363280632411,25.8731022093208,25.0771069768784
"3450",2028,1267,47.655729,0.037613045777427,26.0899556609332,26.5140323481898
"3450",2029,1269,48.729937,0.0384002655634358,26.2160727245422,27.0168128213753
"3450",2030,1270,49.062465,0.0386318622047244,26.2938325922231,27.1753303688923
"3450",2031,1272,50.27111,0.0395213128930818,26.5038427670194,27.7524965809371
"3450",2032,1274,51.884327,0.0407255313971743,26.8246976399916,28.5375311999743
"3450",2033,1277,53.886902,0.04219804385278,27.2834078338904,29.5404354038356
"3450",2034,1279,54.300481,0.0424554190774042,27.5014499520331,29.7536248800827
"3450",2035,1281,55.803895,0.0435627595628415,27.9819978869643,30.5302808844899
"3450",2036,1284,57.185157,0.044536726635514,28.4986331977731,31.2602804163644
"3450",2037,1287,59.341142,0.0461081134421134,29.2944991377058,32.4282910004015
"3450",2038,1290,61.189632,0.047433823255814,30.1027740749854,33.4595892272462
"3450",2039,1293,60.53536,0.0468177571539056,30.164665214063,33.0887918537242
"3450",2040,1296,61.270956,0.0472769722222222,30.687598975865,33.500158361384
"3450",2041,1300,61.741938,0.0474937984615385,31.1431204684717,33.7632007071271
"3450",2042,1302,63.913764,0.0490889124423963,32.3105017007368,35.015002429624
"3450",2043,1306,63.596314,0.0486954931087289,32.5060942532074,34.8218227162134
"3450",2044,1308,65.37159,0.0499782798165138,33.6468553527901,35.8669101326324
"3450",2045,1311,64.825126,0.0494470831426392,33.7465077794647,35.5341634208797
"3450",2046,1313,66.367509,0.0505464653465347,34.8858801177337,36.4539766090984
"3450",2047,1315,68.642432,0.0521995680608365,36.5194644986017,37.8529177449033
"3450",2048,1317,69.377452,0.0526783993925588,37.386172918631,38.3093761282498
"3450",2049,1318,69.494605,0.0527273179059181,37.9152518315955,38.3794824224369
"3450",2050,1320,70.367338,0.0533085893939394,38.9292312421638,38.9292312421638
"3451",2026,6370,191.98539,0.0301389937205651,90.618400516503,105.18400516503
"3451",2027,6376,195.28364,0.0306279234629862,91.3944713359358,106.414336988624
"3451",2028,6382,205.644528,0.0322225835161391,92.7262436384538,110.292820791164
"3451",2029,6389,213.863665,0.0334737306307716,94.2009749152558,113.475176071792
"3451",2030,6397,222.66131,0.0348071455369705,95.9944099605465,116.977639842186
"3451",2031,6404,229.671192,0.0358637089319176,97.8670010200767,119.841742678528
"3451",2032,6411,237.686001,0.0370747154890033,100.112080037448,123.191015499841
"3451",2033,6418,246.306752,0.0383774933000935,102.734410411102,126.888028720282
"3451",2034,6425,255.517299,0.0397692294163424,105.78009110121,130.950227753025
"3451",2035,6431,262.775012,0.0408606767221272,108.79130248437,134.237262821417
"3451",2036,6437,270.687104,0.0420517483299674,112.230673225943,137.906680475669
"3451",2037,6441,277.936435,0.0431511310355535,115.828719063545,141.348720123991
"3451",2038,6444,285.440002,0.0442954689633768,119.798103194371,144.996551262493
"3451",2039,6446,291.585254,0.0452350688799255,123.692665649342,148.051345786115
"3451",2040,6447,296.798793,0.0460367291763611,127.557488026595,150.691980842552
"3451",2041,6447,304.018804,0.0471566316116023,132.345032475168,154.426464113461
"3451",2042,6446,306.937374,0.0476167195159789,135.874235052654,155.963192932363
"3451",2043,6445,310.905792,0.0482398435996897,139.944707799288,158.07756989734
"3451",2044,6443,313.023234,0.0485834601893528,143.420471963879,159.21996382436
"3451",2045,6441,317.545111,0.0493005916783108,148.056838488388,161.685339678016
"3451",2046,6439,321.170456,0.0498789339959621,152.487783432369,163.691509920434
"3451",2047,6437,324.858481,0.0504673731551965,157.123733985428,165.759136884989
"3451",2048,6434,326.653842,0.0507699474665838,160.947738906043,166.781339357885
"3451",2049,6432,331.977412,0.0516134036069652,166.800840118432,169.832041681488
"3451",2050,6429,334.125386,0.0519715952714263,171.087171627969,171.087171627969
"3452",2026,2156,63.328992,0.0293733729128015,22.5500956162726,27.5009561627257
"3452",2027,2156,63.847311,0.0296137806122449,22.7763053583492,27.6458571516305
"3452",2028,2156,68.231977,0.0316474846938775,23.2079519640068,28.9025826514672
"3452",2029,2156,72.736888,0.033736961038961,23.7538255627878,30.25329676606
"3452",2030,2156,73.970641,0.034309202690167,24.1585259122513,30.6341036490053
"3452",2031,2157,75.718668,0.0351036940194715,24.6407530163362,31.1852278829087
"3452",2032,2158,79.268629,0.0367324508804449,25.357414845337,32.3305072164215
"3452",2033,2159,81.715796,0.0378489096804076,26.03991285887,33.1445871968827
"3452",2034,2160,84.248319,0.0390038513888889,26.803101521272,34.0077538031799
"3452",2035,2162,87.69262,0.0405608788159112,27.7827525336127,35.2177200768291
"3452",2036,2164,90.417706,0.0417826737523105,28.7471031829769,36.2044277536357
"3452",2037,2165,92.02169,0.0425042448036952,29.5834633555827,36.7970016694297
"3452",2038,2167,92.976785,0.0429057614213198,30.3356217738248,37.1556759524087
"3452",2039,2167,96.705439,0.0446264139363175,31.7406267535856,38.5797902188691
"3452",2040,2168,99.757063,0.0460134054428044,33.1160837511847,39.7857340018955
"3452",2041,2168,102.714472,0.0473775239852399,34.5808413926497,40.989949271924
"3452",2042,2168,104.734715,0.0483093703874539,35.8834156331637,41.8334509045196
"3452",2043,2167,105.578129,0.0487208717120443,36.8915802320741,42.1919731960327
"3452",2044,2166,108.122599,0.0499180974145891,38.500324108023,43.2907407845458
"3452",2045,2165,109.735206,0.0506860073903002,39.8776178030332,44.0032219114255
"3452",2046,2164,111.076914,0.0513294426987061,41.2150027439467,44.6058855811138
"3452",2047,2162,114.610463,0.053011314986124,43.5072661698041,46.2335393462581
"3452",2048,2160,114.402209,0.0529639856481481,44.3322812810247,46.143006790297
"3452",2049,2158,116.921917,0.0541806844300278,46.392460120833,47.3428157099564
"3452",2050,2156,117.832351,0.054653224025974,47.7900370354779,47.7900370354779
"3453",2026,3220,89.237433,0.0277134885093168,30.8286501400794,38.2865014007944
"3453",2027,3220,95.414423,0.0296318083850932,31.3648388257709,39.9261005510615
"3453",2028,3220,97.715142,0.0303463173913043,31.8470522639188,40.5545843652504
"3453",2029,3219,103.656294,0.0322013960857409,32.5967019899921,42.2197740705512
"3453",2030,3219,108.465781,0.0336954895930413,33.4053551330875,43.6214205323501
"3453",2031,3218,113.1205,0.0351524238657551,34.3179672247664,45.0190164339699
"3453",2032,3217,116.683053,0.036270765620143,35.2386029188141,46.1187782117356
"3453",2033,3214,122.403145,0.0380843637212197,36.5029151608535,47.9390763058027
"3453",2034,3212,126.867516,0.0394979813200498,37.7651099000718,49.4127747501796
"3453",2035,3209,129.95147,0.0404959395450296,38.9492222655207,50.4553651783329
"3453",2036,3206,133.5814,0.0416660636306925,40.314228019971,51.7141642525704
"3453",2037,3204,137.64212,0.0429594631710362,41.8715185662363,53.1639386658269
"3453",2038,3201,141.842106,0.0443118106841612,43.5892432001218,54.7077149093123
"3453",2039,3198,144.850642,0.0452941344590369,45.1826210316674,55.8427592028381
"3453",2040,3194,147.35235,0.0461341108328115,46.7540174407048,56.8064279051277
"3453",2041,3190,150.34914,0.0471313918495298,48.5405129831125,57.9856799745094
"3453",2042,3187,153.25879,0.0480887323501726,50.4093591155335,59.1562273079051
"3453",2043,3183,154.410077,0.048510863022306,51.851887444022,59.6296778901993
"3453",2044,3179,157.834676,0.0496491588549858,54.067768517334,61.0551851836567
"3453",2045,3175,160.345335,0.0505024677165354,56.1027343156898,62.1264422346951
"3453",2046,3171,160.961848,0.0507605953957742,57.5393763767634,62.3992663256039
"3453",2047,3167,164.238284,0.0518592623934323,60.0288799096039,63.8353576446241
"3453",2048,3163,166.816874,0.0527400803035093,62.3695939238466,64.9941555933476
"3453",2049,3159,169.734086,0.0537303216207661,64.9698910267469,66.3323543135033
"3453",2050,3155,173.919231,0.0551249543581616,68.2990772949761,68.2990772949761
"3454",2026,1604,44.318921,0.02763025,14.181296696051,15.8129669605099
"3454",2027,1612,46.227039,0.0286768232009926,14.3106930852719,16.2595860747051
"3454",2028,1620,48.145218,0.0297192703703704,14.4754574773841,16.7168998707661
"3454",2029,1628,48.349932,0.0296989754299754,14.59330029054,16.7920013672471
"3454",2030,1635,51.374197,0.0314215272171254,14.8778265587951,17.5113062351804
"3454",2031,1641,52.667785,0.0320949329677026,15.1029061538512,17.8361953177433
"3454",2032,1647,53.40843,0.0324277049180328,15.3104330288691,18.0321016272895
"3454",2033,1653,55.859517,0.0337928112522686,15.6841641742898,18.6459701359718
"3454",2034,1659,58.824749,0.0354579559975889,16.162940376918,19.4073509422949
"3454",2035,1665,61.53854,0.0369600840840841,16.6808714764875,20.1277062319715
"3454",2036,1670,61.402527,0.036767980239521,16.8991876113899,20.103552866084
"3454",2037,1675,63.095259,0.0376688113432836,17.3644245490115,20.5647308273395
"3454",2038,1680,65.755224,0.0391400142857143,18.0151210715369,21.3002201300671
"3454",2039,1685,66.235462,0.0393088795252226,18.3725379971532,21.4426178674948
"3454",2040,1690,67.091175,0.0396989201183432,18.8064944539315,21.6903911262904
"3454",2041,1694,68.272146,0.0403023293978749,19.3201418869677,22.0304028482531
"3454",2042,1698,68.928831,0.040594128975265,19.7566078356504,22.2237254795006
"3454",2043,1702,71.176594,0.0418193854289072,20.5495617640098,22.8807617139116
"3454",2044,1705,71.35128,0.0418482580645161,20.9250612277885,22.9355628745658
"3454",2045,1709,72.330104,0.0423230567583382,21.4987355298762,23.2292129598476
"3454",2046,1712,73.708528,0.043054046728972,22.1980830463224,23.6448035839087
"3454",2047,1715,73.95428,0.0431220291545189,22.6277975902386,23.7214620735083
"3454",2048,1717,73.762365,0.0429600262085032,22.9402847993008,23.6651727560009
"3454",2049,1720,77.065415,0.0448054738372093,24.2818022984911,24.6823919984323
"3454",2050,1722,77.538832,0.0450283577235772,24.8317800263942,24.8317800263942
"3901",2026,27614,701.23985,0.0253943597450569,237.947376241347,246.473762413465
"3901",2027,27704,725.96591,0.0262043715708923,239.02047972833,251.694398024215
"3901",2028,27791,751.402195,0.0270376091180598,240.521991713694,257.125666935392
"3901",2029,27877,776.118268,0.0278408102737023,242.416569800909,262.48974023957
"3901",2030,27962,808.463954,0.028912951648666,245.133367810879,269.533471243516
"3901",2031,28046,831.548436,0.0296494486201241,247.847577589629,274.73070465958
"3901",2032,28127,863.244269,0.0306909470970953,251.582349334283,281.86876718241
"3901",2033,28208,890.261155,0.0315605911443562,255.525766100394,288.10556165626
"3901",2034,28287,916.214204,0.0323899389825715,259.879140742465,294.197851856162
"3901",2035,28366,944.927641,0.0333119805753367,265.011353262449,301.02595031417
"3901",2036,28448,967.673553,0.0340155214074803,270.048049277972,306.574840585205
"3901",2037,28530,995.718372,0.034900749106204,276.18876810498,313.465888985327
"3901",2038,28610,1018.608729,0.0356032411394617,282.215040748323,319.209164996952
"3901",2039,28688,1044.803177,0.0364195195552147,289.194627122734,325.841918506782
"3901",2040,28765,1067.812962,0.0371219524422041,296.232378569825,331.77180571172
"3901",2041,28838,1087.92328,0.037725337402039,303.269771321607,337.029843504313
"3901",2042,28909,1107.687938,0.0383163699194023,310.677036127807,342.252908754009
"3901",2043,28977,1127.413219,0.0389071753114539,318.506373854615,347.517117091004
"3901",2044,29042,1154.894044,0.039766339921493,328.372260268422,354.899690668931
"3901",2045,29103,1179.180184,0.0405174787478954,338.182867076884,361.532759479241
"3901",2046,29162,1198.447033,0.041096187950072,347.395869777779,366.87749385621
"3901",2047,29216,1221.326438,0.0418033419359255,357.950814832506,373.282608261979
"3901",2048,29267,1242.742474,0.0424622432774114,368.682053571837,379.358976834419
"3901",2049,29314,1269.258561,0.043298716006004,381.355423694816,386.979660981627
"3901",2050,29358,1293.206209,0.0440495336535186,393.97373559221,393.97373559221
"3903",2026,25871,593.344053,0.0229347165938696,236.806884400575,262.068844005753
"3903",2027,26080,617.134412,0.0236631292944785,238.733594983335,268.426145333344
"3903",2028,26286,642.611844,0.0244469239899566,241.213782827048,275.22161615456
"3903",2029,26490,671.911058,0.0253647058512646,244.407840843897,282.978074559514
"3903",2030,26691,704.484929,0.0263941002210483,248.403444355091,291.613777420362
"3903",2031,26888,736.084658,0.0273759542546861,253.015024192203,300.139214581577
"3903",2032,27082,767.006142,0.0283216210767299,258.251135441508,308.618878281562
"3903",2033,27271,795.331957,0.0291640188111914,263.923753208546,316.54828471323
"3903",2034,27456,827.687607,0.0301459647071678,270.644106196009,325.610265490023
"3903",2035,27637,860.415607,0.0311327425914535,278.145222931941,334.90336670158
"3903",2036,27815,892.4318,0.0320845515009887,286.319641414293,344.146613503774
"3903",2037,27989,920.844068,0.0329002132266247,294.746238261069,352.529245387451
"3903",2038,28157,946.451307,0.0336133574954718,303.419371812753,360.217039659552
"3903",2039,28321,973.778626,0.0343836243776703,312.99948371295,368.467206319914
"3903",2040,28480,1001.447061,0.0351631692766854,323.314978725927,376.903965961483
"3903",2041,28633,1030.065373,0.0359747624419376,334.508690530851,385.711230989963
"3903",2042,28782,1056.55029,0.0367087169063998,345.992277148438,393.988967354911
"3903",2043,28925,1079.889091,0.0373341085911841,357.454862866374,401.396424225592
"3903",2044,29063,1104.257398,0.0379952997969927,369.766742809291,409.182893947472
"3903",2045,29195,1129.752241,0.0386967713992122,383.006528523907,417.392650490962
"3903",2046,29322,1157.896979,0.0394890177682286,397.651642540158,426.531344164891
"3903",2047,29442,1182.963655,0.0401794597853407,412.200864185237,434.789706124211
"3903",2048,29557,1210.472234,0.0409538259633928,428.19385746101,443.939305363254
"3903",2049,29666,1234.290174,0.0416062217353199,443.802163228468,451.976273484122
"3903",2050,29768,1264.189414,0.0424680668503091,462.155438794819,462.155438794819
"3905",2026,59048,1324.934402,0.0224382604321908,728.765104099433,798.65104099433
"3905",2027,59393,1368.591406,0.0230429748623575,733.78839467349,814.006506716292
"3905",2028,59735,1421.844266,0.0238025322842555,740.495042863719,832.400244935536
"3905",2029,60072,1472.026295,0.0245043663437209,748.420497293493,850.037634322322
"3905",2030,60403,1526.593091,0.0252734647451286,758.053075630627,869.212302522507
"3905",2031,60728,1591.633765,0.0262092241634831,770.147701304116,891.948526275185
"3905",2032,61046,1653.4169,0.0270847705009337,783.706989272719,913.944582377597
"3905",2033,61359,1718.323313,0.0280044217311234,799.403152099823,937.284557516753
"3905",2034,61668,1781.297994,0.0288852888694298,816.727493461942,960.318733654855
"3905",2035,61972,1841.94437,0.0297222030917188,835.568184366023,982.870135693766
"3905",2036,62273,1909.536734,0.0306639592439741,857.413504671224,1008.18632562363
"3905",2037,62566,1973.620785,0.0315446214397596,880.704367033415,1032.61827713837
"3905",2038,62848,2041.429657,0.0324820146544043,906.760387204487,1058.74615855361
"3905",2039,63119,2103.441956,0.0333250202949983,933.726214925758,1083.08717434172
"3905",2040,63378,2162.151146,0.0341151684496197,961.924028723814,1106.4784459581
"3905",2041,63625,2224.623636,0.0349646151041257,993.028280853742,1131.60872581697
"3905",2042,63861,2285.166347,0.0357834413335212,1025.7231512167,1156.31878745242
"3905",2043,64086,2347.932914,0.0366372205161814,1061.17368993405,1182.25246092752
"3905",2044,64299,2407.592023,0.0374436931056471,1097.86564625593,1207.27825323346
"3905",2045,64501,2465.902079,0.0382304472643835,1136.25158622351,1232.07887535201
"3905",2046,64691,2530.800054,0.0391213623842575,1179.1576949741,1260.0090529107
"3905",2047,64869,2589.365203,0.0399168355146526,1222.11617214752,1285.63794044791
"3905",2048,65037,2651.265978,0.0407655023755708,1268.69484204947,1313.10253194537
"3905",2049,65193,2708.667033,0.0415484336201739,1315.79870956825,1338.97268526571
"3905",2050,65338,2770.289911,0.042399368070648,1367.14562138173,1367.14562138173
"3907",2026,66099,1556.028914,0.0235408843401564,808.606896397131,850.068963971308
"3907",2027,66427,1613.216429,0.0242855529980279,812.84220749681,868.306963613163
"3907",2028,66752,1669.831506,0.0250154528104027,818.452988174555,886.588503854598
"3907",2029,67075,1732.972409,0.025836338561312,825.889334644221,907.008633619861
"3907",2030,67392,1795.162583,0.0266376214239079,834.849371866416,927.397487465666
"3907",2031,67704,1861.200232,0.0274902551104809,845.750333429364,949.218551058656
"3907",2032,68009,1932.65953,0.0284177025099619,858.932272615006,973.022377276942
"3907",2033,68308,2001.670896,0.0293036085963577,873.748721753966,996.410266907493
"3907",2034,68601,2070.36398,0.0301797930059329,890.413897414451,1020.03474353613
"3907",2035,68890,2134.99486,0.0309913610103063,908.416334074837,1042.66590645677
"3907",2036,69175,2201.583759,0.0318262921431153,928.575019008877,1066.26319791343
"3907",2037,69454,2273.190434,0.0327294386788378,951.55326328339,1091.90880640661
"3907",2038,69723,2341.74676,0.0335864314501671,976.076021236264,1116.86549315684
"3907",2039,69982,2412.356679,0.0344711022691549,1003.10588839426,1142.90363982002
"3907",2040,70232,2472.298308,0.0352018781751908,1029.90984109431,1165.4557457509
"3907",2041,70473,2532.076902,0.0359297447533098,1058.53944041414,1188.21047609681
"3907",2042,70704,2591.332494,0.0366504369484046,1088.92384504808,1211.0340643544
"3907",2043,70926,2648.665255,0.0373440664213405,1120.67986370143,1233.39642535788
"3907",2044,71138,2715.136036,0.0381671685456437,1157.04545949836,1259.54252838498
"3907",2045,71339,2773.595055,0.038879085142769,1193.11547873006,1282.911358437
"3907",2046,71531,2839.761147,0.0396997266499839,1233.80068003224,1309.64785886146
"3907",2047,71711,2897.891441,0.0404106962809053,1273.93794724928,1333.50754619638
"3907",2048,71881,2954.327685,0.0411002585523296,1315.49665558289,1356.96935738691
"3907",2049,72040,3021.264949,0.0419387138950583,1363.33399972709,1385.12623348269
"3907",2050,72187,3083.8354,0.0427200936456703,1411.86290413172,1411.86290413172
"3909",2026,47579,1281.161196,0.0269270307488598,596.639649957213,701.396499572132
"3909",2027,47727,1323.301404,0.0277264735684204,603.009952142688,715.981470128643
"3909",2028,47871,1368.011446,0.0285770392513213,610.658283095772,731.61876054727
"3909",2029,48013,1417.015889,0.0295131712036323,619.841334201979,748.959219774021
"3909",2030,48153,1473.415987,0.0305986332523415,631.044702047515,769.178808190058
"3909",2031,48292,1525.396402,0.0315869378364947,643.433049359432,788.245389076287
"3909",2032,48430,1583.712509,0.0327010635762957,658.120419356068,809.985905710978
"3909",2033,48567,1639.442641,0.0337563086251982,674.258954088379,831.231597485184
"3909",2034,48703,1694.684045,0.0347962968400304,692.090328935668,852.72582233917
"3909",2035,48836,1752.124559,0.0358777246088951,712.097250779363,875.5080017814
"3909",2036,48969,1806.159792,0.0368837385284568,733.395507465304,897.411594663798
"3909",2037,49097,1865.222101,0.0379905513778846,757.605665760391,921.791542947105
"3909",2038,49219,1918.943703,0.0389878645035454,782.696764575262,944.448662864112
"3909",2039,49334,1977.323382,0.0400803377386792,810.913787902006,969.534107067245
"3909",2040,49443,2025.624047,0.0409688741985721,838.583272127702,990.733235404324
"3909",2041,49545,2069.806005,0.0417762842870118,866.863585100424,1010.45446807611
"3909",2042,49641,2113.78988,0.0425815330069902,896.773467577695,1030.39066796814
"3909",2043,49732,2154.165867,0.0433154883575967,927.181297206388,1048.97464027985
"3909",2044,49816,2199.958821,0.0441616914445158,961.1565168918,1070.36324760232
"3909",2045,49895,2240.734083,0.0449089905401343,995.082525693644,1089.71695469987
"3909",2046,49966,2280.344233,0.0456379184445423,1030.22563627702,1108.79486620826
"3909",2047,50032,2314.463953,0.0462596728693636,1064.65119519897,1125.45205092842
"3909",2048,50090,2346.193721,0.0468395632062288,1099.4205488759,1141.13032310909
"3909",2049,50141,2382.36505,0.0475133134560539,1137.70592333511,1159.23992034817
"3909",2050,50186,2416.505755,0.0481509934045351,1176.56687107761,1176.56687107761
"3911",2026,27423,742.681809,0.0270824420741713,319.816711889917,381.167118899171
"3911",2027,27555,770.619934,0.0279666098348757,323.652976935565,390.476195895018
"3911",2028,27685,796.867106,0.0287833522123894,328.117458455912,399.385476890924
"3911",2029,27815,827.617332,0.0297543531188208,333.584612241842,409.86876349102
"3911",2030,27943,859.550576,0.0307608551694521,339.978610816613,420.914443266453
"3911",2031,28070,895.836072,0.0319143595297471,347.679537346546,433.624477727115
"3911",2032,28194,933.159089,0.0330977899198411,356.535023546417,446.95391860436
"3911",2033,28316,964.950537,0.0340779254485097,365.78330799776,458.609125511062
"3911",2034,28436,996.841379,0.0350556118652412,376.000498694316,470.50124673579
"3911",2035,28553,1033.284627,0.0361883034006934,387.935234853488,484.280536807973
"3911",2036,28671,1063.757696,0.0371022181298176,399.969767116984,496.094246562071
"3911",2037,28784,1099.362818,0.0381935387020567,414.000158987431,510.073480951085
"3911",2038,28894,1131.057644,0.0391450697030525,428.381307821026,522.784196038229
"3911",2039,28998,1160.049047,0.0400044502034623,443.198853497014,534.615069782151
"3911",2040,29099,1195.826744,0.0410951147462112,460.763110648803,549.420977038084
"3911",2041,29194,1220.684711,0.0418128626087552,476.59184703645,559.931089866339
"3911",2042,29286,1248.405199,0.0426280543262993,494.156089243296,571.794413204709
"3911",2043,29372,1279.561913,0.0435640035748332,513.841233963068,585.327096899076
"3911",2044,29453,1302.405265,0.0442197828744101,531.872044812179,595.415541693133
"3911",2045,29529,1333.638446,0.0451636847167192,553.822350394461,609.396738947028
"3911",2046,29598,1356.724077,0.0458383700587878,573.861500426971,619.89588285526
"3911",2047,29664,1382.964508,0.0466209718176915,596.110568874584,631.997824084038
"3911",2048,29723,1405.342392,0.047281310500286,617.752171305502,642.461806816759
"3911",2049,29776,1428.028319,0.0479590381179473,640.455144322312,653.213136958246
"3911",2050,29823,1452.175973,0.0486931553834289,664.827674086025,664.827674086025
"4001",2026,37056,908.003775,0.0245035561042746,442.564343471826,483.64343471826
"4001",2027,37171,936.524553,0.0251950324984531,445.498298879594,492.53308276068
"4001",2028,37289,974.792755,0.0261415633296683,449.62458042935,504.426173882002
"4001",2029,37407,1006.975065,0.0269194285828856,454.298777028312,514.700127192057
"4001",2030,37525,1041.264545,0.0277485554963358,459.941730422566,525.766921690263
"4001",2031,37642,1076.761582,0.0286053233622018,466.570795327174,537.376679398865
"4001",2032,37758,1111.134162,0.0294277811854441,474.013636729439,548.811189936734
"4001",2033,37872,1150.380097,0.0303754778464301,482.946567663134,561.990531484507
"4001",2034,37985,1186.052381,0.0312242301171515,492.489082076513,574.222705191283
"4001",2035,38096,1220.648074,0.0320413711150777,502.872444085417,586.279872195239
"4001",2036,38207,1256.945426,0.0328983020388934,514.525343723636,599.105986786601
"4001",2037,38315,1293.379627,0.0337564825003262,527.265365089461,612.176322125777
"4001",2038,38419,1329.496188,0.034605174210677,541.032598694033,625.331997625514
"4001",2039,38518,1364.275769,0.0354191746456202,555.616711029842,638.198657072071
"4001",2040,38613,1396.134095,0.0361570998109445,570.610115506288,650.176184810061
"4001",2041,38703,1426.813927,0.0368657191173811,586.310433956658,661.864805972315
"4001",2042,38787,1460.668165,0.0376587043339263,603.829432731757,674.899189616795
"4001",2043,38867,1490.680535,0.0383533726554661,621.371232824151,686.638959761561
"4001",2044,38942,1520.858032,0.0390544407580504,639.95571531038,698.588019755329
"4001",2045,39012,1553.715239,0.0398265979442223,660.427137059998,711.756476381536
"4001",2046,39077,1582.08943,0.0404864608337385,680.505350557734,723.300412420863
"4001",2047,39138,1612.26373,0.0411943310848791,702.231911613149,735.726097592281
"4001",2048,39194,1638.152094,0.0417959915803439,723.392807115375,746.532764449054
"4001",2049,39244,1667.819029,0.04249870117725,747.016025677906,759.055611093929
"4001",2050,39291,1701.997136,0.0433177352574381,773.693161398045,773.693161398045
"4003",2026,55614,1361.395424,0.0244793653396627,609.076372489259,681.763724892596
"4003",2027,55798,1412.124747,0.0253078021972114,614.133869857465,696.519053508835
"4003",2028,55978,1461.094308,0.0261012238379363,620.248380360331,710.990744916177
"4003",2029,56153,1518.549636,0.0270430722490339,627.997978986193,728.049312876204
"4003",2030,56321,1574.929733,0.0279634547149376,637.016896555812,745.067586223248
"4003",2031,56482,1634.16629,0.0289325146064233,647.630786124542,763.194038694058
"4003",2032,56637,1697.355655,0.029969024754136,660.093344178185,782.825674394416
"4003",2033,56786,1753.777977,0.0308839850843518,673.406137686694,800.741069480536
"4003",2034,56931,1809.318623,0.0317809036026067,688.072140637752,818.680351594379
"4003",2035,57073,1865.315156,0.0326829701610219,704.279006482399,837.066300531197
"4003",2036,57214,1925.073352,0.0336468932778691,722.601379149436,857.002903472497
"4003",2037,57350,1982.559268,0.0345694728509154,742.214252401016,876.54000468491
"4003",2038,57479,2031.929585,0.0353508165590911,761.954789611801,893.645072021455
"4003",2039,57601,2080.580942,0.0361205698164962,782.97099638026,910.737866179166
"4003",2040,57718,2122.748103,0.0367779220173949,803.997227556272,925.795564090035
"4003",2041,57829,2167.082217,0.0374739701015062,826.77801918635,941.797010092604
"4003",2042,57935,2207.443348,0.038102068663157,849.896867644702,956.566953778146
"4003",2043,58035,2248.409527,0.0387423025243388,874.407898707429,971.722574518548
"4003",2044,58130,2293.057007,0.0394470498365732,901.253127446864,988.423390254018
"4003",2045,58220,2331.315698,0.0400432102026795,927.575269561439,1002.93879330639
"4003",2046,58303,2371.524991,0.040675865581531,955.751605104253,1018.35482953442
"4003",2047,58381,2410.800589,0.041294266782001,984.928130477154,1033.59507659398
"4003",2048,58452,2450.498872,0.0419232681858619,1015.56556743321,1049.17899181969
"4003",2049,58517,2495.217268,0.0426408952612061,1049.47889663684,1066.95210040191
"4003",2050,58574,2534.832652,0.0432757307337727,1082.91518928714,1082.91518928714
"4005",2026,12829,355.021977,0.0276733944188947,194.908347448382,221.083474483816
"4005",2027,12844,365.720959,0.0284740703052009,196.571877938018,225.250021367404
"4005",2028,12860,374.086446,0.0290891482115086,198.402090600542,228.583374860241
"4005",2029,12876,386.796898,0.0300401442994719,200.855993905451,233.675265437416
"4005",2030,12892,401.635054,0.0311538205088427,203.932798972328,239.731195889313
"4005",2031,12909,415.375788,0.0321772242621427,207.374888124475,245.477871737305
"4005",2032,12925,430.393705,0.0332993195357834,211.462699996825,251.885230759461
"4005",2033,12940,440.246475,0.0340221387171561,215.270201674834,256.193659792644
"4005",2034,12956,455.634691,0.0351678520376659,220.406276166662,263.015690416655
"4005",2035,12971,469.966336,0.0362320820291419,225.913981661348,269.517672368796
"4005",2036,12986,481.609215,0.0370868023255814,231.386091841885,274.918088088178
"4005",2037,13000,495.471856,0.0381132196923077,237.84781426444,281.459149784273
"4005",2038,13013,505.832306,0.0388713060785369,243.946547632633,286.448268422969
"4005",2039,13025,516.337148,0.0396420075239923,250.505333817297,291.583546923059
"4005",2040,13035,528.031929,0.0405087785960875,257.86810266346,297.388964261536
"4005",2041,13044,540.070887,0.0414037785188592,265.851353514184,303.473741153485
"4005",2042,13052,554.611251,0.0424924341863316,275.280929918782,310.972757026831
"4005",2043,13058,563.41955,0.0431474613263899,283.156783181201,315.602417872814
"4005",2044,13063,570.143897,0.0436457090254918,290.565033101468,319.180687872862
"4005",2045,13067,582.604802,0.0445859647968164,300.800672581646,325.908520100487
"4005",2046,13070,591.646863,0.045267548814078,310.045011314265,330.876483899136
"4005",2047,13071,602.622453,0.0461037757631398,320.692867242114,337.006047596749
"4005",2048,13071,609.023415,0.0465934829010787,329.48546604488,340.632936264735
"4005",2049,13070,614.52401,0.0470179043611324,338.089751093803,343.781559577977
"4005",2050,13067,624.574194,0.0477978261268845,349.612477062403,349.612477062403
"4010",2026,2472,67.16458,0.0271701375404531,22.586610425341,27.8661042534095
"4010",2027,2489,69.272959,0.0278316428284452,22.8891301603142,28.4664011659216
"4010",2028,2506,72.552364,0.0289514620909816,23.2899344497142,29.3710539983669
"4010",2029,2523,75.69751,0.0300029766151407,23.7547932423435,30.2578505522049
"4010",2030,2540,77.884815,0.030663312992126,24.2261534431872,30.904613772749
"4010",2031,2557,83.827566,0.0327835612045366,25.0438516802189,32.5873101920658
"4010",2032,2574,85.66833,0.0332821794871795,25.6281253515123,33.163462620038
"4010",2033,2591,89.997283,0.0347345746815901,26.5165058212688,34.4593264035001
"4010",2034,2607,91.77783,0.0352043843498274,27.212010179796,35.03002544949
"4010",2035,2624,96.698681,0.0368516314786585,28.3661296553517,36.5511534979468
"4010",2036,2640,100.041757,0.0378946049242424,29.4204738258769,37.6220501597408
"4010",2037,2655,101.997513,0.0384171423728814,30.3386101434611,38.2704588165094
"4010",2038,2669,108.087593,0.040497412139378,32.0441523963656,40.2620952661192
"4010",2039,2683,108.115412,0.040296463660082,32.7488381880364,40.295894788147
"4010",2040,2696,113.541661,0.042114859421365,34.5831394515401,42.1330231224642
"4010",2041,2707,116.280181,0.0429553679349834,35.9717113522896,43.0893756260976
"4010",2042,2718,118.261851,0.043510614790287,37.2549470771735,43.7927815388193
"4010",2043,2728,123.197396,0.0451603357771261,39.3813068763125,45.5678737305932
"4010",2044,2737,125.148622,0.0457247431494337,40.82145516962,46.2857486059613
"4010",2045,2746,128.820826,0.0469121726147123,42.848003776521,47.6590815711027
"4010",2046,2753,131.22137,0.0476648637849619,44.5872357384883,48.5732185158686
"4010",2047,2760,134.194896,0.0486213391304348,46.6064538366201,49.725581787741
"4010",2048,2766,137.538945,0.0497248535791757,48.8716011905891,51.0503796655018
"4010",2049,2772,139.946823,0.0504858668831169,50.8935833059272,52.0193073308334
"4010",2050,2776,143.47702,0.0516848054755043,53.4776976827968,53.4776976827968
"4012",2026,14050,370.748101,0.0263877651957295,147.816559164804,173.165591648042
"4012",2027,14051,386.397949,0.027499676108462,149.460314702813,177.438652384092
"4012",2028,14052,401.277715,0.0285566264588671,151.404799169211,181.598852395491
"4012",2029,14054,419.037266,0.0298162278354917,153.860188652171,186.695005421981
"4012",2030,14056,440.99275,0.0313739861980649,157.047293841908,193.189175367633
"4012",2031,14058,459.749915,0.0327037925024897,160.50073557382,198.915601995897
"4012",2032,14060,476.472799,0.0338885347795164,164.228085362649,204.163339577382
"4012",2033,14062,493.096758,0.0350659051344048,168.386960235207,209.515752372985
"4012",2034,14064,508.848058,0.0361808914960182,172.886192943344,214.715482358359
"4012",2035,14065,526.004215,0.037398095627444,178.040345969465,220.520790787348
"4012",2036,14067,543.602612,0.0386438197199119,183.779193605153,226.640407589795
"4012",2037,14067,555.325574,0.0394771858960688,188.976025807769,230.806879624916
"4012",2038,14065,569.482115,0.0404893078563811,195.015152091698,235.936640166723
"4012",2039,14061,578.815745,0.0411646216485314,200.446619806825,239.377225203106
"4012",2040,14056,590.502369,0.0420106978514513,206.724296592467,243.758874547948
"4012",2041,14051,601.555436,0.0428122863853107,213.223870811475,247.979427639962
"4012",2042,14044,609.443948,0.0433953252634577,219.224473854739,251.034962649627
"4012",2043,14037,618.350529,0.0440514731780295,225.781716898917,254.534531388362
"4012",2044,14030,625.284077,0.0445676462580185,232.028132300885,257.294364259207
"4012",2045,14022,633.25233,0.0451613414634146,238.849097787316,260.506581892082
"4012",2046,14013,640.313652,0.0456942590451723,245.631361644291,263.389837228578
"4012",2047,14004,647.808853,0.0462588441159669,252.821754563488,266.489300916607
"4012",2048,13995,655.379113,0.0468295186137906,260.311442197201,269.661018591569
"4012",2049,13984,661.484521,0.0473029548770023,267.480100431715,272.252052396587
"4012",2050,13973,670.090715,0.0479561092821871,275.949750833065,275.949750833065
"4014",2026,10168,323.037731,0.0317700364870181,145.268650989617,174.686509896173
"4014",2027,10146,331.736187,0.0326962534003548,146.932623486477,177.873625356198
"4014",2028,10123,348.25161,0.034402016200731,149.387200979615,184.21257702637
"4014",2029,10101,361.346458,0.0357733351153351,152.073686165458,189.405581955095
"4014",2030,10078,374.341206,0.0371443943242707,155.180907039032,194.72362815613
"4014",2031,10056,387.696438,0.0385537428400955,158.783531008234,200.377499159074
"4014",2032,10034,397.735412,0.0396387693840941,162.389823274792,204.737917768591
"4014",2033,10011,413.84216,0.0413387433822795,167.375738502217,212.002037247494
"4014",2034,9989,426.659058,0.0427128899789769,172.394638809143,217.986597022857
"4014",2035,9967,438.574796,0.0440026884719575,177.755179408734,223.72612436282
"4014",2036,9945,449.147144,0.0451631115133233,183.309424008529,228.967208439007
"4014",2037,9924,458.729153,0.0462242193671906,189.070727914019,233.845322759062
"4014",2038,9903,467.361109,0.0471938916489953,194.992185710364,238.349428564299
"4014",2039,9882,476.916131,0.0482610940093099,201.606384989098,243.457676577188
"4014",2040,9860,484.600033,0.0491480763691684,208.044654126816,247.671446602906
"4014",2041,9840,491.129314,0.0499115156504065,214.4301136561,251.32847344317
"4014",2042,9819,494.312664,0.0503424650168042,219.816042048921,253.165774355602
"4014",2043,9800,496.741643,0.050687922755102,225.035992376562,254.591176103813
"4014",2044,9781,502.699258,0.0513954869645231,231.945103312676,258.058197822808
"4014",2045,9763,506.347032,0.051863877086961,238.065235935673,260.234136536213
"4014",2046,9745,510.797933,0.0524164118009236,244.774065910777,262.910665777385
"4014",2047,9729,513.596541,0.0527902704286155,250.836637257707,264.63283071291
"4014",2048,9713,514.40509,0.0529604746216411,255.943727227174,265.182407813161
"4014",2049,9698,519.845991,0.0536034224582388,263.775838060254,268.520351231433
"4014",2050,9683,523.558156,0.0540698291851699,270.852410066765,270.852410066765
"4016",2026,3947,109.648066,0.0277801028629339,54.4299621021297,67.2996210212965
"4016",2027,3936,112.845275,0.0286700393800813,55.1216789272672,68.4303921983069
"4016",2028,3926,116.438886,0.0296584019358125,55.9307682481953,69.7472471325448
"4016",2029,3917,121.988844,0.031143437324483,57.0127099975554,71.8833411649668
"4016",2030,3909,127.808379,0.0326959270913277,58.3031918745595,74.2127674982381
"4016",2031,3900,131.858501,0.0338098720512821,59.5742465520515,75.8669445288748
"4016",2032,3892,134.872809,0.0346538563720452,60.83934660585,77.1210664795384
"4016",2033,3885,140.702382,0.0362168293436293,62.6634993139533,79.6579291419402
"4016",2034,3878,146.849507,0.0378673303249097,64.7742183542965,82.4355458857412
"4016",2035,3871,152.533929,0.0394042699560837,67.0429763729042,85.0982317094954
"4016",2036,3865,155.276863,0.0401751262613195,68.8698292762289,86.410166897324
"4016",2037,3860,158.575857,0.041081828238342,70.9507512248001,88.0258560483905
"4016",2038,3854,164.414723,0.0426607999481059,73.8865119297154,90.9754762358462
"4016",2039,3849,168.304295,0.0437267588984152,76.4996318023784,92.9993732806441
"4016",2040,3843,172.361917,0.0448508761384335,79.3526924512142,95.1643079219427
"4016",2041,3838,177.34513,0.0462076941115164,82.7472486967047,97.9015074667241
"4016",2042,3832,179.025815,0.0467186364822547,85.0924144718364,98.8463063883378
"4016",2043,3826,184.362091,0.0481866416623105,89.0710114576258,101.909846044238
"4016",2044,3820,186.660586,0.0488640277486911,91.9575923217935,103.267861060379
"4016",2045,3813,188.547408,0.0494485727773407,94.7658976377928,104.404181708053
"4016",2046,3806,190.566665,0.0500700643720441,97.7422415496012,105.637931234825
"4016",2047,3799,195.425326,0.0514412545406686,102.391108155047,108.651952850757
"4016",2048,3792,198.51781,0.0523517431434599,106.30944978543,110.631837605871
"4016",2049,3784,201.579607,0.0532715663319239,110.404112627184,112.640636495775
"4016",2050,3776,202.770875,0.0536999139300847,113.459898877419,113.459898877419
"4018",2026,6457,181.662435,0.0281341853802075,119.105128083618,147.051280836183
"4018",2027,6457,188.246548,0.0291538714573331,120.72529477957,150.365780215053
"4018",2028,6458,196.190864,0.0303795082068752,122.732715263198,154.472658646845
"4018",2029,6458,203.951781,0.0315812606069991,125.049167247477,158.584316458715
"4018",2030,6458,209.741376,0.0324777602973057,127.430675428721,161.722701714885
"4018",2031,6457,215.549729,0.0333823337463218,130.066444209469,164.926762467718
"4018",2032,6456,224.930317,0.0348405075898389,133.6286575238,170.242023150154
"4018",2033,6454,233.920029,0.036244194143167,137.565926958981,175.492212300637
"4018",2034,6451,240.123811,0.0372227268640521,141.281228481685,179.203071204213
"4018",2035,6447,247.015499,0.038314797425159,145.495650728298,183.418630236109
"4018",2036,6444,255.541146,0.0396556713221601,150.573527581539,188.786373855873
"4018",2037,6440,261.413096,0.0405920956521739,155.242606879387,192.570940252462
"4018",2038,6436,268.281111,0.0416844485705407,160.606084400877,197.101971637959
"4018",2039,6432,272.635899,0.042387422108209,165.367457973642,200.029715699816
"4018",2040,6427,277.362357,0.0431558047300451,170.537312319553,203.259699711284
"4018",2041,6423,283.339202,0.0441132184337537,176.571857212197,207.429218433504
"4018",2042,6418,286.528065,0.0446444476472421,181.582029306766,209.68861329538
"4018",2043,6414,292.584109,0.0456164809791082,188.317936785762,214.058219370525
"4018",2044,6409,295.335429,0.0460813588703386,193.558871007371,216.075962590156
"4018",2045,6404,299.148018,0.0467126823860087,199.612433623508,218.907610613548
"4018",2046,6400,304.081315,0.04751270546875,206.635803134939,222.63035662934
"4018",2047,6394,308.775344,0.0482914207069127,213.838109285759,226.240123138884
"4018",2048,6389,315.896537,0.0494438154640789,223.14289574266,231.830157559633
"4018",2049,6384,318.467002,0.0498851820175439,229.473426429652,233.89446901782
"4018",2050,6378,321.447362,0.0503993982439636,236.316042397005,236.316042397005
"4020",2026,10811,253.872122,0.0234827603366941,108.665798520402,123.657985204019
"4020",2027,10870,265.627717,0.0244367724931003,109.743521909145,126.952886611961
"4020",2028,10930,273.254498,0.0250004115279048,110.891325668972,129.23614667984
"4020",2029,10990,282.495512,0.0257047781619654,112.304387283578,131.961822510954
"4020",2030,11049,290.608966,0.0263018341931397,113.853277259906,134.413109039623
"4020",2031,11107,300.582204,0.0270624114522373,115.735369717771,137.383894670508
"4020",2032,11163,313.37891,0.0280730009853982,118.102229362012,141.160705729269
"4020",2033,11216,322.333614,0.0287387316333809,120.379864663159,143.909971484576
"4020",2034,11268,332.632628,0.0295201125310614,123.027123181776,147.067807954439
"4020",2035,11318,337.59616,0.0298282523414031,125.251954952609,148.718754177393
"4020",2036,11366,347.783274,0.030598563610769,128.320644496845,151.885567361778
"4020",2037,11412,357.87563,0.0313595890290922,131.629925298733,155.058390826797
"4020",2038,11455,367.216292,0.0320572930597992,135.069019052756,158.03458009592
"4020",2039,11496,372.966956,0.0324431938065414,138.10445125944,159.943746824579
"4020",2040,11534,376.035545,0.0326023534766776,140.769820030135,161.031712048216
"4020",2041,11571,385.896894,0.0333503494944257,144.902556100537,164.211405434773
"4020",2042,11605,394.013204,0.0339520210254201,148.912001753759,166.874288219656
"4020",2043,11639,399.962475,0.0343639896039179,152.634399779088,168.877152242831
"4020",2044,11670,406.344427,0.0348195738646101,156.616777897699,171.021648900257
"4020",2045,11700,410.371198,0.0350744613675214,160.153163400235,172.419278031058
"4020",2046,11729,419.597454,0.0357743587688635,165.234677069877,175.511384788091
"4020",2047,11756,427.545848,0.0363683096291256,170.202653764591,178.214257762919
"4020",2048,11782,431.639374,0.0366354926158547,174.205504077415,179.654599002611
"4020",2049,11807,439.017348,0.0371828024053528,179.382542062591,182.202641103991
"4020",2050,11830,443.606944,0.0374984737109045,183.821631475419,183.821631475419
"4022",2026,2860,85.12281,0.0297632202797203,43.787145174011,50.8714517401105
"4022",2027,2861,86.781936,0.0303327284166375,44.1724236432702,51.5267174056012
"4022",2028,2862,89.779903,0.0313696376659679,44.7021164507568,52.7263797186103
"4022",2029,2863,93.30826,0.0325910792874607,45.374058774798,54.1720412931672
"4022",2030,2864,97.409924,0.034011844972067,46.2250911888968,55.900364755587
"4022",2031,2864,101.166769,0.035323592527933,47.1763505434675,57.5264366729303
"4022",2032,2865,105.213989,0.0367239054101222,48.3089527026571,59.3352390850987
"4022",2033,2865,108.12177,0.0377388376963351,49.4040468895332,60.6663362469881
"4022",2034,2866,111.72727,0.0389836950453594,50.744634285093,62.3615857127326
"4022",2035,2867,115.976955,0.0404523735612138,52.3706375881785,64.4186002015507
"4022",2036,2867,117.548044,0.0410003641437042,53.5425708564818,65.194886013646
"4022",2037,2867,120.602747,0.0420658343215905,55.1621958234008,66.7311138017576
"4022",2038,2867,123.838485,0.0431944489012906,56.968836229076,68.3978840528654
"4022",2039,2867,126.644942,0.0441733317056156,58.7903563683672,69.8772023291357
"4022",2040,2867,128.40324,0.0447866201604465,60.3876759613755,70.8202815382008
"4022",2041,2866,128.858765,0.0449611880669923,61.5938874486459,71.0662452055032
"4022",2042,2865,130.883741,0.0456836792321117,63.4206216716914,72.1723166738448
"4022",2043,2863,132.701858,0.0463506315054139,65.2585640043509,73.1811037347131
"4022",2044,2862,135.361819,0.0472962330538085,67.5546414338153,74.6834083016972
"4022",2045,2860,135.980256,0.0475455440559441,69.0317272398671,75.0390489106056
"4022",2046,2859,134.151563,0.0469225473941938,69.3484677259859,73.9981973246893
"4022",2047,2857,136.021069,0.0476097546377319,71.4582413413928,75.0656240466397
"4022",2048,2855,137.441555,0.048140649737303,73.4220171745618,75.8886672157425
"4022",2049,2853,138.400407,0.0485104826498423,75.196647538911,76.4510623780893
"4022",2050,2851,139.480234,0.0489232669238864,77.089931780702,77.089931780702
"4024",2026,1578,51.999086,0.032952525982256,24.5855031710171,29.8550317101715
"4024",2027,1575,52.849926,0.0335555085714286,24.8516247991333,30.1936349027877
"4024",2028,1572,55.946772,0.0355895496183206,25.3135995793669,31.5062833106679
"4024",2029,1570,59.043706,0.0376074560509554,25.8881117141013,32.8852315957709
"4024",2030,1567,58.87228,0.0375700574345884,26.1988930374618,32.7955721498473
"4024",2031,1564,61.50634,0.0393263043478261,26.8789768335624,34.0138324645648
"4024",2032,1562,62.4427,0.0399761203585147,27.398300509101,34.4563092587722
"4024",2033,1559,65.906231,0.0422746831302117,28.4087968220224,36.162198129717
"4024",2034,1555,68.77008,0.0442251318327974,29.4561978636487,37.6404946591217
"4024",2035,1552,68.840744,0.0443561494845361,29.9830848715723,37.6756225635938
"4024",2036,1548,69.860384,0.0451294470284238,30.754088287155,38.2191332361158
"4024",2037,1544,70.526372,0.0456777020725389,31.4722366776669,38.5799740052037
"4024",2038,1540,74.650853,0.0484745798701299,33.2982990483851,40.905998269791
"4024",2039,1535,75.180104,0.0489772664495114,34.1189152398883,41.2236855147035
"4024",2040,1530,75.482053,0.0493346751633987,34.8823006664805,41.4116810663687
"4024",2041,1526,77.409016,0.050726747051114,36.3089695512966,42.5795766812025
"4024",2042,1521,77.177161,0.0507410657462196,36.9173440131628,42.4533485902325
"4024",2043,1517,80.170804,0.0528482557679631,38.9990067101896,44.3376362172062
"4024",2044,1513,79.917712,0.0528206953073364,39.6504234643466,44.1940947927053
"4024",2045,1509,80.833528,0.0535676129887343,40.9022852604308,44.8028126282225
"4024",2046,1505,83.484876,0.0554716784053156,43.1956390282763,46.5831047391486
"4024",2047,1501,81.616383,0.054374672218521,42.9556422718139,45.3584701654241
"4024",2048,1497,84.351037,0.0563467181028724,45.4880329148231,47.2303058538628
"4024",2049,1493,87.018242,0.0582841540522438,48.1990253878501,49.1418445588053
"4024",2050,1489,86.059587,0.0577969019476159,48.4909515534198,48.4909515534198
"4026",2026,5525,172.541629,0.0312292541176471,92.3364500968999,95.3645009689992
"4026",2027,5525,177.572738,0.032139862081448,92.7262422770873,97.2817620151801
"4026",2028,5524,183.292037,0.0331810349384504,93.3130579610151,99.5031883486578
"4026",2029,5525,192.23616,0.0347938751131222,94.3571429696844,103.092437504397
"4026",2030,5526,199.639599,0.0361273251900109,95.540205165196,106.160820660784
"4026",2031,5527,211.261067,0.0382234606477293,97.5080280030338,111.158358271422
"4026",2032,5528,219.669252,0.0397375636758321,99.4489081875556,114.919717500171
"4026",2033,5529,226.569251,0.0409783416531018,101.461477027927,118.100626283936
"4026",2034,5529,235.894965,0.0426650325556158,104.214488963647,122.536222409119
"4026",2035,5530,246.241674,0.0445283316455696,107.598301597563,127.653260794429
"4026",2036,5530,255.702012,0.0462390618444846,111.245693415484,132.517249295756
"4026",2037,5529,263.560079,0.0476686704648219,114.908279055534,136.699081083969
"4026",2038,5527,267.808352,0.0484545597973584,117.859570443389,139.017400806162
"4026",2039,5524,272.932027,0.0494084045981173,121.298231457905,141.869330141116
"4026",2040,5520,279.811172,0.0506904297101449,125.622286898018,145.795659036829
"4026",2041,5515,284.431755,0.0515742076155938,129.434548400731,148.504978718084
"4026",2042,5508,290.138088,0.0526757603485839,133.951802534419,151.931146477741
"4026",2043,5501,292.782554,0.053223514633703,137.404784145728,153.565809011156
"4026",2044,5493,296.075464,0.0539005031858729,141.312148499463,155.628578708985
"4026",2045,5485,296.910118,0.0541312886052871,144.152644483732,156.187870133824
"4026",2046,5476,300.801697,0.0549309161796932,148.678942371363,158.681108672191
"4026",2047,5467,306.011526,0.0559743051033474,154.191578839433,162.075018410629
"4026",2048,5457,306.568599,0.0561789626168224,157.216124581217,162.503918466181
"4026",2049,5448,309.04628,0.0567265565345081,161.482424171358,164.189531606605
"4026",2050,5438,312.531743,0.0574718173961015,166.57988729119,166.57988729119
"4028",2026,2376,73.486748,0.030928765993266,38.3956804546554,41.9568045465539
"4028",2027,2381,76.240265,0.0320202708945821,38.6957954993501,43.0603309043641
"4028",2028,2385,79.738105,0.0334331677148847,39.1349794988357,44.4855971362041
"4028",2029,2390,80.173407,0.0335453585774059,39.4212674973039,44.6883176343713
"4028",2030,2394,83.212004,0.0347585647451963,39.9915234213064,45.9660936852255
"4028",2031,2398,85.214418,0.0355356205170976,40.5390995581974,46.8316506372085
"4028",2032,2402,87.05102,0.0362410574521232,41.132588998329,47.6387353794738
"4028",2033,2406,93.254403,0.0387591034912718,42.5016021287025,50.4182127688345
"4028",2034,2410,95.36721,0.0395714564315353,43.3627303021403,51.4068257553509
"4028",2035,2414,97.527151,0.0404006425020713,44.3148615601394,52.4339692803186
"4028",2036,2418,99.750695,0.0412533891645988,45.3667939278051,53.5090398480107
"4028",2037,2421,103.346208,0.042687405204461,46.8567294474395,55.2814233120771
"4028",2038,2424,108.160347,0.0446206051980198,48.8564689755606,57.7390345010193
"4028",2039,2427,111.549026,0.0459616918005768,50.6490483342214,59.5302950369726
"4028",2040,2430,114.078676,0.0469459572016461,52.3126034567463,60.9001655307941
"4028",2041,2432,114.858677,0.0472280744243421,53.4543505380654,61.3273215668911
"4028",2042,2434,118.57132,0.04871459326212,55.783447325445,63.4049247506358
"4028",2043,2435,123.749657,0.0508212143737166,58.9598998190506,66.4202031444755
"4028",2044,2436,124.855336,0.0512542430213465,60.5365620142031,67.0794348570362
"4028",2045,2437,126.963397,0.0520982343044727,62.6646686552172,68.3565152679597
"4028",2046,2437,129.600085,0.0531801743947476,65.1935710566368,69.9924365372198
"4028",2047,2437,132.094435,0.0542037074271646,67.7987597768701,71.5760673542199
"4028",2048,2436,135.023832,0.0554285024630542,70.8264820178166,73.4880886679098
"4028",2049,2435,136.111696,0.0558980271047228,72.8576426043975,74.2157325759974
"4028",2050,2434,138.330308,0.056832501232539,75.716205918972,75.716205918972
"4030",2026,1460,40.275928,0.0275862520547945,19.5896606683871,15.8966066838708
"4030",2027,1465,40.696086,0.0277788982935154,19.4525244966313,16.0183599755001
"4030",2028,1468,44.638771,0.0304078821525886,19.475105007741,17.0006000442343
"4030",2029,1472,48.68007,0.0330706997282609,19.5895816141194,18.0686193605618
"4030",2030,1474,50.529602,0.0342805983717775,19.6445174545942,18.5780698183768
"4030",2031,1477,52.056892,0.0352450182802979,19.7160927022527,19.0124963556617
"4030",2032,1479,54.543755,0.0368788066260987,19.9123947492403,19.7304453822778
"4030",2033,1481,55.372209,0.0373883923024983,19.9921821102794,19.9784334076673
"4030",2034,1483,59.192139,0.0399137821982468,20.4563282826659,21.1408207066646
"4030",2035,1484,62.8243,0.0423344339622642,21.0082661364335,22.304608311848
"4030",2036,1486,65.466973,0.044055836473755,21.5157718943944,23.1910987250409
"4030",2037,1487,67.093265,0.0451198823133827,21.9233098166519,23.7527996422475
"4030",2038,1489,68.987388,0.0463313552719946,22.4326629541458,24.4230235529923
"4030",2039,1491,70.915035,0.0475620623742455,23.009570993402,25.1226740313225
"4030",2040,1492,74.892913,0.050196322386059,24.1435099036887,26.6296158459019
"4030",2041,1493,75.53086,0.0505899933020764,24.5565183004094,26.877763472316
"4030",2042,1494,78.651658,0.0526450187416332,25.6920513700402,28.1315019572002
"4030",2043,1496,80.227183,0.0536277961229946,26.4758824782179,28.7808575975836
"4030",2044,1496,80.011481,0.0534836102941176,26.7349742989464,28.6902894179953
"4030",2045,1497,81.773834,0.0546251396125585,27.6658269562687,29.4348639461768
"4030",2046,1497,84.448921,0.0564121048764195,29.0162790067937,30.6073870668162
"4030",2047,1498,85.401551,0.0570103811748999,29.7900202624857,31.0310087464627
"4030",2048,1498,85.610633,0.0571499552736983,30.2913909854959,31.125828092428
"4030",2049,1497,86.8801,0.0580361389445558,31.2742119041407,31.7134669133929
"4030",2050,1497,87.348321,0.0583489118236473,31.9310333162603,31.9310333162603
"4032",2026,1272,37.869907,0.0297719394654088,11.7502249071725,18.5022490717245
"4032",2027,1273,39.497938,0.0310274454045562,12.1044018008201,19.0320130968732
"4032",2028,1275,40.960026,0.0321255105882353,12.4918729891817,19.5249885096096
"4032",2029,1276,41.9117,0.0328461598746082,12.8807426764392,19.8505537714786
"4032",2030,1278,44.818225,0.0350690336463224,13.4678940250694,20.8715761002778
"4032",2031,1279,46.807502,0.0365969523064894,14.0467307206391,21.5973242457011
"4032",2032,1280,47.849312,0.037382275,14.571247443207,21.9884536714063
"4032",2033,1281,49.972896,0.0390108477751756,15.278633465702,22.8031268019366
"4032",2034,1282,51.8678,0.0404585023400936,16.0218531038856,23.5546327597141
"4032",2035,1283,53.716324,0.0418677505845674,16.8233318512532,24.3104728028644
"4032",2036,1284,53.754239,0.0418646721183801,17.3306973110515,24.3277838127401
"4032",2037,1285,56.110286,0.0436655922178988,18.3412008423296,25.3242943264967
"4032",2038,1286,57.790422,0.0449381197511664,19.2823823898851,26.0588770725184
"4032",2039,1287,57.603949,0.0447583131313131,19.7988933360487,25.976839720934
"4032",2040,1287,59.023062,0.045860965034965,20.7566046651171,26.6105674641873
"4032",2041,1287,60.886016,0.0473084817404817,21.9087439073804,27.4660285394421
"4032",2042,1287,62.838355,0.0488254506604507,23.1744431752651,28.3920616789501
"4032",2043,1286,64.399988,0.0500777511664075,24.391034918749,29.1573354830494
"4032",2044,1286,64.854262,0.0504309968895801,25.247096160116,29.3833498840207
"4032",2045,1285,66.43903,0.0517035252918288,26.5907942454274,30.1886698405261
"4032",2046,1283,67.393026,0.0525276897895557,27.7361798893002,30.6896233991768
"4032",2047,1282,69.5101,0.0542200468018721,29.4789744400922,31.8213796508081
"4032",2048,1280,69.588353,0.05436590078125,30.3077045207362,31.8731940764715
"4032",2049,1278,68.509173,0.0536065516431925,30.5382917382779,31.2995238839251
"4032",2050,1276,70.476733,0.0552325493730407,32.3812537123509,32.3812537123509
"4034",2026,2102,65.24134,0.0310377450047574,41.7995768729834,48.9957687298336
"4034",2027,2094,65.294293,0.0311816107927412,42.094916922891,48.9630321664803
"4034",2028,2086,67.549711,0.0323824117929051,42.5878133580129,50.0732191886449
"4034",2029,2078,70.974741,0.0341553132820019,43.306099495244,51.8522329187951
"4034",2030,2071,73.26386,0.0353760791887977,44.0187845406289,53.0751381625156
"4034",2031,2065,74.807543,0.0362264130750605,44.7128472043876,53.914251145696
"4034",2032,2059,77.701736,0.0377376085478388,45.7329930950771,55.5630556771602
"4034",2033,2053,80.499273,0.039210556746225,46.8775546094458,57.2139437501952
"4034",2034,2049,83.118578,0.0405654358223524,48.1275756220197,58.8189390550492
"4034",2035,2045,87.315806,0.0426972156479218,49.970675649034,61.5044014835063
"4034",2036,2042,88.812691,0.0434929926542605,51.2086151924972,62.4918214578888
"4034",2037,2039,92.123287,0.0451806213830309,53.1692839357423,64.7449442648631
"4034",2038,2035,93.452353,0.0459225321867322,54.57093063237,65.6744193315817
"4034",2039,2032,97.004915,0.0477386392716535,56.9995666412776,68.2333049213236
"4034",2040,2029,100.583891,0.0495731350418926,59.7001498901082,70.9202398241731
"4034",2041,2025,101.43421,0.0500909679012346,61.2633374872259,71.5861697920391
"4034",2042,2021,103.763033,0.0513424210786739,63.6983160511902,73.4261657874146
"4034",2043,2017,105.634635,0.0523721541893902,66.0374094761762,74.949029798205
"4034",2044,2012,108.455845,0.053904495526839,69.1401697434655,77.3098964431813
"4034",2045,2006,111.619174,0.0556426590229312,72.7397535331009,80.0643120407395
"4034",2046,2001,112.048453,0.0559962283858071,74.5617353609351,80.4843945422766
"4034",2047,1995,112.388409,0.0563350421052632,76.3576122820716,80.8395631347286
"4034",2048,1988,113.938302,0.0573130291750503,79.1993345705005,82.2965779140546
"4034",2049,1981,113.710171,0.0574003891973751,80.6199192215726,82.1635524379976
"4034",2050,1974,116.51498,0.0590248125633232,84.832651753799,84.832651753799
"4036",2026,3666,102.926785,0.0280760460992908,59.0079283375218,59.0792833752175
"4036",2027,3667,108.485417,0.0295842424325061,59.2854666980688,61.0761214405002
"4036",2028,3670,112.997234,0.0307894370572207,59.6576196747139,62.7578267126511
"4036",2029,3672,115.995541,0.0315891996187364,60.0411262859935,63.8994178164402
"4036",2030,3674,118.992365,0.0323876878062058,60.5149858136767,65.0599432547069
"4036",2031,3675,125.021852,0.0340195515646258,61.4267725862331,67.440948126028
"4036",2032,3677,131.331903,0.0357171343486538,62.5843053025219,70.0286317000674
"4036",2033,3678,134.502248,0.0365693985861881,63.4822694866949,71.3648813426066
"4036",2034,3679,138.706193,0.0377021454199511,64.6695552950099,73.1738882375247
"4036",2035,3679,143.12732,0.0389038651807556,66.0531702496116,75.1215319991123
"4036",2036,3679,148.203559,0.0402836528948084,67.7503491195089,77.4217876200187
"4036",2037,3679,152.747641,0.0415187934221256,69.5270489855614,79.5405833864613
"4036",2038,3679,155.881007,0.042370483011688,71.1194031690898,81.0352784892542
"4036",2039,3678,157.701721,0.0428770312669929,72.4627234296687,81.9152739228404
"4036",2040,3677,162.772939,0.0442678648354637,74.8881153857326,84.4209846171721
"4036",2041,3676,166.13627,0.0451948503808488,76.9707350488459,86.1256378095787
"4036",2042,3674,169.924,0.0462504082743604,79.3616132963025,88.0880189947178
"4036",2043,3672,172.61916,0.0470095751633987,81.5035292028784,89.5132599361063
"4036",2044,3670,177.398559,0.0483374820163488,84.6520681584332,92.0994427850751
"4036",2045,3667,180.334663,0.0491777101172621,87.2180865672832,93.7299526981947
"4036",2046,3665,182.941551,0.0499158392905866,89.7722006717823,95.2025890256262
"4036",2047,3661,185.84489,0.0507634225621415,92.6158774863677,96.8770450550622
"4036",2048,3658,188.335583,0.0514859439584472,95.3881960615819,98.3385903368453
"4036",2049,3654,191.772268,0.0524828319649699,98.8428004208155,100.395117320328
"4036",2050,3650,193.760459,0.053085057260274,101.614112189509,101.614112189509
"4201",2026,6712,211.556173,0.0315190960965435,79.6773173245767,94.7731732457669
"4201",2027,6708,217.996721,0.0324980204233751,80.580232341493,96.7653261199488
"4201",2028,6707,228.985366,0.0341412503354704,81.9006321512089,100.289326578337
"4201",2029,6707,236.789807,0.0353048765468913,83.2855114704211,102.872995154923
"4201",2030,6707,246.313706,0.0367248704338751,85.029058752719,106.116235010876
"4201",2031,6709,255.442887,0.0380746589655686,87.0063572070052,109.326459850453
"4201",2032,6711,266.02601,0.0396402935479064,89.4291048056509,113.16647632508
"4201",2033,6714,279.081119,0.0415670418528448,92.5316389599161,118.087279889424
"4201",2034,6717,287.415135,0.0427892117016525,95.3355062763075,121.338765690769
"4201",2035,6720,295.864633,0.0440274751488095,98.4415855474606,124.723624108481
"4201",2036,6723,305.542176,0.0454472967425257,102.088528563639,128.712691712924
"4201",2037,6726,314.678504,0.0467853856675587,105.978509783324,132.592214211365
"4201",2038,6729,324.060921,0.048158852875613,110.281871761551,136.694312293729
"4201",2039,6731,329.953085,0.0490199205170108,114.033119477942,139.332969324157
"4201",2040,6732,336.499522,0.0499850745692216,118.203069192607,142.324910708172
"4201",2041,6733,343.235679,0.0509781195603743,122.698714472833,145.469757694842
"4201",2042,6734,350.06148,0.0519841817641818,127.508482886002,148.72640412286
"4201",2043,6734,357.051743,0.0530222368577369,132.678056019179,152.139736975158
"4201",2044,6733,359.210975,0.0533508057329571,136.290554760307,153.213619045558
"4201",2045,6733,364.077413,0.0540735798306847,141.09346940098,155.653500801206
"4201",2046,6732,368.214739,0.0546961882055853,145.798502613879,157.762944251623
"4201",2047,6731,375.644988,0.0558081990788887,152.213427829465,161.62076375151
"4201",2048,6730,379.713981,0.056421096731055,157.343078571415,163.776301158286
"4201",2049,6729,383.705354,0.057022641402883,162.622424951233,165.919402546736
"4201",2050,6727,390.29277,0.0580188449531738,169.521719176193,169.521719176193
"4202",2026,24781,499.030679,0.0201376328235342,228.397206157943,258.972061579435
"4202",2027,24929,515.235729,0.0206681266396566,230.301631981469,263.557323501595
"4202",2028,25078,538.372388,0.0214679156232554,232.841503776091,269.808593006235
"4202",2029,25227,561.353882,0.0222521061561026,235.859647980098,276.104225788696
"4202",2030,25373,586.541809,0.0231167701493714,239.500221135331,283.000884541324
"4202",2031,25515,607.590899,0.0238130863805605,243.385471250086,288.949465217692
"4202",2032,25653,628.790739,0.0245113920009356,247.743753191641,294.980779051204
"4202",2033,25787,651.65746,0.02527077442122,252.725743084624,301.484808509307
"4202",2034,25919,675.400883,0.0260581381611945,258.315462938048,308.288657345121
"4202",2035,26047,701.663802,0.0269383730180059,264.738118811852,315.829985855663
"4202",2036,26174,723.735891,0.0276509471613051,271.242224733151,322.352052069792
"4202",2037,26297,741.803817,0.0282086860478382,277.70526673457,327.839544847941
"4202",2038,26415,763.818638,0.0289160945674806,285.193348330893,334.442451510715
"4202",2039,26528,786.501028,0.0296479579312425,293.320161541101,341.289636665704
"4202",2040,26637,809.492271,0.030389768780268,302.058826909179,348.294123054686
"4202",2041,26742,827.034212,0.0309264158252935,310.325385928639,353.793035363983
"4202",2042,26842,842.34655,0.0313816612025929,318.567266574964,358.667523678521
"4202",2043,26938,860.146836,0.031930612369144,327.730487090386,364.295575715777
"4202",2044,27031,887.092416,0.0328175952055048,339.475264933233,372.710019268688
"4202",2045,27119,909.990275,0.0335554509753309,350.940149207484,380.003260563057
"4202",2046,27204,929.070488,0.0341519808851639,362.017879509312,386.197505305073
"4202",2047,27284,950.491509,0.0348369560548307,374.256540125333,393.176383239812
"4202",2048,27360,967.500974,0.0353618777046784,385.785022732993,398.82164619783
"4202",2049,27431,996.897632,0.0363420083846743,401.634047400923,408.515893403556
"4202",2050,27498,1023.804568,0.0372319647974398,417.558242513955,417.558242513955
"4203",2026,45810,1090.940843,0.0238144693953285,520.991885746719,601.918857467189
"4203",2027,45960,1138.358208,0.0247684553524804,526.384578314228,616.615115012565
"4203",2028,46105,1183.345824,0.0256663230452229,532.793616633371,630.820666476408
"4203",2029,46244,1231.762591,0.0266361601721304,540.534351843853,646.279302794602
"4203",2030,46380,1279.218993,0.0275812633247089,549.42752399304,661.710095972161
"4203",2031,46513,1331.613885,0.0286288539763077,560.006522395945,678.979208333721
"4203",2032,46642,1385.031289,0.0296949378028386,572.097450795188,696.915233215963
"4203",2033,46769,1436.691739,0.030718889413928,585.453570409013,714.630539059347
"4203",2034,46894,1488.568193,0.0317432548513669,600.306453657467,732.766134143668
"4203",2035,47020,1536.490494,0.032677381837516,616.077731792278,749.891958382349
"4203",2036,47147,1588.770237,0.0336982254862451,634.020321408657,768.884887176121
"4203",2037,47271,1638.859182,0.0346694417719109,653.167312046561,787.448413749387
"4203",2038,47392,1689.24342,0.0356440627110061,673.954951803539,806.463548733707
"4203",2039,47507,1735.566752,0.0365328636200981,695.464740735306,824.280409762224
"4203",2040,47616,1780.744412,0.037398026125672,718.215405818202,841.944649309122
"4203",2041,47719,1826.255166,0.0382710275990696,742.564682854164,860.022162798739
"4203",2042,47816,1862.936636,0.0389605286096704,766.000084336024,874.857263337177
"4203",2043,47906,1906.562688,0.0397979937377364,792.764209676692,892.697233459922
"4203",2044,47990,1945.302937,0.040535589435299,819.518277850921,908.797777872156
"4203",2045,48067,1986.500558,0.041327741652277,848.500934488735,926.154996293828
"4203",2046,48138,2027.316816,0.042114687274087,878.873831023387,943.61627179222
"4203",2047,48202,2059.996044,0.0427367338284718,907.653152438638,957.806368944944
"4203",2048,48258,2096.33753,0.0434402074267479,939.145311021582,973.778714617926
"4203",2049,48308,2130.888305,0.0441104642088267,971.28059219812,989.1746412448
"4203",2050,48350,2167.502439,0.0448294196277146,1005.71670704567,1005.71670704567
"4204",2026,116938,2243.702614,0.0191871129487421,1273.37613509575,1447.76135095751
"4204",2027,117726,2322.182975,0.0197253195980497,1284.35530319848,1474.76584144351
"4204",2028,118519,2404.598772,0.0202887197158262,1297.59208805127,1503.09764600723
"4204",2029,119311,2497.034955,0.0209287907653108,1313.59814476356,1534.46185771087
"4204",2030,120099,2590.460617,0.0215693770722487,1332.09424350755,1566.3769740302
"4204",2031,120878,2681.200926,0.0221810497030063,1352.83038752952,1597.75786966791
"4204",2032,121643,2783.578365,0.0228831775359042,1377.08965645746,1632.73740448448
"4204",2033,122397,2886.345776,0.0235818343260047,1404.12584080289,1668.14025049073
"4204",2034,123140,2995.754655,0.0243280384521683,1434.74636022476,1705.86590056189
"4204",2035,123871,3095.458931,0.0249893754874022,1467.0535406341,1740.97952144937
"4204",2036,124591,3196.669458,0.0256573063704441,1502.35530835961,1776.85328075708
"4204",2037,125294,3302.175127,0.0263554130844254,1541.18247654416,1814.35605179349
"4204",2038,125970,3402.265272,0.0270085359371279,1582.00606519591,1850.37466399256
"4204",2039,126620,3505.180889,0.0276826795845838,1626.20103959638,1887.53368441938
"4204",2040,127246,3601.508547,0.0283035108922874,1671.98941270624,1922.78306032998
"4204",2041,127847,3704.373766,0.0289750542914578,1722.01143775295,1960.43235887238
"4204",2042,128424,3805.428817,0.0296317574363047,1774.62713669272,1997.75305241817
"4204",2043,128977,3895.332864,0.0302017636012622,1827.41419254426,2031.51076955154
"4204",2044,129506,3998.009071,0.0308712265918181,1886.332863584,2069.91337236645
"4204",2045,130013,4101.139403,0.0315440717697461,1948.52972638505,2108.80581708929
"4204",2046,130494,4207.235101,0.0322408317700431,2014.82781798668,2149.09155057256
"4204",2047,130951,4309.931542,0.0329125515803621,2083.38435226915,2188.51758002158
"4204",2048,131382,4399.594174,0.0334870391225586,2150.75788309965,2223.46798172935
"4204",2049,131789,4502.6306,0.0341654508342881,2225.81456998402,2263.67747530808
"4204",2050,132172,4611.736254,0.0348919306207064,2306.59607931842,2306.59607931842
"4205",2026,23095,546.359527,0.02365704814895,182.954968231488,236.549682314878
"4205",2027,23125,566.786833,0.0245097008864865,185.843031815684,241.312958659517
"4205",2028,23155,587.05262,0.0253531686460808,189.096405280306,246.122315887465
"4205",2029,23186,611.614792,0.0263786246873113,192.945697210013,252.038575105943
"4205",2030,23218,633.678006,0.0272925319148936,197.119777547819,257.479110191276
"4205",2031,23250,658.076801,0.0283043785376344,201.897591108997,263.60031690086
"4205",2032,23282,688.127657,0.0295562089597114,207.64292833752,271.285933346215
"4205",2033,23314,712.347019,0.0305544745217466,213.486309506954,277.651888295046
"4205",2034,23346,737.09828,0.0315727867728947,219.916496265137,284.291240662843
"4205",2035,23378,760.820987,0.0325443146120284,226.783682639574,290.791274604742
"4205",2036,23411,785.455555,0.0335507050104652,234.322448186123,297.678838286574
"4205",2037,23445,815.954216,0.0348029096182555,243.309200364066,306.383805588421
"4205",2038,23476,839.947714,0.0357789961662975,252.022768096362,313.405032902476
"4205",2039,23506,862.608506,0.0366973753935166,261.111692452571,320.168838217142
"4205",2040,23535,881.813823,0.0374681887826641,270.131805001061,326.010888001697
"4205",2041,23561,905.002677,0.0384110469419804,280.460887556234,333.167377443372
"4205",2042,23586,927.04416,0.0393048486390232,291.17085171755,340.101216739357
"4205",2043,23610,945.423952,0.0400433694197374,301.628563139308,345.98788222279
"4205",2044,23630,964.23864,0.0408056978417266,312.702262046127,352.099692962745
"4205",2045,23649,978.660529,0.0413827446826504,323.132859729377,356.855827359233
"4205",2046,23665,999.767398,0.0422466679907036,335.869245264854,363.904994429239
"4205",2047,23678,1020.536899,0.0431006376805473,349.144384576237,370.965503747873
"4205",2048,23688,1035.240217,0.0437031499915569,361.114161831553,376.042337115192
"4205",2049,23695,1053.480522,0.0444600346908631,374.725063592504,382.428637498705
"4205",2050,23699,1070.188701,0.0451575467741255,388.369767981388,388.369767981388
"4206",2026,9497,252.665205,0.0266047388649047,110.713727001422,117.13727001422
"4206",2027,9483,260.797391,0.0275015702836655,111.276025789,119.280187556362
"4206",2028,9469,268.64084,0.0283705607772732,111.992925593649,121.388146249423
"4206",2029,9456,275.943483,0.0291818404187817,112.845459202374,123.390396246464
"4206",2030,9444,286.590084,0.0303462604828462,114.102692698534,126.410770794136
"4206",2031,9432,297.164016,0.0315059389312977,115.603791122542,129.491447382754
"4206",2032,9420,305.095544,0.0323880619957537,117.099506887712,131.844636577576
"4206",2033,9408,313.741781,0.0333484035926871,118.870407905634,134.470090774163
"4206",2034,9396,321.116936,0.0341759191145168,120.699990854874,136.749977137186
"4206",2035,9385,329.225331,0.0350799500266383,122.825719720476,139.315930789659
"4206",2036,9374,336.868574,0.0359364811179859,125.096709545192,141.782546410931
"4206",2037,9363,345.688722,0.0369207222044217,127.781705234506,144.69601021367
"4206",2038,9352,351.865417,0.0376246168733961,130.221832763018,146.766968660034
"4206",2039,9340,359.467458,0.0384868798715203,133.128471710483,149.367611422099
"4206",2040,9328,364.736082,0.0391012094768439,135.745284894246,151.192455830794
"4206",2041,9316,369.745406,0.0396892878917991,138.45540062013,152.951548105856
"4206",2042,9303,376.110028,0.0404288969149737,141.659274034392,155.227534334845
"4206",2043,9292,381.099582,0.0410137303056393,144.691109275334,157.038792237741
"4206",2044,9280,386.745823,0.0416751964439655,148.068129897573,159.120167609772
"4206",2045,9267,389.65889,0.0420480079853243,150.785437947277,160.197462088957
"4206",2046,9255,397.042364,0.042900309454349,155.048868419176,162.998668728443
"4206",2047,9242,403.026196,0.0436081146937892,159.0855610175,165.307674385915
"4206",2048,9229,406.994381,0.0440995103478167,162.593521205772,166.857860762997
"4206",2049,9215,413.4438,0.0448663917525773,167.192851543939,169.421144461235
"4206",2050,9200,418.771943,0.0455186894565217,171.574430516801,171.574430516801
"4207",2026,8765,250.176237,0.0285426397033657,119.082842264963,119.828422649629
"4207",2027,8744,257.597382,0.0294599018755718,119.407328737413,121.962390817547
"4207",2028,8724,263.470487,0.0302006518798716,119.817212576975,123.669786154142
"4207",2029,8705,274.240361,0.0315037749569213,120.692790394204,126.966072443311
"4207",2030,8686,285.072681,0.0328197882799908,121.846582631186,130.386330524745
"4207",2031,8668,293.679962,0.0338809370096908,123.073748004268,133.169558275716
"4207",2032,8651,302.415258,0.0349572602011328,124.548550178183,136.072462086716
"4207",2033,8634,311.239869,0.0360481664350243,126.279883329292,139.08243677046
"4207",2034,8618,321.896842,0.0373516873984683,128.534898748962,142.837246872405
"4207",2035,8604,334.242759,0.0388473685495119,131.400781787125,147.344644084856
"4207",2036,8591,342.85164,0.0399082341985799,133.997454824476,150.573589104159
"4207",2037,8578,350.341406,0.0408418519468408,136.653336028584,153.44553371431
"4207",2038,8565,356.002334,0.0415647792177466,139.159358514424,155.653379117134
"4207",2039,8553,366.953247,0.0429034545773413,143.117404493776,160.050901266002
"4207",2040,8541,374.30121,0.0438240498770636,146.546989352658,163.075182964253
"4207",2041,8528,379.426177,0.0444918125,149.621507861528,165.221143941929
"4207",2042,8515,387.669317,0.0455278117439812,153.823468788778,168.747812555397
"4207",2043,8502,392.482056,0.0461634975299929,157.237745076454,170.847789934175
"4207",2044,8489,400.792683,0.047213179762045,162.048106649552,174.545944063938
"4207",2045,8475,409.3727,0.0483035634218289,167.312385510452,178.461397551326
"4207",2046,8460,411.492954,0.0486398290780142,170.390844752575,179.459817355971
"4207",2047,8445,418.715637,0.0495814845470693,175.682188014469,182.867254100811
"4207",2048,8429,421.157091,0.0499652498517025,179.178983082777,184.058360089489
"4207",2049,8412,429.462585,0.0510535645506419,185.517786576063,188.109388650455
"4207",2050,8394,436.790829,0.0520360768406004,191.78183550923,191.78183550923
"4211",2026,2359,67.987491,0.0288204709622722,37.5419585815561,42.4195858155608
"4211",2027,2360,70.056588,0.0296849949152542,37.8589857385399,43.2471690075632
"4211",2028,2362,73.527619,0.0311293899237934,38.3426409164797,44.6722338084553
"4211",2029,2363,76.002106,0.032163396529835,38.8514660689626,45.7127815010005
"4211",2030,2365,80.939307,0.0342238084566596,39.7147937875677,47.8591751502707
"4211",2031,2365,82.651141,0.0349476283298097,40.341448597182,48.6224299032419
"4211",2032,2367,85.918949,0.0362986687790452,41.2646961827653,50.1221421008162
"4211",2033,2368,89.160938,0.0376524231418919,42.3103815681989,51.6493284639969
"4211",2034,2369,91.72895,0.0387205360911777,43.3567018223753,52.8917545559382
"4211",2035,2370,95.482773,0.0402880898734177,44.7693987490646,54.7586257121476
"4211",2036,2370,99.274658,0.041888041350211,46.3611171346757,56.7076150203699
"4211",2037,2371,103.145463,0.0435029367355546,48.1570978915002,58.7699471053662
"4211",2038,2371,104.145558,0.043924739772248,49.2728799657298,59.3143272104177
"4211",2039,2371,107.001202,0.0451291446646984,51.0392819318545,60.8966500967736
"4211",2040,2371,111.057743,0.0468400434415858,53.3857724295086,63.2172358872137
"4211",2041,2371,111.740719,0.0471280974272459,54.6334621171541,63.6165465919307
"4211",2042,2370,115.855291,0.0488840890295359,57.354618376758,66.0780262525114
"4211",2043,2369,117.459062,0.0495817062051499,59.172999805527,67.0650844820706
"4211",2044,2368,118.832457,0.0501826254222973,60.965442442949,67.9231515392891
"4211",2045,2366,121.857852,0.0515037413355875,63.6940526550399,69.8542186523568
"4211",2046,2365,122.178962,0.0516612947145877,65.1057466150137,70.0655842529573
"4211",2047,2363,125.694213,0.0531926419805332,68.4080789393506,72.3893847203951
"4211",2048,2360,128.174589,0.0543112665254237,71.3055715437701,74.0871043716433
"4211",2049,2358,129.538666,0.0549358210347752,73.615277140742,75.0418463799917
"4211",2050,2355,132.447098,0.0562408059447983,77.1150694149017,77.1150694149017
"4212",2026,2141,47.574006,0.0222204605324615,15.483852974208,19.8385297420802
"4212",2027,2150,50.289289,0.0233903669767442,15.7477196315177,20.437960956492
"4212",2028,2158,50.153698,0.0232408239110287,15.9532356225887,20.4470607005068
"4212",2029,2167,53.252942,0.0245745002307337,16.3046918973364,21.1397265757008
"4212",2030,2176,55.443649,0.0254796181066176,16.6629239157567,21.6516956630267
"4212",2031,2185,56.871927,0.0260283418764302,17.0135339824491,22.0035964606925
"4212",2032,2194,58.818291,0.0268087014585232,17.4291622748205,22.4743454609862
"4212",2033,2203,61.339655,0.0278436926917839,17.9300522747743,23.0829028269635
"4212",2034,2212,62.621129,0.0283097328209765,18.3658091883884,23.4145229709709
"4212",2035,2222,66.717682,0.0300259594959496,19.1210351415742,24.4195088950268
"4212",2036,2231,68.570055,0.0307351210219632,19.7031914161786,24.9014556130075
"4212",2037,2241,69.115411,0.0308413257474342,20.1614939704231,25.071207747167
"4212",2038,2250,72.733357,0.0323259364444444,21.0512000811081,26.0021819656511
"4212",2039,2258,76.334641,0.0338063069087688,22.0223044979053,26.9528587198389
"4212",2040,2266,78.890584,0.0348149090909091,22.9070715044661,27.6513144071458
"4212",2041,2274,81.272188,0.0357397484608619,23.8216004372639,28.3156233015303
"4212",2042,2281,83.911749,0.0367872639193336,24.8424559625293,29.0606513750418
"4212",2043,2287,86.544639,0.0378419934411893,25.9272923016419,29.81666752765
"4212",2044,2293,88.890298,0.038765938944614,27.0162263145066,30.5048081477504
"4212",2045,2298,92.734158,0.0403542898172324,28.5292658916163,31.651404174297
"4212",2046,2302,95.201843,0.0413561437880104,29.7972415409437,32.4085194599338
"4212",2047,2306,97.956787,0.0424790923677363,31.2160445012314,33.2715994380072
"4212",2048,2310,100.872882,0.0436679142857143,32.7662730631039,34.2067816898421
"4212",2049,2313,101.790393,0.0440079520103761,33.7752389537936,34.5067417701752
"4212",2050,2315,107.496539,0.0464347900647948,36.4181644725116,36.4181644725116
"4213",2026,6163,159.411175,0.0258658404997566,108.93561321758,117.356132175797
"4213",2027,6175,166.291778,0.0269298425910931,109.698330512344,120.35149463523
"4213",2028,6188,172.661701,0.027902666612799,110.659476146927,123.197006553869
"4213",2029,6202,177.781842,0.0286652437923251,111.729637937812,125.551237354409
"4213",2030,6216,185.759176,0.0298840373230373,113.308042081405,129.232168325619
"4213",2031,6231,193.178784,0.0310028541165142,115.115987631209,132.751261325946
"4213",2032,6247,201.866004,0.0323140713942692,117.412662245249,136.96203767769
"4213",2033,6263,210.971404,0.0336853590930864,120.140530442271,141.491118461438
"4213",2034,6278,215.145798,0.0342697989805671,122.261418412732,143.653546031829
"4213",2035,6294,223.299797,0.0354782009850651,125.445127858588,147.874577962487
"4213",2036,6310,230.181592,0.0364788576862124,128.676263444654,151.528975672955
"4213",2037,6325,236.800555,0.0374388229249012,132.14393210339,155.11011142125
"4213",2038,6340,244.190731,0.038515888170347,136.150059645131,159.18192662751
"4213",2039,6354,251.635812,0.0396027403210576,140.529262711033,163.368957806013
"4213",2040,6367,256.545292,0.0402929624626983,144.36989461698,166.191831387168
"4213",2041,6379,260.886478,0.0408977077911898,148.227488170086,168.720736860508
"4213",2042,6390,266.149318,0.041650910485133,152.672170733702,171.817386762431
"4213",2043,6401,271.68585,0.0424442821434151,157.503990624607,175.124055084213
"4213",2044,6412,276.194329,0.043074599033063,162.140547783215,177.85877133318
"4213",2045,6421,280.357373,0.043662571717801,166.83503101726,180.412345867397
"4213",2046,6430,285.580665,0.0444137892690513,172.307952171585,183.656414319512
"4213",2047,6438,290.45849,0.0451162612612613,177.873176694627,186.730339937607
"4213",2048,6446,295.464343,0.0458368512255662,183.785830689505,189.930627772438
"4213",2049,6453,299.41506,0.0463993584379358,189.320879690613,192.489225652585
"4213",2050,6459,302.476125,0.0468301788202508,194.491201018782,194.491201018782
"4214",2026,6399,116.226608,0.0181632455071105,65.9532694058973,74.5326940589731
"4214",2027,6452,121.563811,0.0188412602293862,66.5499130491655,76.2720949030219
"4214",2028,6504,129.36481,0.0198900384378844,67.3922208318948,78.6698333251132
"4214",2029,6553,136.440882,0.0208211326110179,68.3771078628154,80.8922722956021
"4214",2030,6600,140.983888,0.0213611951515152,69.3599906526711,82.4399626106846
"4214",2031,6645,147.229586,0.0221564463506396,70.594041516897,84.4575357109459
"4214",2032,6689,151.563843,0.0226586699058155,71.8104546067147,85.9552449437374
"4214",2033,6731,161.48266,0.0239908869410192,73.7184229228383,89.0508218561055
"4214",2034,6773,170.762688,0.025212267532851,75.8124191433193,92.0310478582983
"4214",2035,6814,177.535862,0.026054573231582,77.8225500693453,94.3086858727893
"4214",2036,6855,182.368922,0.0266037814733771,79.7354586346811,96.022018178276
"4214",2037,6895,188.770093,0.0273778234952864,82.0305745250995,98.2303893172673
"4214",2038,6934,197.133438,0.0284299737525238,84.846380009615,101.084327290209
"4214",2039,6971,206.430597,0.0296127667479558,88.0801986119153,104.285444445813
"4214",2040,7007,210.876099,0.0300950619380619,90.584350614522,105.934960983235
"4214",2041,7041,215.762295,0.0306437004686834,93.3108067831998,107.73329325766
"4214",2042,7074,223.0143,0.0315259117896522,96.7420508861936,110.345786980277
"4214",2043,7106,229.696333,0.0323242799043062,100.249811397145,112.796354436806
"4214",2044,7136,239.408855,0.0335494471692825,104.794010169089,116.347109895599
"4214",2045,7164,243.499475,0.0339893181183696,108.007361409987,117.932137119984
"4214",2046,7191,249.599487,0.0347099828952858,111.967746746306,120.256172642713
"4214",2047,7216,258.56273,0.0358318639135255,117.069782126441,123.670177043878
"4214",2048,7240,265.862135,0.0367212893646409,121.903692338479,126.517505230788
"4214",2049,7262,272.938837,0.0375845272652162,126.907309505421,129.319282603035
"4214",2050,7282,281.350885,0.0386364851689096,132.691860597943,132.691860597943
"4215",2026,11554,256.489033,0.0221991546650511,108.354578362445,102.545783624447
"4215",2027,11637,271.227175,0.0233073107330068,108.562039615761,105.814833569168
"4215",2028,11718,284.014651,0.0242374680832907,108.954498247429,108.739989985306
"4215",2029,11796,297.246445,0.0251989187012547,109.592599082955,111.788701566849
"4215",2030,11872,310.631563,0.0261650575303235,110.477570833342,114.910283333366
"4215",2031,11946,324.095576,0.027130049891177,111.613794893729,118.091460499926
"4215",2032,12018,338.661335,0.0281795086536861,113.082030344614,121.560093368044
"4215",2033,12090,356.167353,0.0294596652605459,115.075030423617,125.758704616876
"4215",2034,12161,367.44346,0.0302149050242579,116.841161100772,128.602902751929
"4215",2035,12232,379.547794,0.031029087148463,118.920964475024,131.676490228626
"4215",2036,12303,392.511432,0.0319037171421604,121.348695156346,134.997252960728
"4215",2037,12374,405.609031,0.03277913617262,124.067264291736,138.399540081436
"4215",2038,12443,419.60659,0.0337223008920678,127.188682628985,142.070332052701
"4215",2039,12510,430.549261,0.034416407753797,130.161176752783,145.019024260056
"4215",2040,12576,441.999464,0.0351462678117048,133.455390016623,148.128624026596
"4215",2041,12639,453.701267,0.0358969275259119,137.046023631268,151.3336205755
"4215",2042,12700,464.34334,0.0365624677165354,140.704699228311,154.292427469016
"4215",2043,12757,476.410364,0.0373450155992788,144.885919285683,157.658873607706
"4215",2044,12812,487.372388,0.0380403050265376,149.116695943866,160.763478637246
"4215",2045,12864,497.641952,0.0386848532338308,153.448869428305,163.706300834837
"4215",2046,12913,508.779663,0.0394005779447069,158.232894622813,166.921052497427
"4215",2047,12958,519.828406,0.0401164073159438,163.265610709617,170.144350095343
"4215",2048,13000,531.104063,0.0408541586923077,168.635576213126,173.470893203379
"4215",2049,13039,544.268156,0.041741556561086,174.834323420768,177.399297060538
"4215",2050,13075,554.078328,0.0423769275717017,180.37696844575,180.37696844575
"4216",2026,5425,111.77432,0.0206035612903226,52.9811816193677,61.8118161936773
"4216",2027,5459,117.674996,0.0215561450815168,53.5823419077486,63.5079411472629
"4216",2028,5492,124.991456,0.022758823015295,54.3789170162675,65.5938115215285
"4216",2029,5525,129.353502,0.0234123985520362,55.1742099471762,66.9374585749468
"4216",2030,5557,134.3297,0.0241730610041389,56.1134886154831,68.4539544619325
"4216",2031,5588,141.989984,0.0254098038654259,57.3826123181588,70.7221298022915
"4216",2032,5619,147.83734,0.0263102580530344,58.6716303189365,72.5280932890354
"4216",2033,5649,156.276604,0.0276644722959816,60.3759345010219,75.1060262097155
"4216",2034,5679,159.982491,0.0281708911780243,61.7381457394971,76.3453643487427
"4216",2035,5709,165.495418,0.0289885125240848,63.4330523560472,78.1326910995365
"4216",2036,5739,170.773241,0.0297566197943893,65.2397494011941,79.8731566340929
"4216",2037,5769,176.4808,0.0305912289824926,67.2565819490143,81.7689403883206
"4216",2038,5798,183.845594,0.0317084501552259,69.7164071805831,84.211649419242
"4216",2039,5827,188.588329,0.0323645665007723,71.8900572137994,85.8554165341266
"4216",2040,5855,192.770241,0.0329240377455167,74.0809178504073,87.3294685606517
"4216",2041,5882,194.847123,0.0331259984699082,75.9297320447225,88.1203502561849
"4216",2042,5907,201.04348,0.0340347858472998,78.7893094997567,90.2704421425096
"4216",2043,5933,205.482731,0.0346338666779033,81.3988978457294,91.8629123331924
"4216",2044,5957,210.37917,0.0353162951149908,84.2560567297395,93.6207183609542
"4216",2045,5981,214.448804,0.0358550081926099,87.0279715270726,95.1113495717816
"4216",2046,6003,219.872805,0.0366271539230385,90.3231948005442,97.086111530052
"4216",2047,6024,224.647248,0.0372920398406374,93.5811979838902,98.8520540663552
"4216",2048,6044,231.310812,0.0382711469225678,97.6263910043764,101.325828112839
"4216",2049,6062,236.288449,0.0389786290003299,101.291045447867,103.211475789992
"4216",2050,6079,241.729126,0.0397646201677908,105.294542156365,105.294542156365
"4217",2026,1816,49.94505,0.0275027808370044,20.5404192351189,25.4041923511888
"4217",2027,1821,51.227014,0.0281312542559034,20.8011456718536,25.8265139771171
"4217",2028,1825,53.829492,0.0294956120547945,21.1666909290373,26.6668053087847
"4217",2029,1828,54.982991,0.0300782226477024,21.4987596644437,27.0529866562055
"4217",2030,1832,57.527746,0.0314016080786026,21.9769854744062,27.9079418976249
"4217",2031,1835,59.413073,0.0323776964577657,22.4599889432071,28.5564832807203
"4217",2032,1837,59.571562,0.0324287218290691,22.8013411133567,28.6195111180208
"4217",2033,1840,61.413562,0.0333769358695652,23.3591498180634,29.2666201877612
"4217",2034,1842,63.673321,0.0345674923995657,24.0283676249205,30.0709190623011
"4217",2035,1844,65.81707,0.0356925542299349,24.7482235232852,30.8530823389376
"4217",2036,1846,67.068878,0.0363320032502709,25.3776191935604,31.3213035653903
"4217",2037,1848,69.288504,0.0374937792207792,26.2328790997183,32.1617153165235
"4217",2038,1850,71.318279,0.0385504210810811,27.1218565283409,32.948830051529
"4217",2039,1852,72.97312,0.0394023326133909,27.9926109393541,33.604444152092
"4217",2040,1854,75.191326,0.0405562707659115,29.0625529354573,34.5000846967316
"4217",2041,1855,75.986027,0.0409628177897574,29.8227683983566,34.8268202239345
"4217",2042,1857,77.213551,0.0415797259019925,30.7363921098874,35.3377030141249
"4217",2043,1859,78.278412,0.0421078063474987,31.6425322475429,35.786484403448
"4217",2044,1861,79.856896,0.0429107447608812,32.7559731258908,36.4593201624398
"4217",2045,1862,80.081536,0.0430083437164339,33.4524160492017,36.5568197528636
"4217",2046,1864,82.645972,0.0443379678111588,35.0240388526911,37.6753398266954
"4217",2047,1865,81.961693,0.0439472884718499,35.4203173347955,37.3750054476569
"4217",2048,1867,83.167801,0.04454622442421,36.5650422442819,37.9081537776021
"4217",2049,1868,83.900172,0.0449144389721627,37.5511595008909,38.2349709100166
"4217",2050,1869,86.686158,0.046381036918138,39.5017256981331,39.5017256981331
"4218",2026,1434,22.545348,0.015722,17.9279729258086,17.9279729258086
"4218",2027,1447,24.087812,0.0166467256392536,18.4598972192358,18.4598972192358
"4218",2028,1460,25.146467,0.0172236075342466,18.8621035387547,18.8621035387547
"4218",2029,1472,24.761074,0.0168213817934783,18.8506627324776,18.8506627324776
"4218",2030,1484,28.143748,0.0189647897574124,19.9159377342198,19.9159377342198
"4218",2031,1496,30.252856,0.0202224973262032,20.6366056737754,20.6366056737754
"4218",2032,1507,32.081762,0.021288495023225,21.2784395417975,21.2784395417975
"4218",2033,1517,34.436432,0.0227003506921556,22.09099584022,22.09099584022
"4218",2034,1528,35.057744,0.0229435497382199,22.3697861480954,22.3697861480954
"4218",2035,1538,36.534,0.0237542262678804,22.9187443732032,22.9187443732032
"4218",2036,1548,38.80548,0.0250681395348837,23.7398971572909,23.7398971572909
"4218",2037,1558,40.396716,0.0259285725288832,24.3469010727525,24.3469010727525
"4218",2038,1568,42.361362,0.027016174744898,25.0926914192132,25.0926914192132
"4218",2039,1577,42.849286,0.0271713925174382,25.3224902117125,25.3224902117125
"4218",2040,1586,46.468745,0.0292993348045397,26.6795884873625,26.6795884873625
"4218",2041,1595,48.754151,0.030566865830721,27.5847912353224,27.5847912353224
"4218",2042,1604,49.545652,0.0308888104738155,27.9363523584383,27.9363523584383
"4218",2043,1612,50.525385,0.031343290942928,28.3559955322233,28.3559955322233
"4218",2044,1620,52.010681,0.0321053586419753,28.9753989669432,28.9753989669432
"4218",2045,1628,54.181688,0.0332811351351351,29.8765761831344,29.8765761831344
"4218",2046,1635,56.140302,0.034336576146789,30.7053333165036,30.7053333165036
"4218",2047,1642,57.623599,0.0350935438489647,31.3512848744986,31.3512848744986
"4218",2048,1648,59.283595,0.0359730552184466,32.0766404979741,32.0766404979741
"4218",2049,1654,60.266521,0.0364368325272068,32.5214543144267,32.5214543144267
"4218",2050,1659,61.233522,0.0369098987341772,32.9588314473111,32.9588314473111
"4219",2026,3634,89.564061,0.0246461367638965,27.5667640073632,32.6676400736322
"4219",2027,3640,90.077367,0.0247465293956044,27.7966011700286,32.7934630547536
"4219",2028,3645,94.097742,0.0258155670781893,28.1576118020005,33.6149245828601
"4219",2029,3649,99.423477,0.0272467736366128,28.6407658605936,34.7212511086759
"4219",2030,3654,99.498466,0.0272300125889436,28.939022786168,34.756091144672
"4219",2031,3658,103.205524,0.0282136478950246,29.4582294831598,35.5503634196862
"4219",2032,3662,107.460995,0.0293448921354451,30.0810849312359,36.4802613268798
"4219",2033,3667,109.953242,0.0299845219525498,30.6410997201437,37.0444130210861
"4219",2034,3671,112.63483,0.0306823290656497,31.2619321125162,37.6548302812905
"4219",2035,3676,116.514062,0.0316958819368879,32.0534902939555,38.5508349576126
"4219",2036,3681,120.714917,0.0327940551480576,32.9570510470022,39.5411600989521
"4219",2037,3687,124.532892,0.033776211554109,33.9008651163732,40.4651026660941
"4219",2038,3693,125.764192,0.0340547500676956,34.5781658956097,40.7784834465632
"4219",2039,3698,127.444051,0.0344629667387777,35.3423206836981,41.1996947807628
"4219",2040,3704,129.479088,0.0349565572354212,36.1963726317181,41.714196210749
"4219",2041,3709,132.376264,0.035690553788083,37.2330413807708,42.4461001973899
"4219",2042,3715,135.525972,0.0364807461641992,38.3788491508581,43.2554987869401
"4219",2043,3720,138.459416,0.0372202731182796,39.5519487266388,44.0195914937475
"4219",2044,3726,138.872173,0.0372711146001074,40.2832041456666,44.1396182524731
"4219",2045,3731,141.096045,0.0378172192441705,41.4053250932246,44.7296308839687
"4219",2046,3736,144.594302,0.038702971627409,42.8654463280954,45.6652309742298
"4219",2047,3741,146.779369,0.0392353298583267,44.0946410856367,46.2615674204357
"4219",2048,3745,150.136982,0.0400899818424566,45.6705197710207,47.1843456984007
"4219",2049,3749,150.891993,0.0402485977594025,46.6338449482475,47.3987999462311
"4219",2050,3753,153.880718,0.0410020564881428,48.2373333069572,48.2373333069572
"4220",2026,1147,34.779892,0.0303224864864865,24.777695925308,31.7769592530798
"4220",2027,1154,36.356551,0.0315048102253033,25.2110910944562,32.8079352324088
"4220",2028,1160,38.384335,0.0330899439655172,25.7747164729796,34.1412369884546
"4220",2029,1167,39.392584,0.0337554275921165,26.3057440560748,34.8505602638814
"4220",2030,1174,41.107549,0.0350149480408859,27.0095694499159,36.0382777996636
"4220",2031,1180,41.334053,0.0350288584745763,27.5171242502673,36.2334756531036
"4220",2032,1187,44.65849,0.0376229907329402,28.736865910215,38.5749720314308
"4220",2033,1193,47.684956,0.0399706253143336,30.0941558172053,40.811464323325
"4220",2034,1199,49.288793,0.0411082510425354,31.2197968870436,42.0494922176091
"4220",2035,1205,52.414757,0.0434977236514523,32.9800779987853,44.525892568652
"4220",2036,1210,52.588526,0.0434615917355372,33.8207903852094,44.6753481793881
"4220",2037,1215,55.224544,0.0454522995884774,35.7132608571486,46.8551431358997
"4220",2038,1220,57.493144,0.0471255278688525,37.6403387791155,48.8006159620281
"4220",2039,1224,59.386055,0.0485180187908497,39.5533740495284,50.47382816941
"4220",2040,1227,59.473306,0.0484705020374898,40.5906320887332,50.5450113419731
"4220",2041,1230,61.170118,0.0497318032520325,42.6063210385243,52.0850128883385
"4220",2042,1233,62.098601,0.0503638288726683,44.2568755528614,52.9383936469449
"4220",2043,1235,63.174321,0.0511532963562753,46.0860961322935,53.9472489929403
"4220",2044,1237,64.115107,0.05183112934519,47.9019277979573,54.8411971586546
"4220",2045,1239,63.977374,0.0516362986279257,48.9408455923116,54.6964253443834
"4220",2046,1241,65.734647,0.0529690950846092,51.5436396772666,56.4042819732549
"4220",2047,1242,65.512201,0.0527473438003221,52.5568799077766,56.1767660932695
"4220",2048,1243,65.944158,0.0530524199517297,54.1533147288249,56.5981780852161
"4220",2049,1244,63.693194,0.0512003167202572,53.2564079571311,54.3962680074089
"4220",2050,1245,64.558504,0.0518542200803213,55.223736237329,55.223736237329
"4221",2026,1161,32.022989,0.0275822472006891,15.120451856635,16.20451856635
"4221",2027,1161,33.701032,0.0290275900086133,15.2371403725302,16.7246572547648
"4221",2028,1161,35.304465,0.030408669250646,15.3915205926491,17.2372605294236
"4221",2029,1161,35.75093,0.0307932213608958,15.506338080355,17.3827674369647
"4221",2030,1162,39.365401,0.0338772814113597,15.9027614689475,18.6110458757899
"4221",2031,1163,41.454185,0.0356441831470335,16.2536636260518,19.3605691340933
"4221",2032,1163,42.928785,0.0369121109200344,16.5940173782315,19.904668856097
"4221",2033,1164,43.579253,0.037439220790378,16.8678369664887,20.1526537006585
"4221",2034,1164,43.234583,0.0371431125429553,17.0090533163848,20.022633290962
"4221",2035,1164,46.581907,0.0400188204467354,17.7657300913438,21.3216687802143
"4221",2036,1163,48.429043,0.0416414815133276,18.3594576112276,22.0725423394266
"4221",2037,1163,50.020933,0.043010260533104,18.9682568156996,22.7429401281943
"4221",2038,1162,49.63949,0.0427190103270224,19.1685468802319,22.5791761458762
"4221",2039,1161,52.044337,0.0448271636520241,20.0664118197041,23.6236796931134
"4221",2040,1159,54.42844,0.0469615530629853,21.0683391375197,24.7093426200315
"4221",2041,1158,55.683465,0.0480858937823834,21.8252750614405,25.3023019795329
"4221",2042,1156,56.607341,0.0489682880622837,22.5253703145127,25.7505290207325
"4221",2043,1153,54.315059,0.0471075967042498,22.1242679495525,24.6600243383763
"4221",2044,1151,56.244793,0.0488660234578627,23.2009733315395,25.5819010729542
"4221",2045,1149,55.975276,0.0487165152306353,23.49397747226,25.4541261197047
"4221",2046,1146,56.497227,0.0492995,24.1062758823385,25.7132657439277
"4221",2047,1143,56.233099,0.0491978118985127,24.3977468909914,25.5890105813988
"4221",2048,1140,55.11765,0.0483488157894737,24.2986295767081,25.0525725153601
"4221",2049,1138,54.984752,0.0483170052724077,24.6165655173754,24.9912369011692
"4221",2050,1135,55.068606,0.0485185955947137,25.0354332306898,25.0354332306898
"4222",2026,1067,17.931619,0.016805641049672,6.32027141722524,9.20271417225235
"4222",2027,1077,18.29478,0.0169867966573816,6.45730011915329,9.32581904838758
"4222",2028,1087,19.387292,0.0178355952161914,6.62801865799859,9.58867804570625
"4222",2029,1097,21.343739,0.0194564621695533,6.85550302004639,10.0258965649242
"4222",2030,1105,22.241241,0.0201278199095023,7.06207765589412,10.2483106235765
"4222",2031,1113,24.045243,0.0216039919137466,7.34004447366066,10.661024256211
"4222",2032,1120,25.704681,0.0229506080357143,7.64078168138715,11.0485590196528
"4222",2033,1127,25.542087,0.0226637861579414,7.82994590101708,11.0481266234954
"4222",2034,1134,28.941736,0.0255218130511464,8.33336418792192,11.8334104698048
"4222",2035,1140,29.446222,0.0258300192982456,8.61469107381256,11.976436740143
"4222",2036,1147,30.63426,0.026708160418483,8.98466963343877,12.2835150177658
"4222",2037,1153,32.548533,0.0282294301821336,9.46720746614741,12.7652828607754
"4222",2038,1159,32.405403,0.0279597955133736,9.71596694286599,12.7563035324836
"4222",2039,1165,35.177065,0.0301949055793991,10.385315534373,13.4643668670179
"4222",2040,1170,37.227846,0.0318186717948718,11.0067068966005,14.0107310345608
"4222",2041,1176,37.983346,0.0322987636054422,11.4531351854108,14.2311474496767
"4222",2042,1181,38.850771,0.0328965038103302,11.9357308605213,14.4796155150304
"4222",2043,1186,40.570839,0.0342081273187184,12.6108426666226,14.9638544632171
"4222",2044,1190,41.28263,0.0346912857142857,13.1096453678308,15.1737359584913
"4222",2045,1194,42.737085,0.0357932035175879,13.7966774501642,15.5959107078945
"4222",2046,1198,45.321657,0.0378310993322204,14.8068427063827,16.3609914192737
"4222",2047,1202,47.129595,0.0392093136439268,15.689450756787,16.9176909935628
"4222",2048,1206,47.870015,0.0396932131011609,16.3179005790159,17.1544871124497
"4222",2049,1209,48.081295,0.0397694747725393,16.8048823784132,17.225851821728
"4222",2050,1211,49.635772,0.0409874252683732,17.7198865185395,17.7198865185395
"4223",2026,15266,285.772126,0.0187195156557055,181.34067604856,193.406760485596
"4223",2027,15360,298.713688,0.0194475057291667,182.43637762752,197.719110018325
"4223",2028,15453,308.739376,0.0199792516663431,183.717320997938,201.241834273931
"4223",2029,15544,322.202887,0.020728441006176,185.47597221268,205.769281000846
"4223",2030,15632,333.517507,0.021335562116172,187.424693381477,209.698773525909
"4223",2031,15718,344.819838,0.0219378952792976,189.673507920748,213.646984072168
"4223",2032,15803,362.327094,0.022927741188382,192.837732589987,219.500715661499
"4223",2033,15887,376.503103,0.0236988168313716,196.101650844133,224.418347156228
"4223",2034,15970,392.19641,0.0245583224796493,199.947712388594,229.869280971484
"4223",2035,16052,404.326381,0.0251885360702716,203.736354515868,234.254524607698
"4223",2036,16134,417.957745,0.0259054013263915,208.105648829294,239.16978700904
"4223",2037,16215,435.513255,0.0268586651248844,213.533802584427,245.431809920834
"4223",2038,16293,445.970328,0.0273718976247468,218.167088845586,249.394706991974
"4223",2039,16369,458.967414,0.0280388181318346,223.614531218636,254.237499946615
"4223",2040,16442,474.886602,0.0288825326602603,230.077997130208,260.124795408332
"4223",2041,16512,487.5399,0.0295263989825581,236.269387913562,264.934925152546
"4223",2042,16580,505.430309,0.030484337092883,244.15865940287,271.655227718386
"4223",2043,16644,517.726917,0.0311059190699351,251.120386212322,276.43442198281
"4223",2044,16705,531.184617,0.0317979417539659,258.799220647568,281.676413738798
"4223",2045,16763,547.252599,0.0326464594046412,267.706094102263,287.945961972016
"4223",2046,16817,559.849765,0.0332907037521556,276.024863973904,292.970428204593
"4223",2047,16867,578.589584,0.0343030523507441,286.869562704967,300.416408681653
"4223",2048,16913,591.07902,0.0349482067049016,296.100443983947,305.513993496159
"4223",2049,16956,605.956724,0.0357370089643784,306.682102637351,311.617768973871
"4223",2050,16994,623.856433,0.0367103938448864,319.032603932279,319.032603932279
"4224",2026,855,21.631842,0.0253004,13.9767838674006,13.9767838674006
"4224",2027,848,21.594418,0.0254651155660377,13.9123560450137,13.9123560450137
"4224",2028,842,22.375829,0.0265746187648456,14.1530416745792,14.1530416745792
"4224",2029,837,22.232783,0.0265624647550777,14.065260178666,14.065260178666
"4224",2030,832,23.229258,0.02791978125,14.4022740522265,14.4022740522265
"4224",2031,828,24.399318,0.0294677753623188,14.8263304613664,14.8263304613664
"4224",2032,824,24.892531,0.0302093822815534,14.9958420824009,14.9958420824009
"4224",2033,821,25.605544,0.0311882387332521,15.2643879672114,15.2643879672114
"4224",2034,817,26.62023,0.0325829008567931,15.6602345038484,15.6602345038484
"4224",2035,815,26.172785,0.0321138466257669,15.4625434869121,15.4625434869121
"4224",2036,812,27.56418,0.0339460344827586,16.0351449399231,16.0351449399231
"4224",2037,810,28.685993,0.0354148061728395,16.5175408983708,16.5175408983708
"4224",2038,808,30.89272,0.0382335643564356,17.5239130738329,17.5239130738329
"4224",2039,806,32.251378,0.0400141166253102,18.1743176203358,18.1743176203358
"4224",2040,805,34.132661,0.0424008211180124,19.1239098701093,19.1239098701093
"4224",2041,803,34.030826,0.0423796089663761,19.0675537589984,19.0675537589984
"4224",2042,802,35.660931,0.0444650012468828,19.9320095680007,19.9320095680007
"4224",2043,800,37.196597,0.04649574625,20.7847692008662,20.7847692008662
"4224",2044,798,37.168321,0.046576843358396,20.769593232202,20.769593232202
"4224",2045,797,39.076935,0.0490300313676286,21.8862978904888,21.8862978904888
"4224",2046,795,40.5304,0.0509816352201258,22.7828631846038,22.7828631846038
"4224",2047,793,41.556579,0.0524042610340479,23.4433566617024,23.4433566617024
"4224",2048,791,43.895769,0.0554940189633375,25.0181466733654,25.0181466733654
"4224",2049,788,45.186117,0.057342788071066,25.9511025942323,25.9511025942323
"4224",2050,786,46.910062,0.0596820127226463,27.2432639481667,27.2432639481667
"4225",2026,10460,225.022395,0.0215126572657744,135.809988010427,143.099880104268
"4225",2027,10499,234.731234,0.0223574849033241,136.555204911157,146.310581172048
"4225",2028,10538,244.172375,0.0231706561966218,137.535361034757,149.487777341469
"4225",2029,10578,254.932394,0.0241002452259406,138.853797726338,153.135518712179
"4225",2030,10618,265.923964,0.0250446377848936,140.480199472051,156.920797888206
"4225",2031,10658,274.000303,0.0257084164946519,142.134039907798,159.814051853211
"4225",2032,10696,286.585261,0.0267936855833957,144.501095602224,164.234140314536
"4225",2033,10733,295.595276,0.0275407878505544,146.786960380495,167.515752773781
"4225",2034,10770,308.027134,0.0286004766945218,149.812950234901,172.032375587253
"4225",2035,10806,318.684642,0.0294914530816213,152.93840379511,176.002065817395
"4225",2036,10842,327.714003,0.0302263422800221,156.112822946234,179.448048307861
"4225",2037,10876,337.618503,0.0310425251011401,159.728737421728,183.251194969226
"4225",2038,10909,346.241186,0.0317390398753323,163.394924914036,186.627136207337
"4225",2039,10940,360.072019,0.0329133472577697,168.501529632984,192.023880226356
"4225",2040,10970,368.686315,0.033608597538742,172.811941399561,195.499106239297
"4225",2041,10998,375.467498,0.0341396161120204,176.927258845941,198.286428446703
"4225",2042,11024,384.005316,0.0348335736574746,181.75521049319,201.793157847414
"4225",2043,11049,390.213595,0.035316643587655,186.180850879602,204.397763904545
"4225",2044,11072,401.959925,0.0363041839776012,192.576915162246,209.292793757737
"4225",2045,11093,407.164605,0.0367046430181195,197.183365633907,211.533373087886
"4225",2046,11112,413.612079,0.0372221093412527,202.410206775852,214.306125618649
"4225",2047,11130,419.792293,0.0377171871518419,207.765116621727,216.988863799129
"4225",2048,11146,426.898378,0.038300590166876,213.70798652711,220.089715164443
"4225",2049,11160,438.071585,0.0392537262544803,221.630388830497,225.005598784932
"4225",2050,11172,446.419784,0.039958806301468,228.746050164155,228.746050164155
"4226",2026,1623,41.06365,0.025301078250154,29.9248988209846,29.2489882098462
"4226",2027,1619,41.502143,0.0256344305126621,29.9161641566907,29.3902847759323
"4226",2028,1616,44.887685,0.0277770327970297,30.1299315186528,30.7424658208732
"4226",2029,1613,43.818871,0.0271660700557967,30.0591411317615,30.2783112082892
"4226",2030,1610,46.019409,0.0285834838509317,30.2932591926258,31.1730367705033
"4226",2031,1607,48.084067,0.0299216347230865,30.5860777560434,32.0385313253682
"4226",2032,1604,47.874576,0.0298469925187032,30.6261405458817,31.9265862950205
"4226",2033,1602,48.899274,0.0305238913857678,30.8562599180361,32.3620963256167
"4226",2034,1599,51.515254,0.0322171694809256,31.4077965327225,33.5194913318062
"4226",2035,1596,51.24864,0.0321106766917293,31.4782301744706,33.3788118273613
"4226",2036,1594,54.485468,0.0341815984943538,32.3183715262891,34.8807821606087
"4226",2037,1591,55.6977,0.0350079824010057,32.7929978336375,35.4497518705122
"4226",2038,1589,55.786057,0.0351076507237256,33.0153250555731,35.4824091919511
"4226",2039,1587,56.861506,0.0358295563957152,33.5258233439916,36.0014014365814
"4226",2040,1585,58.580896,0.0369595558359621,34.2845219790017,36.8552351664027
"4226",2041,1582,59.390756,0.0375415651074589,34.8074052697487,37.2564607845264
"4226",2042,1580,60.663199,0.0383944297468354,35.5366903133993,37.9095575905704
"4226",2043,1578,61.53475,0.0389954055766793,36.1671469545595,38.3622331587248
"4226",2044,1576,62.639225,0.039745701142132,36.9340553800853,38.9471682323681
"4226",2045,1573,63.882889,0.0406121354100445,37.8132301920869,39.6162833133377
"4226",2046,1570,65.767177,0.041889921656051,39.0616136306655,40.66072191843
"4226",2047,1568,66.904518,0.0426686977040816,40.0342029836575,41.3061442069381
"4226",2048,1565,67.280339,0.0429906319488818,40.6543921948341,41.518261832253
"4226",2049,1562,67.980182,0.0435212432778489,41.4750288340898,41.9221078795738
"4226",2050,1559,72.546044,0.0465337036561899,44.6895961653773,44.6895961653773
"4227",2026,5764,148.384157,0.0257432611034004,87.5739784372326,92.739784372326
"4227",2027,5753,152.626236,0.0265298515557101,87.9856145315864,94.1681056842643
"4227",2028,5742,157.582152,0.0274437742946708,88.5548028068107,95.8845874674898
"4227",2029,5731,161.791869,0.0282310013959169,89.201921768826,97.3619847944754
"4227",2030,5721,168.108702,0.0293844960671211,90.1684746584818,99.6738986339272
"4227",2031,5710,174.186397,0.0305054985989492,91.2981523555145,101.950095149616
"4227",2032,5699,177.250627,0.0311020577294262,92.2290160849508,103.089280261387
"4227",2033,5689,182.627049,0.0321017839690631,93.5909816066169,105.18201822515
"4227",2034,5679,186.800681,0.0328932349005107,94.9317735736522,106.829433934131
"4227",2035,5669,193.169854,0.0340747669783031,96.8137612610145,109.43145431089
"4227",2036,5661,198.668186,0.0350941858328917,98.7512391257836,111.739450791123
"4227",2037,5653,203.410066,0.0359826757473908,100.719533567991,113.76982159608
"4227",2038,5645,206.848753,0.036642826040744,102.543063769185,115.260115943973
"4227",2039,5638,213.911887,0.0379410938275984,105.465655663537,118.430903257085
"4227",2040,5632,218.667611,0.0388259252485795,108.00959680836,120.615354893377
"4227",2041,5626,224.53543,0.0399103146107359,111.099748187468,123.376978396178
"4227",2042,5620,229.542045,0.0408437802491103,114.150218961828,125.786027088326
"4227",2043,5614,233.9334,0.0416696473102957,117.193763230215,127.940695905377
"4227",2044,5608,241.693047,0.0430979042439372,121.764176612312,131.857002080402
"4227",2045,5601,247.35298,0.0441622888769863,125.831298999136,134.792367998937
"4227",2046,5594,251.298679,0.0449228957811941,129.398770547475,136.880906526441
"4227",2047,5585,256.962241,0.0460093538048344,133.988770222416,139.945093208356
"4227",2048,5576,261.731469,0.0469389291606887,138.418607529763,142.58768381596
"4227",2049,5566,269.576381,0.0484326951131872,144.804060453121,147.056166704541
"4227",2050,5555,276.715026,0.0498136860486049,151.263548187823,151.263548187823
"4228",2026,1750,48.754961,0.0278599777142857,20.4552285126248,24.5522851262481
"4228",2027,1752,49.214531,0.0280904857305936,20.6468702251473,24.704510728344
"4228",2028,1753,50.642023,0.0288887752424415,20.9019036599525,25.1537351997285
"4228",2029,1754,53.757922,0.0306487582668187,21.3079823601794,26.1552111067267
"4228",2030,1756,55.292333,0.0314876611617312,21.6674095044727,26.6696380178909
"4228",2031,1757,56.336488,0.0320640227660785,22.0191552855212,27.0231488192042
"4228",2032,1759,57.937172,0.0329375622512791,22.4620255313588,27.5754631734117
"4228",2033,1760,61.638808,0.03502205,23.2180635991918,28.8774168253566
"4228",2034,1761,62.631073,0.0355656291879614,23.6956776296151,29.2391940740379
"4228",2035,1763,65.106564,0.0369294180374362,24.4442068338075,30.1581870487028
"4228",2036,1765,65.507461,0.0371147087818697,24.8995944505156,30.3149356852959
"4228",2037,1767,69.351674,0.039248259196378,26.0465932285591,31.7982306898713
"4228",2038,1769,71.553867,0.0404487659694743,26.9743716335591,32.6806756973802
"4228",2039,1772,73.183613,0.0413000073363431,27.8436743073076,33.3509349911619
"4228",2040,1774,75.454337,0.0425334481397971,28.9381532137875,34.30104514206
"4228",2041,1776,77.088957,0.0434059442567567,29.9381158522468,35.000929588297
"4228",2042,1778,78.030665,0.0438867632170979,30.7874002576898,35.4105717966997
"4228",2043,1780,79.446516,0.0446328741573034,31.8245718157982,36.0333177163366
"4228",2044,1782,79.96166,0.0448718630751964,32.6036318596738,36.2627507866759
"4228",2045,1783,81.919768,0.0459449063376332,33.9296706102588,37.144209981857
"4228",2046,1784,83.10154,0.0465815807174888,35.0330069827412,37.6858905679308
"4228",2047,1785,84.076517,0.0471016901960784,36.0976154001136,38.1381581973111
"4228",2048,1785,85.427219,0.0478583859943978,37.3661697563721,38.7742375744563
"4228",2049,1785,86.661883,0.0485500745098039,38.6387625696125,39.3649481242727
"4228",2050,1785,88.492969,0.0495758929971989,40.2576204331425,40.2576204331425
"4601",2026,293310,5925.647826,0.0202026791653882,3162.58790684402,3491.87906844016
"4601",2027,294675,6101.384416,0.0207054701484687,3183.8735541043,3546.89857530403
"4601",2028,296054,6292.17972,0.021253486593662,3210.07727901948,3606.44159439703
"4601",2029,297442,6487.12419,0.0218097114395412,3241.10564135744,3667.67360638794
"4601",2030,298834,6705.995115,0.0224405359329929,3278.50030764525,3736.00123058102
"4601",2031,300221,6933.269881,0.0230938871064982,3321.88241773596,3807.3301486468
"4601",2032,301586,7175.188985,0.0237915187873442,3372.15894757978,3883.41214639931
"4601",2033,302925,7422.681186,0.0245033628323843,3428.98621582843,3961.82404366463
"4601",2034,304239,7651.999937,0.0251512788860074,3489.90582473498,4035.76456183746
"4601",2035,305519,7888.077821,0.0258186162595452,3557.5046556047,4112.29635566788
"4601",2036,306761,8128.349629,0.0264973371093457,3631.74654453841,4190.72956744928
"4601",2037,307945,8375.344152,0.0271975325204176,3713.21701587703,4271.78929927226
"4601",2038,309054,8626.332963,0.02791205732008,3801.7629549675,4354.65991812273
"4601",2039,310089,8857.988661,0.0285659557772123,3893.35982184549,4432.14437760934
"4601",2040,311056,9090.535224,0.029224754462219,3991.28405233429,4510.45448373486
"4601",2041,311958,9309.096546,0.0298408649433578,4092.49965001886,4584.86739625489
"4601",2042,312801,9532.119972,0.0304734319007932,4200.68661171483,4661.26658816405
"4601",2043,313592,9768.468839,0.0311502488552004,4318.31919746455,4742.7039965621
"4601",2044,314340,10004.639218,0.0318274454985048,4442.65798699704,4824.91353160909
"4601",2045,315048,10242.684516,0.0325115046469109,4574.38966659273,4908.63343580644
"4601",2046,315722,10462.995484,0.0331398999246172,4707.99548635804,4987.17116042123
"4601",2047,316362,10697.056429,0.0338127095826932,4852.47065956176,5071.31905302734
"4601",2048,316971,10938.301129,0.034508838754965,5006.5161767492,5158.99046135049
"4601",2049,317548,11187.352171,0.0352304286942446,5170.88005303835,5250.55070445543
"4601",2050,318096,11431.229431,0.0359364136329913,5341.40882895656,5341.40882895656
"4602",2026,16599,415.227113,0.0250151884450871,210.95685324988,237.568532498805
"4602",2027,16553,425.508666,0.0257058337461487,212.470664103056,240.513920749502
"4602",2028,16508,441.393769,0.0267381735522171,214.533504345098,245.334310543419
"4602",2029,16465,457.58074,0.0277911169146675,217.008427120057,250.392598212032
"4602",2030,16425,473.768967,0.0288443815525114,219.900478582905,255.601914331621
"4602",2031,16386,488.053903,0.0297848103869157,223.033715758253,260.291185246096
"4602",2032,16350,503.842722,0.0308160686238532,226.733169867593,265.640522669518
"4602",2033,16316,524.453087,0.0321434841260113,231.523585550931,272.892649795671
"4602",2034,16285,544.278209,0.0334220576604237,236.837599834364,280.09399958591
"4602",2035,16257,562.030244,0.0345715841791228,242.443257115107,286.727444834531
"4602",2036,16232,582.549934,0.0358889806554953,249.159042055344,294.650614853355
"4602",2037,16208,597.316947,0.0368532173617966,255.397055702302,300.48205990693
"4602",2038,16185,618.50605,0.0382147698486253,263.616142724006,309.120259498192
"4602",2039,16162,637.222957,0.0394272340675659,272.020737774372,316.971468552123
"4602",2040,16138,654.392868,0.040549812120461,280.727089025451,324.363342440721
"4602",2041,16114,673.816139,0.041815572731786,290.790884037113,332.967372131491
"4602",2042,16089,688.59491,0.0427991118155261,300.172955816863,339.675651166948
"4602",2043,16063,704.33893,0.0438485295399365,310.509554808565,346.996006520089
"4602",2044,16034,719.813569,0.044892950542597,321.435336555598,354.368176200771
"4602",2045,16003,734.897455,0.0459224804724114,332.907900416929,361.732800513144
"4602",2046,15971,748.579002,0.046871141569094,344.4877825704,368.573861847529
"4602",2047,15936,758.547576,0.0475996219879518,355.031518766359,373.669316919841
"4602",2048,15900,766.108725,0.0481829386792453,364.888737812723,377.609446284025
"4602",2049,15861,777.314284,0.0490078988714457,376.954898353393,383.537556730797
"4602",2050,15820,786.456941,0.0497128281289507,388.486495370031,388.486495370031
"4611",2026,3929,117.891497,0.03000547136676,50.741737395592,57.4173739559204
"4611",2027,3931,120.662602,0.0306951416942254,51.1438907395602,58.3192053786199
"4611",2028,3933,125.895036,0.0320099252479024,51.7587776417635,60.0501579529345
"4611",2029,3936,127.982653,0.0325159179369919,52.2874240331593,60.7643483913377
"4611",2030,3939,133.02656,0.0337716577811627,53.1257502246161,62.5030008984643
"4611",2031,3941,137.693155,0.0349386335955341,54.068257956152,64.150462456181
"4611",2032,3943,142.05667,0.0360275602333249,55.1119560680143,65.7290955938902
"4611",2033,3945,148.380468,0.0376122859315589,56.5541499747239,68.0804137233762
"4611",2034,3947,152.042994,0.0385211537876868,57.7926824100244,69.4817060250609
"4611",2035,3948,157.805371,0.0399709652988855,59.5099950705442,71.7371315898152
"4611",2036,3949,161.458599,0.0408859455558369,61.0223307543912,73.2049068513498
"4611",2037,3950,165.812561,0.0419778635443038,62.8085007775753,74.9921966391712
"4611",2038,3951,171.621936,0.0434375945330296,65.093799638864,77.4432720706619
"4611",2039,3952,174.772698,0.0442238608299595,66.9233745960203,78.8057439932261
"4611",2040,3951,179.313244,0.0453842682865097,69.2561305951486,80.8098089522377
"4611",2041,3952,184.972917,0.0468048879048583,72.1140571849121,83.3797089583579
"4611",2042,3952,188.79769,0.0477726948380567,74.6137044773252,85.1624349676074
"4611",2043,3951,192.9147,0.0488268033409264,77.3800361263058,87.125472713635
"4611",2044,3950,194.855953,0.0493306210126582,79.50269672774,88.0679957777291
"4611",2045,3949,198.326025,0.0502218346416814,82.3194227493159,89.7777510760812
"4611",2046,3946,201.552321,0.0510776282311201,85.193003794994,91.4035338764635
"4611",2047,3944,203.496979,0.0515965971095335,87.629542244268,92.3994842188936
"4611",2048,3940,207.022296,0.0525437299492386,90.9189922186578,94.2367483444949
"4611",2049,3936,206.771818,0.0525334903455285,92.4655070811527,94.1200073570418
"4611",2050,3931,209.845581,0.0533822388705164,95.7607068372317,95.7607068372317
"4612",2026,5956,125.892127,0.0211370260241773,46.9267485094398,55.267485094398
"4612",2027,5995,132.606242,0.0221194732276897,47.4900827236097,56.8369652626161
"4612",2028,6033,135.923227,0.0225299564064313,48.049733486391,57.7127627793773
"4612",2029,6071,144.198884,0.0237520810410147,48.9003429978168,59.6486729309027
"4612",2030,6107,148.016592,0.0242372018994596,49.6605126275827,60.6420505103307
"4612",2031,6142,158.419258,0.0257927805275155,50.9159996883941,63.0991293509362
"4612",2032,6177,165.659756,0.0268188045977012,52.1418602959824,64.8980316799459
"4612",2033,6211,173.270793,0.0278974066977942,53.5443772900202,66.8120752828144
"4612",2034,6244,183.094046,0.0293231976297245,55.3173559914732,69.2933899786829
"4612",2035,6278,188.456325,0.0300185289901242,56.8227643984174,70.7377471963826
"4612",2036,6311,198.780486,0.0314974625257487,59.0368440598971,73.4459874945202
"4612",2037,6344,206.629561,0.0325708639659521,61.161205450344,75.5828399031103
"4612",2038,6377,213.485127,0.0334773603575349,63.3230764638369,77.4965026615216
"4612",2039,6408,222.447828,0.0347140805243446,65.9791965929311,80.007143136904
"4612",2040,6438,227.848804,0.0353912401366884,68.237737205061,81.5803795280976
"4612",2041,6466,235.867437,0.0364781065573771,71.1121357369834,83.9051105463901
"4612",2042,6493,242.745233,0.0373856819651933,73.9605856235731,85.9436937479616
"4612",2043,6517,248.334352,0.0381056240601504,76.7018509247205,87.6296283725024
"4612",2044,6539,253.43358,0.0387572381098027,79.4697670476233,89.1867961904817
"4612",2045,6560,255.692071,0.038977449847561,81.6727719924212,89.9049501445184
"4612",2046,6578,259.499921,0.0394496687442992,84.3239781947581,91.0870331703036
"4612",2047,6595,264.763062,0.0401460291129644,87.466810452486,92.7231667070265
"4612",2048,6610,267.814402,0.0405165509833586,90.1130816991091,93.6898180530909
"4612",2049,6623,273.381416,0.0412775805526197,93.5944512370611,95.4487805060376
"4612",2050,6635,273.782532,0.0412633808590806,95.5920453233644,95.5920453233644
"4613",2026,11660,266.819695,0.0228833357632933,117.236762371313,128.367623713126
"4613",2027,11653,274.779643,0.0235801633055865,117.96070162028,130.259648147493
"4613",2028,11647,286.741692,0.0246193605220228,119.007178608772,133.183877764412
"4613",2029,11642,299.967627,0.0257659875450953,120.35743984163,136.505599254731
"4613",2030,11638,312.607948,0.0268609682075958,121.941072238157,139.764288952626
"4613",2031,11634,326.368879,0.0280530238095238,123.878860672081,143.404732772457
"4613",2032,11631,338.964142,0.0291431641303413,126.018181700548,146.825174463223
"4613",2033,11628,353.712164,0.030419002751978,128.665256681017,150.938639120048
"4613",2034,11625,368.814223,0.0317259546666667,131.709161364779,155.272903411948
"4613",2035,11623,384.28056,0.033062080357911,135.183178668218,159.847265527355
"4613",2036,11622,397.960455,0.034241994062984,138.80453611971,164.009549725705
"4613",2037,11621,412.808282,0.0355226126839343,142.983669515705,168.651062469669
"4613",2038,11620,425.130939,0.0365861393287435,147.13159781122,172.602905111309
"4613",2039,11618,434.479789,0.0373971242038217,151.050107697338,175.659757782703
"4613",2040,11615,447.237505,0.0385051661644425,155.949914497387,179.919863195819
"4613",2041,11612,459.391318,0.0395617738546331,161.100480768841,184.07619738693
"4613",2042,11608,468.063481,0.040322491471399,165.768778773137,187.098255390195
"4613",2043,11604,476.509037,0.0410642051878663,170.642055919873,190.090923281183
"4613",2044,11598,482.966216,0.0416421983100535,175.216443592494,192.408314312895
"4613",2045,11592,492.489617,0.042485301673568,180.907210106697,195.885797054397
"4613",2046,11585,500.930363,0.0432395652136383,186.568695484822,199.021994688026
"4613",2047,11576,507.811314,0.0438675979612992,191.98447715083,201.616312282625
"4613",2048,11566,514.912303,0.0445194797682864,197.708174860549,204.333162011405
"4613",2049,11554,520.647385,0.0450620897524667,203.160783222685,206.556657893698
"4613",2050,11542,532.845764,0.0461658086986657,211.380955027411,211.380955027411
"4614",2026,18861,422.869467,0.0224203100047718,224.478298532901,246.782985329008
"4614",2027,18906,446.124354,0.023596972072358,226.374826917413,253.816923035734
"4614",2028,18949,462.594879,0.0244126275265186,228.469857902688,258.970616586786
"4614",2029,18990,479.627914,0.0252568675092154,231.002541558403,264.364901451309
"4614",2030,19030,501.628207,0.0263598637414609,234.346698226405,271.386792905619
"4614",2031,19070,518.386035,0.027183326428946,237.782842268176,276.896842671916
"4614",2032,19108,543.324667,0.0284344079443165,242.520779127389,285.140858853504
"4614",2033,19145,564.802785,0.0295013207103682,247.532389687102,292.434178447179
"4614",2034,19181,583.825507,0.0304376991293468,252.817116862549,299.042792156373
"4614",2035,19217,607.169675,0.0315954454389343,259.311312289872,307.282999519707
"4614",2036,19253,624.836664,0.0324539897158884,265.553131066946,313.690802246203
"4614",2037,19288,649.790876,0.0336888674823725,273.690525908032,322.859562747379
"4614",2038,19320,668.502566,0.0346015820910973,281.351663961912,329.912116294385
"4614",2039,19349,687.421741,0.0355275074164039,289.658198160852,337.162890486556
"4614",2040,19375,704.383046,0.0363552539870968,298.112700905574,343.780321448919
"4614",2041,19399,720.519967,0.037142119026754,306.917788459543,350.177793901198
"4614",2042,19419,740.338636,0.0381244469849117,317.303102907208,358.147289867441
"4614",2043,19438,754.463591,0.0388138486984258,326.681554453926,363.941090784984
"4614",2044,19454,771.689733,0.0396674068572016,337.552875953804,371.100485101683
"4614",2045,19468,785.532146,0.0403499150400657,347.89649782666,376.949535786659
"4614",2046,19480,801.084075,0.0411234124743326,359.371474820561,383.613499788895
"4614",2047,19489,817.918179,0.0419681963671815,371.937585888105,390.94375874716
"4614",2048,19496,832.116355,0.0426813887464095,384.086704212837,397.228869419284
"4614",2049,19500,845.7684,0.0433727384615385,396.559242466035,403.360251912764
"4614",2050,19501,863.568078,0.0442832715245372,411.490058378011,411.490058378011
"4615",2026,3186,72.246925,0.0226763731952291,38.166801745243,48.6680174524304
"4615",2027,3197,75.324271,0.0235609230528621,38.7585572713201,49.7895074277828
"4615",2028,3208,80.395555,0.0250609585411471,39.5595788010969,51.6261645776964
"4615",2029,3219,83.769837,0.0260235591798695,40.3797615130166,52.9047600612546
"4615",2030,3229,87.449615,0.0270825689067823,41.3279854299403,54.3119417197611
"4615",2031,3239,91.125732,0.0281339092312442,42.3896678720089,55.7466708591614
"4615",2032,3249,95.903934,0.0295179852262235,43.7068438854087,57.6364427243345
"4615",2033,3259,102.668286,0.0315030027615833,45.4743985122851,60.3776510683728
"4615",2034,3268,108.037832,0.0330593121175031,47.2558087760084,62.639521940021
"4615",2035,3277,112.261765,0.0342574809276778,49.0220058484029,64.4788705106351
"4615",2036,3284,118.003258,0.0359327825822168,51.26271590852,67.0267703337264
"4615",2037,3291,122.322993,0.0371689434822242,53.4048207518808,69.0094063451333
"4615",2038,3297,129.667524,0.0393289426751592,56.5127813107127,72.4777842012958
"4615",2039,3302,132.759587,0.0402058107207753,58.7330649415767,73.9924509643858
"4615",2040,3306,136.996647,0.0414387921960073,61.4411818338358,76.1058909341373
"4615",2041,3310,139.466234,0.042134813897281,63.742572757859,77.3661475590325
"4615",2042,3312,143.735952,0.0433985362318841,66.8068061222659,79.581151603237
"4615",2043,3314,148.220599,0.0447255881110441,70.1675438777354,81.9729408511666
"4615",2044,3314,151.433256,0.0456950078455039,73.2146190956622,83.7285407685964
"4615",2045,3314,154.347011,0.0465742338563669,76.2870521639918,85.3532949710669
"4615",2046,3314,154.621008,0.0466569124924562,78.2315384153466,85.5076922533489
"4615",2047,3313,156.310762,0.0471810329006942,80.9018504481948,86.4668737444448
"4615",2048,3311,159.812681,0.0482671945031712,84.6291132922661,88.4909332889363
"4615",2049,3309,160.567957,0.0485246168026594,86.9889046002932,88.9365242600449
"4615",2050,3306,162.77906,0.049237465214761,90.2513130009192,90.2513130009192
"4616",2026,2845,97.442121,0.0342503061511424,33.4837412599422,46.8374125994224
"4616",2027,2852,101.53636,0.035601809256662,34.2495627414755,48.3604563016399
"4616",2028,2860,104.573386,0.036564120979021,35.06723312935,49.5270464534288
"4616",2029,2866,108.633652,0.0379042749476622,36.0601048899352,51.1063759526362
"4616",2030,2872,112.306769,0.0391040282033426,37.143558982455,52.5742359298198
"4616",2031,2877,114.997022,0.0399711581508516,38.231146068931,53.673551544108
"4616",2032,2882,119.100341,0.0413255867453158,39.5993086890486,55.3824882739958
"4616",2033,2886,124.886948,0.0432733707553708,41.3784671119137,57.8716334121756
"4616",2034,2889,127.323631,0.044071869505019,42.7807354736144,58.9518386840359
"4616",2035,2891,133.250015,0.0460913230716015,44.9741190430806,61.6551292413271
"4616",2036,2892,136.454759,0.0471835266251729,46.8041722966279,63.1666785192167
"4616",2037,2893,137.89858,0.0476662910473557,48.3276702121139,63.8588687065638
"4616",2038,2893,143.588399,0.0496330449360525,51.0652729945129,66.6641327172962
"4616",2039,2892,144.447847,0.0499473883125864,52.6215884602265,67.1005761025131
"4616",2040,2890,149.10716,0.0515941730103806,55.4449463415566,69.5119141464906
"4616",2041,2889,149.968078,0.0519100304603669,57.1546561147573,69.9692922486902
"4616",2042,2887,150.890385,0.052265460685833,58.9263492847318,70.4662132639026
"4616",2043,2885,151.488293,0.0525089403812825,60.609967325267,70.7931760342604
"4616",2044,2883,151.362702,0.0525018043704475,62.0181253699725,70.7330649935129
"4616",2045,2881,152.341187,0.052877885109337,63.9048199412114,71.2674706968755
"4616",2046,2879,153.215349,0.0532182525182355,65.7873682542308,71.7498450049774
"4616",2047,2877,153.695052,0.0534219854014599,67.5177717111906,72.0200244633134
"4616",2048,2876,154.621982,0.0537628588317107,69.4934363297158,72.5334446807738
"4616",2049,2874,154.91447,0.0539020424495477,71.1774700597879,72.7038649971823
"4616",2050,2873,155.798606,0.0542285436825618,73.1991334766052,73.1991334766052
"4617",2026,12594,388.16553,0.0308214649833254,161.410820557942,174.108205579423
"4617",2027,12560,400.661184,0.0318997757961783,162.444695494352,177.779603595288
"4617",2028,12527,414.623934,0.0330984221282031,163.853455105899,182.019743462278
"4617",2029,12495,431.28739,0.0345167979191677,165.795292632657,187.27196533015
"4617",2030,12465,445.069705,0.0357055519454473,167.93514163507,191.74056654028
"4617",2031,12436,456.709999,0.0367248310550016,170.236284946023,195.60446937747
"4617",2032,12407,470.526298,0.0379242603369066,173.108061169059,200.332495904796
"4617",2033,12379,483.240703,0.0390371357137087,176.240872851616,204.802407866528
"4617",2034,12353,498.82176,0.0403806168542055,180.185252134013,210.463130335033
"4617",2035,12328,513.050624,0.0416166956521739,184.407990107972,215.789691675366
"4617",2036,12305,523.836979,0.0425710669646485,188.465633756029,219.927650012693
"4617",2037,12283,538.480579,0.0438395000407067,193.674643883281,225.706622211279
"4617",2038,12261,549.984692,0.044856430307479,198.701708225513,230.366742228206
"4617",2039,12239,564.215068,0.0460997686085464,204.819698020387,236.288847694276
"4617",2040,12217,574.945459,0.0470611000245559,210.545612218994,240.87297955039
"4617",2041,12194,582.6442,0.047781220272265,215.804990429874,244.233947818678
"4617",2042,12171,594.13601,0.0488157102949634,222.543982240299,249.34854605757
"4617",2043,12146,601.07366,0.0494873752675778,228.231098904315,252.516744277038
"4617",2044,12121,610.828932,0.0503942687897038,235.20786617311,257.042407965303
"4617",2045,12096,617.8038,0.0510750496031746,241.540898118153,260.358028453111
"4617",2046,12069,626.085401,0.0518754992957163,248.707894070111,264.362228317777
"4617",2047,12041,633.18878,0.0525860626193838,255.741301405538,267.877522710466
"4617",2048,12013,641.170622,0.0533730643469575,263.500111658748,271.892012604052
"4617",2049,11984,651.678023,0.0543790072596796,272.868456150045,277.265928467579
"4617",2050,11954,659.574276,0.0551760311192906,281.432568449534,281.432568449534
"4618",2026,10541,362.710845,0.03440952898207,149.719150624599,174.191506245987
"4618",2027,10494,368.638662,0.0351285174385363,151.009751141526,176.161826483829
"4618",2028,10449,375.552472,0.0359414749736817,152.521486040025,178.551348800141
"4618",2029,10404,386.321874,0.0371320524798155,154.537357507367,182.469917681726
"4618",2030,10360,397.834161,0.0384009807915058,156.952166951893,186.808667807572
"4618",2031,10316,409.259331,0.0396722887747189,159.723911360213,191.257082992045
"4618",2032,10272,418.996554,0.0407901629672897,162.649477347413,195.152237992039
"4618",2033,10229,426.554422,0.0417005007332095,165.574919882306,198.241158296017
"4618",2034,10187,435.393944,0.0427401535290076,168.986109942052,201.96527485513
"4618",2035,10147,445.634683,0.0439178755297132,172.995578466249,206.418465065713
"4618",2036,10108,456.274556,0.0451399442026118,177.491231469126,211.192066250792
"4618",2037,10071,464.452724,0.046117835766061,181.832224575675,214.96531624522
"4618",2038,10034,471.836628,0.0470237819413992,186.302556566388,218.45919375707
"4618",2039,9999,481.394154,0.0481442298229823,191.705729555156,223.094858817288
"4618",2040,9963,488.912079,0.0490727771755495,196.90603205262,226.849651284192
"4618",2041,9929,494.845179,0.0498383703293383,201.915127387906,229.890758321368
"4618",2042,9894,501.908841,0.0507286073377805,207.607337980296,233.581911400423
"4618",2043,9860,505.941668,0.0513125423935091,212.467535647164,235.769539860561
"4618",2044,9826,515.381816,0.0524508259719113,219.753940380094,240.876052103347
"4618",2045,9792,522.917712,0.0534025441176471,226.697041642501,245.088666636924
"4618",2046,9758,531.064229,0.0544234708956753,234.337069860224,249.749493953205
"4618",2047,9724,535.280606,0.0550473679555738,240.450838870518,252.296719854104
"4618",2048,9690,539.478781,0.0556737648090815,246.789681238256,254.88073647379
"4618",2049,9655,544.033916,0.0563473760745728,253.574965632628,257.727237020912
"4618",2050,9620,550.132958,0.0571863781704782,261.545963869026,261.545963869026
"4619",2026,896,28.22519,0.031501328125,11.644196555099,17.44196555099
"4619",2027,895,28.071622,0.0313649407821229,11.8759622429128,17.3706344939112
"4619",2028,896,29.272254,0.0326699263392857,12.2063192169416,17.8932526682378
"4619",2029,896,30.787241,0.0343607600446429,12.6079799873403,18.5669646463075
"4619",2030,896,30.583286,0.0341331316964286,12.8687023119165,18.4748092476662
"4619",2031,897,31.445556,0.0350563612040134,13.2633371318464,18.8724769803355
"4619",2032,898,33.620233,0.0374390122494432,13.8936762282549,19.9036191638613
"4619",2033,898,34.379766,0.0382848173719376,14.3621990808665,20.2750319472178
"4619",2034,899,35.002026,0.0389344004449388,14.8351514376973,20.5878785942432
"4619",2035,899,35.06842,0.0390082536151279,15.2092495640384,20.6211418606592
"4619",2036,899,35.551426,0.0395455239154616,15.6857562589072,20.8647500187521
"4619",2037,899,38.571151,0.0429045061179088,16.8703695299341,22.4543795706032
"4619",2038,899,38.748917,0.0431022436040044,17.3534052476935,22.5516459048972
"4619",2039,899,38.996037,0.043377126807564,17.8664416708949,22.687560290885
"4619",2040,899,39.992253,0.0444852647385984,18.6523940097681,23.243830415629
"4619",2041,899,40.762292,0.0453418153503893,19.402577365529,23.6831356460815
"4619",2042,898,42.848161,0.0477151013363029,20.7415162641336,24.9164518059051
"4619",2043,898,43.208244,0.0481160846325167,21.4251587156513,25.1358084280018
"4619",2044,897,43.574541,0.0485780836120401,22.1310644812526,25.3626638467776
"4619",2045,897,44.638029,0.0497636889632107,23.2107073382939,26.0285628779002
"4619",2046,896,46.240129,0.0516072868303571,24.6584062202578,27.0687132003033
"4619",2047,895,47.0191,0.0525353072625698,25.7259325459147,27.5926000517349
"4619",2048,895,47.4226,0.0529861452513967,26.6009277340673,27.8658678206133
"4619",2049,893,46.807686,0.0524162217245241,26.8421414412533,27.4593677311722
"4619",2050,892,48.835241,0.0547480280269058,28.8629354988202,28.8629354988202
"4620",2026,1099,35.464356,0.0322696596906278,11.3908557466335,14.9085574663354
"4620",2027,1104,37.114464,0.0336181739130435,11.6083579048534,15.4244211262062
"4620",2028,1108,37.895652,0.0342018519855596,11.8188391545065,15.6790808828943
"4620",2029,1113,39.456604,0.0354506774483378,12.1019613338155,16.1857003944259
"4620",2030,1117,42.003886,0.0376041951656222,12.5067048202281,17.0268192809124
"4620",2031,1121,43.690659,0.0389747181088314,12.8996454574434,17.6074624606726
"4620",2032,1125,44.367784,0.0394380302222222,13.2263011352544,17.8501573392443
"4620",2033,1128,46.836663,0.0415218643617021,13.8028026118241,18.7318692739974
"4620",2034,1131,49.182915,0.0434862201591512,14.4422893483718,19.6057233709295
"4620",2035,1133,49.667517,0.0438371729920565,14.8463444611572,19.7916444826449
"4620",2036,1136,50.51754,0.0444696654929577,15.3321491209512,20.1203139388446
"4620",2037,1139,50.241896,0.0441105320456541,15.6205461477969,20.0156998005794
"4620",2038,1142,52.446811,0.0459254036777583,16.434312325662,20.8805678648399
"4620",2039,1144,53.432784,0.046706979020979,17.0380706051858,21.2775669875504
"4620",2040,1147,53.709639,0.0468261891891892,17.4931428234763,21.3890285175622
"4620",2041,1150,54.356745,0.0472667347826087,18.057270432454,21.6524836716287
"4620",2042,1153,54.632897,0.0473832584562012,18.5350338179384,21.7643340256263
"4620",2043,1156,55.938113,0.0483893711072664,19.338309666791,22.3061825990386
"4620",2044,1159,57.553768,0.0496581259706644,20.2945710747844,22.9929949352056
"4620",2045,1162,58.649448,0.0504728468158348,21.1292207728265,23.4667332588633
"4620",2046,1165,61.122647,0.052465791416309,22.5386806045156,24.5749183582536
"4620",2047,1168,60.799555,0.0520544135273973,22.9081542555136,24.4176385977619
"4620",2048,1170,61.351287,0.0524369974358974,23.6399962921374,24.6648608563648
"4620",2049,1172,61.763657,0.0526993660409556,24.3297864817319,24.849128812189
"4620",2050,1173,63.857591,0.0544395490196078,25.8345958440884,25.8345958440884
"4621",2026,15771,470.682898,0.0298448353306702,156.119098597486,202.190985974864
"4621",2027,15797,483.981287,0.0306375442805596,158.571331699742,206.064230543581
"4621",2028,15824,492.091343,0.0310977845677452,161.063122918593,208.503559534817
"4621",2029,15851,506.096603,0.0319283706390764,164.108272547477,212.685988458714
"4621",2030,15878,518.954201,0.0326838519334929,167.398950251848,216.595801007393
"4621",2031,15904,533.899788,0.0335701576961771,171.180956474055,221.194631214103
"4621",2032,15929,552.150197,0.0346632052859564,175.667309037944,226.899412424444
"4621",2033,15954,566.488807,0.0355076348878024,180.177363652538,231.489279041485
"4621",2034,15977,581.855041,0.0364182913563247,185.193581553595,236.483953883988
"4621",2035,15999,596.402088,0.0372774603412713,190.505841745541,241.29906684695
"4621",2036,16021,615.17991,0.0383983465451595,196.896566509005,247.624350545273
"4621",2037,16040,633.496889,0.0394948185162095,203.752593930539,253.931890596174
"4621",2038,16057,647.377567,0.0403174669614498,210.297432856615,258.813514284755
"4621",2039,16072,661.114383,0.041134543491787,217.225198852821,263.723742728206
"4621",2040,16086,676.99143,0.0420857534502051,225.062010082235,269.499216131576
"4621",2041,16097,690.678493,0.0429072804249239,232.865257405212,274.570199856924
"4621",2042,16107,704.465046,0.0437365770162041,241.136630276114,279.766614680163
"4621",2043,16114,713.499084,0.0442782105001862,248.513484507773,283.221673908844
"4621",2044,16121,722.005987,0.0447866749581292,256.021442399527,286.511538580034
"4621",2045,16125,735.087029,0.045586792496124,265.269203357928,291.639019517449
"4621",2046,16129,743.165371,0.0460763451546903,273.272322979652,294.849791740767
"4621",2047,16130,754.100167,0.0467514052696838,282.573189571352,299.251481207157
"4621",2048,16130,760.262679,0.0471334580905146,290.454018824094,301.761101431453
"4621",2049,16128,769.449312,0.0477089107142857,299.747649551393,305.543012520928
"4621",2050,16125,781.607569,0.0484717872248062,310.623129833317,310.623129833317
"4622",2026,8273,261.672897,0.0316297470083404,139.284810460103,150.848104601027
"4622",2027,8264,269.369333,0.0325955146418199,140.186096892172,153.898886488521
"4622",2028,8254,279.104422,0.0338144441482917,141.476086243328,157.863349961874
"4622",2029,8246,287.392655,0.0348523714528256,142.957500029771,161.329411904804
"4622",2030,8238,295.458863,0.0358653633163389,144.695394551004,164.781578204017
"4622",2031,8230,306.096629,0.0371927860267315,147.047122088256,169.468250741761
"4622",2032,8221,314.450161,0.0382496242549568,149.452725434083,173.239155181793
"4622",2033,8212,324.179364,0.039476298587433,152.410257086399,177.75243334179
"4622",2034,8202,330.460173,0.0402901942209217,155.089119904719,180.722799761798
"4622",2035,8192,342.385603,0.0417951175537109,159.235848344879,186.539081931153
"4622",2036,8183,352.659204,0.0430965665403886,163.512824459453,191.711209388323
"4622",2037,8173,359.646223,0.044004187324116,167.373288934141,195.31373450564
"4622",2038,8161,367.389385,0.04501769207205,171.767734417463,199.395880759024
"4622",2039,8150,375.978605,0.0461323441717791,176.797628044453,204.038515820346
"4622",2040,8138,383.31125,0.0471014069796019,181.812431188054,208.099889900886
"4622",2041,8125,389.426183,0.0479293763692308,186.734839294891,211.562021577194
"4622",2042,8113,395.65322,0.0487678072229755,192.009838302162,215.156911860231
"4622",2043,8100,402.43242,0.0496830148148148,197.850255025724,219.152888170473
"4622",2044,8087,407.142341,0.0503452876221096,203.093587176264,221.991725388727
"4622",2045,8074,409.94618,0.0507736165469408,207.647307098513,223.719762582785
"4622",2046,8060,416.026413,0.0516161802729529,214.060737800368,227.48322094161
"4622",2047,8047,420.444211,0.0522485660494594,219.89640331642,230.277637539628
"4622",2048,8032,423.89397,0.0527756436752988,225.423503686036,232.511895876796
"4622",2049,8018,428.498314,0.0534420446495385,231.855739926049,235.512457066025
"4622",2050,8002,431.714456,0.0539508192951762,237.671078096088,237.671078096088
"4623",2026,2541,69.421201,0.0273204254230618,28.4391019953442,32.3910199534422
"4623",2027,2545,72.936768,0.0286588479371316,28.7432121935455,33.4051795894215
"4623",2028,2550,73.793527,0.0289386380392157,28.9933249577934,33.6761426159623
"4623",2029,2555,75.366328,0.0294975843444227,29.3083557704475,34.1569683315176
"4623",2030,2561,77.885448,0.0304121233893011,29.7321262544336,34.9285050177343
"4623",2031,2566,82.678708,0.0322208526890101,30.4173261406839,36.4080909241178
"4623",2032,2572,87.458456,0.034004065318818,31.2317348535691,37.9437995494433
"4623",2033,2578,90.911741,0.0352644456943367,32.0218309810675,39.0947061546691
"4623",2034,2584,95.578888,0.03698873374613,33.0763398502119,40.6908496255298
"4623",2035,2589,99.380916,0.0383858308227115,34.13981829954,42.0338703989485
"4623",2036,2594,102.685843,0.0395859070932922,35.2363668193191,43.2344564617244
"4623",2037,2600,106.826531,0.0410871273076923,36.5997946968642,44.7800872133936
"4623",2038,2604,109.095695,0.041895428187404,37.7066466762624,45.6484485022952
"4623",2039,2608,114.850563,0.0440377925613497,39.6974228796272,47.9105070291527
"4623",2040,2612,116.330886,0.0445370926493109,40.819105381505,48.510568610408
"4623",2041,2615,117.954547,0.0451069013384321,42.0284292630904,49.1749875669289
"4623",2042,2618,121.237659,0.0463092662337662,43.7797431527013,50.5424902181447
"4623",2043,2621,123.86108,0.0472571842808088,45.4491181120371,51.6598211688639
"4623",2044,2623,125.077816,0.047685023255814,46.7433833961311,52.1850108337176
"4623",2045,2625,127.68223,0.0486408495238095,48.5785468551972,53.3274422833196
"4623",2046,2627,129.036548,0.0491193559192996,50.0398361614885,53.9292190135159
"4623",2047,2629,131.185582,0.0498994225941423,51.8723720993241,54.8984474358582
"4623",2048,2631,134.011706,0.0509356541239073,54.083956293349,56.1988716684854
"4623",2049,2632,133.358902,0.0506682758358663,54.8466292755569,55.8926018447344
"4623",2050,2633,135.953612,0.0516344899354349,57.107332573438,57.107332573438
"4624",2026,26236,549.051076,0.0209273927427962,271.975342215636,316.753422156365
"4624",2027,26491,575.551378,0.021726298667472,275.039145552911,325.466513112079
"4624",2028,26739,604.630285,0.0226122998242268,278.889120916405,334.93783380803
"4624",2029,26980,632.363509,0.0234382323573017,283.386638552534,344.113593188395
"4624",2030,27216,655.651295,0.024090656047913,288.277395267787,352.109581071149
"4624",2031,27445,682.90752,0.0248827662597923,294.103733169143,361.273854501369
"4624",2032,27668,716.008916,0.0258785931762325,301.197908826763,372.224334851577
"4624",2033,27888,749.765679,0.0268848852194492,309.241507644117,383.528296949289
"4624",2034,28103,778.65434,0.0277071608013379,317.597865133031,393.494662832579
"4624",2035,28316,807.587381,0.0285205318900975,326.757822903204,403.589309493038
"4624",2036,28527,838.711051,0.0294006047253479,337.05983682255,414.494393310632
"4624",2037,28734,869.786464,0.0302702882995754,348.238912941148,425.51495208029
"4624",2038,28937,904.59929,0.0312609907730587,360.996301541195,437.902366438536
"4624",2039,29133,933.948991,0.0320581124841245,373.700349714765,448.617616535771
"4624",2040,29325,962.015717,0.0328053100426257,387.006494232582,459.010390772132
"4624",2041,29511,992.270928,0.0336237649689946,401.659916869914,470.260251879115
"4624",2042,29690,1015.191108,0.034193031593129,415.425677444449,479.036682063499
"4624",2043,29862,1043.600611,0.0349474452816288,431.332109373095,489.823199149959
"4624",2044,30028,1072.904286,0.0357301280804582,448.385221709317,501.045447366861
"4624",2045,30186,1098.672075,0.0363967426952892,465.310962037393,511.075030199869
"4624",2046,30336,1124.326177,0.0370624399063819,483.021728612577,521.143210132443
"4624",2047,30478,1144.743685,0.037559672058534,499.795273748147,529.304533800729
"4624",2048,30612,1171.89474,0.0382822010976088,519.612751293638,540.094866263392
"4624",2049,30738,1198.768372,0.0389995566399896,540.243079358885,550.888913619621
"4624",2050,30857,1226.460671,0.0397465946462715,562.126414439155,562.126414439155
"4625",2026,5231,120.528824,0.0230412586503537,48.9431355771295,57.4313557712952
"4625",2027,5248,124.107661,0.0236485634527439,49.4283483565,58.3879880472724
"4625",2028,5264,130.264548,0.0247463047112462,50.0979576444217,59.9883293966953
"4625",2029,5278,138.648075,0.0262690555134521,51.0140260679515,62.1836520844775
"4625",2030,5292,144.760931,0.0273546732804233,51.9614666146261,63.8458664585046
"4625",2031,5306,149.073822,0.0280953301922352,52.9046391085092,65.0596142904666
"4625",2032,5318,154.509968,0.029054149680331,54.0410489490148,66.5878429200455
"4625",2033,5330,160.002313,0.030019195684803,55.3083257513982,68.1608986245466
"4625",2034,5342,168.924908,0.0316220344440285,57.1001166509077,70.7502916272692
"4625",2035,5353,174.841184,0.0326622798430786,58.7303620820461,72.5265419018196
"4625",2036,5364,181.347099,0.0338081840044743,60.5965173809248,74.5189839598416
"4625",2037,5374,184.576614,0.034346225158169,62.1148411145491,75.5411533942421
"4625",2038,5385,191.494619,0.0355607463324048,64.3527620706101,77.7322946738366
"4625",2039,5396,196.615969,0.0364373552631579,66.4463339130871,79.3980151712121
"4625",2040,5406,205.702954,0.0380508608953015,69.5004803469193,82.400768555071
"4625",2041,5417,208.119598,0.0384197153405944,71.3444221819848,83.2368636709204
"4625",2042,5427,212.481119,0.0391525924083287,73.7160422988779,84.7372032841113
"4625",2043,5438,213.498438,0.039260470393527,75.3681967552065,85.1094193290935
"4625",2044,5448,220.759599,0.0405212186123348,78.7275428045546,87.6484423284576
"4625",2045,5457,226.053748,0.0414245460875939,81.7545231361372,89.5440284752457
"4625",2046,5466,231.077824,0.0422754892060007,84.8693192431457,91.3756696978185
"4625",2047,5473,233.631245,0.0426879672939887,87.3352040508431,92.3213566770063
"4625",2048,5480,234.583615,0.0428072290145985,89.3296814438755,92.6807366960816
"4625",2049,5486,238.479254,0.0434705165876777,92.4071056687054,94.1372526428108
"4625",2050,5491,243.97345,0.0444315152067019,96.2232944206123,96.2232944206123
"4626",2026,40136,709.127951,0.0176681271427148,325.086033258564,352.86033258564
"4626",2027,40495,744.814737,0.018392758044203,327.458840992527,361.700661763835
"4626",2028,40849,781.161718,0.019123154006218,330.528568138684,370.734675078192
"4626",2029,41195,822.673427,0.0199702251972327,334.508203908344,380.862136039268
"4626",2030,41536,866.786192,0.020868311633282,339.407010029808,391.62804011923
"4626",2031,41869,910.803503,0.0217536483555853,345.138578775243,402.48201313128
"4626",2032,42196,960.923717,0.0227728627595033,352.148250481069,414.763847634059
"4626",2033,42517,1005.570249,0.0236510160406426,359.706830825966,426.018843657838
"4626",2034,42831,1050.924743,0.0245365446288903,368.221339345312,437.55334836328
"4626",2035,43139,1101.597663,0.02553600368576,378.189822868285,450.433880841794
"4626",2036,43442,1146.736351,0.0263969511302426,388.602123528261,462.214996901603
"4626",2037,43737,1195.220827,0.0273274533461371,400.369427886527,474.91595685176
"4626",2038,44022,1243.000822,0.0282359007314525,413.078777496534,487.597777266426
"4626",2039,44298,1284.854002,0.029004785814258,425.970482080091,498.971033327814
"4626",2040,44566,1335.957314,0.029977052326886,441.232943259913,512.772709215861
"4626",2041,44825,1380.11105,0.0307888689347462,456.478748423577,524.986790073324
"4626",2042,45075,1418.855561,0.0314776608097615,471.746389125493,535.923413036419
"4626",2043,45316,1461.552525,0.0322524610512843,488.668883371139,547.991706265952
"4626",2044,45547,1501.63704,0.0329689560234483,506.046540986026,559.479407723905
"4626",2045,45767,1546.535715,0.0337915029387987,525.434843530251,572.381345883386
"4626",2046,45976,1589.213421,0.034566152362102,545.392403336204,584.81459216024
"4626",2047,46173,1630.79407,0.0353192140428389,566.123295158249,597.068501586759
"4626",2048,46359,1670.646698,0.0360371599473673,587.43416927451,608.955858675146
"4626",2049,46533,1712.513448,0.0368021285539295,610.31525370045,621.548315532935
"4626",2050,46696,1759.624708,0.037682557563817,635.845659357675,635.845659357675
"4627",2026,30809,543.986997,0.0176567560453114,283.143217621128,320.432176211279
"4627",2027,31053,570.372396,0.0183677066950053,285.74139594227,328.028334125603
"4627",2028,31291,600.004801,0.0191749960371992,289.049758388565,336.427190791802
"4627",2029,31523,626.680158,0.0198800925673318,292.851972872162,344.185754692527
"4627",2030,31749,658.908874,0.0207536890610728,297.584170519679,353.336682078714
"4627",2031,31972,686.707356,0.0214783984736645,302.718767391335,361.500060491599
"4627",2032,32190,716.537177,0.022259620285803,308.650947975819,370.233686079444
"4627",2033,32406,752.519782,0.023221618897735,315.844027380462,380.638696221964
"4627",2034,32619,781.133828,0.0239472034090561,323.106357571867,389.265893929669
"4627",2035,32833,818.518563,0.0249297524746444,332.080176605134,400.326117954591
"4627",2036,33046,847.216571,0.0256374923137445,340.847429656317,409.205115065931
"4627",2037,33259,876.447747,0.0263521978111188,350.40527027168,418.327356627669
"4627",2038,33468,908.9608,0.0271591012310267,361.195807178127,428.44692214205
"4627",2039,33675,937.309826,0.0278339963177431,372.121002092559,437.503833349038
"4627",2040,33877,970.411868,0.0286451535850282,384.626134241208,448.001814785932
"4627",2041,34076,995.847463,0.0292243063446414,396.510709117414,456.374655271569
"4627",2042,34268,1021.752541,0.0298165209816739,409.148134366888,464.925906238412
"4627",2043,34454,1047.181067,0.0303935992047367,422.357755749672,473.383397626674
"4627",2044,34632,1071.475551,0.0309388874740125,435.96434986059,481.534644981406
"4627",2045,34802,1103.316344,0.031702670651112,452.099227683367,492.045203302606
"4627",2046,34963,1131.294762,0.0323569133655579,468.075420036568,501.441670631256
"4627",2047,35115,1157.452425,0.0329617663391713,484.30054062358,510.324552815302
"4627",2048,35258,1184.515572,0.0335956540926882,501.510753925269,519.552166405697
"4627",2049,35391,1213.623869,0.0342918784154164,520.115441715663,529.509549834455
"4627",2050,35514,1249.362762,0.035179443656023,541.759442073021,541.759442073021
"4628",2026,3826,121.897704,0.0318603512807109,52.6967429900482,58.9674299004824
"4628",2027,3821,123.324247,0.0322753852394661,53.0212221436942,59.4270701359582
"4628",2028,3816,127.061471,0.0332970311844864,53.5206843681135,60.6896249606486
"4628",2029,3813,127.199976,0.0333595531077891,53.8540301059485,60.7248475574046
"4628",2030,3810,128.180441,0.0336431603674541,54.2636003109131,61.0544012436526
"4628",2031,3808,132.522838,0.0348011654411765,55.043684269041,62.5867278923164
"4628",2032,3806,133.772362,0.0351477566999475,55.5846124402305,63.0295767391708
"4628",2033,3804,139.333291,0.0366280996319664,56.7372595921925,65.0683023232898
"4628",2034,3803,141.261298,0.0371447010255062,57.5159797619903,65.7899494049758
"4628",2035,3802,143.9956,0.0378736454497633,58.4877195123213,66.8290731710202
"4628",2036,3801,148.524263,0.0390750494606682,59.8799272885339,68.5893206074399
"4628",2037,3800,151.161556,0.0397793568421053,61.0380081331067,69.635137820696
"4628",2038,3800,156.160364,0.0410948326315789,62.8166176080688,71.666577469216
"4628",2039,3799,159.02045,0.0418585022374309,64.251598438562,72.8537845762758
"4628",2040,3798,164.181593,0.043228434175882,66.4054164225763,75.048666276122
"4628",2041,3798,166.735637,0.0439009049499737,68.0060022858997,76.1600034504146
"4628",2042,3797,168.712222,0.0444330318672636,69.5215390989326,77.0307701413323
"4628",2043,3796,170.938232,0.0450311464699684,71.1926635947645,78.0239506369687
"4628",2044,3795,174.845252,0.046072530171278,73.544544937998,79.7994128232232
"4628",2045,3793,178.494619,0.0470589557078829,75.9653342345475,81.4957959809816
"4628",2046,3791,181.422605,0.0478561342653653,78.2519373136924,82.8846321337558
"4628",2047,3788,182.881278,0.0482791124604013,80.0346457025499,83.5883331859718
"4628",2048,3785,181.813714,0.048035327344782,80.7473653523295,83.0782328133291
"4628",2049,3781,183.745218,0.0485969896852684,82.8150424359865,84.015628504921
"4628",2050,3777,184.258478,0.0487843468361133,84.2711709322485,84.2711709322485
"4629",2026,398,9.31005,0.0233920854271357,5.62242595833183,5.62242595833183
"4629",2027,401,9.387549,0.0234103466334165,5.66706775215555,5.66706775215555
"4629",2028,404,9.21473,0.0228087376237624,5.63487302105412,5.63487302105412
"4629",2029,408,9.844776,0.0241293529411765,5.85733344578604,5.85733344578604
"4629",2030,411,9.928399,0.0241566885644769,5.90392881775184,5.90392881775184
"4629",2031,414,10.661443,0.0257522777777778,6.1581046061552,6.1581046061552
"4629",2032,417,10.543656,0.0252845467625899,6.13963365671804,6.13963365671804
"4629",2033,421,10.794048,0.0256390688836105,6.2467494749754,6.2467494749754
"4629",2034,424,10.725379,0.0252957051886792,6.24421991752995,6.24421991752995
"4629",2035,428,10.391939,0.0242802313084112,6.16475597066609,6.16475597066609
"4629",2036,432,12.183231,0.0282019236111111,6.7793136215694,6.7793136215694
"4629",2037,435,12.870582,0.0295875448275862,7.03631661722304,7.03631661722304
"4629",2038,439,13.740035,0.0312984851936219,7.37162325527534,7.37162325527534
"4629",2039,442,13.624226,0.0308240407239819,7.34542333055641,7.34542333055641
"4629",2040,444,13.092358,0.0294872927927928,7.16617422369388,7.16617422369388
"4629",2041,447,14.536171,0.0325193982102908,7.70897514413083,7.70897514413083
"4629",2042,450,15.451655,0.0343370111111111,8.07526543703139,8.07526543703139
"4629",2043,452,15.188687,0.0336032898230089,7.98210214174008,7.98210214174008
"4629",2044,454,14.607422,0.0321749383259912,7.77096421671902,7.77096421671902
"4629",2045,457,14.655195,0.0320682603938731,7.80409467217915,7.80409467217915
"4629",2046,459,15.589488,0.0339640261437909,8.16988822571911,8.16988822571911
"4629",2047,460,16.782509,0.0364837152173913,8.65130177708774,8.65130177708774
"4629",2048,462,17.249255,0.0373360497835498,8.85231960406077,8.85231960406077
"4629",2049,464,17.818773,0.0384025280172414,9.10033759053535,9.10033759053535
"4629",2050,465,18.030371,0.0387749913978495,9.19450572832577,9.19450572832577
"4630",2026,8128,202.311615,0.0248907006643701,75.0071959997664,93.0719599976636
"4630",2027,8168,211.897828,0.0259424373163565,76.1219597100351,95.7051615275281
"4630",2028,8208,219.683218,0.0267645246101365,77.3606017866668,97.9177244952389
"4630",2029,8248,227.413645,0.0275719744180407,78.7687398331109,100.147010979346
"4630",2030,8287,238.766844,0.0288122172076747,80.5964381146345,103.385752458538
"4630",2031,8325,244.756188,0.0294001427027027,82.2584205391815,105.203201875414
"4630",2032,8363,254.479407,0.0304292008848499,84.4034790161418,108.087627741975
"4630",2033,8399,268.060836,0.031915803786165,87.1876609320468,112.138374984957
"4630",2034,8434,275.122474,0.0326206395541854,89.5416148367039,114.35403709176
"4630",2035,8469,286.907727,0.0338774031172512,92.6992555066594,118.026869729507
"4630",2036,8503,297.147215,0.0349461619428437,95.9433222757566,121.301731106856
"4630",2037,8537,306.566795,0.0359103660536488,99.3326964039273,124.380871032053
"4630",2038,8569,317.104536,0.0370060142373673,103.180301200867,127.873274910667
"4630",2039,8600,322.703063,0.0375236119767442,106.36773876774,129.796151094025
"4630",2040,8631,335.412662,0.0388613905688796,111.205961963215,134.129539141145
"4630",2041,8660,343.573779,0.0396736465357968,115.394073672509,136.991054600014
"4630",2042,8688,349.445183,0.0402215910451197,119.263007083317,139.090010119024
"4630",2043,8714,356.590812,0.0409215988065183,123.634786641936,141.657337819574
"4630",2044,8740,363.207463,0.0415569179633867,128.076854205526,144.066908652292
"4630",2045,8764,373.056315,0.0425669003879507,133.683459805354,147.687335145051
"4630",2046,8787,378.302729,0.0430525468305451,138.156947645786,149.655232524454
"4630",2047,8808,385.893503,0.0438117056085377,143.576718491373,152.523063088871
"4630",2048,8828,390.718557,0.0442590118939737,148.268582294977,154.371440318894
"4630",2049,8846,396.953047,0.0448737335518879,153.637086912987,156.778791597909
"4630",2050,8863,406.135827,0.0458237421866185,160.376177336442,160.376177336442
"4631",2026,29972,657.866411,0.0219493664420125,290.776625291005,333.766252910054
"4631",2027,30155,693.176061,0.0229871020063008,293.907428959531,343.508574251136
"4631",2028,30335,724.059457,0.023868780517554,297.599612091085,352.283497663342
"4631",2029,30512,756.703115,0.0248001807485579,302.070773357665,361.627168741953
"4631",2030,30685,791.578051,0.0257969056868177,307.422039843172,371.688159372686
"4631",2031,30855,825.390195,0.0267506140009723,313.490971059471,381.620768902509
"4631",2032,31021,864.939575,0.0278823885432449,320.867376039627,393.284233968082
"4631",2033,31182,906.530329,0.0290722317041883,329.406576507994,405.742280022051
"4631",2034,31341,944.074686,0.0301226727290131,338.513439202391,417.283598005978
"4631",2035,31498,982.173512,0.0311820913073846,348.649621222841,429.199134223637
"4631",2036,31653,1017.114613,0.0321332768773892,359.327153881865,440.372955540768
"4631",2037,31806,1057.877318,0.0332603067974596,371.863431339275,453.53840261322
"4631",2038,31955,1095.458026,0.0342812713503364,384.970644036102,465.946625520186
"4631",2039,32098,1128.56875,0.0351600956445884,398.276968604694,477.109733795224
"4631",2040,32237,1160.35559,0.0359945277165989,412.24763148802,487.996210380832
"4631",2041,32371,1190.13576,0.0367654925705106,426.683771795503,498.352863087552
"4631",2042,32499,1220.171363,0.0375448894735223,442.04431257853,508.920446540758
"4631",2043,32620,1245.595063,0.0381850111281422,457.109654007221,518.013090179282
"4631",2044,32734,1272.689653,0.0388797474491355,473.377877581555,527.777906556846
"4631",2045,32842,1296.466044,0.0394758554290238,489.5021824582,536.464224563939
"4631",2046,32943,1316.505837,0.0399631435206265,505.195024715335,543.876499665099
"4631",2047,33036,1339.275057,0.0405398673265529,522.368995410715,552.331262434609
"4631",2048,33124,1363.324678,0.0411582139234392,540.688438569004,561.338852507031
"4631",2049,33205,1386.491176,0.0417554939316368,559.452487810893,570.106480842486
"4631",2050,33281,1411.435373,0.0424096443316006,579.640758300192,579.640758300192
"4632",2026,2974,85.286323,0.0286773110289173,37.4612655530659,32.6126555306592
"4632",2027,3001,90.41642,0.0301287637454182,37.4458184774509,33.9695889269155
"4632",2028,3028,94.703136,0.0312758044914135,37.5004576703497,35.1454724019982
"4632",2029,3054,97.914394,0.0320610327439424,37.5879483814033,36.0609335595447
"4632",2030,3079,99.974448,0.0324697784995128,37.6706048897055,36.6824195588221
"4632",2031,3103,106.778685,0.03441143570738,38.1642116304433,38.5711708884985
"4632",2032,3127,112.820057,0.0360793274704189,38.7516535228529,40.3127800703165
"4632",2033,3149,115.588288,0.0367063474118768,39.1442859158646,41.156650802385
"4632",2034,3170,117.706532,0.0371313981072555,39.5271425801917,41.8178564504793
"4632",2035,3191,120.720003,0.0378314017549358,40.0754785969132,42.7439510786589
"4632",2036,3211,124.750306,0.0388509205854874,40.8410557415083,43.9811699821228
"4632",2037,3229,127.560678,0.0395047005264788,41.5179622294996,44.864316545365
"4632",2038,3248,130.814467,0.0402753900862069,42.3422532426627,45.8950058957504
"4632",2039,3265,132.464556,0.04057107381317,42.9551958910808,46.4343759848184
"4632",2040,3282,132.6352,0.0404129189518586,43.3219128610138,46.5150605776221
"4632",2041,3299,136.050044,0.0412397829645347,44.3658136355202,47.6087752988984
"4632",2042,3315,138.12794,0.0416675535444947,45.2023759373367,48.2891084819096
"4632",2043,3330,138.959428,0.041729557957958,45.7978834671512,48.5734013113915
"4632",2044,3345,139.626047,0.0417417180866966,46.374007995603,48.8051716072297
"4632",2045,3360,141.387143,0.0420795068452381,47.252222861098,49.3873512136591
"4632",2046,3374,142.300866,0.042175716064019,47.9429077942084,49.6975385814216
"4632",2047,3388,145.315507,0.0428912358323495,49.2627443733566,50.6904161953314
"4632",2048,3401,147.769589,0.043448864745663,50.4957937694461,51.508966237239
"4632",2049,3414,149.824148,0.0438852220269479,51.6688527013863,52.2014054040377
"4632",2050,3426,150.73736,0.0439980618797431,52.5142613969213,52.5142613969213
"4633",2026,539,19.449595,0.0360845918367347,10.6787810194684,16.7878101946839
"4633",2027,538,19.917653,0.0370216598513011,10.9767228572171,17.1034389615788
"4633",2028,538,20.003462,0.037181156133829,11.2535553466044,17.1631734091682
"4633",2029,537,19.766877,0.0368098268156425,11.4859659141221,16.9927807723394
"4633",2030,537,22.204276,0.0413487448789572,12.1913068377076,18.7652273508304
"4633",2031,537,22.676285,0.0422277188081937,12.6246627095061,19.129261598282
"4633",2032,537,23.093253,0.0430041955307263,13.0734327604728,19.4567161860701
"4633",2033,538,23.09907,0.0429350743494424,13.4305253353726,19.4635181665451
"4633",2034,538,24.093881,0.0447841654275093,14.1065364347144,20.266341086786
"4633",2035,539,24.579668,0.0456023525046382,14.6683054846347,20.6704125363078
"4633",2036,540,25.459803,0.0471477833333333,15.4246389991747,21.4202926298415
"4633",2037,541,26.174502,0.0483817042513863,16.173915838322,22.0466650503844
"4633",2038,541,27.036795,0.0499755914972274,17.0555825036639,22.8283318248434
"4633",2039,542,28.025032,0.0517067011070111,18.0796207098878,23.7525458891707
"4633",2040,542,28.561031,0.0526956291512915,18.9197487545222,24.2715980072355
"4633",2041,543,29.382139,0.0541107532228361,19.9907142168113,25.0803233461303
"4633",2042,543,30.637739,0.0564230920810313,21.4664294417897,26.380613488271
"4633",2043,542,31.43078,0.05799036900369,22.721712751939,27.2497800026291
"4633",2044,542,30.885564,0.0569844354243542,22.9092741706102,26.6571279620777
"4633",2045,542,32.246354,0.0594951180811808,24.7558116481781,28.1609989516038
"4633",2046,541,31.683146,0.0585640406654344,24.9113226363235,27.5427325133218
"4633",2047,540,31.941221,0.0591504092592593,25.8387393648854,27.8464668900118
"4633",2048,539,31.528349,0.0584941539888683,26.0940957703135,27.3990224543929
"4633",2049,538,32.80516,0.0609761338289963,28.1651910071471,28.8729257217113
"4633",2050,537,31.479585,0.0586212011173184,27.3732703763051,27.3732703763051
"4634",2026,1667,56.946079,0.0341608152369526,34.0657502967452,34.6575029674517
"4634",2027,1669,57.78799,0.0346243199520671,34.144709915366,35.0524357481166
"4634",2028,1672,58.491161,0.0349827517942584,34.2435392357142,35.3916527755096
"4634",2029,1674,60.72565,0.0362757765830347,34.5205818959319,36.4497971573268
"4634",2030,1676,61.75674,0.0368476968973747,34.7381094741873,36.9524378967493
"4634",2031,1679,62.153432,0.0370181250744491,34.9075652673231,37.1567487559062
"4634",2032,1681,65.372729,0.0388891903628792,35.5450731779438,38.7540713167501
"4634",2033,1683,67.406683,0.0400515050505051,36.1019978235996,39.7986146857919
"4634",2034,1686,69.595267,0.0412783315539739,36.7812881858026,40.9532204645066
"4634",2035,1689,71.166061,0.0421350272350503,37.413204836166,41.8016110540936
"4634",2036,1691,74.516668,0.044066628030751,38.5866157956878,43.6560332540795
"4634",2037,1694,76.297784,0.0450400141676505,39.470419237581,44.6739887562556
"4634",2038,1697,76.055839,0.0448178190925162,39.7949461304914,44.5362656918026
"4634",2039,1699,81.425326,0.0479254420247204,42.0622134555793,47.7229165201349
"4634",2040,1702,80.960144,0.047567652173913,42.3967137294509,47.4347419671214
"4634",2041,1704,83.541555,0.0490267341549296,43.9570913705873,49.0295718801317
"4634",2042,1705,86.568552,0.0507733442815249,45.8773059722159,50.9675799603085
"4634",2043,1706,85.073441,0.0498671987104338,45.7979900613971,49.9972746595215
"4634",2044,1707,87.000983,0.0509671839484476,47.3641282648545,51.24403647078
"4634",2045,1707,90.208336,0.0528461253661394,49.7564518796138,53.3925561595247
"4634",2046,1707,90.096935,0.0527808640890451,50.4189764985431,53.3164429394625
"4634",2047,1707,91.703296,0.0537219074399531,52.126781542843,54.4245425834851
"4634",2048,1706,90.951877,0.0533129407971864,52.4154310116572,53.9085740666564
"4634",2049,1705,93.967595,0.0551129589442815,55.2126570080407,56.0391241641981
"4634",2050,1703,93.452434,0.0548751814445097,55.6832156193603,55.6832156193603
"4635",2026,2253,67.465348,0.0299446728806036,25.3392260584691,28.3922605846908
"4635",2027,2256,70.327248,0.0311734255319149,25.5780543578423,29.2040316933989
"4635",2028,2259,71.602094,0.031696367419212,25.8013358585416,29.5790620488094
"4635",2029,2263,75.646498,0.0334275289438798,26.2270236747888,30.7742290578296
"4635",2030,2267,77.425202,0.034153154830172,26.5803784323323,31.3215137293291
"4635",2031,2272,78.913885,0.0347332240316901,26.9524575358436,31.7911566464126
"4635",2032,2276,81.956241,0.0360088932337434,27.5179972365575,32.7476838047924
"4635",2033,2281,86.355915,0.0378587965804472,28.3255611613023,34.1739618242822
"4635",2034,2285,88.315773,0.0386502288840263,28.9325161789034,34.8312904472586
"4635",2035,2289,91.582596,0.040009871559633,29.7883716103942,35.9448493951868
"4635",2036,2293,92.078763,0.0401564600959442,30.2835328711795,36.12322709722
"4635",2037,2297,93.967819,0.0409089329560296,31.0405149976057,36.7863707270356
"4635",2038,2300,96.96753,0.0421597956521739,32.0705072672527,37.8554677586413
"4635",2039,2303,99.694451,0.0432889496309162,33.1380895463712,38.8520673129722
"4635",2040,2305,101.708922,0.0441253457700651,34.1270579464731,39.6032927143569
"4635",2041,2307,103.090248,0.0446858465539662,35.02116486664,40.1262865911548
"4635",2042,2309,102.622804,0.0444446964053703,35.4649492103072,39.949927443296
"4635",2043,2310,105.767196,0.0457866649350649,36.915791703352,41.1570056994604
"4635",2044,2311,108.597098,0.0469913881436608,38.3869886235067,42.2735337077505
"4635",2045,2312,109.158257,0.0472137789792388,39.2170590779109,42.4979188651211
"4635",2046,2312,110.908125,0.0479706423010381,40.4758393538625,43.2068698280735
"4635",2047,2312,112.580158,0.0486938399653979,41.7696079671025,43.8953329206789
"4635",2048,2311,115.025157,0.0497728935525746,43.4293018931274,44.9235696141917
"4635",2049,2311,116.804901,0.0505430121159671,44.9104876337905,45.6862209182239
"4635",2050,2309,117.529657,0.0509006743178865,46.0049563141516,46.0049563141516
"4636",2026,803,26.062335,0.0324562079701121,11.2072872176554,13.0728721765543
"4636",2027,804,28.354065,0.03526625,11.4012747872293,13.9183620889404
"4636",2028,805,28.768962,0.0357378409937888,11.539012872931,14.0800735596056
"4636",2029,807,29.697144,0.0367994349442379,11.7323669801691,14.4464328478547
"4636",2030,808,30.414838,0.0376421262376238,11.9333110103644,14.7332440414577
"4636",2031,809,31.218848,0.0385894289245983,12.1672860276366,15.0601253135185
"4636",2032,810,33.773266,0.0416953901234568,12.6698649478788,16.1380459934732
"4636",2033,811,35.602048,0.0438989494451295,13.158801728712,16.9553151136883
"4636",2034,812,35.958918,0.044284381773399,13.447941823383,17.1198545584575
"4636",2035,813,35.954398,0.0442243517835178,13.6768264436,17.1184604425142
"4636",2036,813,38.59107,0.0474674907749078,14.5036373696161,18.3760786728759
"4636",2037,814,39.886933,0.0490011461916462,15.1132953942097,19.0259422326043
"4636",2038,814,40.325154,0.0495395012285012,15.5381390692108,19.2511619440197
"4636",2039,814,40.116082,0.049282656019656,15.7842361336973,19.1433806531018
"4636",2040,813,39.855101,0.0490222644526445,16.0070893582508,19.0113429732012
"4636",2041,813,42.847902,0.0527034464944649,17.3628974829789,20.6043735592134
"4636",2042,812,43.780569,0.0539169568965517,18.0925543785841,21.1322205408345
"4636",2043,811,43.454583,0.0535814833538841,18.3395899734423,20.9519864046675
"4636",2044,809,44.026765,0.054421217552534,18.9728151879726,21.2875034683517
"4636",2045,808,44.180204,0.0546784702970297,19.4346320431101,21.3810855915202
"4636",2046,806,44.934658,0.0557501960297767,20.2086588310479,21.8337162718211
"4636",2047,805,45.088668,0.0560107677018634,20.7014307807869,21.9311896121542
"4636",2048,803,44.538486,0.0554651133250311,20.8210179920166,21.6173167481261
"4636",2049,801,44.732834,0.0558462347066167,21.3409757961741,21.743870957064
"4636",2050,800,45.826177,0.05728272125,22.4094579223906,22.4094579223906
"4637",2026,1290,49.031692,0.0380090635658915,36.8339024960377,44.3390249603768
"4637",2027,1286,51.585718,0.0401133110419907,37.4137978816666,46.2821664121209
"4637",2028,1283,51.513789,0.0401510436477007,37.7871523287739,46.212299021565
"4637",2029,1280,52.290627,0.04085205234375,38.2984338925738,46.8161594944651
"4637",2030,1278,53.657324,0.041985386541471,38.9788678727484,47.9154714909935
"4637",2031,1276,57.790476,0.04529034169279,40.4345603275274,51.424557660965
"4637",2032,1275,59.210206,0.046439377254902,41.4246455789317,52.6912171659438
"4637",2033,1273,60.282355,0.0473545600942655,42.4059561623253,53.6716032064146
"4637",2034,1271,60.985824,0.0479825523210071,43.3311862497549,54.3279656243874
"4637",2035,1269,61.951928,0.0488194862096139,44.419231863188,55.2439585444298
"4637",2036,1267,63.11369,0.0498134885556432,45.6750178999207,56.3684587366751
"4637",2037,1266,65.688155,0.05188637835703,47.7540871874807,58.9348042682551
"4637",2038,1264,65.696492,0.0519750727848101,48.6257408426444,58.9558924411717
"4637",2039,1262,66.24295,0.0524904516640254,49.8235746213548,59.5294887171997
"4637",2040,1260,66.893903,0.0530903992063492,51.1373337947101,60.2197340715362
"4637",2041,1258,67.050188,0.0532990365659777,52.1643228619114,60.3989779047718
"4637",2042,1256,67.960195,0.0541084355095541,53.7655629348038,61.3793756211483
"4637",2043,1254,68.141096,0.0543389920255183,54.8735563538017,61.5912628526124
"4637",2044,1252,67.827828,0.0541755814696486,55.5871708101691,61.273768787315
"4637",2045,1250,70.695858,0.0565566864,59.1110352832852,64.4443511178895
"4637",2046,1249,71.450939,0.0572065164131305,60.9169050161699,65.3140059013764
"4637",2047,1247,72.661891,0.0582693592622293,63.2836642375955,66.7421568874316
"4637",2048,1245,72.361204,0.0581214489959839,64.1385149326938,66.4200161434527
"4637",2049,1242,73.294836,0.0590135555555556,66.3810861124425,67.5647647921481
"4637",2050,1240,74.498333,0.0600793008064516,69.0458870111399,69.0458870111399
"4638",2026,3851,130.052515,0.033771102311088,105.431045527143,118.310455271434
"4638",2027,3829,132.623455,0.0346365774353617,106.183669523151,119.881232895646
"4638",2028,3810,136.835265,0.0359147677165354,107.266592930112,122.666245314928
"4638",2029,3792,141.107022,0.0372117674050633,108.589484482632,125.597574035914
"4638",2030,3776,145.243477,0.0384649038665254,110.135224249938,128.540896999753
"4638",2031,3760,150.912801,0.0401363832446808,112.26830849288,132.759333888278
"4638",2032,3745,155.10941,0.0414177329773031,114.395358241905,135.985717667401
"4638",2033,3731,160.927826,0.0431326255695524,117.286447098508,140.652267857954
"4638",2034,3717,165.678347,0.0445731361312887,120.242793915244,144.606984788111
"4638",2035,3704,172.050802,0.0464500005399568,124.184577202173,150.136176462109
"4638",2036,3691,178.122445,0.0482585871037659,128.530136665145,155.642392979253
"4638",2037,3678,180.603104,0.0491036171832518,131.667659412514,157.985676902466
"4638",2038,3666,187.299354,0.0510909312602291,137.253908570865,164.461651947026
"4638",2039,3653,192.326309,0.0526488664111689,142.513843880998,169.55547894638
"4638",2040,3640,195.5334,0.053717967032967,147.091828874344,172.94692619895
"4638",2041,3627,200.189682,0.0551942878411911,153.012563061922,177.981227263278
"4638",2042,3614,202.573996,0.0560525722191478,157.691339947464,180.701914210663
"4638",2043,3600,207.999095,0.0577775263888889,165.152505055933,186.918650923299
"4638",2044,3586,210.089909,0.0585861430563302,170.271853975109,189.512069645302
"4638",2045,3571,212.997407,0.0596464315317838,176.429814341512,193.144386881861
"4638",2046,3555,214.289646,0.0602783814345992,181.310516501509,194.953548825304
"4638",2047,3539,217.407684,0.0614319536592258,188.341070615094,199.032192242359
"4638",2048,3523,223.041682,0.0633101566846438,198.753451014266,206.436163258666
"4638",2049,3506,223.618491,0.0637816574443811,203.684545754562,207.568359225519
"4638",2050,3489,226.483934,0.0649137099455431,211.737187614208,211.737187614208
"4639",2026,2501,93.979029,0.037576580967613,34.3591926728798,55.5919267287979
"4639",2027,2486,96.059094,0.0386400217216412,35.3767374027738,56.5580902019914
"4639",2028,2471,98.596956,0.0399016414407123,36.5130314671807,57.7887512410327
"4639",2029,2457,101.245485,0.0412069536019536,37.7639556303797,59.1244970841397
"4639",2030,2443,102.427197,0.0419268100695866,38.9299929458772,59.7199717835088
"4639",2031,2429,104.691591,0.0431006961712639,40.3148152435378,60.9210964992619
"4639",2032,2415,108.142626,0.0447795552795031,42.0210763933794,62.8340812103981
"4639",2033,2401,111.876795,0.0465959162848813,43.9625121164058,65.0000334245676
"4639",2034,2387,115.962547,0.0485808743192292,46.1946475042678,67.4866187606696
"4639",2035,2373,116.23883,0.0489839148756848,47.6119656393825,67.6844928900172
"4639",2036,2359,119.993291,0.050866168291649,50.1028817315446,70.1113299611465
"4639",2037,2346,121.539589,0.0518071564364876,52.0766745464849,71.1739991150924
"4639",2038,2332,122.956765,0.0527258855060034,54.1014510638364,72.1844564797025
"4639",2039,2318,125.936868,0.0543299689387403,56.858068255334,74.311605540994
"4639",2040,2303,127.999349,0.0555793960052106,59.4218368606789,75.8749389770863
"4639",2041,2289,129.281795,0.0564795958934032,61.754432921527,76.9123515796634
"4639",2042,2275,130.57066,0.0573936967032967,64.1893074561867,77.9847249374096
"4639",2043,2260,129.970094,0.0575088911504425,65.6785723229697,77.665860776908
"4639",2044,2246,131.457307,0.0585295222617987,68.3677276794268,78.9261002315185
"4639",2045,2233,131.725775,0.0589904948499776,70.4019686522305,79.2639614181299
"4639",2046,2219,132.127356,0.0595436484903109,72.5664194801302,79.7251993883885
"4639",2047,2206,130.868569,0.0593239206708976,73.6045448682539,78.8783604149339
"4639",2048,2193,133.256617,0.0607645312357501,77.2529463991544,80.9221042153021
"4639",2049,2181,130.825549,0.0599842040348464,77.3512519845323,79.1181838800335
"4639",2050,2168,132.648138,0.061184565498155,80.7375061573456,80.7375061573456
"4640",2026,12413,275.737253,0.0222135868041569,131.147316708861,159.473167088614
"4640",2027,12496,287.141279,0.0229786554897567,132.846447458602,163.246890608018
"4640",2028,12580,295.844892,0.0235170820349762,134.700740729871,166.289947027835
"4640",2029,12663,307.290874,0.02426683045092,136.957508128864,170.152979429948
"4640",2030,12745,322.239406,0.0252835940368772,139.775917382445,175.103669529781
"4640",2031,12825,334.606409,0.0260901683430799,142.759380890339,179.336977009874
"4640",2032,12903,349.015513,0.0270491756180733,146.281226462346,184.249927576448
"4640",2033,12977,359.586373,0.0277095147568776,149.750296729155,188.000818563187
"4640",2034,13049,370.665086,0.0284056315426469,153.576995596861,191.942488992153
"4640",2035,13117,386.401739,0.0294580879011969,158.376930329189,197.432983609576
"4640",2036,13181,395.862661,0.0300328245960094,162.629646671989,200.90451930945
"4640",2037,13240,407.998672,0.0308156096676737,167.609371394459,205.286578330652
"4640",2038,13293,417.062672,0.0313746085909877,172.353256178352,208.64228396064
"4640",2039,13342,426.253367,0.0319482361714885,177.381557957721,212.053715672717
"4640",2040,13386,436.086261,0.0325777873151053,182.813168287006,215.701069259209
"4640",2041,13426,443.936869,0.0330654602264263,188.06505478772,218.664233641841
"4640",2042,13463,450.922821,0.0334934874099383,193.329597268328,221.327996097611
"4640",2043,13498,459.96908,0.0340768321232775,199.353928123815,224.751088981445
"4640",2044,13531,462.839961,0.034205894686276,203.90123488393,225.937077269588
"4640",2045,13561,471.296494,0.0347538156478136,210.197687924464,229.166385137802
"4640",2046,13589,477.677578,0.0351517829126499,216.09906370745,231.645957302882
"4640",2047,13616,487.658659,0.0358151189042303,223.40293658621,235.496266576011
"4640",2048,13641,495.297818,0.0363094947584488,230.205172351072,238.492078217375
"4640",2049,13664,500.012735,0.0365934378659251,236.167259145295,240.381567943164
"4640",2050,13684,507.165922,0.0370626952645425,243.215463568641,243.215463568641
"4641",2026,1863,46.320429,0.0248633542673108,21.5109346412188,26.1093464121876
"4641",2027,1874,47.471375,0.0253315768409819,21.7608829232696,26.533693987415
"4641",2028,1886,48.922305,0.025939716330859,22.0606666695102,27.0609523972011
"4641",2029,1897,48.822823,0.0257368597785978,22.2959005815834,27.0983556780394
"4641",2030,1909,51.536362,0.0269965227867994,22.7577713285045,28.0310853140181
"4641",2031,1921,54.583444,0.0284140780843311,23.3273180120932,29.0950191724981
"4641",2032,1933,56.648942,0.029306229694775,23.8773284715277,29.8533183739314
"4641",2033,1945,58.639485,0.0301488354755784,24.4789288255565,30.597045036018
"4641",2034,1957,58.459964,0.0298722350536536,24.840096515436,30.6002412885899
"4641",2035,1969,62.270309,0.0316253473844591,25.8083940206589,31.9906149043633
"4641",2036,1982,65.066411,0.0328286634712412,26.728540879547,33.0600860622043
"4641",2037,1994,66.567338,0.0333838204613842,27.4914936222186,33.6663290189631
"4641",2038,2005,69.898337,0.0348620134663342,28.6800594460569,34.9637444473762
"4641",2039,2016,70.139442,0.0347913898809524,29.2845344082254,35.1013351629369
"4641",2040,2026,74.005012,0.0365276465942744,30.7749955300998,36.6399928481597
"4641",2041,2036,76.486389,0.0375669887033399,32.0418577452061,37.6669550871036
"4641",2042,2045,77.521312,0.0379077320293398,32.9814161397949,38.1163087711356
"4641",2043,2053,80.236713,0.0390826658548466,34.467429659013,39.2609215715431
"4641",2044,2060,81.770522,0.0396944281553398,35.6669809854769,39.9251367554541
"4641",2045,2067,82.588486,0.0399557261731979,36.6733500369342,40.2902769685344
"4641",2046,2073,85.010763,0.0410085687409551,38.2957624665072,41.3479558429497
"4641",2047,2079,86.958962,0.0418273025493026,39.8296009242883,42.2164517456769
"4641",2048,2084,88.143891,0.042295533109405,41.1218363181622,42.7533365601754
"4641",2049,2088,91.401457,0.0437746441570881,43.371376893321,44.2429889800738
"4641",2050,2093,94.281388,0.0450460525561395,45.5987642353078,45.5987642353078
"4642",2026,2087,62.948169,0.0301620359367513,37.3211679024753,40.2116790247532
"4642",2027,2085,64.890384,0.0311224863309352,37.5535035523352,41.0254803806195
"4642",2028,2083,68.532521,0.0329008742198752,37.9818898793826,42.610799310758
"4642",2029,2082,70.911292,0.0340592180595581,38.4200349431079,43.6825173793311
"4642",2030,2080,74.663738,0.0358960278846154,39.1071062789162,45.4284251156648
"4642",2031,2079,77.941163,0.0374897368927369,39.8796852334963,47.0162964643351
"4642",2032,2078,79.837726,0.0384204648700674,40.5618560411181,47.9595570495941
"4642",2033,2076,81.682642,0.0393461666666667,41.3111415599898,48.8928043034201
"4642",2034,2075,87.546447,0.0421910587951807,43.0019067834178,52.0047669585445
"4642",2035,2073,90.451511,0.0436331456825856,44.2705872420201,53.6184851246173
"4642",2036,2071,94.09082,0.0454325543215838,45.8899634194944,55.7157124620934
"4642",2037,2069,96.978214,0.0468720222329628,47.4761080463262,57.4411864318559
"4642",2038,2066,100.508151,0.0486486694094869,49.4460989228226,59.6292707687683
"4642",2039,2062,102.486076,0.0497022677012609,51.0414715402163,60.9003770897299
"4642",2040,2058,105.676779,0.0513492609329446,53.2564890383739,63.0103824613983
"4642",2041,2054,108.006835,0.052583658714703,55.2902421918329,64.6079127423892
"4642",2042,2049,108.140796,0.0527773528550512,56.4068709401682,64.7241013430974
"4642",2043,2044,111.037178,0.0543234726027397,58.9668721802066,66.7855893968903
"4642",2044,2038,112.920235,0.0554073773307164,61.1692334024987,68.1861076161274
"4642",2045,2032,114.890223,0.0565404640748032,63.5608476426349,69.6902740217045
"4642",2046,2026,115.757979,0.0571362186574531,65.3859954966217,70.3952888195549
"4642",2047,2020,116.108273,0.0574793430693069,66.9222598595462,70.7152223769534
"4642",2048,2014,117.545232,0.0583640675273088,69.2658229698509,71.8819707782171
"4642",2049,2008,118.367828,0.0589481215139442,71.2540927496615,72.5886677918561
"4642",2050,2002,118.90837,0.0593947902097902,73.0818540997339,73.0818540997339
"4643",2026,4807,166.488613,0.03463461888912,94.3795905984734,97.795905984734
"4643",2027,4762,169.757101,0.0356482782444351,94.6945145620787,99.051014996936
"4643",2028,4719,170.991689,0.0362347296037296,94.9490258066923,99.4230046096702
"4643",2029,4678,176.787842,0.0377913300555793,95.693724878481,101.970470016381
"4643",2030,4638,180.370627,0.0388897427770591,96.388836566885,103.55534626754
"4643",2031,4600,186.314263,0.0405031006521739,97.5631756247622,106.393654346999
"4643",2032,4562,189.645039,0.0415705916264796,98.5518950706629,108.005830986655
"4643",2033,4525,192.661386,0.042577101878453,99.6234576833834,109.512986712782
"4643",2034,4490,197.276973,0.0439369650334076,101.177823554908,111.944558887269
"4643",2035,4456,202.91728,0.0455379892280072,103.211024675317,115.053770686439
"4643",2036,4422,208.274197,0.0470995470375396,105.466733255184,118.140491063544
"4643",2037,4389,212.641267,0.0484486823877876,107.718814649517,120.768418828326
"4643",2038,4357,215.118049,0.0493729742942392,109.584130193659,122.334782170289
"4643",2039,4324,218.596201,0.0505541630434783,111.96796582419,124.583771615642
"4643",2040,4292,226.941992,0.0528755806150979,116.561779666619,130.09884746659
"4643",2041,4260,229.979025,0.0539856866197183,119.374168994323,132.30063244426
"4643",2042,4229,233.137204,0.0551282109245685,122.461509164941,134.659298807059
"4643",2043,4198,234.839245,0.0559407444020962,125.024857050314,136.067602780087
"4643",2044,4167,240.135431,0.0576278932085433,129.756079384707,140.136876625429
"4643",2045,4136,244.284474,0.0590629772727273,134.240569388836,143.526854632413
"4643",2046,4106,249.851179,0.0608502627861666,140.038283972454,148.162687026417
"4643",2047,4075,250.739404,0.0615311420858896,143.033452407747,149.248960459434
"4643",2048,4045,250.32789,0.0618857577255871,145.155329457252,149.303058872705
"4643",2049,4015,255.487432,0.0636332333748443,151.717356132534,153.966084293542
"4643",2050,3984,259.771049,0.0652035765562249,158.112645929291,158.112645929291
"4644",2026,5036,150.684284,0.0299214225575854,72.3098843580835,93.0988435808348
"4644",2027,5032,156.940233,0.0311884405802862,73.525131507775,95.6373200565453
"4644",2028,5029,162.621148,0.03233667687413,74.9016939160124,98.0096795200708
"4644",2029,5025,166.872964,0.0332085500497512,76.3359099452371,99.8160468011156
"4644",2030,5022,173.162785,0.0344808412982875,78.1424358332989,102.569743333196
"4644",2031,5018,178.028796,0.0354780382622559,79.9896465725401,104.746596774052
"4644",2032,5015,186.383107,0.0371651260219342,82.5503992563246,108.616613096383
"4644",2033,5011,191.952564,0.0383062390740371,84.9608002485373,111.271173099413
"4644",2034,5007,197.853953,0.0395154689434791,87.6641571431585,114.160392857896
"4644",2035,5003,202.878289,0.0405513270037977,90.4231666816012,116.68152384366
"4644",2036,4998,210.24971,0.042066768707483,93.9831982370103,120.490943656864
"4644",2037,4993,214.19902,0.0428998638093331,96.9485427270261,122.582522394197
"4644",2038,4987,220.799374,0.0442749897734109,100.894259904252,126.171381644094
"4644",2039,4980,226.959557,0.0455742082329317,105.028977891405,129.623792155584
"4644",2040,4973,231.428363,0.0465369722501508,108.871614628789,132.194583406063
"4644",2041,4965,238.14546,0.0479648459214502,113.835188514391,136.166322285873
"4644",2042,4958,242.425702,0.0488958656716418,118.138966948467,138.769952783524
"4644",2043,4950,245.446135,0.0495850777777778,122.103727180243,140.649121600329
"4644",2044,4942,252.702592,0.0511336689599352,128.323853268987,145.256584863209
"4644",2045,4934,256.671731,0.0520210237130118,133.262762881233,147.861862007672
"4644",2046,4925,262.293117,0.0532574856852792,139.390321948771,151.635672880908
"4644",2047,4916,265.25732,0.0539579576891782,144.278396577888,153.693967975085
"4644",2048,4906,265.958151,0.054210793110477,147.914024653283,154.23137800355
"4644",2049,4895,271.30521,0.0554249662921348,154.723579135909,158.024497803542
"4644",2050,4883,272.611884,0.0558287700184313,159.034695866534,159.034695866534
"4645",2026,2889,103.867355,0.0359527016268605,47.6324839305545,44.3248393055446
"4645",2027,2879,106.327255,0.0369320093782563,47.604986876701,45.1271772850984
"4645",2028,2870,110.113951,0.0383672303135889,47.7234676101763,46.4198149152929
"4645",2029,2861,111.829744,0.0390876420831877,47.789353805489,47.0087237905363
"4645",2030,2852,114.087237,0.0400025375175316,47.9518607057383,47.8074428229533
"4645",2031,2843,117.619647,0.0413716661976785,48.3175154201487,49.1044014613866
"4645",2032,2833,122.319004,0.0431764927638546,48.9427338842788,50.9007196439348
"4645",2033,2824,123.537045,0.0437454125354108,49.2230575570185,51.3739518814303
"4645",2034,2815,125.295706,0.0445100198934281,49.6293314468608,52.073328617152
"4645",2035,2806,128.951146,0.0459555046329294,50.4382458457506,53.5731333617157
"4645",2036,2798,131.307305,0.0469289867762688,51.1204342469148,54.5693352566628
"4645",2037,2789,135.681358,0.0486487479383291,52.3447345177326,56.4775307663076
"4645",2038,2781,136.386922,0.0490424027328299,52.8412177318773,56.8022140579587
"4645",2039,2773,140.093773,0.0505206538045438,54.1680995694528,58.4988928841749
"4645",2040,2765,142.000763,0.0513565146473779,55.1285526724757,59.4056842759611
"4645",2041,2757,144.068967,0.0522557007616975,56.2213535109688,60.4095902052359
"4645",2042,2749,146.082842,0.0531403572208076,57.3873056421829,61.4104366316899
"4645",2043,2740,145.194922,0.0529908474452555,57.5946304876229,61.0096684577938
"4645",2044,2732,148.50539,0.0543577562225476,59.374349614826,62.6765801481626
"4645",2045,2723,150.858688,0.055401648182152,60.928479018615,63.9119741767569
"4645",2046,2714,150.257911,0.0553640055268976,61.3010889643442,63.648339958052
"4645",2047,2705,152.278343,0.0562951360443623,62.858248551735,64.7416885089971
"4645",2048,2695,151.182168,0.056097279406308,63.0071802930857,64.2239786952277
"4645",2049,2686,152.812195,0.0568921053611318,64.4889096736607,65.1313347258812
"4645",2050,2677,154.049548,0.0575455913335824,65.8470144921268,65.8470144921268
"4646",2026,2901,81.192082,0.0279876187521544,28.7235411093024,35.2354110930238
"4646",2027,2909,85.077568,0.0292463279477484,29.1437564255464,36.3182285494284
"4646",2028,2917,85.365751,0.0292649129242372,29.4757583286869,36.4329047353535
"4646",2029,2925,88.462942,0.0302437408547009,29.9811195288924,37.3229154300818
"4646",2030,2933,90.724255,0.0309322383225367,30.4981250885554,37.9925003542216
"4646",2031,2942,91.979441,0.0312642559483345,30.9861673732449,38.3866691243301
"4646",2032,2950,96.444169,0.0326929386440678,31.8064282617466,39.7120869592202
"4646",2033,2957,98.286361,0.0332385393980386,32.4529160907315,40.2839064571903
"4646",2034,2965,100.639648,0.0339425456998314,33.2077222791292,41.019305697823
"4646",2035,2972,100.374385,0.0337733462314939,33.6719064540935,40.9643576093566
"4646",2036,2979,103.288021,0.0346720446458543,34.5908381265419,41.8754486874566
"4646",2037,2986,107.297387,0.035933485264568,35.7630116986928,43.1473398998883
"4646",2038,2993,107.705002,0.0359856338122285,36.4137994278109,43.2978171414743
"4646",2039,2998,108.884282,0.0363189733155437,37.2163008901506,43.6873206640862
"4646",2040,3004,109.330768,0.0363950625832224,37.90476402426,43.847622438816
"4646",2041,3009,111.047104,0.0369049863742107,38.8735492163933,44.4129044775748
"4646",2042,3013,111.74822,0.0370886890142715,39.6556191654822,44.6508845221174
"4646",2043,3017,114.016536,0.0377913609545907,40.8341250618844,45.4022034737416
"4646",2044,3021,113.829466,0.0376793995365773,41.4472348535677,45.351270778797
"4646",2045,3024,114.875002,0.0379877652116402,42.3839633411572,45.7033394968089
"4646",2046,3026,114.977808,0.0379966318572373,43.0810666866071,45.7424313960084
"4646",2047,3028,114.341826,0.037761501321004,43.5649816711058,45.5380075167389
"4646",2048,3030,116.943566,0.0385952363036304,45.0257036665328,46.4061661259814
"4646",2049,3031,116.968225,0.0385906384031673,45.7261856668746,46.4168162772723
"4646",2050,3032,115.653696,0.0381443588390501,45.9813732355204,45.9813732355204
"4647",2026,22037,479.183512,0.0217444984344511,286.223543371589,360.235433715894
"4647",2027,22076,493.040941,0.0223337987407139,290.038352708082,365.551656058781
"4647",2028,22112,514.67095,0.0232756399240232,294.758718304207,373.764104595469
"4647",2029,22147,535.233186,0.0241672996794148,300.041314643784,381.723833617806
"4647",2030,22179,558.539885,0.0251832762973984,306.215020190597,390.860080762387
"4647",2031,22210,581.318127,0.0261737112561909,313.067171305704,399.972769758971
"4647",2032,22240,606.918726,0.0272895110611511,321.030594589105,410.401829504939
"4647",2033,22268,629.858932,0.0282853840488593,329.461175174897,419.96186255144
"4647",2034,22296,658.503037,0.0295345818532472,339.652082012026,432.130205030065
"4647",2035,22324,682.107742,0.0305549069163232,349.938740387977,442.431406601089
"4647",2036,22353,707.969641,0.0316722426967297,361.580694701582,453.959357266487
"4647",2037,22381,732.810798,0.0327425404584246,373.984804952946,465.287424298431
"4647",2038,22406,758.046398,0.0338322948317415,387.470032679797,477.036423054176
"4647",2039,22427,786.978615,0.0350906770856557,403.020036890354,490.800062792091
"4647",2040,22446,807.080558,0.0359565427247616,417.126062313125,500.601699701
"4647",2041,22460,828.155669,0.0368724696794301,432.391651513521,511.04400228456
"4647",2042,22471,847.708807,0.0377245697565751,448.034903208006,520.907004582865
"4647",2043,22478,869.549162,0.0386844542219059,465.412024463377,532.117999272375
"4647",2044,22482,892.106628,0.0396809282092341,484.097743974955,543.93257287091
"4647",2045,22481,911.016876,0.0405238590810017,502.268855560469,554.023206843655
"4647",2046,22477,924.545069,0.0411329389598256,518.846551306349,561.348883889823
"4647",2047,22470,939.133975,0.0417950144637294,536.5772626542,569.354662145578
"4647",2048,22459,952.440007,0.0424079436751414,554.345408874017,576.751793377316
"4647",2049,22445,966.765981,0.0430726656716418,573.322475921364,584.828546411807
"4647",2050,22427,981.793275,0.0437772896508673,593.429802757795,593.429802757795
"4648",2026,3372,132.653282,0.0393396447212337,90.3410622799719,93.4106227997191
"4648",2027,3353,135.904745,0.0405322830301223,90.7339239418064,95.3376286676832
"4648",2028,3335,136.605214,0.0409610836581709,91.0007947886072,95.7188273634698
"4648",2029,3318,139.088675,0.0419194318866787,91.5399685330609,97.246910743816
"4648",2030,3302,142.9288,0.043285523924894,92.4278745831952,99.7114983327809
"4648",2031,3288,146.284453,0.0444904054136253,93.4323229482256,101.938514602524
"4648",2032,3275,149.496536,0.0456477972519084,94.5945420435772,104.137052441776
"4648",2033,3263,151.972593,0.0465744998467668,95.756022490605,105.878682732704
"4648",2034,3251,155.735282,0.0479038086742541,97.4398146053784,108.599536513446
"4648",2035,3240,157.414651,0.0485847688271605,98.6866458129395,109.855190429576
"4648",2036,3230,161.056918,0.0498628229102167,100.743950582483,112.618843331543
"4648",2037,3221,163.969433,0.0509063747283452,102.759352004957,114.896296595037
"4648",2038,3211,167.245571,0.0520851980691373,105.141174870388,117.529408855251
"4648",2039,3202,170.386998,0.0532126789506558,107.698064321611,120.124364802743
"4648",2040,3193,171.832655,0.0538154259317256,109.609640295212,121.37542447234
"4648",2041,3184,173.995686,0.0546468863065327,112.030247511231,123.253203790538
"4648",2042,3175,175.403245,0.0552451165354331,114.165798940703,124.52256991529
"4648",2043,3166,175.840709,0.0555403376500316,115.792945651792,124.973485629549
"4648",2044,3157,178.883063,0.0566623576179918,119.227150150256,127.712451806781
"4648",2045,3147,180.261146,0.0572803133142676,121.719395698422,129.039256244212
"4648",2046,3138,181.760062,0.0579222632249841,124.415235474388,130.488512322809
"4648",2047,3129,183.824103,0.058748514860978,127.705995269464,132.485628472635
"4648",2048,3120,185.412495,0.0594270817307692,130.772757304008,134.078656544874
"4648",2049,3110,187.293674,0.0602230463022508,134.269839461025,135.994638401065
"4648",2050,3101,187.114792,0.0603401457594324,135.948626984898,135.948626984898
"4649",2026,9344,272.60242,0.029174060359589,137.008629179094,173.086291790938
"4649",2027,9339,278.744641,0.0298473756290823,138.851813277074,175.558642015084
"4649",2028,9335,290.475944,0.0311168659882164,141.298729172388,180.421309556504
"4649",2029,9332,300.229221,0.0321720125375054,143.95898301197,184.571684762211
"4649",2030,9329,309.494481,0.033175525887019,146.901131138373,188.604524553493
"4649",2031,9326,317.042346,0.0339955335620845,149.94925584312,191.953933367372
"4649",2032,9323,325.122943,0.0348732106618041,153.348001206713,195.609234482195
"4649",2033,9318,338.731354,0.0363523668169135,157.986724603194,201.928895457086
"4649",2034,9313,348.136284,0.0373817549661763,162.365318997112,206.413297492781
"4649",2035,9309,360.775533,0.0387555626812762,167.831388349852,212.614601942519
"4649",2036,9304,367.782014,0.0395294512037833,172.484734261171,216.125756339307
"4649",2037,9299,378.019713,0.0406516521131304,178.291639918101,221.373931547514
"4649",2038,9292,390.869957,0.0420652127636677,185.332018639994,228.149124799988
"4649",2039,9286,401.390565,0.0432253462201163,192.253937613433,233.857766150524
"4649",2040,9278,411.794951,0.0443840214485881,199.656153641473,239.649845826356
"4649",2041,9270,418.556873,0.0451517662351672,206.203277290656,243.495512891556
"4649",2042,9260,427.146426,0.0461281237580994,213.835858033097,248.479797190138
"4649",2043,9249,436.508867,0.0471952499729701,222.2684396796,254.041952107932
"4649",2044,9238,444.218235,0.0480859747780905,230.439716619371,258.72866660564
"4649",2045,9224,451.41763,0.0489394655247181,238.788710196833,263.201489473025
"4649",2046,9209,459.349202,0.049880464979911,247.94937194236,268.234555226305
"4649",2047,9193,464.771877,0.0505571496791037,256.148366419899,271.758722726647
"4649",2048,9175,469.848602,0.051209656893733,264.463694779999,275.122913275675
"4649",2049,9155,475.541534,0.0519433679956308,273.488016587189,278.961575675002
"4649",2050,9135,482.195446,0.0527854894362343,283.523534323314,283.523534323314
"4650",2026,5742,177.455843,0.0309048838383838,91.5536973426393,87.5369734263926
"4650",2027,5734,182.057047,0.0317504441925358,91.5937906648947,89.0457502901432
"4650",2028,5727,189.938437,0.0331654333857168,91.9529065674449,91.7308946711137
"4650",2029,5720,195.395821,0.0341601085664336,92.346934649436,93.6326336444047
"4650",2030,5714,203.183163,0.0355588314665733,93.1095981204173,96.4383924816693
"4650",2031,5708,210.109975,0.0368097363349685,94.0147106274281,99.0076891388802
"4650",2032,5702,218.132201,0.03825538425114,95.2756563481609,102.078942609726
"4650",2033,5696,226.721775,0.0398036824087079,96.8871418713192,105.481770679501
"4650",2034,5690,233.292306,0.0410004052724077,98.4653832333411,108.163458083353
"4650",2035,5684,243.27324,0.0427996551724138,100.917855744002,112.383670272004
"4650",2036,5677,247.334467,0.0435678116963185,102.519311360195,114.145918653041
"4650",2037,5669,256.656316,0.045273648968072,105.486743525106,118.315597122159
"4650",2038,5661,261.52742,0.0461980957428016,107.708232426159,120.560422593016
"4650",2039,5651,266.833417,0.0472187961422757,110.249386938899,123.062786278977
"4650",2040,5640,274.388168,0.0486503843971631,113.704722208771,126.727555534034
"4650",2041,5629,276.463761,0.0491141874222775,115.697105683504,127.769216126044
"4650",2042,5617,279.515512,0.0497624197970447,118.121411920714,129.316302743878
"4650",2043,5604,282.362815,0.0503859412919343,120.605787747629,130.787508810345
"4650",2044,5592,285.270513,0.0510140402360515,123.241519083364,132.311637526922
"4650",2045,5579,289.241383,0.0518446644559957,126.468445152795,134.422701726517
"4650",2046,5566,289.740782,0.0520554764642472,128.31956531453,134.728900370036
"4650",2047,5552,291.306882,0.0524688188040346,130.703679189229,135.609779368146
"4650",2048,5539,291.344996,0.0525988438346272,132.401529405758,135.677329087306
"4650",2049,5525,291.484884,0.0527574450678733,134.161738923384,135.804404076243
"4650",2050,5511,295.909489,0.0536943365995282,138.263067735821,138.263067735821
"4651",2026,6968,185.353634,0.0266006937428243,100.171158638917,110.711586389166
"4651",2027,6960,188.716496,0.0271144390804598,100.764585020103,111.833345600748
"4651",2028,6953,195.870568,0.0281706555443693,101.682800612964,114.330289216938
"4651",2029,6945,202.532543,0.0291623532037437,102.761533473413,116.70133399253
"4651",2030,6938,209.822038,0.0302424384548861,104.092243062103,119.368972248414
"4651",2031,6930,216.793361,0.0312833132756133,105.60538669442,121.975258067548
"4651",2032,6923,223.680198,0.0323097209302326,107.325484080236,124.616874093034
"4651",2033,6916,233.088853,0.0337028416714864,109.635836160683,128.340237684642
"4651",2034,6909,239.843972,0.0347147158778405,111.831113198543,131.077782996356
"4651",2035,6902,246.247982,0.0356777719501594,114.194725125619,133.730800287129
"4651",2036,6896,253.827891,0.0368079888341067,117.029426889792,136.956688189035
"4651",2037,6889,263.922423,0.0383107015532008,120.723074245946,141.386486333553
"4651",2038,6883,270.702482,0.0393291416533488,123.99389853422,144.4434518804
"4651",2039,6877,275.239212,0.0400231513741457,126.920112086557,146.523595040948
"4651",2040,6871,281.069116,0.0409065807014991,130.406426662296,149.250282659673
"4651",2041,6864,286.428212,0.0417290518648019,133.982013325207,151.803038981445
"4651",2042,6857,294.19977,0.0429050269797287,138.617905683488,155.597008119268
"4651",2043,6850,299.906942,0.0437820353284672,142.841990066916,158.446766192429
"4651",2044,6842,303.120958,0.0443029754457761,146.332501151283,160.074195033914
"4651",2045,6834,308.387776,0.0451255159496635,150.82759140417,162.787804805132
"4651",2046,6826,311.343083,0.0456113511573396,154.533236204657,164.333219064303
"4651",2047,6817,318.416119,0.0467091270353528,160.328376636698,168.102396210364
"4651",2048,6807,322.852266,0.0474294499779639,165.155741728533,170.519720787603
"4651",2049,6796,326.660752,0.0480666203649205,169.870719353069,172.631916210981
"4651",2050,6785,332.032679,0.0489362828297716,175.660272517523,175.660272517523
"5001",2026,216520,3791.501211,0.0175110900193977,2188.77702341314,2609.77023413142
"5001",2027,217909,3950.263275,0.0181280409482858,2213.52383584916,2662.17335163028
"5001",2028,219279,4108.384936,0.018735879568951,2242.22990166125,2714.74229520712
"5001",2029,220623,4280.246533,0.0194007267284009,2275.74037193272,2771.36645615396
"5001",2030,221934,4458.289846,0.0200883589085043,2314.01382109684,2830.05528438737
"5001",2031,223207,4631.245696,0.0207486579542756,2356.37965581485,2887.66836805164
"5001",2032,224429,4826.191049,0.0215043111585401,2405.19649659323,2951.83537413301
"5001",2033,225604,5013.100034,0.0222207941082605,2458.14655226394,3014.12842003846
"5001",2034,226737,5203.557473,0.0229497500319754,2516.3686594727,3077.92164868175
"5001",2035,227826,5384.917068,0.023636095388586,2578.386180451,3139.45412674515
"5001",2036,228875,5563.273157,0.0243070372779902,2644.79045591121,3200.50622297097
"5001",2037,229870,5747.687655,0.0250040790664289,2716.90830026075,3263.77229319171
"5001",2038,230801,5920.800152,0.0256532690586263,2792.00398687567,3323.82543068303
"5001",2039,231674,6099.142328,0.0263263997168435,2872.76345105238,3385.85268264235
"5001",2040,232494,6257.680357,0.0269154488158834,2954.41912588122,3441.87060140994
"5001",2041,233266,6410.687954,0.0274823075544657,3039.26060225828,3496.35562605024
"5001",2042,233995,6567.351521,0.0280662044958226,3129.23414177004,3552.33448824291
"5001",2043,234685,6721.199063,0.0286392358395296,3222.96696697156,3607.71792131736
"5001",2044,235342,6887.818977,0.029267274761836,3324.51598425358,3667.82707645624
"5001",2045,235969,7040.646204,0.0298371659158618,3427.13010396128,3723.69858949081
"5001",2046,236568,7193.110178,0.0304060996330865,3534.18779519509,3779.86799434717
"5001",2047,237142,7345.150807,0.0309736394523113,3645.72562863187,3836.33873648662
"5001",2048,237691,7489.825266,0.0315107650941769,3759.48588099649,3890.63338486107
"5001",2049,238217,7661.791044,0.0321630741886599,3887.24399453907,3955.24051380683
"5001",2050,238720,7823.469386,0.0327725761813003,4016.75318184033,4016.75318184033
"5006",2026,24038,695.736863,0.0289432092104168,388.05206809011,469.520680901095
"5006",2027,24044,716.162376,0.0297854922641823,392.662653571123,478.364753244532
"5006",2028,24047,737.086552,0.0306519130037011,398.000061462821,487.571779787547
"5006",2029,24048,761.32205,0.0316584352129075,404.380747662274,498.438812528348
"5006",2030,24046,782.861053,0.0325568099891874,411.320370163092,508.28148065237
"5006",2031,24042,809.62931,0.0336756222444056,419.761396832594,520.778771591632
"5006",2032,24036,832.918152,0.0346529435846231,428.689675421259,531.891308988491
"5006",2033,24028,856.361271,0.035640139462294,438.563456225562,543.312982691207
"5006",2034,24021,880.996659,0.0366761025352816,449.637967839433,555.594919598583
"5006",2035,24013,903.946907,0.037644063923708,461.375524721546,567.286913649247
"5006",2036,24006,930.162623,0.0387470891860368,474.931813402385,580.961712426073
"5006",2037,23998,950.427211,0.0396044341611801,488.036845398894,591.754820290525
"5006",2038,23987,966.962587,0.04031194342769,500.936267647288,600.70230481325
"5006",2039,23974,984.221149,0.0410536893718195,514.82445976249,610.190569808493
"5006",2040,23959,1002.878928,0.0418581296381318,530.016711582234,620.626738531574
"5006",2041,23942,1020.369117,0.0426183742795088,545.671048301131,630.578940831896
"5006",2042,23923,1037.303144,0.0433600779166492,561.964082735195,640.377261050279
"5006",2043,23903,1049.940287,0.0439250423377819,577.234625852116,647.792713019819
"5006",2044,23881,1062.032935,0.0444718786901721,592.883805707191,654.97910413831
"5006",2045,23857,1076.606993,0.0451275094521524,610.372217177058,663.765805756379
"5006",2046,23832,1090.19652,0.0457450704934542,628.119663687524,672.08195727944
"5006",2047,23805,1103.997408,0.0463767027095148,646.717666541229,680.65370877885
"5006",2048,23777,1114.36111,0.0468671871977121,664.067816621038,687.181423374095
"5006",2049,23748,1123.712158,0.0473181808152265,681.362600062659,693.142961104061
"5006",2050,23717,1136.451477,0.0479171681494287,701.361473082397,701.361473082397
"5007",2026,14908,397.742613,0.026679810370271,225.384638510236,282.84638510236
"5007",2027,14893,409.807654,0.0275167967501511,228.457122863513,287.779075371003
"5007",2028,14882,421.821447,0.0283444057922322,231.917832174807,292.816183856038
"5007",2029,14872,435.787179,0.0293025268289403,235.960176145075,298.812593623884
"5007",2030,14862,449.046766,0.0302144237653075,240.405927239233,304.623708956932
"5007",2031,14853,465.268004,0.0313248504679189,245.714300374712,311.919305651173
"5007",2032,14844,483.661319,0.032582950619779,251.962205967826,320.422172208696
"5007",2033,14835,497.020318,0.0335032233232221,258.05392236822,326.734958257159
"5007",2034,14826,511.154549,0.0344769019964926,264.824467279716,333.561168199289
"5007",2035,14818,524.264879,0.0353802725738966,271.950565475808,340.029863944704
"5007",2036,14811,541.172972,0.0365385842954561,280.552636888621,348.584498712887
"5007",2037,14804,557.092098,0.0376311873817887,289.643698519126,356.841362964149
"5007",2038,14795,571.636382,0.0386371329503211,299.054225514274,364.553137298679
"5007",2039,14786,582.278615,0.0393804013932098,307.888219695908,370.299097354738
"5007",2040,14775,592.491836,0.0401009702876481,317.061257091804,375.898011346887
"5007",2041,14763,604.771189,0.0409653315044368,327.488819286794,382.756708357425
"5007",2042,14750,615.712141,0.041743196,337.984402392155,388.977717703078
"5007",2043,14736,627.371943,0.0425741003664495,349.339300783233,395.731255299298
"5007",2044,14720,634.442943,0.0431007434103261,359.180897055955,399.878576846394
"5007",2045,14703,643.795031,0.0437866442902809,370.490968572993,405.450422859069
"5007",2046,14685,650.102253,0.0442698163432074,380.715677851651,409.253738649001
"5007",2047,14665,658.576162,0.0449080233208319,392.451142178243,414.43790667971
"5007",2048,14645,668.264621,0.0456309061795835,405.354662792362,420.464500316067
"5007",2049,14623,674.668969,0.0461375209601313,416.801461846891,424.508012308458
"5007",2050,14601,680.900784,0.0466338459009657,428.493049122308,428.493049122308
"5014",2026,5468,109.778127,0.0200764679956108,91.8623642361328,99.6236423613276
"5014",2027,5516,112.569917,0.020407889231327,92.4064716978908,101.228885075569
"5014",2028,5562,117.276763,0.0210853583243438,93.2042841675451,103.595909528829
"5014",2029,5607,120.798125,0.021544163545568,94.0784265983007,105.486713403768
"5014",2030,5650,124.540485,0.0220425637168142,95.1150177183245,107.460070873298
"5014",2031,5691,128.315987,0.0225471774732033,96.3016183152227,109.440411531209
"5014",2032,5731,131.993593,0.0230315116035596,97.6243554250331,111.382632077025
"5014",2033,5770,137.99717,0.0239163206239168,99.4573585973947,114.330644406606
"5014",2034,5807,144.428006,0.0248713631823661,101.596463110767,117.491157776917
"5014",2035,5843,149.618547,0.0256064602087969,103.746344436039,120.134501568088
"5014",2036,5878,152.517518,0.0259471789724396,105.609849027698,121.757576900417
"5014",2037,5912,157.712202,0.0266766241542625,108.132961860945,124.430169484771
"5014",2038,5945,163.775302,0.027548410765349,111.09261616543,127.532029391691
"5014",2039,5977,170.892819,0.028591738162958,114.603563034063,131.176277504787
"5014",2040,6007,175.858435,0.0292755843182953,117.762619305704,133.820190889126
"5014",2041,6036,179.16928,0.0296834459907223,120.594160246542,135.670430560818
"5014",2042,6063,184.444088,0.0304212581230414,124.245099991016,138.492999987165
"5014",2043,6090,192.702544,0.0316424538587849,129.25647780857,142.873190248908
"5014",2044,6115,199.982179,0.0327035452166803,134.26520697264,146.826073513084
"5014",2045,6139,204.577909,0.0333243050985503,138.463089389181,149.416110017453
"5014",2046,6162,209.869247,0.0340586249594288,143.192281367885,152.402683962218
"5014",2047,6183,216.62531,0.0350356315704351,148.885484451757,156.223081072402
"5014",2048,6203,222.591068,0.0358844217314203,154.513710311667,159.663470607207
"5014",2049,6222,229.57177,0.0368967807778849,161.008493265548,163.73609689927
"5014",2050,6240,234.294931,0.0375472645833333,166.56136209434,166.56136209434
"5020",2026,951,35.080668,0.036888189274448,21.4349252831362,25.3492528313618
"5020",2027,950,37.261164,0.0392222778947368,21.7766157660323,26.6481146620532
"5020",2028,949,38.719661,0.0408004857744995,22.1470262218567,27.5544355534666
"5020",2029,948,40.812667,0.0430513364978903,22.6816330514629,28.913567301002
"5020",2030,947,42.133203,0.0444912386483633,23.2016555482664,29.8066221930657
"5020",2031,946,43.460112,0.0459409217758985,23.7984666265802,30.733796962018
"5020",2032,945,45.440127,0.0480847904761905,24.6316523755323,32.1743150016378
"5020",2033,945,46.020317,0.0486987481481481,25.2082712603297,32.6090241664267
"5020",2034,944,48.137467,0.0509930794491525,26.2999438758965,34.2498596897412
"5020",2035,943,48.699301,0.0516429490986214,26.9950936744287,34.7030712558371
"5020",2036,941,50.13953,0.0532832412327311,28.0744848430187,35.8936523010919
"5020",2037,940,51.582892,0.0548754170212766,29.2642572213116,37.1253799440227
"5020",2038,938,53.50116,0.0570374840085288,30.8115992236644,38.8392713157535
"5020",2039,936,53.267487,0.0569097083333333,31.3684114553948,38.6483599240762
"5020",2040,933,53.748654,0.0576084180064309,32.3233723857012,39.1173958171219
"5020",2041,930,56.067992,0.0602881634408602,34.4777999211026,41.3438489375133
"5020",2042,928,56.256839,0.06062159375,35.3897059712733,41.5567228161047
"5020",2043,925,55.874111,0.0604044443243243,35.9168417175055,41.2262260576345
"5020",2044,923,57.169568,0.0619388602383532,37.6937091897392,42.5402699222442
"5020",2045,920,57.492614,0.0624919717391304,38.8081946182859,42.9177779917365
"5020",2046,918,58.28339,0.0634895315904139,40.3532737360002,43.7685573364708
"5020",2047,915,57.87524,0.0632516284153005,40.8793282438807,43.3992430916965
"5020",2048,913,58.452476,0.0640224271631983,42.3121841501864,44.0401990812825
"5020",2049,911,58.912856,0.064668338090011,43.6847494759132,44.5685708840657
"5020",2050,909,59.202735,0.0651295214521452,44.921305922395,44.921305922395
"5021",2026,6958,199.862316,0.0287241040528888,124.780365096393,140.803650963926
"5021",2027,6963,206.477883,0.0296535807841448,125.859581853012,143.796958930998
"5021",2028,6968,214.790375,0.0308252547359357,127.310838802012,147.633364582926
"5021",2029,6973,223.414537,0.0320399450738563,129.101860035658,151.714635461919
"5021",2030,6977,229.55507,0.0329016869714777,130.922062155176,154.688248620703
"5021",2031,6980,240.830086,0.0345028776504298,133.714317770363,160.267192244742
"5021",2032,6983,248.737641,0.0356204555348704,136.42289377399,164.301211612278
"5021",2033,6985,256.599278,0.036735759198282,139.459042763615,168.404255899628
"5021",2034,6987,266.687725,0.0381691319593531,143.325615947043,173.814039867606
"5021",2035,6988,273.933456,0.039200551803091,146.976225672947,177.802801538164
"5021",2036,6988,282.117572,0.0403717189467659,151.221388790272,182.413450084782
"5021",2037,6989,289.953305,0.0414870947202747,155.77043599504,186.942314136663
"5021",2038,6988,298.952868,0.0427808912421294,161.102483915983,192.277243483606
"5021",2039,6987,305.720537,0.0437556228710462,166.116571322833,196.38990863461
"5021",2040,6985,308.648928,0.0441873912670007,169.997175727569,198.195481164111
"5021",2041,6983,315.723825,0.0452132070743234,175.756119917142,202.631879120214
"5021",2042,6981,321.164632,0.046005533877668,181.179030478158,206.112900683082
"5021",2043,6978,326.887135,0.046845390513041,187.045657348154,209.841569285633
"5021",2044,6976,332.430919,0.0476535147649083,193.153094884888,213.520122432114
"5021",2045,6972,335.628712,0.0481395169248422,198.299922727383,215.676827972163
"5021",2046,6969,339.913031,0.0487750080355862,204.259714604246,218.59966424029
"5021",2047,6964,345.23068,0.0495736186099943,211.119567857622,222.289653924081
"5021",2048,6959,349.825177,0.0502694606983762,217.844501914577,225.534596664408
"5021",2049,6954,355.770464,0.0511605498993385,225.800289990143,229.805496093655
"5021",2050,6947,361.050532,0.0519721508564848,233.683369815533,233.683369815533
"5022",2026,2452,79.662915,0.0324889539151713,41.6199836947107,47.1998369471066
"5022",2027,2452,81.240203,0.0331322198205546,41.9443794232399,47.8682139871995
"5022",2028,2452,84.141003,0.0343152540783034,42.4213915498383,49.1222374276472
"5022",2029,2453,89.513475,0.0364914288626172,43.2389914377258,51.53643029518
"5022",2030,2454,91.827099,0.0374193557457213,43.9034734952282,52.6138939809127
"5022",2031,2455,96.100995,0.0391450081466395,44.9268851463722,54.6587309439034
"5022",2032,2456,98.506957,0.0401086958469055,45.824654467502,55.8450906692369
"5022",2033,2457,101.894189,0.0414709763939764,47.0017300567315,57.5564967082248
"5022",2034,2457,105.316575,0.0428638888888889,48.3343695068529,59.3359237671321
"5022",2035,2457,107.935462,0.043929776963777,49.6339084878855,60.7346479723097
"5022",2036,2457,113.014207,0.0459968282458282,51.7073670167227,63.5418252983635
"5022",2037,2456,114.931326,0.0467961425081433,53.1131877247832,64.6354882434793
"5022",2038,2454,115.644952,0.0471250823145884,54.226895144153,65.0489002620963
"5022",2039,2451,117.523252,0.0479491032231742,55.7757639256323,66.1502364691613
"5022",2040,2449,120.108888,0.0490440538995508,57.6858356840623,67.6973370944997
"5022",2041,2446,120.805508,0.0493890057236304,58.9710892459394,68.126172446701
"5022",2042,2443,124.278251,0.0508711629144494,61.498246931583,70.2832099022614
"5022",2043,2440,126.494959,0.0518421963114754,63.6433341579783,71.7028259769198
"5022",2044,2438,124.838435,0.0512052645611157,63.9814465628781,70.6534794359717
"5022",2045,2435,127.09168,0.0521937084188912,66.2751119476233,72.1078300893825
"5022",2046,2433,127.67639,0.0524769379367037,67.7716442845009,72.4960520994128
"5022",2047,2430,129.763613,0.0534006637860082,70.1841486566781,73.8835477821726
"5022",2048,2428,129.387646,0.0532898047775947,71.1957567067561,73.6440613046011
"5022",2049,2426,129.60135,0.0534218260511129,72.5662059742667,73.7960581550823
"5022",2050,2424,132.509183,0.0546655045379538,75.7672656253465,75.7672656253465
"5025",2026,5659,170.725899,0.0301689165930376,80.3956708184917,83.9567081849171
"5025",2027,5672,175.680083,0.030973216325811,80.7757912639069,85.6421182829594
"5025",2028,5686,180.742582,0.0317872989799508,81.2941175929665,87.3949576740941
"5025",2029,5700,187.330258,0.0328649575438597,82.0609201750155,89.6984478824259
"5025",2030,5714,194.892048,0.0341078137906895,83.0987853059624,92.3951412238497
"5025",2031,5727,201.749765,0.035227826960014,84.2839073938143,94.9005474567455
"5025",2032,5740,208.404809,0.0363074580139373,85.6509000890322,97.3873848893299
"5025",2033,5753,214.316817,0.0372530535372849,87.1218539319214,99.6464936053003
"5025",2034,5765,220.757428,0.0382927021682567,88.8598399739975,102.149599934994
"5025",2035,5776,228.901865,0.0396298242728532,91.1037573491813,105.380016798129
"5025",2036,5787,235.015324,0.0406109078970105,93.2379689455185,107.869408306355
"5025",2037,5796,240.638426,0.0415180169082126,95.4778989023341,110.200778346018
"5025",2038,5805,244.616531,0.042138937295435,97.5340912377896,111.88016588689
"5025",2039,5812,250.470264,0.0430953654507915,100.199188304047,114.381597113271
"5025",2040,5819,256.975897,0.0441615220828321,103.262255545898,117.219608873437
"5025",2041,5824,259.981129,0.0446396169299451,105.541260029044,118.552845326859
"5025",2042,5829,263.441051,0.0451948963801681,108.072537018745,120.103624312492
"5025",2043,5833,267.75947,0.0459042465283731,111.02230791343,122.064146323295
"5025",2044,5836,271.136865,0.0464593668608636,113.803871434464,123.617898625115
"5025",2045,5839,278.20151,0.0476454033224867,118.130550365161,126.929908141737
"5025",2046,5841,279.668153,0.047880183701421,120.482695176258,127.626700207362
"5025",2047,5843,284.268964,0.0486512004107479,124.23332315719,129.840364120778
"5025",2048,5844,286.009186,0.0489406546885695,126.885346280836,130.686860844147
"5025",2049,5845,290.669137,0.0497295358426005,130.99590321509,132.982756587106
"5025",2050,5845,294.059293,0.0503095454234388,134.679515208132,134.679515208132
"5026",2026,1899,70.638011,0.0371974781463928,35.694546264289,41.94546264289
"5026",2027,1894,71.324523,0.0376581430834213,35.9980324913584,42.2584181189702
"5026",2028,1888,74.682612,0.039556468220339,36.5591298841741,43.9093136238521
"5026",2029,1883,77.042669,0.040914853425385,37.1489870648228,45.1128803050485
"5026",2030,1878,78.842224,0.0419820149094782,37.7637483276877,46.0549933107507
"5026",2031,1872,82.208973,0.0439150496794872,38.705654657656,47.8892335918469
"5026",2032,1868,82.915373,0.0443872446466809,39.3168797172373,48.2827068222688
"5026",2033,1863,85.362826,0.0458200891035963,40.3235091248679,49.6855424134286
"5026",2034,1859,87.376419,0.0470018391608392,41.3505094778744,50.8762736946861
"5026",2035,1855,88.824989,0.0478840911051213,42.3304689789042,51.7553576660668
"5026",2036,1851,89.003668,0.0480840994057266,43.0132677395181,51.8700373463538
"5026",2037,1848,91.721828,0.0496330238095238,44.5168018834786,53.5693695287387
"5026",2038,1846,92.366341,0.0500359377031419,45.4416233439975,53.984769716359
"5026",2039,1843,93.277146,0.05061158220293,46.5029645970077,54.5795142076728
"5026",2040,1841,93.753363,0.0509252379141771,47.4346089984499,54.8953743975199
"5026",2041,1839,95.022697,0.0516708520935291,48.7381309224106,55.7368013923178
"5026",2042,1836,95.333777,0.0519247151416122,49.6688689814871,55.9555271164101
"5026",2043,1834,95.567236,0.0521086346782988,50.5758083851031,56.1197401831906
"5026",2044,1831,98.473101,0.053781049153468,52.9134176110757,58.1140872400977
"5026",2045,1828,99.708669,0.0545452237417943,54.4968880481727,58.9961699054433
"5026",2046,1825,100.424018,0.0550268591780822,55.8443169874554,59.5227258675946
"5026",2047,1822,100.507838,0.0551634676180022,56.8348047393436,59.6025968894012
"5026",2048,1818,101.185596,0.0556576435643564,58.233834006565,60.1176583854757
"5026",2049,1814,102.697204,0.0566136736493936,60.2676966576203,61.2521523715536
"5026",2050,1810,103.532546,0.0572003016574586,61.9058499103585,61.9058499103585
"5027",2026,6192,168.426493,0.0272006610142119,98.659779738015,104.59779738015
"5027",2027,6211,172.576087,0.0277855557881179,99.1369577886781,106.268783917659
"5027",2028,6231,176.498455,0.0283258634248114,99.7285785688093,107.877591821767
"5027",2029,6250,182.173124,0.02914769984,100.585699744774,110.167998798935
"5027",2030,6269,189.10127,0.0301645031105439,101.746624380457,112.986497521828
"5027",2031,6287,194.446751,0.0309283841259742,102.950416554242,115.218840188668
"5027",2032,6304,202.021663,0.0320465835977157,104.626452486452,118.389084573698
"5027",2033,6320,206.352702,0.0326507439873418,106.071942385174,120.267427269446
"5027",2034,6335,211.662015,0.0334115256511444,107.829774124898,122.574435312245
"5027",2035,6350,218.029359,0.0343353321259843,109.974800193229,125.370971870238
"5027",2036,6363,225.026168,0.0353647914505736,112.481181995778,128.486698938481
"5027",2037,6377,231.951298,0.0363731061627725,115.24004019302,131.639102815648
"5027",2038,6389,234.909417,0.0367677910471122,117.266274490909,133.02958998347
"5027",2039,6401,239.302867,0.037385231526324,119.790657610363,135.090481038916
"5027",2040,6413,245.912375,0.0383459184469047,123.134988772851,138.215982036562
"5027",2041,6424,252.189853,0.0392574490971357,126.646132488369,141.239445265463
"5027",2042,6435,256.218619,0.0398164132090132,129.654409691131,143.220585273045
"5027",2043,6445,261.788001,0.0406187743987587,133.386123164389,145.981183951714
"5027",2044,6455,266.526376,0.0412899110766847,137.035537710473,148.368435755449
"5027",2045,6464,272.095904,0.0420940445544555,141.233124323006,151.209999166777
"5027",2046,6472,279.655827,0.0432101092398022,146.565671430185,155.136084035512
"5027",2047,6479,284.101382,0.0438495727735762,150.797356145042,157.489978754977
"5027",2048,6486,289.571328,0.0446455948196115,155.745424013416,160.427485419909
"5027",2049,6491,293.336721,0.0451912988753659,160.059864962613,162.477781779338
"5027",2050,6495,300.208817,0.0462215268668206,166.280685295064,166.280685295064
"5028",2026,17467,380.197524,0.0217666184233125,199.726888888826,206.26888888826
"5028",2027,17581,387.840714,0.0220602192139241,200.368379827194,208.951853288683
"5028",2028,17695,403.406669,0.022797777281718,201.576854789859,213.724884513478
"5028",2029,17809,422.403615,0.0237185476444494,203.350954984919,219.475082281974
"5028",2030,17920,436.085592,0.0243351334821429,205.209927579975,223.839710319901
"5028",2031,18030,452.259467,0.0250837197448697,207.604679946331,228.929321552456
"5028",2032,18136,464.81351,0.0256293289589766,210.062366915621,233.038052048065
"5028",2033,18238,479.29262,0.0262798892422415,213.030602566033,237.705110526987
"5028",2034,18339,500.992011,0.0273183930966792,217.203814421099,244.509536052747
"5028",2035,18438,513.822328,0.027867573923419,220.786781159649,248.79835693634
"5028",2036,18535,530.316778,0.0286116416509307,225.224006496468,254.208434729406
"5028",2037,18631,539.320347,0.0289474717943213,228.933988475324,257.407782390875
"5028",2038,18724,556.579806,0.0297254756462294,234.271369745211,263.12976317311
"5028",2039,18814,572.937777,0.030452736100776,239.908381627391,268.63128787641
"5028",2040,18902,586.18039,0.0310115538038303,245.377968604282,273.204749766851
"5028",2041,18986,600.836201,0.0316462762561888,251.504996840688,278.252825419906
"5028",2042,19067,611.46758,0.0320694173178791,257.12562614607,282.0366087801
"5028",2043,19144,627.734976,0.0327901679899707,264.395855523838,287.672346473001
"5028",2044,19217,644.894236,0.0335585281781756,272.361767613328,293.660345307519
"5028",2045,19286,659.193611,0.0341799030903246,280.042890420358,298.745095901979
"5028",2046,19351,673.938389,0.0348270574647305,288.269094817284,304.022464490923
"5028",2047,19412,688.536114,0.0354696123016691,296.886572709289,309.294729813284
"5028",2048,19468,703.668313,0.0361448691699199,306.114515182624,314.799475873107
"5028",2049,19520,722.073676,0.0369914793032787,316.94090554358,321.536005759564
"5028",2050,19568,738.53206,0.0377418264513491,327.657052530801,327.657052530801
"5029",2026,8915,159.351236,0.0178745076836792,71.867078907764,79.6707890776402
"5029",2027,9023,165.646145,0.0183582117920869,72.4427972470445,81.493070887596
"5029",2028,9127,173.150394,0.0189712275665608,73.195269454948,83.5443968854173
"5029",2029,9227,179.945308,0.019502038365666,74.0696585712406,85.4454520999559
"5029",2030,9323,189.689211,0.020346370374343,75.2356663777826,87.9426655111305
"5029",2031,9416,197.159376,0.0209387612574342,76.4560444158592,89.9775457942929
"5029",2032,9506,206.859817,0.0217609738060173,77.9826059458862,92.4849413719575
"5029",2033,9593,216.004724,0.0225169106640259,79.6588228947896,94.8864079856263
"5029",2034,9678,223.767603,0.023121265034098,81.4000689143899,97.0001722859747
"5029",2035,9762,235.89486,0.0241646035648433,83.7308823781912,100.09915972158
"5029",2036,9845,245.061271,0.0248919523616049,85.9948462828049,102.568097437484
"5029",2037,9927,252.19035,0.0254044877606528,88.2136528462806,104.587615309816
"5029",2038,10008,262.463202,0.0262253399280576,90.9925128478463,107.35002335972
"5029",2039,10088,270.670531,0.0268309408207772,93.7069408273512,109.650112046555
"5029",2040,10165,281.180923,0.0276616746679784,96.9448319357538,112.511731097206
"5029",2041,10241,290.372902,0.0283539597695538,100.203880704642,115.081329365497
"5029",2042,10313,298.126299,0.0289078152816833,103.4114055209,117.302007887
"5029",2043,10383,307.979725,0.0296619209284407,107.182546219578,120.061079619766
"5029",2044,10450,318.737184,0.0305011659330144,111.356599248438,123.073031288307
"5029",2045,10513,327.940898,0.0311938455245886,115.446999759018,125.703999703406
"5029",2046,10573,336.495278,0.031825903527854,119.603181213362,128.18021319219
"5029",2047,10630,347.340268,0.032675472060207,124.504583324547,131.286854450194
"5029",2048,10683,358.399121,0.0335485463821024,129.722401507284,134.483677305172
"5029",2049,10733,367.32995,0.0342243501350974,134.644234789312,137.123880300584
"5029",2050,10780,379.075107,0.0351646666975881,140.584501908155,140.584501908155
"5031",2026,14995,264.940553,0.0176685930643548,118.122820420659,137.228204206592
"5031",2027,15121,278.599249,0.0184246576945969,119.394507654911,140.687328399349
"5031",2028,15244,289.969365,0.0190218686040409,120.846698159738,143.695418055647
"5031",2029,15364,303.76783,0.0197714026295236,122.63403586612,147.218992311153
"5031",2030,15483,318.284335,0.0205570196344378,124.73225613698,150.929024547919
"5031",2031,15598,335.46626,0.021507004744198,127.281648051297,155.240514961035
"5031",2032,15710,351.237127,0.0223575510502864,130.069051518168,159.289389286672
"5031",2033,15819,364.347188,0.0230322515961818,132.956906037625,162.77767182793
"5031",2034,15925,377.925054,0.0237315575510204,136.157035530648,166.39258882662
"5031",2035,16029,393.516687,0.0245502955268576,139.845316509453,170.503580593036
"5031",2036,16131,410.949879,0.0254757844522968,144.070235817837,175.095233300709
"5031",2037,16231,427.219071,0.0263211799026554,148.5266916696,179.466715452877
"5031",2038,16326,440.290433,0.0269686655028788,152.89963648541,183.09024815529
"5031",2039,16418,454.529057,0.0276848006456328,157.728327299251,187.026940083832
"5031",2040,16507,468.122212,0.0283590120554916,162.770375527859,190.832600844574
"5031",2041,16592,484.785921,0.0292180521335583,168.636406098809,195.451179017071
"5031",2042,16674,500.058322,0.029990303586422,174.632659771792,199.760942531132
"5031",2043,16752,513.781908,0.0306698846704871,180.678021335471,203.6990119803
"5031",2044,16825,526.413302,0.0312875662407132,186.809991783354,207.36773133336
"5031",2045,16895,543.355,0.0321606984314886,194.19737487864,212.242922927557
"5031",2046,16959,560.409611,0.0330449679226369,202.024289065928,217.205045959916
"5031",2047,17018,574.940091,0.0337842338112587,209.641453933358,221.511497389699
"5031",2048,17072,587.409364,0.034407764995314,217.069076015259,225.263865962442
"5031",2049,17121,601.665829,0.0351419793820454,225.306674277105,229.565375872317
"5031",2050,17166,621.737804,0.0362191427239893,235.652590062831,235.652590062831
"5032",2026,4058,126.497437,0.0311723600295712,49.2948976966205,51.9489769662048
"5032",2027,4065,129.095435,0.0317577945879459,49.5099615352867,52.7088111657212
"5032",2028,4074,134.306417,0.0329667199312715,49.917015804246,54.2400903099772
"5032",2029,4083,138.809854,0.0339970252265491,50.4020913786461,55.5980770759818
"5032",2030,4092,142.110693,0.0347289083577713,50.9048092659215,56.6192370636861
"5032",2031,4102,147.480203,0.0359532430521697,51.6729196031767,58.2971116632234
"5032",2032,4112,151.92824,0.0369475291828794,52.4850618760381,59.7232673108864
"5032",2033,4122,156.909983,0.0380664684619117,53.4771984106651,61.3508921673521
"5032",2034,4133,161.229394,0.0390102574401161,54.5187473230791,62.7968683076977
"5032",2035,4143,165.657035,0.0399848020757905,55.6955766763891,64.304175260318
"5032",2036,4153,168.940619,0.0406791762581267,56.8114902905116,65.4452427168665
"5032",2037,4162,174.502233,0.0419274947140798,58.4307166722718,67.4013983849205
"5032",2038,4171,179.771206,0.0431002651642292,60.1656375939629,69.3011592617507
"5032",2039,4179,183.60613,0.0439354223498445,61.7565623549042,70.7132976253689
"5032",2040,4186,187.016979,0.0446767747252747,63.368093264732,71.9889492235711
"5032",2041,4193,189.97552,0.0453077796327212,64.973434524342,73.1108445650445
"5032",2042,4200,195.359862,0.0465142528571429,67.332948320862,75.18992617266
"5032",2043,4206,198.239243,0.0471324876367095,69.1498442305904,76.3218226855464
"5032",2044,4212,202.104486,0.0479830213675214,71.3703644058966,77.8649863301891
"5032",2045,4218,206.58085,0.0489760194404931,73.9331562395002,79.6869615255388
"5032",2046,4222,209.832242,0.0496997257224064,76.2292196031739,81.034376003734
"5032",2047,4226,213.726378,0.0505741547562707,78.8878435046146,82.6764433854812
"5032",2048,4229,217.222301,0.0513649328446441,81.5393774830605,84.1777053870924
"5032",2049,4232,220.682777,0.0521462138468809,84.3125792031826,85.6883939773326
"5032",2050,4233,224.231787,0.0529723097094259,87.2704067746249,87.2704067746249
"5033",2026,741,32.590768,0.0439821430499325,13.193065121436,14.9306512143604
"5033",2027,740,32.072322,0.0433409756756757,13.2341601789246,14.7029831194517
"5033",2028,738,32.30849,0.0437784417344173,13.3157240229925,14.8041372742429
"5033",2029,737,33.534597,0.0455014884667571,13.4997000362453,15.351529582331
"5033",2030,735,34.365828,0.0467562285714286,13.6838985509817,15.7355942039266
"5033",2031,734,34.679173,0.0472468297002725,13.8290387564729,15.8836130659927
"5033",2032,733,34.824967,0.0475101869031378,13.9599038514948,15.9535503122918
"5033",2033,731,35.259719,0.0482349097127223,14.1469760162678,16.1640717690145
"5033",2034,730,36.19374,0.0495804657534247,14.4495159336004,16.6237898340009
"5033",2035,730,37.890975,0.0519054452054794,14.9645862734504,17.4904829107437
"5033",2036,729,37.74234,0.0517727572016461,15.0975695933739,17.4159359860503
"5033",2037,729,37.386836,0.05128509739369,15.1685263704555,17.2312709667424
"5033",2038,729,38.709675,0.0530996913580247,15.7106719863152,17.9284945205731
"5033",2039,729,40.710471,0.0558442674897119,16.5467487507299,19.0370191501785
"5033",2040,729,41.752199,0.0572732496570645,17.1506568851768,19.6410510162829
"5033",2041,728,41.718762,0.0573059917582418,17.3911504981277,19.6281516952871
"5033",2042,728,42.103054,0.0578338653846154,17.7991651752331,19.8559502503331
"5033",2043,727,42.740699,0.058790507565337,18.3451689516606,20.2476867141161
"5033",2044,727,44.40146,0.0610749105914718,19.4204311354301,21.2844272715227
"5033",2045,726,46.161074,0.0635827465564738,20.680456525385,22.4528695697046
"5033",2046,725,46.236375,0.0637743103448276,21.0886253244088,22.5160297934221
"5033",2047,723,47.92743,0.0662896680497925,22.5167389958356,23.7230861924908
"5033",2048,722,47.722152,0.066097163434903,22.7964855529812,23.5907951924121
"5033",2049,720,48.039732,0.06672185,23.442059508396,23.8488929957361
"5033",2050,718,49.43376,0.0688492479108635,24.9147325720569,24.9147325720569
"5034",2026,2456,74.24152,0.0302286319218241,33.0579954959063,42.5799549590629
"5034",2027,2471,77.138835,0.0312176588425739,33.619236706106,43.7762669534984
"5034",2028,2487,81.214967,0.0326557969441094,34.3566913163512,45.4668075220067
"5034",2029,2501,83.804185,0.0335082706917233,35.0988354085923,46.5827548639636
"5034",2030,2515,87.320284,0.0347197948310139,36.0251597515078,48.1006390060311
"5034",2031,2529,88.368661,0.0349421356267299,36.7736636662615,48.6040475348227
"5034",2032,2542,92.749497,0.036486820220299,38.0227806088229,50.5316326425321
"5034",2033,2554,95.830535,0.0375217443226312,39.2252844742038,51.931819239183
"5034",2034,2566,100.013519,0.0389764298519096,40.744631693778,53.8615792344451
"5034",2035,2578,101.577144,0.0394015298681148,41.8956588462307,54.6186487913845
"5034",2036,2588,107.6759,0.0416058346213292,44.1301539763948,57.5371662660944
"5034",2037,2598,109.496293,0.0421463791377983,45.5535825100711,58.4460146537973
"5034",2038,2608,111.903497,0.0429077825920245,47.2106077413504,59.6556504388189
"5034",2039,2616,116.669692,0.0445985061162079,49.6787693655723,62.0915223243784
"5034",2040,2624,115.962053,0.0441928555640244,50.5822408640182,61.7315853824291
"5034",2041,2632,120.580225,0.0458131553951368,53.300827220986,64.1521920316769
"5034",2042,2639,123.586876,0.046830949602122,55.6389368447685,65.7699097782408
"5034",2043,2645,125.387292,0.0474054034026465,57.6299083673227,66.7524181251833
"5034",2044,2650,127.174585,0.0479904094339623,59.6979746688037,67.7393221532951
"5034",2045,2655,128.651711,0.0484563883239171,61.7065870677791,68.5619533141897
"5034",2046,2660,131.633519,0.0494862853383459,64.5167762963327,70.255030936862
"5034",2047,2664,134.379634,0.0504428055555556,67.3644946373559,71.8473179012461
"5034",2048,2668,134.420543,0.0503825123688156,68.870893354599,71.8604252482151
"5034",2049,2672,137.342099,0.0514004861526946,72.028018942875,73.5875521484416
"5034",2050,2675,137.965644,0.051575941682243,73.9532634664783,73.9532634664783
"5035",2026,24627,572.155912,0.0232328709140374,375.721344651058,400.213446510578
"5035",2027,24757,595.551255,0.0240558732883629,378.036553302924,409.629478566717
"5035",2028,24886,621.567231,0.0249765824559994,381.248625288201,420.135001646865
"5035",2029,25013,646.415471,0.0258431803861992,385.187849924443,430.354587879732
"5035",2030,25140,670.562147,0.0266731164280032,389.864568138231,440.458272552924
"5035",2031,25265,696.874014,0.0275825851573323,395.579187147253,451.536303120882
"5035",2032,25388,724.172032,0.0285241859146053,402.305371336051,463.170373341696
"5035",2033,25510,749.498303,0.0293805685221482,409.681477582809,474.19028298706
"5035",2034,25631,775.802522,0.0302681331980804,418.109334381137,485.773335952843
"5035",2035,25751,802.220274,0.0311529755737641,427.503445253679,497.57930343698
"5035",2036,25871,829.220995,0.032052143133238,437.98985495001,509.820747263179
"5035",2037,25989,854.028594,0.0328611564123283,448.995353510237,521.283616605342
"5035",2038,26104,878.845277,0.0336670731305547,460.942751245884,532.895911356153
"5035",2039,26216,903.497643,0.0344635963915166,473.804512567163,544.582149050491
"5035",2040,26324,927.812745,0.035245887593071,487.535546736485,556.256874778376
"5035",2041,26429,950.263123,0.0359553188921261,501.659985364745,567.203751493955
"5035",2042,26530,972.128569,0.0366426147380324,516.493004245529,577.990006065041
"5035",2043,26627,996.472347,0.0374233802906824,533.102988563145,590.088798051721
"5035",2044,26720,1019.554282,0.0381569716317365,550.259451936617,601.721873466603
"5035",2045,26808,1042.315666,0.0388807693971949,568.269033509275,613.331118165262
"5035",2046,26891,1067.3547,0.0396918931984679,588.25030689408,626.235655169505
"5035",2047,26969,1087.774217,0.0403342436501168,607.240492696105,636.932949516738
"5035",2048,27041,1114.509849,0.0412155559705632,630.201592460317,651.055775632775
"5035",2049,27108,1139.006342,0.0420173506713885,653.288453373417,664.208782725628
"5035",2050,27170,1164.4752,0.0428588590357011,678.087094368502,678.087094368502
"5036",2026,2680,78.807249,0.0294056899253731,44.8726237893294,52.7262378932939
"5036",2027,2693,81.735043,0.0303509257333828,45.3871144171859,54.0881048522615
"5036",2028,2705,85.444094,0.0315874654343808,46.0680885881457,55.8176490751183
"5036",2029,2718,87.665463,0.0322536655629139,46.7430850018722,56.908635302928
"5036",2030,2730,89.355865,0.0327310860805861,47.4398831048451,57.7595324193804
"5036",2031,2742,94.883915,0.0346039077315828,48.7258318804974,60.437676106078
"5036",2032,2753,97.642735,0.035467756992372,49.7969740344418,61.836843182898
"5036",2033,2765,100.062473,0.0361889594936709,50.9212998477118,63.0932409592048
"5036",2034,2776,103.523752,0.0372924178674352,52.3562908173718,64.8907270434294
"5036",2035,2787,103.634588,0.0371849974883387,53.1853402277327,64.9950633776746
"5036",2036,2798,107.750492,0.0385098255897069,55.005219166558,67.1688824559115
"5036",2037,2809,112.356091,0.0399986084015664,57.1525720817051,69.6635552813759
"5036",2038,2819,114.059011,0.0404608056048244,58.6418086504272,70.6214702735041
"5036",2039,2829,117.655823,0.0415891915871333,60.8270724630762,72.6418254690659
"5036",2040,2838,119.519875,0.0421141208597604,62.5712004924969,73.713920787995
"5036",2041,2846,123.931062,0.0435456999297259,65.3798872263453,76.2715278888231
"5036",2042,2854,126.43853,0.0443022179397337,67.6328937354974,77.7612767649964
"5036",2043,2860,128.313453,0.0448648437062937,69.7306615232124,78.8890325738473
"5036",2044,2867,131.415207,0.045837184164632,72.5052459765745,80.7809625504186
"5036",2045,2873,133.049714,0.046310377305952,74.7057398967015,81.7916798728634
"5036",2046,2879,137.643575,0.0478095085098993,78.5889462209555,84.6928779070065
"5036",2047,2883,140.755313,0.0488225157821714,81.9046781887586,86.709496550714
"5036",2048,2887,142.439377,0.0493381977831659,84.5280579942995,87.814116750594
"5036",2049,2891,146.914022,0.050817717744725,89.0702273344032,90.8262102175618
"5036",2050,2893,147.582827,0.0510137666781887,91.279381666939,91.279381666939
"5037",2026,20514,489.883881,0.0238804660719509,225.858739604099,278.587396040995
"5037",2027,20609,511.15394,0.0248024620311514,229.01662073385,285.575423518908
"5037",2028,20702,533.616104,0.0257760653076997,232.781059001934,293.034622868195
"5037",2029,20794,551.846808,0.0265387519476772,236.848083752787,299.285100013115
"5037",2030,20885,566.775264,0.0271379106535791,241.139416893989,304.557667575956
"5037",2031,20973,589.620675,0.0281133206980403,246.574195929451,312.43198584157
"5037",2032,21059,612.099674,0.0290659420675246,252.602119575581,320.314214078712
"5037",2033,21142,638.846954,0.0302169593226752,259.791723916861,329.770272874099
"5037",2034,21223,657.622423,0.030986308391839,266.659151335545,336.647878338863
"5037",2035,21301,676.675541,0.0317673133186235,274.120097973885,343.703081083165
"5037",2036,21377,698.078756,0.0326555997567479,282.553885839833,351.692391241754
"5037",2037,21449,720.392857,0.0335863143736305,291.816425248441,360.129610240861
"5037",2038,21518,746.024458,0.0346697861325402,302.470809280482,369.946925964513
"5037",2039,21582,761.477952,0.0352830113983875,311.68199749686,376.054463824442
"5037",2040,21642,778.866178,0.0359886414379447,321.850995327052,382.961592523283
"5037",2041,21698,797.744167,0.0367657925615264,332.976643956959,390.530783331259
"5037",2042,21750,815.396907,0.0374895129655172,344.396245672156,397.708922388795
"5037",2043,21799,832.879475,0.0382072331299601,356.369533128929,404.907841530752
"5037",2044,21843,843.870706,0.0386334617955409,366.880271333411,409.522930752788
"5037",2045,21884,857.600444,0.0391884684701152,378.68091329119,415.299585589156
"5037",2046,21920,875.583317,0.0399444943886861,392.477289885508,422.914458688833
"5037",2047,21952,888.267457,0.0404640787627551,404.928030833984,428.369612207306
"5037",2048,21980,899.917907,0.0409425799363057,417.418912832956,433.425851711304
"5037",2049,22005,909.599528,0.0413360385366962,429.504410028523,437.666919510153
"5037",2050,22026,925.033736,0.0419973547625533,444.463464389164,444.463464389164
"5038",2026,14876,382.366661,0.0257035937752084,144.470921652674,148.70921652674
"5038",2027,14891,401.076547,0.0269341580149083,145.226181589548,152.917684287625
"5038",2028,14907,419.608134,0.0281483956530489,146.309917549773,157.199528855846
"5038",2029,14924,436.336361,0.0292372260117931,147.648517114135,161.16949230181
"5038",2030,14940,463.793708,0.0310437555555556,149.960258638002,167.841034552006
"5038",2031,14955,479.995062,0.0320959586760281,152.026597135411,171.918598731864
"5038",2032,14969,503.092365,0.0336089494956243,155.006395792715,177.865833208354
"5038",2033,14983,523.847778,0.03496280971768,158.275123652746,183.379651455851
"5038",2034,14995,540.311944,0.0360328072024008,161.547865141079,187.869662852698
"5038",2035,15006,562.098498,0.03745824990004,165.856548093387,193.957824213455
"5038",2036,15016,576.277469,0.0383775618673415,169.662723294289,198.026785882713
"5038",2037,15023,595.354207,0.0396295152100113,174.553111413617,203.61582714852
"5038",2038,15027,608.545215,0.0404967867837892,178.962408667993,207.568015759988
"5038",2039,15028,621.585186,0.0413618036997604,183.682242858063,211.544243162661
"5038",2040,15027,636.140035,0.0423331360218274,189.043439783108,216.069503652973
"5038",2041,15023,642.2353,0.0427501364574319,193.018374986702,217.989999979927
"5038",2042,15017,651.436718,0.0433799505893321,197.846518882465,220.923598403522
"5038",2043,15009,658.467018,0.0438714783130122,202.403451336461,223.191120456219
"5038",2044,15000,666.724251,0.0444482834,207.462815312916,225.88750362957
"5038",2045,14990,678.640183,0.0452728607738492,213.747123725237,229.842613815676
"5038",2046,14979,683.151356,0.0456072739168169,218.255163782091,231.359016214225
"5038",2047,14968,689.93956,0.0460943051843934,223.576378180995,233.66352471098
"5038",2048,14956,698.556313,0.046707429326023,229.679414590039,236.626394151393
"5038",2049,14943,706.327505,0.047268119186241,235.76106039097,239.336166639968
"5038",2050,14929,719.542772,0.0481976536941523,244.020108381399,244.020108381399
"5041",2026,1935,69.5261,0.0359308010335917,22.9694745843577,31.694745843577
"5041",2027,1927,71.299296,0.0370001536066424,23.41765324353,32.3102054074907
"5041",2028,1918,74.982336,0.0390940229405631,24.0414529765223,33.6654455801275
"5041",2029,1910,78.457949,0.0410774602094241,24.7647348765803,35.0105170662601
"5041",2030,1902,78.345888,0.0411913186119874,25.2376887918935,34.950755167574
"5041",2031,1894,80.909606,0.0427189049630412,26.0208393958478,35.9855283333835
"5041",2032,1887,82.646459,0.0437978055113937,26.7801392226262,36.7081206850038
"5041",2033,1879,84.48433,0.0449623895689196,27.6169198300688,37.4949512553623
"5041",2034,1872,86.352344,0.0461283888888889,28.5278431297651,38.3196078244128
"5041",2035,1864,88.187206,0.047310732832618,29.5052436211721,39.154842562679
"5041",2036,1857,89.338076,0.0481088185245019,30.4047841845616,39.6942824938139
"5041",2037,1850,91.929674,0.0496917156756757,31.7051500893155,40.9368782230546
"5041",2038,1843,92.844026,0.050376574064026,32.6684042318258,41.3970986033195
"5041",2039,1836,94.553746,0.0514998616557734,33.9056928947232,42.2650091825075
"5041",2040,1829,96.155147,0.0525725243302351,35.1892274809756,43.1027639695609
"5041",2041,1822,96.583689,0.0530097085620198,36.1444419835713,43.3501011072774
"5041",2042,1815,96.701659,0.0532791509641873,37.0070517263986,43.4386453234266
"5041",2043,1808,99.594418,0.0550854081858407,38.9726591742532,45.0137751515298
"5041",2044,1801,101.790309,0.0565187723486952,40.8066575116292,46.2666548537151
"5041",2045,1794,101.082991,0.0563450340022297,41.4286083926429,45.9121334063297
"5041",2046,1787,103.23535,0.0577702014549524,43.4031120591575,47.1801318343029
"5041",2047,1780,104.190318,0.0585338865168539,44.8854483760087,47.7864207053619
"5041",2048,1772,104.417306,0.0589262449209932,46.0328035342156,47.981409226179
"5041",2049,1765,108.889014,0.0616934923512748,49.6930578413618,50.7720081468694
"5041",2050,1757,108.70419,0.061869203187251,50.7363792533948,50.7363792533948
"5042",2026,1249,46.758169,0.03743648438751,17.964920777688,26.6492077768802
"5042",2027,1239,47.774327,0.0385587788539144,18.3877048803769,27.0923991300139
"5042",2028,1230,47.06235,0.0382620731707317,18.7013025165374,26.721728665928
"5042",2029,1221,49.836164,0.0408158591318591,19.3479346345984,28.049104162816
"5042",2030,1213,52.563696,0.0433336323165705,20.1104802739994,29.4419210959976
"5042",2031,1204,54.895817,0.0455945323920266,20.9399062654774,30.7040217929649
"5042",2032,1196,55.281727,0.0462221797658863,21.5244379540727,30.9213475509928
"5042",2033,1188,55.911706,0.0470637255892256,22.1782230081676,31.2847531259796
"5042",2034,1180,58.702265,0.0497476822033898,23.3806835713556,32.9517089283889
"5042",2035,1172,59.609301,0.050861178327645,24.2339275446354,33.5346915305952
"5042",2036,1164,60.853208,0.0522793883161512,25.2433711758396,34.3544656333465
"5042",2037,1156,63.273892,0.0547352006920415,26.7374723676621,35.9999460832432
"5042",2038,1149,64.071191,0.0557625683202785,27.7770376165309,36.5946138482379
"5042",2039,1141,64.002325,0.0560931858019281,28.5169981127306,36.6034010429457
"5042",2040,1133,66.787548,0.0589475269196823,30.5542530523452,38.6868048837522
"5042",2041,1126,66.426276,0.0589931403197158,31.2345683825769,38.486140954833
"5042",2042,1118,67.949411,0.0607776484794275,32.9129282919025,39.7327547027179
"5042",2043,1111,69.674942,0.0627137191719172,34.8407452403009,41.1908410037978
"5042",2044,1103,69.306162,0.0628342357207616,35.6016358139093,41.0021107276249
"5042",2045,1096,69.325682,0.0632533594890511,36.5949632375244,41.1168778307993
"5042",2046,1089,69.554626,0.0638701799816345,37.7475189702538,41.4088458473574
"5042",2047,1082,69.32782,0.0640737707948244,38.5894843774772,41.326179580256
"5042",2048,1075,69.615903,0.0647589795348837,39.8275489044509,41.678431248055
"5042",2049,1069,69.327408,0.0648525799812909,40.6107925113493,41.5306935182849
"5042",2050,1063,69.098591,0.0650033781749765,41.433948069582,41.433948069582
"5043",2026,446,15.73162,0.0352726905829596,19.4240471770251,23.2404717702505
"5043",2027,445,15.975077,0.0358990494382022,19.6198547001668,23.5080341830313
"5043",2028,444,16.877234,0.0380117882882883,19.973671077914,24.563834730937
"5043",2029,443,17.153231,0.038720611738149,20.251882098378,24.8912098747202
"5043",2030,441,18.744183,0.0425038163265306,20.9787753498041,26.9151013992163
"5043",2031,440,19.072757,0.043347175,21.4016941245113,27.3537186939524
"5043",2032,439,20.036488,0.0456412027334852,22.1508732260175,28.6949945415923
"5043",2033,437,19.669877,0.0450111601830664,22.3254188741288,28.1735693079414
"5043",2034,437,20.729204,0.0474352494279176,23.2826827908229,29.7067069770574
"5043",2035,436,21.158492,0.0485286513761468,23.9680979865369,30.3556525406558
"5043",2036,435,19.995421,0.0459664850574713,23.5773047337866,28.6364310184982
"5043",2037,434,21.495632,0.0495291059907834,25.090801465827,30.8844906650283
"5043",2038,433,22.759628,0.0525626512702079,26.6592180813339,32.9258510569707
"5043",2039,432,21.697449,0.0502255763888889,26.1755918726893,31.2137734003223
"5043",2040,432,22.264323,0.0515377847222222,27.2012916822252,32.1220666915603
"5043",2041,431,23.226766,0.0538904083526682,28.7645356305319,33.7389217064632
"5043",2042,430,23.559589,0.0547897418604651,29.7302384106194,34.3289120151706
"5043",2043,429,24.846446,0.0579171235431235,32.0333178144482,36.6722953416247
"5043",2044,428,24.470339,0.0571736892523365,32.1727139871064,35.9970503059438
"5043",2045,427,24.01658,0.0562449180327869,32.155338647233,35.1911860273637
"5043",2046,426,23.647305,0.0555101056338028,32.2169435590987,34.5493453636456
"5043",2047,425,24.307848,0.0571949364705882,33.8756891639006,35.7613399029866
"5043",2048,424,24.933719,0.0588059410377358,35.6092624870579,36.955959445468
"5043",2049,423,24.696446,0.0583840330969267,35.8729501105819,36.530337777228
"5043",2050,422,25.005629,0.0592550450236967,37.1445038338608,37.1445038338608
"5044",2026,863,34.539235,0.0400222885283893,13.4733287795902,17.7332877959025
"5044",2027,869,35.716367,0.0411005373993096,13.7263368992976,18.2824501767101
"5044",2028,875,35.762115,0.0408709885714286,13.930394922418,18.3165424138169
"5044",2029,880,35.868497,0.0407596556818182,14.1424918458411,18.3764322157227
"5044",2030,885,36.173944,0.0408745129943503,14.3818254082129,18.5273016328515
"5044",2031,890,36.420264,0.0409216449438202,14.6247146576521,18.6511814179203
"5044",2032,895,38.21873,0.0427024916201117,15.1126590770716,19.5004894679126
"5044",2033,900,38.990121,0.0433223566666667,15.4928913059398,19.8769415336271
"5044",2034,904,39.328336,0.043504796460177,15.8180254600297,20.0450636500742
"5044",2035,909,39.438942,0.0433871749174917,16.1080769292029,20.104175838178
"5044",2036,913,38.233941,0.0418772628696605,16.1051011160882,19.5370549812382
"5044",2037,917,39.640679,0.0432286575790622,16.6956153082247,20.2109566989751
"5044",2038,921,41.944211,0.0455420314875136,17.5936051670006,21.3520093945465
"5044",2039,925,42.360959,0.0457956313513514,18.0313218345657,21.5639520588352
"5044",2040,929,42.242296,0.0454707168998924,18.3149558232052,21.5039293171283
"5044",2041,932,42.92807,0.046060160944206,18.8652036433459,21.8531375748618
"5044",2042,935,43.041292,0.0460334673796791,19.2374841863721,21.9106916948172
"5044",2043,939,45.219057,0.0481566102236422,20.4116715398588,23.0497241218425
"5044",2044,941,45.788254,0.0486591434643996,21.024316371202,23.3539566080026
"5044",2045,944,45.341644,0.0480314025423729,21.2136638972851,23.1091247966586
"5044",2046,947,46.108633,0.0486891583949314,21.9405476240161,23.5182913223719
"5044",2047,949,46.596156,0.0491002697576396,22.5678797210122,23.7807095448024
"5044",2048,952,48.866562,0.0513304222689076,24.144081436135,25.0476556066324
"5044",2049,954,49.7763,0.0521764150943396,25.0974382296353,25.5687669918289
"5044",2050,956,49.784542,0.0520758807531381,25.5661244669695,25.5661244669695
"5045",2026,2400,77.917654,0.0324656891666667,45.9946259455147,45.9462594551467
"5045",2027,2413,77.840067,0.0322586270203067,45.9981463393905,45.9865188319313
"5045",2028,2426,79.020232,0.0325722308326463,46.0966526140587,46.5523006517643
"5045",2029,2437,81.794872,0.0335637554370127,46.3799472271281,47.7879869511909
"5045",2030,2447,85.271646,0.0348474237842256,46.8373945134648,49.3495780538593
"5045",2031,2456,87.151433,0.0354851111563518,47.2150751213574,50.2263482481998
"5045",2032,2465,89.64021,0.0363651967545639,47.7516144863214,51.3895830348349
"5045",2033,2472,91.24556,0.0369116343042071,48.2311087232113,52.1547826847209
"5045",2034,2479,94.700369,0.0382010363049617,49.1190398768305,53.7975996920763
"5045",2035,2485,95.962271,0.0386166080482897,49.6837160691531,54.4199224437786
"5045",2036,2491,98.803764,0.03966429706945,50.6621472892111,55.8150469246549
"5045",2037,2497,102.877487,0.0412004353223869,52.0782993669587,57.8600963257731
"5045",2038,2503,105.110093,0.0419936448262085,53.1574454782259,59.0135372331381
"5045",2039,2508,108.366641,0.043208389553429,54.6495212641265,60.7225893857473
"5045",2040,2512,108.371997,0.0431417185509554,55.2067897573838,60.730863611814
"5045",2041,2517,111.248889,0.0441990023837902,56.7818482651844,62.2744879474481
"5045",2042,2520,113.135007,0.0448948440476191,58.1130225772841,63.3043179675487
"5045",2043,2523,114.93342,0.0455542687277051,59.4961622872307,64.2998810674314
"5045",2044,2526,119.39041,0.0472646120348377,62.1422519203722,66.8287121553189
"5045",2045,2529,118.947768,0.0470335183867141,62.7138938708443,66.5709463025776
"5045",2046,2530,122.033249,0.048234485770751,65.013429942663,68.3687411090153
"5045",2047,2532,122.908201,0.0485419435229068,66.309718694893,68.8841900787527
"5045",2048,2532,122.642853,0.0484371457345972,67.0220784787931,68.726571328425
"5045",2049,2532,126.703787,0.0500409901263823,70.2345658334833,71.1787696971255
"5045",2050,2532,124.719635,0.0492573597946288,69.9698959384995,69.9698959384995
"5046",2026,1137,42.919112,0.0377476798592788,42.5540486319909,47.5404863199086
"5046",2027,1125,43.677827,0.0388247351111111,42.8469088750343,48.1593372729766
"5046",2028,1114,45.049741,0.0404396238779174,43.2953357798421,49.4019187419549
"5046",2029,1103,45.818866,0.0415402230281052,43.7223469660364,50.1051621931123
"5046",2030,1092,45.49768,0.0416645421245421,43.9351150339248,49.7404601356993
"5046",2031,1081,47.794992,0.044213683626272,44.8925426623133,52.0610179558724
"5046",2032,1071,49.610525,0.046321685340803,45.9038230614386,54.0117632659651
"5046",2033,1062,50.776361,0.047812016007533,46.8326288042508,55.3313898048299
"5046",2034,1052,52.250272,0.0496675589353612,48.0316892883991,57.0792232209978
"5046",2035,1043,53.434993,0.0512320162991371,49.24484900149,58.5596548605486
"5046",2036,1035,53.535639,0.0517252550724638,49.95169776866,58.7404163550736
"5046",2037,1027,54.281962,0.0528548802336904,51.0935676803789,59.7435466934221
"5046",2038,1019,55.041028,0.0540147477919529,52.3401655103899,60.8003009279817
"5046",2039,1012,55.581897,0.0549228231225296,53.510999495724,61.5931906310196
"5046",2040,1004,55.384048,0.0551633944223108,54.1427957533776,61.4284732054042
"5046",2041,997,56.376499,0.0565461374122367,55.827767590798,62.8721020238461
"5046",2042,990,55.918159,0.0564829888888889,56.2411883601856,62.3445548002651
"5046",2043,983,55.032932,0.0559846714140387,56.1844029449247,61.233088738881
"5046",2044,976,55.509315,0.0568742981557377,57.4929509687695,61.9909044758316
"5046",2045,969,53.946403,0.0556722425180599,56.5845155190651,59.9501729465417
"5046",2046,963,53.651371,0.0557127424714434,56.9869728515656,59.6317327665478
"5046",2047,956,54.632323,0.0571467813807531,58.9364693030565,61.0833456935847
"5046",2048,950,53.953119,0.0567927568421053,58.8646486365581,60.2320525800629
"5046",2049,944,53.478276,0.0566507161016949,59.0036163848081,59.6660949452551
"5046",2050,938,52.801797,0.05629189445629,58.8236612888864,58.8236612888864
"5047",2026,3912,97.726472,0.0249812044989775,46.484766557798,41.8476655779798
"5047",2027,3921,99.930791,0.0254860471818414,46.3687889376298,42.4093740918528
"5047",2028,3929,104.636273,0.0266317823873759,46.4003875768714,43.573643296408
"5047",2029,3937,108.052714,0.0274454442468885,46.4572516369586,44.4458900562758
"5047",2030,3944,112.714834,0.0285788118661258,46.6604434476506,45.6417737906023
"5047",2031,3951,115.663395,0.0292744608959757,46.8342185256253,46.4233687847838
"5047",2032,3957,120.483522,0.0304481986353298,47.2282123405557,47.7021918170945
"5047",2033,3962,123.605834,0.0311978379606259,47.5624457050039,48.5515743586315
"5047",2034,3967,127.761344,0.0322060357953113,48.0784343894229,49.6960859735572
"5047",2035,3972,133.84123,0.0336961807653575,48.9277196357986,51.4062163103968
"5047",2036,3976,137.707169,0.0346345998490946,49.6241119767595,52.5244462668621
"5047",2037,3980,140.367966,0.0352683331658291,50.2342352246461,53.3107028773582
"5047",2038,3984,144.379087,0.0362397306726908,51.1302422385461,54.509531342811
"5047",2039,3988,146.023477,0.0366157163991976,51.7085521255005,55.0145568093625
"5047",2040,3991,151.742011,0.0380210501127537,53.1084213954831,56.7734742327729
"5047",2041,3994,156.167397,0.0391005,54.4019261724331,58.1727187508424
"5047",2042,3996,157.147719,0.039326256006006,55.0428427289885,58.4897753271264
"5047",2043,3998,160.845914,0.0402315942971486,56.3578963986888,59.6886730829679
"5047",2044,3999,162.0446,0.04052128032008,57.1392188456605,60.0828630266587
"5047",2045,3999,168.858042,0.0422250667666917,59.4822275560873,62.362741607492
"5047",2046,3999,171.132304,0.0427937744436109,60.7214150910853,63.1428412836297
"5047",2047,3999,172.489888,0.0431332553138285,61.7441728792635,63.6131525400152
"5047",2048,3997,174.466466,0.0436493535151364,63.0049888169752,64.3026906129461
"5047",2049,3995,175.526764,0.0439366117647059,64.0125281114333,64.6753538820086
"5047",2050,3993,179.804726,0.0450299839719509,66.2065665828894,66.2065665828894
"5049",2026,1150,35.545888,0.030909467826087,21.4661488617115,25.6614886171148
"5049",2027,1154,36.560916,0.0316819029462738,21.7135195745871,26.1892332697244
"5049",2028,1158,39.20773,0.0338581433506045,22.1480672496977,27.5603842839869
"5049",2029,1162,41.434243,0.0356576962134251,22.6500931844657,28.7651443974858
"5049",2030,1166,42.845719,0.0367458996569468,23.1397483102758,29.558993241103
"5049",2031,1171,45.525244,0.0388772365499573,23.904183283368,31.1015070725843
"5049",2032,1174,45.899504,0.0390966814310051,24.3576134153538,31.3311182010887
"5049",2033,1177,47.812654,0.0406224757858963,25.1602281959965,32.4764915751627
"5049",2034,1180,49.981523,0.0423572228813559,26.1270514446936,33.8176286117341
"5049",2035,1182,50.767307,0.0429503443316413,26.826187267199,34.3169994678835
"5049",2036,1184,53.771157,0.0454148285472973,28.2569040131401,36.2776926592423
"5049",2037,1185,55.19845,0.046580970464135,29.3259527231617,37.2457614110472
"5049",2038,1186,56.760751,0.0478589806070826,30.5332926522179,38.3332593676689
"5049",2039,1187,57.658589,0.0485750539174389,31.5578642653865,38.9708327921473
"5049",2040,1187,60.591706,0.0510460876158383,33.5835749289107,41.1337198862572
"5049",2041,1187,62.01065,0.0522414911541702,35.0600597663235,42.2227317227524
"5049",2042,1186,61.779465,0.0520906112984823,35.7337765135362,42.0482521621946
"5049",2043,1185,64.062574,0.0540612438818565,37.860800478239,43.8621023433749
"5049",2044,1184,66.779936,0.056401972972973,40.4725082872069,46.1258171447831
"5049",2045,1183,68.522726,0.0579228453085376,42.6488755922725,47.6447699597201
"5049",2046,1181,68.203819,0.0577509051651143,43.4279196575491,47.3857878324107
"5049",2047,1180,69.588593,0.0589733838983051,45.5197687257191,48.6279084233454
"5049",2048,1177,70.464408,0.0598678062871708,47.3272873680745,49.4619322898102
"5049",2049,1175,72.834448,0.0619867642553191,50.5668423391082,51.7187972354371
"5049",2050,1172,73.680298,0.0628671484641638,52.5891226575564,52.5891226575564
"5052",2026,544,20.415554,0.0375285919117647,10.0387922207591,10.3879222075915
"5052",2027,546,21.910707,0.0401295,10.1424569109968,11.0360502617952
"5052",2028,548,23.255469,0.0424369872262774,10.2886625065259,11.6495000372911
"5052",2029,549,24.336071,0.0443279981785064,10.4596989646604,12.1632892454607
"5052",2030,551,25.51769,0.0463115970961888,10.6871406213832,12.7485624855327
"5052",2031,552,26.068799,0.0472260851449275,10.8710025386601,13.0295740475134
"5052",2032,554,26.761272,0.0483055451263538,11.1014291751711,13.3890128466805
"5052",2033,555,25.869131,0.0466110468468468,11.060472386459,12.9254410660938
"5052",2034,557,26.896662,0.0482884416517056,11.3825938565492,13.456484641373
"5052",2035,558,28.330233,0.0507710268817204,11.851681376595,14.2324145750744
"5052",2036,559,27.04239,0.0483763685152057,11.6771222360196,13.5307836547781
"5052",2037,560,28.326058,0.0505822464285714,12.1651108392839,14.224606515676
"5052",2038,561,29.442838,0.0524827771836007,12.6699635944386,14.8544792626156
"5052",2039,562,28.512234,0.050733512455516,12.5395798716669,14.3226891432628
"5052",2040,562,28.101828,0.0500032526690391,12.5599206710075,14.095873073612
"5052",2041,563,27.762751,0.0493121687388988,12.5898711170852,13.9092394220154
"5052",2042,563,29.270639,0.0519904777975133,13.3235116591683,14.7478737988119
"5052",2043,564,30.023743,0.0532335868794326,13.8210124221516,15.1810337927479
"5052",2044,564,29.562863,0.0524164237588652,13.8070093099282,14.9122700773268
"5052",2045,565,29.460049,0.0521416796460177,13.9400254370593,14.8492620763807
"5052",2046,565,29.647289,0.0524730778761062,14.2136387046584,14.9572220054805
"5052",2047,565,30.531962,0.0540388707964602,14.8617459351692,15.478023588923
"5052",2048,566,30.997877,0.0547665671378092,15.322480083296,15.7540325224821
"5052",2049,566,29.574741,0.0522521925795053,14.7273404543789,14.911522550004
"5052",2050,566,30.039239,0.0530728604240283,15.1814358030957,15.1814358030957
"5053",2026,6923,183.370667,0.0264871684240936,77.7622940042308,84.6229400423077
"5053",2027,6939,192.280363,0.0277100969880386,78.391015776772,87.1164783765236
"5053",2028,6955,202.550026,0.0291229368799425,79.2848158950799,90.0560908290282
"5053",2029,6971,211.413077,0.0303275106871324,80.3302048439234,92.6715522066983
"5053",2030,6988,219.513161,0.0314128736405266,81.5319768084574,95.1279072338297
"5053",2031,7003,229.076541,0.03271120105669,83.0594706288917,98.0764195787539
"5053",2032,7017,239.636742,0.0341508824283882,84.934655361203,101.414324188317
"5053",2033,7030,249.267078,0.0354576213371266,86.985513272854,104.546243511321
"5053",2034,7042,256.824877,0.0364704454700369,89.0276433653324,107.069108413331
"5053",2035,7052,267.862794,0.0379839469653999,91.7996515896604,110.827775062081
"5053",2036,7061,276.311996,0.0391321336921116,94.4750661247058,113.789612894117
"5053",2037,7069,285.254505,0.0403528794737587,97.4996481803107,116.999313522557
"5053",2038,7075,295.948267,0.041830143745583,101.167910696182,120.94165581124
"5053",2039,7080,301.472478,0.0425808584745763,104.0423704652,123.029566749276
"5053",2040,7084,307.108657,0.0433524360530774,107.120547781106,125.192876449769
"5053",2041,7087,313.409376,0.0442231375758431,110.55728452792,127.652504947804
"5053",2042,7089,320.245205,0.0451749478064607,114.36111252903,130.373017898614
"5053",2043,7090,324.170035,0.0457221488011283,117.533318606048,131.960432008201
"5053",2044,7090,327.833565,0.0462388667136812,120.756017421337,133.459377317854
"5053",2045,7089,330.514535,0.0466235766680773,123.773549386361,134.567445398598
"5053",2046,7087,333.796746,0.0470998653873289,127.096806952148,135.937419943703
"5053",2047,7085,336.991899,0.0475641353563867,130.503166819813,137.285258388521
"5053",2048,7081,343.144864,0.0484599440756955,135.201906727221,139.920980245645
"5053",2049,7076,345.327263,0.0488026092425099,138.478178885951,140.873432608781
"5053",2050,7071,348.391912,0.0492705292037901,142.221161554398,142.221161554398
"5054",2026,10040,300.13466,0.029893890438247,130.306195366573,133.06195366573
"5054",2027,10031,312.181014,0.0311216243644701,130.901834374737,136.558795452632
"5054",2028,10023,321.567284,0.0320829376434201,131.635815019805,139.347514398884
"5054",2029,10016,332.415013,0.0331883998602236,132.689418831802,142.656088620243
"5054",2030,10011,346.342648,0.0345962089701329,134.260231765478,147.040927061914
"5054",2031,10006,356.927928,0.0356713899660204,135.882971439162,150.462509353606
"5054",2032,10001,370.351929,0.0370314897510249,138.100808092619,154.925563361906
"5054",2033,9997,380.179403,0.0380293491047314,140.251011156014,158.278651464865
"5054",2034,9993,390.984384,0.039125826478535,142.821299375367,162.053248438417
"5054",2035,9989,402.475563,0.0402918773651016,145.824531443801,166.17035758583
"5054",2036,9986,412.1229,0.0412700680953335,148.862610405112,169.710758747605
"5054",2037,9984,422.090703,0.0422767130408654,152.26904167506,173.451788634262
"5054",2038,9982,430.522343,0.0431298680625125,155.674817604034,176.681486552788
"5054",2039,9979,437.82047,0.0438741827838461,159.096321204226,179.525653113577
"5054",2040,9977,446.045774,0.0447074044301894,162.992978491645,182.788765586632
"5054",2041,9974,450.461061,0.0451635312813315,166.149228088099,184.564872585809
"5054",2042,9972,457.761725,0.0459047056758925,170.27928257585,187.541832251215
"5054",2043,9970,462.352984,0.046374421664995,173.836523774216,189.439354270123
"5054",2044,9967,467.870538,0.0469419622755092,177.853503509702,191.746456141551
"5054",2045,9964,475.65707,0.0477375622240064,182.854414020463,195.051586486724
"5054",2046,9961,479.167915,0.0481043986547535,186.578330718346,196.562742021583
"5054",2047,9957,486.25185,0.048835176257909,191.812317036521,199.647681167911
"5054",2048,9953,492.279736,0.0494604376569878,196.890292130438,202.313829330203
"5054",2049,9948,498.275798,0.0500880375954966,202.192718180946,205.005421486697
"5054",2050,9943,506.400514,0.0509303544201951,208.710062240357,208.710062240357
"5055",2026,5759,185.032103,0.0321292069803785,104.183263127132,105.832631271316
"5055",2027,5739,192.92538,0.0336165499215891,104.680670520544,108.950331058498
"5055",2028,5720,196.620677,0.0343742442307692,105.120547858807,110.403130621752
"5055",2029,5702,204.654257,0.0358916620484041,106.075576066875,113.767416785295
"5055",2030,5684,209.583238,0.036872490851513,106.966503685873,115.866014743493
"5055",2031,5667,216.763668,0.0382501619904711,108.327227940323,119.051227618515
"5055",2032,5649,224.655368,0.0397690508054523,110.070794522795,122.679367762445
"5055",2033,5632,229.108314,0.0406797432528409,111.528907874719,124.769401033708
"5055",2034,5614,235.62119,0.0419702867830424,113.571645093176,127.929112732941
"5055",2035,5597,240.37086,0.0429463748436663,115.502861117424,130.292253982683
"5055",2036,5579,245.336071,0.0439749186234092,117.692473030869,132.826259012356
"5055",2037,5561,252.495671,0.0454047241503327,120.708043041411,136.601059592996
"5055",2038,5543,253.121749,0.0456651179866498,122.114871884077,136.936130698321
"5055",2039,5525,258.666951,0.0468175476923077,125.134433378216,139.973503622495
"5055",2040,5506,263.271209,0.0478153303668725,128.104992918318,142.567988669309
"5055",2041,5488,265.675789,0.0484103114067055,130.474910400815,143.962128906891
"5055",2042,5471,269.740298,0.049303655273259,133.642391064638,146.346272949483
"5055",2043,5453,271.709568,0.0498275386026041,136.114272608389,147.544776418154
"5055",2044,5436,272.549947,0.0501379593451067,138.166837168665,148.086241507955
"5055",2045,5419,276.350699,0.0509966228086363,141.716360165545,150.420135588363
"5055",2046,5402,280.192621,0.0518683119215105,145.507896051933,152.832818884627
"5055",2047,5386,281.506634,0.052266363535091,148.119226725598,153.711804761238
"5055",2048,5369,283.324067,0.0527703607748184,151.104759161427,154.9240639583
"5055",2049,5353,286.883485,0.0535930291425369,155.267733425973,157.265177585427
"5055",2050,5337,287.647301,0.0538968148772719,157.839778424752,157.839778424752
"5056",2026,5300,139.327689,0.0262882432075472,64.6619814372307,106.619814372307
"5056",2027,5344,142.755615,0.0267132513098802,66.6699008009808,108.508369461678
"5056",2028,5387,149.267646,0.0277088631891591,69.0629105322961,111.788060184549
"5056",2029,5429,152.637678,0.0281152473752072,71.403782619331,113.664859385087
"5056",2030,5470,159.786027,0.029211339488117,74.3250836311507,117.300334524603
"5056",2031,5510,168.330994,0.0305500896551724,77.7292544272647,121.666971920921
"5056",2032,5549,171.753574,0.0309521668769148,80.6731819506236,123.609790617303
"5056",2033,5587,179.564623,0.0321397213173438,84.5518832790593,127.729333183612
"5056",2034,5623,184.321606,0.0327799406011026,88.1456219004141,130.364054751035
"5056",2035,5658,188.064066,0.0332386118769883,91.7175689900135,132.497300548602
"5056",2036,5692,195.198039,0.0342934010892481,96.2912015042568,136.402529482646
"5056",2037,5725,199.411865,0.0348317668122271,100.393916310681,138.817397679377
"5056",2038,5756,204.255824,0.035485723419041,104.86819326197,141.578533203582
"5056",2039,5785,209.123778,0.0361493133967156,109.567901996911,144.37089701602
"5056",2040,5813,213.326328,0.0366981469120936,114.262847340372,146.820555744596
"5056",2041,5839,219.136825,0.0375298552834389,119.746216778965,150.182968722966
"5056",2042,5865,221.04337,0.0376885541346974,123.9631460982,151.375922997428
"5056",2043,5889,227.154995,0.0385727619290202,130.034262298308,154.961711590927
"5056",2044,5912,229.684567,0.0388505695196211,134.798740939994,156.514504438702
"5056",2045,5935,234.731776,0.0395504256107835,140.880803186662,159.545603922045
"5056",2046,5957,240.829971,0.0404280629511499,147.752984054731,163.238804770271
"5056",2047,5977,246.098789,0.0411742996486532,154.501426725139,166.480480817058
"5056",2048,5997,251.918424,0.0420074077038519,161.84929590357,170.107346922778
"5056",2049,6016,257.416185,0.042788594581117,169.325835150275,173.585283273013
"5056",2050,6034,264.562657,0.0438453193569771,178.173126650508,178.173126650508
"5057",2026,10449,281.935939,0.0269820977126998,94.3548679595348,115.548679595348
"5057",2027,10492,294.114149,0.0280322292222646,95.6737699810468,118.718327134886
"5057",2028,10534,301.29054,0.0286017220429087,97.0201609488574,120.686633993471
"5057",2029,10573,311.364171,0.0294489899744633,98.672035932027,123.397816150715
"5057",2030,10611,319.111578,0.030073657336726,100.385982511085,125.54393004434
"5057",2031,10647,330.28127,0.0310210641495257,102.524178964702,128.605839877224
"5057",2032,10681,342.519429,0.0320681049527198,105.001116953558,132.003436780178
"5057",2033,10714,350.831415,0.0327451386036961,107.364726608581,134.385452713327
"5057",2034,10744,358.31549,0.0333502876023827,109.822487921245,136.556219803113
"5057",2035,10774,365.438601,0.0339185633005383,112.40901233305,138.649171046971
"5057",2036,10803,376.504277,0.0348518260668333,115.696609424973,141.887598789416
"5057",2037,10831,387.749959,0.0358000146800849,119.282728803131,145.234592786597
"5057",2038,10859,395.170726,0.0363910789207109,122.52695896353,147.503561751873
"5057",2039,10885,402.669093,0.036993026458429,125.966370488344,149.815098703565
"5057",2040,10911,408.471841,0.0374367006690496,129.27278941153,151.636463058447
"5057",2041,10936,418.930522,0.0383074727505486,133.674247911307,154.904525149143
"5057",2042,10959,430.100287,0.0392463077835569,138.514219197417,158.448884567738
"5057",2043,10981,437.190993,0.03981340433476,142.701158226415,160.747333188359
"5057",2044,11002,444.341266,0.0403873173968369,147.093158086423,163.087945917965
"5057",2045,11021,453.873359,0.0411825931403684,152.315489507482,166.234448624594
"5057",2046,11039,460.755483,0.041738878793369,157.061560836461,168.543012748778
"5057",2047,11055,470.874653,0.0425938175486205,162.97452678887,171.971297790276
"5057",2048,11070,477.191064,0.0431066905149051,167.985125464694,174.146081583453
"5057",2049,11084,487.194014,0.0439547107542404,174.417619231604,177.628695305562
"5057",2050,11096,494.632581,0.0445775577685652,180.258577421188,180.258577421188
"5058",2026,4132,137.361072,0.0332432410454985,108.828234990513,125.282349905133
"5058",2027,4131,140.260034,0.0339530462357783,109.778952494215,127.210563594292
"5058",2028,4130,143.801397,0.0348187401937046,110.956636546018,129.609351691533
"5058",2029,4131,147.605751,0.0357312396514161,112.366171485193,132.252571695027
"5058",2030,4132,154.560867,0.0374058245401742,114.554146081059,137.216584324238
"5058",2031,4133,159.068789,0.0384874882651827,116.640919213366,140.533632046491
"5058",2032,4134,161.94105,0.0391729680696662,118.599172575769,142.689761771595
"5058",2033,4134,164.443116,0.0397782089985486,120.626410910536,144.590099063546
"5058",2034,4134,170.40262,0.0412197919690373,123.887576685112,149.21894171278
"5058",2035,4133,176.107216,0.0426100208081297,127.468869878041,153.785988292665
"5058",2036,4131,179.642743,0.0434865027838296,130.600350086105,156.684947549694
"5058",2037,4129,183.405064,0.04441876095907,134.07705081219,159.833269877444
"5058",2038,4126,186.784562,0.045270131362094,137.644540281822,162.717345966949
"5058",2039,4122,190.597791,0.04623915356623,141.685803122941,166.039664890112
"5058",2040,4119,195.525822,0.0474692454479243,146.650435644471,170.440697031154
"5058",2041,4115,197.435717,0.0479795181044958,150.185118446619,172.185084447726
"5058",2042,4112,200.838834,0.0488421288910506,154.834277319027,175.334681884325
"5058",2043,4109,203.940602,0.0496326605013385,159.554773059597,178.260709233352
"5058",2044,4106,208.7565,0.0508418168533853,165.823684696813,182.90152864105
"5058",2045,4103,209.57566,0.0510786400194979,169.332149671133,183.716491902933
"5058",2046,4100,213.331712,0.0520321248780488,175.381315133399,187.448606039293
"5058",2047,4098,216.225936,0.0527637715959004,180.997704499095,190.377695210248
"5058",2048,4095,218.820109,0.0534359240537241,186.600018633237,193.054074198094
"5058",2049,4092,221.216682,0.0540607727272727,192.244437870995,195.565649736099
"5058",2050,4089,223.161454,0.0545760464661286,197.635845623717,197.635845623717
"5059",2026,18286,488.877652,0.0267350788581428,251.993506673928,278.935066739276
"5059",2027,18315,504.676629,0.0275553714987715,253.871914774878,284.432107453658
"5059",2028,18344,523.238953,0.0285237109136502,256.345954642638,290.976883672219
"5059",2029,18372,539.502193,0.0293654579251034,259.164464708465,296.832775098657
"5059",2030,18400,556.296295,0.0302334942934783,262.494968510506,302.979874042025
"5059",2031,18429,577.160922,0.031318081393456,266.749610788101,310.737776654266
"5059",2032,18457,599.991093,0.0325075089667877,271.882412751144,319.407423849674
"5059",2033,18484,621.603144,0.0336292547067734,277.570469423562,327.815088064998
"5059",2034,18511,643.737975,0.0347759696936956,284.050811999657,336.627029999142
"5059",2035,18539,659.617962,0.035580018447597,290.174894969126,343.114045643717
"5059",2036,18567,681.318956,0.0366951557063608,297.977988958721,352.111555702572
"5059",2037,18595,703.508497,0.0378332076902393,306.669179323979,361.525227949228
"5059",2038,18621,723.315668,0.0388440829171366,315.615732277117,370.119513231123
"5059",2039,18644,743.060161,0.0398551899270543,325.291765079924,378.858323540296
"5059",2040,18666,754.754306,0.0404347104896603,333.463074509305,384.140919214889
"5059",2041,18687,772.632839,0.0413460073312998,343.94332042786,392.310672343939
"5059",2042,18705,791.11091,0.0422940876770917,355.33815367267,400.911648103814
"5059",2043,18720,806.18771,0.0430655827991453,366.304551135463,408.057018488763
"5059",2044,18734,818.157768,0.0436723480303192,376.731261409979,413.814530851586
"5059",2045,18745,830.044784,0.0442808633769005,387.614080542867,419.601945283529
"5059",2046,18754,844.435205,0.0450269385197824,400.050046627613,426.705937208956
"5059",2047,18761,855.36685,0.0455928175470391,411.570624782692,432.178168769231
"5059",2048,18765,868.142741,0.0462639350386358,424.434103495602,438.658490265515
"5059",2049,18767,878.79271,0.0468264885170779,436.815786611093,444.133284790746
"5059",2050,18767,890.595487,0.0474553997442319,450.281157485302,450.281157485302
"5060",2026,9428,236.305652,0.0250642397114977,171.522421396938,194.224213969383
"5060",2027,9423,243.595903,0.0258512048179985,172.91729916266,197.489448455707
"5060",2028,9420,248.439271,0.0263735956475584,174.37143492768,199.693913872455
"5060",2029,9417,256.152969,0.0272011223319528,176.283288087366,203.274296881725
"5060",2030,9415,263.946662,0.0280346959107807,178.49204700373,206.968188014922
"5060",2031,9412,270.047341,0.0286918126859329,180.757495156158,209.895635325767
"5060",2032,9410,280.817018,0.0298424036131775,184.013674151714,215.195920466812
"5060",2033,9407,288.756014,0.0306958662697991,187.189668470906,219.178395781809
"5060",2034,9403,299.102103,0.0318092207806019,191.192993799307,224.482484498268
"5060",2035,9400,307.937901,0.0327593511702128,195.302676262059,229.120402884707
"5060",2036,9396,314.790552,0.0335026130268199,199.292769060865,232.774250654452
"5060",2037,9392,325.901432,0.0346998969335605,204.795576979762,238.845028253195
"5060",2038,9387,332.3668,0.0354071375306275,209.390379334325,242.437053335136
"5060",2039,9381,340.626886,0.0363102959172796,214.891283274475,247.11282259485
"5060",2040,9375,349.860358,0.0373184381866667,221.160848868207,252.457358189131
"5060",2041,9367,354.660018,0.0378627114337568,226.147822105144,255.260863554934
"5060",2042,9360,363.798517,0.0388673629273504,233.213534291819,260.733620416884
"5060",2043,9352,370.267028,0.0395922827202737,239.557909801298,264.671742103455
"5060",2044,9343,377.497007,0.0404042606229263,246.617884936905,269.152109596006
"5060",2045,9334,388.373066,0.0416084278980073,255.990015415995,276.064634358148
"5060",2046,9323,393.119129,0.0421665911187386,262.605564288073,279.124193280086
"5060",2047,9312,399.454319,0.0428967266967354,270.42364865134,283.280167494467
"5060",2048,9301,406.351429,0.0436890043006128,278.971783437661,287.888414527201
"5060",2049,9288,413.838451,0.0445562501076658,288.338420248955,292.987969089823
"5060",2050,9274,421.190024,0.0454162199698081,298.09770770187,298.09770770187
"5061",2026,1900,64.286691,0.0338351005263158,31.1735841978109,32.7358419781086
"5061",2027,1889,64.652035,0.0342255346744309,31.2509754530711,32.8252760223351
"5061",2028,1879,64.89814,0.0345386588610963,31.3282579185925,32.8757595348144
"5061",2029,1869,68.015581,0.036391429106474,31.6486270122936,34.0523624107934
"5061",2030,1860,68.706168,0.0369388,31.8240746881866,34.2962987527463
"5061",2031,1850,71.164484,0.0384672886486487,32.2278818686476,35.2708934561656
"5061",2032,1841,73.967644,0.0401779706681152,32.7669145865131,36.4366602661942
"5061",2033,1832,74.171081,0.0404863979257642,32.9951325185823,36.5038138443648
"5061",2034,1823,77.553849,0.0425418809654416,33.7975219150742,37.9938047876855
"5061",2035,1814,78.077936,0.0430418610804851,34.1594887460689,38.2216885624432
"5061",2036,1806,80.829244,0.0447559490586932,35.0403348470948,39.5059680991469
"5061",2037,1797,82.365004,0.0458347267668336,35.7391208417438,40.247065057061
"5061",2038,1789,81.591299,0.0456072101732812,35.878013108208,39.8691147421964
"5061",2039,1781,85.507839,0.0480111392476137,37.363958285595,41.8322694222894
"5061",2040,1772,85.957566,0.0485087844243792,37.9225653763272,42.0761046021234
"5061",2041,1764,86.821699,0.0492186502267574,38.6460211355589,42.5411639782021
"5061",2042,1756,86.860323,0.0494648764236902,39.1037452129681,42.5767788756688
"5061",2043,1748,85.822593,0.0490975932494279,39.1448755115852,42.0438989987595
"5061",2044,1740,86.741281,0.0498513109195402,39.94870782348,42.5467197722323
"5061",2045,1732,87.477673,0.0505067396073903,40.7193196754729,42.9622396005821
"5061",2046,1725,88.193272,0.0511265344927536,41.5164192775869,43.3722579736316
"5061",2047,1718,88.127975,0.05129684225844,41.9671611685066,43.3573646969089
"5061",2048,1710,87.33998,0.0510760116959064,42.0515770960933,42.9476509146954
"5061",2049,1703,89.75686,0.0527051438637698,43.8228637270548,44.3224558203166
"5061",2050,1696,90.187504,0.0531765943396226,44.5975132621897,44.5975132621897
"5501",2026,79105,1338.776797,0.0169240477466658,775.586969190017,888.869691900169
"5501",2027,79458,1402.449417,0.0176501978026127,782.816678402932,907.121297475869
"5501",2028,79801,1473.00966,0.0184585363591935,791.748621430875,927.277836747857
"5501",2029,80133,1544.729013,0.0192770645426978,802.300976352444,947.945771070325
"5501",2030,80456,1625.40778,0.0202024433230586,815.053782928353,971.215131713413
"5501",2031,80767,1692.733793,0.0209582353312615,828.610539777253,991.210573138273
"5501",2032,81065,1767.713496,0.021806124665392,844.40558926226,1013.47873619157
"5501",2033,81351,1846.063687,0.0226925752234146,862.308335881566,1036.95403001811
"5501",2034,81625,1926.296255,0.0235993415620214,882.310084322013,1061.27521080503
"5501",2035,81888,2009.870996,0.0245441456135209,904.711531009549,1086.91207087897
"5501",2036,82140,2077.682837,0.0252944099951303,927.010237407175,1108.2847103309
"5501",2037,82376,2152.139204,0.0261258036806837,952.03716031829,1131.852995743
"5501",2038,82593,2228.558349,0.0269824119356362,979.306348398248,1156.284269815
"5501",2039,82789,2306.29272,0.0278574776842334,1008.81690551582,1181.41175406948
"5501",2040,82966,2380.230834,0.0286892321432876,1039.66259831881,1205.66015731009
"5501",2041,83126,2442.590764,0.029384197050261,1070.05304848487,1226.47629959981
"5501",2042,83269,2507.734228,0.0301160603345783,1102.77934564984,1248.39906521405
"5501",2043,83396,2572.462332,0.0308463515276512,1137.22412268441,1270.4225392331
"5501",2044,83509,2638.234809,0.031592221305488,1173.79269649025,1293.05509224548
"5501",2045,83607,2705.757424,0.032362809621204,1212.77037458591,1316.56353795188
"5501",2046,83692,2759.324695,0.0329699934880275,1249.63395046094,1335.51052995405
"5501",2047,83763,2821.8773,0.0336888280028175,1290.89585269145,1357.81222838473
"5501",2048,83822,2876.785868,0.0343201768986662,1331.55186075908,1377.65066028009
"5501",2049,83869,2930.305426,0.0349390767268001,1373.41559322623,1397.19801893635
"5501",2050,83907,2989.995067,0.0356346319973304,1419.24644441343,1419.24644441343
"5503",2026,24577,629.365406,0.025607901940839,345.227322608292,365.273226082922
"5503",2027,24607,653.32524,0.0265503815987321,347.170612041248,373.331723936348
"5503",2028,24635,679.222528,0.0275714442053988,349.858672258098,382.192412903417
"5503",2029,24664,704.373768,0.0285587807330522,353.197961579248,390.990407431754
"5503",2030,24691,727.723547,0.0294732310153497,357.080315339225,399.3212613569
"5503",2031,24716,758.723971,0.0306976845363327,362.426062669821,410.568913634159
"5503",2032,24738,785.111137,0.0317370497615005,368.147693752787,420.377519239345
"5503",2033,24759,811.277583,0.0327669769780686,374.651305109839,430.313945130589
"5503",2034,24778,836.747909,0.0337697921139721,381.875366020409,440.188415051023
"5503",2035,24795,859.99785,0.0346843254688445,389.543371017615,449.384848040264
"5503",2036,24810,887.754973,0.0357821432083837,398.849457377706,460.577805005697
"5503",2037,24823,910.18846,0.0366671417636869,407.995570277156,469.820624931036
"5503",2038,24833,928.946594,0.0374077475133894,417.074450367951,477.680818850821
"5503",2039,24838,948.220888,0.0381762174088091,426.93643965677,485.870535585992
"5503",2040,24840,967.481888,0.038948546215781,437.489154923918,494.182647878268
"5503",2041,24838,985.106248,0.0396612548514373,448.272241284362,501.901496278283
"5503",2042,24833,1000.646078,0.0402950138122659,459.060349844147,508.800499777353
"5503",2043,24825,1013.790657,0.0408374887009063,469.631646811454,514.703927879937
"5503",2044,24814,1024.864998,0.041301885951479,479.961934729661,519.72507707053
"5503",2045,24800,1039.129929,0.0419004003629032,491.908693428266,526.272238065558
"5503",2046,24783,1049.978765,0.0423668952507767,503.056480199891,531.301741411636
"5503",2047,24765,1061.257618,0.0428531240864123,514.810075800682,536.588817803585
"5503",2048,24743,1073.686368,0.0433935403144324,527.521600362759,542.482811202982
"5503",2049,24720,1084.018251,0.0438518709951456,539.769427664595,547.435769002177
"5503",2050,24695,1091.426452,0.0441962523587771,551.014534970351,551.014534970351
"5510",2026,2890,80.182069,0.0277446605536332,52.3069379349652,55.0693793496524
"5510",2027,2898,83.776465,0.028908373015873,52.6386270143014,56.6445601040104
"5510",2028,2905,88.796044,0.0305666244406196,53.20353652058,58.8773515461712
"5510",2029,2912,92.154795,0.031646564217033,53.7911713800925,60.4290417886707
"5510",2030,2919,96.455644,0.0330440712572799,54.6133255232149,62.4533020928597
"5510",2031,2925,98.485434,0.0336702338461538,55.2901912868946,63.4441436065898
"5510",2032,2930,103.044255,0.0351686877133106,56.4423355636365,65.6687248111892
"5510",2033,2935,107.51991,0.0366337001703577,57.7715224099228,67.9214411308216
"5510",2034,2940,110.329671,0.0375270989795918,58.9515614538261,69.3789036345653
"5510",2035,2944,113.7278,0.0386303668478261,60.3864886147601,71.1691168337374
"5510",2036,2947,117.677523,0.0399312938581608,62.1158999283505,73.2966314281062
"5510",2037,2949,119.537521,0.0405349342149881,63.439306886827,74.320598803565
"5510",2038,2951,123.863142,0.0419732775330396,65.6105461913159,76.7464476205744
"5510",2039,2951,126.792473,0.0429659345984412,67.5275902937098,78.4299409254636
"5510",2040,2951,127.541535,0.0432197678752965,68.7914534504863,78.866325520778
"5510",2041,2949,130.663089,0.0443075920651068,71.0199908315985,80.7094201231676
"5510",2042,2947,133.614466,0.0453391469290804,73.345813637496,82.4940194821371
"5510",2043,2945,134.067514,0.0455237738539898,74.6939143423666,82.7714092777852
"5510",2044,2942,135.837099,0.0461716855880353,76.6965419394456,83.8665057283169
"5510",2045,2938,139.547478,0.0474974397549353,79.799790766608,86.2151270973637
"5510",2046,2934,139.207167,0.0474462055214724,80.9011709866265,86.0013776313253
"5510",2047,2930,140.42816,0.0479276996587031,82.8786445738838,86.7928389564888
"5510",2048,2925,142.144057,0.0485962588034188,85.2262447409374,87.9202645847972
"5510",2049,2920,141.415255,0.0484298818493151,86.1219206030716,87.4513460811133
"5510",2050,2915,143.414504,0.0491988006861063,88.7813602155634,88.7813602155634
"5512",2026,4243,147.359109,0.0347299337732736,80.5268441059812,94.2684410598123
"5512",2027,4251,152.634265,0.0359054963537991,81.4618821992151,96.9045978124732
"5512",2028,4259,160.343601,0.0376481805588166,82.8249230453969,100.856703116553
"5512",2029,4266,167.399044,0.0392402822315987,84.4400315097771,104.600148281304
"5512",2030,4272,174.187557,0.0407742408707865,86.3297751095491,108.319100438196
"5512",2031,4277,176.696005,0.0413130710778583,87.8350897425472,109.730746930599
"5512",2032,4282,181.716762,0.0424373568425969,89.9175190240041,112.592366227705
"5512",2033,4286,188.617527,0.0440078224451703,92.6421501104466,116.633517546059
"5512",2034,4289,197.113853,0.0459579979016088,96.1192813198847,121.798203299712
"5512",2035,4291,200.275078,0.0466732878116989,98.5891731146806,123.775252833556
"5512",2036,4294,203.360735,0.0473592768979972,101.198227222805,125.733109942748
"5512",2037,4295,207.290856,0.0482632959254948,104.25205990075,128.272312001464
"5512",2038,4296,213.531884,0.0497048147113594,108.375170083308,132.409400151469
"5512",2039,4296,220.320739,0.0512850882216015,113.112127082281,137.06319503367
"5512",2040,4295,220.602498,0.0513626305005821,115.414847799271,137.263756478833
"5512",2041,4293,223.133666,0.0519761625902632,118.784622568973,139.052260481469
"5512",2042,4290,225.266348,0.0525096382284382,122.109482711494,140.584975302134
"5512",2043,4287,227.71174,0.0531168042920457,125.730692938794,142.363651442432
"5512",2044,4284,231.152137,0.0539570814659197,130.073463735315,144.901243529438
"5512",2045,4280,233.751351,0.054614801635514,134.138129289634,146.862312971857
"5512",2046,4275,233.644289,0.0546536348538012,136.643020187902,146.81531786812
"5512",2047,4271,235.497517,0.0551387302739405,140.451887177915,148.241563017369
"5512",2048,4266,236.893876,0.0555306788560713,144.066411409397,149.342066388537
"5512",2049,4261,240.380965,0.0564142137995776,149.335593824497,152.075941635841
"5512",2050,4255,241.517966,0.0567609790834313,153.017286528532,153.017286528532
"5514",2026,1348,58.639058,0.0435007848664688,27.3065194545402,39.0651945454018
"5514",2027,1349,60.394755,0.0447700185322461,27.9516756988143,40.194005082286
"5514",2028,1350,61.570501,0.0456077785185185,28.6192589884635,40.9671942197912
"5514",2029,1352,63.252865,0.0467846634615385,29.420623525169,42.0970518831482
"5514",2030,1353,64.129848,0.0473982616407982,30.1742624505916,42.6970498023665
"5514",2031,1354,67.574204,0.0499070930576071,31.5019822346483,45.1373295118203
"5514",2032,1354,66.811426,0.049343741506647,32.0400921933147,44.5848990563529
"5514",2033,1354,69.346409,0.0512159593796159,33.4121798683971,46.4473927404057
"5514",2034,1354,71.564153,0.0528538796159527,34.8562015749005,48.1405039372512
"5514",2035,1354,73.504948,0.054287258493353,36.3568253338146,49.6727436201478
"5514",2036,1354,75.83774,0.0560101477104874,38.1500904097642,51.5791377047667
"5514",2037,1353,77.096694,0.0569820354767184,39.6569613231645,52.6477294110526
"5514",2038,1352,77.462174,0.0572945073964497,40.833162035886,52.9693855197927
"5514",2039,1351,79.55047,0.0588826572908956,42.9199881367753,54.7999798072771
"5514",2040,1349,80.641632,0.0597788228317272,44.625833660308,55.8013338564928
"5514",2041,1347,81.602943,0.0605812494432071,46.3417649044676,56.7045507991964
"5514",2042,1345,82.42388,0.0612816951672862,48.0457656961512,57.4939509945017
"5514",2043,1343,82.438001,0.0613834705882353,49.2580347999973,57.5363183728776
"5514",2044,1341,85.296097,0.063606336316182,52.5910968618326,60.3110927249453
"5514",2045,1338,85.800129,0.0641256569506726,54.3263299904189,60.8631753728233
"5514",2046,1336,86.97109,0.065098121257485,56.6661960271761,62.0778776790307
"5514",2047,1333,88.511714,0.0664003855963991,59.4826972159639,63.7269827785509
"5514",2048,1330,87.496435,0.0657867932330827,59.9812006294791,62.7364331129504
"5514",2049,1327,88.601634,0.0667683752825923,62.529287724148,63.9525067263876
"5514",2050,1324,90.036327,0.0680032681268882,65.5537982583284,65.5537982583284
"5516",2026,1095,37.919171,0.0346293799086758,17.2492463309105,19.4924633091045
"5516",2027,1096,40.551468,0.0369995145985401,17.4878112072812,20.5477178711363
"5516",2028,1098,40.081842,0.0365044098360656,17.5886352287279,20.3636298784454
"5516",2029,1100,41.026916,0.0372971963636364,17.7984348780962,20.7573406028056
"5516",2030,1102,42.494536,0.0385612849364791,18.0944254059134,21.3777016236537
"5516",2031,1104,44.340212,0.0401632355072464,18.4891731873816,22.1797328256753
"5516",2032,1107,45.013252,0.0406623775971093,18.7822965341627,22.4839893358852
"5516",2033,1109,46.279592,0.0417309215509468,19.1956340166432,23.0569214252227
"5516",2034,1111,45.561677,0.0410096102610261,19.2948635733885,22.7371589334711
"5516",2035,1113,47.495659,0.0426735480682839,19.897051764802,23.6218326052617
"5516",2036,1115,47.809265,0.042878264573991,20.2159462091079,23.7704130718062
"5516",2037,1117,50.278629,0.0450122014324082,21.0744520799103,24.950150399825
"5516",2038,1119,51.381255,0.0459171179624665,21.6717890105764,25.4941618374116
"5516",2039,1121,53.633655,0.0478444736842105,22.6627445834321,26.6387141845654
"5516",2040,1123,53.855047,0.0479564087266251,23.0947605610646,26.7516168977033
"5516",2041,1125,54.694091,0.0486169697777778,23.7502324736674,27.1890301489319
"5516",2042,1126,56.288365,0.0499896669626998,24.7294924427868,28.042132061124
"5516",2043,1128,59.271332,0.0525455070921986,26.3707232473325,29.7060654201119
"5516",2044,1129,60.155027,0.053281689105403,27.2414192523755,30.2147345191942
"5516",2045,1130,60.925302,0.053916196460177,28.1018884643517,30.663862725356
"5516",2046,1130,62.589259,0.0553887247787611,29.4668950975073,31.6669354088322
"5516",2047,1131,63.247598,0.0559218373121132,30.3714953216016,32.0664736018046
"5516",2048,1131,64.009773,0.0565957320954907,31.3766589073939,32.5423339539394
"5516",2049,1131,65.176664,0.057627465959328,32.6739222841906,33.2845945809773
"5516",2050,1131,67.045746,0.0592800583554377,34.5089583664027,34.5089583664027
"5518",2026,961,35.29969,0.0367322476586889,17.9614496307962,17.6144963079623
"5518",2027,957,35.935703,0.037550368861024,17.9804333994319,17.8576974504138
"5518",2028,953,37.320049,0.0391605970619098,18.0735237535599,18.4201357346278
"5518",2029,949,38.682383,0.0407612044257113,18.2116411313594,18.9959582652207
"5518",2030,945,38.521889,0.0407639037037037,18.2292517867842,18.9170071471367
"5518",2031,941,38.189262,0.0405837003188098,18.2193281796832,18.7628806249849
"5518",2032,937,40.555798,0.0432826019210246,18.5910158106118,19.8185101864978
"5518",2033,934,41.571914,0.0445095438972163,18.83087001664,20.2920552183174
"5518",2034,931,42.186244,0.0453128292158969,19.0340722150869,20.5851805377174
"5518",2035,928,42.268946,0.0455484331896552,19.148347760105,20.62479488024
"5518",2036,926,44.04643,0.0475663390928726,19.666517263802,21.508457397478
"5518",2037,924,46.231499,0.0500340898268398,20.3839048418076,22.6515216425514
"5518",2038,922,45.609405,0.0494679013015184,20.3784632653658,22.3244786643015
"5518",2039,921,45.25796,0.0491400217155266,20.4328416629155,22.1410070858136
"5518",2040,920,46.30215,0.0503284239130435,20.9368984821036,22.6990375713657
"5518",2041,918,47.737497,0.0520016307189542,21.6394026821526,23.4934380107964
"5518",2042,917,48.85753,0.0532797491821156,22.2929248695192,24.1327498135988
"5518",2043,916,49.90839,0.0544851419213974,22.9781635603836,24.7500522852659
"5518",2044,915,50.789364,0.0555075016393443,23.643364859879,25.2817611095213
"5518",2045,914,52.127706,0.0570325010940919,24.5895143321764,26.1101714857556
"5518",2046,913,51.910498,0.0568570624315444,24.784508450544,25.9817746476988
"5518",2047,911,53.27556,0.0584803073545554,25.8643685134289,26.8612602968213
"5518",2048,910,54.503628,0.0598940967032967,26.9483916952526,27.6739369678407
"5518",2049,908,54.471697,0.0599908557268722,27.3088963710985,27.6715806452972
"5518",2050,907,56.109895,0.0618631697905182,28.7958479665939,28.7958479665939
"5520",2026,4225,102.392348,0.0242348752662722,50.6495138796055,56.4951387960547
"5520",2027,4242,108.865798,0.025663790193305,51.1717937066392,58.5221360482851
"5520",2028,4257,113.537331,0.0266707378435518,51.7563163792286,60.0360935955921
"5520",2029,4272,115.17955,0.0269615051498127,52.259254645397,60.6317865665741
"5520",2030,4286,119.745821,0.0279388289780681,53.0360045213632,62.1440180854529
"5520",2031,4299,123.314543,0.0286844715050012,53.8400797328422,63.3567990707553
"5520",2032,4311,127.856816,0.0296582732544653,54.8426804112002,64.9005551113851
"5520",2033,4321,132.175948,0.0305892034251331,55.9407986371594,66.3884100335431
"5520",2034,4331,133.523666,0.0308297543292542,56.7571468241891,66.8928670604728
"5520",2035,4340,138.294294,0.0318650447004608,58.1226856996602,68.5661387420805
"5520",2036,4348,141.203067,0.0324754063937443,59.3172031947858,69.6151646206016
"5520",2037,4354,142.084597,0.0326331182820395,60.2253848400729,69.9519704196544
"5520",2038,4359,145.189508,0.0333079853177334,61.5901926692463,71.0730775804478
"5520",2039,4363,146.767101,0.0336390330048132,62.7222838950302,71.6549513106897
"5520",2040,4366,147.799853,0.0338524628950985,63.7747072793691,72.0395316469906
"5520",2041,4368,150.414467,0.034435546474359,65.2355306129743,72.9970273403386
"5520",2042,4369,152.064573,0.0348053497367819,66.52444095492,73.6063442213143
"5520",2043,4370,152.438774,0.0348830146453089,67.5143617694375,73.748287145
"5520",2044,4371,151.854407,0.0347413422557767,68.241235162459,73.5370776289794
"5520",2045,4371,151.565824,0.0346753200640586,69.037708790875,73.4310262041539
"5520",2046,4372,155.47094,0.0355605992680695,71.1505416615453,74.8829901900533
"5520",2047,4373,155.610858,0.0355844632975074,72.1335397483348,74.9391997164336
"5520",2048,4374,157.120112,0.0359213790580704,73.5971246048113,75.5104049781743
"5520",2049,4375,158.072934,0.0361309563428571,74.9041758174795,75.8744683817969
"5520",2050,4377,158.567038,0.0362273333333333,76.0692417909068,76.0692417909068
"5522",2026,2181,64.919773,0.0297660582301696,24.2326007148027,26.3260071480269
"5522",2027,2187,67.104168,0.0306832043895748,24.4032886771134,26.9330085608244
"5522",2028,2192,71.841819,0.0327745524635037,24.7450252017578,28.2572868671874
"5522",2029,2196,72.781229,0.0331426361566484,24.9642279135833,28.5375431227448
"5522",2030,2199,77.338651,0.0351699185993633,25.4678418568088,29.8713674272353
"5522",2031,2202,80.488306,0.0365523642143506,25.9635771441184,30.8298335447597
"5522",2032,2204,83.578748,0.0379213920145191,26.5334520290354,31.7952370124167
"5522",2033,2205,87.232455,0.0395612040816327,27.251827948426,32.9705598577269
"5522",2034,2206,88.992989,0.0403413368087035,27.8211358575316,33.5528396438289
"5522",2035,2206,90.259674,0.0409155367180417,28.3647770178542,33.9766331836668
"5522",2036,2205,95.061873,0.0431119605442177,29.5249883592367,35.6315544404984
"5522",2037,2205,95.280109,0.0432109337868481,30.0007219583136,35.7087257723192
"5522",2038,2204,99.056244,0.0449438493647913,31.1887758487565,37.0705015431937
"5522",2039,2202,98.060994,0.0445326948228883,31.4644724411526,36.7054850062172
"5522",2040,2201,102.201953,0.0464343266696956,32.9037754887144,38.2460407819431
"5522",2041,2199,103.875493,0.0472376048203729,33.8634088281663,38.8881642689303
"5522",2042,2196,104.482481,0.0475785432604736,34.5879309844247,39.1256156920353
"5522",2043,2194,106.629093,0.0486003158614403,35.7800017790887,39.9728837682559
"5522",2044,2191,107.430582,0.0490326709265176,36.6303908956216,40.2972785749956
"5522",2045,2189,107.707767,0.0492040963910461,37.3344591588915,40.4116420417127
"5522",2046,2186,110.448964,0.0505256010978957,38.9081756792292,41.5390302108579
"5522",2047,2183,111.798605,0.0512132867613376,40.0728922776798,42.1103011579491
"5522",2048,2180,113.598655,0.0521094747706422,41.4680299511483,42.8843567039441
"5522",2049,2176,111.639136,0.05130475,41.3820530930062,42.0592759407857
"5522",2050,2173,115.71971,0.0532534330418776,43.829053083112,43.829053083112
"5524",2026,6729,179.381143,0.0266579198989449,99.5107820451933,104.107820451933
"5524",2027,6754,185.318955,0.0274384002072846,100.002739127814,106.292648202283
"5524",2028,6778,190.385073,0.0280886799940986,100.609554644434,108.197455111049
"5524",2029,6801,198.596594,0.0292010871930598,101.60033092308,111.236851402729
"5524",2030,6824,203.730489,0.0298549954572098,102.55496982302,113.219879292079
"5524",2031,6848,211.114504,0.030828636682243,103.905359814522,116.06212109399
"5524",2032,6870,218.984697,0.0318755017467249,105.542300458486,119.13015525688
"5524",2033,6893,223.776584,0.0324643238067605,107.003061110229,121.077409959253
"5524",2034,6914,232.150137,0.0335768205091119,109.174337823797,124.435844559492
"5524",2035,6934,240.086802,0.0346245748485723,111.550554757027,127.686982301777
"5524",2036,6952,248.692955,0.0357728646432681,114.329418703931,131.272460429328
"5524",2037,6969,255.921933,0.036722906155833,117.119363901315,134.35485639281
"5524",2038,6983,261.255437,0.0374130655878562,119.719132202981,136.671149459966
"5524",2039,6996,267.49815,0.0382358704974271,122.741219034845,139.410585591226
"5524",2040,7007,273.641769,0.0390526286570572,125.965670465126,142.145072744202
"5524",2041,7015,280.88731,0.0400409565217391,129.750085552241,145.415223475081
"5524",2042,7022,286.017891,0.0407316848476218,133.142347068513,147.774781526447
"5524",2043,7026,292.391638,0.0416156615428409,137.161066837169,150.743819440229
"5524",2044,7029,296.817137,0.042227505619576,140.724994103893,152.838702069539
"5524",2045,7031,298.207664,0.0424132646849666,143.284691829271,153.504236097565
"5524",2046,7031,304.393389,0.0432930435215474,147.862148191585,156.484880225394
"5524",2047,7031,306.026948,0.0435253801735173,150.724954764201,157.281639170931
"5524",2048,7030,310.037141,0.0441020115220484,154.734965959466,159.254017253477
"5524",2049,7029,312.914207,0.0445175995162897,158.371308619976,160.684476488287
"5524",2050,7027,316.73012,0.045073305820407,162.601979008111,162.601979008111
"5526",2026,3397,92.769066,0.027309115690315,30.4219094992845,34.2190949928454
"5526",2027,3394,97.66366,0.0287753859752504,30.7290838419788,35.3024279416642
"5526",2028,3392,100.731182,0.0296966928066038,31.0498888164802,35.9993646656013
"5526",2029,3391,104.059604,0.0306869961663226,31.4399639299133,36.7763008466509
"5526",2030,3390,108.020617,0.0318644887905605,31.9310113648752,37.7240454595009
"5526",2031,3389,111.723844,0.0329666107996459,32.4818465011523,38.6325095692253
"5526",2032,3387,115.476731,0.0340941042220254,33.1112612203847,39.5731114473374
"5526",2033,3386,120.223427,0.0355060327820437,33.9155337856909,40.8014725122509
"5526",2034,3386,123.24078,0.0363971588895452,34.6416187563093,41.6040468907732
"5526",2035,3385,128.755462,0.0380370641063515,35.7355124910943,43.109742836787
"5526",2036,3385,132.485046,0.0391388614475628,36.7262934642667,44.1606178195087
"5526",2037,3384,135.789122,0.0401268091016548,37.7445613217892,45.1113391644667
"5526",2038,3383,139.200289,0.0411469964528525,38.8632563842647,46.115011607754
"5526",2039,3381,141.804194,0.0419414948240166,39.925899908958,46.8951487812052
"5526",2040,3379,145.294207,0.04299917342409,41.2272529017487,47.9636046427979
"5526",2041,3376,148.352202,0.0439431877962085,42.5346072739744,48.9201619229801
"5526",2042,3373,150.865659,0.0447274411503113,43.8052688459481,49.7218126370687
"5526",2043,3370,155.12843,0.046032175074184,45.5721733181528,51.1148112788513
"5526",2044,3366,157.097291,0.0466718036244801,46.8740598775588,51.7729804871726
"5526",2045,3362,159.498412,0.0474415264723379,48.3534713098468,52.5888877659653
"5526",2046,3357,161.492641,0.0481062380101281,49.7873448498187,53.2792292350808
"5526",2047,3352,164.845997,0.0491784000596659,51.709511677608,54.4614216085724
"5526",2048,3346,166.862359,0.0498692047220562,53.3017529322035,55.1910842510308
"5526",2049,3340,170.232474,0.0509678065868263,55.4399729081182,56.4311406837592
"5526",2050,3333,171.759293,0.0515329411941194,57.0128401565763,57.0128401565763
"5528",2026,1038,37.968917,0.0365789181117534,22.4184804585454,26.1848045854543
"5528",2027,1037,39.65948,0.0382444358727097,22.7053082595,27.1295146145456
"5528",2028,1037,41.203509,0.0397333741562199,23.0547291711017,28.0270238348671
"5528",2029,1036,42.76061,0.0412747200772201,23.4788853039579,28.9594602539194
"5528",2030,1035,44.826179,0.0433103178743961,24.0619819441312,30.2479277765248
"5528",2031,1035,47.504561,0.0458981265700483,24.8773841302062,32.0082926268041
"5528",2032,1034,49.420682,0.0477956305609284,25.682773448451,33.3316106106186
"5528",2033,1033,49.854892,0.0482622381413359,26.2197737076534,33.6407550555957
"5528",2034,1032,49.789866,0.0482459941860465,26.6385030110969,33.5962575277423
"5528",2035,1031,51.65238,0.0500993016488846,27.6662136838507,34.9513455630873
"5528",2036,1030,54.426172,0.0528409436893204,29.1601614953058,37.0740242006437
"5528",2037,1028,56.471107,0.054932983463035,30.5758852995822,38.733434730892
"5528",2038,1027,56.895296,0.0553995092502434,31.4008141203857,39.0923893097922
"5528",2039,1025,55.149469,0.05380436,31.2115662064022,37.6792616279186
"5528",2040,1023,58.590167,0.0572728905180841,33.604906879485,40.567851007176
"5528",2041,1021,59.376516,0.0581552556317336,34.7710474409183,41.2770527410087
"5528",2042,1019,60.41952,0.0592929538763494,36.1634891582918,42.2335559404169
"5528",2043,1016,61.94868,0.0609731102362205,37.9923229358093,43.6845056756737
"5528",2044,1014,60.958006,0.0601163767258383,38.1119556937056,42.7896202499428
"5528",2045,1011,62.136328,0.0614602650840752,39.8221017457683,43.9348944563302
"5528",2046,1008,63.383553,0.0628805089285714,41.7079131527356,45.1857801796889
"5528",2047,1005,62.517074,0.0622060437810945,41.8728721869285,44.3919686613279
"5528",2048,1002,64.953994,0.0648243453093812,45.001502810076,46.8664895244065
"5528",2049,999,63.796994,0.0638608548548548,44.8616437235985,45.752357115427
"5528",2050,996,64.411572,0.0646702530120482,46.4291993720846,46.4291993720846
"5530",2026,14467,387.419911,0.0267795611391443,279.200609829658,308.006098296577
"5530",2027,14452,396.936599,0.0274658593274287,280.996396495586,312.337429058809
"5530",2028,14438,412.294963,0.0285562379138385,283.62325881615,319.561478949431
"5530",2029,14425,418.9655,0.0290444020797227,285.923519038051,322.698913120242
"5530",2030,14413,432.997862,0.0300421745646292,289.385018580432,329.540074321727
"5530",2031,14402,449.103415,0.0311834061241494,293.711852126458,337.606442178985
"5530",2032,14392,458.987595,0.0318918562395775,297.657114670493,342.637275909208
"5530",2033,14383,477.697961,0.0332126789265105,303.714422005586,352.453577946444
"5530",2034,14375,486.718369,0.0338586691478261,308.506793958746,357.266984896864
"5530",2035,14369,499.468415,0.0347601374486742,314.59834438822,364.224787173075
"5530",2036,14363,514.692543,0.0358346127549955,321.944343334412,372.724933335604
"5530",2037,14358,523.515649,0.0364615997353392,328.140164332685,377.736906014995
"5530",2038,14353,541.497684,0.037727143036299,337.708438574493,388.197161044532
"5530",2039,14346,549.357427,0.0382934216506343,344.643848167337,392.840592625254
"5530",2040,14339,557.984766,0.0389137852011995,352.256088542496,398.009741667993
"5530",2041,14330,569.052601,0.0397105792742498,361.295878966142,404.748496552667
"5530",2042,14320,579.5666,0.0404725279329609,370.681349562628,411.259070803754
"5530",2043,14309,591.348369,0.0413270227828639,381.234696597928,418.691114031089
"5530",2044,14296,597.055268,0.0417637988248461,389.40086604193,422.32369811862
"5530",2045,14282,603.487223,0.0422550919339028,398.253248697112,426.465536857984
"5530",2046,14268,615.126106,0.0431122866554528,410.389967037381,434.105843573389
"5530",2047,14252,620.197524,0.0435165256806062,419.302512506076,437.467619725156
"5530",2048,14235,631.334671,0.044350872567615,432.313889297223,444.98798842943
"5530",2049,14218,635.639246,0.0447066567731045,441.479396437255,447.926645649096
"5530",2050,14199,645.02386,0.0454274146066624,454.431604644911,454.431604644911
"5532",2026,5527,164.299879,0.0297267738375249,110.79062589287,117.906258928695
"5532",2027,5527,169.608638,0.0306872874977384,111.431099052352,120.407993108018
"5532",2028,5526,175.778903,0.0318094287006877,112.34074468165,123.375683895142
"5532",2029,5526,178.031421,0.0322170504885993,113.076980216142,124.479906899492
"5532",2030,5527,182.985179,0.0331075047946445,114.237390109537,126.949560438147
"5532",2031,5528,184.092264,0.0333017843704776,115.034959206685,127.512901588471
"5532",2032,5529,191.267556,0.0345935170916983,116.886237199535,131.188422152417
"5532",2033,5531,197.723051,0.0357481560296511,118.914002449383,134.590351584505
"5532",2034,5534,199.548116,0.0360585681243224,120.232079166366,135.580197915915
"5532",2035,5538,204.500757,0.0369268250270856,122.371570174114,138.27787468369
"5532",2036,5542,208.046218,0.0375399166365933,124.366244693638,140.244725670817
"5532",2037,5546,214.248405,0.0386311584926073,127.288653158199,143.733957381852
"5532",2038,5551,216.833324,0.0390620291839308,129.373704185349,145.224916700635
"5532",2039,5556,219.411107,0.0394908399928006,131.575711901161,146.724616001976
"5532",2040,5561,223.873428,0.0402577644308578,134.587101838367,149.339362941387
"5532",2041,5565,226.021742,0.0406148682839173,136.909376892207,150.617927384463
"5532",2042,5569,232.077641,0.0416731264140779,140.977466527171,154.253523610245
"5532",2043,5573,234.233021,0.0420299696752198,143.610171322473,155.573113657591
"5532",2044,5576,236.817957,0.0424709392037303,146.55250796869,157.164526411213
"5532",2045,5579,240.647224,0.0431344728445958,150.256524240723,159.546491373197
"5532",2046,5581,245.516936,0.0439915671026698,154.728791145509,162.62210723001
"5532",2047,5583,249.224974,0.044639973849185,158.814784266161,165.002573821026
"5532",2048,5584,254.675681,0.0456081090616046,164.169719599535,168.561859026524
"5532",2049,5584,258.340322,0.0462643843123209,168.710009843611,170.997412824531
"5532",2050,5585,264.759302,0.0474054256042972,175.3474970771,175.3474970771
"5534",2026,2249,81.540431,0.0362563054690974,53.145463629387,72.4546362938701
"5534",2027,2266,86.252453,0.0380637480141218,54.4298428759338,75.9443118249734
"5534",2028,2282,87.673794,0.0384197169149869,55.5636460595353,77.0779774830587
"5534",2029,2298,88.818231,0.0386502310704961,56.7397303504334,78.0104957667456
"5534",2030,2313,93.797522,0.0405523225248595,58.7133064019001,81.8532256076005
"5534",2031,2327,96.651687,0.0415348891276321,60.5267393361766,84.1364846475709
"5534",2032,2341,98.754595,0.0421847906877403,62.3274586856153,85.8537190326625
"5534",2033,2354,103.38104,0.0439171792693288,65.015113076677,89.662380901178
"5534",2034,2367,105.37864,0.0445199155048585,67.1413023929283,91.3532559823207
"5534",2035,2379,108.671602,0.0456795300546448,69.8884146960002,94.1735193051433
"5534",2036,2391,112.294926,0.0469656737766625,73.0149452136549,97.3472530813788
"5534",2037,2402,114.779935,0.0477851519567027,75.8883868740437,99.5627060956951
"5534",2038,2412,117.967641,0.0489086405472637,79.3045923240795,102.46289513469
"5534",2039,2421,120.719164,0.0498633473771169,82.7332590625569,105.01405797882
"5534",2040,2429,121.174036,0.0498863878139152,85.0088415027299,105.414146404368
"5534",2041,2437,123.05919,0.0504961797291752,88.2195940683523,107.180519348456
"5534",2042,2443,123.875437,0.0507062779369628,90.8572883430113,107.938983347159
"5534",2043,2449,127.417625,0.0520284299714169,95.5279865287129,111.37693088639
"5534",2044,2455,128.800029,0.0524643702647658,98.8320939746841,112.718830935076
"5534",2045,2460,129.747676,0.0527429577235772,101.893635042189,113.638320051925
"5534",2046,2464,130.710646,0.0530481517857143,105.047235483835,114.584982922158
"5534",2047,2468,131.784688,0.0533973614262561,108.377271101844,115.650446311937
"5534",2048,2472,135.980888,0.0550084498381877,114.815785670691,119.99003856291
"5534",2049,2475,136.216955,0.0550371535353535,117.615644258792,120.211058970174
"5534",2050,2478,137.515465,0.0554945379338176,121.566136792212,121.566136792212
"5536",2026,2641,103.954114,0.0393616486179477,77.6874502699192,83.8745026991917
"5536",2027,2626,108.149882,0.0411842658035034,78.345830115002,86.7878553818327
"5536",2028,2613,109.167235,0.0417785055491772,78.8352752298403,87.4872870276589
"5536",2029,2600,110.582715,0.0425318134615385,79.4431873149855,88.4973520705199
"5536",2030,2588,115.594385,0.0446655274343122,80.8236991936243,92.294796774497
"5536",2031,2576,121.147126,0.0470291638198758,82.6747033953167,96.7380987663188
"5536",2032,2565,123.26432,0.0480562651072125,83.9914381628113,98.5121174240349
"5536",2033,2554,124.349402,0.0486880978856695,85.1395010866008,99.4537961009676
"5536",2034,2544,128.999917,0.0507075145440252,87.6141285376661,103.535321344165
"5536",2035,2533,130.048028,0.0513415033557047,89.0427242454731,104.526226846796
"5536",2036,2523,134.180278,0.0531828291716211,91.9100606639429,108.389601397775
"5536",2037,2513,136.7028,0.0543982491046558,94.3566968330474,110.866725527897
"5536",2038,2503,136.724369,0.0546241985617259,95.6847655211371,110.972300947522
"5536",2039,2492,139.160399,0.055842856741573,98.4245638873369,113.467342786956
"5536",2040,2482,140.920294,0.056776911361805,100.964483706838,115.34317393094
"5536",2041,2472,143.404293,0.0580114453883495,104.176253448641,118.020759922477
"5536",2042,2462,143.745364,0.0583856068237205,106.056049295036,118.508641850051
"5536",2043,2451,143.396378,0.0585052541819665,107.449989342302,118.288121142104
"5536",2044,2441,144.676125,0.0592692031954117,110.161703832074,119.789295267193
"5536",2045,2431,146.353611,0.0602030485396956,113.366551769654,121.758832947266
"5536",2046,2422,146.581035,0.0605206585466556,115.380215182913,122.153194332839
"5536",2047,2412,147.059739,0.0609700410447761,117.691614289542,122.849706241738
"5536",2048,2403,147.054892,0.0611963761964211,119.548467177581,122.998342894682
"5536",2049,2394,147.872244,0.0617678546365915,122.312595799164,124.078021609522
"5536",2050,2385,147.233082,0.061732948427673,123.517280693305,123.517280693305
"5538",2026,1865,56.557706,0.0303258477211796,21.1854611450108,22.8546114501077
"5538",2027,1873,58.525468,0.0312469129738388,21.3326747748396,23.4194529079246
"5538",2028,1880,62.409811,0.0331967079787234,21.6178417883209,24.5305245046908
"5538",2029,1887,66.004897,0.0349787477477478,21.9774797524604,25.5999047174605
"5538",2030,1893,70.726408,0.0373620750132066,22.5136752342755,27.0547009371019
"5538",2031,1899,72.997553,0.0384399963138494,22.9514183616582,27.7875421275069
"5538",2032,1905,75.085795,0.0394151154855643,23.4296633037824,28.4758870885612
"5538",2033,1911,80.419443,0.042082387755102,24.364211106928,30.2805823639392
"5538",2034,1917,82.997026,0.043295266562337,25.0767042411534,31.1917606028835
"5538",2035,1922,86.241184,0.0448705431841831,25.9738224912607,32.3687371228816
"5538",2036,1926,90.519444,0.0469986728971963,27.1658079083684,33.9806482281439
"5538",2037,1930,91.708527,0.0475173715025907,27.8877444355424,34.4395013376438
"5538",2038,1933,95.607214,0.0494605349198138,29.2443456732328,35.9897194058778
"5538",2039,1935,96.568113,0.0499060015503876,30.0354466507283,36.3794836608141
"5538",2040,1937,99.601848,0.0514206752710377,31.4018873616205,37.6430197785928
"5538",2041,1938,101.15785,0.0521970330237358,32.46592690914,38.3070594854944
"5538",2042,1938,102.549773,0.0529152595459236,33.539253802069,38.9132197172414
"5538",2043,1937,102.094289,0.0527074284976768,34.066176405464,38.7168493633411
"5538",2044,1936,102.627885,0.053010271177686,34.9142569810252,38.9538799755163
"5538",2045,1935,103.756669,0.0536210175710594,35.9963334515164,39.4570257864818
"5538",2046,1933,103.246516,0.0534125794102431,36.5015012108307,39.2370602480361
"5538",2047,1932,103.282012,0.0534585983436853,37.2024050969955,39.2562310952062
"5538",2048,1930,104.315161,0.0540493062176166,38.3208499097092,39.7252431456315
"5538",2049,1929,104.527285,0.0541872913426646,39.1186771864541,39.8245996742381
"5538",2050,1928,105.292706,0.0546123993775934,40.1755568518909,40.1755568518909
"5540",2026,1995,75.346923,0.0377678812030075,32.3445196532176,35.4451965321762
"5540",2027,1992,78.468541,0.0393918378514056,32.6422369646902,36.6708142886562
"5540",2028,1989,81.822525,0.0411375188536953,33.0569661706742,38.0398066895667
"5540",2029,1985,80.742997,0.0406765727959698,33.1863264375197,37.5827126471516
"5540",2030,1981,83.886518,0.0423455416456335,33.7251462803072,38.9005851212289
"5540",2031,1977,83.821845,0.0423985053110774,33.9742652776277,38.8670096613139
"5540",2032,1973,88.241076,0.0447243162696401,34.8636960102741,40.811372339305
"5540",2033,1969,90.894706,0.0461628776028441,35.6357751783609,42.0297246299611
"5540",2034,1965,91.767325,0.0467009287531807,36.1762304941259,42.4405762353149
"5540",2035,1960,92.616134,0.0472531295918367,36.7454151050815,42.8466630973292
"5540",2036,1957,94.376566,0.048225123147675,37.5573930510398,43.6997748442942
"5540",2037,1953,95.936131,0.0491224429083461,38.393080548721,44.4743035096996
"5540",2038,1949,97.246336,0.0498955033350436,39.2267771819666,45.1395948763029
"5540",2039,1945,99.088633,0.050945312596401,40.2794265864697,46.0926409982464
"5540",2040,1942,100.101075,0.0515453527291452,41.1432243591185,46.6291589745896
"5540",2041,1938,101.055224,0.0521440784313725,42.0343090713832,47.1461269002011
"5540",2042,1935,102.873343,0.0531645183462532,43.2944688267706,48.1349554668152
"5540",2043,1932,103.341634,0.0534894585921325,44.0971473258869,48.4029116283212
"5540",2044,1928,104.590088,0.0542479709543568,45.2604477641793,49.1102551795861
"5540",2045,1925,104.018166,0.0540354109090909,45.655311469308,48.8065371929945
"5540",2046,1921,105.337853,0.0548349052576783,46.9292185581753,49.5637865390297
"5540",2047,1918,105.214029,0.0548561152241919,47.5395323576318,49.5093322339514
"5540",2048,1915,105.505874,0.0550944511749347,48.3633394905118,49.6900967464993
"5540",2049,1912,106.828376,0.0558725815899582,49.7709644090071,50.4633396457217
"5540",2050,1908,107.534788,0.0563599517819707,50.8971224442337,50.8971224442337
"5542",2026,2838,80.793725,0.0284685429880197,65.8031640477315,73.0316404773152
"5542",2027,2829,81.829755,0.02892532873807,66.1729554837897,73.5305853366524
"5542",2028,2821,84.241064,0.0298621283232896,66.721931121078,74.8396064061601
"5542",2029,2813,88.030843,0.031294291859225,67.5501278839144,77.0006018066561
"5542",2030,2806,92.076006,0.0328139722024234,68.6008389465448,79.4033557861792
"5542",2031,2798,92.340346,0.0330022680486061,69.1697669971498,79.5035373813907
"5542",2032,2791,94.498799,0.0338584016481548,70.135892688751,80.8027467346185
"5542",2033,2783,97.539282,0.0350482508084801,71.4141513571188,82.6942106403278
"5542",2034,2776,99.612376,0.0358834207492795,72.6023679855035,84.0059199637587
"5542",2035,2768,102.823765,0.0371473139450867,74.2357518567423,86.110289958268
"5542",2036,2761,102.352598,0.0370708431727635,74.8558075790994,85.7490685875777
"5542",2037,2754,103.668513,0.0376428877995643,76.0740520051838,86.6079063515782
"5542",2038,2747,105.910862,0.038555100837277,77.7202074250728,88.1276498637687
"5542",2039,2740,106.037243,0.0386997237226277,78.6190788363153,88.1814107852175
"5542",2040,2734,107.424527,0.0392920727871251,80.0843848957014,89.1350158331223
"5542",2041,2727,109.00854,0.0399737953795379,81.7225591346821,90.2415986938598
"5542",2042,2721,110.261791,0.0405225251745682,83.2907177689219,91.1295968127455
"5542",2043,2716,112.556401,0.0414419738586156,85.509010593455,92.8088279233288
"5542",2044,2710,112.044907,0.0413449841328413,86.2409507494772,92.4076783864222
"5542",2045,2705,114.571202,0.0423553426987061,88.8037795505778,94.2969594468649
"5542",2046,2700,114.561142,0.0424300525925926,89.8850208601911,94.2764951296366
"5542",2047,2695,117.096811,0.0434496515769944,92.7101990729382,96.2227595188037
"5542",2048,2690,119.756521,0.0445191527881041,95.8173478274078,98.3160517053058
"5542",2049,2686,121.728143,0.0453194873417722,98.5935740674938,99.902414615578
"5542",2050,2682,121.065854,0.045140139448173,99.3633315195917,99.3633315195917
"5544",2026,4840,128.634675,0.0265774121900826,61.8984527252981,69.9845272529807
"5544",2027,4841,136.483282,0.0281932001652551,62.5833833537619,72.5155153000869
"5544",2028,4841,142.478346,0.0294315938855608,63.3634344216232,74.5053395521324
"5544",2029,4841,146.163244,0.0301927791778558,64.1355215324453,75.7553954468014
"5544",2030,4840,151.888144,0.0313818479338843,65.1835463607878,77.7341854431511
"5544",2031,4840,158.134678,0.0326724541322314,66.4505446197272,79.9584160686164
"5544",2032,4840,166.00582,0.0342987231404959,68.10189186592,82.8519749720616
"5544",2033,4839,172.351291,0.0356171297788799,69.7931004237654,85.2568287552149
"5544",2034,4838,177.211291,0.0366290390657296,71.4582660796448,87.145665199112
"5544",2035,4838,182.977782,0.0378209553534518,73.44513414458,89.4460209018972
"5544",2036,4837,188.953488,0.0390641902005375,75.673294360494,91.8911460220926
"5544",2037,4836,194.280488,0.0401737981803143,77.9779777013563,94.1277613685
"5544",2038,4833,196.890353,0.0407387446720463,79.8310424396457,95.2382589811741
"5544",2039,4831,202.316394,0.0418787816187125,82.5031075267185,97.6010340880314
"5544",2040,4827,206.529799,0.0427863681375596,85.0464078405192,99.4742525448308
"5544",2041,4823,210.371435,0.0436183775658304,87.6431006836947,101.216001031992
"5544",2042,4818,214.46959,0.0445142361975924,90.4774303016551,103.11061471665
"5544",2043,4813,216.889945,0.0450633586120922,92.894993177036,104.247448375642
"5544",2044,4807,219.020189,0.0455627603494903,95.3017453467222,105.260316576416
"5544",2045,4801,222.393037,0.0463222322432826,98.2846419364544,106.888790075636
"5544",2046,4794,224.348412,0.0467977496871089,100.820932078728,107.848155386739
"5544",2047,4788,227.391597,0.0474919793233083,103.919694889767,109.360219594104
"5544",2048,4781,230.586591,0.0482297826814474,107.227589081214,110.97577197969
"5544",2049,4774,231.833619,0.0485617132383745,109.721984686187,111.620243829805
"5544",2050,4767,237.599727,0.0498426110761485,114.62138978008,114.62138978008
"5546",2026,1210,46.937551,0.0387913644628099,22.366743175051,25.6674317505096
"5546",2027,1208,46.808975,0.0387491514900662,22.4951886394707,25.6013719234233
"5546",2028,1205,50.011237,0.0415031012448133,22.8964128477259,27.122359129862
"5546",2029,1203,49.749023,0.0413541338320864,23.0602292530838,26.9893141321591
"5546",2030,1201,50.89255,0.0423751457119067,23.388140922156,27.5525636886238
"5546",2031,1199,52.133213,0.0434805779816514,23.7765899027524,28.1794431400082
"5546",2032,1197,53.027209,0.0443000910609858,24.1583055380145,28.6409401169676
"5546",2033,1195,54.750638,0.0458164334728033,24.7393085798733,29.5567133237885
"5546",2034,1193,56.465391,0.0473305875943001,25.4000893143619,30.5002232859047
"5546",2035,1191,56.937291,0.0478062896725441,25.8357228763777,30.7673665745777
"5546",2036,1189,56.736592,0.0477179074852817,26.1117975483283,30.6564158912175
"5546",2037,1187,59.462666,0.0500949165964617,27.2465126763418,32.2370979050571
"5546",2038,1186,61.852444,0.0521521450252951,28.4303027076101,33.691459468382
"5546",2039,1184,63.26439,0.0534327618243243,29.3963242970366,34.5894881651686
"5546",2040,1183,63.443248,0.0536291191885038,29.9430829742038,34.7089327587261
"5546",2041,1181,63.886331,0.0540951151566469,30.6158219654959,35.005014287541
"5546",2042,1179,65.940061,0.0559288049194232,32.0624389122098,36.3749127317283
"5546",2043,1178,66.707682,0.0566279134125637,32.9915032527005,36.9037332240006
"5546",2044,1176,67.954976,0.057784843537415,34.2331058442076,37.7846527022033
"5546",2045,1174,67.466164,0.0574669199318569,34.5605693818002,37.4591623160618
"5546",2046,1172,69.443636,0.0592522491467577,36.3510448232193,38.8835821449639
"5546",2047,1169,68.624169,0.0587033096663815,36.485285182077,38.3214480924811
"5546",2048,1167,70.437437,0.0603577009425878,38.3398254745167,39.6646761886667
"5546",2049,1164,71.705584,0.061602735395189,39.9546784481901,40.654211374743
"5546",2050,1162,71.839851,0.0618243123924268,40.7814054416738,40.7814054416738
"5601",2026,20998,369.815786,0.0176119528526526,284.418968197304,324.18968197304
"5601",2027,21043,383.249977,0.0182127062205959,286.762105327621,329.178947837242
"5601",2028,21088,400.354733,0.0189849550929439,289.712292790789,335.498815947363
"5601",2029,21133,416.483558,0.0197077347276771,293.083392097531,341.56890398838
"5601",2030,21177,436.08743,0.0205925027152099,297.241073125843,348.964292503373
"5601",2031,21220,449.90057,0.0212017233741753,301.378679117097,354.360623015991
"5601",2032,21261,467.82254,0.0220037881567189,306.430626686684,361.325005189796
"5601",2033,21301,487.39975,0.0228815431200413,312.268894256515,369.017639328317
"5601",2034,21340,508.516686,0.0238292730084349,318.9727750895,377.43193772375
"5601",2035,21378,529.440702,0.0247656797642436,326.341408103255,385.923218521725
"5601",2036,21415,547.719323,0.0255764334812048,333.914185927381,393.503549320801
"5601",2037,21451,566.826763,0.0264242582164002,342.288288173842,401.538123266033
"5601",2038,21483,584.395268,0.0272026843550715,350.971085550697,409.038337364904
"5601",2039,21511,603.531005,0.0280568548649528,360.658223899123,417.290593870847
"5601",2040,21537,624.918571,0.029016045456656,371.654623540318,426.647397664508
"5601",2041,21559,643.139319,0.0298315932557169,382.531933461954,434.765182584082
"5601",2042,21579,660.696906,0.0306175868205199,393.896865547039,442.709807924342
"5601",2043,21595,672.810462,0.0311558445010419,404.107659413452,448.281572086036
"5601",2044,21609,688.390692,0.0318566658336804,416.010129205921,455.496940910866
"5601",2045,21620,707.103085,0.0327059706290472,429.718142163205,464.268482662406
"5601",2046,21629,724.052393,0.0334759994914236,443.493949558956,472.345823010537
"5601",2047,21636,741.647505,0.0342784019689407,458.262678291287,480.859355821169
"5601",2048,21639,750.489894,0.0346822817135727,469.801370603959,485.190670923199
"5601",2049,21641,768.414526,0.0355073483665265,486.038775563336,494.066260325543
"5601",2050,21640,786.769989,0.0363572083641405,503.30716911771,503.30716911771
"5603",2026,11445,236.737337,0.0206847826124945,155.183672306735,183.836723067353
"5603",2027,11467,243.135101,0.0212030261620302,156.714673979571,186.28853803324
"5603",2028,11487,255.105355,0.0222081792461043,158.78283576802,190.759061531543
"5603",2029,11507,264.828112,0.023014522638394,161.028959813835,194.489222653342
"5603",2030,11526,274.759554,0.0238382399791775,163.587459523646,198.349838094584
"5603",2031,11544,285.547047,0.0247355376819127,166.545949767658,202.594607887505
"5603",2032,11561,294.114252,0.0254402086324712,169.563784366122,206.042413434223
"5603",2033,11577,307.343977,0.026547808326855,173.526689532353,211.383971123733
"5603",2034,11592,317.957009,0.027429003536922,177.509747496449,215.774368741123
"5603",2035,11606,327.117117,0.028185172927796,181.590545661955,219.635532941612
"5603",2036,11619,337.203131,0.0290216998881143,186.171139274987,223.939240578921
"5603",2037,11632,347.108349,0.0298408140474553,191.073051837407,228.240101146161
"5603",2038,11642,357.302851,0.0306908478783714,196.396319086104,232.720580156553
"5603",2039,11651,364.396494,0.0312759843790233,201.290401808315,235.898556269472
"5603",2040,11658,371.707272,0.0318843088008235,206.499990128701,239.199984205922
"5603",2041,11664,382.500498,0.0327932525720165,213.033274012821,244.125696623127
"5603",2042,11668,392.443306,0.0336341537538567,219.717885462405,248.739836374864
"5603",2043,11671,399.444988,0.034225429526176,225.779794785861,252.040399709642
"5603",2044,11674,403.847796,0.0345937807092685,231.161052205417,254.14329316828
"5603",2045,11675,412.370559,0.03532081875803,238.31726606047,258.236635151348
"5603",2046,11675,419.810705,0.0359580903640257,245.38023652205,261.859101790648
"5603",2047,11675,430.046461,0.0368348146466809,253.996723896883,266.925886080995
"5603",2048,11673,437.685006,0.0374955029555384,261.855252405287,270.762435032742
"5603",2049,11671,446.091063,0.0382221800188501,270.436185323808,275.050582154606
"5603",2050,11667,454.008558,0.0389139074312162,279.145404819986,279.145404819986
"5605",2026,10148,224.37673,0.0221104385100512,113.506935032537,127.069350325367
"5605",2027,10174,234.202613,0.0230197182032632,114.468449141033,129.952357389332
"5605",2028,10201,243.146455,0.0238355509263798,115.612300364077,132.641716366157
"5605",2029,10227,249.115375,0.0243585973403735,116.783145480323,134.508919907402
"5605",2030,10252,259.054194,0.0252686494342567,118.386727432454,137.546909729815
"5605",2031,10278,269.222981,0.0261941020626581,120.255196511901,140.713726997917
"5605",2032,10302,279.333839,0.0271145252378179,122.370350633527,143.908771180082
"5605",2033,10326,289.69435,0.0280548469881852,124.774352664671,147.239593557712
"5605",2034,10350,298.020129,0.0287942153623188,127.194561959202,149.986404898006
"5605",2035,10374,309.134415,0.0297989603817235,130.23171766687,153.672497524274
"5605",2036,10398,320.231028,0.0307973675706867,133.57759994234,157.4265261944
"5605",2037,10420,329.458557,0.0316179037428023,136.915059365495,160.614749981453
"5605",2038,10440,339.30548,0.0325005249042146,140.631856992375,164.057921804318
"5605",2039,10457,348.242184,0.0333023031462178,144.447887040257,167.230446025969
"5605",2040,10473,358.144401,0.0341969255227728,148.74616771048,170.793868336768
"5605",2041,10486,370.660458,0.035348126835781,153.978462150612,175.363716453753
"5605",2042,10497,380.279432,0.036227439458893,158.868165039589,178.954521485127
"5605",2043,10505,386.650943,0.0368063724892908,163.161630263134,181.371702051708
"5605",2044,10511,395.957221,0.0376707469317858,168.526002691803,184.936777666843
"5605",2045,10515,405.478484,0.0385619100332858,174.275234157259,188.646442039704
"5605",2046,10518,414.719565,0.0394295079863092,180.266142382372,192.313108685144
"5605",2047,10518,423.15756,0.040231751283514,186.297351992128,195.715326188313
"5605",2048,10517,429.34325,0.0408237377579158,191.777137792849,198.245554370648
"5605",2049,10514,437.277832,0.0415900544036523,198.179206679647,201.536838108724
"5605",2050,10511,444.869571,0.0423241909428218,204.738677201656,204.738677201656
"5607",2026,5691,149.714265,0.0263071982076964,80.4833930713682,84.833930713682
"5607",2027,5692,157.162255,0.0276110778285313,81.0040206332369,87.3019682417231
"5607",2028,5695,161.833765,0.0284168156277436,81.5575083581545,88.9000477608827
"5607",2029,5697,170.634245,0.0299515964542742,82.5426555115818,91.9654377015612
"5607",2030,5701,177.051923,0.0310562924048413,83.5698434687589,94.2793738750356
"5607",2031,5704,181.463404,0.0318133597475456,84.5721157336615,95.9030112475184
"5607",2032,5706,188.63486,0.0330590361023484,86.0400697174935,98.5848298999801
"5607",2033,5709,194.840694,0.0341286904887021,87.6016735608405,100.970133960939
"5607",2034,5710,202.15883,0.0354043485113835,89.5373907125226,103.843476781307
"5607",2035,5712,208.983883,0.0365868142507003,91.6374597412586,106.59990798002
"5607",2036,5713,213.498659,0.0373706737265885,93.5190551000014,108.461168631582
"5607",2037,5713,220.704521,0.0386319833712585,96.1402528940801,111.493176378693
"5607",2038,5712,225.315389,0.0394459714635854,98.4111805281378,113.474873687523
"5607",2039,5710,232.005358,0.0406314112084063,101.392619912562,116.412970063935
"5607",2040,5708,237.32154,0.0415770042046251,104.251640739027,118.802625182442
"5607",2041,5705,241.390417,0.0423120801051709,106.939588966437,120.663530515377
"5607",2042,5701,247.614193,0.0434334665848097,110.499806288114,123.571151840163
"5607",2043,5697,249.015555,0.0437099447077409,112.621836295012,124.232998366117
"5607",2044,5692,256.093563,0.0449918417076599,116.929722915838,127.651255375274
"5607",2045,5687,262.456015,0.0461501696852471,121.282844295101,130.809654517047
"5607",2046,5681,264.595223,0.0465754661151206,124.108297693293,131.892114933286
"5607",2047,5674,269.553306,0.0475067511455763,128.314360489243,134.438716044218
"5607",2048,5666,272.510155,0.0480956856689022,131.789464450534,135.988610216793
"5607",2049,5658,278.007715,0.0491353331565924,136.708601653142,138.918027691576
"5607",2050,5649,285.692164,0.0505739359178616,143.127916248043,143.127916248043
"5610",2026,2504,64.676611,0.0258293174920128,26.400716541179,39.0071654117898
"5610",2027,2499,67.248945,0.0269103421368547,27.0432693838037,39.8601409731181
"5610",2028,2494,69.915083,0.0280333131515638,27.7595697624373,40.7689700710703
"5610",2029,2490,74.849535,0.0300600542168675,28.728824622603,42.5474099887202
"5610",2030,2487,77.849589,0.0313026091676719,29.6665533055553,43.6662132222213
"5610",2031,2484,81.35735,0.0327525563607085,30.7551733607305,45.0179942981931
"5610",2032,2481,86.088499,0.0346991128577187,32.1233884951645,46.9181184466601
"5610",2033,2479,89.7807,0.0362164985881404,33.5047337653496,48.4613345251025
"5610",2034,2476,94.527723,0.0381775941033926,35.2090905880079,50.5227264700198
"5610",2035,2474,97.747795,0.0395100222312045,36.8010648533394,51.9738625219187
"5610",2036,2471,102.991831,0.0416802229866451,38.9805661037532,54.4327707447435
"5610",2037,2468,105.339813,0.0426822581037277,40.6674587173697,55.5706511558433
"5610",2038,2464,109.913362,0.0446076956168831,43.0760328645785,57.8655142992337
"5610",2039,2460,114.923965,0.0467170589430894,45.8549156241128,60.4977287218941
"5610",2040,2455,117.736908,0.0479580073319756,48.1468201931277,62.0349123090042
"5610",2041,2450,121.293196,0.0495074269387755,50.864836699087,64.0412629420182
"5610",2042,2444,123.601396,0.0505734026186579,53.2733488635033,65.3904983764332
"5610",2043,2437,125.426437,0.0514675572425113,55.5990029222454,66.490173453892
"5610",2044,2430,129.689727,0.0533702580246914,59.188981263983,69.1148145341717
"5610",2045,2423,130.950825,0.0540449133305819,61.5134064502337,69.9395771695184
"5610",2046,2415,132.772967,0.0549784542443064,64.2239096034837,71.1457760040985
"5610",2047,2407,134.769997,0.0559908587453261,67.1534563359613,72.4968522095339
"5610",2048,2398,135.023668,0.0563067839866556,69.1468155818988,72.7262871155663
"5610",2049,2390,139.234194,0.0582569849372385,73.7414172215468,75.6404334769317
"5610",2050,2381,136.988137,0.0575338668626627,74.1738319970866,74.1738319970866
"5612",2026,2816,64.49865,0.0229043501420455,29.2252062083424,31.2520620834241
"5612",2027,2805,68.356885,0.0243696559714795,29.4321939873517,32.1432289989217
"5612",2028,2795,71.132349,0.025449856529517,29.6639333513437,32.7939048648213
"5612",2029,2785,73.691872,0.0264602771992819,29.9363450245493,33.4063295272908
"5612",2030,2775,78.548733,0.0283058497297297,30.4141738417633,34.6566953670532
"5612",2031,2765,82.002107,0.0296571815551537,30.8880285100144,35.5670556870065
"5612",2032,2755,86.087445,0.0312477114337568,31.4999658371472,36.6922025758376
"5612",2033,2745,88.144063,0.0321107697632058,31.9925383905831,37.2552783188501
"5612",2034,2735,92.33934,0.0337620987202925,32.7935706858888,38.4839267147219
"5612",2035,2725,96.004549,0.0352310271559633,33.6350415473281,39.594380679607
"5612",2036,2714,98.058834,0.0361307420781135,34.3284487320104,40.2177868042324
"5612",2037,2705,103.121171,0.0381224292051756,35.5949038628971,41.8681050983359
"5612",2038,2694,107.896823,0.040050788047513,36.9711929309576,43.4930780562866
"5612",2039,2684,110.252724,0.0410777660208644,37.9977864355267,44.3153811668539
"5612",2040,2674,113.778106,0.0425497778608826,39.3712471641396,45.5939954626234
"5612",2041,2663,112.923828,0.0424047420202779,39.7740447940754,45.2627091231327
"5612",2042,2653,117.14409,0.0441553298153034,41.4962016581812,46.8517166545446
"5612",2043,2642,119.49141,0.0452276343679031,42.8384585942095,47.7640116531655
"5612",2044,2632,120.878797,0.0459265946048632,43.9697572148028,48.3158157610358
"5612",2045,2622,123.626489,0.0471496906941266,45.6046228216729,49.4364588574435
"5612",2046,2611,122.996386,0.0471070034469552,46.1556732025089,49.1831449441282
"5612",2047,2601,124.611195,0.0479089561707036,47.51433934345,49.8612274292394
"5612",2048,2590,125.358014,0.0484007776061776,48.5979917587116,50.187018117526
"5612",2049,2580,127.802531,0.0495358647286822,50.4148530653213,51.2491979899442
"5612",2050,2570,130.622567,0.0508259015564202,52.5106284411842,52.5106284411842
"5614",2026,960,35.352589,0.0368256135416667,20.4006190401664,24.0061904016641
"5614",2027,964,35.665045,0.0369969346473029,20.5770409818737,24.1966616863544
"5614",2028,967,37.038782,0.0383027735263702,20.8705860992388,24.9747777099361
"5614",2029,971,38.984348,0.0401486591143151,21.2985166523626,26.1106665993535
"5614",2030,974,38.918492,0.0399573839835729,21.52051442632,26.0820577052801
"5614",2031,978,40.366072,0.0412741022494888,21.9992490506901,26.9539097415307
"5614",2032,981,41.135481,0.0419321926605505,22.4142075682271,27.4283309791604
"5614",2033,984,41.065791,0.0417335274390244,22.67995983932,27.3929926601932
"5614",2034,986,42.660108,0.0432658296146045,23.3534516603852,28.3836291509629
"5614",2035,989,42.030907,0.0424983892821031,23.4984125432348,27.9963715273939
"5614",2036,991,42.50601,0.042892038345106,23.9403245208047,28.2954200437994
"5614",2037,993,42.367992,0.0426666586102719,24.2092580482448,28.2131864355995
"5614",2038,995,42.767541,0.0429824532663317,24.6562085741229,28.4658337711326
"5614",2039,996,43.546375,0.0437212600401606,25.2630337086265,28.9583552487259
"5614",2040,998,45.565005,0.0456563176352705,26.4188712547565,30.2701940076103
"5614",2041,999,45.673283,0.045719002002002,26.8516226633118,30.3420719446215
"5614",2042,1000,45.704889,0.045704889,27.2541531879911,30.3630759828445
"5614",2043,1002,45.953083,0.0458613602794411,27.7644293390829,30.5280397818073
"5614",2044,1003,47.094595,0.0469537337986042,28.7551563335926,31.296975914313
"5614",2045,1005,48.496462,0.0482551860696517,29.964765041598,32.2643262050438
"5614",2046,1006,48.944419,0.0486525039761431,30.691425208305,32.5781473038882
"5614",2047,1008,49.247324,0.0488564722222222,31.350042981453,32.7887808241724
"5614",2048,1009,50.10116,0.049654271555996,32.3938046069404,33.3987076831788
"5614",2049,1011,51.872353,0.0513079653808111,34.1456134541572,34.6967412510724
"5614",2050,1012,51.733412,0.0511199723320158,34.5886305206112,34.5886305206112
"5616",2026,1079,27.514568,0.025500063021316,18.8128444087847,26.1284440878466
"5616",2027,1096,28.447387,0.0259556450729927,19.2107879013715,26.805730191793
"5616",2028,1111,30.044161,0.0270424491449145,19.7195246445839,27.8258551119082
"5616",2029,1125,32.334303,0.0287416026666667,20.3890753610474,29.2427075813995
"5616",2030,1138,33.205711,0.0291790079086116,20.9662023353393,29.8648093413572
"5616",2031,1151,33.797076,0.0293632284969592,21.5442578513611,30.3278533960387
"5616",2032,1163,33.830274,0.0290887996560619,22.0497490301763,30.4607662466962
"5616",2033,1174,35.10868,0.0299051788756388,22.822164778777,31.3025235276608
"5616",2034,1185,37.863518,0.0319523358649789,24.0167264146971,33.0418160367427
"5616",2035,1196,37.328599,0.0312112031772575,24.4805220301733,32.8126217832531
"5616",2036,1205,37.966055,0.0315070995850622,25.2551800321257,33.2740632255278
"5616",2037,1215,40.116348,0.0330175703703704,26.5466729441163,34.6764350129099
"5616",2038,1224,42.190209,0.034469125,27.9327225456597,36.0594955375631
"5616",2039,1233,43.341389,0.0351511670721817,29.0862750162292,36.8702553467731
"5616",2040,1241,44.022572,0.0354734665592264,30.1074032138659,37.3718451421854
"5616",2041,1249,43.294687,0.0346634803843075,30.55613939119,36.9526632319849
"5616",2042,1257,45.599328,0.0362763150357995,32.3666978909787,38.5238541299695
"5616",2043,1264,46.806978,0.0370308370253165,33.7696712447129,39.3826050775768
"5616",2044,1271,48.198087,0.0379213902439024,35.3438445706861,40.3791542847563
"5616",2045,1277,50.040411,0.0391859130775254,37.2617912883398,41.7068200471874
"5616",2046,1283,49.272112,0.0384038285268901,37.7136340623888,41.1925106616339
"5616",2047,1289,52.229271,0.0405192172226532,40.4925861732077,43.343759068403
"5616",2048,1294,51.440085,0.0397527704791345,40.9297954539353,42.7889680583084
"5616",2049,1299,52.853006,0.0406874565050038,42.871914308969,43.8409499313963
"5616",2050,1303,54.592246,0.0418973491941673,45.1545077290436,45.1545077290436
"5618",2026,1307,43.480871,0.0332676901300689,23.0848992640332,32.8489926403316
"5618",2027,1311,44.202727,0.0337168016781083,23.5502561686786,33.2745903176623
"5618",2028,1315,46.579896,0.0354219741444867,24.2126369926968,34.6436399582673
"5618",2029,1320,47.681604,0.0361224272727273,24.8287827347503,35.311918751766
"5618",2030,1324,49.343086,0.0372681918429003,25.5793024248175,36.31720969927
"5618",2031,1328,49.896355,0.0375725564759036,26.2176512852932,36.6700914271067
"5618",2032,1331,51.253586,0.0385075777610819,27.0413495960053,37.5118449107856
"5618",2033,1335,53.928101,0.0403955812734082,28.2385661858969,39.2098377541984
"5618",2034,1338,54.388846,0.0406493617339312,29.0066232485074,39.5165581212684
"5618",2035,1342,56.292568,0.0419467719821162,30.2139913021513,40.7748372620601
"5618",2036,1345,57.977746,0.0431061308550186,31.4595650651059,41.9148738212756
"5618",2037,1347,58.877076,0.0437097817371938,32.5240712970663,42.5347732625684
"5618",2038,1350,58.169566,0.0430885674074074,33.0299983312083,42.0545424203787
"5618",2039,1352,59.802129,0.0442323439349112,34.4450858079688,43.1831247795214
"5618",2040,1354,61.885069,0.0457053685376662,36.1638628835332,44.6621806136531
"5618",2041,1355,60.937565,0.0449723726937269,36.5648879199381,43.9847364829254
"5618",2042,1357,60.911362,0.0448867811348563,37.3771243546428,43.9673205066325
"5618",2043,1358,62.020461,0.045670442562592,38.7854534815847,44.7599369241827
"5618",2044,1360,63.493368,0.0466863,40.4700984448236,45.8323850900949
"5618",2045,1361,62.478007,0.0459059566495224,40.7609113970514,45.0903524886787
"5618",2046,1362,61.194122,0.0449296049926579,40.8450533053026,44.1706509474149
"5618",2047,1363,63.289103,0.046433677916361,43.0164751156551,45.6805353415832
"5618",2048,1365,64.272014,0.0470857245421245,44.5739615078232,46.4042827111602
"5618",2049,1366,66.330598,0.048558270863836,46.9839791351842,47.9573809196718
"5618",2050,1368,66.836027,0.0488567448830409,48.3419720380721,48.3419720380721
"5620",2026,3113,76.955161,0.0247205785415997,32.3057486189803,35.0574861898035
"5620",2027,3116,77.960653,0.0250194650192555,32.4566770035384,35.321287298461
"5620",2028,3119,81.471741,0.026121109650529,32.7379784246365,36.2170195693511
"5620",2029,3123,85.725959,0.0274498747998719,33.1330946680874,37.3322102027642
"5620",2030,3126,87.610069,0.0280262536788228,33.4604641978274,37.8418567913097
"5620",2031,3130,90.368439,0.0288717057507987,33.8966475691826,38.5970350232438
"5620",2032,3134,93.110103,0.0297096691129547,34.3922520879407,39.3607756552023
"5620",2033,3138,98.662498,0.0314412039515615,35.2375983523922,40.9313057997025
"5620",2034,3142,101.30954,0.0322436473583705,35.8834813469231,41.7087033673078
"5620",2035,3146,106.06339,0.0337137285441831,36.8674508161725,43.1256018655372
"5620",2036,3150,108.717324,0.0345134361904762,37.6724048716588,43.9419049929659
"5620",2037,3154,111.711828,0.0354190957514268,38.5996695659285,44.87740403108
"5620",2038,3156,115.075101,0.0364623260456274,39.66791661431,45.9416665714728
"5620",2039,3159,117.92518,0.0373299081987971,40.7336303757269,46.8657538310245
"5620",2040,3160,119.441177,0.0377978408227848,41.6016086393759,47.3625738230015
"5620",2041,3161,123.107889,0.0389458680797216,42.9852713282255,48.5815416275102
"5620",2042,3161,127.888337,0.0404581894969946,44.7500765110367,50.2143950157667
"5620",2043,3161,129.847528,0.0410779905093325,45.9382675316652,50.8993458056477
"5620",2044,3160,131.304632,0.0415520987341772,47.0453226783856,51.4133195850137
"5620",2045,3159,133.714851,0.0423282212725546,48.474623104014,52.2764592049403
"5620",2046,3157,136.300608,0.0431740918593602,50.0355798115609,53.2183291900716
"5620",2047,3155,139.460238,0.0442029280507132,51.8749068422512,54.3942612307056
"5620",2048,3153,141.137365,0.04476288138281,53.3020455865507,55.0292384719467
"5620",2049,3150,143.156389,0.0454464726984127,54.9118821840407,55.8045529184839
"5620",2050,3147,145.713855,0.0463024642516683,56.8044055180196,56.8044055180196
"5622",2026,4101,108.690044,0.0265033026091197,78.9039579437503,96.0395794375032
"5622",2027,4102,114.807511,0.0279881791808874,80.0569248776239,99.232180928174
"5622",2028,4103,122.002216,0.029734880818913,81.5708953176395,103.119401815083
"5622",2029,4106,127.841748,0.0311353502191914,83.248087334486,106.402763926993
"5622",2030,4109,133.911964,0.0325899157945972,85.2301287102053,109.920514840821
"5622",2031,4111,140.882465,0.0342696339090246,87.6625141048832,114.087005582202
"5622",2032,4113,148.657623,0.036143355944566,90.622250972079,118.914618375628
"5622",2033,4115,155.268383,0.037732292345079,93.7392680564307,123.177291190154
"5622",2034,4117,162.31391,0.0394252878309449,97.353317690912,127.88329422728
"5622",2035,4118,169.182452,0.0410836454589607,101.340908265923,132.636361750681
"5622",2036,4118,176.53097,0.0428681325886353,105.93338721736,137.91239414181
"5622",2037,4117,182.001561,0.0442073259655089,110.299575061973,141.974780608729
"5622",2038,4116,188.094352,0.0456983362487852,115.303463894851,146.642661627003
"5622",2039,4113,192.917011,0.0469042088499878,120.151714962226,150.449727595278
"5622",2040,4109,198.782346,0.0483773049403748,125.888778330299,155.222045328478
"5622",2041,4104,202.144186,0.0492554059454191,130.68747646757,158.037700328408
"5622",2042,4098,207.760255,0.0506979636408004,137.103450745716,162.86207249388
"5622",2043,4092,209.583169,0.0512177832355816,141.517991976256,164.482023018652
"5622",2044,4085,212.851897,0.0521057275397797,147.074625085069,167.418871077509
"5622",2045,4077,218.210882,0.053522414029924,154.468915710422,172.346357797442
"5622",2046,4068,219.454781,0.0539466029990167,159.082678631053,173.567857213003
"5622",2047,4059,221.963659,0.0546843210150283,164.861827495568,175.999242248527
"5622",2048,4050,223.417725,0.0551648703703704,169.928636731696,177.463391061293
"5622",2049,4041,226.122566,0.0559570814154912,176.293471851557,180.162048676942
"5622",2050,4031,228.569478,0.056702921855619,182.670222244,182.670222244
"5624",2026,1356,37.372842,0.027561092920354,11.3102884881585,14.1028848815849
"5624",2027,1362,39.485838,0.0289910704845815,11.4970707630767,14.6150600951035
"5624",2028,1368,40.715202,0.0297625745614035,11.6875930948998,14.9291033994273
"5624",2029,1373,42.78431,0.0311611871813547,11.9453766841283,15.4488314547213
"5624",2030,1379,43.348676,0.0314348629441624,12.1523611803679,15.6094447214718
"5624",2031,1384,43.116852,0.0311537947976879,12.3138997084084,15.5700859422901
"5624",2032,1390,44.058269,0.0316965964028777,12.5678761654093,15.8242343551056
"5624",2033,1395,47.922147,0.0343527935483871,13.1135732456155,16.8305468844566
"5624",2034,1400,49.159649,0.035114035,13.4697155009555,17.1742887523887
"5624",2035,1406,51.638193,0.0367270220483642,14.0042585239486,17.8668766261683
"5624",2036,1411,51.270561,0.0363363295535081,14.2195201157099,17.7779370857051
"5624",2037,1416,54.098629,0.0382052464689266,14.8872522950431,18.5848825269134
"5624",2038,1421,57.052915,0.0401498346235046,15.6532069074697,19.4603761953994
"5624",2039,1425,57.570317,0.0404002224561404,16.0655778138553,19.6222601086899
"5624",2040,1429,58.825684,0.0411656291112666,16.6308338981665,20.0093342370664
"5624",2041,1432,59.587164,0.0416111480446927,17.1265142027303,20.2475686078948
"5624",2042,1436,62.950898,0.0438376727019499,18.2217390098644,21.3167700140919
"5624",2043,1439,63.319213,0.0440022328005559,18.69823279519,21.4382817561898
"5624",2044,1441,65.044285,0.0451382963219986,19.5311054314198,22.0078779760255
"5624",2045,1443,67.175489,0.0465526604296604,20.5309689003109,22.7304232619211
"5624",2046,1445,67.857964,0.0469605287197232,21.1709067280854,22.9657726212769
"5624",2047,1447,69.015726,0.0476957332411887,21.9784972565033,23.3701377538065
"5624",2048,1448,70.240666,0.0485087472375691,22.8451986855599,23.8056202006053
"5624",2049,1449,70.760778,0.048834215320911,23.5049404906177,23.9921459642781
"5624",2050,1450,72.676071,0.0501214282758621,24.6938399454845,24.6938399454845
"5626",2026,1233,29.772853,0.0241466772100568,11.0619587315898,20.6195873158977
"5626",2027,1250,30.717823,0.0245742584,11.5262741346068,21.1001755244134
"5626",2028,1267,32.564044,0.0257016921862668,12.0861342900923,21.9207673719563
"5626",2029,1282,34.242767,0.0267104266770671,12.6933942462312,22.6747964528526
"5626",2030,1297,36.639016,0.0282490485736315,13.4311919339763,23.7247677359053
"5626",2031,1312,38.451657,0.0293076653963415,14.1862804357148,24.5609754285733
"5626",2032,1325,38.448098,0.0290174324528302,14.7604283885083,24.6474719646408
"5626",2033,1338,40.332968,0.03014422122571,15.6223562169508,25.5099481846918
"5626",2034,1350,41.754319,0.0309291251851852,16.4736622026272,26.184155506568
"5626",2035,1361,43.298954,0.0318140734753857,17.399489261052,26.9131183109761
"5626",2036,1372,45.636933,0.0332630706997085,18.5517690290252,28.003724271632
"5626",2037,1382,46.679248,0.0337765904486252,19.4947046386701,28.5262529535026
"5626",2038,1392,48.221281,0.0346417248563218,20.6046615980318,29.2812029055124
"5626",2039,1401,49.030345,0.0349966773733048,21.5737918079276,29.70007116243
"5626",2040,1409,51.023163,0.0362123229240596,22.9212694159396,30.6740310655033
"5626",2041,1417,51.297629,0.0362015730416373,23.8071251857673,30.84094367663
"5626",2042,1425,52.635469,0.0369371712280702,25.0624621228884,31.5178030326977
"5626",2043,1432,54.992611,0.0384026613128492,26.7439542340646,32.7036667580536
"5626",2044,1440,54.971173,0.0381744256944444,27.6100971519571,32.7227060025253
"5626",2045,1446,56.024025,0.0387441390041494,28.9075396395092,33.2708180178574
"5626",2046,1453,58.678151,0.0403841369580179,30.9543024478406,34.6521205268712
"5626",2047,1459,58.501896,0.0400972556545579,31.8127043335657,34.577695023736
"5626",2048,1465,60.719375,0.0414466723549488,33.8273373024783,35.7592835702469
"5626",2049,1471,61.51416,0.0418179197824609,35.2158678229959,36.198304231684
"5626",2050,1477,63.67646,0.0431120243737305,37.3887882423094,37.3887882423094
"5628",2026,2950,78.111479,0.0264784674576271,49.6037308908014,55.0373089080143
"5628",2027,2948,80.77579,0.0274002001356852,49.9789163046049,56.1193913062176
"5628",2028,2947,83.856986,0.0284550342721412,50.4715633996543,57.4089337123103
"5628",2029,2946,87.547415,0.0297173845892736,51.1239597305124,58.995104614176
"5628",2030,2945,90.834851,0.0308437524617997,51.8612887814859,60.4451551259436
"5628",2031,2945,94.070693,0.0319425103565365,52.7129179513,61.9144972219132
"5628",2032,2944,97.286568,0.0330457092391304,53.6813575826402,63.4041771773544
"5628",2033,2944,99.57162,0.0338218817934783,54.614799014496,64.4891007296442
"5628",2034,2944,103.567971,0.0351793379755435,55.9725400642116,66.431350160529
"5628",2035,2943,106.888477,0.0363195640502888,57.349592738736,68.0847834028251
"5628",2036,2943,110.473535,0.0375377285083248,58.9379986579539,69.9221024377977
"5628",2037,2942,111.527226,0.0379086424201224,60.0020291214893,70.4673738955888
"5628",2038,2941,114.76483,0.0390223835430126,61.7486946852217,72.1794448822213
"5628",2039,2939,116.934237,0.0397870830214359,63.3033938295747,73.3462022631059
"5628",2040,2937,120.230145,0.0409363789581205,65.350632588845,75.1610121421519
"5628",2041,2934,124.730724,0.0425121758691206,68.024098505143,77.7156203851215
"5628",2042,2932,124.797257,0.0425638666439291,69.1253125146748,77.7504464495355
"5628",2043,2929,127.996537,0.0436997395015364,71.5848625350471,79.6235424204028
"5628",2044,2926,130.918626,0.0447432077922078,74.0922828276271,81.3771391324221
"5628",2045,2923,133.030916,0.0455117742045843,76.357681784406,82.6709929654228
"5628",2046,2920,134.044441,0.0459056304794521,78.155194027876,83.3002282680895
"5628",2047,2917,137.741972,0.0472204223517312,81.5188475922905,85.6409550335668
"5628",2048,2914,138.649841,0.0475805905971174,83.4369096309094,86.2290914928751
"5628",2049,2910,143.279298,0.0492368721649485,87.7747776256304,89.2854832474082
"5628",2050,2907,145.446748,0.0500332810457516,90.7597845312377,90.7597845312377
"5630",2026,943,29.546254,0.0313321887592789,8.47839466896904,12.7839466896904
"5630",2027,947,30.222007,0.0319134181626188,8.68781974251284,13.0023254000934
"5630",2028,951,32.33315,0.0339991062039958,8.99160641387608,13.6663223650062
"5630",2029,954,33.119599,0.0347165607966457,9.25930327592692,13.9261330631855
"5630",2030,958,33.133557,0.0345861764091858,9.4861807749688,13.9447230998752
"5630",2031,962,35.98811,0.0374096777546778,9.98214819113837,14.8944284909161
"5630",2032,965,38.618916,0.0400196020725389,10.540865930339,15.8180490164277
"5630",2033,968,37.810219,0.0390601435950413,10.7324913174288,15.5379070825623
"5630",2034,971,39.206889,0.0403778465499485,11.2166116035625,16.0415290089062
"5630",2035,974,40.724303,0.0418113993839836,11.763947773149,16.6033091957692
"5630",2036,977,42.148801,0.043141045035824,12.3441659827811,17.1456125953285
"5630",2037,979,43.331814,0.0442613013278856,12.9233945949469,17.6066235998964
"5630",2038,980,44.459296,0.0453666285714286,13.5305973280412,18.0556315055295
"5630",2039,982,44.798673,0.0456198299389002,13.9883258613389,18.1928950831301
"5630",2040,983,44.772073,0.0455463611393693,14.3638737446908,18.1821979915053
"5630",2041,984,47.323126,0.0480926077235772,15.4481206504252,19.2424462647928
"5630",2042,985,47.309218,0.0480296629441624,15.8648617898916,19.2355168427023
"5630",2043,985,47.410117,0.0481320984771574,16.3179943498029,19.2786364065125
"5630",2044,986,47.62211,0.0482982860040568,16.8105418626199,19.368441113058
"5630",2045,986,49.214352,0.0499131359026369,17.8022787537288,20.0643430815123
"5630",2046,986,49.360601,0.0500614614604463,18.3100773197281,20.1295027290918
"5630",2047,986,49.376713,0.0500778022312373,18.7713160874144,20.1366941830021
"5630",2048,986,50.377717,0.0510930192697769,19.6444169729891,20.5885588897179
"5630",2049,986,50.929576,0.0516527139959432,20.3604210902193,20.8419959378902
"5630",2050,986,53.170732,0.05392569168357,21.9036957642183,21.9036957642183
"5632",2026,2162,46.218383,0.0213776054579093,32.6909877032237,29.9098770322368
"5632",2027,2168,47.380604,0.0218545221402214,32.6297392403375,30.3071944751821
"5632",2028,2174,49.183598,0.0226235501379945,32.6335975968957,30.906271982261
"5632",2029,2180,51.294697,0.0235296775229358,32.7049534026075,31.6115454240351
"5632",2030,2186,52.593535,0.0240592566331199,32.7669072986125,32.06762919445
"5632",2031,2191,55.910311,0.0255181702418987,33.0524664540752,33.1824920141746
"5632",2032,2197,58.584585,0.0266657191624943,33.3635326993075,34.1185621517153
"5632",2033,2201,60.594486,0.0275304343480236,33.6644287580577,34.8329069187798
"5632",2034,2206,63.789242,0.0289162475067996,34.1943194304983,35.9857985762456
"5632",2035,2210,65.386289,0.0295865561085973,34.5676378108567,36.5831721391011
"5632",2036,2213,68.05938,0.0307543515589697,35.1754989467667,37.5799977826666
"5632",2037,2217,71.901076,0.032431698691926,36.1026331075388,39.0539182586124
"5632",2038,2219,73.842093,0.0332771937809824,36.7500679430509,39.8183053510016
"5632",2039,2222,76.210739,0.0342982623762376,37.5660960372948,40.7720783613528
"5632",2040,2224,78.956826,0.0355021699640288,38.5606084145569,41.896973463291
"5632",2041,2225,80.669932,0.0362561492134831,39.3681923188856,42.6123657643557
"5632",2042,2226,81.909815,0.0367968620844564,40.0968740874785,43.1383915535407
"5632",2043,2227,83.401595,0.0374501998203862,40.9491785822241,43.7785472301344
"5632",2044,2228,85.792844,0.0385066624775584,42.1616033606981,44.8214236912233
"5632",2045,2228,88.338655,0.0396493065529623,43.5259681195022,45.9550376855412
"5632",2046,2227,88.615657,0.0397914939380332,44.1157919297671,46.0774022703142
"5632",2047,2227,89.218721,0.0400622905253705,44.8489779759838,46.3509610997
"5632",2048,2226,93.473464,0.0419916729559748,47.1764543895645,48.3258966373671
"5632",2049,2225,94.31375,0.042388202247191,48.1350215214547,48.7246976846283
"5632",2050,2224,96.280452,0.0432915701438849,49.6740850088977,49.6740850088977
"5634",2026,2021,55.365409,0.0273950564077189,19.2525474790212,30.5254747902119
"5634",2027,2029,57.837242,0.0285052942336126,19.8423841818268,31.3991576860134
"5634",2028,2036,58.445946,0.0287062603143418,20.3880848751678,31.6461992866733
"5634",2029,2043,61.805984,0.0302525619187469,21.1549227033897,32.8466950747749
"5634",2030,2049,61.523546,0.0300261327476818,21.695127523516,32.7805100940642
"5634",2031,2055,64.924155,0.0315932627737226,22.6063924057122,34.0222344546512
"5634",2032,2061,67.327489,0.0326673891314896,23.5029670862766,34.9322064193126
"5634",2033,2066,69.376923,0.0335803112294289,24.424500315965,35.7227594923171
"5634",2034,2071,72.122,0.0348247223563496,25.5186628962602,36.7966572406506
"5634",2035,2075,74.896447,0.036094673253012,26.7086632354276,37.9055159666915
"5634",2036,2079,79.15189,0.0380720971620972,28.2866954964832,39.6562010452277
"5634",2037,2083,81.98065,0.0393570091214594,29.717948806738,40.8642903546107
"5634",2038,2086,82.882674,0.0397328255033557,30.7933926793046,41.260713962372
"5634",2039,2088,86.213898,0.0412901810344828,32.5291352125911,42.7304429150487
"5634",2040,2090,87.189082,0.0417172641148325,33.7328387180036,43.1725419488057
"5634",2041,2091,88.725958,0.0424323089430894,35.1412761142544,43.8736243234028
"5634",2042,2092,90.697856,0.0433546156787763,36.751978117849,44.7885401683558
"5634",2043,2093,90.711649,0.043340491638796,37.7621363826869,44.796117129067
"5634",2044,2093,93.2595,0.0445578117534639,39.7031968110686,46.0041249175079
"5634",2045,2093,94.862266,0.0453235862398471,41.384300887409,46.7806780152726
"5634",2046,2092,93.833278,0.0448533833652008,42.038165745757,46.2801949950082
"5634",2047,2092,96.064998,0.0459201711281071,44.0677285190489,47.3720884721678
"5634",2048,2091,97.235673,0.0465019956958393,45.7088277340926,47.9554894422622
"5634",2049,2091,96.93242,0.0463569679579149,46.6860635472432,47.8037023867461
"5634",2050,2090,99.222128,0.0474747023923445,48.9626360791834,48.9626360791834
"5636",2026,918,31.610867,0.0344344956427015,14.5998102050425,19.9981020504254
"5636",2027,921,32.913841,0.0357370694896851,14.9134037400862,20.6429362915359
"5636",2028,923,32.806233,0.0355430476706392,15.1550366282557,20.6002093043184
"5636",2029,925,33.714996,0.0364486443243243,15.49973903758,21.0575954709649
"5636",2030,927,35.863427,0.0386876235167206,16.0404127718527,22.1616510874108
"5636",2031,928,35.902153,0.0386876648706897,16.3533536731527,22.1855779935747
"5636",2032,929,37.745868,0.0406306437029064,16.9812515790334,23.1730817816411
"5636",2033,930,37.3343,0.0401444086021505,17.2453780025051,22.9527669034623
"5636",2034,931,38.849203,0.0417284672395274,17.9148015923328,23.7870039808321
"5636",2035,932,40.444284,0.0433951545064378,18.6795434449028,24.6960993026349
"5636",2036,933,41.506306,0.0444869303322615,19.3768605359147,25.3197063913994
"5636",2037,933,42.405796,0.0454510139335477,20.0777157669099,25.8589575939704
"5636",2038,934,42.431366,0.0454297280513919,20.5310473078119,25.8746314687488
"5636",2039,935,42.540682,0.0454980556149733,21.0153672883176,25.9410507035194
"5636",2040,936,44.109777,0.0471258301282051,22.0684044769532,26.9094471631251
"5636",2041,936,44.041799,0.0470532040598291,22.5242292240326,26.8667610928795
"5636",2042,937,42.804965,0.0456829935965848,22.4712919452364,26.101845636052
"5636",2043,938,43.298671,0.0461606300639659,23.1479093544631,26.4039448874076
"5636",2044,938,43.380295,0.0462476492537313,23.65201847849,26.4542173916
"5636",2045,939,43.594954,0.0464270010649627,24.2264888247977,26.5864477843664
"5636",2046,939,43.76149,0.0466043556975506,24.786260993726,26.6897188161482
"5636",2047,940,43.359441,0.046127064893617,25.0412422548363,26.4408363434775
"5636",2048,941,44.509101,0.047299788522848,26.1695424619949,27.1562621210756
"5636",2049,942,44.954566,0.0477224692144374,26.9335557102076,27.4374604781378
"5636",2050,942,44.769907,0.047526440552017,27.3201418731034,27.3201418731034
