"kommunenr_2024","år","y5_predikert","y5_nedre","y5_ovre","n_bootstrap_ok"
"0301",2026,3117.40901625318,3116.85781668936,3141.21450488385,60
"0301",2027,3120.72893712035,3119.41738910999,3153.47955075628,60
"0301",2028,3127.37490697764,3124.63481704418,3169.03819146299,60
"0301",2029,3137.72249892711,3132.90742360912,3188.23318068232,60
"0301",2030,3152.28594229271,3145.52261527422,3211.53118890526,60
"0301",2031,3170.4292414712,3161.91939331702,3239.05149530492,60
"0301",2032,3192.63591438958,3181.62397783095,3271.84992293801,60
"0301",2033,3218.18941466447,3203.72756070188,3308.34617103752,60
"0301",2034,3247.60660078936,3229.15358461304,3349.12110588785,60
"0301",2035,3281.20396266957,3258.14252357167,3395.07789613464,60
"0301",2036,3318.11158027077,3289.96654677031,3446.31361910522,60
"0301",2037,3359.21556009232,3325.29426012982,3502.72128512643,60
"0301",2038,3402.2828716787,3362.28461756065,3561.5349229004,60
"0301",2039,3448.00935360685,3401.47763949539,3623.65421860514,60
"0301",2040,3496.98346237165,3443.33108280217,3689.84167931768,60
"0301",2041,3548.90143675149,3487.58510403557,3759.73355279492,60
"0301",2042,3603.45765124709,3533.98154916833,3832.95950168193,60
"0301",2043,3661.75596313454,3583.38650618105,3910.94348666051,60
"0301",2044,3723.64074897719,3635.66139953818,3993.50841104611,60
"0301",2045,3789.9685494451,3691.47901369016,4081.76352588547,60
"0301",2046,3860.032600009,3750.27029080577,4174.82041568553,60
"0301",2047,3933.12962771546,3811.47481540729,4271.78605448522,60
"0301",2048,4009.86714067442,3875.5707047732,4373.44791812513,60
"0301",2049,4091.90486952816,3943.86671249999,4481.95145067737,60
"0301",2050,4180.48898484137,4017.34050937405,4598.92071366227,60
"1101",2026,101.318700928566,101.141457027709,101.600389531162,60
"1101",2027,101.630506852857,101.35266481631,102.086668790131,60
"1101",2028,102.030844960606,101.636632858669,102.693757089476,60
"1101",2029,102.63256671651,102.082054029138,103.581134310098,60
"1101",2030,103.410663384644,102.635027305207,104.716917680788,60
"1101",2031,104.322094004498,103.285224509188,105.972675862337,60
"1101",2032,105.314666531913,103.992202057057,107.330988847335,60
"1101",2033,106.554333509599,104.874361031337,109.056457337463,60
"1101",2034,107.880923024559,105.817705511352,110.934429526111,60
"1101",2035,109.340431517757,106.855938616479,113.000811289374,60
"1101",2036,110.845047024864,107.926634950695,115.132208613538,60
"1101",2037,112.953751173381,109.41749395187,118.132581423939,60
"1101",2038,114.894334820523,110.787231781028,120.90151256123,60
"1101",2039,116.897669294688,112.198777383214,123.766387815962,60
"1101",2040,118.848906094465,113.571681865599,126.562010411474,60
"1101",2041,120.96021599136,115.051542301369,129.597623449209,60
"1101",2042,123.484512790212,116.811498229257,133.244971937067,60
"1101",2043,126.211178260145,118.703884043159,137.202816255424,60
"1101",2044,128.580199921991,120.349340621938,140.641529524824,60
"1101",2045,130.826875986207,121.907313139495,143.907662208842,60
"1101",2046,133.207386213392,123.552950348028,147.378806647209,60
"1101",2047,136.280785133658,125.660046623172,151.89570859812,60
"1101",2048,139.333224963865,127.74722356405,156.394726970061,60
"1101",2049,142.198575159098,129.69910103336,160.631334080105,60
"1101",2050,145.347714591992,131.83504175307,165.308358015005,60
"1103",2026,685.001594025725,683.355972030382,688.580624740128,60
"1103",2027,688.52380921787,686.161453821361,693.585530838211,60
"1103",2028,692.883614715822,689.683795980461,699.524842233103,60
"1103",2029,698.176655085028,694.030985448725,706.507661358732,60
"1103",2030,704.47906100824,699.295595008436,714.82218353221,60
"1103",2031,711.893636541756,706.097583538009,724.523648352254,60
"1103",2032,720.116230284917,713.747421694673,735.204988459965,60
"1103",2033,729.638026347033,722.770464743434,747.496056516678,60
"1103",2034,740.126500220036,732.813800578095,760.987120139217,60
"1103",2035,751.835566660387,743.29802521799,775.993464435225,60
"1103",2036,764.922883146431,754.932386051277,792.844922491791,60
"1103",2037,778.154425237465,766.644096193344,810.401715911946,60
"1103",2038,793.184003848584,779.579871102479,830.465573240718,60
"1103",2039,808.868273956726,792.564961609309,851.452782365922,60
"1103",2040,825.669553655549,806.377173026596,874.067905451265,60
"1103",2041,843.769199966625,821.139016755267,898.549896638561,60
"1103",2042,861.301319869239,835.486749729217,922.238870703247,60
"1103",2043,880.938840989157,851.363818522633,948.96417438082,60
"1103",2044,901.730513996807,868.071275338046,977.808757942762,60
"1103",2045,923.263102653819,885.302455873957,1007.82791571191,60
"1103",2046,945.944049257606,903.347315056474,1039.62201989327,60
"1103",2047,968.550528792525,921.321668568736,1071.36009208166,60
"1103",2048,992.446119639234,940.202593075689,1105.10518391883,60
"1103",2049,1017.87968298045,960.161656037656,1141.25417639604,60
"1103",2050,1044.38441749336,980.85860398132,1179.1162459683,60
"1106",2026,274.378659685983,274.05733898116,274.815951383718,60
"1106",2027,275.402482573888,274.921791759443,276.11220178332,60
"1106",2028,276.830206654698,276.136969447826,277.918998653156,60
"1106",2029,278.527480142322,277.532265053706,280.058212363017,60
"1106",2030,280.668711157749,279.278951794753,282.768549023657,60
"1106",2031,283.26502039305,281.383979664672,286.068176607556,60
"1106",2032,285.975623757604,283.593253928111,289.497951138244,60
"1106",2033,289.48445436778,286.408516021435,293.99417024098,60
"1106",2034,293.088068089284,289.311779267055,298.597895791548,60
"1106",2035,297.360299285999,292.721295020178,304.123162662,60
"1106",2036,302.06666969149,296.464702348509,310.233842465123,60
"1106",2037,306.678412618961,300.153701146235,316.195045819578,60
"1106",2038,312.278387929368,304.571631739647,323.530622738097,60
"1106",2039,318.158770072033,309.201730589719,331.253802880813,60
"1106",2040,324.465586592957,314.144832964816,339.578726941656,60
"1106",2041,331.001951675685,319.259373648324,348.226695962584,60
"1106",2042,337.492247987435,324.346758803377,356.805572085582,60
"1106",2043,344.74283947197,329.980796730253,366.474147071777,60
"1106",2044,352.51456849396,335.989748355784,376.893950546584,60
"1106",2045,360.507499768789,342.156098382761,387.640475904392,60
"1106",2046,368.763922123222,348.508248076451,398.777718607533,60
"1106",2047,377.149858079455,354.951716816559,410.110850869524,60
"1106",2048,386.023081062309,361.735548279187,422.167174779754,60
"1106",2049,396.118127071043,369.372482371693,436.03157554727,60
"1106",2050,406.29497090992,377.061214309619,450.036910111452,60
"1108",2026,413.011034152797,412.720519074643,413.83639807522,60
"1108",2027,414.381900245805,413.832191562226,415.567167515106,60
"1108",2028,416.301883545814,415.402666116827,417.876655630966,60
"1108",2029,418.840507716498,417.476748489657,420.841412991725,60
"1108",2030,422.009718335807,420.181846560047,424.615179452307,60
"1108",2031,425.927283489574,423.6332077056,429.36072987086,60
"1108",2032,430.476398592642,427.646290199783,435.008791094852,60
"1108",2033,435.725507114949,432.207715480444,441.5551022481,60
"1108",2034,441.699672348495,437.229405793561,449.038539309336,60
"1108",2035,448.249801533012,442.729289468494,457.253899571455,60
"1108",2036,455.701795963269,448.943619563522,466.667455602281,60
"1108",2037,463.811163840256,455.686942673594,476.945477698802,60
"1108",2038,472.576421606379,462.950507915301,488.099419143517,60
"1108",2039,482.083563728612,470.793336679168,500.259675629451,60
"1108",2040,492.327008066087,479.205865879408,513.429344197392,60
"1108",2041,503.067620425427,488.011270613959,527.271787009759,60
"1108",2042,514.707333224102,497.494091422907,542.378795490494,60
"1108",2043,526.857954896657,507.370126319117,558.040726936734,60
"1108",2044,539.74649724161,517.795207485076,574.649585571461,60
"1108",2045,553.97533950882,529.193357476513,593.140019299435,60
"1108",2046,567.88700645131,540.37299909115,611.181723710378,60
"1108",2047,583.166708791304,552.531665415493,631.169516357109,60
"1108",2048,598.815539386677,564.949491391221,651.700249289858,60
"1108",2049,615.547824042181,578.128775333101,673.801857196671,60
"1108",2050,633.022515445066,591.818923487794,697.003700225364,60
"1111",2026,22.9707447188784,22.926245267521,23.0804244525462,60
"1111",2027,22.9841860846813,22.912782604527,23.1464286259267,60
"1111",2028,23.0131309540575,22.9093696420163,23.2386930028144,60
"1111",2029,23.0861812547321,22.9365006499962,23.3958093421854,60
"1111",2030,23.1837736339178,22.9795321378532,23.590887672105,60
"1111",2031,23.3390718155493,23.0618088827309,23.8725199235094,60
"1111",2032,23.4839976970385,23.1347489488336,24.1426186691519,60
"1111",2033,23.7172696339862,23.2689309511032,24.5442611625443,60
"1111",2034,23.9714232999848,23.4161599452682,24.9801175948036,60
"1111",2035,24.1939851859944,23.5393565849595,25.3629813077564,60
"1111",2036,24.6974813817657,23.8589138867219,26.1240822561961,60
"1111",2037,24.9932521010628,24.0300208251956,26.6094571967161,60
"1111",2038,25.4398817261911,24.3044945162722,27.3098518902181,60
"1111",2039,25.9278300441843,24.6060900463609,28.0717604054381,60
"1111",2040,26.4105763487453,24.9000592810146,28.8325215275154,60
"1111",2041,26.9367386158853,25.2226169572872,29.6579467314401,60
"1111",2042,27.4002949722161,25.4981770428437,30.3998403884699,60
"1111",2043,28.0039845949066,25.866895202005,31.3476768389868,60
"1111",2044,28.5091890945373,26.1640073049329,32.1602838410905,60
"1111",2045,29.0638183933924,26.491931426903,33.0489808063066,60
"1111",2046,29.5471707783595,26.7690216023855,33.8381848004606,60
"1111",2047,30.2173997260651,27.1671704242136,34.9077929125383,60
"1111",2048,30.6566147401807,27.4072402617012,35.6435299713759,60
"1111",2049,31.2049539133526,27.7154808754837,36.5469299690431,60
"1111",2050,31.9280375931806,28.1369950200756,37.713820914807,60
"1112",2026,22.8346745146607,22.7934451728432,22.908719684808,60
"1112",2027,22.8274226635825,22.7585897030332,22.9459162854694,60
"1112",2028,22.8329390206549,22.7339778650125,23.0000556200219,60
"1112",2029,22.860506541493,22.7262333849651,23.0845470044239,60
"1112",2030,22.9287058870272,22.7491005804305,23.2248520374192,60
"1112",2031,23.1229588078995,22.8644414617691,23.5425188655699,60
"1112",2032,23.2164636155607,22.9067336506174,23.7176134604271,60
"1112",2033,23.3460586357608,22.9759237058187,23.9430628761038,60
"1112",2034,23.5506089307917,23.0991685670202,24.2760570849488,60
"1112",2035,23.890394589649,23.3204583474688,24.8030663103976,60
"1112",2036,24.2913076407251,23.5843594953526,25.4218070077652,60
"1112",2037,24.4795637006251,23.6982493307968,25.7289027378995,60
"1112",2038,24.9426442294499,24.0065043603851,26.4400929058112,60
"1112",2039,25.4788665408157,24.3647516596925,27.2635602693468,60
"1112",2040,25.8474323880339,24.6051407851637,27.8393011812618,60
"1112",2041,26.4640672251892,25.0189027232485,28.7920573651191,60
"1112",2042,27.0798280323112,25.4300144054006,29.7516297005632,60
"1112",2043,27.4400236957343,25.6625495444241,30.323043605089,60
"1112",2044,28.1822478030028,26.1588362009774,31.4837880976206,60
"1112",2045,28.8236621283657,26.5848706678075,32.4919827737407,60
"1112",2046,29.3175124033006,26.9078963548621,33.2647109564413,60
"1112",2047,30.0676731711792,27.4040174344972,34.4163072272532,60
"1112",2048,30.4558261780976,27.65297332925,35.0294103631336,60
"1112",2049,31.4132343309095,28.2845408799135,36.5011697136128,60
"1112",2050,31.8756980635142,28.581602456236,37.2296271245874,60
"1114",2026,19.8334333766339,19.8104331689729,19.8828720048335,60
"1114",2027,19.805013615725,19.770903163131,19.8759105141247,60
"1114",2028,19.8379662095842,19.7868034644837,19.9400297359689,60
"1114",2029,19.8809377385296,19.809487884678,20.0167007314015,60
"1114",2030,19.967487440974,19.8656559199793,20.1455600156091,60
"1114",2031,20.0026177975334,19.881544371431,20.2109952245756,60
"1114",2032,20.1865260898805,20.0060653339388,20.4561755469622,60
"1114",2033,20.4375289756861,20.1797620308091,20.7999990730381,60
"1114",2034,20.5945871157733,20.2874429328097,21.0234337389685,60
"1114",2035,20.862153802085,20.4758097880844,21.3955104665229,60
"1114",2036,21.1428601087457,20.6749884883207,21.7856728904305,60
"1114",2037,21.4510064664856,20.8950721549124,22.2183926750783,60
"1114",2038,21.8184507758985,21.1582503217126,22.7345491740024,60
"1114",2039,22.2653190174475,21.4781964150761,23.3642543941745,60
"1114",2040,22.6660423660071,21.767579743378,23.9259493579386,60
"1114",2041,23.1493691408411,22.114361078297,24.6081596903244,60
"1114",2042,23.6139470245031,22.4482027720379,25.2596475724856,60
"1114",2043,24.0181991190274,22.7421217500872,25.8215394734177,60
"1114",2044,24.6890557960416,23.2185118984581,26.7739205805634,60
"1114",2045,25.1652898710192,23.5643315529816,27.4427726850368,60
"1114",2046,25.8078821841751,24.0255557836686,28.3583692283562,60
"1114",2047,26.3902270730474,24.4437949145651,29.1874214382159,60
"1114",2048,26.8589558293005,24.7822577838986,29.849745100364,60
"1114",2049,27.8270759874218,25.4645098295057,31.2601603356606,60
"1114",2050,28.2655088188948,25.7795155072452,31.8821079564553,60
"1119",2026,108.541020046714,108.303755665648,109.322225733254,60
"1119",2027,108.98249894818,108.640219838938,110.090598421078,60
"1119",2028,109.636753247004,109.171970642351,111.108159336057,60
"1119",2029,110.485043140586,109.881432700018,112.300952982871,60
"1119",2030,111.420804475248,110.697100087593,113.590133182615,60
"1119",2031,112.510660093995,111.662599389116,115.131477986518,60
"1119",2032,113.833526758325,112.854181954493,117.03411929061,60
"1119",2033,115.434787853984,114.251975483542,119.292609186073,60
"1119",2034,117.251017472677,115.743629652683,121.745778085774,60
"1119",2035,119.167496253523,117.303599105096,124.326891685272,60
"1119",2036,121.254697792548,119.028987955907,127.205973137316,60
"1119",2037,123.494234667256,120.915655095592,130.342656835383,60
"1119",2038,126.036107695015,123.051897582925,133.910878577491,60
"1119",2039,128.943477340423,125.486102279141,138.010052963239,60
"1119",2040,131.77634224439,127.860375939204,141.997843649051,60
"1119",2041,134.636501326698,130.259475689012,146.021313321818,60
"1119",2042,137.836626026214,132.933549172603,150.544915049739,60
"1119",2043,141.29758532454,135.816763801416,155.45846921754,60
"1119",2044,145.030530675438,138.916673042049,160.783096060629,60
"1119",2045,148.601319332733,141.888735810808,165.86464476143,60
"1119",2046,152.175551105598,144.862210863333,170.957125990712,60
"1119",2047,156.183589542715,148.17784598083,176.713391878734,60
"1119",2048,159.902141530444,151.263005869171,182.032146919135,60
"1119",2049,164.529687737074,155.031997965541,188.757507255483,60
"1119",2050,169.102830403788,158.756668508919,195.409701567634,60
"1120",2026,98.6772718963465,98.0856657645542,99.7920610507448,60
"1120",2027,99.1664980072637,98.3323270657421,100.740551642872,60
"1120",2028,99.8245394447261,98.7291909627073,101.913587688453,60
"1120",2029,100.655966831915,99.3118176244006,103.313697692739,60
"1120",2030,101.676078221563,100.097126980451,104.959310430422,60
"1120",2031,102.709558405183,100.891894889573,106.611225399072,60
"1120",2032,103.990704092606,101.93518862773,108.590600419214,60
"1120",2033,105.400051053597,103.088261038616,110.733900566901,60
"1120",2034,107.023327939859,104.449596492119,113.160408828371,60
"1120",2035,108.817691923271,105.975124593705,115.810812491443,60
"1120",2036,110.70672619632,107.539429734308,118.508972625218,60
"1120",2037,112.715296888787,109.191459440903,121.342435315353,60
"1120",2038,114.864211784058,110.96657524319,124.346708496089,60
"1120",2039,117.261476721946,112.955748979637,127.658060981279,60
"1120",2040,119.860299756309,115.120036299215,131.219199687788,60
"1120",2041,122.397993130315,117.235187473054,134.699447830563,60
"1120",2042,125.206822488871,119.583730972536,138.518682245805,60
"1120",2043,128.041942034352,121.957541377268,142.367392900665,60
"1120",2044,131.2005295932,124.60824430221,146.622819274044,60
"1120",2045,134.693453579198,127.544194181377,151.30015775933,60
"1120",2046,138.280374341788,130.560665998944,156.096048525985,60
"1120",2047,142.223151586029,133.879130187688,161.343589499682,60
"1120",2048,146.327249651805,137.22424327149,166.797810905119,60
"1120",2049,150.759467629069,140.722921921356,172.672123958375,60
"1120",2050,156.002407155762,144.808605415081,179.860418524687,60
"1121",2026,117.84823554087,117.653395869793,118.132641094858,60
"1121",2027,118.064144301171,117.774119036276,118.499880321811,60
"1121",2028,118.488641166984,118.058924090343,119.122007691633,60
"1121",2029,119.089186416874,118.476539412299,119.956785544119,60
"1121",2030,119.833700127605,119.013154965526,120.963212139456,60
"1121",2031,120.844284940577,119.75160312393,122.305845072608,60
"1121",2032,122.01645005702,120.619702838664,123.845933137735,60
"1121",2033,123.314280042931,121.593226337436,125.535006685152,60
"1121",2034,124.947078869943,122.811648368253,127.658887349797,60
"1121",2035,126.809427722685,124.319858542582,130.074742159971,60
"1121",2036,128.896000506124,126.042686687103,132.776460063732,60
"1121",2037,131.133485468642,127.899308399747,135.666155658918,60
"1121",2038,133.499855440206,129.871674576349,138.715112854572,60
"1121",2039,136.311896557057,132.224944231928,142.365020722328,60
"1121",2040,139.373324378954,134.793432363328,146.373668346778,60
"1121",2041,142.383872204471,137.313932279967,150.316598118675,60
"1121",2042,145.781879705616,140.011389217016,154.807859405659,60
"1121",2043,149.227342684054,142.747758375181,159.364503739728,60
"1121",2044,153.137930905086,145.821490000972,164.591054291738,60
"1121",2045,156.885454199443,148.782661415952,169.347780553781,60
"1121",2046,161.050764642778,152.042249713766,174.739245350733,60
"1121",2047,165.217295690129,155.304870032306,180.246210907735,60
"1121",2048,169.802860673206,158.860649694374,186.358351537377,60
"1121",2049,174.528002034473,162.513473337318,192.676148537454,60
"1121",2050,179.427484221675,166.28801567937,199.249503096098,60
"1122",2026,69.3463485150038,69.1541198652277,69.6355288766022,60
"1122",2027,69.2626250535778,68.9729435536021,69.6743937856334,60
"1122",2028,69.3192672098881,68.9032298108582,69.8680544206203,60
"1122",2029,69.4268329124968,68.8783898220672,70.116264981503,60
"1122",2030,69.595256123148,68.905428937561,70.4304484365589,60
"1122",2031,69.9598836903935,69.08262661212,70.9628605866361,60
"1122",2032,70.3797541328303,69.3070530889482,71.5551869632558,60
"1122",2033,71.0252143131285,69.7614718290155,72.4095345722607,60
"1122",2034,71.7370809206834,70.2969622009785,73.3872467721494,60
"1122",2035,72.4855477136252,70.8671644339717,74.4063043707868,60
"1122",2036,73.4259472565025,71.6107409615517,75.7017390362758,60
"1122",2037,74.5286607996024,72.4319150808411,77.2334144891602,60
"1122",2038,75.7504706425819,73.3243813755899,78.9246059170588,60
"1122",2039,77.1878707533816,74.3779531704674,80.9143909291466,60
"1122",2040,78.6113022793493,75.4268194166378,82.8772473282412,60
"1122",2041,80.1451960295313,76.5602364328715,84.9926118240658,60
"1122",2042,81.974402928759,77.9124949792609,87.5260717147203,60
"1122",2043,83.7373735541143,79.219579371152,89.9617545344241,60
"1122",2044,85.8889452458729,80.8087524692112,92.9591337130719,60
"1122",2045,87.988826887124,82.3609938479283,95.88392066512,60
"1122",2046,90.3048312841304,84.0671697953545,99.1287587983992,60
"1122",2047,92.6006251925073,85.7579739253378,102.348461957344,60
"1122",2048,95.0144856015084,87.5304938871348,105.748924773338,60
"1122",2049,97.8745015752991,89.6178430061752,109.816763070625,60
"1122",2050,100.505592256791,91.5363032151195,113.56028528489,60
"1124",2026,166.812572044247,166.423553630221,167.393544809994,60
"1124",2027,167.153346991144,166.614623965857,167.984839427171,60
"1124",2028,167.681360432608,166.991062324234,168.811851323246,60
"1124",2029,168.436144183327,167.592483008474,169.902545234371,60
"1124",2030,169.415500502369,168.415748751324,171.258682875366,60
"1124",2031,170.632242004726,169.400876172519,172.895842790401,60
"1124",2032,172.157222400619,170.626879378019,174.90449900002,60
"1124",2033,173.804188853513,171.964585915014,177.050497720995,60
"1124",2034,175.880176175356,173.660109031624,179.736622760836,60
"1124",2035,178.171010409742,175.51824213357,182.727028403206,60
"1124",2036,180.618306223567,177.495167436025,185.869200405089,60
"1124",2037,183.543020073806,179.846078899732,189.575276894258,60
"1124",2038,186.509425247545,182.240568595012,193.323427196451,60
"1124",2039,189.967103669396,185.015920373898,197.685697304084,60
"1124",2040,193.703889893215,188.009732243295,202.396094578378,60
"1124",2041,197.762449652459,191.253086414608,207.510425395681,60
"1124",2042,202.117471019503,194.725345952462,212.998634945934,60
"1124",2043,206.603469817662,198.30082953429,218.658427868532,60
"1124",2044,211.955036558232,202.52322672274,225.704837372517,60
"1124",2045,217.387807642976,206.80625175791,232.916208844565,60
"1124",2046,223.074402184161,211.276396772608,240.496300647403,60
"1124",2047,229.089262373697,215.898507192743,248.594187088378,60
"1124",2048,235.243541532806,220.574986169909,256.997927595495,60
"1124",2049,242.361065928101,225.904821094766,266.858884192145,60
"1124",2050,249.340327844887,231.129983254429,276.541496948117,60
"1127",2026,79.5649589812573,78.8291323700213,79.8364559863808,60
"1127",2027,79.979325247825,78.9514379354857,80.3845547732723,60
"1127",2028,80.5429497837403,79.2112928290993,81.1085117901847,60
"1127",2029,81.1734645324957,79.5325957685579,81.909502033525,60
"1127",2030,81.9556381434989,79.9937708713538,82.9061530895676,60
"1127",2031,82.8473439510083,80.5558736375256,84.0633954106911,60
"1127",2032,83.8567009213825,81.2264684598421,85.3741157847523,60
"1127",2033,85.0895700956088,82.1035636479238,86.9883257476831,60
"1127",2034,86.3584326073794,83.0136407962305,88.6445475577779,60
"1127",2035,87.9076953821754,84.1829600187886,90.688950466409,60
"1127",2036,89.2055667994146,85.0971539838188,92.3646443305151,60
"1127",2037,91.0029304440136,86.4088744168755,94.7427675177352,60
"1127",2038,93.0534431316683,87.9285373474995,97.4752256097159,60
"1127",2039,95.1231717512901,89.4657385412747,100.23047113472,60
"1127",2040,97.4247798931891,91.1699713365373,103.312820985338,60
"1127",2041,99.7649229975603,92.8011312775749,106.449025317215,60
"1127",2042,102.301342240929,94.5682307977102,109.865999702828,60
"1127",2043,105.098956159429,96.5085765465043,113.668920452244,60
"1127",2044,108.028724738128,98.5366871504771,117.669577815333,60
"1127",2045,111.408053861879,100.959762625492,122.342226206866,60
"1127",2046,114.773029947517,103.550990878582,127.005546090927,60
"1127",2047,118.046967555686,106.063289145852,131.543793313522,60
"1127",2048,121.697788756461,108.870289128312,136.661545450043,60
"1127",2049,125.654084053868,111.926442702965,142.255385950291,60
"1127",2050,130.024900288545,115.319667535556,148.502238424115,60
"1130",2026,78.4181513709521,78.2995143401866,78.5994012893274,60
"1130",2027,78.3546968548971,78.1752633675174,78.6493711922004,60
"1130",2028,78.4002196006477,78.1265859483256,78.8443147288995,60
"1130",2029,78.5677473522051,78.1715307759503,79.1933863039003,60
"1130",2030,78.7371461606369,78.2216715358591,79.5354998527438,60
"1130",2031,79.0508750432892,78.381680570644,80.0657062765204,60
"1130",2032,79.5243426734386,78.6615959371589,80.809799993908,60
"1130",2033,80.1496212254678,79.0556296966242,81.7764493138715,60
"1130",2034,80.7976580388996,79.4685186074772,82.7728553511687,60
"1130",2035,81.3986978239854,79.8517257541262,83.6975840496598,60
"1130",2036,82.3432146275429,80.4866305925484,85.1037047854859,60
"1130",2037,83.371022266837,81.1845590800042,86.6253186125976,60
"1130",2038,84.5635744298687,82.0028230855549,88.3807460991196,60
"1130",2039,85.6330061636659,82.7362930544338,89.9563241791506,60
"1130",2040,86.7242713409187,83.4871857067768,91.5614711754621,60
"1130",2041,87.9768991385128,84.3563889231802,93.3951749521014,60
"1130",2042,89.5918980602231,85.4855944231262,95.7512015808009,60
"1130",2043,91.2997098346185,86.6815976143691,98.2431125586247,60
"1130",2044,93.1276664964074,87.9620221668582,100.913778907382,60
"1130",2045,94.5987044819279,88.9930726615246,103.060147680159,60
"1130",2046,96.4335998404196,90.2808745497851,105.740945125266,60
"1130",2047,98.4012480539223,91.6594568415744,108.623376040301,60
"1130",2048,100.618374585266,93.2120309574537,111.878496654037,60
"1130",2049,103.006124342551,94.877721195848,115.400166350809,60
"1130",2050,104.916556802392,96.2103607291318,118.214294498889,60
"1133",2026,31.6973964895118,31.4344933902334,31.7619834383461,60
"1133",2027,31.7444741322487,31.3677647654071,31.8822025521577,60
"1133",2028,31.6989667907741,31.2161943102096,31.8785359782167,60
"1133",2029,31.7793400757042,31.1673867088443,32.0471467635049,60
"1133",2030,31.9286316327716,31.1725361630963,32.3118779548713,60
"1133",2031,32.146174524403,31.2092074176864,32.67214743282,60
"1133",2032,32.4247263420137,31.2750602056155,33.1187419812307,60
"1133",2033,32.7629026975657,31.3786888225295,33.6505162324402,60
"1133",2034,33.2374879453728,31.5655484744874,34.3811557903238,60
"1133",2035,33.635817415237,31.7073434924892,35.0006055152499,60
"1133",2036,34.1912742054221,31.9439523741968,35.8516218000758,60
"1133",2037,34.7266932137789,32.168564173257,36.6746461077556,60
"1133",2038,35.282256575857,32.4058403291825,37.5278460339921,60
"1133",2039,35.9808237479302,32.7270727574108,38.5973018327451,60
"1133",2040,36.6819767150439,33.0521083564665,39.6687113998182,60
"1133",2041,37.2884220740022,33.3162659463989,40.599997387926,60
"1133",2042,37.9140699724041,33.5949127839369,41.5561049329161,60
"1133",2043,38.5500437187057,33.8969322783579,42.5312891941306,60
"1133",2044,39.1688960402322,34.1947639762348,43.4869523024588,60
"1133",2045,39.918076913652,34.5846712186204,44.6368695668429,60
"1133",2046,40.4343029557033,34.8100330063833,45.443649554832,60
"1133",2047,41.1871863475448,35.2028798788411,46.6047018513996,60
"1133",2048,41.8779472359283,35.5512648624916,47.6829389406742,60
"1133",2049,42.7687169738562,36.0421497591679,49.0624049011592,60
"1133",2050,43.4021298671685,36.3498386618938,50.055021808842,60
"1134",2026,42.8391018152347,42.6361424079391,42.9323984418887,60
"1134",2027,42.8527638786091,42.5800537052781,43.0063109073068,60
"1134",2028,42.8890694678365,42.5488686328391,43.1114334715635,60
"1134",2029,43.0190024428028,42.6185992871315,43.3416645065256,60
"1134",2030,43.1942269532302,42.7327519327568,43.63996809656,60
"1134",2031,43.4580990629728,42.8724544481219,44.0610209419991,60
"1134",2032,43.8735753092341,43.1754880440477,44.6942320099424,60
"1134",2033,44.2449269432163,43.3944279324479,45.2700321506451,60
"1134",2034,44.8667262451455,43.7948585798459,46.1995572532365,60
"1134",2035,45.4149218186234,44.1387272949518,47.0309757383535,60
"1134",2036,45.941405944379,44.4652119543981,47.8407068017328,60
"1134",2037,46.7517083135571,44.9975436334737,49.0622164121941,60
"1134",2038,47.4529568221145,45.4473763400325,50.1338980038602,60
"1134",2039,48.2265938675231,45.9493223560326,51.31271353425,60
"1134",2040,48.9839568028929,46.4327478641122,52.4749168665879,60
"1134",2041,49.6381398486636,46.8373630082172,53.4886446082011,60
"1134",2042,50.7439453589544,47.555482512435,55.1706282471947,60
"1134",2043,51.1530545432377,47.7882542279131,55.8260508785815,60
"1134",2044,52.119970324993,48.4022349583427,57.3176818804271,60
"1134",2045,52.77191936234,48.8003664387819,58.3386789923857,60
"1134",2046,53.9764942784458,49.5734563702267,60.1957398549108,60
"1134",2047,54.5539863704787,49.9121715969273,61.1199108534047,60
"1134",2048,55.247488674783,50.3287879312502,62.2213518759314,60
"1134",2049,56.0384579415578,50.8103707144163,63.472905198921,60
"1134",2050,56.7388711687303,51.2286095725895,64.5906824799235,60
"1135",2026,34.1937556239804,34.1420235484641,34.2707571294297,60
"1135",2027,34.2640609595297,34.1900129216441,34.3740688999926,60
"1135",2028,34.3761222942934,34.2673885282539,34.5368073288395,60
"1135",2029,34.553948888175,34.3919403722039,34.7921363297558,60
"1135",2030,34.7334334951732,34.5158224486977,35.0527500876118,60
"1135",2031,34.8544454738026,34.594877326034,35.2351914146369,60
"1135",2032,35.1729495956661,34.8184565710488,35.6941935169634,60
"1135",2033,35.4925007811475,35.0400130352505,36.1621072877348,60
"1135",2034,35.8436716056239,35.284175271117,36.6763372068708,60
"1135",2035,36.2717125294844,35.5822541785413,37.3042219214044,60
"1135",2036,36.6993331457723,35.8790474707234,37.9193308073343,60
"1135",2037,37.263523176156,36.2722980509419,38.6900171541255,60
"1135",2038,37.748379050458,36.6077486224313,39.3743809595791,60
"1135",2039,38.4853942394206,37.1201869087695,40.4441143972549,60
"1135",2040,39.0422351738649,37.5018931718709,41.2601430708277,60
"1135",2041,39.8251889314109,38.0433468658491,42.4050020722657,60
"1135",2042,40.7817859631364,38.701206751719,43.8144069735971,60
"1135",2043,41.1279867123327,38.928979941523,44.3342763381349,60
"1135",2044,42.2305455641625,39.6818910314455,45.9729068214026,60
"1135",2045,42.9784995014091,40.1853502800015,47.0938361603016,60
"1135",2046,43.7395763683657,40.6916324377716,48.2454513419349,60
"1135",2047,44.4479954458819,41.158812421986,49.323814867049,60
"1135",2048,45.0719700576111,41.5629105659983,50.2843542069413,60
"1135",2049,45.9000767021385,42.1056729233386,51.5549056159614,60
"1135",2050,46.8579316954964,42.7323546147742,53.0308002278212,60
"1144",2026,5.87042463137435,5.86471944729999,5.89893130550878,60
"1144",2027,5.82581185272156,5.81765219473997,5.86571035923605,60
"1144",2028,5.79804814095389,5.78473138457501,5.85469669377937,60
"1144",2029,5.70498340803122,5.69853681428194,5.75541643608733,60
"1144",2030,5.683266041928,5.67162514195618,5.75030668326467,60
"1144",2031,5.66380424523689,5.64648964249704,5.7487770173202,60
"1144",2032,5.68918759624259,5.65784950179998,5.8084852445497,60
"1144",2033,5.59619309102138,5.57403055035659,5.70470124032648,60
"1144",2034,5.51824266319783,5.5031160337534,5.62047787116229,60
"1144",2035,5.5701737435371,5.53737009258896,5.71390659088737,60
"1144",2036,5.63113040479408,5.57961299587389,5.81890142291807,60
"1144",2037,5.62185031438918,5.56577580216729,5.82608468939233,60
"1144",2038,5.61022480636273,5.55055462535146,5.8291328269052,60
"1144",2039,5.66544276412931,5.58845293315862,5.92596520989956,60
"1144",2040,5.77142964956828,5.66509146193544,6.09191493097248,60
"1144",2041,5.79757638477827,5.68047465634584,6.14519969947502,60
"1144",2042,5.82511679142412,5.69593478769034,6.20173382119751,60
"1144",2043,5.97481273548153,5.80292608015089,6.415899752496,60
"1144",2044,6.06245620312919,5.86303432961271,6.54562452046331,60
"1144",2045,6.21102088230843,5.96724777842754,6.75413293649436,60
"1144",2046,6.37913199040818,6.08554112280046,6.99469803856843,60
"1144",2047,6.52860483230976,6.18838611722696,7.21270650852434,60
"1144",2048,6.81361658259765,6.38935107604333,7.61828217622341,60
"1144",2049,6.85988761062025,6.41962018703674,7.69565154637499,60
"1144",2050,7.22757550260336,6.67540127780722,8.25094706614527,60
"1145",2026,13.7805989391002,13.6468310661865,13.8110250252792,60
"1145",2027,13.6575956069744,13.4661650045418,13.6853493785304,60
"1145",2028,13.621560123843,13.386294312509,13.674359016198,60
"1145",2029,13.563976490089,13.2796241110034,13.6329877097256,60
"1145",2030,13.5522430756395,13.2266712610998,13.6526905582749,60
"1145",2031,13.5383183925191,13.1696271565937,13.6678318955283,60
"1145",2032,13.4521608513209,13.0281884806022,13.5870121542156,60
"1145",2033,13.4427111099164,12.9747184659714,13.6063202846564,60
"1145",2034,13.5011417760988,13.0005339752752,13.715772307439,60
"1145",2035,13.5536704667819,13.0189394045923,13.8168224699522,60
"1145",2036,13.7019980963339,13.1511902658363,14.0471581876743,60
"1145",2037,13.8565106628051,13.2912218760777,14.2862782354025,60
"1145",2038,14.0898824902242,13.5086090098613,14.6340582999402,60
"1145",2039,14.2783223674065,13.6283199308599,14.9234632266362,60
"1145",2040,14.3932656047812,13.6729835142481,15.1108182100279,60
"1145",2041,14.69765746106,13.8424960341609,15.5587492655196,60
"1145",2042,14.904481878293,13.9467901886964,15.874150380768,60
"1145",2043,15.0643040389484,14.0217435485022,16.1231051110249,60
"1145",2044,15.5173843935339,14.2820084038662,16.7870486945823,60
"1145",2045,15.5484546572427,14.27715683383,16.8522490595359,60
"1145",2046,15.7823526208761,14.4003824096121,17.2048971968941,60
"1145",2047,15.8189954684637,14.3961529739932,17.2813312233734,60
"1145",2048,16.5574077258628,14.8295557838672,18.3610716023228,60
"1145",2049,16.8756901668076,15.0055603420959,18.8353465242077,60
"1145",2050,17.2301198005141,15.1936812561574,19.3745383745604,60
"1146",2026,89.1122008689209,88.6824157149391,89.3029343880429,60
"1146",2027,89.3642446250043,88.7711183022291,89.6647935223495,60
"1146",2028,89.790551902732,89.0229795948628,90.2509129282049,60
"1146",2029,90.322565280235,89.3718509189671,90.9735943636241,60
"1146",2030,90.979245038486,89.8201249712578,91.8558603899165,60
"1146",2031,91.7962201905227,90.3735373581794,92.9460973101939,60
"1146",2032,92.8083172000019,91.0586116584631,94.2942357542497,60
"1146",2033,94.0183976877799,91.8942336681067,95.9052139841233,60
"1146",2034,95.2740307222052,92.7681005763763,97.5726081903056,60
"1146",2035,96.7833014175576,93.8322851611729,99.5814607752008,60
"1146",2036,98.236039271482,94.8605413838381,101.508733173849,60
"1146",2037,99.9245772650845,96.0661881509562,103.773420672157,60
"1146",2038,101.795883166779,97.4087621819494,106.291478530727,60
"1146",2039,103.765221679992,98.8248999541191,108.946595135722,60
"1146",2040,105.614090999539,100.15834777697,111.42429885806,60
"1146",2041,107.749878553937,101.701757487934,114.308469520113,60
"1146",2042,109.799198732074,103.184509346545,117.067562014924,60
"1146",2043,112.181902703893,104.910373149281,120.301671498936,60
"1146",2044,114.66452177375,106.705677873049,123.686133372308,60
"1146",2045,117.197403022634,108.537006169123,127.145548784547,60
"1146",2046,119.948961774102,110.52433449372,130.925397157824,60
"1146",2047,122.841294611665,112.607284490402,134.921755201926,60
"1146",2048,125.341528784811,114.40909252534,138.350869679275,60
"1146",2049,128.607893778751,116.751881567563,142.91150363164,60
"1146",2050,131.961644181278,119.150581012655,147.615860148497,60
"1149",2026,312.96994505833,311.82916232842,313.750797540876,60
"1149",2027,313.507881647721,311.881851489999,314.708604976233,60
"1149",2028,314.386125857016,312.237829672983,316.09349074029,60
"1149",2029,315.780095396943,312.969356128378,318.197741184452,60
"1149",2030,317.309875175649,313.80800044368,320.480717220772,60
"1149",2031,319.462662820431,315.244220777756,323.600497846632,60
"1149",2032,321.912481222312,316.900039470928,327.121609477367,60
"1149",2033,324.492120822703,318.560535385306,330.816946393231,60
"1149",2034,328.009914265184,320.935158373857,335.79047030997,60
"1149",2035,331.427564851169,323.226983403883,340.624319275014,60
"1149",2036,335.505923357606,326.020017941267,346.361343885115,60
"1149",2037,340.113508128263,329.212005029448,352.829021002928,60
"1149",2038,344.532570287191,332.265295936319,359.037158221822,60
"1149",2039,349.986161679649,336.089370902114,366.687395928711,60
"1149",2040,355.181428572702,339.721362457036,373.983338337814,60
"1149",2041,361.0248015686,343.830719953957,382.19644712819,60
"1149",2042,366.99431592062,348.031315908129,390.595799955561,60
"1149",2043,373.02233839917,352.270529533433,399.090288624442,60
"1149",2044,379.580480243712,356.893642760458,408.350002294517,60
"1149",2045,386.170590658652,361.530498579725,417.677015516612,60
"1149",2046,393.459828723231,366.668924319324,428.022894366937,60
"1149",2047,400.775611343852,371.813388067876,438.436081255433,60
"1149",2048,407.973903429441,376.859803379312,448.707962332824,60
"1149",2049,416.417503381347,382.797335231237,460.801888307784,60
"1149",2050,425.436728578047,389.134469445621,473.766998275117,60
"1151",2026,4.94200298843683,4.84024718041758,4.95250597529678,60
"1151",2027,4.90736965221298,4.76911538607288,4.91796841356464,60
"1151",2028,4.88238846209507,4.70561353061971,4.89391059655551,60
"1151",2029,4.87012553855933,4.65274142562036,4.88507958618191,60
"1151",2030,4.90588044028517,4.63992904285722,4.93395835256773,60
"1151",2031,4.95845330093143,4.641172616013,5.00837394250498,60
"1151",2032,4.92816227678144,4.57238759616509,4.97237143150163,60
"1151",2033,5.0113815166352,4.59964891571877,5.08818421257563,60
"1151",2034,5.01127603520954,4.55584588832875,5.09021919370739,60
"1151",2035,4.97509759243461,4.48140201391649,5.04353362662972,60
"1151",2036,5.01622650881452,4.47266692365284,5.10146275184395,60
"1151",2037,5.06603940841868,4.47034324322883,5.16717546123881,60
"1151",2038,5.06888279058809,4.42902294947384,5.17311475866039,60
"1151",2039,5.19274461862662,4.48887295244971,5.33613338315997,60
"1151",2040,5.3234379217889,4.55551791812253,5.51299591126825,60
"1151",2041,5.33654860603763,4.52237382633674,5.53045742557218,60
"1151",2042,5.52353165429611,4.6355590985013,5.77863911086889,60
"1151",2043,5.78636809803663,4.81491614777447,6.13789847215287,60
"1151",2044,5.70985620191645,4.70464119630224,6.02880014102652,60
"1151",2045,6.16321869707468,5.04570991620276,6.64787287758209,60
"1151",2046,6.39862108833352,5.20230254555082,6.97290747227123,60
"1151",2047,6.56345564622619,5.29822271348419,7.19840184696018,60
"1151",2048,6.74137520446732,5.4053486705126,7.44226337484867,60
"1151",2049,6.85079813157753,5.45528828277708,7.59673851948619,60
"1151",2050,7.04572249190631,5.57698878125631,7.86455567626611,60
"1160",2026,60.1640690707341,59.8897334973972,60.5449883463077,60
"1160",2027,60.3076180051491,59.9201842154222,60.8485407522294,60
"1160",2028,60.4930893818846,59.9874165075821,61.2026679421799,60
"1160",2029,60.6907479902088,60.0657793007775,61.5707093513049,60
"1160",2030,61.0999100108126,60.327114190904,62.1992307289572,60
"1160",2031,61.5548577605827,60.6283576997692,62.8842458521121,60
"1160",2032,62.0977866972857,61.0054580823801,63.6785048976752,60
"1160",2033,62.6617634542812,61.4008947814868,64.5100819177711,60
"1160",2034,63.3698176612854,61.9206540548498,65.5515709415984,60
"1160",2035,64.1757541398347,62.5242668809855,66.7298778922053,60
"1160",2036,65.1909771872344,63.3075399928701,68.1947059503453,60
"1160",2037,66.2079184986353,64.0921582508967,69.6634141727115,60
"1160",2038,67.1326057229996,64.7905064715147,71.0079205714567,60
"1160",2039,68.5145967938092,65.7703335324609,72.9866448655656,60
"1160",2040,69.6872548546524,66.5995840419321,74.6940811772374,60
"1160",2041,71.1583056778422,67.639114275127,76.8346437894677,60
"1160",2042,72.7189950584204,68.7398512343604,79.1100030328876,60
"1160",2043,73.9031080169103,69.5700782587681,80.849850421379,60
"1160",2044,75.6314887211662,70.7830625217557,83.3807910130422,60
"1160",2045,77.2004728253769,71.878811098078,85.6901189807113,60
"1160",2046,78.9651711871252,73.1088306004522,88.2914792578206,60
"1160",2047,80.7089563933285,74.3186318138056,90.8729966022548,60
"1160",2048,82.2632590025764,75.3904511189069,93.1867089578472,60
"1160",2049,84.2967660126856,76.7901549398415,96.2172081105059,60
"1160",2050,85.9990043166842,77.9545348724956,98.7685028530411,60
"1505",2026,142.135028326299,141.649967642046,144.353271238297,60
"1505",2027,142.130294472772,141.433116885169,145.25736370088,60
"1505",2028,142.265961078537,141.295878322824,146.336011587287,60
"1505",2029,142.573659864338,141.290504683218,147.658042136075,60
"1505",2030,143.216674400721,141.538529864884,149.443370921132,60
"1505",2031,143.925737189737,141.837128549623,151.318080211603,60
"1505",2032,144.967023945915,142.384247932127,153.645053539713,60
"1505",2033,146.084672242755,142.989112574256,156.076328543944,60
"1505",2034,147.454479796626,143.781229771294,158.853132418144,60
"1505",2035,149.124373900223,144.794579635647,162.043107357147,60
"1505",2036,150.713875571825,145.749438615369,165.123162816509,60
"1505",2037,152.577253760129,146.903654546707,168.581751840275,60
"1505",2038,154.568054091129,148.142270187397,172.220406631405,60
"1505",2039,156.65796353904,149.454509747115,175.999392054874,60
"1505",2040,158.812829015239,150.899428397848,179.873390328371,60
"1505",2041,160.743604821315,152.164461360905,183.438479758818,60
"1505",2042,162.922292926112,153.624255232795,187.353048647869,60
"1505",2043,165.312994520381,155.25001193847,191.574070240532,60
"1505",2044,167.591072723609,156.783888589148,195.646766210828,60
"1505",2045,169.762962712638,158.231845707491,199.573202278806,60
"1505",2046,171.639713910125,159.444608429736,203.086152000513,60
"1505",2047,174.152113424721,161.157874079433,207.500456711567,60
"1505",2048,176.464120650471,162.71122978935,211.634533124453,60
"1505",2049,178.971860707949,164.41651052306,216.05018666457,60
"1505",2050,181.540822941724,166.168139900042,220.556201517463,60
"1506",2026,263.09939916133,262.616714804918,263.779986993526,60
"1506",2027,264.104147791687,263.338102474451,265.148775337175,60
"1506",2028,265.437066052095,264.398383422934,266.900450067441,60
"1506",2029,267.24991881854,265.876559279775,269.269310042488,60
"1506",2030,269.525976891872,267.74463030093,272.290971994228,60
"1506",2031,272.249804606636,269.864820936595,275.931343474647,60
"1506",2032,275.328542362747,272.260495228712,280.049376802421,60
"1506",2033,278.90944678393,275.040231587753,284.852180880268,60
"1506",2034,283.064422419998,278.210352124444,290.446662415026,60
"1506",2035,287.404158867632,281.492936023195,296.293097115514,60
"1506",2036,292.392057149745,285.240110627873,303.042836355287,60
"1506",2037,297.642407868457,289.175920615378,310.162887396136,60
"1506",2038,302.663254600984,292.953479100222,316.961082934076,60
"1506",2039,308.689547874293,297.430417123541,325.193511692421,60
"1506",2040,314.28637144001,301.608824721202,332.820601615238,60
"1506",2041,320.465885187799,306.188314489997,341.289330511954,60
"1506",2042,326.590620310962,310.727467741029,349.688344297189,60
"1506",2043,332.256819979172,314.946419234882,357.437238567793,60
"1506",2044,338.373053477635,319.473296212593,365.840352141046,60
"1506",2045,345.018238096374,324.373210885028,375.020426576706,60
"1506",2046,351.842751973822,329.420051205156,384.476201023008,60
"1506",2047,358.692440076878,334.478214125399,393.982537812223,60
"1506",2048,364.923416101507,339.097405402197,402.599903691235,60
"1506",2049,372.018861373059,344.310322836502,412.497820598767,60
"1506",2050,380.003561219027,350.134870857643,423.715142213103,60
"1508",2026,355.004231049808,354.289994721132,357.003975887078,60
"1508",2027,360.068239975538,359.081596904031,362.95883205164,60
"1508",2028,365.516860046614,364.132192709882,369.350876098313,60
"1508",2029,371.632616337411,369.778353896625,376.519027803882,60
"1508",2030,378.627675783913,376.401768880968,384.720024622701,60
"1508",2031,385.957319194669,383.352919640039,393.303311667786,60
"1508",2032,394.357111574385,391.170823844528,403.252889150312,60
"1508",2033,403.190803662969,399.217258222784,413.766839626333,60
"1508",2034,412.733118942244,407.862447618701,425.134231917664,60
"1508",2035,423.004370563527,417.121821225787,437.416077926697,60
"1508",2036,433.524886460662,426.600253482711,449.858912015707,60
"1508",2037,445.511693743002,437.239709096189,464.17142217656,60
"1508",2038,457.84311680195,448.005289132002,479.044671353867,60
"1508",2039,470.233451780684,458.640803289509,494.010400517845,60
"1508",2040,482.959126385859,469.523967915099,509.405859235028,60
"1508",2041,495.956348176164,480.605358761687,525.152178984555,60
"1508",2042,510.445766353756,492.742620629128,542.839839836448,60
"1508",2043,524.860732989763,504.826159051009,560.88791764673,60
"1508",2044,539.4700358194,517.044852785704,579.306149957599,60
"1508",2045,554.058241914265,529.244157052301,597.708344706094,60
"1508",2046,568.873459373768,541.598676006419,616.44754399318,60
"1508",2047,585.249428057793,555.031458854296,637.452229442997,60
"1508",2048,601.203289084811,568.159613724824,657.873805827692,60
"1508",2049,617.838333598561,581.747203460884,679.307579161115,60
"1508",2050,634.90520669632,595.619321191876,701.397543307829,60
"1511",2026,24.9795107345458,24.891381948394,25.0619764178752,60
"1511",2027,25.0187458884127,24.8778316861554,25.1546269932786,60
"1511",2028,25.0843106369241,24.8813582139446,25.2872372468589,60
"1511",2029,25.2365087673098,24.9441175341591,25.542577588582,60
"1511",2030,25.378958158686,24.9964194482708,25.7899241406906,60
"1511",2031,25.5820832770869,25.088915890227,26.1256525055563,60
"1511",2032,25.8513278117957,25.2236481113888,26.5604999364447,60
"1511",2033,26.0439015700864,25.3016497742898,26.8927870315819,60
"1511",2034,26.5050213045377,25.562001828058,27.6125260193714,60
"1511",2035,27.0057181674039,25.8451502196902,28.4054092759219,60
"1511",2036,27.425545018425,26.0679067810969,29.090993107898,60
"1511",2037,27.8974296758765,26.3204797649432,29.8638745192564,60
"1511",2038,28.2515283462926,26.4887283485649,30.4706140307095,60
"1511",2039,28.8869582460703,26.8422843734392,31.5060532384639,60
"1511",2040,29.4852050499555,27.1620082937846,32.5030739197648,60
"1511",2041,29.9968915834173,27.4219838758675,33.3742901513719,60
"1511",2042,30.3773568105252,27.5867036509033,34.0603707198724,60
"1511",2043,30.5979784363561,27.6412217291601,34.5098427374058,60
"1511",2044,30.9537970071172,27.7830308103358,35.170320424371,60
"1511",2045,31.4358756372233,28.0014923692026,36.0371009308962,60
"1511",2046,31.7625780905235,28.1130231461185,36.6731810152959,60
"1511",2047,31.8548791221676,28.0664057440302,36.9542943973871,60
"1511",2048,31.5353629881407,27.747545830839,36.6020586684312,60
"1511",2049,31.9279927111257,27.892926947459,37.356335614315,60
"1511",2050,32.3988364786864,28.0876990541433,38.2360636601038,60
"1514",2026,20.5116594614591,20.4100995869518,20.5447295112293,60
"1514",2027,20.7630055927289,20.6207206039021,20.8241632312856,60
"1514",2028,21.0194232378428,20.8362041811885,21.1108190716485,60
"1514",2029,21.3048050697082,21.0793650491742,21.4356207197904,60
"1514",2030,21.5741379621443,21.3072227322897,21.7369271361438,60
"1514",2031,21.9336859842875,21.6212522800762,22.1594148688949,60
"1514",2032,22.3781668313775,22.0163717489344,22.6990651632867,60
"1514",2033,22.7992427140486,22.4069903667045,23.205598370552,60
"1514",2034,23.1939678892654,22.7636165226445,23.6725777134714,60
"1514",2035,23.6840113888451,23.1722832059577,24.2726735618246,60
"1514",2036,24.2776428614936,23.6707127531027,25.0174819207614,60
"1514",2037,24.8911159725373,24.1882644954511,25.7902558452667,60
"1514",2038,25.6689758896533,24.8374071865975,26.7957595940742,60
"1514",2039,26.3667641119769,25.4113292030572,27.6859795111865,60
"1514",2040,27.0389334544838,25.9535184238387,28.5425499107601,60
"1514",2041,27.7442203844615,26.5196729211591,29.4461314319833,60
"1514",2042,28.8880196698226,27.3941018131876,30.9815833786448,60
"1514",2043,29.5455592762687,27.9246181930971,31.8210982587248,60
"1514",2044,30.5578130461161,28.7022703076903,33.1769312579475,60
"1514",2045,31.3436731834547,29.3207554360868,34.2063877185591,60
"1514",2046,31.9755386216455,29.8318371978256,35.0116790813999,60
"1514",2047,32.8621350223984,30.51550318732,36.1966302108466,60
"1514",2048,33.7713660974263,31.2171239200299,37.41206025627,60
"1514",2049,35.0241948822003,32.1531553452586,39.1400002495909,60
"1514",2050,35.6399301528802,32.6444827200165,39.9355870299168,60
"1515",2026,74.5214585124369,74.2403514307094,74.6630050864521,60
"1515",2027,74.4904392848861,74.0822290671082,74.7166221808384,60
"1515",2028,74.5069781818292,73.9636927645157,74.8286880070669,60
"1515",2029,74.6233660801184,73.9293839865968,75.072998978772,60
"1515",2030,74.8142119378197,73.9378436538296,75.4289624277159,60
"1515",2031,75.2065256677821,74.0766444173074,76.0602393732759,60
"1515",2032,75.6713254267923,74.2657065218105,76.7924393122488,60
"1515",2033,76.287652558135,74.5606638563642,77.7335752667514,60
"1515",2034,77.0275291291901,74.9397729905395,78.8490809007471,60
"1515",2035,77.7140786050197,75.2821288774469,79.8921326967997,60
"1515",2036,78.8076944986006,75.9029396187688,81.4825870668822,60
"1515",2037,79.8420339745589,76.4773629731179,83.0181391195477,60
"1515",2038,81.1234679698258,77.2174453181341,84.9068445902962,60
"1515",2039,82.1884766542762,77.8073785287687,86.4972406525911,60
"1515",2040,83.3027113518345,78.4279447450133,88.162554875016,60
"1515",2041,85.1815674343496,79.5560468080294,90.929795015523,60
"1515",2042,86.9779199192216,80.6228088683389,93.5929547895655,60
"1515",2043,88.2290259142974,81.3219320423561,95.479518980374,60
"1515",2044,89.7006144662767,82.1630292454025,97.6928759465797,60
"1515",2045,91.3728793889039,83.1317013445277,100.207436798161,60
"1515",2046,93.6741081572003,84.5045095380156,103.659025012224,60
"1515",2047,95.7796464971464,85.7413818463872,106.840115162463,60
"1515",2048,97.0271396441462,86.4113897225428,108.768192780189,60
"1515",2049,99.2012301195412,87.6798746113284,112.075799853376,60
"1515",2050,101.397027347495,88.9518910693303,115.435659076051,60
"1516",2026,54.8803149067798,54.5519540630138,55.0481212326126,60
"1516",2027,54.9574316055495,54.4893388143712,55.2129275136995,60
"1516",2028,55.116757617816,54.4966452180017,55.4793767127559,60
"1516",2029,55.3636048438762,54.5779830400144,55.8552021653317,60
"1516",2030,55.7361974464806,54.7623035946609,56.392113862533,60
"1516",2031,56.2063697160818,55.0000636713281,57.0536272517411,60
"1516",2032,56.7147085127333,55.2683679315257,57.7604919579613,60
"1516",2033,57.3921050524314,55.6455199188414,58.6906868815928,60
"1516",2034,58.0799449663766,56.0372271122601,59.6272867698797,60
"1516",2035,58.970899341125,56.5633622442813,60.8378187485345,60
"1516",2036,59.9136269059345,57.1289968140987,62.1133925251884,60
"1516",2037,60.8917548798285,57.7209199431062,63.4344722473909,60
"1516",2038,62.0988442311719,58.4612961685045,65.0696514372868,60
"1516",2039,63.4512738101426,59.4077444329852,66.905545537925,60
"1516",2040,64.8209288386821,60.3758097769132,68.7671383572576,60
"1516",2041,66.4118691196907,61.5229486973563,70.938083108734,60
"1516",2042,67.9128035578048,62.5974592301777,72.985402417849,60
"1516",2043,69.5592623326417,63.7891781682568,75.2393322662593,60
"1516",2044,71.3653140234539,65.1084253581136,77.7240435463713,60
"1516",2045,73.1920373162254,66.4441789593158,80.2461609328101,60
"1516",2046,75.264436696205,67.9622071990277,83.1529862316965,60
"1516",2047,77.1711720510765,69.3463600787506,85.8236436713206,60
"1516",2048,79.3862812196683,70.9701635046597,88.9582835109746,60
"1516",2049,81.8941891594808,72.8212409746148,92.5372901663842,60
"1516",2050,84.3085100411864,74.4954906117868,95.9907377368763,60
"1517",2026,34.1743348518816,34.1586996109762,34.3490894448241,60
"1517",2027,34.3271931332003,34.2881602970049,34.569246318271,60
"1517",2028,34.5572287317964,34.4774262621227,34.8679198248135,60
"1517",2029,34.8006051150396,34.6780556487841,35.1803011900917,60
"1517",2030,35.0924378793054,34.9166106752882,35.5423935726526,60
"1517",2031,35.4614366721444,35.2136265594192,36.0125071609825,60
"1517",2032,35.8614017979221,35.5345836788556,36.5190121988926,60
"1517",2033,36.4514177138703,35.9956709583102,37.2520751236182,60
"1517",2034,36.9680385662183,36.4041197831659,37.8973276726326,60
"1517",2035,37.6442244841757,36.9282561521231,38.7739592276326,60
"1517",2036,38.2126300338841,37.3742740052636,39.5362872494707,60
"1517",2037,38.9734421860695,37.9601753738809,40.5758461245494,60
"1517",2038,39.8927344527418,38.658174653862,41.833896623931,60
"1517",2039,40.7747581814044,39.3281158841192,42.9707393942682,60
"1517",2040,41.7670094750927,40.0752232203723,44.3080608987809,60
"1517",2041,42.6650575083489,40.7526255513102,45.5428043475537,60
"1517",2042,43.6744727037712,41.5085721244463,46.9411321560913,60
"1517",2043,44.8983211303155,42.4133769031699,48.6584848062912,60
"1517",2044,45.8448173788131,43.1195106756963,49.9762356101988,60
"1517",2045,46.7543585500755,43.7995375510741,51.2405147935646,60
"1517",2046,47.9453970194588,44.6740220736018,52.9258345285464,60
"1517",2047,49.0168353814414,45.4624179407062,54.4393746268128,60
"1517",2048,50.3303401194581,46.415913886865,56.3202943697757,60
"1517",2049,51.4371536906898,47.2228894700423,57.8988148762199,60
"1517",2050,52.2832180862968,47.8468133776151,59.091033786073,60
"1520",2026,88.0570174946922,87.9505713275746,88.1555881434179,60
"1520",2027,88.2095122921692,88.0309599193859,88.3808610681745,60
"1520",2028,88.4181132606949,88.1535898222475,88.6780278502412,60
"1520",2029,88.7602737128073,88.3751900340307,89.1556968882569,60
"1520",2030,89.2791073131414,88.7266762424088,89.8841704573079,60
"1520",2031,89.8502895764704,89.1162330870425,90.690380417315,60
"1520",2032,90.5742009264803,89.6165735969279,91.712194084288,60
"1520",2033,91.4672631884065,90.2394034311555,92.9740629853509,60
"1520",2034,92.4124272813575,90.898067083079,94.3143457763821,60
"1520",2035,93.6662866121385,91.7796481483742,96.0952088666444,60
"1520",2036,94.9637512113281,92.6905971064031,97.9445257346306,60
"1520",2037,96.4564087039082,93.7385576257071,100.075620780197,60
"1520",2038,97.9795165823261,94.803413376369,102.24882792261,60
"1520",2039,99.6619072111131,95.9764138493925,104.660840495108,60
"1520",2040,101.400292290415,97.1845594985189,107.163552256454,60
"1520",2041,103.078185940267,98.3438511532314,109.591085095592,60
"1520",2042,104.864254997652,99.5747594034322,112.185116193521,60
"1520",2043,106.867756408974,100.953215913735,115.106870760886,60
"1520",2044,108.910152844996,102.353016823068,118.098101344056,60
"1520",2045,111.133043699776,103.872582674577,121.367856941978,60
"1520",2046,113.088977452521,105.199978133212,124.256987658998,60
"1520",2047,115.114092896954,106.569529688919,127.260151689381,60
"1520",2048,117.257998986733,108.012719195905,130.456132322564,60
"1520",2049,119.128098720479,109.262481628348,133.253043095897,60
"1520",2050,121.597533457336,110.916257099106,136.962907609057,60
"1525",2026,39.3197686233711,39.1742050343241,39.395476025479,60
"1525",2027,39.4879550749422,39.2801617307309,39.609501366511,60
"1525",2028,39.7581932187928,39.4711201905627,39.9619535797052,60
"1525",2029,39.9792677172757,39.6191014943373,40.2486507872182,60
"1525",2030,40.2975803444217,39.837587539169,40.6719200568696,60
"1525",2031,40.7002307368414,40.1195297684423,41.2132518961673,60
"1525",2032,41.0298949225812,40.346815130914,41.6525909804551,60
"1525",2033,41.5355257876043,40.7003949679153,42.3394963477989,60
"1525",2034,42.0576667192599,41.0596343895958,43.0510195201825,60
"1525",2035,42.6022545019839,41.4355105222318,43.7937154735218,60
"1525",2036,43.3341280159696,41.9410814948746,44.8058695331767,60
"1525",2037,43.9327289020612,42.352980118266,45.6299912264997,60
"1525",2038,44.6872917000933,42.8720758367715,46.6811673436047,60
"1525",2039,45.2801580800908,43.2783862105814,47.5008286771115,60
"1525",2040,46.155682244827,43.8744100134663,48.7395451395258,60
"1525",2041,47.12276392477,44.5331944770817,50.113856682996,60
"1525",2042,47.9597345664986,45.0984901612405,51.3025380885951,60
"1525",2043,48.6742459601383,45.5777375501572,52.3119600775986,60
"1525",2044,49.3732968598402,46.0456139093865,53.3005617180388,60
"1525",2045,50.4130973344905,46.7423150456625,54.7892077303051,60
"1525",2046,51.5446196369191,47.4962417042037,56.4208411156646,60
"1525",2047,52.3510343086094,48.0276476891429,57.5818861786454,60
"1525",2048,53.6920080983441,48.9146281384664,59.5368192602672,60
"1525",2049,54.7691440395517,49.6229150518492,61.1068052238845,60
"1525",2050,55.6217810589024,50.1771458937431,62.3508745690074,60
"1528",2026,58.2362277797635,58.1198586308922,58.4296605521088,60
"1528",2027,58.4826679205967,58.2723275979219,58.7939764890958,60
"1528",2028,58.7726485641671,58.4521551147723,59.2299887725053,60
"1528",2029,59.2324998026095,58.748867505692,59.9152553554564,60
"1528",2030,59.7189162954846,59.0604326376357,60.6455643142096,60
"1528",2031,60.34959272345,59.4691640457194,61.5860047538053,60
"1528",2032,61.196662360425,60.0233197484332,62.8444789725424,60
"1528",2033,62.0799648255201,60.5974671446656,64.1652113147829,60
"1528",2034,63.132182959759,61.2855381944904,65.7427631576809,60
"1528",2035,64.2571762794798,62.0262584160513,67.4393835608059,60
"1528",2036,65.2743599625885,62.6857710299128,68.989765386905,60
"1528",2037,66.7157674238162,63.6363618147029,71.1766100810439,60
"1528",2038,68.1676600334573,64.5871689600146,73.3952050840818,60
"1528",2039,69.902510778925,65.7242775802563,76.0572495461243,60
"1528",2040,71.3507383080966,66.657565215911,78.3036273687147,60
"1528",2041,72.6553632101809,67.4872435004593,80.3438401275791,60
"1528",2042,74.3532592029551,68.5788078860591,82.9961163535609,60
"1528",2043,76.1557850583612,69.7324625372169,85.8282069219844,60
"1528",2044,78.2086801552684,71.0472431827116,89.0651881847894,60
"1528",2045,79.5329585561478,71.8638280955151,91.1902474468441,60
"1528",2046,81.1959000235948,72.8995313337955,93.8581527953936,60
"1528",2047,83.4149444918207,74.2967500975492,97.4176042785706,60
"1528",2048,84.8758963075606,75.1796450375503,99.8066585384751,60
"1528",2049,86.3491530294122,76.0620460873159,102.232137584793,60
"1528",2050,88.0449432219939,77.0825159104225,105.028391033139,60
"1531",2026,85.2149339868035,85.0727693649419,85.3196536382151,60
"1531",2027,85.0914451931478,84.908005157501,85.2514085415334,60
"1531",2028,85.0331261677538,84.7967927013354,85.2542754702129,60
"1531",2029,85.0864423076262,84.7956745077072,85.3998538920108,60
"1531",2030,85.3067406838292,84.9454046221249,85.7521018237341,60
"1531",2031,85.5185509802056,85.064816406446,86.0855342092025,60
"1531",2032,85.9452897429704,85.3931715587832,86.6877719348338,60
"1531",2033,86.4855087511051,85.8203805957459,87.429449313164,60
"1531",2034,87.1628611721823,86.3525883136921,88.3420172475214,60
"1531",2035,87.9695642743744,86.9473332501336,89.4303052132304,60
"1531",2036,89.0382051349673,87.7413678745929,90.9041523898826,60
"1531",2037,90.1699903921424,88.5872717975156,92.4601027827113,60
"1531",2038,91.3256742073918,89.456419924833,94.0425333114252,60
"1531",2039,92.7163773042554,90.5020120460829,95.9511396169344,60
"1531",2040,94.162231584186,91.5913610518598,97.9281365776758,60
"1531",2041,95.9188480377489,92.9097737301279,100.336055814303,60
"1531",2042,97.6716052212202,94.2278981400766,102.737301773152,60
"1531",2043,99.1870188937799,95.3767591779771,104.799684178702,60
"1531",2044,101.105578199999,96.8185280846514,107.43437164639,60
"1531",2045,103.145382196011,98.3444285107846,110.249435746084,60
"1531",2046,105.229723767162,99.9024822005179,113.130439546905,60
"1531",2047,107.190210816955,101.368611436563,115.840172133106,60
"1531",2048,109.467549512861,103.058778823974,119.012883986492,60
"1531",2049,111.507621709408,104.57765566133,121.849954028354,60
"1531",2050,114.130204326158,106.505521735345,125.54695573641,60
"1532",2026,69.6448510465323,69.551401779093,69.7886792061952,60
"1532",2027,69.6883048119169,69.5522798008647,69.9170825837601,60
"1532",2028,69.804168620112,69.6187465877218,70.1306802093011,60
"1532",2029,70.072314915971,69.825108152851,70.5046550707577,60
"1532",2030,70.4628160267699,70.1275209609668,71.0147052017154,60
"1532",2031,70.9707125168395,70.509710848753,71.6988336573194,60
"1532",2032,71.4803681527438,70.9007401075601,72.389036224164,60
"1532",2033,72.204461169945,71.4585855218559,73.3639313981429,60
"1532",2034,73.0754365475636,72.1309557123807,74.5344001435578,60
"1532",2035,74.045515942829,72.883400001314,75.833424698438,60
"1532",2036,75.1869485458472,73.7673795433722,77.3646332782544,60
"1532",2037,76.1817370408596,74.563698689384,78.683337738858,60
"1532",2038,77.4361592121958,75.574276170074,80.3606261573111,60
"1532",2039,79.0653694667115,76.8827370629408,82.5641572920984,60
"1532",2040,80.526862560546,78.0313429387294,84.5234001203438,60
"1532",2041,82.0737153423674,79.2407510403658,86.6016100465336,60
"1532",2042,83.6002924928554,80.4392685733777,88.6461520836874,60
"1532",2043,85.5469632993511,81.9443771192174,91.289651703682,60
"1532",2044,87.6566812529967,83.5665284951754,94.1711475265312,60
"1532",2045,89.7540111529819,85.1810710862288,97.0353222970986,60
"1532",2046,91.5997628852606,86.6161074801521,99.535022965385,60
"1532",2047,93.5861789200755,88.1525808726858,102.239105020681,60
"1532",2048,95.7949944879848,89.8434296421458,105.276160079297,60
"1532",2049,98.3139728367637,91.7528852683493,108.773233603569,60
"1532",2050,100.678487174838,93.5495856431634,112.050966382636,60
"1535",2026,55.15361333234,55.0842871204668,55.3295797273538,60
"1535",2027,55.3655539156849,55.2305561570151,55.6603627818415,60
"1535",2028,55.603111578315,55.3958276487216,56.0280292522937,60
"1535",2029,55.8871280309055,55.5948166265596,56.4603364012258,60
"1535",2030,56.293604212318,55.883481639031,57.0619535426647,60
"1535",2031,56.9104704052167,56.3252397353935,57.9569510249672,60
"1535",2032,57.5633601175696,56.791763338824,58.9130508273308,60
"1535",2033,58.4419454527265,57.4201383848255,60.1942168488306,60
"1535",2034,59.1124665391913,57.8969598741621,61.1819534677782,60
"1535",2035,60.0446622490542,58.5596850047374,62.550144293367,60
"1535",2036,61.3107854212355,59.4596587488839,64.4066152828805,60
"1535",2037,62.5415157923568,60.3288493601815,66.2240161491945,60
"1535",2038,63.9562727896801,61.3249352133021,68.320240166859,60
"1535",2039,65.1143510163396,62.1347685774886,70.0489081737787,60
"1535",2040,66.5592616933957,63.1431089971735,72.2100948669369,60
"1535",2041,67.9607421867636,64.1146969091618,74.3196623740833,60
"1535",2042,69.7003127167726,65.3175951703603,76.9465999623835,60
"1535",2043,71.400691194916,66.4870793316831,79.528778906066,60
"1535",2044,72.6280540950121,67.3252807458422,81.4030187267636,60
"1535",2045,74.2016638735994,68.396731357296,83.8147344537786,60
"1535",2046,76.0033221244309,69.6183044407013,86.588884917352,60
"1535",2047,77.5695719667239,70.6750031168554,89.0104296761382,60
"1535",2048,79.2445016311394,71.7970309313244,91.6167364647535,60
"1535",2049,80.4377841570037,72.5881591258257,93.4843482243649,60
"1535",2050,82.1610605165859,73.7356926329225,96.181393059224,60
"1539",2026,55.6160192659448,55.5638306248362,55.7438524995927,60
"1539",2027,55.9132432518826,55.8272881083014,56.1120627847954,60
"1539",2028,56.3288945681701,56.171148121868,56.6360952383051,60
"1539",2029,56.8411349626148,56.5802593753047,57.2894135348098,60
"1539",2030,57.4229260494229,57.0370294290882,58.0367817301622,60
"1539",2031,58.2129115338854,57.639028795191,59.0708457311547,60
"1539",2032,58.9412068650983,58.1917659518253,60.0329945751587,60
"1539",2033,59.861583478466,58.8767525181743,61.2685147831814,60
"1539",2034,60.9807852760549,59.697042806908,62.7893661149097,60
"1539",2035,62.2319110494349,60.6030213919386,64.5057386140414,60
"1539",2036,63.4040091254925,61.448298442025,66.1214711148557,60
"1539",2037,64.4984912411,62.2350670214062,67.6368677971997,60
"1539",2038,65.7196111030681,63.1034850291029,69.3417465483189,60
"1539",2039,67.0733068410689,64.0595925034314,71.2424601258295,60
"1539",2040,68.6182036293006,65.1396015937302,73.4296063591555,60
"1539",2041,69.9075768591097,66.0415852192611,75.2560349912645,60
"1539",2042,71.1364829498166,66.8982189857394,77.0020611351763,60
"1539",2043,72.0804053004325,67.5556744701126,78.3436005783028,60
"1539",2044,73.4871136644153,68.5294329674601,80.3604066226587,60
"1539",2045,75.339568685508,69.8138566032187,83.0367370992598,60
"1539",2046,76.4749892987697,70.6005197112694,84.6693811163706,60
"1539",2047,77.5886263090729,71.3667043137049,86.2866666196963,60
"1539",2048,78.6010264294967,72.0598512579049,87.7586567661256,60
"1539",2049,80.1803379263097,73.1419684315727,90.0807333091678,60
"1539",2050,82.1420956154196,74.4791564964334,92.9913949597294,60
"1547",2026,31.0590056041126,30.9969571178489,31.1242253581225,60
"1547",2027,31.1453239862524,31.0467379358983,31.2499210326398,60
"1547",2028,31.3233770926317,31.1630629487875,31.4960415410467,60
"1547",2029,31.4828007446212,31.2696649086107,31.7135469606785,60
"1547",2030,31.7778864524897,31.4712090208384,32.1138275948613,60
"1547",2031,32.0214643389441,31.6409713981544,32.4400458424485,60
"1547",2032,32.3011046920951,31.8384124075967,32.8122153515924,60
"1547",2033,32.7801275919925,32.1719434734981,33.4585886493294,60
"1547",2034,33.2484739360069,32.5024737087069,34.0860229409442,60
"1547",2035,33.6487670545731,32.7892793268996,34.6167121501274,60
"1547",2036,34.1377722966927,33.1394547398344,35.2670406694742,60
"1547",2037,34.6434395936358,33.5329242020239,35.9369459737446,60
"1547",2038,35.2123042683948,33.9789863097075,36.6964272084583,60
"1547",2039,35.7803670035488,34.4240635893003,37.4513072647615,60
"1547",2040,36.5318622085465,35.0177082093184,38.4673760363702,60
"1547",2041,36.9769497858728,35.3628704329823,39.0435490621207,60
"1547",2042,37.682917570145,35.9202692672379,39.9931681249389,60
"1547",2043,38.4379038294397,36.5184959373532,41.0109557596582,60
"1547",2044,39.1408684025749,37.0735996852635,41.9569030642158,60
"1547",2045,39.8174938021212,37.6083596676938,42.8622323124395,60
"1547",2046,40.4587958571912,38.1155709414887,43.7135478303406,60
"1547",2047,40.9967711877622,38.5390735635729,44.4152731790778,60
"1547",2048,41.7748164122871,39.1564933018622,45.466588588516,60
"1547",2049,42.5303716867543,39.7565173643334,46.4832604882233,60
"1547",2050,43.7874188702177,40.7025700135554,48.2352800829763,60
"1554",2026,50.7283579639555,50.407150029791,50.8589514950709,60
"1554",2027,50.7954516197385,50.3251678300135,51.0210802859294,60
"1554",2028,50.9177221103255,50.2889194839138,51.2544452617638,60
"1554",2029,51.1273884964728,50.3243483320998,51.6021991610448,60
"1554",2030,51.4721782898242,50.4864520852881,52.1297568267599,60
"1554",2031,51.8612101143062,50.697358480464,52.7159368051783,60
"1554",2032,52.4207669506136,51.0388939919167,53.5333975625103,60
"1554",2033,52.9186776530019,51.3028814783441,54.2652570442999,60
"1554",2034,53.6951598572655,51.7718169246498,55.3640783164409,60
"1554",2035,54.3865092415058,52.1782382878575,56.3434945250934,60
"1554",2036,55.1912260597291,52.6735513018445,57.479991950456,60
"1554",2037,56.3116688856535,53.4394808409467,59.0572790313647,60
"1554",2038,57.2545220799653,54.0548598677254,60.3912508992975,60
"1554",2039,58.3790445972924,54.7650182224308,61.9773101778739,60
"1554",2040,59.560957665802,55.5128928256811,63.6477404157798,60
"1554",2041,60.7577026630136,56.2701447890128,65.3415766285945,60
"1554",2042,62.2155292088464,57.2022873829706,67.4064935589996,60
"1554",2043,62.8386213447749,57.5655911334526,68.2945702382582,60
"1554",2044,64.5649144601603,58.6715604148841,70.7481599610191,60
"1554",2045,65.8312568730421,59.4650315310371,72.5544255617988,60
"1554",2046,67.219294824472,60.3383088212239,74.5378412760806,60
"1554",2047,68.5058227876217,61.1413949743458,76.380275932183,60
"1554",2048,69.1606007669968,61.5200233427222,77.321225609941,60
"1554",2049,71.2401587975289,62.8481787839938,80.3089693054142,60
"1554",2050,72.3619689677675,63.5341911873513,81.9269329399223,60
"1557",2026,28.7620613700672,28.6416029521226,28.8718940615516,60
"1557",2027,28.7063338384528,28.544585417267,28.865025115574,60
"1557",2028,28.7705084035938,28.5652100386079,28.9957687511502,60
"1557",2029,28.8561185634414,28.6114889644231,29.1568232817164,60
"1557",2030,29.0014149795572,28.6864137369116,29.4137090758518,60
"1557",2031,29.1684210711417,28.7595390752545,29.7075168970077,60
"1557",2032,29.4800686881318,28.9424378114011,30.2082834662534,60
"1557",2033,29.8301705812396,29.1707850185878,30.7678725547337,60
"1557",2034,30.2228568005329,29.4323123722097,31.3913460016076,60
"1557",2035,30.5749560187615,29.6609239637735,31.9589510284164,60
"1557",2036,30.9923710260775,29.9405367094749,32.6236595783992,60
"1557",2037,31.5258990464974,30.3085204857199,33.4643760906731,60
"1557",2038,32.003797179776,30.6313549075186,34.2276644450506,60
"1557",2039,32.353186719912,30.853243750393,34.8031846948691,60
"1557",2040,32.8915805106633,31.22067887773,35.6636585490306,60
"1557",2041,33.3279328299322,31.5088704178303,36.3726008803559,60
"1557",2042,33.7322363185912,31.7706300619887,37.0393525432744,60
"1557",2043,34.2724068590541,32.1362603911886,37.9182774136339,60
"1557",2044,34.5841851418858,32.326073477282,38.4474336420159,60
"1557",2045,35.153181379101,32.6951044320618,39.3667241423485,60
"1557",2046,35.5718537801858,32.9514792471802,40.0630034925239,60
"1557",2047,35.5510232730417,32.9044293464538,40.0882053040486,60
"1557",2048,36.2672573157348,33.3662111976104,41.2390483365381,60
"1557",2049,36.656695023157,33.6001118748451,41.8948731459627,60
"1557",2050,37.2766830374171,33.9927157354126,42.9046228945799,60
"1560",2026,21.3229657270647,21.2708375727519,21.4002824612791,60
"1560",2027,21.5099376990398,21.422978230479,21.6356233198193,60
"1560",2028,21.7295127849127,21.6000398423931,21.9136402265747,60
"1560",2029,21.9883644274382,21.8061508012542,22.2441490983073,60
"1560",2030,22.29522027782,22.0472136945498,22.6474987361102,60
"1560",2031,22.7025177388268,22.3612544301408,23.1942719841105,60
"1560",2032,23.0511315375254,22.6332472524807,23.657118074837,60
"1560",2033,23.4383672286051,22.9327394248878,24.1763840775064,60
"1560",2034,23.9661892696459,23.3328582481435,24.9002127260613,60
"1560",2035,24.5163013153866,23.7485638809237,25.6582683581763,60
"1560",2036,24.8260345529237,23.994196557698,26.0629953091404,60
"1560",2037,25.445410769861,24.4582683816606,26.9252693678313,60
"1560",2038,25.9193282395232,24.8196855429067,27.5730956645053,60
"1560",2039,26.5935697116146,25.3206810648564,28.5215220513384,60
"1560",2040,27.1714837222064,25.7552678760943,29.3250776334945,60
"1560",2041,27.5590632099873,26.0556757866999,29.8453870383956,60
"1560",2042,28.2605512059909,26.5753974970755,30.837155830506,60
"1560",2043,29.0089961315284,27.1256505822464,31.9045778662236,60
"1560",2044,29.6854868617905,27.6254984883747,32.8647115114418,60
"1560",2045,30.4719081015264,28.2009665848993,33.9937425976748,60
"1560",2046,30.8629411059386,28.5034999732096,34.5194403754813,60
"1560",2047,31.8773007674959,29.233281392303,36.0036072491231,60
"1560",2048,32.6608793146827,29.8033723330282,37.1367136478872,60
"1560",2049,33.4824070460052,30.398875257967,38.3302844881378,60
"1560",2050,34.3040177677881,30.9914102509968,39.5302963289616,60
"1563",2026,61.7078058258849,61.4555360348827,62.1082269109553,60
"1563",2027,62.0699927429424,61.7178250631749,62.6554637669154,60
"1563",2028,62.4737695563557,62.0067804478253,63.2685648645319,60
"1563",2029,62.9748981933484,62.3528784962715,64.0331696516371,60
"1563",2030,63.6648725401356,62.8325191478691,65.0724491986408,60
"1563",2031,64.2719881123101,63.2919510961179,65.9944954510418,60
"1563",2032,65.0546187539934,63.909158857675,67.1677243831467,60
"1563",2033,65.995205586012,64.6666505511276,68.5719033758728,60
"1563",2034,67.0233446423204,65.4986478225763,70.1114966242445,60
"1563",2035,68.1333188257355,66.4023241888,71.7783987596003,60
"1563",2036,69.2588705361002,67.3142723827935,73.4804273961924,60
"1563",2037,70.6033563724357,68.3912351915928,75.5091331131382,60
"1563",2038,72.1023461078646,69.5959921137996,77.7777315050126,60
"1563",2039,73.5334445974063,70.73869283131,79.9648792265667,60
"1563",2040,75.5120639074581,72.3427496505261,82.970350984552,60
"1563",2041,77.1294052325902,73.5571687692088,85.4632258934806,60
"1563",2042,78.9892645278959,74.9295846735794,88.3315046695139,60
"1563",2043,80.8256757094179,76.2766641938722,91.1824921985616,60
"1563",2044,82.7109822948324,77.6503236485246,94.1273047019881,60
"1563",2045,84.8423988721694,79.1954719051511,97.4649580459568,60
"1563",2046,86.3787841547068,80.2893272393306,99.9209285067352,60
"1563",2047,88.5361150142879,81.8240287597644,103.339065542835,60
"1563",2048,90.2538022062315,83.0311996079381,106.105890532902,60
"1563",2049,91.9752589755897,84.2307846613776,108.89874523276,60
"1563",2050,93.5080687410023,85.2836245579596,111.422812609166,60
"1566",2026,53.1824856483388,53.082841490867,53.4156919236024,60
"1566",2027,53.3590959615488,53.1865694966088,53.7025351639308,60
"1566",2028,53.6376735649555,53.3496111946702,54.112057026823,60
"1566",2029,53.9656593380527,53.5420255997933,54.5953191271842,60
"1566",2030,54.3468235516651,53.7704364315892,55.1691694964132,60
"1566",2031,54.8680558012478,54.1052942163873,55.9450372258006,60
"1566",2032,55.353367493131,54.408559711406,56.7026552168278,60
"1566",2033,56.1010557640902,54.8942637271349,57.8503978749352,60
"1566",2034,56.8006127372891,55.3401824970738,58.8711176200741,60
"1566",2035,57.3524934097049,55.6754899162599,59.696012008648,60
"1566",2036,58.008857544188,56.0801766851668,60.6648790625715,60
"1566",2037,58.8568210585702,56.6135204537328,61.8922263218128,60
"1566",2038,59.8818353826168,57.2650016348981,63.4105359385188,60
"1566",2039,60.7898752297022,57.8284615448517,64.8166563814618,60
"1566",2040,61.8228834157931,58.4729807416319,66.417991127621,60
"1566",2041,62.6380916732998,58.9606742449229,67.7087211269999,60
"1566",2042,63.6537008378541,59.5835218900863,69.3034791084823,60
"1566",2043,64.5319305855079,60.1041501693325,70.7075083823014,60
"1566",2044,65.7534062280284,60.8572427821234,72.6320286175617,60
"1566",2045,66.4368487111088,61.2359847797974,73.7599082564655,60
"1566",2046,67.6551935174512,61.9756393316996,75.7020152068674,60
"1566",2047,68.4066639257806,62.3912163549488,76.9498476485601,60
"1566",2048,69.5523787811733,63.0702680205894,78.8038987401706,60
"1566",2049,70.7099513650742,63.7544754185793,80.6826395290429,60
"1566",2050,71.7309660129656,64.3378314853441,82.3689034438058,60
"1573",2026,16.032548032825,15.9875643640087,16.1148239045413,60
"1573",2027,16.0644538597751,15.9973640382343,16.1821182519834,60
"1573",2028,16.1455003172906,16.0447758809116,16.3080273797513,60
"1573",2029,16.2776424448757,16.1328195652125,16.51021602701,60
"1573",2030,16.3396842161735,16.1654397459505,16.6195799459424,60
"1573",2031,16.4605775043455,16.2439378300692,16.8089794753824,60
"1573",2032,16.6016416937206,16.3382541709171,17.0258481010796,60
"1573",2033,16.8182129501991,16.4905807175068,17.3531827678834,60
"1573",2034,17.0509315133512,16.6553296148758,17.7073194186404,60
"1573",2035,17.2990747733872,16.8314463343512,18.0854140810703,60
"1573",2036,17.6653507076145,17.0981342192565,18.6368709919434,60
"1573",2037,18.0210013910871,17.3547806693583,19.1734267427967,60
"1573",2038,18.2575563993311,17.5201467976113,19.5375574251655,60
"1573",2039,18.6037998549317,17.7681019331303,20.0640729866006,60
"1573",2040,18.9584376238357,18.0216760310607,20.6050504856044,60
"1573",2041,19.3928396269492,18.334010768879,21.2678048005079,60
"1573",2042,19.7895581461545,18.6111673377016,21.8781037959478,60
"1573",2043,20.2688916310481,18.9425385891711,22.6138437720884,60
"1573",2044,20.7090307883859,19.2445265935392,23.2944419713643,60
"1573",2045,21.0705244916261,19.4876571469302,23.8627864207106,60
"1573",2046,21.3641117446188,19.6834146507583,24.3279699262822,60
"1573",2047,22.1323808999786,20.2121540182733,25.5146536166371,60
"1573",2048,22.2847425340014,20.3022602038732,25.7768392831858,60
"1573",2049,22.6727944844141,20.5597262463444,26.3943079035905,60
"1573",2050,23.2007345332151,20.9144139177833,27.2270426506215,60
"1576",2026,36.83807132907,36.5077085650846,36.9265284476755,60
"1576",2027,36.8852041646996,36.4065382950142,37.0457032730167,60
"1576",2028,36.9128886487849,36.2906812089667,37.1377512142024,60
"1576",2029,37.0925915916059,36.2914546357262,37.4405020081825,60
"1576",2030,37.3041696185081,36.3169708153468,37.7876587756939,60
"1576",2031,37.5338061156549,36.3564635309387,38.1603490669022,60
"1576",2032,37.8281870243785,36.4531037014749,38.6259457834725,60
"1576",2033,38.1123591164103,36.5636316822904,39.077400044877,60
"1576",2034,38.667942353944,36.9247157328547,39.910697342903,60
"1576",2035,39.2044228535514,37.2684998791947,40.7205163121093,60
"1576",2036,39.7633062510517,37.6333068249537,41.5667057078279,60
"1576",2037,40.4484159381787,38.1150413327614,42.5972693811191,60
"1576",2038,40.7896685874773,38.2789210689097,43.1353524144494,60
"1576",2039,41.3632174078796,38.6580549528354,44.0129571569788,60
"1576",2040,42.1105257548622,39.1982625914266,45.1459221205047,60
"1576",2041,42.7557614415013,39.6443831030468,46.1360251239026,60
"1576",2042,43.5119081595408,40.1913173773341,47.2917294852842,60
"1576",2043,43.9547897367388,40.4330010492028,47.9920906390189,60
"1576",2044,44.5357564457384,40.7829153035834,48.8975253273618,60
"1576",2045,45.2975046180737,41.2743960650387,50.0725860309324,60
"1576",2046,45.6890620871038,41.4745966712243,50.7011753463888,60
"1576",2047,46.8083174072413,42.2441032891974,52.4176067886701,60
"1576",2048,47.197645509598,42.4403697575402,53.0502077158897,60
"1576",2049,47.9235144575884,42.899909564356,54.187035161147,60
"1576",2050,48.5285703953518,43.2642029343094,55.1456491284138,60
"1577",2026,80.0584458460715,79.8656493751987,80.4612899434991,60
"1577",2027,80.2293733908834,79.9695088457166,80.8181723329452,60
"1577",2028,80.5195421202749,80.1942482453558,81.3255123043572,60
"1577",2029,80.8928945710435,80.4997980871264,81.9351608010356,60
"1577",2030,81.4352041209639,80.942486114953,82.7615026938676,60
"1577",2031,82.0223630280007,81.3942809730065,83.6402492454677,60
"1577",2032,82.7723520442233,81.9716979690843,84.7267198930402,60
"1577",2033,83.6724756245065,82.6801861353412,86.0245468385198,60
"1577",2034,84.6060139348183,83.4307208536803,87.3627921340626,60
"1577",2035,85.8466798223993,84.4203587759854,89.120017506896,60
"1577",2036,87.1115774578001,85.3994303070539,90.9074171767754,60
"1577",2037,88.3187354304983,86.3381930502718,92.613007902862,60
"1577",2038,89.7379051386639,87.4298624051832,94.617484168146,60
"1577",2039,91.0832679140833,88.4676955478422,96.5199526316151,60
"1577",2040,92.6575734126764,89.6687083484062,98.7486448418933,60
"1577",2041,94.4642871543872,91.0331607406998,101.31265389174,60
"1577",2042,95.8892163884705,92.1207185117015,103.340610108531,60
"1577",2043,97.3677580873595,93.2430938073414,105.450271204884,60
"1577",2044,98.8766126136644,94.3929708185645,107.605641669887,60
"1577",2045,100.544202636637,95.6580685403221,109.992985782808,60
"1577",2046,102.246300340686,96.9457882875178,112.434463471145,60
"1577",2047,103.535388242077,97.9286642538837,114.289918910433,60
"1577",2048,105.357022733454,99.2975894203558,116.913108086258,60
"1577",2049,106.650438246547,100.277333279654,118.784756608786,60
"1577",2050,108.551451505456,101.699985710004,121.529622845115,60
"1578",2026,28.930013385299,28.6887390467923,29.0105612177943,60
"1578",2027,28.9591423234688,28.6298719722901,29.091416220172,60
"1578",2028,29.035473043181,28.6199717905656,29.2369252151874,60
"1578",2029,29.1703149276092,28.6707539492894,29.4626128758182,60
"1578",2030,29.3166303204982,28.733810521232,29.7051632118656,60
"1578",2031,29.4882987050237,28.8232923369623,29.9829100660411,60
"1578",2032,29.7844264699589,29.041786208685,30.4348625826424,60
"1578",2033,30.171726802524,29.3553341799291,31.0176138872969,60
"1578",2034,30.5251793977171,29.5848175697802,31.5555834462546,60
"1578",2035,30.7124796840554,29.6758661456853,31.859816524938,60
"1578",2036,31.3911007480441,30.1747311435309,32.8618274216458,60
"1578",2037,31.9555555119431,30.5780125677206,33.7059295342179,60
"1578",2038,32.3992999034567,30.8769713444311,34.3811352579643,60
"1578",2039,33.002708398771,31.3057386958055,35.2867500177582,60
"1578",2040,33.6644991827746,31.7792328040805,36.2866627218806,60
"1578",2041,34.3367809241536,32.2615355343348,37.3025174706296,60
"1578",2042,35.0748601533926,32.7939808775039,38.426113586622,60
"1578",2043,35.9015274969797,33.397987867503,39.6819716705498,60
"1578",2044,36.6957909023635,33.9321024817695,40.9029782438368,60
"1578",2045,37.346979695868,34.3501915922257,41.9144736878782,60
"1578",2046,38.3580973411177,35.0088759093742,43.4761216596951,60
"1578",2047,39.2671216633991,35.5916403554674,44.8965417157424,60
"1578",2048,39.9651573332823,36.0287491064404,46.002660620739,60
"1578",2049,40.5471382451108,36.3818138441446,46.9419350845443,60
"1578",2050,41.3595797814018,36.8879478476014,48.2372651820871,60
"1579",2026,99.259177439795,99.1453881426341,99.4633706701518,60
"1579",2027,99.5829763987907,99.371972461878,99.9391420863069,60
"1579",2028,100.017360345249,99.6819743050725,100.565614490902,60
"1579",2029,100.553805500137,100.068709029852,101.332594484752,60
"1579",2030,101.315039967057,100.621916808526,102.408781315655,60
"1579",2031,102.215461366997,101.276948792896,103.678891779514,60
"1579",2032,103.260708975195,102.037354028787,105.153186812298,60
"1579",2033,104.394515557654,102.862936342532,106.752269372582,60
"1579",2034,105.725131419607,103.830500366395,108.631494568162,60
"1579",2035,107.21396055482,104.910095624872,110.740423029701,60
"1579",2036,108.893924763472,106.127159363033,113.124211844876,60
"1579",2037,110.649322391053,107.39618766361,115.622027610328,60
"1579",2038,112.427501766552,108.678256347934,118.160132088246,60
"1579",2039,114.291561318073,110.019245693992,120.828000936569,60
"1579",2040,116.417198534087,111.543150760037,123.882124888648,60
"1579",2041,118.701802292734,113.177425241304,127.174433507939,60
"1579",2042,120.582912400188,114.522715651149,129.885958104472,60
"1579",2043,122.804240159925,116.104677070626,133.102743790235,60
"1579",2044,124.8317455543,117.545742264731,136.043847535703,60
"1579",2045,127.248238684038,119.255702772418,139.56692917578,60
"1579",2046,129.850442773489,121.088848564555,143.378701479316,60
"1579",2047,132.415291684939,122.888822611093,147.14955689085,60
"1579",2048,134.500491559382,124.34865192165,150.217702959029,60
"1579",2049,136.405569049899,125.679275531113,153.024185277337,60
"1579",2050,139.706128928417,127.971034968659,157.933380978374,60
"1804",2026,302.42736188166,301.626718305966,305.384263308126,60
"1804",2027,303.221112735574,302.145566593644,307.359146799552,60
"1804",2028,304.384841467483,303.05022086142,309.748293399918,60
"1804",2029,305.835949106731,304.119809263074,312.464079185937,60
"1804",2030,307.766817842333,305.590204812465,315.720381720802,60
"1804",2031,310.066888577523,307.347278552013,319.392671263614,60
"1804",2032,312.728630046787,309.360145470069,323.489540692045,60
"1804",2033,315.9083233997,311.873078109869,328.298879786718,60
"1804",2034,319.274284741685,314.546482298579,333.331567577744,60
"1804",2035,323.321044393156,317.791595857376,339.192638469034,60
"1804",2036,327.615370549223,321.246961650239,345.353486886436,60
"1804",2037,332.351386362102,325.072213359552,352.053454492349,60
"1804",2038,337.455202526131,329.202935641749,359.259032656267,60
"1804",2039,342.875539217087,333.595151621985,366.870945199997,60
"1804",2040,348.824884807054,338.407805249479,375.149920391924,60
"1804",2041,354.944891595612,343.358539270257,383.646991125796,60
"1804",2042,361.583171636949,348.543482556198,392.802600945564,60
"1804",2043,367.94706664497,353.368505732023,401.616535230136,60
"1804",2044,374.608433537946,358.394524954312,410.813169573278,60
"1804",2045,382.664970082237,364.377869817023,421.784572450104,60
"1804",2046,390.160730674705,369.947128321789,432.238809558447,60
"1804",2047,398.117593702445,375.822726959841,443.419684489085,60
"1804",2048,405.651216393875,381.392661296483,454.044370283106,60
"1804",2049,413.854545141438,387.408554657438,465.594462564914,60
"1804",2050,423.776908800553,394.588109757743,480.017173147536,60
"1806",2026,206.897718288056,204.045659673698,207.224267816067,60
"1806",2027,207.49399919857,203.570531924264,208.0464519886,60
"1806",2028,208.364094219482,203.364749586565,209.244064625722,60
"1806",2029,209.349215324906,203.274599261095,210.607072205884,60
"1806",2030,210.465906513512,203.316677827706,212.15917578121,60
"1806",2031,212.137735130024,203.903841348459,214.469758072161,60
"1806",2032,213.955516445762,204.63886470123,216.993934562561,60
"1806",2033,215.91285749104,205.516019880554,219.724684741159,60
"1806",2034,218.148080611002,206.671237480537,222.851456158676,60
"1806",2035,220.634966459261,208.078747229593,226.3384414235,60
"1806",2036,223.809533460776,210.169715934631,230.797647785631,60
"1806",2037,226.947405463115,212.232037428207,235.249716837285,60
"1806",2038,230.093713029569,214.311323747824,239.741755165415,60
"1806",2039,233.457925086197,216.614242944096,244.56608495609,60
"1806",2040,237.013403100157,219.115206086862,249.687855027487,60
"1806",2041,241.176206236506,222.156130597197,255.700975808484,60
"1806",2042,244.895169179018,224.57826683698,261.114544665317,60
"1806",2043,248.471734487185,226.875900773591,266.355806093349,60
"1806",2044,252.239141091654,229.341219507128,271.895032705223,60
"1806",2045,256.428447267526,232.176969233607,278.074451588496,60
"1806",2046,260.976367910333,235.323376102307,284.801482898064,60
"1806",2047,264.837544054264,237.840497526593,290.56721609066,60
"1806",2048,268.574090146964,240.248839807114,296.185476024044,60
"1806",2049,272.25907139804,242.611950677342,301.754573164123,60
"1806",2050,276.166482976423,245.166529014541,307.674836088907,60
"1811",2026,23.9691408321105,23.7950315936265,24.1322280436652,60
"1811",2027,24.0488982732007,23.7893722017782,24.3060673376782,60
"1811",2028,24.0952090700732,23.7554170654454,24.4444010304541,60
"1811",2029,24.2038146108131,23.7705399391425,24.6739597537882,60
"1811",2030,24.3467018456763,23.8118136529567,24.9569102210759,60
"1811",2031,24.6319163506406,23.966003404951,25.4483061522703,60
"1811",2032,25.0203032350012,24.1999701300142,26.1128059592457,60
"1811",2033,25.1763773307082,24.2476237260918,26.4358061284155,60
"1811",2034,25.598973353064,24.5049734291005,27.1728306588603,60
"1811",2035,25.9720846799029,24.7178521004688,27.8389078106497,60
"1811",2036,26.2350858540837,24.8333447800391,28.3442173066465,60
"1811",2037,27.0197347726808,25.4349191292312,29.6788233215773,60
"1811",2038,27.3812156313624,25.664740341606,30.3558454400998,60
"1811",2039,27.6622012763762,25.8202908098559,30.9107204650944,60
"1811",2040,28.5556354149045,26.4445139084465,32.4547414752704,60
"1811",2041,28.6976539177297,26.475754297278,32.7981349044833,60
"1811",2042,29.4577283650492,26.9908773355911,34.1367654277386,60
"1811",2043,29.4643231970014,26.91509320389,34.2652923148536,60
"1811",2044,30.3029011007068,27.4882059752475,35.7474650551445,60
"1811",2045,30.4781163902903,27.539970595697,36.1651775208994,60
"1811",2046,30.1823008132255,27.2236416770933,35.8181029004127,60
"1811",2047,31.0034418628555,27.7784762099636,37.2918008391392,60
"1811",2048,31.2560262377059,27.8890720674699,37.8419053013407,60
"1811",2049,31.4011389128321,27.9117469192081,38.2322786370548,60
"1811",2050,31.3456608483782,27.7788308553666,38.2914026734704,60
"1812",2026,14.2750392692061,14.2465571563355,14.5347266294092,60
"1812",2027,14.4210704854884,14.3840308699664,14.7964304104591,60
"1812",2028,14.6048143775548,14.5611860349729,15.1131688036567,60
"1812",2029,14.7513113794932,14.6992119067449,15.3761874963021,60
"1812",2030,14.9474928109145,14.8893595666237,15.7114201313361,60
"1812",2031,15.1709324451978,15.1083262038281,16.081034596614,60
"1812",2032,15.5107423583311,15.4399708080099,16.6055258645407,60
"1812",2033,15.797757289717,15.7154447397013,17.060151739146,60
"1812",2034,16.0764477087759,15.9825998920721,17.5036994633868,60
"1812",2035,16.4005132521131,16.3003802964335,18.0105959678017,60
"1812",2036,16.7005902935119,16.5968943260438,18.4841064978282,60
"1812",2037,17.1860952663485,17.0887978915288,19.2138221824599,60
"1812",2038,17.5054703129815,17.4055684037105,19.7146531816438,60
"1812",2039,17.9218370016312,17.8215157117813,20.3501350254995,60
"1812",2040,18.3250057795446,18.2136059527088,20.9690386278117,60
"1812",2041,18.7540902814799,18.6299337132964,21.6245966702835,60
"1812",2042,19.0868518693258,18.9532058924629,22.1463605973027,60
"1812",2043,19.5771146396488,19.4283170129516,22.8883380153469,60
"1812",2044,19.960160704525,19.7997656656595,23.4826598342605,60
"1812",2045,20.3578529216069,20.1855095962373,24.0962614848331,60
"1812",2046,21.1140914660422,20.8541461234944,25.2156757463431,60
"1812",2047,21.4650691280446,21.1820401321237,25.7666222643432,60
"1812",2048,21.9716855567143,21.6284390976776,26.539307626616,60
"1812",2049,22.940035343399,22.4446681276233,27.9674649681578,60
"1812",2050,23.1757944339081,22.6694996063504,28.3555735209593,60
"1813",2026,54.7106297879367,54.6520684709921,54.856206625171,60
"1813",2027,55.0973279254089,54.9985010392662,55.3409322786655,60
"1813",2028,55.5758602766279,55.4225415244041,55.9560353579396,60
"1813",2029,56.1416898622503,55.9084402766483,56.6965306414313,60
"1813",2030,56.784989799032,56.4450736197075,57.5510467132447,60
"1813",2031,57.5178809623136,57.0488687057346,58.5304233393804,60
"1813",2032,58.3103474507476,57.6957684162655,59.5946772217918,60
"1813",2033,59.1540234845105,58.3797731353745,60.7345484110088,60
"1813",2034,60.2201515659831,59.2291434432861,62.194016147691,60
"1813",2035,61.2775595633203,60.0697953128782,63.6467146324335,60
"1813",2036,62.4815920596088,61.0186503808759,65.3133228192384,60
"1813",2037,63.9509057957615,62.1629739146674,67.367976499889,60
"1813",2038,65.3042568387181,63.2188787033369,69.2614846594924,60
"1813",2039,66.7124469298533,64.3132407204333,71.2403776425718,60
"1813",2040,68.1437274609925,65.4214041400743,73.2604552785452,60
"1813",2041,70.0838748076212,66.8921454160484,76.0388419062368,60
"1813",2042,71.6222317711578,68.0576445058951,78.2326334322987,60
"1813",2043,73.499303915012,69.457597734286,80.9408566467178,60
"1813",2044,75.2317800576762,70.7489099196518,83.4467142808564,60
"1813",2045,77.1813868873913,72.1868936064448,86.2907903637818,60
"1813",2046,79.0616013625603,73.5684204810183,89.0460676764576,60
"1813",2047,81.0301439075121,75.0051898637693,91.9484318325473,60
"1813",2048,82.8765899818054,76.3485930313389,94.6815575953001,60
"1813",2049,85.2200641334281,78.0284192959578,98.191087162708,60
"1813",2050,87.4830895907514,79.641651035063,101.600139405064,60
"1815",2026,17.4512028807794,17.4251199812044,17.5017633232363,60
"1815",2027,17.2837238728819,17.2367400922157,17.3684316648084,60
"1815",2028,17.1234708431592,17.0529101923725,17.2459101542276,60
"1815",2029,16.9805419310912,16.8791981977209,17.1489651537333,60
"1815",2030,16.8590089082617,16.7340070027316,17.0830371445212,60
"1815",2031,16.7929132374774,16.6241308168717,17.0949453865551,60
"1815",2032,16.7197066938726,16.4998587006064,17.1000776192065,60
"1815",2033,16.6294079696853,16.3624354275164,17.0829695680751,60
"1815",2034,16.5553276363287,16.2364287275378,17.0888479544502,60
"1815",2035,16.5444326958621,16.1518415444409,17.1880697187998,60
"1815",2036,16.4305511035048,15.9949157286744,17.1420278604084,60
"1815",2037,16.5875853019477,16.0226991456497,17.4878018846568,60
"1815",2038,16.4546455747222,15.8506401508512,17.4172209450639,60
"1815",2039,16.2929156350553,15.6560349004609,17.3088759250944,60
"1815",2040,16.5908188382152,15.7742224885644,17.8694159472032,60
"1815",2041,16.5534480710887,15.6612606816034,17.9466019098335,60
"1815",2042,16.6158502623902,15.6138135067266,18.1733492596964,60
"1815",2043,16.3944790893553,15.3771242265132,17.9793689885286,60
"1815",2044,16.2480942108553,15.1870433101803,17.9014134603132,60
"1815",2045,16.5464082334581,15.2930783746063,18.4846617604584,60
"1815",2046,16.4275266704992,15.1217686755171,18.4469136060726,60
"1815",2047,16.6182513807787,15.1518175185863,18.8781829472295,60
"1815",2048,16.6077513368112,15.0466519527394,19.011247649661,60
"1815",2049,16.5486131954954,14.9113635167797,19.0683382040038,60
"1815",2050,16.4213192397354,14.7264157838725,19.0296862737254,60
"1816",2026,7.91978803800775,7.88176045500611,7.92978596802762,60
"1816",2027,7.90828360741993,7.85668246901528,7.9256442314051,60
"1816",2028,7.87692072772197,7.80914713035895,7.89403040494257,60
"1816",2029,7.87896631888676,7.79881350153136,7.9074696157057,60
"1816",2030,7.90907322304357,7.81139301879909,7.9570119677174,60
"1816",2031,7.98634108411944,7.85965034433359,8.07201555931853,60
"1816",2032,8.18405992317373,8.0061408542649,8.35598291987189,60
"1816",2033,8.28381366047809,8.06979144696438,8.50366595461524,60
"1816",2034,8.25204608765646,8.03092782459348,8.46659091285656,60
"1816",2035,8.31552678145379,8.06798087964141,8.56113500195627,60
"1816",2036,8.54712606626774,8.21459040432532,8.8979405740383,60
"1816",2037,8.812969616959,8.3832046257243,9.28772055453695,60
"1816",2038,8.8801542933726,8.41824415790323,9.38922227143903,60
"1816",2039,9.00285486264018,8.50438792263171,9.57127030087833,60
"1816",2040,9.30290302229811,8.75180403824108,10.0142893866085,60
"1816",2041,9.35455997963378,8.7733092150857,10.0908949469046,60
"1816",2042,9.6175623069158,8.9844730354009,10.4857494291316,60
"1816",2043,9.61797989628931,8.95991942466238,10.4849497707591,60
"1816",2044,9.71706567695302,9.02406375363396,10.630288781935,60
"1816",2045,9.588136152984,8.88243804670271,10.4443178478398,60
"1816",2046,9.77102238593033,9.02267071878359,10.7122736590774,60
"1816",2047,10.3056614048404,9.46985112082652,11.5043920607901,60
"1816",2048,9.83969709286615,9.03346565067862,10.8155898994165,60
"1816",2049,9.55326885781513,8.77105864537085,10.3952880148528,60
"1816",2050,9.96853171812583,9.09831507243124,11.0065897558864,60
"1818",2026,13.0815990383479,13.0594823080102,13.146422489957,60
"1818",2027,13.1588570177897,13.1215750036115,13.2578608364003,60
"1818",2028,13.2759274107358,13.2186900659161,13.4189220102181,60
"1818",2029,13.3900913312651,13.3123572705346,13.575603763784,60
"1818",2030,13.5519318182656,13.4447075451014,13.7934260936234,60
"1818",2031,13.7159570964573,13.5794833527086,14.0137737316543,60
"1818",2032,13.9829618735289,13.795889095905,14.3719445695133,60
"1818",2033,14.2253943135787,13.9930177295136,14.7084153044701,60
"1818",2034,14.4847021145659,14.2036126833597,15.0717742082295,60
"1818",2035,14.7498100699631,14.4120355724059,15.4444801743954,60
"1818",2036,14.9718726193018,14.5888727896586,15.7542739291926,60
"1818",2037,15.3443028270922,14.8739553841095,16.2867751952356,60
"1818",2038,15.763156216951,15.1908416690289,16.8829101123898,60
"1818",2039,16.0686996336721,15.4271898037804,17.3136927836598,60
"1818",2040,16.4199927366647,15.6962389756226,17.8115446501422,60
"1818",2041,16.5992784856805,15.8426119317344,18.0575442199671,60
"1818",2042,17.2393786001142,16.3140603985433,18.9857343733421,60
"1818",2043,17.6441017327679,16.6177301075786,19.569056258047,60
"1818",2044,18.1082257297464,16.9644760381362,20.2393889742461,60
"1818",2045,18.6209234074757,17.3429772149806,20.9868420950146,60
"1818",2046,18.957285419294,17.5968312961287,21.471793505371,60
"1818",2047,19.3608949765805,17.8972214576135,22.0588474938851,60
"1818",2048,19.9989926297986,18.3614966074233,23.0000034824581,60
"1818",2049,20.5495328172721,18.7601365259346,23.817291701297,60
"1818",2050,20.8726431389903,19.0044569545222,24.2831683312824,60
"1820",2026,40.3989328685419,40.3151699363979,41.0289584986518,60
"1820",2027,40.6398024420926,40.5127769271225,41.5270223321357,60
"1820",2028,40.9081195492139,40.7342173541475,42.0588887757036,60
"1820",2029,41.3150437307239,41.0756223852158,42.7644339224322,60
"1820",2030,41.7667983339737,41.4557326327308,43.5342711539872,60
"1820",2031,42.2704782040421,41.880063999973,44.3718437619969,60
"1820",2032,42.8348954091963,42.3563796656358,45.2883512270505,60
"1820",2033,43.4568524825109,42.8747510523718,46.2805420468347,60
"1820",2034,44.210941684562,43.4779463069773,47.4451286882682,60
"1820",2035,45.0269829416355,44.1249560641209,48.6914360316868,60
"1820",2036,45.7872812723304,44.7282173523389,49.8733343154202,60
"1820",2037,46.7561116233938,45.487554246961,51.3735925721038,60
"1820",2038,47.4622885345455,46.0471261846782,52.5064407578791,60
"1820",2039,48.4596565848439,46.8241763937529,54.0530227880302,60
"1820",2040,49.4978414886662,47.628568177721,55.662380908433,60
"1820",2041,50.4808539528358,48.3891958336171,57.1971803647657,60
"1820",2042,51.5241646980568,49.1923039500161,58.8217088515746,60
"1820",2043,52.3941023481654,49.8649551597029,60.2007346077864,60
"1820",2044,53.4774116334154,50.6925694905996,61.8901449114396,60
"1820",2045,54.5378666503584,51.5002134865017,63.5512069795311,60
"1820",2046,55.3966171546915,52.1569461556384,64.9246705010416,60
"1820",2047,56.4706422827659,52.969974894637,66.6119946649253,60
"1820",2048,57.451138620009,53.7107636440853,68.1689284355586,60
"1820",2049,58.5337511430106,54.5249746072074,69.8761147015158,60
"1820",2050,60.1713152400362,55.7446951490344,72.3913254959078,60
"1822",2026,18.9641924796597,18.9480486688827,18.9873444869894,60
"1822",2027,18.9902826027547,18.9631186962704,19.0300398219355,60
"1822",2028,19.0485311746091,19.0048753582674,19.1134084298334,60
"1822",2029,19.1210482495878,19.0586559319278,19.2145189684256,60
"1822",2030,19.23018536278,19.1423934311701,19.3628232704353,60
"1822",2031,19.394313751787,19.2683074335877,19.5844243218684,60
"1822",2032,19.5755100611969,19.4048705540523,19.8304232271219,60
"1822",2033,19.8260272138606,19.5933637408064,20.1715097316146,60
"1822",2034,20.137054305626,19.8260320081039,20.5975564377616,60
"1822",2035,20.4925127007445,20.0905529277614,21.0874304392245,60
"1822",2036,20.7379464389871,20.2751327084556,21.4231427668409,60
"1822",2037,21.2753484678362,20.6703351065672,22.1734444136339,60
"1822",2038,21.6373485551195,20.9385495057217,22.6763504963694,60
"1822",2039,22.1017850239394,21.2801682536533,23.3266398002723,60
"1822",2040,22.5460535162067,21.6062260913325,23.9504791052371,60
"1822",2041,23.0534058545155,21.977029033063,24.6665650255455,60
"1822",2042,23.7042967238322,22.4470455089061,25.5967549475514,60
"1822",2043,24.242710654688,22.8376375349887,26.363664717549,60
"1822",2044,24.5497967192884,23.0648288252655,26.7919110279808,60
"1822",2045,25.2679820212323,23.5790628149422,27.829090059986,60
"1822",2046,25.6599768704702,23.8639056582467,28.3860412491542,60
"1822",2047,26.4354108120205,24.4146278935658,29.5161317881909,60
"1822",2048,26.7917788628881,24.6725977613352,30.02374392961,60
"1822",2049,27.1320595585386,24.9194362336315,30.5072502504992,60
"1822",2050,27.7253792675216,25.3384550646925,31.3752650007057,60
"1824",2026,109.152696165769,108.946985464457,109.773837174661,60
"1824",2027,108.916292353684,108.61237559242,109.791430238799,60
"1824",2028,108.816226350989,108.385104834418,109.97485303836,60
"1824",2029,108.801044122791,108.223449538929,110.262742286494,60
"1824",2030,109.05493746639,108.276071110863,110.87684223949,60
"1824",2031,109.336687163781,108.347012622,111.528269985281,60
"1824",2032,109.677405767709,108.460735625797,112.255006252066,60
"1824",2033,110.059788209947,108.585222205983,113.057936274051,60
"1824",2034,110.709765554002,108.867785620968,114.28959668029,60
"1824",2035,111.749100925622,109.419032903234,116.067672430478,60
"1824",2036,112.587717122828,109.818639182434,117.581849129241,60
"1824",2037,113.440280012822,110.218390526967,119.12484594287,60
"1824",2038,114.424904829645,110.701121213921,120.863986116886,60
"1824",2039,115.633797834668,111.329472654248,122.930507208943,60
"1824",2040,117.181993488005,112.180664138086,125.503725518716,60
"1824",2041,118.569647630647,112.913286940644,127.8643927729,60
"1824",2042,119.644183327077,113.419949130348,129.795436816858,60
"1824",2043,121.141215353032,114.206171577564,132.347660924747,60
"1824",2044,122.309627584475,114.760203613593,134.506182655416,60
"1824",2045,124.192540567306,115.787348055042,137.771806251728,60
"1824",2046,125.996175317587,116.747978983672,140.942900706233,60
"1824",2047,127.709085443136,117.637238771175,143.996153473168,60
"1824",2048,129.681193937857,118.687583288945,147.474370016385,60
"1824",2049,131.298007689384,119.489956514561,150.424229274465,60
"1824",2050,133.872745600007,120.917134188023,154.890813221465,60
"1825",2026,12.058856517294,12.0328792777792,12.2384156388355,60
"1825",2027,12.1509072732198,12.1026259078173,12.4371804927925,60
"1825",2028,12.2137087900103,12.1450907424543,12.5890168914938,60
"1825",2029,12.3388920187897,12.2332599278919,12.8358446927351,60
"1825",2030,12.4544218851532,12.313186228924,13.0727641220051,60
"1825",2031,12.4930546300685,12.3352855409567,13.1932736761816,60
"1825",2032,12.686980145448,12.4720236791936,13.5532655203953,60
"1825",2033,12.8424424613423,12.5797435014718,13.8573858896898,60
"1825",2034,12.9709576189338,12.6667836205842,14.1213998133302,60
"1825",2035,13.2214147874524,12.8449602258651,14.5771224654404,60
"1825",2036,13.2153264476621,12.8308202145409,14.6309145071583,60
"1825",2037,13.5252570957718,13.0516837457897,15.1840663573258,60
"1825",2038,13.9648255321903,13.3666348390311,15.9490843562343,60
"1825",2039,14.11221805913,13.463413845186,16.2520769246236,60
"1825",2040,14.3147108316678,13.6011970783767,16.6429049066144,60
"1825",2041,14.4811686350517,13.7117753253882,16.9771762648992,60
"1825",2042,14.7918332308933,13.9256806992062,17.549678841689,60
"1825",2043,15.0672328554684,14.1125340827465,18.0680348068597,60
"1825",2044,15.2808888524554,14.2550561111115,18.4846119683357,60
"1825",2045,15.6363962508001,14.4979536630231,19.1394338232054,60
"1825",2046,15.6631954815913,14.5012864005794,19.2566067623155,60
"1825",2047,16.2696755685998,14.9174329048615,20.3313182647882,60
"1825",2048,16.389229372485,14.9837280995964,20.6087615860112,60
"1825",2049,16.5833434569891,15.1025823010283,21.0075254778656,60
"1825",2050,16.7839001507089,15.224760456658,21.4189730053191,60
"1826",2026,10.0678047923386,10.0355460663305,10.2107407440085,60
"1826",2027,10.1326665680764,10.0795313007621,10.3393387055574,60
"1826",2028,10.2042433920043,10.1283601788315,10.4766557428672,60
"1826",2029,10.2879628207865,10.1859624954277,10.6297143982322,60
"1826",2030,10.4007224699785,10.2661245027875,10.8205927128247,60
"1826",2031,10.4981074051718,10.333281974781,11.0013943651333,60
"1826",2032,10.6923858536965,10.4751283186853,11.3268900381836,60
"1826",2033,10.8406124214116,10.5809723555206,11.5851454973221,60
"1826",2034,11.0193931765154,10.709095833139,11.8917799970179,60
"1826",2035,11.2314116490313,10.8618991593492,12.2504506266206,60
"1826",2036,11.2585534508058,10.8731132306373,12.3300276042482,60
"1826",2037,11.5335389973333,11.0728240274516,12.7868290468922,60
"1826",2038,11.5686770923281,11.088462633875,12.8816403383483,60
"1826",2039,11.7362005723975,11.2057496360905,13.1763624059144,60
"1826",2040,11.77726674116,11.2249237218803,13.282102867481,60
"1826",2041,11.9754331932009,11.3646333715814,13.6285635613847,60
"1826",2042,12.2274099945618,11.5433408046072,14.0705814180475,60
"1826",2043,12.3951180240573,11.6586182359273,14.3764036263957,60
"1826",2044,12.3050815272562,11.5762962725239,14.2732280336562,60
"1826",2045,12.44910952546,11.6727758175328,14.5428968319383,60
"1826",2046,12.6703093325122,11.8257679939546,14.9416217401616,60
"1826",2047,12.9778475949184,12.0432359562085,15.4716555107892,60
"1826",2048,13.1184367882542,12.1336749040537,15.7326818874835,60
"1826",2049,13.2907482385296,12.2492776742394,16.0372533929352,60
"1826",2050,13.3691595674096,12.2916840973926,16.2113785402094,60
"1827",2026,15.8971106792941,15.8079694529597,15.9442641029438,60
"1827",2027,15.908524742376,15.7799488089209,15.9948067326842,60
"1827",2028,15.9091987700216,15.743620540425,16.0326441807827,60
"1827",2029,15.8738159849828,15.6737891979909,16.0211050213415,60
"1827",2030,16.0191763109456,15.7697087494439,16.2615231923529,60
"1827",2031,16.103986517888,15.7946079026252,16.4217658557541,60
"1827",2032,16.2257558956612,15.8479447606731,16.633905441894,60
"1827",2033,16.344966004838,15.8978881432821,16.8457273988478,60
"1827",2034,16.4924608929403,15.968252306757,17.1002627511599,60
"1827",2035,16.6463131912158,16.0432507989311,17.363933483116,60
"1827",2036,16.9241189251744,16.2081004741217,17.8106563617959,60
"1827",2037,17.2655122759627,16.418187201884,18.3551147767839,60
"1827",2038,17.4322727368614,16.4999168409794,18.6435485911662,60
"1827",2039,17.6090559890656,16.5884362813408,18.9480992396182,60
"1827",2040,18.0248536791325,16.8478899119393,19.6161715118428,60
"1827",2041,18.0662232045256,16.835397265263,19.7238313464226,60
"1827",2042,18.4532842605824,17.0640643860759,20.354563449767,60
"1827",2043,18.7814821013621,17.2490686530641,20.895522051547,60
"1827",2044,19.171465672426,17.4718842374006,21.538234899791,60
"1827",2045,19.3853698343392,17.5722438531288,21.9189079546414,60
"1827",2046,19.6359815839919,17.699026390711,22.35303251175,60
"1827",2047,20.0924676332521,17.9622699837151,23.1074969767798,60
"1827",2048,20.3080635870943,18.063597529854,23.4917807694347,60
"1827",2049,20.8562657055247,18.3848242205014,24.3960946107754,60
"1827",2050,21.2921807595006,18.6298144021513,25.1296958725034,60
"1828",2026,18.1936375644173,17.9328545149319,18.2353632446848,60
"1828",2027,18.3293911982041,17.963758779594,18.3927062184747,60
"1828",2028,18.4813975889795,18.0086074943413,18.5659446188824,60
"1828",2029,18.7274897574985,18.1393317488209,18.8536916971943,60
"1828",2030,18.9592256892342,18.2559747153419,19.1208043157352,60
"1828",2031,19.266635187587,18.4414944092576,19.479546852743,60
"1828",2032,19.5788018147861,18.6310187993847,19.8442928559144,60
"1828",2033,19.9463216266782,18.8706427486989,20.2831441689985,60
"1828",2034,20.3299866159028,19.1247866987577,20.7437091601826,60
"1828",2035,20.7512636008306,19.4094586343273,21.2511400188424,60
"1828",2036,21.2677955370917,19.7738889724808,21.8827790912978,60
"1828",2037,21.7598192498706,20.1172679086937,22.4759086092915,60
"1828",2038,22.2281064995412,20.4401498889537,23.0356209653693,60
"1828",2039,22.6328724891505,20.7082492025276,23.5027891918086,60
"1828",2040,23.2872850828296,21.1922155148258,24.3138663874153,60
"1828",2041,24.081592652485,21.7970592158439,25.3226014560311,60
"1828",2042,24.6001439917049,22.1636565476697,25.9431017314235,60
"1828",2043,25.1788243809372,22.5822474981844,26.6469821226181,60
"1828",2044,25.9405904548198,23.1590769102447,27.6081128356895,60
"1828",2045,26.6256721578656,23.6689376941353,28.4623303358902,60
"1828",2046,27.2897417845433,24.1472904012798,29.2841858614308,60
"1828",2047,28.4096682045194,24.9763839670038,30.7589531938414,60
"1828",2048,29.1850166879981,25.5397916102672,31.7433750465294,60
"1828",2049,29.7433519635677,25.9352589136679,32.4197394984301,60
"1828",2050,30.6426196053419,26.5942824126952,33.5818902701584,60
"1832",2026,45.7664425217705,45.6487226093398,45.8634136395404,60
"1832",2027,45.7459110642156,45.5599548417598,45.9110368300564,60
"1832",2028,45.7727048365727,45.504021523104,46.02792950197,60
"1832",2029,45.8678666364878,45.5178798197618,46.2427652394515,60
"1832",2030,45.9994812723007,45.5385609440914,46.5125534675769,60
"1832",2031,46.2580447955536,45.6507205226185,46.9621512918949,60
"1832",2032,46.5680474742327,45.7970562508961,47.490170281225,60
"1832",2033,46.8966408914706,45.9510478155911,48.0499670405697,60
"1832",2034,47.3320096554463,46.1733502853835,48.7666268057506,60
"1832",2035,47.8969036186277,46.4827343872945,49.6746618026032,60
"1832",2036,48.3759428111158,46.7281479211927,50.4675649518021,60
"1832",2037,48.9803491574691,47.0558541907027,51.4494465181583,60
"1832",2038,49.4738433772657,47.3014799628761,52.280304876989,60
"1832",2039,50.0242517083381,47.5826019271365,53.2005308604694,60
"1832",2040,50.8671328110563,48.0619317341368,54.5536950408368,60
"1832",2041,51.3815336531502,48.307256566958,55.4407426512749,60
"1832",2042,51.8167507117583,48.4959933029411,56.2156772400611,60
"1832",2043,52.5558410984213,48.8874133293447,57.4468680736844,60
"1832",2044,52.8857845048697,48.9960840978852,58.0801624560855,60
"1832",2045,54.0611065551572,49.6762737630581,59.9735749212353,60
"1832",2046,54.6788856321599,49.9731350552561,61.0476593105783,60
"1832",2047,55.1212006526602,50.1438705370623,61.872067625296,60
"1832",2048,56.2120311091539,50.7528909653663,63.6681894728243,60
"1832",2049,57.1866306693077,51.2775418935571,65.3020935569083,60
"1832",2050,58.3414792804175,51.9179529424569,67.2192570898767,60
"1833",2026,211.821736620342,211.473772817605,212.241859633917,60
"1833",2027,212.509038924984,211.918684012688,213.231168549428,60
"1833",2028,213.402517169084,212.508032138026,214.507758917989,60
"1833",2029,214.506554997942,213.242961718153,216.081160069012,60
"1833",2030,215.965780669873,214.226425134865,218.152179804361,60
"1833",2031,217.48149116114,215.242919996157,220.313159796886,60
"1833",2032,219.35962499817,216.525046427675,222.986993529261,60
"1833",2033,221.540216951053,218.02568234898,226.095422653351,60
"1833",2034,224.059589172052,219.764918288203,229.691979320896,60
"1833",2035,227.008413316573,221.805457840185,233.910541380514,60
"1833",2036,229.747990340979,223.689031469545,237.847835523205,60
"1833",2037,233.08211280894,225.989309916861,242.648157649916,60
"1833",2038,236.648443640981,228.443687946123,247.803700478694,60
"1833",2039,240.362177021457,230.9907459996,253.195402659093,60
"1833",2040,244.487383936788,233.816086306428,259.207336746096,60
"1833",2041,248.445021212253,236.508130447895,265.006398216924,60
"1833",2042,252.617624697862,239.33607513403,271.147959048115,60
"1833",2043,257.028669318497,242.312854532949,277.67310572036,60
"1833",2044,261.540469313563,245.342245956735,284.380825961733,60
"1833",2045,266.622317701329,248.749499836156,291.966826662312,60
"1833",2046,270.944850515119,251.609202574699,298.468378457537,60
"1833",2047,276.349451417238,255.198355260676,306.615857466054,60
"1833",2048,281.95122011963,258.902357054558,315.101404484055,60
"1833",2049,287.232677637735,262.361766688252,323.155323496619,60
"1833",2050,293.500024265027,266.475655169306,332.737383232177,60
"1834",2026,11.1435272131183,11.120645167459,11.4382221831585,60
"1834",2027,11.2284575396637,11.1889262329714,11.6503696163224,60
"1834",2028,11.3187285682343,11.2607346256948,11.8702826217335,60
"1834",2029,11.4343800090079,11.3521868551944,12.1300537150748,60
"1834",2030,11.5843217989927,11.4689202301678,12.4437870683374,60
"1834",2031,11.7110412123793,11.5682922813784,12.7214924137531,60
"1834",2032,11.8223143853704,11.6564795856348,12.9746424513376,60
"1834",2033,11.9859026348566,11.7822234424034,13.3116031334139,60
"1834",2034,12.2232021253424,11.9606829048078,13.7386120530281,60
"1834",2035,12.4901632445712,12.1606499846251,14.2050278398533,60
"1834",2036,12.7028102022052,12.3207219770869,14.5970438536029,60
"1834",2037,12.7877132540675,12.3896757610995,14.8125887812821,60
"1834",2038,13.0835995062905,12.6098538894097,15.3193078595507,60
"1834",2039,13.4116492288431,12.8513438393963,15.871377437516,60
"1834",2040,13.7098369017992,13.0712325878923,16.3824034005461,60
"1834",2041,13.8845978930406,13.2040715556692,16.7222410541401,60
"1834",2042,14.0961188999244,13.362756390491,17.1131192100983,60
"1834",2043,14.2718290719317,13.496252778211,17.4542817151397,60
"1834",2044,14.8922888032091,13.9393400276828,18.4148249242422,60
"1834",2045,15.1524993556171,14.1300085354274,18.8745289237064,60
"1834",2046,15.3722254281442,14.2923390087179,19.2779006689793,60
"1834",2047,15.4590207284479,14.3620963891213,19.4960433953595,60
"1834",2048,15.7845356475722,14.5958874213869,20.0478981119052,60
"1834",2049,16.2230513545673,14.9073434395012,20.7578483607751,60
"1834",2050,16.7616168275973,15.2886950535258,21.6074050983107,60
"1835",2026,4.97015192239235,4.94694825813527,4.98898833846282,60
"1835",2027,4.97463311841545,4.94215109226757,5.00469105182736,60
"1835",2028,4.95767253317534,4.9165472506721,4.99049877420508,60
"1835",2029,4.96847679677884,4.91778395904858,5.01317377189303,60
"1835",2030,4.9698574778234,4.90980325163863,5.02141218464136,60
"1835",2031,4.97241622690704,4.90296099310188,5.03121088731879,60
"1835",2032,5.05732220334748,4.97010373264644,5.15276793924764,60
"1835",2033,5.14443081970639,5.02646762429141,5.27770252817496,60
"1835",2034,5.17415692647388,5.04301613782948,5.32231707085848,60
"1835",2035,5.24355405983611,5.08627831151387,5.42140349795384,60
"1835",2036,5.2649953754339,5.09897279010082,5.45264598131933,60
"1835",2037,5.3198211298845,5.13424713201783,5.52964148695673,60
"1835",2038,5.47359132467743,5.25084148736899,5.74492889609571,60
"1835",2039,5.54128023944562,5.29832070634203,5.84086484420251,60
"1835",2040,5.63654180162997,5.36921236636679,5.97267745325493,60
"1835",2041,5.78793247972376,5.48442219847201,6.18661938841875,60
"1835",2042,5.86424508105954,5.5407120138327,6.28991492774945,60
"1835",2043,5.95255568759061,5.60578119372617,6.41265365072851,60
"1835",2044,6.22224110412619,5.7987026629271,6.79637831601701,60
"1835",2045,6.31944408481942,5.86873188142437,6.93092966746808,60
"1835",2046,6.52531666642035,6.0114399278994,7.22719928336693,60
"1835",2047,6.81946178770415,6.21707966480131,7.65000190724531,60
"1835",2048,6.76141501777542,6.18216926111845,7.5543366370236,60
"1835",2049,6.83908672281457,6.23746205597947,7.66237612475993,60
"1835",2050,7.04239322205186,6.37905348027817,7.95452542725247,60
"1836",2026,10.1711781431794,10.0595574731234,10.2057916072189,60
"1836",2027,10.2345432032218,10.0811807752192,10.2822652034343,60
"1836",2028,10.3263607750311,10.13047513616,10.3959783381419,60
"1836",2029,10.4808010987913,10.2406106495035,10.5915038295872,60
"1836",2030,10.6197725054069,10.3357998720206,10.7672392155594,60
"1836",2031,10.8384089091488,10.5088315321394,11.0491320311889,60
"1836",2032,11.0091284955409,10.6351997449055,11.2679449932818,60
"1836",2033,11.3015931298165,10.8780575705467,11.6521674771584,60
"1836",2034,11.5549553498667,11.0654410884615,11.985341019283,60
"1836",2035,11.7873502646653,11.2355053501967,12.2948720474952,60
"1836",2036,12.0563709523585,11.4334804104329,12.6589647519072,60
"1836",2037,12.3359361445722,11.6286941386058,13.0374223277971,60
"1836",2038,12.6131460102075,11.8128685917739,13.4135929128257,60
"1836",2039,12.9266806342855,12.0171506507121,13.8453840524262,60
"1836",2040,13.2160109755819,12.2076401825379,14.241138455849,60
"1836",2041,13.5323198573275,12.4119873161264,14.6797476995282,60
"1836",2042,13.9702689256776,12.6930644008357,15.2936563977636,60
"1836",2043,14.3721243432298,12.9480718650727,15.8607090919867,60
"1836",2044,14.6742982691273,13.1439492243139,16.2796073082951,60
"1836",2045,14.8813700241311,13.2783135152383,16.5631816312387,60
"1836",2046,15.3512739892558,13.5722711992593,17.2348155374683,60
"1836",2047,15.655966423681,13.7647606532625,17.6642636677247,60
"1836",2048,15.808345301638,13.8607211732781,17.8736520620347,60
"1836",2049,15.9758491674418,13.9686465732641,18.1018277419253,60
"1836",2050,16.3332074898887,14.1873585262213,18.616744006645,60
"1837",2026,40.0564628618993,39.9820867164576,40.4508525878816,60
"1837",2027,40.1370657547096,40.0175449669657,40.688049577183,60
"1837",2028,40.2942414779395,40.1090957380421,41.0127953766842,60
"1837",2029,40.5250731766382,40.2524024244067,41.4220495947618,60
"1837",2030,40.6757382605546,40.3322534938923,41.7406800233258,60
"1837",2031,40.9027195860103,40.4670095626852,42.1469149482303,60
"1837",2032,41.3112032415373,40.73578847521,42.8063850347014,60
"1837",2033,41.8267942654015,41.0804557775454,43.6222904574909,60
"1837",2034,42.3612617609183,41.4362987388856,44.5146505461615,60
"1837",2035,42.8256575692371,41.7365250534128,45.317265128907,60
"1837",2036,43.4374191741871,42.1431761804695,46.341554538163,60
"1837",2037,44.0938396341928,42.5790418858238,47.4396499187736,60
"1837",2038,45.0488076482439,43.2306851942442,48.9893165534,60
"1837",2039,45.7909630140182,43.722276605827,50.2315210501874,60
"1837",2040,46.4162702526786,44.1253950105882,51.3052667268856,60
"1837",2041,47.3034651556806,44.7141622531845,52.7836406042569,60
"1837",2042,47.9136212617636,45.099875205661,53.8477406731546,60
"1837",2043,48.8757977317664,45.7339054374434,55.4594744074312,60
"1837",2044,49.6949176499298,46.262143710236,56.8593730109972,60
"1837",2045,50.7272801030624,46.9381263195408,58.5983301901368,60
"1837",2046,51.4418927861969,47.3825672966035,59.8561300370027,60
"1837",2047,51.9693669542197,47.6883613321621,60.8339528425597,60
"1837",2048,53.3888573484375,48.6265328206878,63.2045241212118,60
"1837",2049,54.2993323642765,49.1974464246705,64.7946150502804,60
"1837",2050,55.5725200543652,50.0210998158368,66.963161769944,60
"1838",2026,21.1159651280768,21.0242097922693,21.1483360800654,60
"1838",2027,21.2517191015238,21.1285563379324,21.3185496102879,60
"1838",2028,21.3357583608369,21.1774123278572,21.417635599906,60
"1838",2029,21.573063370241,21.387491127891,21.7228962253285,60
"1838",2030,21.7886036338314,21.5738917927524,21.9962257763398,60
"1838",2031,22.1243003716293,21.8647137506672,22.4334815997638,60
"1838",2032,22.3393127038442,22.0406737812287,22.7010894195211,60
"1838",2033,22.7542192109736,22.3889021820039,23.2479318860425,60
"1838",2034,23.3907308459154,22.873675043902,24.1119081147599,60
"1838",2035,23.715590320472,23.1347313402663,24.5269443602746,60
"1838",2036,24.1870460992586,23.5029834778983,25.1475063424066,60
"1838",2037,24.7652878499383,23.9461148047074,25.9235136465818,60
"1838",2038,25.5118751435422,24.5095627054576,26.9421943503882,60
"1838",2039,26.0589031589597,24.9308857504685,27.6745297810142,60
"1838",2040,26.7223868192702,25.4335052973694,28.5781860004269,60
"1838",2041,27.3964117494739,25.9421532647189,29.5003013466138,60
"1838",2042,27.7663220953072,26.2364311468991,29.9785326944695,60
"1838",2043,28.7352060740841,26.9501450642302,31.337573622704,60
"1838",2044,29.6802952134817,27.6436911362387,32.6698085108247,60
"1838",2045,30.0667802841349,27.9527505883023,33.1668007149564,60
"1838",2046,31.096338951844,28.6991300454295,34.6363230504355,60
"1838",2047,31.17749077727,28.7930893698451,34.6832740064735,60
"1838",2048,32.4808186408987,29.7309553339364,36.5601931322258,60
"1838",2049,33.3169681406447,30.3427022340331,37.7447504404437,60
"1838",2050,33.9287755781739,30.7971036901123,38.5966660209586,60
"1839",2026,13.9724176050629,13.9565753791797,14.0472028638076,60
"1839",2027,14.0107595173318,13.9771625418,14.121613830017,60
"1839",2028,14.0677597417807,14.0113657348479,14.2244998291812,60
"1839",2029,14.0887049282654,14.0163649006548,14.2842430178745,60
"1839",2030,14.1939202460764,14.0768308596048,14.4586594608391,60
"1839",2031,14.2947664785645,14.1351852160551,14.6199755215223,60
"1839",2032,14.4611783893759,14.2385689616629,14.8599857903009,60
"1839",2033,14.4509799923923,14.2153632582988,14.8850624452191,60
"1839",2034,14.7830506833257,14.4320459502286,15.3503129451291,60
"1839",2035,14.811563114304,14.4320945337337,15.4260274329449,60
"1839",2036,15.0256586429551,14.5611110901617,15.7508468592829,60
"1839",2037,15.2388766230769,14.68758430528,16.0785631439255,60
"1839",2038,15.3166062807598,14.7169877200516,16.2290092315759,60
"1839",2039,15.3999133859832,14.7511263606411,16.3866818451447,60
"1839",2040,15.881486575461,15.0524754716156,17.1389894653717,60
"1839",2041,16.2106836791652,15.2496893563136,17.668678578918,60
"1839",2042,16.1938600938999,15.2086010737997,17.6884482461392,60
"1839",2043,16.3643027005023,15.2920259519443,17.991307889393,60
"1839",2044,16.3128669529769,15.2277573618628,17.9589613718915,60
"1839",2045,16.8382924618922,15.5459637393954,18.8019748832461,60
"1839",2046,17.0089151649605,15.6236904615038,19.1150817551669,60
"1839",2047,17.0620607424277,15.6253939114439,19.246334447868,60
"1839",2048,16.9934902469224,15.544382640629,19.1953748818205,60
"1839",2049,16.7989718239273,15.3728788021875,18.9640616335376,60
"1839",2050,17.1451644209795,15.5662944634028,19.5451064997585,60
"1840",2026,37.3117691516593,37.2283790782445,37.4515067199944,60
"1840",2027,37.5228141658261,37.3813273497537,37.7522363161942,60
"1840",2028,37.8059568068556,37.5853185679496,38.1548309538774,60
"1840",2029,38.1321897454906,37.8189880864502,38.6199505481447,60
"1840",2030,38.5471445827236,38.1146410828279,39.2125778448663,60
"1840",2031,39.002545591762,38.4365657030869,39.8671518720269,60
"1840",2032,39.448962720955,38.7503843712786,40.5123785604837,60
"1840",2033,40.0599864865171,39.1789804900407,41.3965151409987,60
"1840",2034,40.7151326006456,39.6350337625532,42.3510104711701,60
"1840",2035,41.5466880850354,40.2136308247943,43.5647756969646,60
"1840",2036,42.2848069257849,40.7216145434443,44.6538442586766,60
"1840",2037,43.0849625377899,41.2686243929473,45.846460327234,60
"1840",2038,43.8750721263414,41.8065547261681,47.0290148737977,60
"1840",2039,44.6219215252503,42.3098941993125,48.1556543846256,60
"1840",2040,45.6678278014194,43.0156711576745,49.7387262194041,60
"1840",2041,46.4619313122948,43.5434043796231,50.9522658120209,60
"1840",2042,47.2206970432951,44.0436407633161,52.1185462949588,60
"1840",2043,48.1788080078787,44.6776263047523,53.5927845042156,60
"1840",2044,48.8568230496983,45.1162679755912,54.6483681510606,60
"1840",2045,49.6378792732267,45.6225453790513,55.8659989226296,60
"1840",2046,50.2434519678153,46.0037191568789,56.825256980039,60
"1840",2047,50.9383117388096,46.445265657592,57.9220230735527,60
"1840",2048,51.9760964914324,47.1173332581312,59.5497752469725,60
"1840",2049,52.6042907711664,47.5049733778835,60.5598098378068,60
"1840",2050,53.6171558667074,48.1532539292522,62.1630021772104,60
"1841",2026,54.1242199760301,53.9314358715718,55.2507050901426,60
"1841",2027,54.2811843507443,54.0087003186502,55.8675891817876,60
"1841",2028,54.5522400353153,54.1921435000191,56.6370795721618,60
"1841",2029,54.8586975257438,54.4080851827596,57.4545302455013,60
"1841",2030,55.2119743938463,54.6630630503925,58.3354166468552,60
"1841",2031,55.6566826388147,54.9864022261505,59.3391065620155,60
"1841",2032,56.207622618444,55.3988963877822,60.4864085106898,60
"1841",2033,56.9083619811356,55.9369550557134,61.8401582973827,60
"1841",2034,57.5407089558826,56.3957825519166,63.1147119969517,60
"1841",2035,58.2935660925238,56.9283297370699,64.5588723158469,60
"1841",2036,58.9945409692271,57.4180935396201,65.9327676810473,60
"1841",2037,59.8602552869957,58.025640461933,67.5401710821655,60
"1841",2038,60.8356159110385,58.7101856295214,69.3118469589848,60
"1841",2039,61.7447950103824,59.3410296523089,70.9861081922482,60
"1841",2040,62.736660733178,60.0292904843212,72.8324947861734,60
"1841",2041,63.7110993425825,60.7010079202967,74.6427431985894,60
"1841",2042,64.6657178666756,61.3555499184521,76.4247318464511,60
"1841",2043,65.8450464544669,62.1673603795513,78.5431111439936,60
"1841",2044,66.8486570536003,62.8490631935736,80.4071768630194,60
"1841",2045,67.6989289706734,63.4176080432235,82.0485057289555,60
"1841",2046,69.1456411879896,64.4102102673739,84.5762282959268,60
"1841",2047,70.5088820441538,65.338672836329,86.9863749350528,60
"1841",2048,71.6808480595724,66.1252967932689,89.119250194856,60
"1841",2049,72.7633269411901,66.844820413068,91.1232569635692,60
"1841",2050,73.7000937273112,67.4559686795218,92.9158815691898,60
"1845",2026,23.2518335884144,23.187942288474,23.3924022556967,60
"1845",2027,23.4461683788625,23.332870696255,23.6662263599811,60
"1845",2028,23.7139043806813,23.5316247988713,24.0397813307984,60
"1845",2029,23.9396005061342,23.6998706277706,24.357673257569,60
"1845",2030,24.224394665717,23.9112651713077,24.7540681752227,60
"1845",2031,24.5248342159186,24.1338729051066,25.1712989336443,60
"1845",2032,25.0156475239523,24.4927682467162,25.839167019802,60
"1845",2033,25.5308608443358,24.8670233155581,26.5345691723634,60
"1845",2034,26.2091668526403,25.3567360447897,27.4565228415483,60
"1845",2035,26.2773599521803,25.4139419239421,27.5550771676346,60
"1845",2036,27.0123772000819,25.9398910701723,28.5777709227607,60
"1845",2037,27.8399007071963,26.5281297554703,29.7469000305148,60
"1845",2038,28.2081501586495,26.7960864256369,30.2608014158851,60
"1845",2039,29.3411660456967,27.5879384069609,31.8841485230532,60
"1845",2040,29.2217914587681,27.5168783354349,31.6970853401356,60
"1845",2041,29.947046238029,28.0257082215828,32.7344054959117,60
"1845",2042,30.7444068904526,28.5824685293919,33.8798028099083,60
"1845",2043,31.3807191806616,29.0273637626311,34.7937804428827,60
"1845",2044,32.2132131678392,29.6051138518806,35.9968359269202,60
"1845",2045,31.8575550795556,29.3669749523882,35.4695930601009,60
"1845",2046,32.6778006799061,29.9324191727532,36.6596298934399,60
"1845",2047,33.384560661844,30.4185428654165,37.6873431241294,60
"1845",2048,33.6910522892222,30.6306260171305,38.130503841764,60
"1845",2049,34.8464210309048,31.4192902275391,39.8296190830353,60
"1845",2050,35.1227299405946,31.6052782114403,40.2344004939313,60
"1848",2026,23.9005382014708,23.8660577782964,23.964582281369,60
"1848",2027,23.9375015426951,23.8713872735553,24.0516684892338,60
"1848",2028,23.9949864409229,23.8918468574454,24.1654837641906,60
"1848",2029,24.0744505011145,23.9287506654086,24.3085410570593,60
"1848",2030,24.2616838701641,24.042453730152,24.6025104679664,60
"1848",2031,24.5064744034927,24.1961855303611,24.9796899277103,60
"1848",2032,24.7610806904299,24.3565995651787,25.3719853113559,60
"1848",2033,25.1070136890533,24.5823330234253,25.8972437727019,60
"1848",2034,25.3389184410204,24.7272041228265,26.2611243336039,60
"1848",2035,25.6995203282451,24.9624003526781,26.8132965948993,60
"1848",2036,26.2960646394535,25.3620250671721,27.7144821725897,60
"1848",2037,26.6570119970471,25.5944345300519,28.2740494833329,60
"1848",2038,26.9427663946819,25.7723824301585,28.725893277208,60
"1848",2039,27.3384652901077,26.0266365783447,29.3415062117644,60
"1848",2040,27.6867075297105,26.2455561695365,29.8907271869321,60
"1848",2041,28.3481450948851,26.6809968430093,30.9095920235686,60
"1848",2042,28.659411275267,26.8707449153834,31.4101311158288,60
"1848",2043,29.1328786519858,27.1716430944949,32.1561978457709,60
"1848",2044,29.4166679146851,27.3406949157589,32.618519233561,60
"1848",2045,29.8099497064595,27.584353215874,33.2475188145274,60
"1848",2046,30.250464792106,27.8595164547912,33.9498727466222,60
"1848",2047,30.5013931574253,28.0035361863087,34.3667173099459,60
"1848",2048,30.8490556509477,28.2131779051074,34.9315709291756,60
"1848",2049,31.4283081525492,28.5805789611222,35.8502377194047,60
"1848",2050,31.7041935243065,28.7392942676025,36.3091687126314,60
"1851",2026,16.0689934670099,16.0479693645742,16.1955762615877,60
"1851",2027,16.1357958832809,16.1015956298215,16.3137832231521,60
"1851",2028,16.2047614433323,16.1575088037731,16.4342924208656,60
"1851",2029,16.3457791337867,16.2732327662981,16.6343049546736,60
"1851",2030,16.5543104100274,16.4380627314684,16.918189413213,60
"1851",2031,16.7047448280273,16.5567906552471,17.1366283871718,60
"1851",2032,16.962913362031,16.7543639487846,17.490504716513,60
"1851",2033,17.1874381634038,16.9278222731079,17.8021211867645,60
"1851",2034,17.4858625643721,17.1553619642456,18.2153542847221,60
"1851",2035,17.7455485582135,17.3544163157916,18.5926896168195,60
"1851",2036,18.0567633955208,17.5898971980324,19.0468165205924,60
"1851",2037,18.4509278902575,17.886016127818,19.621810419057,60
"1851",2038,18.6154909813386,18.0159875352511,19.8609657338685,60
"1851",2039,18.9886159651766,18.2950804909771,20.4063455840643,60
"1851",2040,19.4769455690465,18.6557875694691,21.0883866822532,60
"1851",2041,19.79291660622,18.8926651645256,21.5382212343915,60
"1851",2042,20.2106880921404,19.1997488408678,22.1293800844089,60
"1851",2043,20.5741554879845,19.4700175783988,22.6467133563274,60
"1851",2044,21.149978494104,19.8873016259413,23.4616823520447,60
"1851",2045,21.5825829441911,20.2016312173546,24.0808635883447,60
"1851",2046,22.038679367139,20.5318295951852,24.7337840132707,60
"1851",2047,22.6635337345284,20.9786339299513,25.6472762545143,60
"1851",2048,22.8765943827642,21.1368450195115,25.9572538512618,60
"1851",2049,23.3204075959597,21.4546341621383,26.6252066744267,60
"1851",2050,23.807164991383,21.8014762618635,27.3614343260283,60
"1853",2026,12.9405992747669,12.9325982325988,13.0237414196291,60
"1853",2027,12.9597353081085,12.9403353394735,13.0876618588449,60
"1853",2028,13.0332952858824,12.9850253398319,13.216476596806,60
"1853",2029,13.1231414910737,13.0416341248278,13.3756248723042,60
"1853",2030,13.2621220132899,13.1315582603445,13.6085842936557,60
"1853",2031,13.390414994254,13.2150435379887,13.825424041198,60
"1853",2032,13.5910374325336,13.3463246088423,14.1502146672986,60
"1853",2033,13.7583737191209,13.4581320285273,14.4268127896436,60
"1853",2034,14.1221855170488,13.7117860451757,15.0006105859231,60
"1853",2035,14.4680307524019,13.9509783425822,15.5506979746428,60
"1853",2036,14.7208844477758,14.1237466879836,15.9609453677387,60
"1853",2037,15.0099423437273,14.3218254160958,16.4275130335663,60
"1853",2038,15.2193519089018,14.4633049199357,16.7727427470169,60
"1853",2039,15.684232530175,14.7812689979198,17.5108601985754,60
"1853",2040,16.0318750719372,15.0160491930408,18.0718643891157,60
"1853",2041,16.2958914153218,15.1951457106845,18.5006352159187,60
"1853",2042,16.356705255553,15.2332334520859,18.6166721050295,60
"1853",2043,16.6704371667565,15.442508759082,19.1290883266258,60
"1853",2044,16.9434388003174,15.6257588444769,19.5752684705666,60
"1853",2045,17.1819921987756,15.7830643364461,19.9718318601185,60
"1853",2046,17.3271703519601,15.8788488860098,20.2189682341892,60
"1853",2047,17.423698320843,15.9387881968876,20.3946499380291,60
"1853",2048,17.4651003127769,15.9606839980336,20.4852200956141,60
"1853",2049,17.5986777781896,16.0454404505019,20.7195732444098,60
"1853",2050,18.0827262416836,16.3726980784455,21.4948063273409,60
"1856",2026,3.04823570790558,2.98932728702245,3.06937074446317,60
"1856",2027,3.06582298754217,2.98510663657243,3.09508679918236,60
"1856",2028,3.09432808732087,2.99130511157126,3.13371390804487,60
"1856",2029,3.07926229056588,2.95717275637143,3.12177243303114,60
"1856",2030,3.11282069099763,2.96771605228333,3.16616687122604,60
"1856",2031,3.13520750581198,2.96825954218073,3.19759971518129,60
"1856",2032,3.15208847871244,2.96394424546407,3.22295204862103,60
"1856",2033,3.21133781154588,2.99952815377356,3.30050164456192,60
"1856",2034,3.29179909083502,3.05553625534799,3.40853533785896,60
"1856",2035,3.37594290566403,3.11282102669377,3.52354473001618,60
"1856",2036,3.45402101421354,3.1635362436829,3.63189387954845,60
"1856",2037,3.45401381644635,3.14469427177363,3.63411934786453,60
"1856",2038,3.51630488891346,3.18119185700385,3.72011346611251,60
"1856",2039,3.66804083862757,3.2958923932671,3.93346179402107,60
"1856",2040,3.82031050519089,3.40175143031349,4.15279480571696,60
"1856",2041,4.03313020144151,3.5602512210524,4.46099671434427,60
"1856",2042,4.07890576818953,3.58115176906242,4.52730486633545,60
"1856",2043,4.15719646085662,3.63004473473821,4.64177583137595,60
"1856",2044,4.32841185794507,3.75910223853765,4.89723653576389,60
"1856",2045,4.6266539469032,3.99764286151567,5.34398168631105,60
"1856",2046,4.82285874049457,4.14836787012836,5.64010735990093,60
"1856",2047,4.97068239045947,4.25724510930538,5.867150575043,60
"1856",2048,5.07799452114316,4.33029095862845,6.02910601713542,60
"1856",2049,5.27652737278257,4.47924180228406,6.33691540439896,60
"1856",2050,5.27726138559351,4.46339550710754,6.33460414671185,60
"1857",2026,3.1644056767133,3.15619832834428,3.17340060408939,60
"1857",2027,3.23525170710589,3.22103903546903,3.25098378890476,60
"1857",2028,3.30852713292952,3.28785202725734,3.33154197686193,60
"1857",2029,3.42255509637296,3.38890262470833,3.4639539324345,60
"1857",2030,3.53266778959723,3.48381175319526,3.59409152593814,60
"1857",2031,3.60162176359005,3.54843601742546,3.66810589605345,60
"1857",2032,3.71723944363647,3.64743862937764,3.80583366318298,60
"1857",2033,3.81606465667666,3.73374794260493,3.92112829449434,60
"1857",2034,3.96625434132664,3.85692958268546,4.10914938230062,60
"1857",2035,4.07814975942581,3.95251048600897,4.24339464369617,60
"1857",2036,4.17926299784256,4.04119849034505,4.36109238621161,60
"1857",2037,4.32038720880809,4.15762862840766,4.53708760704022,60
"1857",2038,4.5042426376088,4.30516837073891,4.7734533644935,60
"1857",2039,4.64297519376057,4.41968547682135,4.94668813208446,60
"1857",2040,4.81952969768407,4.5607101777052,5.17514958891626,60
"1857",2041,4.97596033785181,4.68868937392228,5.37274967857642,60
"1857",2042,5.06675415489283,4.76953582677699,5.47627086777509,60
"1857",2043,5.31491154008282,4.96025353039898,5.81076564325047,60
"1857",2044,5.50456867040495,5.10986410273328,6.06014944053664,60
"1857",2045,5.65549426179176,5.2325408430588,6.25237411426542,60
"1857",2046,5.85592992517196,5.3893594723797,6.5185011856913,60
"1857",2047,6.04904265658357,5.54097292868569,6.77415410448314,60
"1857",2048,6.25065184673223,5.69828926338402,7.04295225459852,60
"1857",2049,6.39024366279641,5.81303024327168,7.21861201071613,60
"1857",2050,6.75418800896453,6.07877137749606,7.7376398918203,60
"1859",2026,12.9278553512692,12.9061488482998,12.9631070036589,60
"1859",2027,12.9015052893617,12.8717974726598,12.9497689878467,60
"1859",2028,12.8919892456581,12.8500801577808,12.959637818775,60
"1859",2029,12.9372833442377,12.8689085660145,13.0454365783674,60
"1859",2030,12.985936082417,12.8907777768654,13.133764254023,60
"1859",2031,12.9918107287689,12.8809340733409,13.163853798754,60
"1859",2032,13.0313378149227,12.896657350856,13.2389930125656,60
"1859",2033,13.1363927960459,12.9595126536351,13.4057931747727,60
"1859",2034,13.2080943510774,12.9991129901573,13.5251712163281,60
"1859",2035,13.2931968592457,13.0487199234668,13.6629331817808,60
"1859",2036,13.3659904292154,13.0885396664334,13.7848091016358,60
"1859",2037,13.4982980454449,13.1713863802575,13.9902301728469,60
"1859",2038,13.8735630451562,13.4293901505941,14.5413855488705,60
"1859",2039,13.9627383791538,13.4797578231397,14.689179699714,60
"1859",2040,14.287918823198,13.6991609340522,15.1766344010434,60
"1859",2041,14.3061562641082,13.6993336501223,15.2213625049544,60
"1859",2042,14.6201554088019,13.9084500843943,15.6972448444982,60
"1859",2043,14.8105422389718,14.0299912062334,15.9936270932692,60
"1859",2044,14.9166782700486,14.0901217650112,16.1699141872188,60
"1859",2045,15.5744479448849,14.5375879605431,17.1596210614968,60
"1859",2046,15.7407968164681,14.6391437641703,17.4264742810737,60
"1859",2047,16.1816173684638,14.9303575340782,18.1053717508929,60
"1859",2048,16.4913525375938,15.1300649474863,18.5898027329394,60
"1859",2049,16.8964777583887,15.3917813867892,19.2252053059019,60
"1859",2050,17.0298695462721,15.4664140543264,19.4497982278182,60
"1860",2026,75.4417784382705,75.290604858134,75.9451894565528,60
"1860",2027,75.7723807879253,75.5486179309586,76.4985836160027,60
"1860",2028,76.1808399651785,75.8917708205016,77.1479820622703,60
"1860",2029,76.6084618391684,76.2536813570673,77.837629119447,60
"1860",2030,77.2070367679334,76.7828257224924,78.7643665204434,60
"1860",2031,77.8450653944809,77.3505738406935,79.7599359397049,60
"1860",2032,78.6775690832302,78.0841525034935,81.0407984260023,60
"1860",2033,79.6284896576824,78.9013100406076,82.4941541631647,60
"1860",2034,80.6663287018388,79.7937448881889,84.070138323962,60
"1860",2035,81.7997892012942,80.7691448489632,85.7365450095681,60
"1860",2036,82.924745849597,81.735077977227,87.3924734719504,60
"1860",2037,84.3298668148668,82.8530452345743,89.4453700048861,60
"1860",2038,85.9982385899328,84.1406832677706,91.8718159722302,60
"1860",2039,87.525370516751,85.3251346965466,94.1051997987845,60
"1860",2040,89.1815781612615,86.5990423871243,96.5246779574412,60
"1860",2041,90.4325858992327,87.5850244080876,98.3738420227226,60
"1860",2042,92.3779679546769,89.0569266473973,101.213221532266,60
"1860",2043,94.3448502249004,90.5388557412111,104.091773384221,60
"1860",2044,96.0808550152869,91.8549405113784,106.647341913415,60
"1860",2045,97.8688093754273,93.2042903649995,109.305795614086,60
"1860",2046,99.5380691184913,94.46640638834,111.793335614103,60
"1860",2047,101.242803322052,95.7499737817863,114.337838290337,60
"1860",2048,103.58743745391,97.471701284114,117.830543573794,60
"1860",2049,105.394971304132,98.8162113368248,120.542169669608,60
"1860",2050,107.393026409461,100.287440301922,123.542355876931,60
"1865",2026,86.7453719873609,86.6333077385227,86.8658802976474,60
"1865",2027,86.8319910977,86.6362994410713,87.056469227352,60
"1865",2028,86.9930969971699,86.6873034455996,87.3415962964743,60
"1865",2029,87.3314913758812,86.8615589482653,87.8644967668699,60
"1865",2030,87.7470880761203,87.0902314362708,88.4918413216353,60
"1865",2031,88.3412910560331,87.4410055078344,89.3641564683946,60
"1865",2032,89.039068644315,87.8614165888798,90.3807459010649,60
"1865",2033,89.6690770958041,88.2373985270491,91.3035107431862,60
"1865",2034,90.6244296959087,88.9623308178181,92.6739102588981,60
"1865",2035,91.6247000270642,89.7220823637354,94.1043829070764,60
"1865",2036,92.9167545470094,90.6303415106952,95.9431371971695,60
"1865",2037,93.9948729380324,91.3633491287395,97.4895733741631,60
"1865",2038,95.0161768075649,92.0560818954278,98.9569883835624,60
"1865",2039,96.5714471555928,93.1269121206593,101.179051523545,60
"1865",2040,98.0132447951271,94.1127282974871,103.249808540663,60
"1865",2041,99.6624319373661,95.2442034398099,105.617966495816,60
"1865",2042,100.945873977255,96.114540619901,107.472236246816,60
"1865",2043,102.186965230325,96.9529447512165,109.269885961603,60
"1865",2044,103.212114681555,97.6371543201768,110.763027352031,60
"1865",2045,105.132674339228,98.9462949265672,113.543447547454,60
"1865",2046,106.720953986469,100.022270343749,115.849703073021,60
"1865",2047,108.211773070381,101.024399729137,118.025243867819,60
"1865",2048,109.492908687306,101.87646325015,119.904672895168,60
"1865",2049,110.731297258769,102.697643035956,121.724308365542,60
"1865",2050,112.77210492208,104.07437149538,124.709702255938,60
"1866",2026,57.9704524440706,57.8667983893347,58.1554708167037,60
"1866",2027,58.0546520140242,57.8938523836131,58.3294933270808,60
"1866",2028,58.2458915002331,58.0078122662991,58.6439014975817,60
"1866",2029,58.5015245755391,58.1734100068965,59.044031281155,60
"1866",2030,58.8248683627838,58.3928346670233,59.5506914620274,60
"1866",2031,59.1719595818401,58.6185391978368,60.1065797884739,60
"1866",2032,59.6249022683794,58.9150032803208,60.8167769777948,60
"1866",2033,60.2308900925602,59.3206746826578,61.7521514546455,60
"1866",2034,60.7264683587676,59.6438600092993,62.5328526172495,60
"1866",2035,61.3547417955578,60.0615420459811,63.509800429736,60
"1866",2036,62.0934049896316,60.5568960811792,64.652557222086,60
"1866",2037,62.8675996160716,61.073673466343,65.7866078932051,60
"1866",2038,63.6512574808772,61.5937945705433,66.9291579890069,60
"1866",2039,64.3963973777995,62.0842785086334,68.0236757364055,60
"1866",2040,65.2131099451771,62.6222514695746,69.2195351160661,60
"1866",2041,66.0710301804828,63.1870727086993,70.476556623431,60
"1866",2042,66.7308372158454,63.6097090462226,71.4846057545166,60
"1866",2043,68.005400430258,64.4620828041235,73.4136642831288,60
"1866",2044,68.6211459233943,64.8480632727358,74.3827474308092,60
"1866",2045,69.5755561687195,65.4681781585249,75.8558366260914,60
"1866",2046,70.6047126478528,66.1397459627276,77.4416182984732,60
"1866",2047,71.3006838872988,66.5740343565678,78.5425403456738,60
"1866",2048,72.7477285103761,67.5301403554837,80.761163661254,60
"1866",2049,73.8500579785373,68.2425705308143,82.4753060042485,60
"1866",2050,74.9030438790421,68.9157996315983,84.1249106933238,60
"1867",2026,26.1836006143006,26.095541822461,26.3975762657769,60
"1867",2027,26.2909329340767,26.1673619979223,26.5953855351517,60
"1867",2028,26.4017070927961,26.2423010156705,26.7972451531029,60
"1867",2029,26.5176577700133,26.3219750863619,27.0038047492523,60
"1867",2030,26.7034762697594,26.4673635919422,27.2935685499098,60
"1867",2031,26.8999510593548,26.6226388527836,27.5970545977994,60
"1867",2032,27.0990942957738,26.7802850644054,27.9043525930024,60
"1867",2033,27.3776917770655,27.0125282963837,28.3125007007328,60
"1867",2034,27.5930049148434,27.1852250267129,28.6502037840368,60
"1867",2035,27.9071551506748,27.4505897837026,29.1184842559099,60
"1867",2036,28.2562486679709,27.7508211849823,29.6328094022327,60
"1867",2037,28.6728383898563,28.1309826007186,30.2525125593824,60
"1867",2038,28.8916500727566,28.3118803201809,30.6050285921646,60
"1867",2039,29.379606697437,28.7469495409362,31.3284096484347,60
"1867",2040,29.8327850785184,29.1182911910124,32.0069260521859,60
"1867",2041,30.0283031331292,29.2699671449831,32.3342025746457,60
"1867",2042,30.7335664386399,29.8474274692462,33.3664575486304,60
"1867",2043,31.4999793394133,30.4681692412437,34.4946461901019,60
"1867",2044,31.9380377771167,30.8422056541574,35.1744109301583,60
"1867",2045,32.4795639609765,31.3158761782995,36.0117017202637,60
"1867",2046,33.242655783129,31.9988070948911,37.1775279127922,60
"1867",2047,33.8485157441621,32.5330260530602,38.1177154183885,60
"1867",2048,34.7596086694492,33.3554859562581,39.5451507444903,60
"1867",2049,35.3077626679354,33.8257018417044,40.4288909907593,60
"1867",2050,36.0757803057932,34.4750549828041,41.6594813562066,60
"1868",2026,37.7119777686503,37.6584011557774,37.8912220629054,60
"1868",2027,37.6482285679743,37.5633741951639,37.9095151827211,60
"1868",2028,37.6018517016957,37.4828487528126,37.9511455754785,60
"1868",2029,37.641457676882,37.4727511228147,38.1051879112033,60
"1868",2030,37.6999590053755,37.4753832469707,38.2852036975499,60
"1868",2031,37.779586812224,37.494106650172,38.4941403831457,60
"1868",2032,37.871582575748,37.5214080889489,38.7299693189563,60
"1868",2033,38.1360990204458,37.6805522433889,39.1871545264948,60
"1868",2034,38.4294609894055,37.8425033278728,39.6587287151194,60
"1868",2035,38.7242824497886,38.0037630977987,40.1336048574905,60
"1868",2036,39.0766952261666,38.2042082778331,40.6815479715865,60
"1868",2037,39.4139293323137,38.3934313785183,41.2111742589359,60
"1868",2038,39.9243428878743,38.6992053119986,42.0101102693761,60
"1868",2039,40.4243496307154,38.9969987537688,42.8294355104529,60
"1868",2040,41.07728744366,39.3969197297982,43.8926713171716,60
"1868",2041,41.6707118984911,39.7516843735756,44.8755097296647,60
"1868",2042,42.2824280133066,40.118483066909,45.8883035217206,60
"1868",2043,42.8060658466693,40.4194134478256,46.7782090587283,60
"1868",2044,43.2987542199848,40.6973206808012,47.6250326210875,60
"1868",2045,44.2386475023547,41.2764662208108,49.1597404358711,60
"1868",2046,44.9782475441923,41.7145367306362,50.3991668476151,60
"1868",2047,45.6197668459172,42.0839051157431,51.4931304342421,60
"1868",2048,46.3224135436151,42.4894459581371,52.6910295482634,60
"1868",2049,46.943941227549,42.8380299896976,53.7683692123134,60
"1868",2050,48.0814024760504,43.5282522586176,55.6575968447785,60
"1870",2026,73.4778510826478,73.3283774987869,73.6472279605998,60
"1870",2027,73.8617080041279,73.6295969986145,74.156668057292,60
"1870",2028,74.2906790411459,73.9585568981298,74.7309045013789,60
"1870",2029,74.8436755057288,74.3820635307476,75.4692411517028,60
"1870",2030,75.5198990826777,74.9007929740274,76.3740056803107,60
"1870",2031,76.400693794716,75.5682263885789,77.5625681500939,60
"1870",2032,77.38093839303,76.3001034397117,78.8914291983142,60
"1870",2033,78.336488761322,77.0130381339143,80.1887804304102,60
"1870",2034,79.5837071962677,77.9365737064742,81.8950753656108,60
"1870",2035,80.944329872795,78.9400591321692,83.7652653800547,60
"1870",2036,82.3910945815834,80.0024386850763,85.7635432821185,60
"1870",2037,83.8495188031864,81.0711313154638,87.7834463748864,60
"1870",2038,85.5853459142546,82.3322048983183,90.2086243554846,60
"1870",2039,87.3022351995329,83.5765310348185,92.614468579827,60
"1870",2040,89.1680736808371,84.9211422859391,95.2448292743984,60
"1870",2041,90.8793113243169,86.1522186013632,97.6611181359431,60
"1870",2042,92.8206893789195,87.5407653852748,100.419817021019,60
"1870",2043,94.6985250315638,88.8808444417058,103.094324552258,60
"1870",2044,96.7951924358941,90.3672124952272,106.101244321087,60
"1870",2045,99.0141615573748,91.9349787400571,109.29641614125,60
"1870",2046,100.998338977601,93.3334624962064,112.157829746541,60
"1870",2047,103.365714104357,94.9910297456862,115.598166112432,60
"1870",2048,105.432929345809,96.4363305277619,118.603414723704,60
"1870",2049,107.653487895652,97.9814156897266,121.848180804232,60
"1870",2050,110.316389318183,99.8228162249304,125.76890073584,60
"1871",2026,35.5477118473152,35.4552487209911,35.6577992457171,60
"1871",2027,35.8515425936436,35.6965364524897,36.0385144076423,60
"1871",2028,36.215439849695,35.9809050170419,36.5014511719337,60
"1871",2029,36.5613833117457,36.2510603253757,36.9422417051808,60
"1871",2030,37.038874666564,36.615697995596,37.5706995144911,60
"1871",2031,37.5277166048759,36.9864562140976,38.2188791380119,60
"1871",2032,38.2072333451493,37.4934752830437,39.1392323405539,60
"1871",2033,38.8113175042138,37.9436014747871,39.9584586446143,60
"1871",2034,39.4179169990634,38.3938828893538,40.7845329368764,60
"1871",2035,40.2109687019634,38.9738904308872,41.8892795110936,60
"1871",2036,40.9085078785419,39.4851216228284,42.8532808531984,60
"1871",2037,41.8844755840805,40.1894098426625,44.2258729519523,60
"1871",2038,42.577112761622,40.6907542146942,45.1935789408303,60
"1871",2039,43.1818538887019,41.1287318280871,46.0360161982153,60
"1871",2040,44.2019886133964,41.8536695810364,47.4932007439194,60
"1871",2041,44.8742605454971,42.33340186038,48.4441419576371,60
"1871",2042,45.893917211081,43.0507449211501,49.9148468828769,60
"1871",2043,46.3554425634789,43.3782527348,50.5641123232339,60
"1871",2044,46.9787072107668,43.8160206343175,51.4560850643365,60
"1871",2045,47.9939880085294,44.5230506003819,52.9339877759402,60
"1871",2046,48.8433831785913,45.1126732149796,54.1704922632037,60
"1871",2047,50.0487733910282,45.9447904277185,55.9447955275379,60
"1871",2048,50.4955050288957,46.2526086937537,56.5871168889429,60
"1871",2049,51.3779880307975,46.8578111837676,57.8866553062158,60
"1871",2050,52.3312853543562,47.5117802750256,59.2929904176966,60
"1874",2026,5.36508397939548,5.36041146881995,5.3701696918395,60
"1874",2027,5.52007983260988,5.51541848339416,5.52765633043834,60
"1874",2028,5.68795615905007,5.68233111809121,5.69842724820908,60
"1874",2029,5.87686900260945,5.86166615770979,5.89467378746948,60
"1874",2030,6.03468205722658,6.01878469539354,6.05324276226041,60
"1874",2031,6.18728021539065,6.17293221302787,6.20580609398617,60
"1874",2032,6.39729225243287,6.37055728383561,6.42917589584685,60
"1874",2033,6.59843869135678,6.56186493462996,6.64315435663806,60
"1874",2034,6.83236015188101,6.77898630041092,6.89637963878862,60
"1874",2035,7.04087985451577,6.97773659522374,7.11582558033896,60
"1874",2036,7.20515455760504,7.14541186599551,7.27799596778526,60
"1874",2037,7.41633371036134,7.34783051172325,7.49871898769291,60
"1874",2038,7.77078562508361,7.65718985511248,7.91214835179044,60
"1874",2039,8.05873710919098,7.91781426799729,8.2370324442768,60
"1874",2040,8.36975104330305,8.19606435294072,8.59279557966858,60
"1874",2041,8.59477537808614,8.4104698036351,8.83139731142471,60
"1874",2042,8.8581277629783,8.653657567638,9.12182006463958,60
"1874",2043,9.22906135681428,8.97615708410131,9.56011172895846,60
"1874",2044,9.61399914074665,9.30914740036025,10.0178874875608,60
"1874",2045,10.1267614979052,9.73301260462113,10.6578324316284,60
"1874",2046,10.3410934800751,9.94130190154947,10.8788150570438,60
"1874",2047,10.8282721807126,10.3468520040652,11.4835643681405,60
"1874",2048,11.2614154649218,10.7134691525945,12.0127000975802,60
"1874",2049,11.706944890742,11.0867747431786,12.5632508883693,60
"1874",2050,11.9921301265322,11.3482133372584,12.8809773559801,60
"1875",2026,14.5574317972309,14.527787669052,14.760774752452,60
"1875",2027,14.8481480279812,14.7897141418703,15.1590569899707,60
"1875",2028,15.1592377241571,15.0675686206475,15.5858405151432,60
"1875",2029,15.518674380903,15.3825884710693,16.0810206474196,60
"1875",2030,15.8809922755824,15.7003899908491,16.5797070077996,60
"1875",2031,16.3417965217901,16.0910602326856,17.2200823119654,60
"1875",2032,16.8756655629538,16.5330089014344,17.967129928005,60
"1875",2033,17.3396404622378,16.925080302617,18.6119652063527,60
"1875",2034,17.887384641089,17.3770373615178,19.3804398549604,60
"1875",2035,18.4290200649067,17.825903777407,20.1408945847758,60
"1875",2036,19.1177897040935,18.3787338511975,21.1380935061428,60
"1875",2037,19.6807363430787,18.8418082814599,21.9299163514187,60
"1875",2038,20.2901240895672,19.3380993558977,22.7700431594834,60
"1875",2039,20.73548096324,19.71846802366,23.3865416299753,60
"1875",2040,21.5361450419472,20.3473228002941,24.4903226228643,60
"1875",2041,22.1984885433254,20.8791100791014,25.4050686744481,60
"1875",2042,22.7601647243354,21.3394836741682,26.182485758125,60
"1875",2043,23.2528118069174,21.752049119423,26.8646342878316,60
"1875",2044,23.987464520832,22.3316121877111,27.8815908881474,60
"1875",2045,24.6010250127676,22.82691967376,28.7317526896152,60
"1875",2046,25.1233980518953,23.257265883572,29.4574200841927,60
"1875",2047,26.074893143646,23.9863208378344,30.7757697684802,60
"1875",2048,26.8069355338077,24.5612278633168,31.792621672851,60
"1875",2049,27.4167032541193,25.0496311096014,32.6416927313086,60
"1875",2050,27.9806385745565,25.5084864990173,33.4253057101705,60
"3101",2026,181.949836201878,181.696903340749,182.638918448237,60
"3101",2027,182.776930880894,182.342050877102,183.830368274859,60
"3101",2028,183.785809988904,183.137397815335,185.241346393707,60
"3101",2029,185.046565603641,184.135700399741,186.963677074764,60
"3101",2030,186.643033874078,185.397909176873,189.108761466271,60
"3101",2031,188.657396264621,186.98256157413,191.787796166753,60
"3101",2032,191.054972974099,189.023028007828,194.958702780147,60
"3101",2033,193.682797430784,191.291883976088,198.427362335828,60
"3101",2034,196.470263953789,193.705132700481,202.102952739772,60
"3101",2035,199.596397360878,196.425437996746,206.220510644543,60
"3101",2036,203.171564400149,199.550878952839,210.932355008379,60
"3101",2037,206.934794880439,202.744347141834,215.887541923866,60
"3101",2038,210.649720643054,205.880314912802,220.768153205062,60
"3101",2039,214.857857480309,209.419409168801,226.31209306706,60
"3101",2040,218.868088334968,212.799602411986,231.406418156308,60
"3101",2041,223.403262348604,216.588746888461,236.851453165224,60
"3101",2042,227.98923827549,220.422833720534,242.352827466373,60
"3101",2043,232.658617880333,224.327960430561,248.171418421855,60
"3101",2044,237.837108869814,228.636709030259,255.044321519765,60
"3101",2045,242.970546274544,232.914408614763,261.846304940407,60
"3101",2046,248.936473155898,237.844125391782,269.85497076814,60
"3101",2047,254.936247274718,242.802065952404,277.913621422164,60
"3101",2048,261.437084273942,248.150908046783,286.707822795013,60
"3101",2049,268.196508883976,253.69936109288,295.889116569923,60
"3101",2050,275.010483701855,259.288376539478,305.159732993399,60
"3103",2026,272.893673539242,272.065405442144,276.017066168462,60
"3103",2027,273.422652692802,272.179947752225,277.837453346454,60
"3103",2028,274.371819280597,272.626628580349,280.174314283088,60
"3103",2029,275.666218035094,273.349539492311,282.933720821169,60
"3103",2030,277.388435821213,274.407643560652,286.221535182397,60
"3103",2031,279.659036864812,275.886025092052,290.193106168005,60
"3103",2032,282.158994098787,277.553087624001,294.442957380273,60
"3103",2033,285.149524444636,279.59619751172,299.305224340181,60
"3103",2034,288.487771091888,281.911557277551,304.598409770723,60
"3103",2035,292.308848808949,284.595780276823,310.495951556042,60
"3103",2036,296.758008078167,287.750678438969,317.186024519912,60
"3103",2037,301.216456927975,290.934596437847,323.874501609022,60
"3103",2038,306.125186683312,294.45777163573,331.130651073574,60
"3103",2039,311.441758702894,298.289261548418,338.900732501418,60
"3103",2040,317.349823113747,302.555684253666,347.424305363801,60
"3103",2041,323.438398391795,306.965505919639,356.171859312738,60
"3103",2042,329.506226145127,311.377444003555,364.882540937355,60
"3103",2043,336.35223625881,316.348864317646,374.593803095266,60
"3103",2044,343.898968316522,321.822106931937,385.208441657784,60
"3103",2045,352.393174575498,327.962240933947,397.053152262437,60
"3103",2046,361.10079162174,334.256365767785,409.174793066642,60
"3103",2047,369.885838220139,340.60835719222,421.397120277491,60
"3103",2048,379.850976122832,347.776825759348,435.296632277064,60
"3103",2049,390.539436153919,355.437243475912,450.73113762361,60
"3103",2050,402.695227224723,364.095329865453,468.317725807661,60
"3105",2026,413.923470861622,413.441774086834,414.619558403171,60
"3105",2027,415.046070279336,414.212570792291,416.175855097415,60
"3105",2028,416.800402703657,415.503930201134,418.576987214605,60
"3105",2029,419.033034040785,417.175146696697,421.565231986474,60
"3105",2030,421.789893601724,419.257997577407,425.162265530185,60
"3105",2031,424.930412010759,421.648376714368,429.313065654972,60
"3105",2032,428.734965146757,424.549930349007,434.339794454215,60
"3105",2033,433.320737616596,428.045778758052,440.409053371379,60
"3105",2034,438.14312307109,431.736942036628,446.776592102878,60
"3105",2035,443.592044769731,435.907736415943,454.004809482665,60
"3105",2036,448.77806421127,439.911477312316,460.840452483507,60
"3105",2037,455.031033180909,444.70986396076,469.14271082674,60
"3105",2038,462.108039135835,450.120568757863,478.584456684014,60
"3105",2039,469.156783222245,455.523812984718,487.9733125619,60
"3105",2040,476.518428595455,461.168085765532,497.786139581849,60
"3105",2041,483.204746035103,466.341044126659,506.624225046782,60
"3105",2042,491.163560254402,472.441449443807,517.251585829781,60
"3105",2043,500.677074088448,479.663780718316,530.087504515449,60
"3105",2044,509.969858783312,486.734258089898,542.607469097398,60
"3105",2045,519.956615906012,494.303650375192,556.1234886147,60
"3105",2046,529.658942326501,501.674639232049,569.231802979932,60
"3105",2047,540.586802441622,509.916296400848,584.113652961866,60
"3105",2048,552.969640048319,519.182123912271,601.121399872641,60
"3105",2049,565.046967814016,528.225004222615,617.709508043828,60
"3105",2050,578.240173643388,538.04167567296,635.955220767007,60
"3107",2026,505.307203272538,504.015251431011,509.409771614773,60
"3107",2027,508.502780720722,506.732974906083,514.34833945072,60
"3107",2028,512.472023412456,510.230735009094,520.201013718094,60
"3107",2029,517.066664293921,514.147304671395,526.787000409451,60
"3107",2030,522.501857089089,518.801672114926,534.372706460675,60
"3107",2031,528.706663794025,524.117479216887,542.916091260499,60
"3107",2032,535.875689827814,530.074638831565,552.713826436594,60
"3107",2033,544.085596718324,536.951145744278,563.816632081389,60
"3107",2034,552.867929051459,544.314281878349,575.620567091222,60
"3107",2035,562.595330830593,552.426900519686,588.617506849265,60
"3107",2036,572.929789776534,561.032612037489,602.462554248438,60
"3107",2037,584.558233298176,570.661855603233,618.029899856829,60
"3107",2038,596.820631775697,580.804079400565,634.636188040595,60
"3107",2039,609.809323425747,591.527153942795,652.224507732382,60
"3107",2040,623.433865065999,602.758322792197,670.76474677962,60
"3107",2041,637.3405169682,614.228107477166,689.727208050518,60
"3107",2042,652.25239398509,626.479240373753,710.113481385689,60
"3107",2043,667.957926225683,639.347559263991,731.365005194086,60
"3107",2044,685.081531446912,653.299298790771,754.360734077816,60
"3107",2045,702.875996105235,667.766318407827,778.311232382609,60
"3107",2046,720.751753710602,682.302659322665,802.385954081089,60
"3107",2047,739.494494473451,697.49237331078,827.666081944167,60
"3107",2048,759.790315406262,713.843379889385,855.264075286839,60
"3107",2049,781.430674010747,731.191092013337,885.031581634235,60
"3107",2050,803.895192932531,749.141985568223,916.023918748996,60
"3110",2026,32.1445281107246,32.1038107749064,32.5142328442667,60
"3110",2027,32.3727168652471,32.3030430816889,32.91667014532,60
"3110",2028,32.717944417606,32.5943079247697,33.4642134044899,60
"3110",2029,33.0833743909871,32.9081298715703,34.0321853620908,60
"3110",2030,33.7066194421212,33.4204659303731,34.9267832790563,60
"3110",2031,34.3972381719815,33.9880965696234,35.9039731575078,60
"3110",2032,35.1957770377654,34.6417716340674,37.0168087925132,60
"3110",2033,36.1159486291837,35.3905618831855,38.2838957324816,60
"3110",2034,37.0979260137731,36.1868579385327,39.6283453603929,60
"3110",2035,38.3559693586822,37.1865789829129,41.3312885482083,60
"3110",2036,39.6027308037061,38.1827868950088,43.0169457483508,60
"3110",2037,41.0213742274883,39.3046095852917,44.9274291849288,60
"3110",2038,42.4160130801609,40.4135845324617,46.8038211039625,60
"3110",2039,43.9777227718964,41.6429368157929,48.9003921192496,60
"3110",2040,45.6682542289098,42.9656000826848,51.1687469909283,60
"3110",2041,47.3569314873926,44.2884959962347,53.4930715248862,60
"3110",2042,48.8603545230845,45.4843308433941,55.5495712706804,60
"3110",2043,50.5920230822557,46.8425734619515,57.9309567938269,60
"3110",2044,52.541233021932,48.3529674631352,60.6262371101381,60
"3110",2045,54.6363993326298,49.9630502220079,63.5363388888105,60
"3110",2046,56.6067335349798,51.4898117511169,66.2629661845553,60
"3110",2047,58.4777471172984,52.9496224489724,68.8492754455109,60
"3110",2048,60.3534877021938,54.4134923001091,71.4558502295264,60
"3110",2049,62.6000166202899,56.1319011774399,74.6204901276107,60
"3110",2050,65.0998997009488,58.0210245888997,78.1733015326305,60
"3112",2026,66.7724369275917,66.2321683868432,66.9464467414551,60
"3112",2027,66.8692288258262,66.0933053807537,67.1311110731956,60
"3112",2028,67.0915363359288,66.0795695598659,67.4532524082061,60
"3112",2029,67.2972259450631,66.0536540890209,67.7482558178906,60
"3112",2030,67.7888636504777,66.2934224963116,68.3617257010092,60
"3112",2031,68.3502826390356,66.5971098813278,69.0581744206588,60
"3112",2032,69.0339241082491,67.0064066973057,69.8925244424399,60
"3112",2033,69.7885619147574,67.4742065632249,70.8052514679655,60
"3112",2034,70.5786114471863,67.9744810221956,71.7544717660631,60
"3112",2035,71.7514021788094,68.8124283249172,73.1458186626385,60
"3112",2036,72.8457858032884,69.5536697563061,74.4419402068124,60
"3112",2037,74.283051133144,70.5778911618243,76.1706283904059,60
"3112",2038,75.4666862435667,71.3976636015774,77.6062587140576,60
"3112",2039,76.9742965325068,72.4831915907086,79.450947109686,60
"3112",2040,78.6439613131115,73.6918988466899,81.5050470073282,60
"3112",2041,80.4603087207309,75.0196121715937,83.7464944148083,60
"3112",2042,81.8725062046721,76.0280670152757,85.4582092383658,60
"3112",2043,84.0074929896078,77.5834462781843,88.1063851078777,60
"3112",2044,85.6953573351986,78.7747008573861,90.1696092669009,60
"3112",2045,88.091458036871,80.4715747090213,93.1587097522113,60
"3112",2046,90.2810346970177,82.0239669090983,95.8755326128444,60
"3112",2047,92.4681789910574,83.5758494421796,98.5885691934058,60
"3112",2048,94.8593271080582,85.2711582347688,101.60107008355,60
"3112",2049,97.67233504073,87.2659914355233,105.295541135788,60
"3112",2050,100.343172572773,89.1595204074381,108.790597923999,60
"3114",2026,29.3558110416453,29.2416538202398,29.546853432878,60
"3114",2027,29.6149086282648,29.4510275916214,29.8985773162572,60
"3114",2028,29.9224840798111,29.7108100000584,30.3061884176372,60
"3114",2029,30.3050195350788,30.0432255344768,30.8043251305063,60
"3114",2030,30.7406063773614,30.4236037355733,31.3649768374413,60
"3114",2031,31.2607645853454,30.8849739287258,32.0307087863016,60
"3114",2032,31.8245459848372,31.3881347174509,32.7479517802858,60
"3114",2033,32.4076891002916,31.9101013175565,33.4839171142317,60
"3114",2034,33.1029285014118,32.5387275359172,34.3639673372325,60
"3114",2035,33.790873358757,33.1608304227483,35.2279431561919,60
"3114",2036,34.6143438354979,33.9117905032395,36.2319527080832,60
"3114",2037,35.4288296789502,34.6545438275738,37.2178473878823,60
"3114",2038,36.3809606367204,35.5281227110198,38.3612023190231,60
"3114",2039,37.3776301600487,36.4442101682875,39.5547533106848,60
"3114",2040,38.2762006351892,37.2676125321776,40.6335910131514,60
"3114",2041,39.3878271268763,38.2931830968273,41.9577286906666,60
"3114",2042,40.629381750579,39.4421122276631,43.4330180813412,60
"3114",2043,41.9146880259785,40.6325500991946,45.0055454252429,60
"3114",2044,43.2214769056425,41.8435880817851,46.634954692885,60
"3114",2045,44.4012674815336,42.9344646362604,48.1149246168986,60
"3114",2046,45.9719333668371,44.3954378418503,50.1707894326755,60
"3114",2047,47.4052351390089,45.676391337346,52.0239440147693,60
"3114",2048,49.0156473735498,47.0884542712697,54.1398049390843,60
"3114",2049,50.7200131514534,48.5676729267491,56.4012004132181,60
"3114",2050,52.3132556982131,49.9579734030906,58.4960923469288,60
"3116",2026,24.9837420876819,24.9390972368285,25.1547037849707,60
"3116",2027,25.0577230839874,24.9836447774536,25.3104585371409,60
"3116",2028,25.1509371174141,25.047441259426,25.4868076784668,60
"3116",2029,25.3246435945591,25.175199610604,25.7664638583837,60
"3116",2030,25.5457551729642,25.3419892086498,26.1056088702709,60
"3116",2031,25.7878305295219,25.5286993946779,26.4680878971718,60
"3116",2032,26.1875602155782,25.833733978434,27.0321177726184,60
"3116",2033,26.5855056907059,26.1415128857061,27.5760096234883,60
"3116",2034,27.042812128411,26.4964469932185,28.1910842403743,60
"3116",2035,27.5601038923264,26.8973860288185,28.8931661283319,60
"3116",2036,28.1635952084111,27.3640631277835,29.7153869975052,60
"3116",2037,28.7609688611574,27.8304069060441,30.5253415394401,60
"3116",2038,29.4555499277713,28.367260014523,31.4666794869265,60
"3116",2039,30.1378963373628,28.8991949494176,32.3875773172893,60
"3116",2040,30.8940299362588,29.4850268206316,33.4080952400015,60
"3116",2041,31.6224997574106,30.0539027588096,34.3880865782792,60
"3116",2042,32.5141791424223,30.7385859713656,35.5922901609271,60
"3116",2043,33.2766877991705,31.3347201316148,36.6160806115044,60
"3116",2044,34.0443756816052,31.9366133316011,37.6447803809048,60
"3116",2045,35.0534449347239,32.7072694019804,39.0085899277992,60
"3116",2046,36.1182426441841,33.5176203405914,40.4496830126636,60
"3116",2047,37.2069606956067,34.3452928748472,41.9240893898529,60
"3116",2048,38.1023264157816,35.0401293589069,43.1270971451894,60
"3116",2049,39.3637540763657,35.9883198178546,44.843526259778,60
"3116",2050,40.7770550677042,37.0404837456852,46.7778793816271,60
"3118",2026,232.666350628208,232.483920588905,234.777248621907,60
"3118",2027,233.126391382771,232.911925282552,236.173736130673,60
"3118",2028,233.849765228209,233.585173174775,237.897178468388,60
"3118",2029,234.940600756288,234.577222670444,240.086482679844,60
"3118",2030,236.613951407226,236.073518308251,243.030279962924,60
"3118",2031,238.514633579762,237.780242161732,246.259281933037,60
"3118",2032,240.855158461162,239.878642315375,250.058378655731,60
"3118",2033,243.474621080989,242.095776994241,254.214131602081,60
"3118",2034,246.400356378242,244.565272097006,258.763794104153,60
"3118",2035,249.868846045719,247.39570406492,264.028260070746,60
"3118",2036,253.676590028355,250.422842036623,269.734746680598,60
"3118",2037,257.859070981798,253.763685300639,275.935384392125,60
"3118",2038,262.095211392212,257.31401750352,282.1969090292,60
"3118",2039,266.559657094301,261.042694973126,288.772076064848,60
"3118",2040,271.217049657622,264.930306556276,295.60880249063,60
"3118",2041,276.306724855711,269.162482647795,303.281394507633,60
"3118",2042,281.785161330504,273.704553009578,311.526723189418,60
"3118",2043,287.240214830021,278.238010651753,319.722309801205,60
"3118",2044,293.111843608937,283.09971926133,328.539836900386,60
"3118",2045,299.637657211859,288.469833298114,338.348234536711,60
"3118",2046,306.358104546287,293.993980378305,348.450741343695,60
"3118",2047,313.559327358592,299.888490202919,359.292593247197,60
"3118",2048,320.786079703688,305.805334968014,370.174435576502,60
"3118",2049,328.749012821808,312.28330642766,382.200956866437,60
"3118",2050,337.356922863239,319.248320893592,395.244159331323,60
"3120",2026,57.5966400747244,57.4696621392543,57.8314227033403,60
"3120",2027,57.9338582000667,57.7572964999013,58.2744282904143,60
"3120",2028,58.4420614150642,58.2132662237679,58.9296889089929,60
"3120",2029,59.0752303823148,58.7922394921053,59.7306986274906,60
"3120",2030,59.7744661374238,59.4261353417039,60.628499550932,60
"3120",2031,60.594368709764,60.1399627418868,61.6805182987937,60
"3120",2032,61.5638906603183,60.9747635340446,62.9277623599817,60
"3120",2033,62.6396695593135,61.9074405693285,64.3125251182584,60
"3120",2034,64.0339324418826,63.1017011330682,66.1284783237618,60
"3120",2035,65.2791590444134,64.1780383105648,67.7363573049033,60
"3120",2036,66.6950847178,65.3964400489106,69.5748430105781,60
"3120",2037,68.274857429672,66.733357574504,71.6590117590535,60
"3120",2038,70.0402575990276,68.1934012657007,74.0134408617782,60
"3120",2039,71.9985622888982,69.7991354018372,76.6467356789494,60
"3120",2040,73.7489541024037,71.2515706216151,78.9773834643209,60
"3120",2041,75.6194825837216,72.7963719555203,81.4792465316402,60
"3120",2042,77.562975507098,74.3955274045321,84.0888826454317,60
"3120",2043,79.5969890364799,76.0625953035069,86.8313026915435,60
"3120",2044,82.003906473495,78.005396172644,90.1246927816737,60
"3120",2045,84.1490650368348,79.7564962970861,93.031137894942,60
"3120",2046,86.3484465567519,81.5474683272353,96.0193747103464,60
"3120",2047,88.6793556424821,83.4358870689185,99.2031532419476,60
"3120",2048,90.961279091966,85.2900071686087,102.312383775403,60
"3120",2049,93.8894517719124,87.6120255508355,106.3996159741,60
"3120",2050,96.672510086686,89.8262174371933,110.2757129206,60
"3122",2026,30.7260538718184,30.6452300320495,30.8055375807237,60
"3122",2027,30.7362608197678,30.6076717608036,30.8812432239146,60
"3122",2028,30.7982020801393,30.6139440684574,31.0253077569152,60
"3122",2029,30.8915744948227,30.6435596906639,31.2093618019238,60
"3122",2030,31.1095720753456,30.7628756798716,31.5672186345985,60
"3122",2031,31.2059656992764,30.7974166318246,31.7469484481941,60
"3122",2032,31.5283316662802,30.9975444900803,32.246674996798,60
"3122",2033,31.9671089798923,31.282556571909,32.9140187471349,60
"3122",2034,32.3077658134578,31.4993069801746,33.4366533170656,60
"3122",2035,32.8320943137961,31.8487767608142,34.2255857498047,60
"3122",2036,33.1675172029268,32.0674189402358,34.7320727298693,60
"3122",2037,33.6532918231643,32.3939033662489,35.4583088429166,60
"3122",2038,34.3991164535755,32.9028010173899,36.5732244525855,60
"3122",2039,34.8508959035109,33.2079540924433,37.2457526475297,60
"3122",2040,35.4743539464605,33.6340562808836,38.1745774589739,60
"3122",2041,36.0995297004576,34.0635078892973,39.1029244497576,60
"3122",2042,36.5939715059709,34.4030288509739,39.8323379484004,60
"3122",2043,37.3175903805101,34.9021058248831,40.9084105067728,60
"3122",2044,38.1770766426287,35.4967678521882,42.1894574055208,60
"3122",2045,39.3233505398833,36.28807703097,43.9132372001606,60
"3122",2046,40.1756482150756,36.8784490254222,45.1851421160257,60
"3122",2047,40.8472349097087,37.3470399033324,46.1748686965142,60
"3122",2048,41.8541132749387,38.0445258977134,47.6848163884917,60
"3122",2049,43.0620208813337,38.8776298031677,49.5117310869771,60
"3122",2050,44.6335915318343,39.9570817419307,51.9120465511265,60
"3124",2026,10.0540540691412,10.0369084799711,10.124817019468,60
"3124",2027,10.1288035350551,10.1000722467269,10.2407999140058,60
"3124",2028,10.1987028713116,10.1572695909155,10.3487454317968,60
"3124",2029,10.3058724356227,10.2452215231227,10.5013001941657,60
"3124",2030,10.3925056155692,10.3178841005623,10.6273183619942,60
"3124",2031,10.5150132097216,10.4199804700572,10.7972598731501,60
"3124",2032,10.7349287173421,10.6039505380163,11.0983711903094,60
"3124",2033,10.8929049237183,10.7350698425529,11.3179163937447,60
"3124",2034,11.0751927382678,10.8849486615543,11.5706913991662,60
"3124",2035,11.3813830670766,11.1295193397153,11.9943235019383,60
"3124",2036,11.6656643877003,11.3572730494231,12.3879958287925,60
"3124",2037,11.9421840230084,11.5794199260438,12.7697387350368,60
"3124",2038,12.3488296484522,11.8974863224339,13.3356941259606,60
"3124",2039,12.5976179207446,12.1015248605229,13.6754470409071,60
"3124",2040,12.9035349943053,12.346937305953,14.0972353491194,60
"3124",2041,13.3244986918012,12.6750655571365,14.6856611129005,60
"3124",2042,13.6298461911691,12.9219432535721,15.1052453296863,60
"3124",2043,14.1801899586835,13.3426092993136,15.8874109560201,60
"3124",2044,14.6093186552376,13.6764305868058,16.4922486172546,60
"3124",2045,14.8815824762514,13.8988629140214,16.8646282405483,60
"3124",2046,15.4927166618324,14.3616131006978,17.7416732724832,60
"3124",2047,16.1041633667905,14.821975221105,18.6282883481326,60
"3124",2048,16.6424865752991,15.2303136956398,19.4122825995792,60
"3124",2049,16.9387791549296,15.468358682177,19.8230756236897,60
"3124",2050,17.5745654264517,15.9432793786888,20.7661496448999,60
"3201",2026,581.127115675968,577.629735842968,587.437381279174,60
"3201",2027,584.819328025488,579.945033846805,593.603267764985,60
"3201",2028,589.32243114847,583.03407294433,600.88067499477,60
"3201",2029,594.643349701465,586.840336650202,609.154516326102,60
"3201",2030,601.218083235581,591.759839833225,618.995154832912,60
"3201",2031,608.543855754856,597.364047606035,629.755358134096,60
"3201",2032,617.344960856487,604.296004147055,642.384495967354,60
"3201",2033,626.826147928308,611.725952457372,655.851097935055,60
"3201",2034,637.160987801824,619.814668082628,670.384388957014,60
"3201",2035,648.922226517269,629.103875384985,686.759372036227,60
"3201",2036,661.343426172548,638.964928330443,703.961845310046,60
"3201",2037,675.729022266138,650.459858837291,723.718638621033,60
"3201",2038,690.584814891355,662.364516411801,744.059000762673,60
"3201",2039,706.333707363348,675.021992383894,765.547315891865,60
"3201",2040,723.310215540965,688.701745508479,788.634584327484,60
"3201",2041,740.909384152888,702.909797555605,812.518757575404,60
"3201",2042,760.265979965368,718.56227836362,838.725992690895,60
"3201",2043,780.881259676182,735.249265943485,866.600551329113,60
"3201",2044,802.629094112947,752.863264043352,895.984108069064,60
"3201",2045,825.870438322414,771.690074734049,927.374286900764,60
"3201",2046,850.153469117103,791.357015095428,960.178131051959,60
"3201",2047,876.045959569423,812.314997239464,995.176306408652,60
"3201",2048,902.36737511448,833.608592091673,1031.06645647992,60
"3201",2049,930.073812412461,855.862955348237,1069.75533654499,60
"3201",2050,958.479558188778,878.74130527762,1109.53629880907,60
"3203",2026,434.895724718629,434.074607851062,440.520271714741,60
"3203",2027,437.0298410017,435.93097489001,445.016327320722,60
"3203",2028,439.886131374383,438.485733097128,450.449748210272,60
"3203",2029,443.502677331758,441.768203263922,456.864994489701,60
"3203",2030,447.813097226911,445.732249996417,464.177708333554,60
"3203",2031,452.947119954772,450.50522548312,472.569800354988,60
"3203",2032,458.70104769388,455.887097184848,481.897645982638,60
"3203",2033,465.086582328258,461.788956139058,492.113785533728,60
"3203",2034,472.476633093904,468.354844855981,503.737626873284,60
"3203",2035,480.516022945563,475.485498887552,516.256412510128,60
"3203",2036,489.291398107638,483.256256456,529.797792600625,60
"3203",2037,498.794229674675,491.656952143237,544.357397169314,60
"3203",2038,508.969681110758,500.639000768314,559.862726302703,60
"3203",2039,519.994722607857,510.347184316495,576.580279395242,60
"3203",2040,531.340706045841,520.344217817928,593.729427314482,60
"3203",2041,543.524234781486,531.052683688367,612.085838956742,60
"3203",2042,556.186146965545,542.174962059201,631.11972192727,60
"3203",2043,570.143219933925,553.746363031634,652.061641532677,60
"3203",2044,585.229583949502,565.972942646612,674.679343768112,60
"3203",2045,600.884312560369,578.599531530082,698.14456117031,60
"3203",2046,617.878646772873,592.132517872692,723.634518366898,60
"3203",2047,634.838241728936,605.643680293306,749.085341421316,60
"3203",2048,653.360198210939,620.186398165888,776.932119351828,60
"3203",2049,672.97631593037,635.432765584512,806.489188247394,60
"3203",2050,693.909323806907,651.51562413028,838.119303189693,60
"3205",2026,509.657022763781,509.24803727143,512.022781471693,60
"3205",2027,509.810258593312,509.118213063631,513.120692438603,60
"3205",2028,510.575455971451,509.512077114348,514.8654216436,60
"3205",2029,511.966980934254,510.437972360183,517.35800907064,60
"3205",2030,514.117379793969,511.990924519277,520.848284620507,60
"3205",2031,516.784904987151,513.988644731366,524.944478520459,60
"3205",2032,520.242354307329,516.629665512019,530.00070671636,60
"3205",2033,524.128633928634,519.644950107878,535.555346955871,60
"3205",2034,528.689897906197,523.214648257115,541.927287088953,60
"3205",2035,534.063698332863,527.438729011057,549.296371862317,60
"3205",2036,539.874630097118,532.040047880133,557.17896160003,60
"3205",2037,546.631029109456,537.386840221576,566.239098454699,60
"3205",2038,553.537144684659,542.891127667112,575.449413074544,60
"3205",2039,561.278932307401,549.05005191785,585.706462655347,60
"3205",2040,570.007309594792,555.970554380343,597.211711335086,60
"3205",2041,579.104794841567,563.199402629951,609.163555983376,60
"3205",2042,589.222705092144,571.205309319936,622.419627573615,60
"3205",2043,600.135212681634,579.818969444298,636.691309113082,60
"3205",2044,612.269410686254,589.339747211437,652.590867587807,60
"3205",2045,625.501369839989,599.671227069985,669.982699164365,60
"3205",2046,639.70203544514,610.711561688313,688.605941329756,60
"3205",2047,655.04168307483,622.574162135232,707.291751065324,60
"3205",2048,671.152637592197,634.986662163363,727.828776537803,60
"3205",2049,688.519682713471,648.28502408947,750.024695137923,60
"3205",2050,707.575547726906,662.763694802989,774.514126144677,60
"3207",2026,354.874133155054,354.208946201762,357.025006862685,60
"3207",2027,355.475961329119,354.573798630572,358.540331276186,60
"3207",2028,356.671025498309,355.533907545722,360.770196393402,60
"3207",2029,358.262570945683,356.838327408656,363.470798049401,60
"3207",2030,360.498076257319,358.7045394719,366.951793522428,60
"3207",2031,363.087438660704,360.88448927206,370.854651188452,60
"3207",2032,365.995473041813,363.359210187252,375.13626238291,60
"3207",2033,369.450291825037,366.332688982842,380.082357091079,60
"3207",2034,373.196902382798,369.576470470183,385.374815231387,60
"3207",2035,377.733497030528,373.535485121508,391.639308432763,60
"3207",2036,382.346791668356,377.573132840632,398.021133851066,60
"3207",2037,387.145982951332,381.786649758105,404.618657559003,60
"3207",2038,392.555358095169,386.552566744537,411.980125875155,60
"3207",2039,398.610453580123,391.9021388087,420.152793508805,60
"3207",2040,405.108942670493,397.65395217389,428.879721299446,60
"3207",2041,411.519570379502,403.335318885926,437.475688465517,60
"3207",2042,418.205221909043,409.268088662326,446.411127023153,60
"3207",2043,425.900077174554,415.843314674256,456.6830169795,60
"3207",2044,434.943857772111,423.439759806544,469.096924631269,60
"3207",2045,444.498549696358,431.442403621633,482.228028461773,60
"3207",2046,453.786278557881,439.228903990385,494.979340870535,60
"3207",2047,463.719963114188,447.495786644028,508.649985377825,60
"3207",2048,474.256894440931,456.223342512896,523.191548024887,60
"3207",2049,486.527064057333,466.237702753388,540.224266730978,60
"3207",2050,499.116794792202,476.236841279672,557.753500506463,60
"3209",2026,198.639149996227,198.527956513917,198.993464926954,60
"3209",2027,200.194975425001,199.972517505699,200.735791291338,60
"3209",2028,202.034426943698,201.666388248116,202.78842951951,60
"3209",2029,204.150183566696,203.602199725322,205.149350077656,60
"3209",2030,206.62156949311,205.83687067992,207.958564084527,60
"3209",2031,209.331458707161,208.281836172903,211.039711201396,60
"3209",2032,212.585796526792,211.162257534856,214.791280346411,60
"3209",2033,216.019565904973,214.206247845454,218.794945351785,60
"3209",2034,219.822862864657,217.554100587766,223.290322214133,60
"3209",2035,223.953760139643,221.174548433891,228.200359446098,60
"3209",2036,228.359097508914,225.027533039728,233.45125211699,60
"3209",2037,233.433533276264,229.398547116184,239.606388782425,60
"3209",2038,238.537967317154,233.816597623855,245.768292050203,60
"3209",2039,244.061175712769,238.563063000734,252.492277281992,60
"3209",2040,249.819463034464,243.503398064248,259.518801605566,60
"3209",2041,256.195633089854,248.913823577638,267.261083235089,60
"3209",2042,263.210150272244,254.805609576738,275.734435253173,60
"3209",2043,270.447701928404,260.874449142266,284.499798258449,60
"3209",2044,277.809866400396,267.048026357238,293.417267275004,60
"3209",2045,285.918642535267,273.771614382806,303.415875805731,60
"3209",2046,294.951297828396,281.167298348288,314.871482324804,60
"3209",2047,304.884964554203,289.211239791166,327.620989627122,60
"3209",2048,314.884687861395,297.304085840211,340.474667322552,60
"3209",2049,325.153336724805,305.587572245285,353.728168862961,60
"3209",2050,336.366614834422,314.534737290497,368.371863771418,60
"3212",2026,70.200003946903,69.7704385657677,72.3533582911373,60
"3212",2027,70.4788002686611,69.8700980902223,73.5294067834294,60
"3212",2028,70.8983953722469,70.097252972253,74.9125380122533,60
"3212",2029,71.4360582566747,70.4314643478599,76.4687950293137,60
"3212",2030,72.1384300713261,70.9129666734388,78.2711867673124,60
"3212",2031,72.9045357832351,71.4516697983382,80.1652051644325,60
"3212",2032,73.9197932994939,72.2120260447818,82.4389253226763,60
"3212",2033,75.0033158506905,73.0571686596687,84.8137050514713,60
"3212",2034,76.2544407668319,74.0724562401078,87.4442568461604,60
"3212",2035,77.6034458479911,75.1581546201415,90.2231926513701,60
"3212",2036,79.1205673256531,76.3850412812835,93.260266450884,60
"3212",2037,80.8188439262529,77.7024305863661,96.5777849594599,60
"3212",2038,82.5703425881701,79.0597299875546,99.9745374970376,60
"3212",2039,84.4577641157289,80.5269116284527,103.581969484685,60
"3212",2040,86.5301722960072,82.1419247940221,107.478981756391,60
"3212",2041,88.7886236508385,83.8278499906686,111.668137326435,60
"3212",2042,91.0400613228679,85.4980883665222,115.844127688021,60
"3212",2043,93.4151535276954,87.2566236997035,120.214756273249,60
"3212",2044,95.7806811266309,89.0108209159942,124.569006599696,60
"3212",2045,98.5009865847604,91.0314670223136,129.490286421857,60
"3212",2046,101.449752734418,93.295020213329,134.782502332321,60
"3212",2047,104.428513630648,95.5801369087897,140.125896251503,60
"3212",2048,107.105588074734,97.6354776271618,144.985013895044,60
"3212",2049,110.080285793218,99.9139225635285,150.329993017564,60
"3212",2050,113.349769671447,102.413211457555,156.157182610111,60
"3214",2026,85.7983304909475,85.6117585042533,86.4373116991759,60
"3214",2027,85.9418644108496,85.6404714908507,86.8679174312989,60
"3214",2028,86.266506801799,85.8074747024947,87.5236461831507,60
"3214",2029,86.749238741874,86.1451827456347,88.3760751640908,60
"3214",2030,87.3452139420313,86.5984259088648,89.3676958296592,60
"3214",2031,88.1725342616566,87.2574274891581,90.6517273063921,60
"3214",2032,89.0682910292904,87.9796512673586,92.0179146932622,60
"3214",2033,90.2117866859299,88.9251723893439,93.6991699028897,60
"3214",2034,91.5466750770715,90.0437709439895,95.6229965940667,60
"3214",2035,92.8074390582397,91.0993526920844,97.4428694291915,60
"3214",2036,94.2208848612272,92.2938237734124,99.4540542542158,60
"3214",2037,95.8264978406904,93.661989765799,101.788447965583,60
"3214",2038,97.6536719828051,95.2234262433376,104.439439881769,60
"3214",2039,99.6807072574541,96.902324303272,107.370345991638,60
"3214",2040,101.567562520117,98.4724618734645,110.087851243406,60
"3214",2041,103.827894709185,100.349080309588,113.34150706218,60
"3214",2042,106.183628444475,102.305925418291,116.729283637144,60
"3214",2043,108.807142978102,104.481035253982,120.50694244394,60
"3214",2044,111.976890048684,107.096987138025,125.090397217283,60
"3214",2045,115.146976264489,109.713506986742,129.677635748628,60
"3214",2046,118.409411291165,112.403211995008,134.407696821523,60
"3214",2047,122.052793644402,115.395942091865,139.714761984629,60
"3214",2048,125.885524757585,118.530718427458,145.315695217301,60
"3214",2049,130.490025427027,122.219404076,152.105526940246,60
"3214",2050,134.582675360926,125.508582198269,158.136360678579,60
"3216",2026,89.4512464140373,89.1832201064781,89.7435532732778,60
"3216",2027,89.9278786754569,89.5164073042184,90.3944119438849,60
"3216",2028,90.6335281552563,90.0383384896128,91.3365642140979,60
"3216",2029,91.5075008284081,90.701946518572,92.4887273371936,60
"3216",2030,92.6169245298902,91.5559812197374,93.9477999709048,60
"3216",2031,93.8978390572887,92.5514030702691,95.6268925592494,60
"3216",2032,95.3701108319183,93.7018935044591,97.5563816699908,60
"3216",2033,97.0821598784432,95.0421614637253,99.8078103304156,60
"3216",2034,99.011103672625,96.5395831744251,102.351648806148,60
"3216",2035,101.098334373029,98.1160572213332,105.104397561409,60
"3216",2036,103.187983648537,99.710089542112,107.842671759964,60
"3216",2037,105.657845094534,101.567672992354,111.111375755134,60
"3216",2038,108.10984103543,103.426777786617,114.339910932224,60
"3216",2039,110.78681121515,105.445125849017,117.879956894128,60
"3216",2040,113.456272720248,107.47374401173,121.30399839459,60
"3216",2041,116.161802250331,109.538685118045,124.764353930394,60
"3216",2042,119.234449812173,111.852668476064,128.717179221789,60
"3216",2043,122.252446168393,114.14320910396,132.586563858969,60
"3216",2044,125.547063651165,116.621292071647,136.822975859491,60
"3216",2045,129.002077254146,119.233260289722,141.27135755107,60
"3216",2046,132.761012571265,122.251776887919,146.167276287118,60
"3216",2047,136.611511908004,125.347136110886,151.265268748716,60
"3216",2048,140.812756108179,128.729902161515,156.874109128247,60
"3216",2049,145.217053549363,132.278576137364,162.783257298461,60
"3216",2050,150.114317638836,136.227381955269,169.456118811832,60
"3218",2026,126.431774322974,126.339165156095,126.783232860818,60
"3218",2027,126.887015411416,126.71578313413,127.383193309023,60
"3218",2028,127.513018303029,127.252918434478,128.164268818693,60
"3218",2029,128.332491889978,127.983194542228,129.152326304701,60
"3218",2030,129.365510913558,128.908553954579,130.368071341367,60
"3218",2031,130.489969014705,129.923916789973,131.678210672003,60
"3218",2032,131.978316396827,131.233369187008,133.471610407803,60
"3218",2033,133.518375875197,132.587030436082,135.341760466215,60
"3218",2034,135.370357086783,134.198196229868,137.609063505025,60
"3218",2035,137.367599838443,135.936348660294,140.051396016694,60
"3218",2036,139.411859372341,137.726634938217,142.534069563601,60
"3218",2037,141.955987061773,139.915115693404,145.685640080411,60
"3218",2038,144.332553125085,141.98599458706,148.595771435316,60
"3218",2039,147.224396319877,144.46283292838,152.203481371701,60
"3218",2040,150.102325878859,146.937614849474,155.779452572886,60
"3218",2041,153.170081080328,149.56493022004,159.609105901668,60
"3218",2042,156.476640673812,152.381590353307,163.762319350244,60
"3218",2043,159.984421865737,155.357288080686,168.189887891224,60
"3218",2044,164.014411537396,158.734804342433,173.346179530147,60
"3218",2045,168.144277771437,162.191450430618,178.641201327048,60
"3218",2046,172.614487934954,165.908512633525,184.416983223208,60
"3218",2047,177.335458599354,169.816168253997,190.551314496631,60
"3218",2048,182.057595412852,173.725961137638,196.68936550049,60
"3218",2049,187.393984318968,178.097301557095,203.711755595995,60
"3218",2050,192.968010973451,182.643982136275,211.086723899202,60
"3220",2026,51.9416613289439,51.8511249814645,52.3093997621892,60
"3220",2027,52.1096217895223,51.9573415953496,52.6631818986622,60
"3220",2028,52.3220051407935,52.1034371657177,53.0700628006195,60
"3220",2029,52.6157306214006,52.3188703447987,53.5792767824689,60
"3220",2030,53.0455296285815,52.6467950972029,54.2643089123016,60
"3220",2031,53.576090891331,53.0584068775291,55.0792664935,60
"3220",2032,54.2236900302804,53.5662793841691,56.047570104315,60
"3220",2033,54.9082931764663,54.106946086757,57.0640723350561,60
"3220",2034,55.7206143905384,54.752623440371,58.2488207621842,60
"3220",2035,56.5716439346518,55.4326945303017,59.4811096812174,60
"3220",2036,57.5785787709128,56.2391744606531,60.9218808929713,60
"3220",2037,58.5726734646817,57.0390996008448,62.340181442367,60
"3220",2038,59.6223286003616,57.8856145693458,63.8307806042973,60
"3220",2039,60.7989135501085,58.8346500982361,65.4922286021055,60
"3220",2040,62.055098591151,59.8483831147167,67.2605771812235,60
"3220",2041,63.2887056624869,60.8313112998677,68.9949205177668,60
"3220",2042,64.3546593220806,61.686781419533,70.5054828866288,60
"3220",2043,65.9535240458965,62.9175074618008,72.8344195016877,60
"3220",2044,67.4694244806579,64.0927353400003,75.0344059695383,60
"3220",2045,69.1362810347181,65.3752621429426,77.4641171635493,60
"3220",2046,70.8576141696051,66.697425741121,79.9766234404073,60
"3220",2047,72.5801587907475,68.0180648298612,82.4940350748902,60
"3220",2048,74.4442883005131,69.4348117626783,85.2312298296544,60
"3220",2049,76.8349317877529,71.2091869863285,88.7957527533826,60
"3220",2050,79.1573469542245,72.932745641051,92.1452729411636,60
"3222",2026,149.403661117336,148.663620562139,150.978321674317,60
"3222",2027,150.354304669404,149.336340843192,152.561636894119,60
"3222",2028,151.536203475384,150.240501196893,154.399582080858,60
"3222",2029,153.04372476694,151.474760117435,156.596679579813,60
"3222",2030,154.79602769209,152.879585096084,159.081737434465,60
"3222",2031,156.756697050256,154.457020668923,161.802951831452,60
"3222",2032,159.015458640063,156.293471405338,164.86257466483,60
"3222",2033,161.561226956293,158.382111597889,168.367711332695,60
"3222",2034,164.430385183319,160.752941431242,172.339778882484,60
"3222",2035,167.582824594446,163.37116850841,176.682503085623,60
"3222",2036,170.827841338929,166.075594562142,181.111223679181,60
"3222",2037,174.327751368454,169.001885082594,185.758320204143,60
"3222",2038,178.083903441035,172.149896320493,190.71921865578,60
"3222",2039,182.265709371794,175.65305019878,196.208332884244,60
"3222",2040,186.535583593661,179.192684843156,201.819276302122,60
"3222",2041,190.764593447812,182.705959980459,207.372031974347,60
"3222",2042,195.394300009944,186.466292298645,213.428647332908,60
"3222",2043,200.425606737469,190.508991826268,219.992415556246,60
"3222",2044,205.853001648691,194.847150210074,227.058038496865,60
"3222",2045,211.568981859271,199.399637884456,234.490690120956,60
"3222",2046,217.329263367449,203.988344465254,241.978342559687,60
"3222",2047,223.634666582537,208.974043988523,250.362484158869,60
"3222",2048,230.483308038309,214.352038710715,259.579572677081,60
"3222",2049,237.687220538275,219.988011587329,269.301172899475,60
"3222",2050,245.131281065246,225.913856843819,279.371616993193,60
"3224",2026,82.4431086234507,82.2400499641899,82.8668487800311,60
"3224",2027,83.2409491418735,82.9517515033933,83.8567638612957,60
"3224",2028,84.1660535842357,83.7896163168593,84.9908765201177,60
"3224",2029,85.247538286718,84.7969933734013,86.3053613085556,60
"3224",2030,86.4797407842141,85.9173565575215,87.7941964997364,60
"3224",2031,87.8571923214976,87.1520871784587,89.4516799226342,60
"3224",2032,89.4120117763385,88.5753244029587,91.331227458755,60
"3224",2033,91.0070341004625,90.0380546489748,93.259088233891,60
"3224",2034,92.8665426022486,91.7135863382255,95.5597407530515,60
"3224",2035,94.7363193314946,93.4004582841594,97.8616041134242,60
"3224",2036,96.8863206718986,95.3303018175775,100.560918062757,60
"3224",2037,99.1303216959398,97.344496515118,103.395677808418,60
"3224",2038,101.3607636132,99.3478896991841,106.197788570596,60
"3224",2039,103.835889603779,101.550498272354,109.342866197548,60
"3224",2040,106.483179489448,103.899166982044,112.727433238015,60
"3224",2041,109.276815851467,106.371573145542,116.317278039276,60
"3224",2042,112.061353704338,108.839930716122,119.886435373928,60
"3224",2043,114.884215385907,111.34279888266,123.504712125531,60
"3224",2044,117.900223857873,114.006143435957,127.401995799598,60
"3224",2045,121.328617135737,117.002210547944,131.907280999688,60
"3224",2046,125.04469840092,120.136376071918,136.840392853416,60
"3224",2047,128.716050371997,123.216516303895,141.709052071982,60
"3224",2048,132.36725350327,126.279098372032,146.551448999992,60
"3224",2049,136.11085015745,129.407965549113,151.535107089617,60
"3224",2050,140.546086203919,133.028684649356,157.569749713897,60
"3226",2026,79.0262750144811,78.4592225908416,80.7281935178476,60
"3226",2027,80.0054765766265,79.2022329574984,82.412153780672,60
"3226",2028,81.1628952421348,80.0778206873067,84.3316432557571,60
"3226",2029,82.5033322016605,81.0972425443389,86.4847710593323,60
"3226",2030,83.9541144019296,82.2068759161615,88.7793690549772,60
"3226",2031,85.5687381860774,83.4456302363026,91.2889016826689,60
"3226",2032,87.4363120377159,84.893226158459,94.1361881917308,60
"3226",2033,89.5469365278133,86.5916457095748,97.3091087319976,60
"3226",2034,91.6544699459551,88.2911217802813,100.47011346372,60
"3226",2035,93.9038635876187,90.1141582249326,103.818009237936,60
"3226",2036,96.3076955882948,92.0683641431058,107.370550246244,60
"3226",2037,98.9242283386729,94.2035149981904,111.209397049448,60
"3226",2038,101.891245274256,96.634732480961,115.526638500023,60
"3226",2039,104.740517364645,98.9712083335048,119.674394246351,60
"3226",2040,107.69722710753,101.400074055521,124.04443007723,60
"3226",2041,110.644909875709,103.824925454414,128.390052508046,60
"3226",2042,113.895220454927,106.504436039966,133.180808199286,60
"3226",2043,117.462043853527,109.449909741903,138.439106954474,60
"3226",2044,121.129394216011,112.47590058957,143.84432311605,60
"3226",2045,125.253000122604,115.774511258662,149.937022310947,60
"3226",2046,129.032915753853,118.817944783362,155.504098235546,60
"3226",2047,133.248047591596,122.190347831431,161.730611158813,60
"3226",2048,137.928146265647,125.91090215475,168.669247591465,60
"3226",2049,143.086436046682,129.989087337563,176.346225057396,60
"3226",2050,148.277445355764,134.08771825547,184.105196196327,60
"3228",2026,88.2395122118355,87.583530513901,90.5115271842043,60
"3228",2027,88.9865486082554,88.0735810824913,92.2066072210491,60
"3228",2028,89.8922774044864,88.7092514920962,94.1163237175511,60
"3228",2029,90.917790366207,89.4563214552288,96.1847556565087,60
"3228",2030,92.1520954026317,90.399712979833,98.542549747118,60
"3228",2031,93.5948737839835,91.5391954885581,101.190788496916,60
"3228",2032,95.2883046790375,92.9146350722351,104.193064309305,60
"3228",2033,97.1120257653751,94.4125810070651,107.374828875655,60
"3228",2034,99.0334139082652,96.0022870195198,110.689018494583,60
"3228",2035,101.219237976981,97.8411334030789,114.381317019139,60
"3228",2036,103.575897804505,99.8408783835701,118.315742863408,60
"3228",2037,106.272795537134,102.137221383914,122.743599747489,60
"3228",2038,109.138964937557,104.571231786429,127.415402844307,60
"3228",2039,112.016726018261,107.016785519981,132.098016283987,60
"3228",2040,115.009207081343,109.566600572522,136.944953988391,60
"3228",2041,118.129629079633,112.23252737642,141.976192022081,60
"3228",2042,121.682684371212,115.288173584471,147.648466503653,60
"3228",2043,125.424130576654,118.513577096007,153.600362275695,60
"3228",2044,129.129319741863,121.706868439848,159.495912765774,60
"3228",2045,133.069307822117,125.111403188432,165.742032936549,60
"3228",2046,137.151597456077,128.643806217253,172.20216208316,60
"3228",2047,141.535523620404,132.446561471774,179.119723995309,60
"3228",2048,146.218057049387,136.516875566848,186.491128639782,60
"3228",2049,150.883187488439,140.571186899045,193.840187243341,60
"3228",2050,155.901252495314,144.94119956639,201.729560969538,60
"3230",2026,21.5835357968251,21.4469991390089,21.9437594375755,60
"3230",2027,21.8957959991201,21.6922651896412,22.4091185222392,60
"3230",2028,22.2226145619212,21.9523949059626,22.892959371309,60
"3230",2029,22.6041502564056,22.2579052436855,23.4460686320267,60
"3230",2030,23.0310860349598,22.6013214165185,24.0558166311043,60
"3230",2031,23.5072004079917,22.9843757967234,24.7278801610462,60
"3230",2032,24.06645347904,23.4328537940437,25.5081635255803,60
"3230",2033,24.6617290196238,23.9112002646774,26.3337980589383,60
"3230",2034,25.284766856336,24.4137308909257,27.1932294172819,60
"3230",2035,26.0070083266895,24.9928876206723,28.1831568479454,60
"3230",2036,26.7480877093377,25.5890801835338,29.1955173094733,60
"3230",2037,27.6178887480823,26.2830111565482,30.3792727977885,60
"3230",2038,28.4173192961967,26.9278331911468,31.4651605244037,60
"3230",2039,29.3677268059938,27.6861515716672,32.7534972055496,60
"3230",2040,30.3412086651446,28.4635238371904,34.071314100809,60
"3230",2041,31.3664154116525,29.2812075205551,35.4573358682636,60
"3230",2042,32.4219874835338,30.1235313552545,36.9233693891053,60
"3230",2043,33.6792338288971,31.1161199908952,38.6924318719866,60
"3230",2044,34.8491621146477,32.0506163233926,40.3272871780263,60
"3230",2045,36.2332502774661,33.1444958165908,42.2875241478747,60
"3230",2046,37.6577985310592,34.2688565942782,44.3098818063031,60
"3230",2047,39.1559595102491,35.4340418087075,46.4474486605962,60
"3230",2048,40.874965828162,36.7468020809887,48.9303024515779,60
"3230",2049,42.6322336766476,38.0844817615496,51.4782951539694,60
"3230",2050,44.491804937728,39.4910217284651,54.1926077181249,60
"3232",2026,104.894069081648,104.647018484203,106.100516264595,60
"3232",2027,105.104004747762,104.73160400288,106.79058356231,60
"3232",2028,105.457835388868,104.970335341746,107.640432286067,60
"3232",2029,105.968326954716,105.358841301995,108.664161231222,60
"3232",2030,106.666495434567,105.926311514885,109.921226690887,60
"3232",2031,107.465820054838,106.590857052769,111.297335805495,60
"3232",2032,108.42499531438,107.407897875076,112.860405894189,60
"3232",2033,109.441320468937,108.280305055629,114.488132014629,60
"3232",2034,110.792094023293,109.468382908842,116.510890278654,60
"3232",2035,112.264763235885,110.676653927792,118.675854499279,60
"3232",2036,113.786178889822,111.913588245198,120.895421403056,60
"3232",2037,115.387730220032,113.222592565023,123.206807091739,60
"3232",2038,117.141900540074,114.655579572229,125.697375640683,60
"3232",2039,119.142569151099,116.282311081332,128.479529685716,60
"3232",2040,121.195049516117,117.95693891217,131.320731453567,60
"3232",2041,123.578196510879,119.885633886515,134.555197023508,60
"3232",2042,125.831334998242,121.726135315384,137.631361397217,60
"3232",2043,128.54024210834,123.909857075276,141.299895563231,60
"3232",2044,131.335328704905,126.16276316757,145.12420801735,60
"3232",2045,134.448152723414,128.65416710736,149.357245086103,60
"3232",2046,137.822529822883,131.339367010967,153.955194831017,60
"3232",2047,141.493519689,134.187118404232,158.957989983473,60
"3232",2048,145.443550766327,137.222429297225,164.33488211262,60
"3232",2049,149.557359044805,140.367436616392,169.935765070205,60
"3232",2050,154.008243556141,143.739494618506,175.994265595757,60
"3234",2026,43.9271493836695,43.7892466129471,44.3699190824565,60
"3234",2027,43.9994769273795,43.7929818909232,44.6447693385489,60
"3234",2028,44.1385722102915,43.8518180637228,45.0116469021648,60
"3234",2029,44.3843409216534,43.9965480756563,45.5301216551424,60
"3234",2030,44.7215875274458,44.2151394661001,46.1787934940211,60
"3234",2031,45.1250367615894,44.4875169451263,46.9215152583079,60
"3234",2032,45.6011818808649,44.8182837611328,47.7690183765422,60
"3234",2033,46.1454109411396,45.2042837245053,48.7138381714624,60
"3234",2034,46.8220939591172,45.6938980221215,49.8555762648092,60
"3234",2035,47.5079489466362,46.1832650070706,51.0089422172061,60
"3234",2036,48.3284808057235,46.77172734445,52.3625864465144,60
"3234",2037,49.1177648037481,47.3387643947047,53.6673295457498,60
"3234",2038,50.0821622915442,48.0348975888512,55.2381657381748,60
"3234",2039,51.119848798417,48.7855077368549,56.9208520266692,60
"3234",2040,52.1956014469198,49.5649130069272,58.661538375948,60
"3234",2041,53.2876600328485,50.3565824230269,60.4279054597202,60
"3234",2042,54.2497120341775,51.05633003801,61.9898651610422,60
"3234",2043,55.4492724196532,51.9268260724522,63.9229244876624,60
"3234",2044,56.8304336414571,52.9277855173094,66.1413145495732,60
"3234",2045,58.026798678258,53.7955132903562,68.072744719585,60
"3234",2046,59.3144146703176,54.7277189564266,70.1501329678785,60
"3234",2047,60.5925692375532,55.6535807234582,72.2127980448313,60
"3234",2048,61.9635472794118,56.6442846637368,74.4257236637306,60
"3234",2049,63.4719153635838,57.7306971819823,76.8617108006901,60
"3234",2050,64.8833241333652,58.7469363196083,79.1472301169468,60
"3236",2026,36.3939947273073,36.278534632179,36.7790689473646,60
"3236",2027,36.6696464422856,36.4933058445134,37.2225618320511,60
"3236",2028,36.9627234161243,36.7253315644747,37.6851001906956,60
"3236",2029,37.3521300470959,37.0385307524447,38.2634705489996,60
"3236",2030,37.7707198530291,37.3786831725316,38.8750306518737,60
"3236",2031,38.2646354277707,37.782597121884,39.5770053072486,60
"3236",2032,38.9481414271894,38.3420791874659,40.5154677976594,60
"3236",2033,39.6097476246267,38.8865778865423,41.4279631035628,60
"3236",2034,40.3449244872903,39.4930632193857,42.4310581811659,60
"3236",2035,41.1607084845322,40.1669989041452,43.5339608554289,60
"3236",2036,41.9803803914744,40.8468978656163,44.638943058162,60
"3236",2037,43.0288073964948,41.7108526676173,46.0349964196812,60
"3236",2038,44.098021521092,42.5930047070197,47.4562470469477,60
"3236",2039,45.1520705546126,43.4649411109436,48.8562981535307,60
"3236",2040,46.3079613916263,44.4193595440255,50.3856805384016,60
"3236",2041,47.5014643925574,45.4047671026183,51.9624395472186,60
"3236",2042,48.8861178172897,46.541955168675,53.7853693003957,60
"3236",2043,50.0039496660121,47.4704567804032,55.2617053355713,60
"3236",2044,51.5191098602671,48.712158974502,57.3242539417265,60
"3236",2045,52.8712961604587,49.8262653262652,59.1618888410892,60
"3236",2046,54.4715891088806,51.1341108599821,61.355349624196,60
"3236",2047,56.3147548977601,52.6199025616127,63.9023451160676,60
"3236",2048,57.7288398938202,53.7781468462926,65.828621785175,60
"3236",2049,59.7956631343525,55.4335682012576,68.7091090100309,60
"3236",2050,61.6654495262171,56.937824251615,71.3113368383482,60
"3238",2026,55.8533952082116,55.6140743759016,56.2234980589378,60
"3238",2027,56.3572651450275,56.0113885338208,56.8782196488281,60
"3238",2028,56.9566316325148,56.4945186921414,57.6347224117086,60
"3238",2029,57.657991313118,57.0811616885109,58.5000172240493,60
"3238",2030,58.5025901134115,57.8191507533048,59.518476269166,60
"3238",2031,59.4168342325352,58.6252163791226,60.6110891898002,60
"3238",2032,60.4729809367783,59.5725331933893,61.8555815775889,60
"3238",2033,61.5924510188518,60.5817433223734,63.1675137810827,60
"3238",2034,62.9090561687127,61.7884966120621,64.6909175374623,60
"3238",2035,64.2897892758263,63.0575295519814,66.2847215790553,60
"3238",2036,65.775850642402,64.3958109826351,68.073884724192,60
"3238",2037,67.3676329532026,65.8327766429429,70.0146403525985,60
"3238",2038,69.0759966986027,67.3781666570645,72.1367074101369,60
"3238",2039,70.900311517182,69.031332109414,74.4208197679998,60
"3238",2040,72.8419963976903,70.7892319756935,76.8645630808197,60
"3238",2041,74.7510617288422,72.5185312191003,79.2538565793145,60
"3238",2042,76.996014354061,74.5198233010193,82.1212221353789,60
"3238",2043,79.2461183799993,76.4596550087871,84.9903875839957,60
"3238",2044,81.7078416457637,78.5646657676089,88.1627818098556,60
"3238",2045,84.5183734870005,80.9280316995148,91.8461516258555,60
"3238",2046,87.2166442849306,83.2094865744172,95.3624015592606,60
"3238",2047,90.1787414970625,85.6897998821483,99.2690558992209,60
"3238",2048,93.4468370149528,88.3996399616775,103.632164763802,60
"3238",2049,96.5971601981984,91.0197800436768,107.82714326432,60
"3238",2050,100.294531845909,94.0460985992365,112.847098900835,60
"3240",2026,160.131279885194,159.6696373511,161.555657288196,60
"3240",2027,159.830152599564,159.18625268417,161.844822242527,60
"3240",2028,159.791919790061,158.958443247477,162.437014876348,60
"3240",2029,159.970911218424,158.942436663238,163.278621347033,60
"3240",2030,160.410183711586,159.18055129722,164.421363642676,60
"3240",2031,161.136384584799,159.695565120497,165.897684106594,60
"3240",2032,161.992199416751,160.245025476086,167.520928867672,60
"3240",2033,163.324254248254,161.115550502474,169.704502080487,60
"3240",2034,164.726795555819,162.055543785376,171.96531075753,60
"3240",2035,166.429308377332,163.228925563389,174.577163647665,60
"3240",2036,168.342130472728,164.570626043985,177.433692501744,60
"3240",2037,170.373500840089,166.014570225494,180.482648735349,60
"3240",2038,172.970523932502,167.97760661024,184.272249365823,60
"3240",2039,175.361098196657,169.889429988364,187.784397660146,60
"3240",2040,178.161537809845,172.168787314107,191.818089541372,60
"3240",2041,181.094806702099,174.569711790735,196.014486432026,60
"3240",2042,184.226976741236,177.136111321841,200.460294506507,60
"3240",2043,187.732733853012,180.03121017104,205.386141955522,60
"3240",2044,191.275291006944,182.961835012633,210.352896547468,60
"3240",2045,195.242892785071,186.265578368733,215.871563544049,60
"3240",2046,199.348277761868,189.691719213139,221.566808201893,60
"3240",2047,203.752218264373,193.380047622271,227.650741557219,60
"3240",2048,208.540693187733,197.242672434206,234.240878843835,60
"3240",2049,213.869163391115,201.534570981718,241.543053772077,60
"3240",2050,219.405368748824,205.989730024432,249.129379693205,60
"3242",2026,22.6570002391501,22.523940996084,22.7556010710723,60
"3242",2027,22.5796457239696,22.3906616161293,22.7197518457642,60
"3242",2028,22.5345829517706,22.2843108169856,22.7195636298671,60
"3242",2029,22.4872217132408,22.1787321669944,22.7150948173328,60
"3242",2030,22.5407377328767,22.1523229375658,22.8255071842149,60
"3242",2031,22.6335542274252,22.1583132309055,22.9815860987157,60
"3242",2032,22.7584379016843,22.1904554041592,23.1765599648515,60
"3242",2033,22.8624374314262,22.2093739936324,23.3444452397953,60
"3242",2034,23.0167308566857,22.2683602376316,23.5750135228606,60
"3242",2035,23.2037764311587,22.3545095390332,23.8489044530215,60
"3242",2036,23.6297292880136,22.6736104072951,24.4338385435195,60
"3242",2037,24.003630576176,22.9233203490532,24.949048166347,60
"3242",2038,24.3300495873855,23.1351687559622,25.3994158483624,60
"3242",2039,24.6926312120929,23.3779365822385,25.8944510779955,60
"3242",2040,25.1385599605247,23.6891802874376,26.499501735711,60
"3242",2041,25.7734107033804,24.1555604170965,27.3426568790249,60
"3242",2042,26.2209474519561,24.4694899687902,27.9364070953136,60
"3242",2043,26.8294486932658,24.9155374303152,28.7345160917961,60
"3242",2044,27.4161529545872,25.3437837594576,29.5058366531389,60
"3242",2045,27.8846501293504,25.6764846482897,30.1270547156358,60
"3242",2046,28.5987399850247,26.2059735977622,31.0698230418302,60
"3242",2047,29.3170733405903,26.7364665715501,32.0199546220498,60
"3242",2048,29.9477486956563,27.1974874544855,32.8540404400349,60
"3242",2049,30.7164483577438,27.7681642817757,33.8739397338384,60
"3242",2050,31.7221931451163,28.5274508585444,35.227924864393,60
"3301",2026,459.872093339626,457.796737896844,467.326578859012,60
"3301",2027,462.363820610283,459.540447023761,472.72689270271,60
"3301",2028,465.438551300064,461.886387512536,478.77243423805,60
"3301",2029,469.060697066412,464.79747558111,485.424077580705,60
"3301",2030,473.602830928436,468.478286992569,493.188875476209,60
"3301",2031,478.75801983461,472.564206011884,501.667540530139,60
"3301",2032,484.682579910171,477.321097813262,511.03420211554,60
"3301",2033,491.111843119647,482.492241784002,521.0662938286,60
"3301",2034,498.058363212281,488.110901891531,531.798685254688,60
"3301",2035,505.912462528188,494.97161824485,543.638360993288,60
"3301",2036,514.259862133601,502.317505890444,556.075058530241,60
"3301",2037,523.15151262712,510.200072800465,569.173376174325,60
"3301",2038,532.408168915968,518.44170146059,582.71392376324,60
"3301",2039,542.291173943546,527.303429120757,597.071169495013,60
"3301",2040,552.745211187871,536.730534865794,612.145609976762,60
"3301",2041,563.415762507789,546.369661302833,627.483036738855,60
"3301",2042,574.592084987195,556.509850264662,643.448586686077,60
"3301",2043,586.495797847103,567.373088520922,660.323674405833,60
"3301",2044,599.174754105388,579.008141205004,678.373102527435,60
"3301",2045,612.984630887346,591.368235833867,698.164450793116,60
"3301",2046,627.536742016846,604.406837612742,717.575105259471,60
"3301",2047,642.675759270217,617.986753409814,737.504230044198,60
"3301",2048,658.633756246594,632.320079382017,758.32914964603,60
"3301",2049,675.543760504187,647.52834820153,780.676011841067,60
"3301",2050,694.137516714797,664.282084699585,805.317572843605,60
"3303",2026,172.879764505948,172.002227849156,173.425152396078,60
"3303",2027,174.044620629575,172.766947260254,174.904611077582,60
"3303",2028,175.449855826162,173.73386979348,176.693518100555,60
"3303",2029,177.233023668001,175.010295219127,178.982141312827,60
"3303",2030,179.428289200583,176.663927839106,181.8414821155,60
"3303",2031,181.878516770864,178.65971229752,185.040338260707,60
"3303",2032,184.584019310364,180.902472025925,188.572351045356,60
"3303",2033,187.635328367697,183.480380953932,192.541987225857,60
"3303",2034,190.957872976028,186.320942237287,196.871671718022,60
"3303",2035,194.814334014609,189.641184819864,201.934630309997,60
"3303",2036,198.932089263752,193.048332077954,207.348950116667,60
"3303",2037,203.120884418989,196.521009069069,212.850104604541,60
"3303",2038,207.564682452376,200.214529745025,218.700147478704,60
"3303",2039,212.079222014179,203.971951873594,224.6406356932,60
"3303",2040,216.891505275425,207.984872668528,230.996831238588,60
"3303",2041,221.939712387375,212.199968574126,237.684980615743,60
"3303",2042,226.976270934224,216.390615525763,244.350105250711,60
"3303",2043,232.290567977964,220.807695650805,251.407864045246,60
"3303",2044,237.503208511435,225.142461700797,258.316275391479,60
"3303",2045,243.247548111922,229.867104568678,265.991385552342,60
"3303",2046,249.349366282145,234.688101751046,274.184662617472,60
"3303",2047,256.201879585811,240.038618108346,283.479928386113,60
"3303",2048,262.667994112348,245.118964874114,292.211061728068,60
"3303",2049,269.448002061263,250.420711878144,301.40625158903,60
"3303",2050,276.826327745743,256.140605659694,311.490443827105,60
"3305",2026,152.265688679351,152.01332901174,154.19026596265,60
"3305",2027,152.698525835703,152.27214718264,155.412263073682,60
"3305",2028,153.380920485809,152.776679580608,156.936852150595,60
"3305",2029,154.277785084239,153.475680760561,158.721464513251,60
"3305",2030,155.382733875916,154.304527054457,160.758720232713,60
"3305",2031,156.712452888482,155.296972668147,163.069735446156,60
"3305",2032,158.341092867688,156.517200562831,165.781018073668,60
"3305",2033,160.098592184821,157.839640124415,168.716908948508,60
"3305",2034,162.23279818109,159.445085080446,172.159489518465,60
"3305",2035,164.544235298504,161.187225145817,175.838340046272,60
"3305",2036,167.096826760764,163.111711341836,179.841981064222,60
"3305",2037,169.928685104779,165.244392108448,184.224991617754,60
"3305",2038,172.693582530101,167.334185198391,188.512217455654,60
"3305",2039,175.692048545492,169.59589301296,193.119407024645,60
"3305",2040,178.990476183526,172.076181343648,198.139951805555,60
"3305",2041,182.494877920933,174.705775673155,203.446222711859,60
"3305",2042,185.858697133152,177.239084582843,208.554741050343,60
"3305",2043,189.27046213794,179.810877639725,213.726888987743,60
"3305",2044,192.740187420506,182.425763548681,218.979089763171,60
"3305",2045,196.824882920971,185.478501983132,225.090565946572,60
"3305",2046,201.173589265771,188.717528369545,231.574607942489,60
"3305",2047,205.378046710688,191.855572411504,237.857424948479,60
"3305",2048,209.456513245718,194.908483106441,243.960816232884,60
"3305",2049,214.003779537228,198.288931806065,250.728239962476,60
"3305",2050,218.888972424193,201.903506663689,257.977825672792,60
"3310",2026,36.3046338709301,36.2351601763785,37.0618846518392,60
"3310",2027,36.533143586374,36.4249071361946,37.6003256041509,60
"3310",2028,36.834460620502,36.6770542457464,38.2289556680059,60
"3310",2029,37.1944950862072,36.9786123855107,38.9300388549707,60
"3310",2030,37.6561439772382,37.3607016706393,39.7588129992255,60
"3310",2031,38.242687335855,37.8393266022302,40.7454104135621,60
"3310",2032,38.8937766896377,38.3706450453805,41.8127210830657,60
"3310",2033,39.5851551677751,38.937496343223,42.929562085216,60
"3310",2034,40.4078092098053,39.6074331182402,44.2131436808618,60
"3310",2035,41.3311536603017,40.3582108783492,45.6240011520367,60
"3310",2036,42.3298118082741,41.1694303233579,47.1297895178428,60
"3310",2037,43.4290568681402,42.0596207213411,48.7629973379626,60
"3310",2038,44.7455975737024,43.111549441177,50.6746976493959,60
"3310",2039,46.0565941057135,44.1643697869471,52.5776578563663,60
"3310",2040,47.4730042807741,45.2975708897991,54.6151788037842,60
"3310",2041,48.9521063283694,46.4806284672341,56.7382351152965,60
"3310",2042,50.4062218165608,47.6497209633506,58.8853573857412,60
"3310",2043,52.0945146032449,48.9872595036732,61.3688020658522,60
"3310",2044,53.7847026514282,50.3285496692902,63.8534876707533,60
"3310",2045,55.6493297412791,51.7933212633894,66.5918186201456,60
"3310",2046,57.533420152788,53.2714990930778,69.3599638970777,60
"3310",2047,59.4317350979611,54.7617392929088,72.1476726415656,60
"3310",2048,61.452397558915,56.3353798735967,75.1176411373744,60
"3310",2049,63.5573944713615,57.9666293731245,78.2137578447861,60
"3310",2050,65.9092641572082,59.7642608177277,81.6800610485149,60
"3312",2026,145.630071493471,145.47839729587,146.046395397673,60
"3312",2027,146.278716551271,146.012801104684,146.882586209702,60
"3312",2028,147.114952994011,146.70330754548,147.92696102755,60
"3312",2029,148.209366152363,147.605772301409,149.284068194899,60
"3312",2030,149.629583778527,148.768539915475,151.101724516326,60
"3312",2031,151.260950500773,150.105456336209,153.186294825014,60
"3312",2032,153.180181513424,151.670723862568,155.643935393048,60
"3312",2033,155.194073308387,153.32174240236,158.21074883811,60
"3312",2034,157.47245384289,155.183730469828,161.150850994973,60
"3312",2035,160.169871065443,157.368016209059,164.670416044151,60
"3312",2036,162.826323685924,159.538310608496,168.10823966487,60
"3312",2037,165.992055279587,162.09425748399,172.257403232226,60
"3312",2038,169.126198015784,164.640859696867,176.207467963511,60
"3312",2039,172.503276566969,167.376322095753,180.451883590962,60
"3312",2040,176.12911538246,170.304440571152,185.009933039846,60
"3312",2041,179.811240450315,173.284417255353,189.642108348514,60
"3312",2042,184.005609051464,176.645675996459,194.944053822831,60
"3312",2043,188.437871220376,180.185889212684,200.706721909609,60
"3312",2044,193.09420674237,183.923831895421,206.803065296368,60
"3312",2045,198.170051350613,187.97688004292,213.500507027036,60
"3312",2046,203.269848381208,192.050528075704,220.231707753608,60
"3312",2047,208.674435260648,196.348625624495,227.406906398911,60
"3312",2048,214.619641518362,201.040357421735,235.37646181493,60
"3312",2049,220.983892737038,206.031573081125,243.975382124326,60
"3312",2050,227.688391090312,211.265080336973,253.090141594467,60
"3314",2026,116.013599975753,115.832631839752,118.526003541003,60
"3314",2027,116.321344541768,116.043771637073,119.837860970221,60
"3314",2028,116.768543417494,116.376809364196,121.318053309839,60
"3314",2029,117.409384631439,116.864619669357,123.031363600951,60
"3314",2030,118.21059255744,117.489561121761,124.938157363409,60
"3314",2031,119.243806803429,118.302710920985,127.124162606126,60
"3314",2032,120.532090595055,119.318742180324,129.746966476194,60
"3314",2033,121.957865578709,120.451170046539,132.607419246383,60
"3314",2034,123.464442242356,121.66355024644,135.57191993164,60
"3314",2035,125.223828467958,123.179606130304,138.910189878027,60
"3314",2036,127.216225583734,124.900839743155,142.592199766273,60
"3314",2037,129.573624854896,126.950972315443,146.829022120414,60
"3314",2038,131.943332342298,128.975208181778,151.069706306022,60
"3314",2039,134.329140173083,130.979059247176,155.323380503298,60
"3314",2040,137.035105714096,133.24351266112,160.066988089633,60
"3314",2041,139.92322214602,135.658058572138,165.086882191943,60
"3314",2042,143.121548596663,138.322162467649,170.588707287023,60
"3314",2043,146.216877147026,140.910150883153,175.919516618812,60
"3314",2044,149.413142059352,143.584066210971,181.398851691776,60
"3314",2045,153.114750935192,146.656192938075,187.680449366327,60
"3314",2046,157.055989421598,149.919133122382,194.340596866756,60
"3314",2047,161.359600766482,153.465013716236,201.584171786554,60
"3314",2048,165.310524937951,156.738663783002,208.258578572996,60
"3314",2049,169.49825853898,160.196346995599,215.316764224639,60
"3314",2050,174.512576088572,164.294649696906,223.715598303355,60
"3316",2026,83.328314518764,83.0134906953893,84.7433279379594,60
"3316",2027,83.6445082891587,83.2116881104732,85.6165039559466,60
"3316",2028,84.141811654079,83.5891803755523,86.6941577645851,60
"3316",2029,84.7712571208402,84.0851757002998,87.9214149196254,60
"3316",2030,85.4953606639105,84.6721623349555,89.256155369485,60
"3316",2031,86.4988747179623,85.5273567340922,90.9050829669256,60
"3316",2032,87.6274053517417,86.5026092296859,92.6951341048232,60
"3316",2033,88.9383534711043,87.6529768790513,94.7525491456716,60
"3316",2034,90.2511128414174,88.7971314106228,96.8195559662362,60
"3316",2035,91.9367784590519,90.2542094154169,99.3488364005535,60
"3316",2036,93.4539508753192,91.5630447245825,101.666524790543,60
"3316",2037,95.5810434866747,93.4168316822999,104.744562399459,60
"3316",2038,97.4567806198739,95.0483361295146,107.514005579622,60
"3316",2039,99.5180143123584,96.8457584880387,110.531858907143,60
"3316",2040,101.895104160774,98.92527105752,113.953642162628,60
"3316",2041,103.96809448929,100.735530722837,116.984254039297,60
"3316",2042,106.461659733262,102.91996232939,120.555240313567,60
"3316",2043,108.742707177379,104.925646934553,123.851079217741,60
"3316",2044,111.217488944631,107.132208856397,127.395886301283,60
"3316",2045,114.201119973384,109.803263836116,131.748512386783,60
"3316",2046,116.819287286807,112.155803683685,135.607161244867,60
"3316",2047,119.592057656107,114.678329462081,139.68680330205,60
"3316",2048,122.486019753158,117.269508511878,143.942289860166,60
"3316",2049,125.044082204585,119.506241843755,147.760155129752,60
"3316",2050,128.613198587863,122.601616481472,153.128259268976,60
"3318",2026,16.8677765391513,16.7175647261927,16.9774622064674,60
"3318",2027,16.8400307233833,16.6310466011448,16.9948436739387,60
"3318",2028,16.8866603181021,16.6094228355258,17.1100755924291,60
"3318",2029,16.9596675179471,16.6101927496598,17.2666925523519,60
"3318",2030,17.0283137338554,16.6063707609515,17.4109144863758,60
"3318",2031,17.1319790503681,16.6319529964362,17.601292588004,60
"3318",2032,17.2773859743985,16.6802835344882,17.8473031443399,60
"3318",2033,17.4450553067601,16.7448656913244,18.1233683086879,60
"3318",2034,17.6790863774649,16.8565989494978,18.491693498049,60
"3318",2035,18.0807596576066,17.086311561854,19.093276111853,60
"3318",2036,18.1713612532168,17.0982288518169,19.2597697975622,60
"3318",2037,18.5019243139248,17.306989474797,19.7603587750872,60
"3318",2038,18.8944770359879,17.5744204325079,20.3493274289835,60
"3318",2039,19.2750573968348,17.8306176946652,20.9226783645905,60
"3318",2040,19.7610074315281,18.1775340610832,21.6445903076714,60
"3318",2041,20.1631533376449,18.452394621083,22.2481676502516,60
"3318",2042,20.4919848035166,18.6642465350285,22.7473562596477,60
"3318",2043,20.8196317363479,18.8751802277002,23.243664050312,60
"3318",2044,21.3742862965121,19.2810865935517,24.0691163084183,60
"3318",2045,21.7783988425261,19.5576669337589,24.6920974787801,60
"3318",2046,22.1980737973731,19.8476803027328,25.3382212479626,60
"3318",2047,22.704878937437,20.2123356889876,26.123115209031,60
"3318",2048,23.0439243131469,20.4329299110627,26.6478757085805,60
"3318",2049,23.5958770468802,20.8362067829713,27.5065114600817,60
"3318",2050,23.9848535722763,21.0997415283047,28.1080655313113,60
"3320",2026,12.1237897459465,12.0098116930565,12.1794158923157,60
"3320",2027,12.1927729842964,12.0354359053696,12.273897425001,60
"3320",2028,12.3013233861986,12.1006958414658,12.4193099423391,60
"3320",2029,12.4539970305675,12.2102454586156,12.6173053164978,60
"3320",2030,12.5486810421787,12.2598591465293,12.739915041416,60
"3320",2031,12.6129983650677,12.2776110731254,12.8228720779276,60
"3320",2032,12.7541967823021,12.3734709667455,13.0012867988367,60
"3320",2033,13.0227249528542,12.5989518236595,13.3383370748239,60
"3320",2034,13.2063808282005,12.7370424181917,13.5677517531657,60
"3320",2035,13.472787553239,12.9590842102371,13.8997408950548,60
"3320",2036,13.7251557490078,13.1666067464901,14.2138118078335,60
"3320",2037,14.1099363922028,13.5091596848891,14.6945067072951,60
"3320",2038,14.5520914207044,13.9004841883717,15.2614625293217,60
"3320",2039,14.8672434925859,14.1631294819396,15.6634085605946,60
"3320",2040,15.2648379215899,14.4783635400298,16.1800566229144,60
"3320",2041,15.8686165749018,14.9451528037108,16.9931719378669,60
"3320",2042,16.1145714287997,15.1446936574708,17.2893208384681,60
"3320",2043,16.8992678582997,15.7468132475904,18.3884735607289,60
"3320",2044,17.2618615425634,16.0345353683629,18.8550011173809,60
"3320",2045,17.8475655372973,16.4881671361007,19.6601619386116,60
"3320",2046,18.2454002245865,16.7999064418382,20.1856554972074,60
"3320",2047,18.7854845156082,17.2004128270606,20.9253158324583,60
"3320",2048,19.421361848527,17.6571757658543,21.8105188506938,60
"3320",2049,20.1742524557945,18.228903144945,22.8824201414456,60
"3320",2050,20.963489885406,18.8618591483482,24.0062904483398,60
"3322",2026,32.9339323841638,32.7016868174453,33.0303260381285,60
"3322",2027,32.9433005463003,32.6229306369277,33.0856356847274,60
"3322",2028,33.0518372228312,32.6406433231644,33.2723961389337,60
"3322",2029,33.2189706210021,32.7154802564437,33.5376337259021,60
"3322",2030,33.4065686174432,32.8101655491392,33.8302836440971,60
"3322",2031,33.6831556724975,32.9675182577956,34.2427471627521,60
"3322",2032,34.0833279482631,33.2160252268817,34.8243983896324,60
"3322",2033,34.6565493081563,33.5998402928583,35.6461977306864,60
"3322",2034,35.2395592859717,33.9826750806994,36.4934366514806,60
"3322",2035,35.77356557783,34.328525485153,37.2838089084175,60
"3322",2036,36.3719835065089,34.7222966089283,38.1740171083489,60
"3322",2037,37.346110954527,35.3841175276649,39.623493370269,60
"3322",2038,38.2278460729055,35.9684726266873,40.9441213239651,60
"3322",2039,38.9525648118355,36.4385516336928,42.0335990062181,60
"3322",2040,39.8082287032476,36.9960991833609,43.3236266396399,60
"3322",2041,40.6789050047701,37.559896732986,44.6462986290931,60
"3322",2042,42.0550388247479,38.4731322596085,46.7529786134946,60
"3322",2043,42.9022517536067,39.0185823318781,48.0420729403624,60
"3322",2044,43.6966903789609,39.5229754414793,49.2579015273365,60
"3322",2045,44.5991182091189,40.1010503147748,50.641849231282,60
"3322",2046,45.5140181272586,40.6869056290371,52.0474575909421,60
"3322",2047,46.5556405666715,41.356137709802,53.657302383815,60
"3322",2048,47.2381662942544,41.7761084454536,54.7173143377121,60
"3322",2049,48.1267429127804,42.3388671970292,56.0955473101185,60
"3322",2050,48.9543893283866,42.8563464783582,57.3864613147207,60
"3324",2026,21.6894009636794,21.6600504800962,22.216161247175,60
"3324",2027,21.6180889509131,21.5729494100025,22.3515253949389,60
"3324",2028,21.5571576987781,21.4954150734426,22.4996271985522,60
"3324",2029,21.55529231063,21.4701668457273,22.7183712481055,60
"3324",2030,21.5415016654054,21.4317896318625,22.9233799885624,60
"3324",2031,21.5869815126736,21.4415547715484,23.1991169369486,60
"3324",2032,21.6930294591506,21.5006395876519,23.5471774176389,60
"3324",2033,21.769775296764,21.5368249964668,23.8608004522386,60
"3324",2034,21.9499623385094,21.655921052585,24.2973584109892,60
"3324",2035,22.1134444125784,21.7623569534009,24.7145134019826,60
"3324",2036,22.3336870233655,21.9139183900451,25.1990589418191,60
"3324",2037,22.5301395620505,22.047335128396,25.6558277180046,60
"3324",2038,22.7989971860495,22.2378790075338,26.1983957626611,60
"3324",2039,23.0567941815827,22.4197954948818,26.727997632141,60
"3324",2040,23.3298131753242,22.6136575241897,27.2866365215825,60
"3324",2041,23.6144305000203,22.8165329480053,27.8635236114686,60
"3324",2042,24.0014491877785,23.0995861321138,28.5968456632442,60
"3324",2043,24.3722678981202,23.3690286439035,29.3382182772708,60
"3324",2044,24.8333066666406,23.708559483315,30.215543769585,60
"3324",2045,25.1497710392287,23.9356987332308,30.8757643963462,60
"3324",2046,25.7151354217884,24.3552342744024,31.9123203258546,60
"3324",2047,26.2194239277554,24.7267344124793,32.8582064583728,60
"3324",2048,26.6738985971921,25.0591446520915,33.7298495481717,60
"3324",2049,27.4601172528304,25.6446661258145,35.1093992874915,60
"3324",2050,27.7458624113114,25.84712924721,35.7250752813943,60
"3326",2026,11.340311701618,11.3251726767603,11.411201384899,60
"3326",2027,11.5075559171043,11.4833438072126,11.6094702967159,60
"3326",2028,11.70075459491,11.6663053854634,11.8373466246866,60
"3326",2029,11.9073466375219,11.8623494060569,12.0795075028542,60
"3326",2030,12.17178059221,12.1086914851922,12.3902244937186,60
"3326",2031,12.4231493859287,12.3430851864175,12.6836068862862,60
"3326",2032,12.7259774135071,12.6191234911872,13.0380389708135,60
"3326",2033,13.0676684881929,12.9273589519951,13.4389069147164,60
"3326",2034,13.3804466117475,13.2149943612647,13.8056861394733,60
"3326",2035,13.7963439198717,13.5837117036871,14.3053667610302,60
"3326",2036,14.1655757141005,13.9179565362524,14.7426287957131,60
"3326",2037,14.603592167765,14.3069528762348,15.2679218582713,60
"3326",2038,15.1315363499898,14.7658656180673,15.9105798522027,60
"3326",2039,15.6111207814682,15.1895972322178,16.4875132559089,60
"3326",2040,16.1181784148894,15.6353300779769,17.0998296506622,60
"3326",2041,16.5580803059284,16.0311014014506,17.6271808992491,60
"3326",2042,17.0808489202686,16.4906784836548,18.2726786702239,60
"3326",2043,17.7069793675739,17.0300700921625,19.0655705315516,60
"3326",2044,18.3716980356513,17.5989753134092,19.9146140764847,60
"3326",2045,19.0408372227358,18.1714490835484,20.770329590205,60
"3326",2046,19.6826090724214,18.7235857261515,21.5859138491419,60
"3326",2047,20.4122425418219,19.3416644332961,22.5292516711661,60
"3326",2048,21.1740841890591,19.9752541319852,23.5212402807731,60
"3326",2049,22.056932825224,20.6941665870048,24.6952558093475,60
"3326",2050,23.1469613694905,21.5595535159549,26.1814362927064,60
"3328",2026,25.7791574022616,25.6854441916975,26.0383642279995,60
"3328",2027,26.1080026461403,25.9726512927922,26.4720638721812,60
"3328",2028,26.5501617113737,26.3700986506796,27.0581428701559,60
"3328",2029,26.968335163018,26.7466114958602,27.625204505787,60
"3328",2030,27.4609940454453,27.1949770393043,28.2995704674623,60
"3328",2031,28.0203323000114,27.7076415395953,29.0720703939096,60
"3328",2032,28.6265541318305,28.2655262203328,29.913206169742,60
"3328",2033,29.355131186465,28.9414074743545,30.9344586841002,60
"3328",2034,30.1645744005146,29.6834274874407,32.0486581960283,60
"3328",2035,30.9220883549168,30.3495664997524,33.0823112975867,60
"3328",2036,31.9106228112403,31.1762610080249,34.435750791565,60
"3328",2037,32.7145270136551,31.8599388264892,35.538648147217,60
"3328",2038,33.818578925724,32.7699205113351,37.0605860083816,60
"3328",2039,34.8964588148438,33.6563993688917,38.5521072411451,60
"3328",2040,35.7639106709818,34.3836354112196,39.7508458852757,60
"3328",2041,37.1842789919227,35.5222081003191,41.7319981321585,60
"3328",2042,38.2452376097436,36.3890745560916,43.2115239045386,60
"3328",2043,39.5209767668539,37.4139584187285,44.9988045183436,60
"3328",2044,40.7137416858059,38.3725180919214,46.70116092356,60
"3328",2045,41.7627463783629,39.2232394519715,48.1971725030557,60
"3328",2046,43.2069166809759,40.3285229988402,50.2906927900406,60
"3328",2047,44.0909579489849,41.0365064158137,51.5511270569356,60
"3328",2048,45.3606120036513,41.9908730485655,53.3942539525003,60
"3328",2049,46.6585981043151,42.9547802219249,55.2913596897106,60
"3328",2050,47.3322673323809,43.5189309623704,56.2448604427484,60
"3330",2026,32.4597696337162,32.3802794570539,32.6919955726373,60
"3330",2027,32.3244122212766,32.2155275379576,32.6568408416364,60
"3330",2028,32.2228585550873,32.0845939400559,32.6622719356929,60
"3330",2029,32.211016263719,32.0364191639644,32.7863155192131,60
"3330",2030,32.2849442204047,32.0636779024659,33.022534998962,60
"3330",2031,32.3256373398329,32.0465205125527,33.1841860634542,60
"3330",2032,32.5076422929607,32.1391607735106,33.498042010821,60
"3330",2033,32.6570721073163,32.2082024208157,33.7944200365026,60
"3330",2034,32.9709064720466,32.4074365080881,34.3254010744105,60
"3330",2035,33.3191857937899,32.6556944600694,34.9025734064237,60
"3330",2036,33.6322019685591,32.8747192455344,35.4318988234104,60
"3330",2037,34.0232694157247,33.1601014553031,36.0647977369611,60
"3330",2038,34.5220011732114,33.5360541447292,36.8427188547427,60
"3330",2039,34.9427643634522,33.8462905459044,37.5164194869579,60
"3330",2040,35.4612305713503,34.2330210429939,38.3523373425458,60
"3330",2041,35.913357160099,34.5650985088204,39.0997875849755,60
"3330",2042,36.5146442420749,35.018892928121,40.0699636297288,60
"3330",2043,37.074856136316,35.439258337543,40.9793050101402,60
"3330",2044,37.7658224192684,35.9654531762096,42.0870925220179,60
"3330",2045,38.3908371226353,36.4378067499648,43.0970647992475,60
"3330",2046,39.1099544467134,36.9862956033937,44.2504858750073,60
"3330",2047,39.8161334747582,37.5233738877164,45.3876867734469,60
"3330",2048,40.544095882115,38.0782199361159,46.55825837076,60
"3330",2049,41.3669614445862,38.7091902947702,47.8760099753362,60
"3330",2050,42.0277368525776,39.2075131654918,48.9516161853183,60
"3332",2026,30.8756556757948,30.6989466513852,30.9370250427397,60
"3332",2027,30.916632650663,30.6762838785252,31.0189011482191,60
"3332",2028,30.9057253431818,30.6006543074199,31.0406923784215,60
"3332",2029,31.0497516457984,30.6621698900598,31.2606351722891,60
"3332",2030,31.2004847161953,30.7189107188268,31.49689691824,60
"3332",2031,31.3633419972808,30.7718363733302,31.7496881287946,60
"3332",2032,31.6911392644811,30.9466673248475,32.2253597849053,60
"3332",2033,31.9169467267273,31.0590255329595,32.5641810492906,60
"3332",2034,32.2615839717183,31.2651027249532,33.0638702671077,60
"3332",2035,32.7532509268801,31.5880705975611,33.7660077702933,60
"3332",2036,33.2085960818285,31.8823573840175,34.4192294660061,60
"3332",2037,33.6833208763914,32.1918924722371,35.1004997549622,60
"3332",2038,34.1796461573601,32.5176942744185,35.8146904288697,60
"3332",2039,34.8439587545608,32.9669185249123,36.7626034450079,60
"3332",2040,35.5757518762892,33.4310814678918,37.8188105788087,60
"3332",2041,35.9680075464283,33.6599478932164,38.3944321407444,60
"3332",2042,36.9543538869943,34.2960199075245,39.8307896708072,60
"3332",2043,37.2885438188211,34.4849289163848,40.3228927426737,60
"3332",2044,38.1899405128837,35.0585022961838,41.6456642755887,60
"3332",2045,39.0999488590583,35.6395868413147,42.9825323794419,60
"3332",2046,39.6291559701189,35.9599330342785,43.767127980858,60
"3332",2047,40.134020011102,36.2630429861694,44.5165991911363,60
"3332",2048,40.8974794596292,36.7433521853473,45.651529504505,60
"3332",2049,41.86467945189,37.3662501806974,47.086139541799,60
"3332",2050,42.8044302931161,37.9663439336314,48.488345235087,60
"3334",2026,20.7697470665278,20.7426516447918,20.8311523533855,60
"3334",2027,20.7184205882383,20.6783755334617,20.8090116353437,60
"3334",2028,20.7179278626827,20.6558657696525,20.8533199573533,60
"3334",2029,20.7399041795628,20.6500894477824,20.9260041117664,60
"3334",2030,20.8447160004947,20.7071840732615,21.111173211051,60
"3334",2031,21.0249786548306,20.819363069733,21.4018956289527,60
"3334",2032,21.1627248584344,20.9044324380702,21.6279125345261,60
"3334",2033,21.3306566563688,21.0130896152392,21.8942976928831,60
"3334",2034,21.5888994502832,21.1873174755514,22.2888313873152,60
"3334",2035,21.860780773488,21.3726823606825,22.7017497524718,60
"3334",2036,22.3255667712842,21.6956178547326,23.3940737526576,60
"3334",2037,22.6093083940927,21.8929591796218,23.8200017941704,60
"3334",2038,22.8184256115728,22.0401125960098,24.1331932507077,60
"3334",2039,23.2681689889292,22.3560503321194,24.8001364698307,60
"3334",2040,23.7404358968259,22.6893959689374,25.4986529462712,60
"3334",2041,24.1194782017688,22.9582203741558,26.0587999072936,60
"3334",2042,24.4936876234247,23.2258824941704,26.6084953560915,60
"3334",2043,24.9424647985314,23.5466846465847,27.2673881947032,60
"3334",2044,25.4252995201728,23.8895675865788,27.9799931889682,60
"3334",2045,26.078756016246,24.3517222588465,28.9471391982074,60
"3334",2046,26.7236333930498,24.8058543182763,29.9059557682423,60
"3334",2047,27.1000104721508,25.0800693968095,30.4516559066785,60
"3334",2048,27.7390800932484,25.5314111525755,31.4007538512823,60
"3334",2049,28.4130869349487,26.0089747280562,32.390322796088,60
"3334",2050,29.0229771557305,26.4431854782876,33.2802315577823,60
"3336",2026,14.0129728561588,13.9797696501427,14.0179621243865,60
"3336",2027,14.0629253617504,14.0156068895611,14.0839573826471,60
"3336",2028,14.1129646488344,14.054144261947,14.1486237446688,60
"3336",2029,14.1689117629196,14.0977972545812,14.2198227713182,60
"3336",2030,14.2850336928492,14.1914027683168,14.3717003555049,60
"3336",2031,14.4580344389565,14.3180140662206,14.6012202447583,60
"3336",2032,14.6754852501064,14.4797241864412,14.8921551524572,60
"3336",2033,14.9090857156288,14.6576535111594,15.2058453820953,60
"3336",2034,15.051380254047,14.7650284672433,15.3931615472616,60
"3336",2035,15.3405834237448,14.9837309133501,15.7860465805792,60
"3336",2036,15.7192336376233,15.2683098553874,16.3087658069784,60
"3336",2037,15.9812569148213,15.4653429156209,16.66674300221,60
"3336",2038,16.3063982998437,15.7081771637905,17.117776687707,60
"3336",2039,16.591139650312,15.9208384035076,17.5113523095162,60
"3336",2040,17.053429704215,16.2626160991831,18.1628891042808,60
"3336",2041,17.361297487554,16.4880163033453,18.5911908041826,60
"3336",2042,17.7924975517494,16.7998197301458,19.2003775946999,60
"3336",2043,18.1208723165508,17.0395553891447,19.659368171072,60
"3336",2044,18.5785401747986,17.3669354185835,20.3133651680561,60
"3336",2045,18.8454657665113,17.5639445084801,20.6818891404257,60
"3336",2046,19.2606731889594,17.8613525394757,21.2745149286762,60
"3336",2047,19.9351281099941,18.3373060316681,22.2556653076429,60
"3336",2048,19.7629239551868,18.2284344523084,21.9729970741503,60
"3336",2049,20.1829115146467,18.5287675740146,22.5738558206274,60
"3336",2050,20.721631935213,18.9106322495188,23.3533648884272,60
"3338",2026,13.9633474023934,13.934526576854,14.0099081092784,60
"3338",2027,13.970982048084,13.9244627678719,14.0412149222665,60
"3338",2028,13.9744443664377,13.9105472136979,14.0690930740678,60
"3338",2029,13.9933202112557,13.907222443521,14.1178798271141,60
"3338",2030,14.0892463430287,13.9598912692562,14.2781579575776,60
"3338",2031,14.1609024031631,13.9938517573492,14.4068413061551,60
"3338",2032,14.2459333801781,14.0360165972581,14.5562313824624,60
"3338",2033,14.3794761404204,14.1114535320543,14.7773102559291,60
"3338",2034,14.4449526007413,14.1387106839561,14.9006412057091,60
"3338",2035,14.6419088462025,14.2591453957997,15.2168157507359,60
"3338",2036,14.9437576578602,14.4532594731151,15.6896113276205,60
"3338",2037,15.1042383628544,14.546314463358,15.9562014773372,60
"3338",2038,15.3106513021583,14.6700098882681,16.294365766019,60
"3338",2039,15.5701158371743,14.8307377388264,16.7128500316142,60
"3338",2040,15.8037056827104,14.9724452010048,17.0946751341757,60
"3338",2041,15.9954810116535,15.0843287733778,17.4148544762894,60
"3338",2042,16.2034593098572,15.2067703896065,17.761072050359,60
"3338",2043,16.6952248288036,15.5226378457359,18.5466387738943,60
"3338",2044,16.8892459907637,15.6337263510169,18.8754317999429,60
"3338",2045,17.0302950185238,15.7079261449132,19.1235010949161,60
"3338",2046,17.4161558929933,15.9474493360407,19.7549154803364,60
"3338",2047,17.7178558562304,16.1282956071186,20.2585738848158,60
"3338",2048,18.0839509528625,16.3534893136032,20.8624798405517,60
"3338",2049,18.5392454117498,16.6360997892484,21.6131611411054,60
"3338",2050,18.5601316184274,16.6242671665061,21.6807754081137,60
"3401",2026,101.377278693746,101.227630041502,102.408201276756,60
"3401",2027,101.733539379488,101.490878880912,103.243063984291,60
"3401",2028,102.259398376337,101.893190544226,104.323934628002,60
"3401",2029,103.009987305651,102.478174495618,105.73513253891,60
"3401",2030,103.857932967047,103.127004902329,107.290283414278,60
"3401",2031,104.852480094888,103.873239008665,109.063360671476,60
"3401",2032,105.96538597249,104.695777466419,111.01557231758,60
"3401",2033,107.339526908942,105.705092716186,113.363081602076,60
"3401",2034,108.949158719816,106.880797832258,116.071978818536,60
"3401",2035,110.604550312109,108.089175634099,118.853454890232,60
"3401",2036,112.152522211197,109.224435509036,121.468749326123,60
"3401",2037,113.955990495586,110.538116708448,124.480543308896,60
"3401",2038,115.77881948639,111.865600069913,127.524127032201,60
"3401",2039,117.911780868753,113.408270180228,131.053123075678,60
"3401",2040,119.786374882097,114.772114202371,134.18076185392,60
"3401",2041,121.633483558419,116.116368690574,137.267536223072,60
"3401",2042,123.700848531221,117.612537237978,140.701514065462,60
"3401",2043,125.740076732635,119.089243967887,144.092821416873,60
"3401",2044,127.994007289427,120.712877868915,147.825504388564,60
"3401",2045,130.303210548394,122.375076950343,151.646415297836,60
"3401",2046,132.786325220556,124.155136609624,155.747137110346,60
"3401",2047,135.307359860457,125.959798199872,159.912435094938,60
"3401",2048,138.034798901798,127.903235171042,164.412494991212,60
"3401",2049,140.574872218847,129.717911673627,168.61707165543,60
"3401",2050,143.892730140943,132.058579929642,174.075650631462,60
"3403",2026,253.913747713156,253.629510264879,254.316692371548,60
"3403",2027,255.213271428977,254.776088157153,255.864376090844,60
"3403",2028,256.917841644492,256.245215440219,257.94261997862,60
"3403",2029,259.036207864978,258.029225317206,260.569601920782,60
"3403",2030,261.642545316082,260.202366972994,263.837475917993,60
"3403",2031,264.808603927181,262.813938534989,267.851854837852,60
"3403",2032,268.17940811636,265.595119474551,272.07903913766,60
"3403",2033,272.229564039761,268.892707103445,277.212623474737,60
"3403",2034,276.341539986234,272.254646159994,282.408342521007,60
"3403",2035,281.110335346424,276.113593951081,288.489177481416,60
"3403",2036,286.362844956344,280.339073937155,295.225535852308,60
"3403",2037,291.230839445541,284.298396296629,301.414616810786,60
"3403",2038,296.984532784169,288.907433536804,308.831866109158,60
"3403",2039,302.286694911214,293.19837598327,315.608484897145,60
"3403",2040,308.199875172067,297.937502423285,323.235002974799,60
"3403",2041,314.471066404053,302.938192175809,331.363681235229,60
"3403",2042,319.929980630299,307.365673713403,338.333052977341,60
"3403",2043,326.496400802847,312.589310691352,346.868627228313,60
"3403",2044,332.349755032063,317.311528922627,354.382112247805,60
"3403",2045,339.198985569667,322.750434132069,363.305492534943,60
"3403",2046,346.584343104188,328.573179392494,372.994216095874,60
"3403",2047,353.651696182446,334.177687815061,382.220191486738,60
"3403",2048,361.234727288551,340.150809921318,392.184244752068,60
"3403",2049,368.590113738281,345.964879836272,401.821187162204,60
"3403",2050,376.868377809665,352.436475644458,412.782544337413,60
"3405",2026,149.529428055222,149.16759748717,151.002314162245,60
"3405",2027,149.621376840852,149.100490427716,151.691001079265,60
"3405",2028,149.947106004881,149.239168103161,152.654494522463,60
"3405",2029,150.325122131699,149.428262254473,153.679407723117,60
"3405",2030,151.052301843659,149.925052027293,155.201424070849,60
"3405",2031,151.906380771367,150.533543025037,156.891074922239,60
"3405",2032,152.945677675112,151.301637416319,158.827100168366,60
"3405",2033,154.327690375302,152.327383894968,161.229951275913,60
"3405",2034,155.502603524794,153.166024852192,163.336636362935,60
"3405",2035,157.236853993712,154.413795390551,166.214053955894,60
"3405",2036,158.901716035536,155.618344056034,168.987312007034,60
"3405",2037,160.709263829456,156.959841594768,171.953712094389,60
"3405",2038,162.925139655555,158.620664735033,175.490298278806,60
"3405",2039,164.954117156449,160.142003118929,178.760861009736,60
"3405",2040,167.475758991022,162.041467424595,182.723721133525,60
"3405",2041,169.718966841781,163.73051061318,186.380879982119,60
"3405",2042,172.091350356343,165.519484666919,190.235911164585,60
"3405",2043,174.793698279156,167.560084657445,194.59316585776,60
"3405",2044,177.462379145357,169.575772891592,198.899824773675,60
"3405",2045,180.568722405575,171.923035871505,203.878513133623,60
"3405",2046,183.436297772754,174.091704308205,208.489117192075,60
"3405",2047,186.439715044529,176.361624188581,213.313296142112,60
"3405",2048,189.864476806425,178.948043649589,218.792381891685,60
"3405",2049,193.181283793405,181.453255714128,224.107021520795,60
"3405",2050,196.721220232781,184.12253910491,229.777851942231,60
"3407",2026,219.267677489322,218.81046495223,219.61130755147,60
"3407",2027,219.814383685857,219.10888280774,220.398087287038,60
"3407",2028,220.53917672919,219.587771737885,221.404344113536,60
"3407",2029,221.632386950764,220.357578846786,222.883030032204,60
"3407",2030,222.97163566485,221.295673091945,224.674883125537,60
"3407",2031,224.631096422455,222.484762039212,226.880000530579,60
"3407",2032,226.643339413519,223.946531372627,229.546653160001,60
"3407",2033,228.751515895346,225.488716632923,232.331665817046,60
"3407",2034,231.312772406293,227.378080661792,235.757735258138,60
"3407",2035,233.923019671241,229.312721823643,239.251360083704,60
"3407",2036,236.840316332801,231.484929583608,243.160958314553,60
"3407",2037,240.168728744172,233.969277859486,247.637731070219,60
"3407",2038,243.271236223904,236.29312643734,251.788724415283,60
"3407",2039,246.699874954556,238.864097989689,256.391302625016,60
"3407",2040,250.413914554878,241.649655447108,261.393033353833,60
"3407",2041,254.151887583402,244.456080692638,266.425834564998,60
"3407",2042,258.124655099988,247.438967708238,271.788186052924,60
"3407",2043,262.422131654264,250.661795184608,277.613137858013,60
"3407",2044,266.825012160874,253.926686318404,283.588118671461,60
"3407",2045,271.601088541954,257.456711194414,290.098679983206,60
"3407",2046,276.275476933073,260.913929532036,296.467670364314,60
"3407",2047,281.112694862544,264.488483193295,303.070534868569,60
"3407",2048,286.201608490972,268.238493059058,310.043146403668,60
"3407",2049,291.95492298457,272.452431760163,317.987744974843,60
"3407",2050,297.619716180103,276.601022804374,325.813416933578,60
"3411",2026,251.583720796149,251.252311939073,252.530931297424,60
"3411",2027,252.336089049935,251.795400946952,253.632610989632,60
"3411",2028,253.454675223861,252.642760760438,255.095902207271,60
"3411",2029,254.795040958645,253.67696678146,256.811824380594,60
"3411",2030,256.511701520263,255.021948187866,259.182081877774,60
"3411",2031,258.500457865461,256.593665874694,261.918699718663,60
"3411",2032,261.080591459962,258.646823131419,265.448395079416,60
"3411",2033,263.94561447037,260.9347214963,269.396584027327,60
"3411",2034,267.192802823445,263.535921967614,273.905518756795,60
"3411",2035,270.507991538219,266.197871282647,278.390417573843,60
"3411",2036,274.247482599377,269.203464643076,283.28634792016,60
"3411",2037,278.498563005353,272.618087209078,289.121019987896,60
"3411",2038,282.959695450588,276.201138392649,295.25321587358,60
"3411",2039,287.542783784693,279.88070602461,301.562509335116,60
"3411",2040,292.252804026882,283.661566257161,308.054060983096,60
"3411",2041,297.17217781598,287.606568435865,314.850094842503,60
"3411",2042,302.960059869034,292.231841550982,322.902538748783,60
"3411",2043,308.661821732676,296.788752855927,330.837952532226,60
"3411",2044,314.992237862516,301.831887876133,339.700491056,60
"3411",2045,321.093002118149,306.693611176022,348.239352626463,60
"3411",2046,327.60456622687,311.870321718693,357.392913894378,60
"3411",2047,334.958969566448,317.694469982626,367.803269829256,60
"3411",2048,342.389562399544,323.568186827877,378.353723257022,60
"3411",2049,350.482739049038,329.944339682092,389.912345780222,60
"3411",2050,358.702487116622,336.408837849185,401.687885239426,60
"3412",2026,52.5554786664979,52.4586782411557,52.691429660188,60
"3412",2027,52.8969012676199,52.7375340047816,53.1205401389554,60
"3412",2028,53.3587541000273,53.1078704115123,53.710654959306,60
"3412",2029,53.889673474185,53.53252728442,54.3890037761485,60
"3412",2030,54.569698924775,54.0676496865656,55.2471907366381,60
"3412",2031,55.2581788792393,54.6123036045679,56.129974338774,60
"3412",2032,56.1289152351695,55.2897838210431,57.2626931810744,60
"3412",2033,57.0087031422441,55.9780415163644,58.4055399074561,60
"3412",2034,57.9930273289727,56.7480862250589,59.6922729293675,60
"3412",2035,59.075649242537,57.5913440684954,61.1153628780738,60
"3412",2036,60.1639245491974,58.4420057395822,62.5424015726421,60
"3412",2037,61.4691988475387,59.4499336790152,64.2769369805918,60
"3412",2038,62.689802313505,60.3985114644253,65.8898533599829,60
"3412",2039,64.0495374486347,61.4477399201618,67.7011477642673,60
"3412",2040,65.4024496214245,62.4937550957798,69.5011310508977,60
"3412",2041,66.825854427402,63.5910793069542,71.4018598336106,60
"3412",2042,68.4462458550456,64.8268109035781,73.5909801179603,60
"3412",2043,70.0493580517696,66.0509287510843,75.7555014015585,60
"3412",2044,71.3826673695732,67.0852285388594,77.5267082158516,60
"3412",2045,73.1067477253685,68.3934852985457,79.8715170851689,60
"3412",2046,74.8298308335321,69.699091056821,82.2193417394446,60
"3412",2047,76.6183658499376,71.0497724294657,84.6659649500465,60
"3412",2048,78.6358373407922,72.5584750286468,87.4552963499327,60
"3412",2049,80.4168575511983,73.9000733772363,89.8997647731629,60
"3412",2050,82.2149334631389,75.2523573172021,92.3724415584145,60
"3413",2026,156.221914982748,155.946763677878,156.414229671297,60
"3413",2027,157.030638351809,156.630351116794,157.358295274058,60
"3413",2028,158.03634905497,157.481951377827,158.546128142048,60
"3413",2029,159.335583473202,158.576062867415,160.102172778337,60
"3413",2030,160.818144920765,159.79760358823,161.883161324416,60
"3413",2031,162.702306380185,161.330715078709,164.183696108938,60
"3413",2032,164.590438878798,162.878975855218,166.475231700129,60
"3413",2033,166.907516019968,164.755357653663,169.331517957141,60
"3413",2034,169.580275895609,166.898392693185,172.659728012141,60
"3413",2035,172.353346487186,169.124300219674,176.11253302262,60
"3413",2036,175.484502393195,171.619925270906,180.043629753563,60
"3413",2037,178.544297754011,174.072584350299,183.867295984106,60
"3413",2038,182.151638635138,176.926563043138,188.438372620453,60
"3413",2039,185.965609556265,179.934939129028,193.261907768704,60
"3413",2040,190.079879279689,183.163321931159,198.557422988514,60
"3413",2041,194.185781078476,186.389850042927,203.849391426915,60
"3413",2042,198.050778961034,189.45048351486,208.792031219337,60
"3413",2043,202.52706352916,192.949319683752,214.605002146117,60
"3413",2044,207.226946755303,196.608470367975,220.739527887115,60
"3413",2045,212.089116010599,200.383116262266,227.11029386316,60
"3413",2046,217.208552789784,204.340765376564,233.857298198474,60
"3413",2047,221.814680340397,207.934610005769,239.870501282939,60
"3413",2048,227.224377453244,212.09164968441,247.058909636089,60
"3413",2049,232.939768051995,216.459179651216,254.704732314182,60
"3413",2050,238.810863920582,220.932733139828,262.588577979558,60
"3414",2026,30.4258299342138,30.3487335131017,30.4995188014293,60
"3414",2027,30.6654288644413,30.5410619359581,30.8010586810551,60
"3414",2028,30.9193993270636,30.7406819882646,31.12469744236,60
"3414",2029,31.2052095907094,30.9609918197085,31.4940920493228,60
"3414",2030,31.5316285645959,31.2099547032237,31.9218636604157,60
"3414",2031,31.907814295857,31.494253797526,32.4210537189226,60
"3414",2032,32.3589074792199,31.8320725075615,33.0274999350537,60
"3414",2033,32.7917370948479,32.1553044158819,33.6100250366571,60
"3414",2034,33.3835954559389,32.5918383214577,34.4201597799148,60
"3414",2035,33.9768729055802,33.0268873791105,35.2350801616598,60
"3414",2036,34.6229962584158,33.500534317085,36.1210000285075,60
"3414",2037,35.3043134863855,33.9968295768302,37.061447488873,60
"3414",2038,35.911803137186,34.4397436606372,37.8988895970584,60
"3414",2039,36.755990442136,35.0478686994288,39.0794885765762,60
"3414",2040,37.4533256866648,35.5514432077753,40.0515678237116,60
"3414",2041,38.3231387029616,36.1741815384593,41.27683196439,60
"3414",2042,39.1578074428673,36.7708325160992,42.4545743910419,60
"3414",2043,39.9698991274138,37.3504667344784,43.6022505992337,60
"3414",2044,40.6124587215267,37.8100873221767,44.5056530931415,60
"3414",2045,41.6606129647877,38.548665658896,46.0088096403753,60
"3414",2046,42.606688583745,39.2167388427547,47.3628241669622,60
"3414",2047,43.6832427563246,39.9708897300232,48.9173578751281,60
"3414",2048,44.4147529600457,40.4872523277932,49.9612341228291,60
"3414",2049,45.5439566037081,41.2740994407841,51.6017782738079,60
"3414",2050,46.7959686417543,42.142366743949,53.4319344992423,60
"3415",2026,63.6838203449855,63.2646374494305,63.8969677722752,60
"3415",2027,63.6771481466728,63.0927416910745,63.9822305723442,60
"3415",2028,63.7666813110803,62.9902582221178,64.1823292562627,60
"3415",2029,63.9129501338067,62.9288904172383,64.4583296133024,60
"3415",2030,64.126106703462,62.9198859528062,64.8151054887378,60
"3415",2031,64.5973377955492,63.0850858842128,65.494230226554,60
"3415",2032,65.0344158477054,63.2764049863494,66.1299983725523,60
"3415",2033,65.5897961124219,63.570978152199,66.9157523224332,60
"3415",2034,66.249329450679,63.9513900901236,67.8394369837118,60
"3415",2035,66.9786970316028,64.3913985153216,68.8870998242821,60
"3415",2036,68.0679152190078,65.1087684374673,70.4311428160946,60
"3415",2037,69.024266518776,65.7057246990258,71.7922617445646,60
"3415",2038,70.1846379188795,66.4616781436422,73.4404908519269,60
"3415",2039,71.3569207821769,67.2267844295317,75.1073183216887,60
"3415",2040,72.4446465928609,67.9254057142569,76.6579286506786,60
"3415",2041,74.1563755286635,69.1080145666742,79.0943377192744,60
"3415",2042,75.4459777572952,69.9625028001865,80.9356952237508,60
"3415",2043,76.9373881555399,70.9735123882304,83.065105517509,60
"3415",2044,78.3624527663957,71.9317664269608,85.1047372411556,60
"3415",2045,79.8639312868829,72.9482788299833,87.2671903601022,60
"3415",2046,81.7952959459363,74.2944388098367,90.0875276126526,60
"3415",2047,83.2913827507707,75.2835569468428,92.2667816485109,60
"3415",2048,85.230936758764,76.5232338792875,95.1091327252124,60
"3415",2049,87.0771977439708,77.6964444934369,97.8223569554791,60
"3415",2050,89.0848750791171,78.9753090649929,100.781514751185,60
"3416",2026,50.9795103569864,50.8756015126929,51.1209426905785,60
"3416",2027,51.4343727846847,51.2653153696027,51.6576812671878,60
"3416",2028,52.0609042074766,51.7738914674339,52.4249308962241,60
"3416",2029,52.7894459870852,52.3521604597509,53.3315938853741,60
"3416",2030,53.6792097878661,53.0398889071734,54.4597574535792,60
"3416",2031,54.5602261120689,53.8077581386723,55.5753949714252,60
"3416",2032,55.4314067157509,54.5627650040534,56.6764621632646,60
"3416",2033,56.7089996812321,55.6665322102941,58.3475575592835,60
"3416",2034,58.0998244692446,56.7643557515011,60.1886330424811,60
"3416",2035,59.5660222321763,57.9168843357229,62.13947421695,60
"3416",2036,61.0491114625772,59.0801909125205,64.1190621486421,60
"3416",2037,62.7177468774269,60.3752917050304,66.3702226307945,60
"3416",2038,64.5469274174368,61.7818227110488,68.8621097352997,60
"3416",2039,66.6929009104401,63.4080003964224,71.8289929935731,60
"3416",2040,68.6105439798479,64.8706654946826,74.4679987643391,60
"3416",2041,71.0349140364724,66.6827593045476,77.8717130015194,60
"3416",2042,73.1059030985851,68.2452604366875,80.7575656847255,60
"3416",2043,75.481136848818,70.0164113748389,84.1077102560184,60
"3416",2044,78.1182236148135,71.9626592017364,87.8679604810322,60
"3416",2045,80.6997426364757,73.865264583643,91.5579209578408,60
"3416",2046,83.6324993162082,76.0039463020242,95.7978562447663,60
"3416",2047,86.1229389999352,77.833701554743,99.3747545695409,60
"3416",2048,88.8147115193563,79.7974335726372,103.270807620202,60
"3416",2049,91.7312222942885,81.9066987583564,107.531464790759,60
"3416",2050,94.3999820920348,83.8432491069273,111.419176710151,60
"3417",2026,39.8886469582943,39.8175428902697,39.9647646286967,60
"3417",2027,40.3617707347395,40.218321762886,40.5175936205531,60
"3417",2028,40.8557585634642,40.6321494198524,41.0990343064642,60
"3417",2029,41.3810820165928,41.0675302398062,41.7229261582785,60
"3417",2030,42.0650498554564,41.6098530045545,42.5634936842026,60
"3417",2031,42.7034895951213,42.1209469197061,43.3431930278742,60
"3417",2032,43.6049246992235,42.8065431976536,44.4871160504472,60
"3417",2033,44.5711862120817,43.6038977649239,45.7250003941755,60
"3417",2034,45.4606519022198,44.3500105304475,46.8570108232002,60
"3417",2035,46.5900361497674,45.3017552870904,48.3301896077818,60
"3417",2036,47.6485493840808,46.1922626708155,49.7070375774294,60
"3417",2037,49.0047580396586,47.2929144224701,51.5130677246339,60
"3417",2038,50.2983434124615,48.2966890043638,53.2355137695468,60
"3417",2039,51.2831520522737,49.0805910610439,54.5171752798533,60
"3417",2040,52.7094812317763,50.1716468640802,56.4434121498643,60
"3417",2041,53.9401879871871,51.1249427754269,58.0880168240419,60
"3417",2042,55.5731662697806,52.3543404741467,60.3288110716515,60
"3417",2043,56.6811592773048,53.2143386284964,61.8077375362301,60
"3417",2044,58.0900871504786,54.2828787983229,63.7304196197366,60
"3417",2045,59.2163896619203,55.1530613828803,65.2410549034896,60
"3417",2046,60.7390986292284,56.2945586508405,67.3427449622346,60
"3417",2047,62.3015704952278,57.4611578152444,69.508665343934,60
"3417",2048,63.7188142542331,58.525140911104,71.4707033318985,60
"3417",2049,65.0770819286212,59.5466281044158,73.3479903678475,60
"3417",2050,66.7194744395351,60.7618241599229,75.6569629699063,60
"3418",2026,76.2460927283005,75.5639047361208,76.4035547721805,60
"3418",2027,76.509857468329,75.5679172884112,76.7817828959779,60
"3418",2028,76.7858385258093,75.584209637248,77.1914079239475,60
"3418",2029,77.200853071999,75.7359754236049,77.796300626242,60
"3418",2030,77.5563784304759,75.8304239718737,78.3219717155942,60
"3418",2031,78.1975448528531,76.2031217476811,79.2488890796121,60
"3418",2032,78.984281630727,76.7186187679116,80.3878593938639,60
"3418",2033,79.6628802167777,77.1284332459102,81.3793885286046,60
"3418",2034,80.4138094591076,77.6089782132365,82.4763421200071,60
"3418",2035,81.4376453985817,78.3560666911893,83.9683654757872,60
"3418",2036,82.2140691756713,78.862625930115,85.1106524513927,60
"3418",2037,83.6972753717609,80.0596650959526,87.2785061820802,60
"3418",2038,84.8426369260681,80.9205343820459,88.9656759370634,60
"3418",2039,85.9556493721934,81.6558074421219,90.6031721979084,60
"3418",2040,87.58102630259,82.7829284751898,92.9763408783416,60
"3418",2041,88.6948747643507,83.5077010434546,94.6142870777659,60
"3418",2042,90.2475248429838,84.5716039435943,96.8878053613741,60
"3418",2043,91.820434786017,85.6493450313066,99.1975994811624,60
"3418",2044,93.3765384032636,86.7123406431246,101.489514631536,60
"3418",2045,95.4043316585214,88.1378680684063,104.474988718567,60
"3418",2046,96.8035693916657,89.0302080542647,106.550602891065,60
"3418",2047,98.888965188695,90.3166909548341,109.641306439701,60
"3418",2048,100.451244567354,91.2733731446979,111.966569238424,60
"3418",2049,102.17001103415,92.3215088879903,114.532194905637,60
"3418",2050,104.782192518323,93.9240424645264,118.427193007853,60
"3419",2026,27.5852494522534,27.5000658883849,27.6903591636621,60
"3419",2027,27.8782166950833,27.7429658775628,28.0494090044563,60
"3419",2028,28.2069354925761,28.0122959258682,28.4582977806967,60
"3419",2029,28.6576760947558,28.3702950394483,29.0394816093837,60
"3419",2030,29.0813675575078,28.7092712736935,29.5799568500992,60
"3419",2031,29.6559279890971,29.1572295692577,30.3332166843231,60
"3419",2032,30.2854489277347,29.6435748667534,31.1671462687303,60
"3419",2033,30.876644709492,30.1032151278451,31.9462280597298,60
"3419",2034,31.6048043769409,30.6592706019028,32.9242998511151,60
"3419",2035,32.3398421308025,31.2198090135693,33.9140338835455,60
"3419",2036,33.089013670047,31.7889481660847,34.9273509742969,60
"3419",2037,34.0245419546409,32.4894972706542,36.2132569955494,60
"3419",2038,35.0317017174196,33.2376762869468,37.610342538441,60
"3419",2039,35.9582415325867,33.9274100444954,38.8936072243088,60
"3419",2040,36.9397157455743,34.6544286292985,40.2610664403498,60
"3419",2041,37.7371200496639,35.254037254957,41.3547288254989,60
"3419",2042,38.7090717236762,35.9736384394439,42.7109520947472,60
"3419",2043,39.9717101199855,36.8897981607729,44.5114561380634,60
"3419",2044,40.7885898597495,37.5022558322803,45.6366435135508,60
"3419",2045,41.7154298847641,38.185401780892,46.9363004395038,60
"3419",2046,42.6817449931639,38.8972359873549,48.2933774578341,60
"3419",2047,44.0934372336795,39.9084734900912,50.3369995647516,60
"3419",2048,45.2459572119255,40.7450756270681,51.9835950718032,60
"3419",2049,46.5787778296657,41.6998483661869,53.9152219868165,60
"3419",2050,47.6207289426158,42.4548229118555,55.4053884675883,60
"3420",2026,211.450536225661,210.582163393005,211.709712038218,60
"3420",2027,211.945138971095,210.717466318804,212.386658162102,60
"3420",2028,212.829577981949,211.131370104928,213.575251284198,60
"3420",2029,213.938473555087,211.713953103788,215.055229313582,60
"3420",2030,215.375790431601,212.500763100332,216.973046902199,60
"3420",2031,216.947520242688,213.376014455566,219.066219999166,60
"3420",2032,218.856862707733,214.483775433807,221.61194284971,60
"3420",2033,221.176974211324,215.868244950251,224.717037532814,60
"3420",2034,223.750631772839,217.426966813832,228.165726914582,60
"3420",2035,226.596839099955,219.168842417051,231.989401210573,60
"3420",2036,229.275534000088,220.812703232501,235.56974875183,60
"3420",2037,232.543446714268,222.841593568843,239.974876832049,60
"3420",2038,235.962385173899,224.972118139646,244.623260754017,60
"3420",2039,239.664726477834,227.548350279713,249.676908549511,60
"3420",2040,243.254444444451,230.061890585161,254.567843867712,60
"3420",2041,246.736913980957,232.489346784778,259.304661634745,60
"3420",2042,250.647232443417,235.262723561266,264.638994786368,60
"3420",2043,255.182464294941,238.541902453416,270.858560352072,60
"3420",2044,259.140782113142,241.355894514478,276.253366419084,60
"3420",2045,263.643699308305,244.607988021159,282.437335033305,60
"3420",2046,268.260196555252,247.952256751329,288.786488718432,60
"3420",2047,273.143207611061,251.509150004787,295.531097255367,60
"3420",2048,278.113776461133,255.135306488836,302.410490111675,60
"3420",2049,283.651193537087,259.215402662635,310.124303716527,60
"3420",2050,289.738816116037,263.733468853475,318.660112091248,60
"3421",2026,58.8046839428478,58.5635838764051,58.9240539622813,60
"3421",2027,59.2434618331139,58.9213993289504,59.4638355766621,60
"3421",2028,59.6885827813115,59.2870829731626,60.018992570039,60
"3421",2029,60.2163232232156,59.698681813187,60.6921749802064,60
"3421",2030,60.9475376751758,60.2806833014653,61.6511473878451,60
"3421",2031,61.6242509529766,60.8126003610967,62.5418073711226,60
"3421",2032,62.5586090504482,61.4921772276046,63.7975461859431,60
"3421",2033,63.3121989483746,62.0290068744198,64.8061761260033,60
"3421",2034,64.426842560278,62.7995142989542,66.3304066420396,60
"3421",2035,65.5213512692018,63.5525236007287,67.8337792700996,60
"3421",2036,66.597848700632,64.3281062232934,69.3193825620274,60
"3421",2037,67.7489372690522,65.2154380893174,70.9193039909847,60
"3421",2038,68.9877708353845,66.1644070646737,72.655918658884,60
"3421",2039,70.2493800347027,67.1303132943478,74.4314312152335,60
"3421",2040,71.6715200987857,68.2256952539837,76.4487193279813,60
"3421",2041,73.0418863900589,69.2766226403211,78.3995934626122,60
"3421",2042,74.2303693306274,70.1770280780208,80.0916439746848,60
"3421",2043,75.4544540524075,71.1059142603026,81.83881905164,60
"3421",2044,77.0726871436981,72.3065193369417,84.170105224023,60
"3421",2045,79.0489482528545,73.707829518911,87.0380431781401,60
"3421",2046,80.5734515930172,74.7905396011826,89.2445623186736,60
"3421",2047,82.4604511135662,76.1207540476217,92.000163015697,60
"3421",2048,84.2453511301966,77.3790197757329,94.6075358200402,60
"3421",2049,86.1955973921297,78.7473971233652,97.4722480980021,60
"3421",2050,88.9397643075576,80.6555942623283,101.550371106488,60
"3422",2026,33.7184531151536,33.5972610449131,33.9463546724398,60
"3422",2027,34.0467321898653,33.8832727459791,34.3662443748018,60
"3422",2028,34.4310320924543,34.2289258355686,34.8483410434602,60
"3422",2029,34.8815815272807,34.6459676422933,35.4044859534844,60
"3422",2030,35.3551891424977,35.0858289346947,35.9852524050819,60
"3422",2031,35.9318986341406,35.6070303742272,36.6822729390976,60
"3422",2032,36.5960294842714,36.2021609254057,37.4781011481004,60
"3422",2033,37.2960228632907,36.8281727075926,38.3182745605617,60
"3422",2034,38.0096733612868,37.4795256051112,39.1890182237502,60
"3422",2035,38.7081828346087,38.1279580959773,40.0374469487399,60
"3422",2036,39.7469459929261,39.0593129343027,41.3204730354562,60
"3422",2037,40.6960252955458,39.9011628817443,42.4884294412074,60
"3422",2038,41.6427380028045,40.7416760080075,43.658207859779,60
"3422",2039,42.5942564460383,41.5866353219733,44.8431080098029,60
"3422",2040,43.6269367449435,42.495904460478,46.1285447081497,60
"3422",2041,44.6488624551417,43.3962739561102,47.3753102895869,60
"3422",2042,45.7193364194202,44.3358421095905,48.6831049600881,60
"3422",2043,46.9465304401343,45.4033862005905,50.1861259119723,60
"3422",2044,47.9967451681966,46.3257505988116,51.4706988074042,60
"3422",2045,48.9794513559372,47.1944572976724,52.6704330755238,60
"3422",2046,50.0137463638041,48.1051174506638,53.9352064077408,60
"3422",2047,51.2879911679469,49.2104469833069,55.5030582440271,60
"3422",2048,52.3840429522819,50.1706033235508,56.8608531401371,60
"3422",2049,53.7638085623901,51.3616694975989,58.6254442968399,60
"3422",2050,54.9702054760019,52.4114215540046,60.1511656279939,60
"3423",2026,16.4449785087913,16.4172133395442,16.5333205203953,60
"3423",2027,16.6501485893722,16.6073787058085,16.7745591423537,60
"3423",2028,16.8908435280005,16.8264630848452,17.0547981968411,60
"3423",2029,17.190507461451,17.0915478474422,17.4004338078509,60
"3423",2030,17.4533617592716,17.3315000028089,17.7053893043966,60
"3423",2031,17.7930968107698,17.6298433987487,18.102965982098,60
"3423",2032,18.2005750433364,17.9784569938726,18.5834951955915,60
"3423",2033,18.6322906208501,18.3471975606896,19.0996518294323,60
"3423",2034,19.0280778577462,18.6909037115143,19.5754725002837,60
"3423",2035,19.4350896806497,19.0438134415827,20.065462711214,60
"3423",2036,19.866513895089,19.417283511011,20.585427040329,60
"3423",2037,20.4642491690959,19.9107126426208,21.3376868313482,60
"3423",2038,21.0522675323948,20.3982835443179,22.0762473255849,60
"3423",2039,21.5927537003682,20.8531537676098,22.7462753484454,60
"3423",2040,22.2578290929216,21.3959737898347,23.5945051265422,60
"3423",2041,22.7726770595872,21.8326318694491,24.2285495238001,60
"3423",2042,23.4407192025555,22.3798505453036,25.0785316049123,60
"3423",2043,24.0309859285645,22.8696133594393,25.8211314931784,60
"3423",2044,24.7766150662205,23.4704993138959,26.7849084424881,60
"3423",2045,25.5528730818696,24.09363051459,27.7957751861304,60
"3423",2046,26.40954931562,24.7719545993446,28.9404856621168,60
"3423",2047,27.1893370620365,25.3965942180918,29.970446636184,60
"3423",2048,28.0503396811618,26.0764559444939,31.1262248902096,60
"3423",2049,28.9314018135495,26.7682047465138,32.317003493214,60
"3423",2050,29.8233218312367,27.46754736395,33.5251857146004,60
"3424",2026,9.97126922308966,9.96030412338998,10.0257727825665,60
"3424",2027,9.98770376673584,9.97077789232411,10.0707142127508,60
"3424",2028,10.0257152836391,9.99776883601416,10.1443705816572,60
"3424",2029,10.0739992330072,10.0334779456985,10.2255651133184,60
"3424",2030,10.1635475566963,10.1033290256639,10.3559236802517,60
"3424",2031,10.2204655793781,10.1464262732508,10.4472617639274,60
"3424",2032,10.411517965711,10.2964109473305,10.7034034150232,60
"3424",2033,10.5442498755765,10.3976898390345,10.8887820515139,60
"3424",2034,10.6567667485778,10.4837787825875,11.0489311110519,60
"3424",2035,10.8708966962887,10.6417371933532,11.344701097547,60
"3424",2036,11.0338372761433,10.7625668871284,11.5810049959869,60
"3424",2037,11.2770140465068,10.9418669362135,11.9295728551002,60
"3424",2038,11.5200776668877,11.1201713990812,12.2797264968235,60
"3424",2039,11.7829696690811,11.3115200625924,12.6610272578756,60
"3424",2040,11.962989384082,11.4441443286213,12.925850296144,60
"3424",2041,12.1504247925944,11.5821911303772,13.2014879787574,60
"3424",2042,12.5658199088795,11.8806276418827,13.8183791308215,60
"3424",2043,12.7905673813583,12.043736789448,14.1523326470541,60
"3424",2044,13.0441651943346,12.227008221254,14.5299956322613,60
"3424",2045,13.3602822564107,12.4537456384962,15.0028546982894,60
"3424",2046,13.5509169663707,12.5931777803823,15.2853372096489,60
"3424",2047,13.8491224353397,12.8058037683788,15.7342306713409,60
"3424",2048,14.3219026685907,13.1386728086211,16.4518618751415,60
"3424",2049,14.6186991062021,13.3496115144324,16.9007440890474,60
"3424",2050,14.8049328372345,13.484437161791,17.1793007683515,60
"3425",2026,17.0712918766153,16.8852657655235,17.1178751879117,60
"3425",2027,17.1574104611468,16.889428697579,17.2414020540035,60
"3425",2028,17.3042106061259,16.941720034559,17.4468944362124,60
"3425",2029,17.3839350655357,16.9401894262384,17.5641088281274,60
"3425",2030,17.5939104911385,17.0421979420884,17.8570202132547,60
"3425",2031,17.8041827471081,17.1441467164389,18.1519771738896,60
"3425",2032,18.1970674441789,17.3868362276573,18.7077158698071,60
"3425",2033,18.5137432005628,17.5656539793812,19.1620990285411,60
"3425",2034,18.7520188755342,17.672183039669,19.5045722500717,60
"3425",2035,18.8726416247244,17.7046578164673,19.6821717289504,60
"3425",2036,19.3210673675144,17.9376115022104,20.3276424734785,60
"3425",2037,19.8456571850919,18.2121160391025,21.0906822277829,60
"3425",2038,20.130830988965,18.3389974622381,21.5125035052366,60
"3425",2039,20.2256973783264,18.3538577803104,21.6548492590626,60
"3425",2040,20.4400534038334,18.4364719892109,21.9761104591131,60
"3425",2041,20.8207474846849,18.6203281294095,22.5374829759319,60
"3425",2042,21.11123611173,18.7461296712261,22.9731547998738,60
"3425",2043,21.5917121256824,18.986744132852,23.6852520849209,60
"3425",2044,22.1399609075932,19.2618727504114,24.5060574038415,60
"3425",2045,22.4047668593386,19.3727658463706,24.904218047428,60
"3425",2046,22.8659795455807,19.5979444793197,25.5955382747032,60
"3425",2047,22.901119307924,19.5683828639836,25.660460582578,60
"3425",2048,24.2356086725794,20.2990239110893,27.6644205185246,60
"3425",2049,24.5046394255535,20.4088746995503,28.0742106581903,60
"3425",2050,24.9461775817735,20.6122864192412,28.7532446847954,60
"3426",2026,13.0884809804106,13.0663955509431,13.1201375853798,60
"3426",2027,13.1352686486002,13.1004758323934,13.1849863429158,60
"3426",2028,13.1962802094959,13.1449393327367,13.2694869741524,60
"3426",2029,13.2995956836603,13.2196794541556,13.4134334469532,60
"3426",2030,13.4499734185165,13.3280958714018,13.623978040873,60
"3426",2031,13.6293700142526,13.4566318382688,13.8770369127879,60
"3426",2032,13.7777524967424,13.561041691909,14.0893893248961,60
"3426",2033,13.9244966088369,13.6642470783372,14.299658967555,60
"3426",2034,14.070303587503,13.7661186139773,14.5097291222831,60
"3426",2035,14.264842331939,13.9022208845146,14.7904945605648,60
"3426",2036,14.5834500051881,14.1257584143632,15.2514977020704,60
"3426",2037,14.899041998146,14.3456258875117,15.7116802063377,60
"3426",2038,15.197080794065,14.5518388061917,16.1491503214629,60
"3426",2039,15.4534596325926,14.7293373332566,16.5251997179126,60
"3426",2040,15.9793806604144,15.0922555507118,17.3047413383533,60
"3426",2041,16.2940686813404,15.3066444816473,17.7745785391491,60
"3426",2042,16.4049459868997,15.3773293069979,17.9443428609066,60
"3426",2043,16.8992103682872,15.7139446752094,18.6869201390051,60
"3426",2044,17.3124475847823,15.9909873361906,19.3151894176271,60
"3426",2045,17.8006150069116,16.3176208028031,20.0611390332825,60
"3426",2046,17.9181493911379,16.3901740128894,20.2448203496749,60
"3426",2047,18.1776330867977,16.5586868235586,20.6463829984353,60
"3426",2048,18.433396884948,16.7237438614425,21.0439342987739,60
"3426",2049,18.6070686849013,16.8292962518898,21.3222478782839,60
"3426",2050,19.2935149484233,17.2844272114398,22.3851845783805,60
"3427",2026,47.8641510123199,47.6833433103596,47.9584355435024,60
"3427",2027,47.8888949409862,47.6408485212069,48.0432496979104,60
"3427",2028,48.0381092411955,47.7157661213423,48.2926839167551,60
"3427",2029,48.2213226990552,47.7965028177241,48.5889896598809,60
"3427",2030,48.3616686986661,47.8415860692169,48.8282618876239,60
"3427",2031,48.6400239300419,47.9955304591583,49.2529691864485,60
"3427",2032,48.9955042137173,48.210144391442,49.7827879409964,60
"3427",2033,49.3877845269279,48.4533904475415,50.3638830564089,60
"3427",2034,49.9720543393029,48.8089752529973,51.2162991110237,60
"3427",2035,50.5065678244177,49.1294846259131,52.0021294507344,60
"3427",2036,51.0497888294579,49.4556234958453,52.8014911273991,60
"3427",2037,51.8607087107253,49.9668437899356,53.977145635049,60
"3427",2038,52.713710203083,50.5057336468148,55.2158212674844,60
"3427",2039,53.6964483799906,51.1304384357224,56.6446422610549,60
"3427",2040,54.7160379990796,51.7785506176447,58.1306778140887,60
"3427",2041,55.5549528831197,52.3034161211137,59.3602988572713,60
"3427",2042,56.5392676706767,52.9221302627836,60.806557293762,60
"3427",2043,57.7889135817004,53.7155229932237,62.6440736700242,60
"3427",2044,58.951683404987,54.448541443363,64.3608054226407,60
"3427",2045,60.2198808851862,55.2455125890026,66.2429107274497,60
"3427",2046,61.1233611491424,55.7959875602727,67.5973075889386,60
"3427",2047,61.9031461799361,56.2608251430698,68.7754645526182,60
"3427",2048,63.1343459342053,57.0203488152901,70.6259030861033,60
"3427",2049,63.9338276119575,57.4926732479024,71.8421765200675,60
"3427",2050,65.119739832685,58.2124701511889,73.6423900930092,60
"3428",2026,18.7302611564267,18.7264198721491,18.7740660242072,60
"3428",2027,18.6289830389593,18.6209706790871,18.6898628604263,60
"3428",2028,18.5651586647158,18.5423555539272,18.6485187758846,60
"3428",2029,18.498754008936,18.4602273162975,18.6073585587765,60
"3428",2030,18.444094374456,18.3857560593812,18.580825022295,60
"3428",2031,18.426134700907,18.3370604914416,18.5990742613123,60
"3428",2032,18.4454192069318,18.3148379544005,18.6865171713156,60
"3428",2033,18.4589380652984,18.28680542215,18.7687596999592,60
"3428",2034,18.5195401730739,18.2916777397628,18.9206149065376,60
"3428",2035,18.5453711595932,18.269555772333,19.0258617751881,60
"3428",2036,18.6201464131754,18.2823493559449,19.2026719908524,60
"3428",2037,18.6668221181541,18.2733271363298,19.3327228788213,60
"3428",2038,18.9604140627429,18.4414724416762,19.7929838034084,60
"3428",2039,18.9975162586371,18.422601194741,19.9118676221645,60
"3428",2040,19.2705083370854,18.5717806483315,20.3698753232767,60
"3428",2041,19.4026345911761,18.6189434432017,20.6351359676529,60
"3428",2042,19.7089171917741,18.7891064436081,21.1556251329438,60
"3428",2043,20.084272405566,19.0040358903945,21.7854596702723,60
"3428",2044,20.288258333046,19.0968152188373,22.1664084387792,60
"3428",2045,20.6202381365879,19.2771206354777,22.7414433039662,60
"3428",2046,20.6610106485522,19.2533914508749,22.8843973059544,60
"3428",2047,21.1545086353053,19.5420416229,23.7094522095552,60
"3428",2048,21.6636292954152,19.8362758403236,24.5693318061992,60
"3428",2049,22.0917700398025,20.0741809090921,25.3093686415287,60
"3428",2050,22.1111951149705,20.0264660588018,25.4356503299601,60
"3429",2026,12.964140038182,12.9339533796878,13.0105386832469,60
"3429",2027,13.005848960056,12.9482006705805,13.0941005016271,60
"3429",2028,13.0178005332348,12.9397986548928,13.1372171925375,60
"3429",2029,13.0840134459019,12.9704210128336,13.2582050899704,60
"3429",2030,13.2236326111606,13.0524159720153,13.4879839243366,60
"3429",2031,13.2776913396108,13.072439623234,13.5950878508921,60
"3429",2032,13.5203709744689,13.2258776037626,13.9805549907065,60
"3429",2033,13.5435109878583,13.2225012864625,14.0446268773195,60
"3429",2034,13.8038444211722,13.3857218779305,14.4625003116025,60
"3429",2035,14.1188588897092,13.5861878310808,14.9661577296211,60
"3429",2036,14.3321982458503,13.714460892176,15.3194450608209,60
"3429",2037,14.6445122055018,13.9100163283296,15.8270106963158,60
"3429",2038,14.6245274272908,13.8758270274396,15.825410103767,60
"3429",2039,14.9207064024149,14.0587776230816,16.3113376879842,60
"3429",2040,15.494867869899,14.4298557158421,17.2348873031185,60
"3429",2041,15.6981990025264,14.5468566858482,17.5828616778682,60
"3429",2042,15.9141742532106,14.6717460496799,17.9521399933522,60
"3429",2043,16.0365010577147,14.7326279594285,18.1749053403402,60
"3429",2044,16.1895385694852,14.8136971289746,18.447235879506,60
"3429",2045,16.7707691582483,15.1825846264307,19.4008258553745,60
"3429",2046,17.2417720930978,15.4751629116378,20.1854578924267,60
"3429",2047,17.5419841238417,15.6499997964081,20.7034966499194,60
"3429",2048,17.7788991074456,15.7842543669154,21.1165428526472,60
"3429",2049,17.7501183375194,15.7383109314604,21.1068652923519,60
"3429",2050,18.266891832036,16.0573265247958,21.9752951888275,60
"3430",2026,21.899660926707,21.7844536689307,21.9570454194035,60
"3430",2027,21.9200224963823,21.7628089472012,22.0196466842746,60
"3430",2028,21.9256473502517,21.7260034699279,22.0617781230666,60
"3430",2029,22.0204250726358,21.7803548326737,22.2279586543265,60
"3430",2030,22.0949781926507,21.814050699573,22.3674851974615,60
"3430",2031,22.2940772470016,21.9638685785302,22.6837513088175,60
"3430",2032,22.5049778518861,22.1399932539452,23.0196748721707,60
"3430",2033,22.6988589422602,22.2730718738796,23.3286722112536,60
"3430",2034,22.9136541809968,22.4237655081526,23.6662199529483,60
"3430",2035,23.209820828468,22.643270766329,24.1229867356746,60
"3430",2036,23.5203828182258,22.8508974436737,24.6018144645278,60
"3430",2037,24.1582489851636,23.2850467448211,25.5629702737752,60
"3430",2038,24.5217011638708,23.5237867691877,26.1262794273632,60
"3430",2039,24.7252694192982,23.6499107634448,26.4543156602443,60
"3430",2040,25.3929080602607,24.0987612894512,27.474558419714,60
"3430",2041,25.5873330124133,24.2161248782404,27.792939599561,60
"3430",2042,26.5509210659775,24.8671187933678,29.2665589542416,60
"3430",2043,26.875406521598,25.0689010651182,29.7904622737405,60
"3430",2044,27.3450831012364,25.3751056245956,30.5274070024785,60
"3430",2045,27.927867520935,25.7526544403976,31.4480054819808,60
"3430",2046,28.4415056855588,26.0842892635835,32.2613731802171,60
"3430",2047,29.2703892356679,26.626556966098,33.5680329951527,60
"3430",2048,29.6894415906703,26.8881808083529,34.2468111704913,60
"3430",2049,30.2883611034035,27.2707863147425,35.2063465263623,60
"3430",2050,30.9854723293484,27.7183095478771,36.3221640132646,60
"3431",2026,21.5901783373909,21.5694937062901,21.8224941940228,60
"3431",2027,21.4772612998817,21.4466371782,21.8054717276713,60
"3431",2028,21.4011590329455,21.3498354397568,21.8333634337038,60
"3431",2029,21.3398035830683,21.2611908241144,21.8792778301568,60
"3431",2030,21.298198349906,21.1926227591462,21.9493543717503,60
"3431",2031,21.2815142417386,21.1444309308916,22.0499696107313,60
"3431",2032,21.2958860883703,21.1215212875304,22.1887137794525,60
"3431",2033,21.3433751879316,21.1249766058768,22.3684700590047,60
"3431",2034,21.4154592688708,21.1481557873237,22.5786329341093,60
"3431",2035,21.4424324402206,21.134253932226,22.733639540415,60
"3431",2036,21.6153746198475,21.2376342925581,23.098824394147,60
"3431",2037,21.7866665408323,21.3391489647715,23.4644700868436,60
"3431",2038,21.9043989439369,21.3966898642378,23.7577887191769,60
"3431",2039,21.9363251239022,21.3854474658581,23.9322935763053,60
"3431",2040,22.2277577119171,21.5800373172958,24.47018176128,60
"3431",2041,22.4762505240601,21.7349004801898,24.9485738675123,60
"3431",2042,22.4722497455117,21.6946284915343,25.0751216465615,60
"3431",2043,22.7274876722633,21.8405510170527,25.5660409667149,60
"3431",2044,22.7965388911203,21.850486929012,25.7976660326237,60
"3431",2045,22.9327640093873,21.9098145609147,26.1226665274445,60
"3431",2046,23.1348624490882,22.0139940526413,26.5431440986222,60
"3431",2047,23.3162539792112,22.1045731059367,26.9332882301625,60
"3431",2048,23.2464772609906,22.0134085015514,26.970797151965,60
"3431",2049,23.5374251903946,22.1792045735084,27.5192127146622,60
"3431",2050,23.4711378140286,22.0896726219088,27.5624672870387,60
"3432",2026,15.8041369752223,15.7884999421514,15.8652381978209,60
"3432",2027,15.7606958081747,15.7285178711316,15.8441714103331,60
"3432",2028,15.6944053530624,15.6486979086688,15.7997529965376,60
"3432",2029,15.6612550462527,15.5926097445822,15.7960698567047,60
"3432",2030,15.6204753541933,15.5286791524389,15.7933250944197,60
"3432",2031,15.7057824697354,15.5552773394915,15.9777285006505,60
"3432",2032,15.7101797463947,15.5193533241111,16.0504790436683,60
"3432",2033,15.7454914943773,15.5041798663745,16.1708243850002,60
"3432",2034,15.8277552543073,15.5212293864837,16.3626445049661,60
"3432",2035,15.9120003793756,15.5372871687473,16.5620213125729,60
"3432",2036,16.199249825119,15.6946798918662,17.0689608849796,60
"3432",2037,16.283399952658,15.7065323228594,17.2769764720291,60
"3432",2038,16.4878650609864,15.7992736279836,17.6736299603928,60
"3432",2039,16.6244246721287,15.8444426041625,17.9682498460449,60
"3432",2040,16.7848181089012,15.9026064479481,18.3063064273886,60
"3432",2041,17.1944464785616,16.131461416452,19.0339024773256,60
"3432",2042,17.3902007044654,16.2085147406337,19.4391323538448,60
"3432",2043,17.8315622399211,16.4517965569336,20.2350581814086,60
"3432",2044,18.0093511561811,16.5112313236413,20.6240999082853,60
"3432",2045,18.223718597323,16.5949602458648,21.0729035902664,60
"3432",2046,18.5353644059835,16.7416861637818,21.6834625434776,60
"3432",2047,18.8903338681733,16.9145517739388,22.3710800893576,60
"3432",2048,18.8478831926148,16.8196355578396,22.4189580885599,60
"3432",2049,19.263428552171,17.0280037686911,23.2162315716906,60
"3432",2050,19.4987695564099,17.1137520782574,23.726001135537,60
"3433",2026,17.1522811729227,17.1262775720387,17.290316973589,60
"3433",2027,17.236684377557,17.1936869337742,17.4329144941226,60
"3433",2028,17.3434798455088,17.2773149457485,17.6027615191771,60
"3433",2029,17.4952823581332,17.3957639167557,17.8383218447605,60
"3433",2030,17.6502309093978,17.5150213532447,18.0801973449236,60
"3433",2031,17.8438903471018,17.6634659655294,18.3750677579493,60
"3433",2032,18.0906002476226,17.8527169622957,18.7423960159553,60
"3433",2033,18.3191414944629,18.0258478568533,19.0890910238137,60
"3433",2034,18.5790263307934,18.2219638406081,19.4584428963998,60
"3433",2035,18.7933847808146,18.3806893763144,19.7730600120218,60
"3433",2036,19.2058259396345,18.6925071302253,20.3405539708972,60
"3433",2037,19.6265750083357,19.0053317435843,20.9971389876299,60
"3433",2038,19.8302575745147,19.1450682189146,21.331043767573,60
"3433",2039,20.008507124328,19.2633055535645,21.6324541196645,60
"3433",2040,20.3040177103876,19.4626428309122,22.1133492382791,60
"3433",2041,20.6716119524852,19.7095230986308,22.7091168374173,60
"3433",2042,21.3969709813813,20.199305756727,23.8639100633261,60
"3433",2043,21.4725511159893,20.2399879020806,24.0188254738264,60
"3433",2044,21.4155038693935,20.1892494712209,23.9686063941767,60
"3433",2045,21.9581317798121,20.5447960066831,24.8550845683736,60
"3433",2046,22.3577880020006,20.7989315196829,25.5261349594354,60
"3433",2047,22.863140276959,21.1214586507067,26.3692019958036,60
"3433",2048,23.0680735861275,21.241466817539,26.7401158852136,60
"3433",2049,23.4444707448918,21.4717018269199,27.3905142080639,60
"3433",2050,23.9507009414948,21.7891484344901,28.2474134826476,60
"3434",2026,27.9974319508186,27.78733082836,28.073501758489,60
"3434",2027,28.0499193143796,27.755996241843,28.1798501178368,60
"3434",2028,28.0826316361307,27.7057458287472,28.263271901602,60
"3434",2029,28.1783753888218,27.7115879359618,28.4365558522241,60
"3434",2030,28.4154380541298,27.8241581368317,28.8066224557182,60
"3434",2031,28.6625132473783,27.9042185102049,29.1977529115849,60
"3434",2032,28.9893010449054,28.0319903941821,29.7049070440996,60
"3434",2033,29.1969103539546,28.0794163158861,30.0517750567211,60
"3434",2034,29.7027369809798,28.3094211380606,30.8324409884182,60
"3434",2035,30.1883431581616,28.5231934898401,31.594355322435,60
"3434",2036,30.5541812054451,28.6568039151221,32.1916044993394,60
"3434",2037,31.4797667146399,29.126664417706,33.6247266636539,60
"3434",2038,31.7469094199175,29.1889994150437,34.0939157984505,60
"3434",2039,32.530062825393,29.5600110144899,35.339878294922,60
"3434",2040,33.3190472627397,29.9248724360064,36.6126776558179,60
"3434",2041,34.1298349240658,30.2990389856987,37.9277695908676,60
"3434",2042,34.8010401704311,30.5819174564058,39.0449917774194,60
"3434",2043,35.6632148525924,30.9668098464578,40.4746788725516,60
"3434",2044,36.2008778428098,31.1607763405418,41.4052119509132,60
"3434",2045,36.9112316112599,31.4682100137207,42.6209982286335,60
"3434",2046,38.3672388076436,32.2948893238954,45.0285537475295,60
"3434",2047,38.4259918749763,32.1834668442005,45.2351608947776,60
"3434",2048,38.8705097543483,32.3236475732889,46.06954090732,60
"3434",2049,39.0086686139236,32.2592777074368,46.4173459498035,60
"3434",2050,39.9498552558667,32.7229786799268,48.0613965309391,60
"3435",2026,35.9123622892259,35.6433195945024,36.0117177305242,60
"3435",2027,35.9100157374375,35.533354660747,36.0648013750208,60
"3435",2028,36.0271215043802,35.5242217701963,36.2791179361761,60
"3435",2029,36.0666036507338,35.4477322694821,36.3966225634247,60
"3435",2030,36.2302949725214,35.480430527622,36.6827173943841,60
"3435",2031,36.3543991725834,35.4975360905905,36.9221012852966,60
"3435",2032,36.5422898914124,35.579609974567,37.250014782708,60
"3435",2033,36.7374579475274,35.670213738521,37.5919490381059,60
"3435",2034,36.9533079971946,35.7831101038701,37.9668861285025,60
"3435",2035,37.4042750260028,36.1336540723745,38.6623888478914,60
"3435",2036,37.5525444935418,36.1692583647684,38.9533018681255,60
"3435",2037,37.8739184891041,36.3591493478108,39.4823457543412,60
"3435",2038,38.3187363813736,36.6594595898094,40.1874751165673,60
"3435",2039,38.6216252652241,36.832082181542,40.6996986641798,60
"3435",2040,39.0713652459422,37.1337895385086,41.4211382559758,60
"3435",2041,39.3369163012433,37.26998285039,41.89376608778,60
"3435",2042,39.8491163017558,37.5726344420383,42.7101767088837,60
"3435",2043,40.2284927133677,37.7554287170233,43.3541100847142,60
"3435",2044,40.5802790324106,37.9131086356123,43.9660633649577,60
"3435",2045,41.2058344300277,38.2608318749479,44.9740990396586,60
"3435",2046,41.5744826693301,38.4236053856188,45.6213787806346,60
"3435",2047,42.3342280962908,38.8580225749429,46.8363450940918,60
"3435",2048,42.4795400043496,38.8574251724179,47.1732784351374,60
"3435",2049,42.9585485228827,39.0878118842736,47.9962581572593,60
"3435",2050,43.8316966734346,39.5929544645114,49.3921832110431,60
"3436",2026,35.2144750391865,35.1355410127122,35.6359748252854,60
"3436",2027,35.3774458661025,35.2410284711195,35.9805643894796,60
"3436",2028,35.5506355453234,35.3516887918171,36.3392422294362,60
"3436",2029,35.8561784113581,35.5580813517588,36.8661096679946,60
"3436",2030,36.1699313908495,35.768186741529,37.4049545506844,60
"3436",2031,36.5221227244113,36.0035788191805,37.9941806719756,60
"3436",2032,37.0057671750712,36.3313260596781,38.751968854277,60
"3436",2033,37.4944178719857,36.6590584031573,39.5186807632155,60
"3436",2034,38.0189702309122,37.0101277032702,40.3329048257267,60
"3436",2035,38.6157049261056,37.4094621518056,41.2416388129095,60
"3436",2036,39.1921131383632,37.7915329668767,42.1264374147142,60
"3436",2037,39.9366222332136,38.2877219389192,43.230256309759,60
"3436",2038,40.4963959544891,38.6514270094629,44.0984118029891,60
"3436",2039,41.3137769448302,39.1928946715876,45.3190815935847,60
"3436",2040,41.8587481129191,39.5396792683176,46.2081900203421,60
"3436",2041,42.5837651071513,40.0097085651476,47.3604274449996,60
"3436",2042,43.4649968315227,40.5843540322054,48.7450181791344,60
"3436",2043,44.0057022723332,40.9200067084132,49.6399358153393,60
"3436",2044,44.8663513842799,41.4741522080229,51.0046798577394,60
"3436",2045,45.7851751941877,42.0646898489366,52.4605489669515,60
"3436",2046,46.6560971711497,42.619109819954,53.8516687777724,60
"3436",2047,47.386153597372,43.0745976990992,55.0396998648888,60
"3436",2048,48.4399570775526,43.744873995314,56.7147208369189,60
"3436",2049,49.3285737992191,44.3015945251779,58.1480314632813,60
"3436",2050,50.6611058852948,45.1519671456225,60.2526819646206,60
"3437",2026,59.9606541657589,59.7328192688527,60.0756137683646,60
"3437",2027,59.9550658327302,59.6420575357977,60.12543080796,60
"3437",2028,60.1470086271779,59.7394560625359,60.4482404257563,60
"3437",2029,60.3927963227302,59.8393414608814,60.8512310570054,60
"3437",2030,60.7568915094298,60.0106057058372,61.422289506922,60
"3437",2031,61.2646968438743,60.2585326265422,62.2017762717176,60
"3437",2032,61.6215381216411,60.4041138817536,62.7751797452975,60
"3437",2033,62.3223409877056,60.7694441822871,63.8405507996057,60
"3437",2034,62.9476386673917,61.0798882907735,64.8083774777378,60
"3437",2035,63.9040489792847,61.5973121729302,66.25992223194,60
"3437",2036,64.8306579326483,62.1846195270531,67.6769835239457,60
"3437",2037,65.7386105701679,62.760745255326,69.0820873771451,60
"3437",2038,66.5716815068404,63.277873868565,70.3852497357829,60
"3437",2039,67.7774718752533,64.0982428822091,72.2488721624096,60
"3437",2040,69.3724134264816,65.1136985559679,74.6989978935833,60
"3437",2041,70.3382236653276,65.6632715292952,76.2353425946007,60
"3437",2042,71.3712637219152,66.2516999547715,77.884887782999,60
"3437",2043,72.577209692416,66.9549116809289,79.7996712410159,60
"3437",2044,73.9449401332663,67.7571702391137,81.9781146867911,60
"3437",2045,75.7596944053266,68.8569555681161,84.8438111799298,60
"3437",2046,76.4321702123717,69.1776795010519,85.9950001782803,60
"3437",2047,77.6359781955928,69.8510523287004,87.9630150849402,60
"3437",2048,78.5991278465494,70.3542606632447,89.5801117041847,60
"3437",2049,79.5707268358057,70.8577930443969,91.2201107919976,60
"3437",2050,81.6830268349447,72.1172964471833,94.6240155991405,60
"3438",2026,25.0814050266131,25.0558611545066,25.1488230862992,60
"3438",2027,25.1771996534808,25.139689066114,25.2814139175756,60
"3438",2028,25.2580095949285,25.208500059976,25.4002696394613,60
"3438",2029,25.4235311007553,25.3519641695928,25.6279440779528,60
"3438",2030,25.556977770216,25.4641205154654,25.8160599418743,60
"3438",2031,25.716282722665,25.5979110249463,26.0398354900275,60
"3438",2032,25.9239897472077,25.7724487526884,26.3312357128783,60
"3438",2033,26.2719069199087,26.0392481445035,26.8136080930942,60
"3438",2034,26.5882079128277,26.2793938256606,27.2544010874277,60
"3438",2035,26.853810649144,26.4838010856689,27.6249801813339,60
"3438",2036,27.2069112277172,26.7516996361184,28.1151835332068,60
"3438",2037,27.5671719676209,27.0246687126211,28.6220414031405,60
"3438",2038,28.166170476907,27.4900797362672,29.4711850781492,60
"3438",2039,28.7739281744684,27.9562067368247,30.3368187986307,60
"3438",2040,29.3371342335405,28.3885636956625,31.1228987678668,60
"3438",2041,29.6896712869556,28.6630683100545,31.6155779145339,60
"3438",2042,30.229701634133,29.0761918118212,32.371944851762,60
"3438",2043,30.9435156164163,29.6169393074153,33.3750040027792,60
"3438",2044,31.6764022291504,30.1709551334058,34.4077125030975,60
"3438",2045,32.332328216885,30.6644259020013,35.3380690493642,60
"3438",2046,32.9605368219568,31.1333364564178,36.2271177483684,60
"3438",2047,33.8219827055364,31.7615768009611,37.4591146676825,60
"3438",2048,34.5907023095677,32.3256249184174,38.5571236684935,60
"3438",2049,35.5001708312116,32.9822549919339,39.868650571044,60
"3438",2050,36.3693384009963,33.6117488564577,41.1214143140149,60
"3439",2026,27.2870850123747,27.2460628860596,27.4775976506968,60
"3439",2027,27.4622851551843,27.387044148992,27.7396654594375,60
"3439",2028,27.6558886851059,27.5406969692752,28.0248256176754,60
"3439",2029,27.9346582608085,27.7564146282525,28.4145879801262,60
"3439",2030,28.2306743180869,27.9836668068649,28.8269155664716,60
"3439",2031,28.4919216976713,28.1850962921771,29.1982227829989,60
"3439",2032,28.851796046743,28.4575746782781,29.6936871720328,60
"3439",2033,29.2462777023445,28.7541347457212,30.2336492304837,60
"3439",2034,29.8045962503226,29.1684043417957,30.9809798897381,60
"3439",2035,30.3522251445786,29.5725570031411,31.7691906570357,60
"3439",2036,30.6267525891495,29.7802682444122,32.1650417595123,60
"3439",2037,31.1852375894538,30.190152526567,32.9828245860155,60
"3439",2038,31.7481808901414,30.6019206003798,33.8103534073461,60
"3439",2039,32.2634060130694,30.9787167903342,34.569082187324,60
"3439",2040,32.9372789548883,31.4654052798034,35.5708539071175,60
"3439",2041,33.3067681825407,31.7360708053145,36.1163886460781,60
"3439",2042,33.7504028808534,32.0582360409469,36.7752399021241,60
"3439",2043,34.6509684020356,32.7005278405507,38.129274862054,60
"3439",2044,35.1514059472233,33.0605335900663,38.8786712270572,60
"3439",2045,35.9439920747014,33.6237364818774,40.0768302720048,60
"3439",2046,36.4575761108404,33.9909447229195,40.850433770138,60
"3439",2047,37.2599981443018,34.5581980161396,42.0704133764245,60
"3439",2048,38.0817366915167,35.1352692868924,43.3278507483037,60
"3439",2049,39.1191905681586,35.8615422858198,44.9217257105275,60
"3439",2050,39.8689987308846,36.3853095814277,46.076384630392,60
"3440",2026,24.2334759375038,24.1768926711631,24.5866005675291,60
"3440",2027,24.3817278598978,24.2962522025433,24.8713054753331,60
"3440",2028,24.5618386027374,24.4434022039453,25.1899655975028,60
"3440",2029,24.8344866232278,24.6688528898106,25.6057038808594,60
"3440",2030,25.1310473284927,24.915109892292,26.0469176730566,60
"3440",2031,25.3776294284569,25.1207251602579,26.4367576897396,60
"3440",2032,25.7877019839685,25.4630660242144,27.0200099817152,60
"3440",2033,26.1899458202378,25.7956578288943,27.5972984852785,60
"3440",2034,26.6392167049025,26.157306769869,28.2299166298794,60
"3440",2035,27.2166313731212,26.6145118225617,29.0135212020552,60
"3440",2036,27.797324724052,27.0736077273902,29.8010454618646,60
"3440",2037,28.3211632876504,27.4909373698533,30.5214422167705,60
"3440",2038,29.0106980361965,28.029090980677,31.437888806986,60
"3440",2039,29.7057618088235,28.5715139554451,32.3702347480229,60
"3440",2040,30.4255242755382,29.1307042783982,33.36916102423,60
"3440",2041,30.9049195856604,29.5141091965608,34.0495330884493,60
"3440",2042,31.7837495424106,30.1880440416877,35.2616628019275,60
"3440",2043,32.4719384718765,30.7213749742417,36.226483398594,60
"3440",2044,33.3731665024957,31.409993056642,37.4823921106715,60
"3440",2045,34.0218515194385,31.9139355239034,38.3964965844482,60
"3440",2046,34.8586064793687,32.5536040929683,39.5678546717726,60
"3440",2047,35.6880275245372,33.1866112148336,40.7310920509838,60
"3440",2048,36.6490754030858,33.9137622952202,42.0759984600146,60
"3440",2049,37.673401292984,34.6842176212859,43.5109657383945,60
"3440",2050,38.545521641421,35.3440395135379,44.73853499665,60
"3441",2026,32.9724093498304,32.8918280044794,34.1378328237013,60
"3441",2027,33.0346419372985,32.903184919129,34.6737056997189,60
"3441",2028,33.1703207766233,32.9691993329826,35.320319275001,60
"3441",2029,33.3194663409412,33.0445127386903,35.9860737175408,60
"3441",2030,33.4495761020248,33.1058276938989,36.6220553029722,60
"3441",2031,33.6935219941296,33.249273406874,37.4266672900026,60
"3441",2032,34.0014428124123,33.438720614443,38.3262855575068,60
"3441",2033,34.4223928244955,33.707989079391,39.3945447720847,60
"3441",2034,34.8017922275541,33.9478833945406,40.4010999552687,60
"3441",2035,35.0572846751407,34.0989206723044,41.2235870036417,60
"3441",2036,35.6246450632068,34.4715632047872,42.510877820487,60
"3441",2037,36.1520951577766,34.8151470645011,43.7393219692497,60
"3441",2038,36.6937439163082,35.1681933804917,44.9894716675512,60
"3441",2039,37.3065081129142,35.5705705831938,46.3465690814306,60
"3441",2040,37.7404854937768,35.8476927399576,47.4359953929876,60
"3441",2041,38.4420721401388,36.3102327701494,48.9275944043008,60
"3441",2042,39.0970969700118,36.7396632713033,50.3498927493423,60
"3441",2043,39.8118896455993,37.2087761085579,51.8631630726408,60
"3441",2044,40.6460587030216,37.7594267293013,53.5568894295805,60
"3441",2045,41.2634741615702,38.1600367014914,54.9245748901123,60
"3441",2046,42.2600326349929,38.8190114588601,56.8655116379416,60
"3441",2047,43.3395409853988,39.5314169004701,58.9340489976368,60
"3441",2048,44.1880636780927,40.0832062281827,60.6552424563441,60
"3441",2049,45.3440515576152,40.8424367784225,62.8432649469323,60
"3441",2050,46.1174224351105,41.3392394265397,64.4531928407825,60
"3442",2026,115.079934750233,114.68159332127,115.745496564252,60
"3442",2027,115.705140612326,115.113257437969,116.672390506828,60
"3442",2028,116.500844996882,115.679410873958,117.814042552293,60
"3442",2029,117.509596272236,116.41261897149,119.268368846588,60
"3442",2030,118.565103042595,117.184033659812,120.796368494138,60
"3442",2031,120.059037678599,118.294422447607,122.945214854506,60
"3442",2032,121.532519126866,119.387822230384,125.065652471596,60
"3442",2033,123.250866799543,120.652053655775,127.538824609169,60
"3442",2034,125.024398291058,121.957760158102,130.0923920549,60
"3442",2035,126.960651513749,123.383762146539,132.882683685258,60
"3442",2036,129.208188734768,125.038876235438,136.12719969661,60
"3442",2037,131.605050336197,126.803674708718,139.592356068354,60
"3442",2038,134.069577459946,128.617405654331,143.160609494161,60
"3442",2039,136.430655124406,130.357204456131,146.57629159363,60
"3442",2040,138.620488332615,131.974862177598,149.736138687015,60
"3442",2041,141.758121104016,134.279242912157,154.304438563523,60
"3442",2042,144.368655308467,136.202658454165,158.090787139365,60
"3442",2043,147.523321688623,138.515713884025,162.697612087701,60
"3442",2044,150.123481371106,140.433155509318,166.469044539165,60
"3442",2045,152.999948164718,142.547075009136,170.660692804271,60
"3442",2046,156.83115382433,145.342585390579,176.300154920805,60
"3442",2047,160.279740327433,147.860341811063,181.372405710917,60
"3442",2048,163.61991611596,150.296912023786,186.289775189953,60
"3442",2049,167.450001204584,153.079172690834,191.962244637765,60
"3442",2050,171.127287178869,155.749933914086,197.410071875923,60
"3443",2026,65.8233868379153,65.399527113351,67.2367635954842,60
"3443",2027,65.8759190760792,65.2723577458765,67.8656212712148,60
"3443",2028,66.0498981923181,65.2448973282056,68.6658614232252,60
"3443",2029,66.3081277673996,65.2866506751842,69.5846735978659,60
"3443",2030,66.6353328667774,65.3854925919391,70.5999768555325,60
"3443",2031,67.0653704558181,65.5681462942964,71.7613092989467,60
"3443",2032,67.567045487978,65.8095489550329,73.0239496299603,60
"3443",2033,68.2881642976564,66.227356470657,74.6067709631389,60
"3443",2034,68.9991209227382,66.6382336018432,76.1766662907347,60
"3443",2035,69.7397229700643,67.0742062629741,77.7878227549163,60
"3443",2036,70.6024871625802,67.6082012428269,79.577833478488,60
"3443",2037,71.5600462029678,68.2186151345716,81.5062377687894,60
"3443",2038,72.5639633342434,68.8659743230264,83.5034159822362,60
"3443",2039,73.6346050073764,69.5664763229237,85.5994801600468,60
"3443",2040,74.6608089203,70.2324951994729,87.6286567934333,60
"3443",2041,75.7308139211423,70.9334003772565,89.7228116589597,60
"3443",2042,76.8363760423085,71.6630344613921,91.869013360993,60
"3443",2043,77.9707575656671,72.4155061587961,94.0583050678105,60
"3443",2044,79.3265770085962,73.3420386409707,96.5797390772091,60
"3443",2045,80.5977732706478,74.202113104482,98.9746490890172,60
"3443",2046,81.9692404779716,75.1409277088564,101.520449607442,60
"3443",2047,83.6832123751319,76.3472370994985,104.584112481133,60
"3443",2048,85.317739025328,77.4912745039228,107.528950428523,60
"3443",2049,87.0386948579855,78.7023939071734,110.605957041699,60
"3443",2050,88.8616342552916,79.9917042200867,113.84083417259,60
"3446",2026,114.814290378957,114.460541644371,115.090162223971,60
"3446",2027,114.919844389833,114.398205603512,115.35954272639,60
"3446",2028,115.224007426849,114.477031417504,115.900106572331,60
"3446",2029,115.701402479922,114.6846885566,116.677522069861,60
"3446",2030,116.361230352918,115.027321839132,117.706325912256,60
"3446",2031,117.256113406804,115.542018204271,119.062789081678,60
"3446",2032,118.128017492716,116.03046182962,120.384375008839,60
"3446",2033,119.275780195603,116.714537851637,122.079842393183,60
"3446",2034,120.54732075267,117.487270614414,123.946928623491,60
"3446",2035,122.09563017901,118.454139892289,126.201910911377,60
"3446",2036,124.042157630709,119.700454843491,129.019184663574,60
"3446",2037,125.691830417972,120.758436144209,131.413570068926,60
"3446",2038,127.499204094918,121.930996771289,134.028729601281,60
"3446",2039,129.448710656277,123.204447085645,136.847118221893,60
"3446",2040,131.802392319712,124.760261197228,140.248324114728,60
"3446",2041,134.409400112501,126.494673647801,144.015108588875,60
"3446",2042,136.830531516302,128.098947879588,147.517835771995,60
"3446",2043,139.293826198663,129.734607117703,151.080741408414,60
"3446",2044,142.138647789807,131.631181487908,155.206632489758,60
"3446",2045,145.65320147585,133.987334731923,160.320003358238,60
"3446",2046,149.048332199564,136.257075219773,165.270615464519,60
"3446",2047,152.429020315332,138.510423417859,170.214971575596,60
"3446",2048,155.875666428156,140.806160017503,175.265408808535,60
"3446",2049,159.609261479517,143.29096785664,180.757123644921,60
"3446",2050,164.414631641405,146.49111796788,187.876299353677,60
"3447",2026,44.86667668062,44.7690105095503,45.2033368633045,60
"3447",2027,44.9130578291453,44.7640525639559,45.3894913828103,60
"3447",2028,45.0295689058592,44.8090857400789,45.6562577819127,60
"3447",2029,45.2517122687232,44.932184016798,46.0468791791414,60
"3447",2030,45.5151528645938,45.0875153891827,46.4959891472985,60
"3447",2031,45.8447082060214,45.2921865494249,47.0340581623439,60
"3447",2032,46.2771987010106,45.5723086347895,47.72039160803,60
"3447",2033,46.7029151002364,45.8490426188963,48.4074522760258,60
"3447",2034,47.2102696836116,46.1847656395483,49.2081191328505,60
"3447",2035,48.0304500192076,46.7404021138276,50.4520216410783,60
"3447",2036,48.7369757019603,47.2177426466736,51.5344894176095,60
"3447",2037,49.4991450443968,47.7344340162312,52.6966031588345,60
"3447",2038,50.1984815857657,48.2088009249428,53.7677175214662,60
"3447",2039,51.1389396740035,48.8491515835127,55.1876479001077,60
"3447",2040,52.1435238924149,49.5331225569095,56.7024208637592,60
"3447",2041,53.3058834496807,50.323779362505,58.4500588489511,60
"3447",2042,54.2872159249353,50.9910098458875,59.9453018136057,60
"3447",2043,55.3514896304372,51.7138434147096,61.5883279854229,60
"3447",2044,56.7322323943488,52.648546153402,63.7252931696595,60
"3447",2045,57.8422370660919,53.4018711670123,65.4428549316422,60
"3447",2046,59.038455171141,54.21583681475,67.3014429552863,60
"3447",2047,60.4612686438603,55.1880600518894,69.5164284735178,60
"3447",2048,61.6634988335386,56.0078389854361,71.3894964434209,60
"3447",2049,63.0917682969626,56.9796478710505,73.624280438143,60
"3447",2050,64.7605303282383,58.1118910796092,76.2480782712017,60
"3448",2026,57.3430189923299,57.1952847191328,57.4508350811597,60
"3448",2027,57.547808159129,57.333574925784,57.7271105480159,60
"3448",2028,57.8216125354719,57.5081440257994,58.0998537508385,60
"3448",2029,58.1100730817689,57.6974054764469,58.4940022944681,60
"3448",2030,58.4664216351586,57.956899497038,58.9843143457559,60
"3448",2031,58.9231383143693,58.2999617654252,59.6157540680476,60
"3448",2032,59.5124595603249,58.7390224800012,60.4344477712166,60
"3448",2033,60.1700662264822,59.2000729868803,61.3515538863094,60
"3448",2034,60.7092675737034,59.573467288847,62.1071359541136,60
"3448",2035,61.4378465003153,60.081584228522,63.1316974163049,60
"3448",2036,62.1906366018082,60.6060823345046,64.1929974236072,60
"3448",2037,63.2629227462693,61.3582813630056,65.7097320716859,60
"3448",2038,64.1458191860784,61.9713709755374,66.9649668328651,60
"3448",2039,64.9203263562486,62.505494164215,68.0690472006222,60
"3448",2040,66.2503700877595,63.4313779503773,69.9747373530518,60
"3448",2041,67.1999500516791,64.0854028864486,71.3388496438598,60
"3448",2042,68.3002014349427,64.8455017400592,72.9220691696099,60
"3448",2043,69.698472017495,65.8106491182192,74.946765518315,60
"3448",2044,70.7270280791164,66.5141416187389,76.4381835943503,60
"3448",2045,72.0877747504038,67.4499430151789,78.416506358848,60
"3448",2046,73.3051388265792,68.2812096748706,80.193180509678,60
"3448",2047,74.9328410447123,69.3951855559212,82.580417704152,60
"3448",2048,76.6238526945156,70.5495086211685,85.069986393541,60
"3448",2049,78.0628924338269,71.5267221048282,87.192244556858,60
"3448",2050,80.0738532308712,72.8919168341207,90.1802900765232,60
"3449",2026,30.1382296204839,30.0576839415325,30.2217044557136,60
"3449",2027,30.2715595972985,30.145503081366,30.4213664477021,60
"3449",2028,30.4509231019924,30.2705224758598,30.6868984398679,60
"3449",2029,30.611666786735,30.3777853735583,30.9304637383122,60
"3449",2030,30.8248318428837,30.5272153196427,31.248890106192,60
"3449",2031,31.0995554617404,30.7263118519772,31.6552560422893,60
"3449",2032,31.5748135942231,31.0699145244438,32.3454226356688,60
"3449",2033,31.9410955751641,31.3243422580616,32.8859227175639,60
"3449",2034,32.1730658083352,31.4776221886685,33.2390340783028,60
"3449",2035,32.7572289509121,31.8816292572003,34.0938669477279,60
"3449",2036,33.2447108518615,32.2143410757672,34.8154632633388,60
"3449",2037,33.9871098160642,32.7269111706321,35.9067893744074,60
"3449",2038,34.5204598674368,33.0914193615881,36.6977247987769,60
"3449",2039,35.2094088465616,33.5637508216815,37.7185268517505,60
"3449",2040,35.8617964886861,34.0087667835339,38.6896756068207,60
"3449",2041,36.0962439045908,34.1631523496784,39.0455055126344,60
"3449",2042,37.1080232923472,34.8561709034241,40.5509219066979,60
"3449",2043,37.8387568809909,35.3539990179627,41.6427613357355,60
"3449",2044,38.5552591648254,35.8382076378096,42.7203215376164,60
"3449",2045,39.8397232907298,36.7140760448815,44.6480752797741,60
"3449",2046,40.3978837017006,37.0865341242331,45.4948586854092,60
"3449",2047,41.2472358790685,37.6603217709041,46.7775695165309,60
"3449",2048,42.7460683299843,38.6714142322954,49.0555929726415,60
"3449",2049,43.7217283307996,39.3204007223547,50.5515750363516,60
"3449",2050,44.5608179977522,39.87870793075,51.836645823986,60
"3450",2026,19.0793137430458,19.0256524744642,19.2209305686184,60
"3450",2027,19.1174857945358,19.0433795741155,19.3134374333835,60
"3450",2028,19.2858134818104,19.1755538177703,19.5652526624163,60
"3450",2029,19.405782225819,19.2635008888742,19.7575991992984,60
"3450",2030,19.4995901315035,19.3291972830452,19.9180176588745,60
"3450",2031,19.6646846082915,19.455543332107,20.1689960004078,60
"3450",2032,19.8878427309851,19.6209074856801,20.49621097186,60
"3450",2033,20.1839606834809,19.8419500817365,20.9171571061094,60
"3450",2034,20.3546550977386,19.9680768287091,21.1754576563579,60
"3450",2035,20.660125252684,20.1954510467332,21.6103064198408,60
"3450",2036,20.9863880131604,20.4552887294734,22.0708073175452,60
"3450",2037,21.453013560126,20.8329198800934,22.7167970168925,60
"3450",2038,21.9245358693562,21.1701626574815,23.3698690109055,60
"3450",2039,22.0263452000425,21.2615481927511,23.5306555148215,60
"3450",2040,22.3583908327268,21.5074587282364,23.996664369684,60
"3450",2041,22.662133381771,21.7423823252352,24.4214060584273,60
"3450",2042,23.3093373127587,22.2203584325106,25.3185733546549,60
"3450",2043,23.4884464964871,22.368182085434,25.565497288712,60
"3450",2044,24.122108049996,22.8352024013047,26.4691710033141,60
"3450",2045,24.2532984347076,22.9488650686361,26.6487271875463,60
"3450",2046,24.8867395734556,23.415596409439,27.5514431942806,60
"3450",2047,25.7560166664095,24.0480882097388,28.7959088631675,60
"3450",2048,26.2554065948513,24.4200650428261,29.5075413523327,60
"3450",2049,26.5880120160708,24.6711911089091,29.9830249038107,60
"3450",2050,27.1585947681624,25.094033098658,30.796844013138,60
"3451",2026,85.8654881547294,84.0284728875275,86.1458547073617,60
"3451",2027,86.2963994758623,83.7583991380221,86.708727347331,60
"3451",2028,87.0631395239257,83.789532929709,87.71008962306,60
"3451",2029,87.915159323392,83.897235179985,88.8230013855806,60
"3451",2030,88.9562447128534,84.1751388267394,90.1843502261963,60
"3451",2031,90.041750800093,84.4935623671983,91.6058964484489,60
"3451",2032,91.3430850974335,85.0075507950255,93.3459624043612,60
"3451",2033,92.8596240217513,85.7173100235357,95.3861161115353,60
"3451",2034,94.6141406906703,86.6443838560341,97.7426312976249,60
"3451",2035,96.3426828384669,87.5492281638315,100.068691462952,60
"3451",2036,98.3081716762505,88.6713238996281,102.726882193715,60
"3451",2037,100.351799591952,89.8675947617019,105.503498613108,60
"3451",2038,102.592082480437,91.2464605803697,108.563849999391,60
"3451",2039,104.781932705232,92.5812840164627,111.561512143297,60
"3451",2040,106.947302268746,93.89568153712,114.532090924242,60
"3451",2041,109.602838515096,95.6647788779635,118.208408209109,60
"3451",2042,111.570078996888,96.8007322138018,120.912613725343,60
"3451",2043,113.82493974145,98.2033602495345,124.030645312577,60
"3451",2044,115.754128627217,99.3067046329405,126.689418066126,60
"3451",2045,118.298474109328,100.908676041674,130.234651364632,60
"3451",2046,120.72835373745,102.286391711978,133.620052700363,60
"3451",2047,123.261894921605,103.738368827462,137.159379142649,60
"3451",2048,125.358458662198,104.871547596484,140.07581357473,60
"3451",2049,128.521052088698,106.776766261205,144.536055622659,60
"3451",2050,130.852292546152,108.0781117606,147.800154185199,60
"3452",2026,12.4134271822817,12.387109009926,12.4633045246198,60
"3452",2027,12.5764215411009,12.5382072908928,12.6481006731266,60
"3452",2028,12.820786945635,12.7493373012012,12.9428137721107,60
"3452",2029,13.1088004066437,12.9920673495459,13.3024966874059,60
"3452",2030,13.3413213507886,13.1940084477418,13.5840193154254,60
"3452",2031,13.604301648938,13.418600874178,13.9077298432393,60
"3452",2032,13.9565961167592,13.7078529690776,14.3580653476257,60
"3452",2033,14.2949865119161,13.9867882806924,14.7895532433535,60
"3452",2034,14.663097860642,14.2869109080546,15.2641815292118,60
"3452",2035,15.1120429631179,14.6453919922391,15.8549106827307,60
"3452",2036,15.5540952826704,14.9986573179784,16.4368760701886,60
"3452",2037,15.9472499045834,15.3161623207795,16.9497411880863,60
"3452",2038,16.3111509469963,15.6141673256855,17.4181330102505,60
"3452",2039,16.9076979328905,16.0735736595057,18.2326671887459,60
"3452",2040,17.4925169043349,16.5250043668477,19.0308280360559,60
"3452",2041,18.1047905332319,16.9933947717351,19.8745734219109,60
"3452",2042,18.6579258393847,17.4200009739043,20.6318189479613,60
"3452",2043,19.1047864960068,17.7710984182703,21.2327792909858,60
"3452",2044,19.759869991695,18.2654747547896,22.1494949108466,60
"3452",2045,20.3327658304626,18.7024832131414,22.9437150575352,60
"3452",2046,20.8907285101654,19.1287359698777,23.7164953404606,60
"3452",2047,21.7697919764669,19.7714605179911,24.9870910584912,60
"3452",2048,22.1479260838299,20.0718697036002,25.4899768717945,60
"3452",2049,22.9428623184967,20.6550633937315,26.6370362902842,60
"3452",2050,23.5124788251914,21.084507569968,27.4378354813317,60
"3453",2026,21.0521503917924,20.961850839929,21.1423680397843,60
"3453",2027,21.157490659882,21.0044447219778,21.3051061246908,60
"3453",2028,21.2419124200337,21.0380700814202,21.4414167234485,60
"3453",2029,21.4255018377596,21.1564588219002,21.7106264648344,60
"3453",2030,21.6300163662244,21.2915036910967,22.0172411200275,60
"3453",2031,21.8707355164173,21.4561327404284,22.3767068400789,60
"3453",2032,22.1130316605929,21.621828026857,22.7397165836695,60
"3453",2033,22.4754396951307,21.8679460536235,23.2775796808725,60
"3453",2034,22.8351105759795,22.1062843141054,23.8134071295438,60
"3453",2035,23.164205555629,22.3210608322553,24.2983834952929,60
"3453",2036,23.5546989780869,22.5791869034042,24.8533745941753,60
"3453",2037,24.010786739284,22.8841725221694,25.4963163322152,60
"3453",2038,24.5177582579293,23.2234653500929,26.2137450253996,60
"3453",2039,24.9795556657711,23.5295456292754,26.9049127851478,60
"3453",2040,25.4301545014514,23.8257357134319,27.5836276789959,60
"3453",2041,25.9508248340333,24.1704104173282,28.3698963695346,60
"3453",2042,26.4983240523012,24.5340971700141,29.197188526741,60
"3453",2043,26.9002395712155,24.7934211551686,29.8089088941641,60
"3453",2044,27.5558829041037,25.2220526421199,30.8088646482798,60
"3453",2045,28.1487990856754,25.6062745686817,31.7171944987369,60
"3453",2046,28.5442931567603,25.8561390090746,32.3248220460001,60
"3453",2047,29.280653047517,26.3348889953898,33.4590717093994,60
"3453",2048,29.9651865137422,26.7772072688259,34.5174464174266,60
"3453",2049,30.7297265842581,27.2716150192553,35.704001313122,60
"3453",2050,31.7216468923159,27.9156464481605,37.2514582418556,60
"3454",2026,15.9465884504788,15.8392672671626,15.9648559559801,60
"3454",2027,15.970745868835,15.8219945747876,16.0003457779402,60
"3454",2028,16.0199308977627,15.8291307942798,16.0723175430896,60
"3454",2029,16.0400712592102,15.8072537698646,16.103646660947,60
"3454",2030,16.1701914159668,15.8939228247916,16.2815363541065,60
"3454",2031,16.2618469240593,15.9424774922479,16.4073723049619,60
"3454",2032,16.3435081829259,15.980894565242,16.5183122292202,60
"3454",2033,16.5331563448167,16.1260818454176,16.7746256920209,60
"3454",2034,16.7898270810461,16.310057382697,17.1187932566604,60
"3454",2035,17.070908866847,16.5117087967748,17.4991652249201,60
"3454",2036,17.1638998347687,16.5595393874713,17.6207125284518,60
"3454",2037,17.4122259244119,16.7342473772102,17.9555779251845,60
"3454",2038,17.7756061465119,16.9697900074126,18.4498793719647,60
"3454",2039,17.9588288074043,17.0852960049579,18.6925007880727,60
"3454",2040,18.1903418294439,17.2329620277653,19.0012488850628,60
"3454",2041,18.4692971350923,17.4099551085026,19.3783219722151,60
"3454",2042,18.7019742174234,17.5582330046905,19.6893538181379,60
"3454",2043,19.1516520175505,17.8454678188132,20.306216498775,60
"3454",2044,19.3463709748421,17.9688769120133,20.564609217384,60
"3454",2045,19.6644719007962,18.1739327537528,20.9939145459864,60
"3454",2046,20.0554169805979,18.4288370131816,21.5296307351441,60
"3454",2047,20.2853464400285,18.5797218351396,21.835269699181,60
"3454",2048,20.4423917132129,18.6733260285697,22.0398905151798,60
"3454",2049,21.216522322858,19.2410883848432,23.1229295680069,60
"3454",2050,21.5159896749859,19.443757556219,23.5302477160181,60
"3901",2026,168.764331891184,168.395153392396,169.881583070607,60
"3901",2027,169.817912336126,169.209745954296,171.459555777425,60
"3901",2028,171.100568779478,170.19159213209,173.331649403308,60
"3901",2029,172.593088858373,171.352995139735,175.473237772981,60
"3901",2030,174.507934174304,172.835692057496,178.170000644491,60
"3901",2031,176.431084272907,174.33132029447,180.86938148525,60
"3901",2032,178.867033608283,176.206489871964,184.251311878792,60
"3901",2033,181.413472742379,178.169661233341,187.774926058056,60
"3901",2034,184.167137863795,180.289310796532,191.572578734632,60
"3901",2035,187.306737137136,182.694285201097,195.887101234409,60
"3901",2036,190.411458347268,185.084818627889,200.050696667581,60
"3901",2037,194.05490126496,187.868812390056,204.7729045424,60
"3901",2038,197.648735965572,190.623777160749,209.436588937249,60
"3901",2039,201.700366556371,193.71009749321,214.755707171919,60
"3901",2040,205.784713860791,196.826201797667,220.334663378559,60
"3901",2041,209.870520040854,199.946751912553,225.913324879059,60
"3901",2042,214.134375157853,203.198336954573,231.740195630191,60
"3901",2043,218.597262164853,206.59362216882,237.848533415732,60
"3901",2044,224.003636961261,210.653075578132,245.320650317284,60
"3901",2045,229.376275602272,214.687421729615,252.7826882844,60
"3901",2046,234.472885516663,218.531195729695,259.841924009601,60
"3901",2047,240.174434919588,222.793137651615,267.796437012424,60
"3901",2048,245.949049960116,227.104456505528,275.865005842007,60
"3901",2049,252.590100512305,232.011453558385,285.240283459678,60
"3901",2050,259.191745750802,236.886462870553,294.442293298467,60
"3903",2026,166.984680677261,166.745827852244,167.642094954465,60
"3903",2027,167.017975165708,166.634854486543,167.918718549669,60
"3903",2028,167.305718752736,166.739605859305,168.524380351974,60
"3903",2029,167.911018406958,167.108969470014,169.495281069128,60
"3903",2030,168.865516870642,167.760343204123,170.870861203959,60
"3903",2031,170.090852397945,168.631553274161,172.602993567335,60
"3903",2032,171.588542865538,169.725978279525,174.793164345943,60
"3903",2033,173.280857292821,170.983263997106,177.234825483544,60
"3903",2034,175.405923679042,172.581132539183,180.271484638754,60
"3903",2035,177.854492294353,174.435871266922,183.751339730789,60
"3903",2036,180.582667033886,176.514041126482,187.560709002619,60
"3903",2037,183.425709065641,178.691808894152,191.366515860202,60
"3903",2038,186.379032100017,180.963835391991,195.313461309309,60
"3903",2039,189.694937204739,183.517199026719,199.898974627893,60
"3903",2040,193.303196624822,186.297564029189,204.890253007826,60
"3903",2041,197.252456166209,189.3380329306,210.363377321722,60
"3903",2042,201.322177047571,192.477412399079,215.997401984484,60
"3903",2043,205.392971197962,195.625728844896,221.622095589594,60
"3903",2044,209.788654252274,199.019769458748,227.710858004593,60
"3903",2045,214.532285549972,202.673263504693,234.304136182216,60
"3903",2046,219.795968918963,206.710313011861,241.65919945365,60
"3903",2047,225.021757994223,210.721525828701,248.96024891234,60
"3903",2048,230.772519154042,215.115842075098,257.040232459021,60
"3903",2049,236.379748568738,219.407407527879,264.909973002088,60
"3903",2050,242.965194111079,224.400737139447,274.253883797039,60
"3905",2026,403.070858544572,401.618633869162,404.532271665417,60
"3905",2027,404.320492586613,402.273407546254,406.401533939292,60
"3905",2028,406.214385196606,403.524752835157,409.149536859626,60
"3905",2029,408.585225474315,405.221116909295,412.484840183141,60
"3905",2030,411.59796734972,407.40291552595,416.629603825466,60
"3905",2031,415.50576935628,410.239115447132,421.839550515051,60
"3905",2032,419.957139476513,413.720966931164,427.496793984464,60
"3905",2033,425.177122482869,418.007502284333,434.042778796229,60
"3905",2034,430.987447440037,422.843574413662,441.414641230336,60
"3905",2035,437.345297813612,428.189312733185,449.45802264164,60
"3905",2036,444.744348381468,434.441010215269,458.814660970989,60
"3905",2037,452.650580212818,440.812725692606,468.793853953388,60
"3905",2038,461.489198167073,447.943279403256,480.125000545648,60
"3905",2039,470.641616047322,455.336192207063,491.866652513547,60
"3905",2040,480.208791189965,462.889170444092,504.145754878531,60
"3905",2041,490.726834990281,471.131323985269,517.90239106107,60
"3905",2042,501.761711891239,479.765439072059,532.435858911773,60
"3905",2043,513.679194444217,489.02871737871,548.206782640118,60
"3905",2044,525.98444032543,498.559124138899,564.529115172495,60
"3905",2045,538.81801195462,508.475157939959,581.604474568854,60
"3905",2046,553.057363909898,519.403084282207,600.691596285485,60
"3905",2047,567.287194015025,530.318999381082,619.787599217205,60
"3905",2048,582.620887556514,541.893606052016,640.483358985002,60
"3905",2049,598.082411712853,553.439156817557,661.394346327595,60
"3905",2050,614.8134553937,565.832939637046,684.169066253961,60
"3907",2026,444.235654678877,443.404910618851,445.156402902766,60
"3907",2027,445.316593315241,444.05144835887,446.774698734289,60
"3907",2028,446.936029114521,445.129227457162,449.039351357395,60
"3907",2029,449.249503187225,446.76598931419,452.151324218484,60
"3907",2030,452.143359840792,448.824508743847,456.003157059391,60
"3907",2031,455.758680032456,451.354874494696,460.805559091116,60
"3907",2032,460.204623726718,454.48525923938,466.682226076114,60
"3907",2033,465.250172880911,458.056705519423,473.334546368295,60
"3907",2034,470.963503607407,462.431825836218,480.923337967058,60
"3907",2035,477.166740487075,467.340296056092,489.152329827402,60
"3907",2036,484.134023915422,472.869689534863,498.405268990888,60
"3907",2037,492.078350887618,479.091510638345,508.989178804818,60
"3907",2038,500.557079878545,485.419065922381,520.300356864564,60
"3907",2039,509.884308862446,492.358039586824,532.786310899062,60
"3907",2040,519.14956927028,499.272858060356,545.168853868474,60
"3907",2041,529.030425566834,506.632968913,558.405106039638,60
"3907",2042,539.495338690098,514.411659867222,572.458751603291,60
"3907",2043,550.415155621593,522.517942246217,587.14995024416,60
"3907",2044,562.83042781959,531.661493567874,603.976154083292,60
"3907",2045,575.140612906342,540.736639387642,620.658974081755,60
"3907",2046,588.92467694239,550.823966573196,639.468909535848,60
"3907",2047,602.512121145419,560.773115937143,658.024455846563,60
"3907",2048,616.535518923341,571.082737870546,677.229002032191,60
"3907",2049,632.517073184516,582.78212808942,699.31189042486,60
"3907",2050,648.674320315005,594.588120261094,721.693261357198,60
"3909",2026,311.407303318574,310.673413514919,313.793177051898,60
"3909",2027,312.609151401558,311.510669622239,316.081426116919,60
"3909",2028,314.230749648466,312.708811063537,318.915872334865,60
"3909",2029,316.348163022857,314.330514241091,322.401537560248,60
"3909",2030,319.105311326967,316.49431560231,326.737148541615,60
"3909",2031,322.240014696917,318.980347643306,331.571535065731,60
"3909",2032,326.0870974874,322.065799357805,337.363440633665,60
"3909",2033,330.382531926204,325.529727370445,343.833659165562,60
"3909",2034,335.194850358915,329.427836924852,351.040235265353,60
"3909",2035,340.659823028014,333.781990259243,359.168851350908,60
"3909",2036,346.51286956269,338.443917769937,367.843736144838,60
"3909",2037,353.218486567413,343.779763224982,377.742403743145,60
"3909",2038,360.1739784179,349.313236318178,388.005583599928,60
"3909",2039,368.022268358808,355.544302773015,399.570818892472,60
"3909",2040,375.701810462758,361.638534475368,410.899248149149,60
"3909",2041,383.545967262342,367.857160813402,422.475737579841,60
"3909",2042,391.843351936295,374.425962943922,434.72379997688,60
"3909",2043,400.272666700529,381.096355103634,447.17253526588,60
"3909",2044,409.687043755687,388.521891495647,461.089357695261,60
"3909",2045,419.071651516949,395.921279004743,474.975945168807,60
"3909",2046,428.771534044822,403.555337972198,489.351980635077,60
"3909",2047,438.257582220829,411.021636442334,503.423335078934,60
"3909",2048,447.816090965652,418.535197982972,517.624186760015,60
"3909",2049,458.313863774533,426.591430218784,533.255081924457,60
"3909",2050,468.942371342787,434.567894086743,549.107438520082,60
"3911",2026,208.801582946095,208.489020151128,209.856055042869,60
"3911",2027,209.243399777955,208.722006152368,210.827475534361,60
"3911",2028,209.937436803405,209.162631736361,212.117276711878,60
"3911",2029,211.018990975968,209.913402033075,213.90827577327,60
"3911",2030,212.455653993466,210.94761768421,216.144292614975,60
"3911",2031,214.380510582804,212.364522212084,218.961346781678,60
"3911",2032,216.7313161401,214.113912800662,222.317652824427,60
"3911",2033,219.235049564986,215.989740226335,225.861525098933,60
"3911",2034,222.09407023288,218.112819196435,229.856041856942,60
"3911",2035,225.563839663831,220.688747603851,234.637837656116,60
"3911",2036,229.082138834128,223.314031670253,239.472119483304,60
"3911",2037,233.294139401612,226.445475759057,245.234235803341,60
"3911",2038,237.631544388123,229.675493700522,251.21065662005,60
"3911",2039,242.118911958557,233.017781240503,257.452593104843,60
"3911",2040,247.53677822111,237.027802903049,265.19336300952,60
"3911",2041,252.368172871665,240.625170441613,272.071371733493,60
"3911",2042,257.783111736609,244.641134959566,279.808343417541,60
"3911",2043,263.894262796272,249.146675738781,288.589151609073,60
"3911",2044,269.453570226456,253.265793876457,296.550715405835,60
"3911",2045,276.291047576146,258.278026218602,306.438549518817,60
"3911",2046,282.487830939606,262.837052773289,315.379610231808,60
"3911",2047,289.396372945482,267.891776183198,325.402552411332,60
"3911",2048,296.089447009758,272.788402787656,335.12004867736,60
"3911",2049,303.106390096199,277.901349102841,345.178009554872,60
"3911",2050,310.63567315043,283.357762755412,355.941253964073,60
"4001",2026,268.753103310392,268.373655039986,269.431309371348,60
"4001",2027,269.546572749451,268.923312810553,270.557302568663,60
"4001",2028,270.81963413864,269.84820601514,272.25382516916,60
"4001",2029,272.320776514166,270.962345356128,274.256853002194,60
"4001",2030,274.209316295058,272.36906111369,276.831382660493,60
"4001",2031,276.487996946507,274.076509073732,279.925945253101,60
"4001",2032,279.088766658509,276.033573277283,283.449354550017,60
"4001",2033,282.26069315677,278.420035988291,287.752347412452,60
"4001",2034,285.671631198782,280.992724671504,292.37516628221,60
"4001",2035,289.405028986317,283.810874698031,297.437127392601,60
"4001",2036,293.618027993854,286.988647190952,303.159957361233,60
"4001",2037,298.235667907874,290.467426053463,309.446272765094,60
"4001",2038,303.230608988199,294.224639259001,316.263049763152,60
"4001",2039,308.521480414993,298.198987531312,323.499886343231,60
"4001",2040,313.961044836957,302.285093383938,330.946635007725,60
"4001",2041,319.652855063242,306.554595527695,338.755360595662,60
"4001",2042,325.986218282218,311.28062325981,347.494342652001,60
"4001",2043,332.323276569702,316.011085691577,356.24213710149,60
"4001",2044,339.020871429938,320.996173093236,365.519944769841,60
"4001",2045,346.369238880631,326.437927874472,375.756872452964,60
"4001",2046,353.567671275569,331.770575918057,385.787378704519,60
"4001",2047,361.327357320516,337.494447719266,396.652598735127,60
"4001",2048,368.876675964325,343.065571372151,407.223578184348,60
"4001",2049,377.253090277782,349.205376066193,419.037683436569,60
"4001",2050,386.65548868893,356.053646046586,432.392732013176,60
"4003",2026,366.087290129679,364.578898443733,367.615437136031,60
"4003",2027,367.704414841685,365.586284344295,370.082074475748,60
"4003",2028,369.751448613731,366.995616424866,373.125799218729,60
"4003",2029,372.442852466686,369.008609155819,377.056596117681,60
"4003",2030,375.632292108005,371.485386593942,381.674896609194,60
"4003",2031,379.435605168735,374.238132283882,387.153647231446,60
"4003",2032,383.939572850111,377.529767632694,393.626309607528,60
"4003",2033,388.767481555662,381.05657850194,400.555629033697,60
"4003",2034,394.103175345441,384.971588272229,408.21015413254,60
"4003",2035,400.011006032422,389.32114652606,416.688553848381,60
"4003",2036,406.695070003108,394.25513922239,426.29538654463,60
"4003",2037,413.845313927461,399.539406207134,436.587475452851,60
"4003",2038,421.039940359404,404.861106348244,446.945374219455,60
"4003",2039,428.687935136581,410.51935244172,457.978446696676,60
"4003",2040,436.340653808528,416.186499652361,469.015759391913,60
"4003",2041,444.611369727773,422.308385501627,480.980321814564,60
"4003",2042,452.999228765114,428.519214310082,493.121822625144,60
"4003",2043,461.869366790993,435.082244346414,505.996110706007,60
"4003",2044,471.545158110737,442.230786350348,520.104229371799,60
"4003",2045,481.031013903852,449.241753302818,533.934589715028,60
"4003",2046,491.142931780595,456.701645940985,548.737201269096,60
"4003",2047,501.585915559596,464.398052312839,564.061420539744,60
"4003",2048,512.508459808513,472.432960502311,580.0722432488,60
"4003",2049,524.522782208014,481.244749048839,597.087579521528,60
"4003",2050,536.342178377541,489.903636273586,613.889841205851,60
"4005",2026,63.0946446142216,63.014675585372,63.4406638584661,60
"4005",2027,63.6373543531371,63.5285592357711,64.1280201783416,60
"4005",2028,64.2192187946584,64.0765727201171,64.861890200911,60
"4005",2029,64.9412138867405,64.7395779248113,65.7744272951041,60
"4005",2030,65.8013817370641,65.5523727545822,66.8630848044924,60
"4005",2031,66.742294562102,66.4121743918267,68.0725891247288,60
"4005",2032,67.8230171667768,67.3817596927861,69.4783295428696,60
"4005",2033,68.8425102600904,68.294959129529,70.7766827424389,60
"4005",2034,70.1479174504128,69.3992905227986,72.4227206055206,60
"4005",2035,71.5300347373402,70.5600176526664,74.1681017774554,60
"4005",2036,72.9034597497115,71.7139214707153,75.9029869819107,60
"4005",2037,74.4827609901066,73.0168118734767,77.9051460524101,60
"4005",2038,75.9835814074819,74.2618980257101,79.8118166705792,60
"4005",2039,77.5779973727799,75.5745337698482,81.8996157042618,60
"4005",2040,79.3343173209186,77.0025889913156,84.2543206104902,60
"4005",2041,81.2138912451868,78.5181478686457,86.791711275709,60
"4005",2042,83.3826683719939,80.2396112293249,89.7557855328472,60
"4005",2043,85.2291074947934,81.7263939365026,92.2567097281512,60
"4005",2044,86.9780183830781,83.1419380692273,94.6180344396632,60
"4005",2045,89.2903263364534,84.9576178663859,97.8126856298266,60
"4005",2046,91.3978833182166,86.6245958564749,100.712209621137,60
"4005",2047,93.7759799473064,88.4792199498089,104.02175439644,60
"4005",2048,95.7810092344983,90.0666819985562,106.783305467347,60
"4005",2049,97.7446393076624,91.6224828113034,109.487912471684,60
"4005",2050,100.272783820803,93.5716048553281,113.045641689746,60
"4010",2026,20.9409287337087,20.8219399266892,20.9614725362495,60
"4010",2027,20.9660573438694,20.8032457486134,21.0026100783934,60
"4010",2028,21.0431152054894,20.8388382004331,21.1080750257839,60
"4010",2029,21.1547429698804,20.9102669644119,21.2554026731885,60
"4010",2030,21.2727113216996,20.9872214317621,21.4078452976611,60
"4010",2031,21.5612887982358,21.2278465423955,21.7795934103461,60
"4010",2032,21.7400775908604,21.3505572731909,22.0057536793054,60
"4010",2033,22.0669706348764,21.5959699200473,22.4291890525773,60
"4010",2034,22.3041676301264,21.7688903919232,22.7308142181696,60
"4010",2035,22.7610369727708,22.1226821488668,23.3285119757667,60
"4010",2036,23.1717277569939,22.4365693384716,23.8621761405231,60
"4010",2037,23.5206395174352,22.7017990336492,24.3093374156223,60
"4010",2038,24.2312783067131,23.1897827241506,25.2594582733685,60
"4010",2039,24.4869720603869,23.3853901524129,25.5720813830668,60
"4010",2040,25.2556005492599,23.9128260794404,26.6214243614151,60
"4010",2041,25.8191794164175,24.3062358514124,27.3788176092252,60
"4010",2042,26.3374412997086,24.6726897129139,28.0656773158138,60
"4010",2043,27.2282133275294,25.2960998758365,29.2930747486674,60
"4010",2044,27.8134971947295,25.7407311728621,30.0765714163918,60
"4010",2045,28.6561753158272,26.3955762748483,31.2321139021518,60
"4010",2046,29.367784801072,26.9396219529924,32.2033400085343,60
"4010",2047,30.2003863906025,27.5787297180263,33.3512356079445,60
"4010",2048,31.1341509571585,28.2974660676156,34.652264367375,60
"4010",2049,31.9631429037545,28.9330301755015,35.7996309134983,60
"4010",2050,33.0215533627694,29.7484605866431,37.3031093638926,60
"4012",2026,82.934518517021,82.8223244376168,84.0432282018902,60
"4012",2027,83.4956446944875,83.2882128769239,85.0585777553444,60
"4012",2028,84.1626609676506,83.8325550359971,86.1994303311004,60
"4012",2029,85.0087841510115,84.531122615346,87.5526638092279,60
"4012",2030,86.1076226011411,85.4547458188859,89.2061458049125,60
"4012",2031,87.2940521856037,86.4505850675001,90.9657531163589,60
"4012",2032,88.5703771484635,87.4998719228872,92.8831203719335,60
"4012",2033,89.9894716497891,88.6453596663752,94.9978272040905,60
"4012",2034,91.5189830840696,89.8709586231499,97.3018820724768,60
"4012",2035,93.2616724348138,91.2544089100837,99.9020190971207,60
"4012",2036,95.192936780219,92.7790399470457,102.86163387134,60
"4012",2037,96.937264353846,94.1594130666554,105.563249149145,60
"4012",2038,98.9500704451372,95.7243597562741,108.676682391924,60
"4012",2039,100.75686134952,97.1206192144535,111.487262633816,60
"4012",2040,102.831582808198,98.7046798324396,114.621050211337,60
"4012",2041,104.971810764209,100.332726695023,117.817571207708,60
"4012",2042,106.943498382488,101.8364601604,120.78595724151,60
"4012",2043,109.088226137182,103.460370849523,124.010918804579,60
"4012",2044,111.129611859419,105.009179391485,127.094131534631,60
"4012",2045,113.346351928151,106.677794470807,130.429462801766,60
"4012",2046,115.543697282676,108.328743630354,133.74249716053,60
"4012",2047,117.864203145944,110.06357575429,137.233502805597,60
"4012",2048,120.272885941694,111.857471260186,140.85345500333,60
"4012",2049,122.570948025643,113.567689095293,144.323855488663,60
"4012",2050,125.266889690764,115.55226583446,148.365200176922,60
"4014",2026,74.1351151991532,73.9583858892612,74.8132909974085,60
"4014",2027,74.3069989959364,74.0264630460892,75.2826268827292,60
"4014",2028,74.7030394944174,74.2548326025399,76.0515073641563,60
"4014",2029,75.159071056844,74.5229496286677,76.904348041009,60
"4014",2030,75.7273203653711,74.8677116780905,77.9117242831662,60
"4014",2031,76.4280887609746,75.3039047887982,79.1011219645983,60
"4014",2032,77.1218313990331,75.7304786837191,80.2864810516022,60
"4014",2033,78.1880856254431,76.4174278842375,81.9806844464962,60
"4014",2034,79.2523132622441,77.0975328783236,83.679398775161,60
"4014",2035,80.3986356586976,77.8300572680937,85.4969810296049,60
"4014",2036,81.5865846171731,78.5863337605968,87.4225500702296,60
"4014",2037,82.8212654934838,79.3710475661712,89.3950655677059,60
"4014",2038,84.0889342418824,80.1737048092743,91.4210484987536,60
"4014",2039,85.5293024776919,81.0912636200779,93.69725375708,60
"4014",2040,86.9115089910667,81.9618232783931,95.9008833258122,60
"4014",2041,88.2748081336813,82.8171131224743,98.0816451400541,60
"4014",2042,89.369908622674,83.4818446871003,99.8896456413817,60
"4014",2043,90.4207760826202,84.1155358733781,101.635879293245,60
"4014",2044,91.9000838402891,85.0397739920088,103.996543081202,60
"4014",2045,93.1724013037333,85.8197458898921,106.065870571715,60
"4014",2046,94.5887024711884,86.6944945793557,108.345920228019,60
"4014",2047,95.8399404214526,87.4567612575276,110.390141326478,60
"4014",2048,96.8439295869992,88.0473868233735,112.084022974209,60
"4014",2049,98.5361328632721,89.1059262416449,114.766488862304,60
"4014",2050,100.030796470415,90.0264493336475,117.170578799945,60
"4016",2026,34.9489660469992,34.8750032626144,34.9927624441675,60
"4016",2027,34.9797234707424,34.8720648938377,35.0595175811145,60
"4016",2028,35.048932408004,34.9100403406756,35.1825812437641,60
"4016",2029,35.2095429725633,35.0243298367637,35.4328474480247,60
"4016",2030,35.4382034073174,35.1527268349812,35.7796288361539,60
"4016",2031,35.6560019469505,35.2706188805284,36.1163720036736,60
"4016",2032,35.8696963389888,35.3933411670756,36.4497894700721,60
"4016",2033,36.2666240495407,35.6483815285508,37.0427271285524,60
"4016",2034,36.752494121366,35.9652418686943,37.7593876224701,60
"4016",2035,37.2839902688823,36.3122062709616,38.5432261457594,60
"4016",2036,37.6704548137898,36.5542563937956,39.1256288994145,60
"4016",2037,38.1370850578458,36.8531813163531,39.8223328518806,60
"4016",2038,38.8689167446365,37.335424260131,40.9019115383591,60
"4016",2039,39.4954263822638,37.7420817546009,41.8345988367782,60
"4016",2040,40.1902642706937,38.1929692595345,42.8721455139536,60
"4016",2041,41.0493590133964,38.7574990936697,44.1501155171658,60
"4016",2042,41.5791379250198,39.0892867750727,44.957174782416,60
"4016",2043,42.603136216862,39.7612127999,46.48928542749,60
"4016",2044,43.2902398018024,40.1979424617797,47.5338542449869,60
"4016",2045,43.9474698462877,40.6101989886992,48.5412329865835,60
"4016",2046,44.6517340342226,41.0528319420864,49.6215579278044,60
"4016",2047,45.8492941667159,41.8303433798107,51.4380933090788,60
"4016",2048,46.8226422818927,42.4514811756247,52.9321991036469,60
"4016",2049,47.8380741705876,43.0957060690987,54.5092648443822,60
"4016",2050,48.5448399707686,43.5283225211962,55.6224910613627,60
"4018",2026,59.6489146222101,59.5658754531415,59.7205102529637,60
"4018",2027,59.6361423207552,59.5007717406059,59.7762634190252,60
"4018",2028,59.723427539915,59.5004045250743,59.9680183945956,60
"4018",2029,59.888402897007,59.5454601270664,60.2675204531674,60
"4018",2030,60.0686106787283,59.6002058622379,60.5892451893878,60
"4018",2031,60.311272177458,59.6956812191302,60.9990771648613,60
"4018",2032,60.7846695673997,59.9445242142181,61.7309275531188,60
"4018",2033,61.3461310624445,60.2489720201519,62.5910848268129,60
"4018",2034,61.8475839609513,60.5106460607371,63.3723299525587,60
"4018",2035,62.46665462659,60.8467118511022,64.3245030092961,60
"4018",2036,63.2923110039745,61.3169038675755,65.5732142998468,60
"4018",2037,64.0124942527737,61.7143050335851,66.6785563550928,60
"4018",2038,64.8945662620475,62.2254678016458,68.0207360716102,60
"4018",2039,65.6289788660135,62.6534388319735,69.1546862607649,60
"4018",2040,66.454721504269,63.1425061351843,70.4265689867039,60
"4018",2041,67.4818599285744,63.7721557367582,71.9930300343319,60
"4018",2042,68.2626989912472,64.2263026302328,73.2074716109686,60
"4018",2043,69.444232998153,64.9594762319197,75.0093582258196,60
"4018",2044,70.2722600891545,65.4432736206705,76.2998976174901,60
"4018",2045,71.2848287672146,66.0534447966515,77.8654823984731,60
"4018",2046,72.518943461364,66.8169576022013,79.7595122755168,60
"4018",2047,73.7821717626131,67.5937693549913,81.7098978097829,60
"4018",2048,75.5186452176754,68.6950014326846,84.3694645448342,60
"4018",2049,76.5770366411919,69.3270657778936,86.0219103202682,60
"4018",2050,77.7435664520904,70.0282056075971,87.8445766725237,60
"4020",2026,76.219377036325,76.1804973367007,76.3408645958689,60
"4020",2027,76.1154857181549,76.0464706417115,76.305832061669,60
"4020",2028,76.0471195781029,75.9435077017273,76.3030463815161,60
"4020",2029,76.0876674998329,75.9373508346223,76.4400540968716,60
"4020",2030,76.1875081951623,75.985261521671,76.6528270656493,60
"4020",2031,76.4198042504129,76.1305155302183,77.0460156664896,60
"4020",2032,76.8384944702477,76.4224290666287,77.6658520862927,60
"4020",2033,77.2292347296478,76.6926890486159,78.2469133162817,60
"4020",2034,77.7621703335026,77.0718774133111,79.010807512387,60
"4020",2035,78.146335767092,77.3460350361392,79.5735325407744,60
"4020",2036,78.8433204834256,77.8548610901481,80.5691931177039,60
"4020",2037,79.6311157257499,78.4338949540865,81.6871101431975,60
"4020",2038,80.467586411242,79.0508011163757,82.8707340395395,60
"4020",2039,81.1623524298024,79.5671600916537,83.8522073835063,60
"4020",2040,81.72690917949,79.9904310653398,84.6483929082535,60
"4020",2041,82.8199898630009,80.8023168746979,86.1826514385936,60
"4020",2042,83.8680962237808,81.5816641148888,87.654454042827,60
"4020",2043,84.8188768949634,82.2942736720192,88.9836573388758,60
"4020",2044,85.8608295284984,83.0728703755486,90.4426442715973,60
"4020",2045,86.7483308842339,83.7420783291092,91.6793303486434,60
"4020",2046,88.1805685481606,84.8067029355434,93.6885278159478,60
"4020",2047,89.5707233473242,85.8404634593074,95.6399738225116,60
"4020",2048,90.625426203211,86.6342569312702,97.1103961980569,60
"4020",2049,92.0894650888873,87.7234108558071,99.1659520963277,60
"4020",2050,93.2955896069958,88.6266665073503,100.85336054458,60
"4022",2026,27.6576217652288,27.6185977362379,27.7062857887841,60
"4022",2027,27.5592121221031,27.4980814664747,27.6358364354225,60
"4022",2028,27.5080800601875,27.4126174993644,27.6286989807263,60
"4022",2029,27.5028587168183,27.3609435144609,27.6852859246598,60
"4022",2030,27.5546376442121,27.3508984116331,27.8214478297542,60
"4022",2031,27.6365761418299,27.3619458629951,28.0012628369387,60
"4022",2032,27.7754307670063,27.4145356642086,28.2608002267268,60
"4022",2033,27.9003280385378,27.4558831641116,28.503018575526,60
"4022",2034,28.1015349842745,27.5526255125321,28.8528609214179,60
"4022",2035,28.3888827046318,27.7105219695112,29.3268797299854,60
"4022",2036,28.5346916359944,27.7659068200232,29.6015632993615,60
"4022",2037,28.8157134963878,27.9172025472892,30.0710951476017,60
"4022",2038,29.1513447962738,28.1065426792437,30.6212296666508,60
"4022",2039,29.4895436187853,28.2969997527382,31.1770222496759,60
"4022",2040,29.7597760089679,28.4391569737457,31.6351271662961,60
"4022",2041,29.9113820592967,28.4961981220634,31.9230311104343,60
"4022",2042,30.2458903238372,28.6812528551492,32.4791091803942,60
"4022",2043,30.5797925163461,28.8634671585348,33.0386504803272,60
"4022",2044,31.0486149396156,29.1409049183503,33.7958804768021,60
"4022",2045,31.2744702193576,29.2465134330022,34.1988565436538,60
"4022",2046,31.1646677124402,29.1201867123081,34.1028945830588,60
"4022",2047,31.5740860788204,29.3529825730763,34.7781104094241,60
"4022",2048,31.939421613676,29.5543432195669,35.3898374510981,60
"4022",2049,32.2487874056496,29.7162416837358,35.9197900002802,60
"4022",2050,32.5913948049645,29.9006176133151,36.5003220597203,60
"4024",2026,17.8376249444688,17.8097295355005,17.8605149126285,60
"4024",2027,17.7927319730291,17.7522264605807,17.8300945828328,60
"4024",2028,17.8193293463533,17.7517923299599,17.8942557595807,60
"4024",2029,17.8859174755298,17.7727647604091,18.01286813218,60
"4024",2030,17.8550160804011,17.7228463311836,18.0032737426765,60
"4024",2031,17.9561825774601,17.7661246058065,18.1725813490942,60
"4024",2032,17.9993993490817,17.768329626384,18.264499820088,60
"4024",2033,18.2136306883925,17.8890736274046,18.5945775464465,60
"4024",2034,18.4353055795067,18.0119419185592,18.9402982131824,60
"4024",2035,18.4762875361611,18.0091550918647,19.0340502836156,60
"4024",2036,18.5985256293072,18.0605403216832,19.244623765974,60
"4024",2037,18.7010090685409,18.0971590760749,19.4290908998981,60
"4024",2038,19.1767264223207,18.3889850245732,20.1445536758506,60
"4024",2039,19.307188057642,18.4403566733572,20.3755723111829,60
"4024",2040,19.4167118057431,18.4761478130855,20.5785567013006,60
"4024",2041,19.7472164290457,18.6628722642911,21.0980425092791,60
"4024",2042,19.8018537978192,18.6588953665403,21.2258203626479,60
"4024",2043,20.3410540195896,18.9831053377812,22.0537273337649,60
"4024",2044,20.410102646699,18.989071139603,22.2020565042798,60
"4024",2045,20.6727739783827,19.1239877018626,22.6340841726653,60
"4024",2046,21.2674158666018,19.4789244268818,23.556487365788,60
"4024",2047,21.0466403435679,19.2886565521756,23.2828932603313,60
"4024",2048,21.7120114745931,19.6875060805692,24.3157956002304,60
"4024",2049,22.4246370052277,20.1136786218683,25.4283692817692,60
"4024",2050,22.373496852616,20.0345514723968,25.4056283705916,60
"4026",2026,62.687484368573,62.530754472301,62.8154958711451,60
"4026",2027,62.6827299279776,62.457008393888,62.8994274221094,60
"4026",2028,62.7602683676516,62.4521222216927,63.0971605222609,60
"4026",2029,63.0297895083538,62.5935299710045,63.5591405913943,60
"4026",2030,63.3546493767033,62.7492224515591,64.100223295363,60
"4026",2031,63.998734166302,63.1287891875733,65.0908109196764,60
"4026",2032,64.6258190133206,63.4941874623174,66.063447567799,60
"4026",2033,65.2778270746664,63.8755428877944,67.0753586596315,60
"4026",2034,66.2186167788344,64.4540885859138,68.5063640457891,60
"4026",2035,67.4009930489639,65.1970511801121,70.292218549782,60
"4026",2036,68.6739694998186,65.9967535913415,72.2221929542513,60
"4026",2037,69.941574074599,66.7876941976543,74.1561550258716,60
"4026",2038,70.9298469146426,67.3856116309011,75.6871226420308,60
"4026",2039,72.0963638507605,68.0999684307929,77.4890819540757,60
"4026",2040,73.5865714754011,69.0266058279107,79.7830421464922,60
"4026",2041,74.8749966732684,69.8126962076831,81.7869092025662,60
"4026",2042,76.4112948503995,70.755662393031,84.178734131378,60
"4026",2043,77.5485589327807,71.4303732023664,85.9755809790541,60
"4026",2044,78.8439784115251,72.2042761167341,88.0218364464427,60
"4026",2045,79.7450279694328,72.7149550651817,89.4741954713526,60
"4026",2046,81.2514746342237,73.6189521277236,91.8583632330933,60
"4026",2047,83.1058925892588,74.7470196831042,94.7848296654693,60
"4026",2048,84.0519895901921,75.2725340943053,96.331443407241,60
"4026",2049,85.4442824865197,76.0904168307872,98.563831963248,60
"4026",2050,87.1221667468217,77.0873079179078,101.250366031124,60
"4028",2026,20.1448114382725,20.1171975642956,20.2021350437205,60
"4028",2027,20.2537674768612,20.208619719717,20.3411270117615,60
"4028",2028,20.4108525657592,20.345656695426,20.5435965250827,60
"4028",2029,20.5168081216971,20.4366061025467,20.6809393156752,60
"4028",2030,20.7198399638921,20.6083512922307,20.9472475362014,60
"4028",2031,20.9155186123928,20.7670174355231,21.2068635812232,60
"4028",2032,21.1272351372434,20.9380607436182,21.4897745192359,60
"4028",2033,21.59718296278,21.2985420435877,22.1398480001732,60
"4028",2034,21.8976925627196,21.53518208151,22.5492603162418,60
"4028",2035,22.2283406581517,21.7941860923931,23.0016079947214,60
"4028",2036,22.5917223357905,22.0773324399648,23.5009502509201,60
"4028",2037,23.0945626599052,22.4599725442306,24.2068829928665,60
"4028",2038,23.7576738765624,22.9567708912814,25.1467862644689,60
"4028",2039,24.3518755857041,23.4034644538351,25.9792209962104,60
"4028",2040,24.9041515470018,23.8201477786345,26.7522157048474,60
"4028",2041,25.2913429810057,24.1185712743348,27.2874498815496,60
"4028",2042,26.0459869718809,24.6761901460147,28.3601942124278,60
"4028",2043,27.052118355826,25.4063905889223,29.8117349362115,60
"4028",2044,27.5684378561614,25.7933700376363,30.5414374452354,60
"4028",2045,28.250691115742,26.2957131494946,31.5185234828832,60
"4028",2046,29.047949881373,26.8748602613626,32.6730924365156,60
"4028",2047,29.8649825492,27.4666072881828,33.8606640811483,60
"4028",2048,30.7997396484165,28.1354998986049,35.2344837483611,60
"4028",2049,31.4389519732906,28.6005438193343,36.1626948833374,60
"4028",2050,32.318302894123,29.2291782262151,37.458406128685,60
"4030",2026,22.8830463383925,22.5411774893425,22.9388961718023,60
"4030",2027,22.8581245951483,22.3841449166365,22.9370115283711,60
"4030",2028,22.9811652184032,22.3355905470274,23.1190966000666,60
"4030",2029,23.1877647872685,22.3485126634549,23.4226084529771,60
"4030",2030,23.3377518681057,22.3195509013366,23.6529138626067,60
"4030",2031,23.5041752669227,22.3032176553008,23.9039423171337,60
"4030",2032,23.7792990995277,22.3655774957173,24.3049014623602,60
"4030",2033,23.951918352268,22.3536628261592,24.5652759197331,60
"4030",2034,24.4577299030589,22.5557887613872,25.2864672683105,60
"4030",2035,25.0305551367128,22.7886229923477,26.1083941412058,60
"4030",2036,25.5637957598186,22.9971390103369,26.8761038632513,60
"4030",2037,26.008675941294,23.1487657961277,27.5232717086583,60
"4030",2038,26.5397338980586,23.3552966899805,28.2910059979509,60
"4030",2039,27.1247125399059,23.594799257799,29.1371869028034,60
"4030",2040,28.1520091265143,24.1009623244207,30.6302004898679,60
"4030",2041,28.5968257150902,24.2519134725157,31.2810745497176,60
"4030",2042,29.6131552357063,24.7481323103344,32.7691774459439,60
"4030",2043,30.3528524466763,25.0793596600833,33.8499028589258,60
"4030",2044,30.6719029337163,25.1521841044989,34.320635718565,60
"4030",2045,31.5197392694917,25.5452075769034,35.5677428980081,60
"4030",2046,32.68081188945,26.1205325605969,37.2764482836348,60
"4030",2047,33.4017002481478,26.4363939145835,38.3328768620663,60
"4030",2048,33.9080538543359,26.6212448203791,39.0794202753892,60
"4030",2049,34.7726293589775,27.0141002260028,40.3631887190297,60
"4030",2050,35.3958385480971,27.267730615987,41.2836607406791,60
"4032",2026,15.044477585373,14.9056443195159,15.0851406584735,60
"4032",2027,15.1029499396229,14.9102411952006,15.1720483489435,60
"4032",2028,15.1808810646745,14.9333838385202,15.2841821956337,60
"4032",2029,15.2591160343264,14.9568807797226,15.3980438744487,60
"4032",2030,15.4479294164542,15.0865033211201,15.6631387729653,60
"4032",2031,15.6301242593528,15.2100074154555,15.9211316325386,60
"4032",2032,15.7824823975884,15.3047981576135,16.137920906739,60
"4032",2033,16.0327809776826,15.4818552737909,16.4937289708468,60
"4032",2034,16.3009551063035,15.6647514214972,16.8769918088535,60
"4032",2035,16.5986914386498,15.8718337501553,17.303869440693,60
"4032",2036,16.7422217357143,15.9525201739888,17.5082592482422,60
"4032",2037,17.147561051736,16.2267171557443,18.0923144568454,60
"4032",2038,17.5150584113084,16.4509509322761,18.6232605542015,60
"4032",2039,17.6646982651812,16.5386406168625,18.8350162481839,60
"4032",2040,18.0369975948374,16.7633444888758,19.3770488572382,60
"4032",2041,18.5059989482484,17.0475055115168,20.063885871416,60
"4032",2042,19.029095167139,17.3639584297293,20.8342575482194,60
"4032",2043,19.5210638578907,17.6568863037637,21.5655303134934,60
"4032",2044,19.8373488587489,17.8448322888602,22.0295034422497,60
"4032",2045,20.3880248228846,18.1718217221574,22.8535097929489,60
"4032",2046,20.8348625555472,18.4307561108214,23.528053725537,60
"4032",2047,21.5721949323898,18.8674989709974,24.6441267405453,60
"4032",2048,21.8625695874232,19.0300119828413,25.0834484297163,60
"4032",2049,21.8647317513847,19.018532975604,25.0815249850542,60
"4032",2050,22.6393340395387,19.4702924821765,26.2673659664843,60
"4034",2026,20.0114347286582,19.9732237488334,20.0568613502487,60
"4034",2027,20.0111077421908,19.9571179766304,20.0753896102697,60
"4034",2028,20.0638955145151,19.9867748627449,20.1676670131501,60
"4034",2029,20.1763621926811,20.0632187582038,20.3436581816527,60
"4034",2030,20.2851871875597,20.1270996728633,20.5167490502135,60
"4034",2031,20.3876121570687,20.1855020356938,20.6823766935908,60
"4034",2032,20.5755138581312,20.3047334676084,20.96859077335,60
"4034",2033,20.7934902221074,20.444032553268,21.2997862525269,60
"4034",2034,21.0388873560864,20.6033776255144,21.6696980300801,60
"4034",2035,21.4353517612185,20.8692060040022,22.256923304583,60
"4034",2036,21.6738367621975,21.0220398759091,22.6225185745928,60
"4034",2037,22.0947487387269,21.3030402483956,23.2545267466822,60
"4034",2038,22.3689742010611,21.4776418110512,23.6784675273886,60
"4034",2039,22.9004828035711,21.8331104042982,24.4798955684835,60
"4034",2040,23.4937673185653,22.2293050297363,25.3786624669176,60
"4034",2041,23.8009963133307,22.423221925707,25.8591189549788,60
"4034",2042,24.3189059189427,22.7617508657565,26.6568881132763,60
"4034",2043,24.8098267058321,23.079891791506,27.418228922154,60
"4034",2044,25.4768515500122,23.514705227493,28.4541658536828,60
"4034",2045,26.2514261751898,24.017417398947,29.6658473376798,60
"4034",2046,26.605281992512,24.2342050053764,30.234548064407,60
"4034",2047,26.9471255658335,24.4388668649146,30.7918071894166,60
"4034",2048,27.5267768710214,24.8000035730043,31.7235520072877,60
"4034",2049,27.7717000637354,24.9329646713163,32.1423971943074,60
"4034",2050,28.6605076252164,25.4977243589484,33.5635006109548,60
"4036",2026,37.0829508678515,36.9159505903088,37.1867860675274,60
"4036",2027,37.2336951576843,36.9905170781579,37.4117347705089,60
"4036",2028,37.4257572243073,37.1019347698046,37.6966481962611,60
"4036",2029,37.6220407503009,37.2170647752338,37.9882477201403,60
"4036",2030,37.8567551892242,37.3662863268967,38.3348594601525,60
"4036",2031,38.2745138139538,37.6723621007161,38.9370777662288,60
"4036",2032,38.7931393866119,38.041331175766,39.6674004586518,60
"4036",2033,39.201208716871,38.2950223730837,40.2553098451333,60
"4036",2034,39.7268741866848,38.6254579498048,41.0087609718987,60
"4036",2035,40.328783184315,39.003414988646,41.8733130257185,60
"4036",2036,41.054140283906,39.460127822494,42.9158396813165,60
"4036",2037,41.8075617821287,39.9333685427683,44.001961123589,60
"4036",2038,42.4850419760035,40.3567310656072,44.9818524443376,60
"4036",2039,43.0604919636281,40.7122236624577,45.818767750066,60
"4036",2040,44.0582174132915,41.3355435028334,47.2685323870009,60
"4036",2041,44.9177608313912,41.8692169157816,48.522417129267,60
"4036",2042,45.8900637048142,42.4698988891331,49.9476559308915,60
"4036",2043,46.7630100451583,43.0063626517757,51.2315193222637,60
"4036",2044,48.0156498055958,43.7782180371918,53.0936897097707,60
"4036",2045,49.0383256151391,44.4012585924864,54.6211548553117,60
"4036",2046,50.056618104077,45.0228720351326,56.1416012764606,60
"4036",2047,51.1717428387053,45.6957863592967,57.8218653721701,60
"4036",2048,52.2601603305102,46.403782993911,59.4613985724348,60
"4036",2049,53.5920356848863,47.3383532235837,61.4826100964091,60
"4036",2050,54.6673399687363,48.0646099185586,63.1166269107705,60
"4201",2026,69.3448958227904,68.5971035134796,69.5211747776238,60
"4201",2027,69.6145413274613,68.5798012991311,69.9043142272783,60
"4201",2028,70.0987885399725,68.766850913843,70.5734991506276,60
"4201",2029,70.6139505057098,68.9835935803666,71.2857080106447,60
"4201",2030,71.3081370796016,69.3714904433649,72.2410540064643,60
"4201",2031,72.1180300190347,69.8700245395191,73.3541291773064,60
"4201",2032,73.1449796355827,70.57669181616,74.779568311833,60
"4201",2033,74.4998141989604,71.5981225583279,76.6854984369963,60
"4201",2034,75.7026773449182,72.4235356249446,78.3816280858201,60
"4201",2035,77.0466118199179,73.3242458570696,80.2845401634854,60
"4201",2036,78.6425901256742,74.4278498856132,82.5574001158053,60
"4201",2037,80.3460972782937,75.6173975845843,84.9939944627281,60
"4201",2038,82.2352717480269,76.9256424425602,87.7103057974019,60
"4201",2039,83.8599749731895,77.920878463234,90.0459669127363,60
"4201",2040,85.6708078139005,79.0391684190739,92.664411978747,60
"4201",2041,87.625218424089,80.3883210437727,95.5020762185631,60
"4201",2042,89.7162045076276,81.8412766822768,98.5503258779919,60
"4201",2043,91.9591497475701,83.4285326416336,101.838181141279,60
"4201",2044,93.4957420487173,84.4543104179995,104.069538145194,60
"4201",2045,95.5659015994577,85.9044502393523,107.105679549366,60
"4201",2046,97.5845231288955,87.3121470960485,110.07266009264,60
"4201",2047,100.353230643023,89.3137990379985,114.188948476348,60
"4201",2048,102.548666387096,90.7488755159368,117.437179726531,60
"4201",2049,104.805577953636,92.2214212621637,120.784181822285,60
"4201",2050,107.756344975407,94.1469228996037,125.213029363418,60
"4202",2026,149.531884486649,149.249655877108,150.118248964157,60
"4202",2027,150.811955562591,150.392792943303,151.650166391999,60
"4202",2028,152.402999700027,151.8087404394,153.529549800501,60
"4202",2029,154.232143502585,153.446916302947,155.673692654951,60
"4202",2030,156.360457149881,155.407750875244,158.154261641459,60
"4202",2031,158.6172867674,157.428732480074,160.835046940665,60
"4202",2032,161.102347143197,159.650770330231,163.800516652765,60
"4202",2033,163.879329156005,162.126689343189,167.164667092626,60
"4202",2034,166.939950145311,164.847336359883,170.890145161451,60
"4202",2035,170.376958022686,167.848434179345,175.105248671,60
"4202",2036,173.865844686516,170.901465171537,179.411330710175,60
"4202",2037,177.35156054556,173.960815073927,183.72298971076,60
"4202",2038,181.288316415864,177.376936878893,188.658916648427,60
"4202",2039,185.506251818303,181.018539047541,193.983421303717,60
"4202",2040,189.992061431572,184.819751645935,199.679467690222,60
"4202",2041,194.287068032163,188.465300926224,205.092702739928,60
"4202",2042,198.579397942911,192.115960518804,210.493070892477,60
"4202",2043,203.265844257357,196.058622908807,216.4502658556,60
"4202",2044,209.03392738271,200.787096228268,223.966170822115,60
"4202",2045,214.681600114377,205.430261033076,231.314133122376,60
"4202",2046,220.171700269485,209.965292191829,238.429165367648,60
"4202",2047,226.136030009998,214.840201682477,246.239568218747,60
"4202",2048,231.808014162762,219.508192547819,253.622725097192,60
"4202",2049,239.229986370094,225.418763065602,263.589419819952,60
"4202",2050,246.66500884483,231.333489430047,273.593580221666,60
"4203",2026,342.758277082624,342.033021627604,343.471089368401,60
"4203",2027,343.493430377048,342.353804851348,344.691742533048,60
"4203",2028,344.638632095234,342.966309162313,346.434986150934,60
"4203",2029,346.308426696374,343.979010221739,348.907149151357,60
"4203",2030,348.430625164018,345.337542276025,351.988763891352,60
"4203",2031,351.199843675571,347.181215304827,355.953099882908,60
"4203",2032,354.542484754572,349.45272391156,360.706364627914,60
"4203",2033,358.362662081941,352.081335186824,366.11847593711,60
"4203",2034,362.74058251448,355.122816441246,372.28143546801,60
"4203",2035,367.464267650136,358.425808996198,378.882069067572,60
"4203",2036,372.984416192551,362.311477245542,386.585116805562,60
"4203",2037,378.940228003989,366.516178616977,394.896048789389,60
"4203",2038,385.483105658197,371.145452932593,404.033006590023,60
"4203",2039,392.277398716848,375.956307951949,413.529572403109,60
"4203",2040,399.503599008649,381.074466283107,423.645431395611,60
"4203",2041,407.281525600044,386.58145517941,434.557534136372,60
"4203",2042,414.732750465166,391.860200521986,445.007154695416,60
"4203",2043,423.326049142312,397.934735168834,457.113636574182,60
"4203",2044,431.900832364342,403.993110422532,469.243787164379,60
"4203",2045,441.22072319847,410.562848534208,482.523202178185,60
"4203",2046,450.992857607883,417.438688208547,496.492894003204,60
"4203",2047,460.200680446262,423.91519383891,509.651410834131,60
"4203",2048,470.297876457009,430.992216642714,524.1611115368,60
"4203",2049,480.584675273787,438.188354809986,538.982137235631,60
"4203",2050,491.604619736328,445.869552485055,554.94050181635,60
"4204",2026,714.044640814347,712.914016567534,716.444030478969,60
"4204",2027,717.092932255537,715.263628537781,720.548206451228,60
"4204",2028,721.05596388935,718.352836426631,725.66575022964,60
"4204",2029,726.10763065615,722.413161823659,732.000709738639,60
"4204",2030,732.143685380246,727.513476788824,739.434228606322,60
"4204",2031,739.069624248958,733.365313461705,748.0600534231,60
"4204",2032,747.318848197495,740.089437703035,758.416626606262,60
"4204",2033,756.625738269727,747.67096758846,770.074228080588,60
"4204",2034,767.257805285671,756.301235627844,783.392312477505,60
"4204",2035,778.558736000334,765.496297751115,797.511196215189,60
"4204",2036,790.968738896508,775.574659498003,813.016834281048,60
"4204",2037,804.650804258327,786.645047907377,830.176960503966,60
"4204",2038,819.06828745025,798.303961812013,848.172930450892,60
"4204",2039,834.672034033668,810.871836652827,867.526510407815,60
"4204",2040,850.861149101142,823.910728386983,887.597181437588,60
"4204",2041,868.499433550618,838.034940091873,909.54630186984,60
"4204",2042,887.031690608591,852.839052771135,932.70149400417,60
"4204",2043,905.655120813037,867.743412186849,956.159548748045,60
"4204",2044,926.31056351218,884.128952985643,982.819142855024,60
"4204",2045,948.05072900067,901.31294750366,1010.92346643532,60
"4204",2046,971.119582643426,919.455340283535,1040.35897748678,60
"4204",2047,994.911669376791,938.121755972383,1070.77949217799,60
"4204",2048,1018.31283261231,956.516617364297,1100.67123628436,60
"4204",2049,1044.1542493716,976.636418891105,1133.91430813843,60
"4204",2050,1071.78198801996,998.007037489325,1169.63528648658,60
"4205",2026,167.193060576911,166.695643626701,167.898423424963,60
"4205",2027,167.985379234842,167.248592169022,169.035861062671,60
"4205",2028,168.967590579552,167.96184029435,170.460965465046,60
"4205",2029,170.25481749351,168.930983409645,172.299707434268,60
"4205",2030,171.708197621767,170.040212673502,174.345643347365,60
"4205",2031,173.464898352039,171.402773327448,176.80264859438,60
"4205",2032,175.700409605052,173.162409674757,179.914591273924,60
"4205",2033,177.982367491996,174.901342904786,183.091160568261,60
"4205",2034,180.549908732117,176.861046640845,186.679933484774,60
"4205",2035,183.327790879958,178.983153120293,190.578740999764,60
"4205",2036,186.428153223167,181.353403509801,194.935223113885,60
"4205",2037,190.216254689037,184.272163770035,200.275916824522,60
"4205",2038,193.863411446484,187.028953737813,205.425154797557,60
"4205",2039,197.681461493184,189.837824338519,210.825683192957,60
"4205",2040,201.462636775139,192.621183855618,216.176841947365,60
"4205",2041,205.842967634844,195.815872208769,222.432154283626,60
"4205",2042,210.390230294826,199.123755668408,228.957161878793,60
"4205",2043,214.814002498025,202.34521670453,235.306472007013,60
"4205",2044,219.50538603944,205.74339081324,242.069491708441,60
"4205",2045,223.897896318953,208.935627522544,248.392268753695,60
"4205",2046,229.320498879187,212.823999953648,256.274768104488,60
"4205",2047,234.965368064521,216.854189906229,264.513964460978,60
"4205",2048,240.007894780225,220.46713369701,271.862521870937,60
"4205",2049,245.76383246461,224.553243365489,280.312865987851,60
"4205",2050,251.513373059129,228.624050188667,288.777360228953,60
"4206",2026,71.2118159014617,71.0507658925238,71.6286292308042,60
"4206",2027,71.4114440970811,71.1686458029919,72.0039735386192,60
"4206",2028,71.6730014334994,71.3371290564022,72.4515144515589,60
"4206",2029,71.9884954160755,71.5496162970675,72.9620095360497,60
"4206",2030,72.4694398874811,71.8991235708638,73.6651879151477,60
"4206",2031,73.046425206551,72.3270187339033,74.4809411352219,60
"4206",2032,73.6164445126149,72.7405455038744,75.2898676756719,60
"4206",2033,74.2942054608755,73.2332622855469,76.2747400276375,60
"4206",2034,74.9909641175057,73.7390064656486,77.3078377626647,60
"4206",2035,75.8034117417511,74.3347716328149,78.549932204333,60
"4206",2036,76.6689440219309,74.9703211063377,79.8749524381873,60
"4206",2037,77.6936597843786,75.728849215646,81.4388026004967,60
"4206",2038,78.6158904038171,76.4047346984736,82.858670773213,60
"4206",2039,79.7147822348791,77.2159544521375,84.5467755242961,60
"4206",2040,80.6946802256222,77.9319170974879,86.0652891278249,60
"4206",2041,81.7062795348826,78.6706159254402,87.6362657157323,60
"4206",2042,82.9021452498865,79.5495767832379,89.4901504617098,60
"4206",2043,84.0302505683404,80.375811259281,91.2441407471328,60
"4206",2044,85.2836501747572,81.2954388046973,93.1947182112635,60
"4206",2045,86.2771014368088,82.0098408960747,94.763243632047,60
"4206",2046,87.85741828183,83.1761660937913,97.2199137739959,60
"4206",2047,89.3411762774843,84.2637026686729,99.5428871308553,60
"4206",2048,90.6189722255862,85.1903328451403,101.56043706536,60
"4206",2049,92.2978689758517,86.4206082686327,104.200439447801,60
"4206",2050,93.8839227203855,87.5748779975388,106.712087043371,60
"4207",2026,59.6125480446239,59.5281786407225,59.8144822597968,60
"4207",2027,59.5546829272404,59.4115554319712,59.8697743780137,60
"4207",2028,59.5204779235787,59.310043252254,59.9607171409909,60
"4207",2029,59.6292133750991,59.3114999647461,60.251031814092,60
"4207",2030,59.8196919247809,59.3698753299687,60.6589349518938,60
"4207",2031,60.0283091114487,59.4388513681029,61.0980667519027,60
"4207",2032,60.3087685803467,59.5576836123045,61.6549255277794,60
"4207",2033,60.6622533832751,59.7264541074184,62.3234276145402,60
"4207",2034,61.1689520110146,60.0031703458577,63.2209262680223,60
"4207",2035,61.8530516838721,60.4049606521519,64.384920889778,60
"4207",2036,62.4510699025806,60.7424076780784,65.428812366762,60
"4207",2037,63.0610243057207,61.0854655525732,66.4968561771539,60
"4207",2038,63.6222886326669,61.3913244813254,67.4979036487276,60
"4207",2039,64.6012899074175,61.9906742528643,69.1308425352446,60
"4207",2040,65.4200885222673,62.4735153715071,70.531077435467,60
"4207",2041,66.1301746202514,62.8760784446979,71.7747938256817,60
"4207",2042,67.1560661931076,63.4968000850913,73.506169566913,60
"4207",2043,67.9523613987196,63.9540613147561,74.8939504714494,60
"4207",2044,69.1360415281321,64.6778061020203,76.8841593582246,60
"4207",2045,70.4355033519838,65.4760867154985,79.0668249183502,60
"4207",2046,71.1179396354177,65.8428316918355,80.3032615239408,60
"4207",2047,72.4080300624265,66.6256878551849,82.4920689740111,60
"4207",2048,73.1942529578764,67.0566425545249,83.9051707325634,60
"4207",2049,74.750920037889,68.0109089885942,86.5378244154338,60
"4207",2050,76.2726585923132,68.9338713152954,89.1334739609059,60
"4211",2026,26.0414052363244,25.5661522047589,26.1355672486664,60
"4211",2027,26.1055681903037,25.4427028685655,26.2436412117018,60
"4211",2028,26.2402996705032,25.3761972970762,26.4355570755772,60
"4211",2029,26.384584481356,25.3173820342717,26.6452049552485,60
"4211",2030,26.6752223521473,25.3766195828278,27.0400480561008,60
"4211",2031,26.8659590117771,25.355236277255,27.3106152170817,60
"4211",2032,27.1787347761381,25.4323450610466,27.7474518557678,60
"4211",2033,27.5381532350421,25.5470193947264,28.2575148595801,60
"4211",2034,27.896486254141,25.66082543154,28.7672553001765,60
"4211",2035,28.3978473589352,25.8899433718617,29.4788720959618,60
"4211",2036,28.9640562938503,26.1712687974894,30.2868919843903,60
"4211",2037,29.6075099751962,26.5149377165213,31.2060093247565,60
"4211",2038,29.9860133367033,26.6449481559777,31.7507914744279,60
"4211",2039,30.6113995645181,26.9739736513541,32.6506388077699,60
"4211",2040,31.451864040106,27.4763743094613,33.8653371766235,60
"4211",2041,31.8778990722269,27.6446996109206,34.4812129913822,60
"4211",2042,32.847010104364,28.2506951334936,35.895374705574,60
"4211",2043,33.478230408707,28.5843029347583,36.8181607788831,60
"4211",2044,34.0983991185087,28.9089912490024,37.7262003752979,60
"4211",2045,35.0533550978569,29.503424893786,39.1365709488313,60
"4211",2046,35.5320124863093,29.7100518437146,39.8379467815845,60
"4211",2047,36.6860504401608,30.3696698524872,41.5529373214708,60
"4211",2048,37.6834205910603,30.9189987170037,43.045561018067,60
"4211",2049,38.4728161782439,31.3281911816201,44.2237993569443,60
"4211",2050,39.672996358475,32.0120471738695,46.0331104390098,60
"4212",2026,20.3271396488246,20.1037386551485,20.3673370856222,60
"4212",2027,20.5197586302194,20.2085586284439,20.5943998493673,60
"4212",2028,20.6677009657167,20.2705980444341,20.7596437342481,60
"4212",2029,20.9338590165438,20.4448135938028,21.0837833132044,60
"4212",2030,21.2071170255061,20.6240902141577,21.4157004212219,60
"4212",2031,21.4765384089124,20.7995838217915,21.7403136909058,60
"4212",2032,21.7986906926076,21.0243167682074,22.1365797573209,60
"4212",2033,22.1886095443167,21.3124881208937,22.6259278415891,60
"4212",2034,22.5304199847476,21.555305026273,23.0450634916412,60
"4212",2035,23.1193214115116,22.0035858725214,23.8101850302492,60
"4212",2036,23.5763009798388,22.337231659762,24.3814850567886,60
"4212",2037,23.9443186492132,22.5977055608379,24.8255225780402,60
"4212",2038,24.6361123567054,23.1280644496985,25.7177382247174,60
"4212",2039,25.3853390355446,23.7058511240847,26.6926873986124,60
"4212",2040,26.0706031704544,24.230676605616,27.5780556575398,60
"4212",2041,26.7783751084643,24.7745155087557,28.4941495784459,60
"4212",2042,27.561036947154,25.3801102442554,29.5183243519248,60
"4212",2043,28.3865246686417,25.99783559451,30.6064810295096,60
"4212",2044,29.2145778167861,26.5910745218317,31.6984101354034,60
"4212",2045,30.3386774063989,27.3839342199622,33.220032059757,60
"4212",2046,31.2832375914028,28.0518679102487,34.4893952641837,60
"4212",2047,32.3313625544871,28.7897160888491,35.9104520890958,60
"4212",2048,33.4679424556443,29.5867643596692,37.4627373918483,60
"4212",2049,34.2262830532281,30.1269172611614,38.4673696017226,60
"4212",2050,36.0921193988791,31.4041041967523,41.1130378722977,60
"4213",2026,52.3014323067443,52.0701989835972,52.4625200123562,60
"4213",2027,52.5502862803658,52.2228591812103,52.7987631027882,60
"4213",2028,52.8643572703726,52.432157537852,53.223509016101,60
"4213",2029,53.2154972107624,52.6745905845446,53.7042449957825,60
"4213",2030,53.7275501971101,53.0566135028773,54.4043738156886,60
"4213",2031,54.3128830851561,53.4905584623204,55.2035845169375,60
"4213",2032,55.0505820505976,54.0517406366872,56.2126190790244,60
"4213",2033,55.9199841892815,54.7222693856982,57.4056283593895,60
"4213",2034,56.6059048531896,55.2322985296576,58.3396909321958,60
"4213",2035,57.6145545473852,55.9678438498586,59.7268308409463,60
"4213",2036,58.6377585881062,56.7153764337721,61.1338752776196,60
"4213",2037,59.7303185537425,57.5132417013921,62.6420946416044,60
"4213",2038,60.9816256776899,58.4261155698948,64.3792741312317,60
"4213",2039,62.3393429363974,59.4174831570584,66.2730719928575,60
"4213",2040,63.5387859977765,60.3332998326385,67.9383530183275,60
"4213",2041,64.7423257589863,61.2523796538086,69.6103294067738,60
"4213",2042,66.1131754277753,62.268344888937,71.5289153947309,60
"4213",2043,67.5946494415333,63.3571370092501,73.6099894085809,60
"4213",2044,69.0207152440831,64.4072808049451,75.6088107048253,60
"4213",2045,70.4580576632996,65.4628475003543,77.6299882192725,60
"4213",2046,72.1146973404824,66.6753456535893,79.9768718409407,60
"4213",2047,73.7929402923516,67.9015255048289,82.3605530577498,60
"4213",2048,75.5669503026808,69.1959077645176,84.8885488642197,60
"4213",2049,77.2315335004946,70.4109549225926,87.2572159117015,60
"4213",2050,78.7913512931263,71.5501930219787,89.4724481858862,60
"4214",2026,44.1051887594672,43.818656568584,44.304150374738,60
"4214",2027,44.2593465602899,43.8426175785967,44.5353895818598,60
"4214",2028,44.5222565154605,43.9481426441297,44.877477624261,60
"4214",2029,44.84988546753,44.1032847714403,45.2857925990358,60
"4214",2030,45.1835568501778,44.2676991959224,45.7173825207151,60
"4214",2031,45.6247297500701,44.532587126287,46.2663050877447,60
"4214",2032,46.0654809801508,44.8046193941735,46.8171759697484,60
"4214",2033,46.7865942377038,45.2979331064119,47.7479972933258,60
"4214",2034,47.5858498380571,45.8168930405634,48.7833229169115,60
"4214",2035,48.3566489162746,46.3199614288426,49.7761415123131,60
"4214",2036,49.0961089758731,46.806286535916,50.7206258070526,60
"4214",2037,49.9892869021873,47.4029382787122,51.8679003948581,60
"4214",2038,51.0873250245749,48.1435756076236,53.2957602763324,60
"4214",2039,52.3461323404206,48.9946674171707,54.9753045967704,60
"4214",2040,53.3303969061642,49.6620764711182,56.257105637755,60
"4214",2041,54.4015885303489,50.3906932971728,57.6575819618735,60
"4214",2042,55.7416472702492,51.3041273004686,59.4395395230151,60
"4214",2043,57.1120766553754,52.2402677840531,61.2630232345702,60
"4214",2044,58.8665038511654,53.4347815543652,63.6459766685577,60
"4214",2045,60.1260933847087,54.297342825197,65.2982635011035,60
"4214",2046,61.6628773169348,55.3471799074327,67.3413821155795,60
"4214",2047,63.6142644123291,56.6724713094142,69.9782295635778,60
"4214",2048,65.4646105282103,57.9303387203719,72.4732865935199,60
"4214",2049,67.371074364685,59.2234368922041,75.0536522015664,60
"4214",2050,69.5511045744578,60.694358306595,78.034843204091,60
"4215",2026,65.0549741956424,64.9258275602389,65.3949728673896,60
"4215",2027,65.6960713814976,65.4737203996712,66.2202409892759,60
"4215",2028,66.4393061304846,66.1056790655666,67.1836797760218,60
"4215",2029,67.3127635711951,66.8418556232895,68.3171991384061,60
"4215",2030,68.3158618745318,67.6803707967431,69.6211247237754,60
"4215",2031,69.449252546723,68.6216555016667,71.097814769084,60
"4215",2032,70.7498659984755,69.6917549673503,72.7549054522655,60
"4215",2033,72.3079587565619,70.9560176003858,74.6940228401313,60
"4215",2034,73.767249925341,72.156163891875,76.5105833569397,60
"4215",2035,75.3835559821622,73.4775420499611,78.5167475639058,60
"4215",2036,77.1714974080659,74.9301487720427,80.8265662405204,60
"4215",2037,79.1032956532132,76.4936226583451,83.3476332427357,60
"4215",2038,81.226521790315,78.1994653997913,86.1391941871744,60
"4215",2039,83.2877803605122,79.8670282936621,88.8330459975759,60
"4215",2040,85.5032710389286,81.6506673226936,91.7432168845701,60
"4215",2041,87.8568353855412,83.5359620968301,94.8512815470704,60
"4215",2042,90.2459937604943,85.4511358721869,98.0057265866834,60
"4215",2043,92.8696010580208,87.5327294633404,101.506177995224,60
"4215",2044,95.5180299625476,89.6351976036653,105.039854169239,60
"4215",2045,98.2120743532752,91.7713452806052,108.640350381734,60
"4215",2046,101.105074989186,94.0473568961489,112.538439767563,60
"4215",2047,104.102845429097,96.3947694370775,116.598462416853,60
"4215",2048,107.244392324402,98.8412219109878,120.878681339094,60
"4215",2049,110.740088629922,101.53082155782,125.703147017349,60
"4215",2050,113.94530093752,104.017418673787,130.096404191547,60
"4216",2026,30.8102960841296,30.7203551510993,31.1764720229613,60
"4216",2027,30.8217846798792,30.6862632598124,31.3403226424145,60
"4216",2028,30.8991412034452,30.7072182066543,31.5819660918266,60
"4216",2029,30.9800069135946,30.7330575785007,31.8269115913767,60
"4216",2030,31.109788590546,30.8000580907371,32.1297777796544,60
"4216",2031,31.3456852206693,30.9537442344365,32.5595058597703,60
"4216",2032,31.5909498539226,31.1167402975518,32.9997259529612,60
"4216",2033,31.9663785060987,31.3769038289983,33.5961983797667,60
"4216",2034,32.2403793264923,31.5561419888617,34.0695429854766,60
"4216",2035,32.6192670560628,31.8122318339123,34.6696680842922,60
"4216",2036,33.0353606440619,32.0973959785614,35.3143889434825,60
"4216",2037,33.517993756081,32.4320455861622,36.039159890805,60
"4216",2038,34.134680211966,32.8619643296147,36.9266745982626,60
"4216",2039,34.6690777779382,33.2363070321858,37.7130848067451,60
"4216",2040,35.2108853938584,33.6178743558103,38.5078969244574,60
"4216",2041,35.6545067074712,33.9342905746553,39.182174144639,60
"4216",2042,36.3954463146351,34.4548321046689,40.2194043574847,60
"4216",2043,37.0671679917093,34.9317400395065,41.1709575883906,60
"4216",2044,37.810527219967,35.45759167954,42.2101625467542,60
"4216",2045,38.5318354595069,35.9709635144887,43.2216320178826,60
"4216",2046,39.4028159493749,36.5853297320326,44.4166668146105,60
"4216",2047,40.2629133884156,37.1929107817505,45.5983028752776,60
"4216",2048,41.3465755588647,37.9511874091246,47.1123897971382,60
"4216",2049,42.3184250149639,38.6326113307992,48.5215760549157,60
"4216",2050,43.3843248173639,39.3766931875298,50.0666664382524,60
"4217",2026,17.0503410169091,16.9354373300832,17.0799313222353,60
"4217",2027,17.0985455505155,16.9399110208135,17.1473886203652,60
"4217",2028,17.1960307081813,16.9931636932826,17.2813647560453,60
"4217",2029,17.2779862030915,17.0309951378446,17.3935306852237,60
"4217",2030,17.4283846801438,17.1365761525376,17.5962255964296,60
"4217",2031,17.5803829958103,17.2438202751111,17.8015881106329,60
"4217",2032,17.6675272049634,17.2866266418792,17.919533984371,60
"4217",2033,17.8542459072643,17.4282500474103,18.1711542893119,60
"4217",2034,18.0897254052642,17.6109306022993,18.4905506345055,60
"4217",2035,18.3472595626423,17.8032333093981,18.8406135780686,60
"4217",2036,18.5644699474941,17.9584583925629,19.1352910864153,60
"4217",2037,18.8810090500298,18.1970348878836,19.5674012123625,60
"4217",2038,19.2115060739872,18.4472961019306,20.0195539078529,60
"4217",2039,19.533537728152,18.6818242621584,20.4604832597907,60
"4217",2040,19.9408393232452,18.9524024764425,21.0322180974018,60
"4217",2041,20.2124439646822,19.1331742724095,21.4098307941723,60
"4217",2042,20.5521228057993,19.360247324677,21.8837301260383,60
"4217",2043,20.8886604285003,19.5855798826642,22.3529317757607,60
"4217",2044,21.3128880634816,19.8673366261447,22.9509517109039,60
"4217",2045,21.5581175529114,20.0321363480026,23.2889948577609,60
"4217",2046,22.1740030071073,20.4356489062288,24.1709375363056,60
"4217",2047,22.2942959626759,20.5217812810823,24.3230788662344,60
"4217",2048,22.7313647555005,20.8122196661657,24.9402004559878,60
"4217",2049,23.098541084585,21.0553840570276,25.4579610256392,60
"4217",2050,23.8643598951085,21.5496372129315,26.571706629067,60
"4218",2026,11.0447548217885,10.9996037897327,11.045407861073,60
"4218",2027,11.0978382561554,11.0355911230347,11.1043665985545,60
"4218",2028,11.1607821525644,11.0802223903607,11.1746676910512,60
"4218",2029,11.2007977848593,11.1029324457889,11.2131194887888,60
"4218",2030,11.3582547280969,11.2364240884026,11.4033219412086,60
"4218",2031,11.5090456072305,11.3568528281011,11.583216930018,60
"4218",2032,11.6728836656898,11.4887356931049,11.7793356169715,60
"4218",2033,11.8833376218727,11.6600299180679,12.0384712340963,60
"4218",2034,12.0333388675357,11.7819193412594,12.2128492820813,60
"4218",2035,12.2417805905305,11.9530259289303,12.4658662413903,60
"4218",2036,12.5217269579032,12.1845123971192,12.8151177081777,60
"4218",2037,12.7833986209627,12.4014454073946,13.1377292313631,60
"4218",2038,13.0959213228149,12.6596239667422,13.530477925754,60
"4218",2039,13.3090272196822,12.8365261512974,13.7840172305242,60
"4218",2040,13.8119188729545,13.2207789781765,14.4439629445591,60
"4218",2041,14.2357376160422,13.5368998260554,14.9924842243222,60
"4218",2042,14.5353872322113,13.7739461052612,15.3624398205739,60
"4218",2043,14.8646360721643,14.0299262240168,15.7750786362028,60
"4218",2044,15.2680137655716,14.3353659961081,16.2921909875356,60
"4218",2045,15.7789162233309,14.7112961503489,16.9629780339862,60
"4218",2046,16.289552022023,15.0855911481965,17.636111235705,60
"4218",2047,16.7624372367145,15.4475456806814,18.2536988524132,60
"4218",2048,17.2792205442985,15.8646447184553,18.9379650429239,60
"4218",2049,17.7152464568513,16.2161344619563,19.503047436418,60
"4218",2050,18.158739904345,16.5730927330538,20.0816780908412,60
"4219",2026,26.0304047897123,26.0004514538901,26.0855527418102,60
"4219",2027,26.0532001740022,26.0102603121471,26.1312285137289,60
"4219",2028,26.1482802978897,26.0741991405285,26.2710021973521,60
"4219",2029,26.3093891086641,26.189837356959,26.4946357890289,60
"4219",2030,26.3716765251362,26.2312453905895,26.5894001772872,60
"4219",2031,26.5528523356112,26.3630908482531,26.8386567821012,60
"4219",2032,26.7892806197441,26.536993048934,27.1656841738896,60
"4219",2033,26.9932191700158,26.6872009732497,27.450554658177,60
"4219",2034,27.2287607817253,26.8610202531725,27.7794298142643,60
"4219",2035,27.5550392529951,27.1018634549364,28.2325070390305,60
"4219",2036,27.9392813557171,27.3831259224749,28.7664023743253,60
"4219",2037,28.3451108813975,27.6811473387175,29.3323177216713,60
"4219",2038,28.6141070856936,27.8809231372951,29.7043455864502,60
"4219",2039,28.9271559608335,28.1121318847059,30.1393786614804,60
"4219",2040,29.2885510088081,28.3799913441274,30.6404536410265,60
"4219",2041,29.7418261812071,28.7132025334859,31.2736696598218,60
"4219",2042,30.2522060620384,29.0890405888457,31.9864365871055,60
"4219",2043,30.7742284237844,29.4721209927591,32.7181473720584,60
"4219",2044,31.0766763776159,29.7006759917504,33.1311081032139,60
"4219",2045,31.5741323495093,30.0674118316232,33.8261756262003,60
"4219",2046,32.2403190169965,30.5544359441549,34.7650326853027,60
"4219",2047,32.791141956267,30.9598222000776,35.5371056777306,60
"4219",2048,33.5106410878339,31.4829133835929,36.55764292964,60
"4219",2049,33.9279737574205,31.7928991803083,37.1376125085734,60
"4219",2050,34.6602372297368,32.3253085440848,38.17745248751,60
"4220",2026,13.1373607408341,13.033870085426,13.1864045533533,60
"4220",2027,13.2362644388619,13.0910902953191,13.3160217613575,60
"4220",2028,13.3759563688156,13.1868648790191,13.4993443089668,60
"4220",2029,13.5082074968238,13.2755203766678,13.6702856561367,60
"4220",2030,13.6942873022406,13.4151808756921,13.9123063054135,60
"4220",2031,13.8225571578782,13.4998975712226,14.0749014829012,60
"4220",2032,14.1647343043328,13.7758459174485,14.5361799191338,60
"4220",2033,14.5445532448652,14.0315949339983,15.0549878866702,60
"4220",2034,14.8576560168602,14.2457197489134,15.4770844163674,60
"4220",2035,15.3515588828428,14.5753928192655,16.1610094904504,60
"4220",2036,15.5846212493814,14.7401822853733,16.4650028528526,60
"4220",2037,16.1133710293983,15.0915722391387,17.1960932540816,60
"4220",2038,16.6502263092806,15.4482486941082,17.9402467288376,60
"4220",2039,17.1795317488459,15.798282544482,18.6770699153643,60
"4220",2040,17.4682052587724,15.9986287092081,19.0609660116924,60
"4220",2041,18.0227384343158,16.3628673727132,19.8377846743432,60
"4220",2042,18.4787999051978,16.6674200791416,20.4681444892407,60
"4220",2043,18.9792207112648,16.9963762346125,21.1685367485365,60
"4220",2044,19.476022239318,17.3234746063081,21.8634634316328,60
"4220",2045,19.767063776449,17.5265879556604,22.248822781746,60
"4220",2046,20.4727832181413,17.9808605795915,23.2572734604813,60
"4220",2047,20.7542162346248,18.175644351269,23.6313911865121,60
"4220",2048,21.1897079756984,18.4635567041812,24.2375674997099,60
"4220",2049,20.9657796841812,18.353504967423,23.8509770608417,60
"4220",2050,21.5016683078745,18.7033045692375,24.6058731049983,60
"4221",2026,13.9741590851278,13.8381100999978,14.025348944334,60
"4221",2027,14.0055916214468,13.8127193132623,14.0860035168695,60
"4221",2028,14.0581916469143,13.8054907645021,14.1773515095276,60
"4221",2029,14.0881585651035,13.7788280608465,14.2389999129223,60
"4221",2030,14.2763906708205,13.8595564766233,14.5153091515797,60
"4221",2031,14.4375119012818,13.9178338986399,14.7560660889862,60
"4221",2032,14.5907657027311,13.9698293308173,14.9873820883631,60
"4221",2033,14.7091012350695,14.0000783801502,15.1681325416126,60
"4221",2034,14.7543653491511,13.9818417273206,15.2507429912661,60
"4221",2035,15.1292874293483,14.1767389313252,15.7841103900471,60
"4221",2036,15.4118538199548,14.3093864656046,16.1953376401185,60
"4221",2037,15.7024973639185,14.4479795255396,16.6173516105606,60
"4221",2038,15.7776688373363,14.4475205354098,16.7425116480288,60
"4221",2039,16.2128629087919,14.6750275944918,17.3703438232523,60
"4221",2040,16.693094176534,14.9362277957993,18.0682484034001,60
"4221",2041,17.0489074990246,15.1272246993422,18.5905476200226,60
"4221",2042,17.3709938967723,15.2925188314029,19.0696577326241,60
"4221",2043,17.1372045850068,15.0661359645893,18.7635890716909,60
"4221",2044,17.6469985488263,15.3624166915231,19.5101541516392,60
"4221",2045,17.7633038489473,15.382464228163,19.6989264587315,60
"4221",2046,18.0334201100957,15.5078266332195,20.1115942245856,60
"4221",2047,18.1426984196718,15.5201359280651,20.2961781051536,60
"4221",2048,18.055975805042,15.3946945579504,20.2029316122376,60
"4221",2049,18.1809940402049,15.419185738049,20.4075471983412,60
"4221",2050,18.3505561870283,15.4722348149023,20.6809439113987,60
"4222",2026,16.8285412081109,16.4011407087161,16.9392565385314,60
"4222",2027,16.7896745442835,16.1956233799677,16.9442820871694,60
"4222",2028,16.7922197973865,16.0239165670854,16.9965921792309,60
"4222",2029,16.8614846200212,15.9077822765644,17.1260960513874,60
"4222",2030,16.9082250748435,15.7720781932204,17.2289498308033,60
"4222",2031,17.0361693010933,15.7042158557786,17.426350677803,60
"4222",2032,17.1893815521522,15.6572833416542,17.6532761288764,60
"4222",2033,17.223724363942,15.5082134462332,17.7395263656448,60
"4222",2034,17.5990406799063,15.6067979562752,18.2314961171121,60
"4222",2035,17.7354573204561,15.5324442265923,18.4395676541523,60
"4222",2036,17.9705404559952,15.5248081712472,18.7671961398777,60
"4222",2037,18.3230825536599,15.6043987642807,19.2404026640272,60
"4222",2038,18.432541133252,15.5092298935726,19.4117562620309,60
"4222",2039,18.9818049499628,15.7565334307893,20.1276408884669,60
"4222",2040,19.4760479982353,15.9613260778202,20.7772051529959,60
"4222",2041,19.7960113857042,16.0293527130652,21.2071981681286,60
"4222",2042,20.1508551238631,16.1248968920473,21.681585377251,60
"4222",2043,20.7009867106578,16.3729414609794,22.3998446678485,60
"4222",2044,21.0704018136757,16.4800921964154,22.8934137503261,60
"4222",2045,21.628363507827,16.7347674874599,23.6236998077546,60
"4222",2046,22.503245792482,17.2382375404101,24.7544805921722,60
"4222",2047,23.2491902664508,17.6408357792466,25.7234691256701,60
"4222",2048,23.7486633858749,17.849491921152,26.3795993607354,60
"4222",2049,24.1070762413544,17.9478082578228,26.8586868741907,60
"4222",2050,24.8714974412159,18.3667337448953,27.9004938701025,60
"4223",2026,84.1962819571492,84.0980349067991,85.2568843266885,60
"4223",2027,84.4723417656839,84.3175185596404,85.9713885107788,60
"4223",2028,84.816228321057,84.5963951763439,86.7657778399108,60
"4223",2029,85.314784576461,84.9998376548909,87.7486431601615,60
"4223",2030,85.8804504508671,85.4505938379318,88.8112586725275,60
"4223",2031,86.5457402569394,85.9820301908771,89.9943141918566,60
"4223",2032,87.4916941968854,86.7240287819106,91.5245453999215,60
"4223",2033,88.4760198324594,87.5018706810689,93.0991701585742,60
"4223",2034,89.6396120351036,88.4160784242321,94.8949828691394,60
"4223",2035,90.7955919673526,89.3330935135307,96.6600860196374,60
"4223",2036,92.1297628411292,90.3856679952668,98.6238194186855,60
"4223",2037,93.7766149322978,91.6674068559028,100.956798311336,60
"4223",2038,95.2018759450725,92.7986336644651,103.025906910943,60
"4223",2039,96.8667080418145,94.1072344913696,105.377983264452,60
"4223",2040,98.8240317527722,95.6396926758719,108.076410260316,60
"4223",2041,100.707997189953,97.1233337205261,110.687007031757,60
"4223",2042,103.0719341317,98.9551402549326,113.86715038857,60
"4223",2043,105.176496632518,100.603071059196,116.738793560186,60
"4223",2044,107.481901328912,102.396678520342,119.848884288584,60
"4223",2045,110.12597474429,104.432439607912,123.361839293865,60
"4223",2046,112.605008481883,106.350699484142,126.678595506196,60
"4223",2047,115.768768901601,108.751240924257,130.81157568699,60
"4223",2048,118.486336719448,110.834589991175,134.413627130282,60
"4223",2049,121.564509531717,113.17014979087,138.446130137366,60
"4223",2050,125.104733555172,115.823133080214,143.031595011193,60
"4224",2026,9.83160245452756,9.81535181902865,9.85222585508596,60
"4224",2027,9.7618779214148,9.73959203592611,9.79095759197831,60
"4224",2028,9.71064070466012,9.67621372141729,9.75568907746629,60
"4224",2029,9.63778367777553,9.59633016842427,9.69204869914197,60
"4224",2030,9.60358070523457,9.5415022876966,9.67626946488647,60
"4224",2031,9.58864904830883,9.4992116128337,9.69074843180276,60
"4224",2032,9.55232876978233,9.44152526679101,9.67873303543186,60
"4224",2033,9.53503893287817,9.40453075671046,9.69292563587407,60
"4224",2034,9.5427959355136,9.3982772713739,9.74446033024461,60
"4224",2035,9.46353221816252,9.30673880808171,9.67302712746857,60
"4224",2036,9.51709761950982,9.34352464631016,9.7892046141041,60
"4224",2037,9.56922722310236,9.35859171378677,9.90343391529951,60
"4224",2038,9.74077292356738,9.45424418370889,10.1893510423159,60
"4224",2039,9.85934161808898,9.51062930626541,10.4028947755962,60
"4224",2040,10.0633145958979,9.62785478355048,10.7403377507025,60
"4224",2041,10.0483780460228,9.58856495433451,10.7632709830494,60
"4224",2042,10.2645420296891,9.71260835911496,11.1226143091902,60
"4224",2043,10.494113934015,9.84245930952452,11.5086538526577,60
"4224",2044,10.5085361978733,9.82238750297994,11.5768658291101,60
"4224",2045,10.8441476970354,10.0255428777965,12.1228173706488,60
"4224",2046,11.1356611990874,10.1939965132761,12.6116198358409,60
"4224",2047,11.3753985767112,10.3257074517604,13.0254641276381,60
"4224",2048,11.9085236294067,10.65342541127,13.8958237298105,60
"4224",2049,12.2648442453919,10.8564804633825,14.5056345284549,60
"4224",2050,12.758671831823,11.1517398108364,15.3322121553716,60
"4225",2026,77.6570247612831,77.2849370308093,78.5277311383171,60
"4225",2027,77.6969787199131,77.1543531865346,78.9196544039769,60
"4225",2028,77.8258645343239,77.0962217965098,79.4140051310822,60
"4225",2029,78.0797035068651,77.1385182406771,80.0526468691653,60
"4225",2030,78.4465102806762,77.2687464557579,80.8453997051788,60
"4225",2031,78.8287020948965,77.4125153862712,81.6599257336744,60
"4225",2032,79.460473750255,77.7466379559572,82.7900846899738,60
"4225",2033,80.0682630733449,78.0657020556092,83.8876256508842,60
"4225",2034,80.932220123869,78.5796284738987,85.3113426250128,60
"4225",2035,81.8323664368411,79.1230288649363,86.7816094355514,60
"4225",2036,82.753289790087,79.6851572223502,88.2762277140819,60
"4225",2037,83.8234569089052,80.3598849501989,89.9991964140031,60
"4225",2038,84.9128671126089,81.0511237373635,91.7713216384955,60
"4225",2039,86.4770632874457,82.1052824793552,94.214948171709,60
"4225",2040,87.7796239963605,82.9677329638618,96.2907690589792,60
"4225",2041,89.0187335673831,83.7830701457902,98.2755094297819,60
"4225",2042,90.4890076045124,84.7726672274574,100.591140108802,60
"4225",2043,91.829992099597,85.666227160567,102.720221128446,60
"4225",2044,93.8028494803704,87.0331147937635,105.759867117702,60
"4225",2045,95.1983585614884,87.9668836302155,107.970036658041,60
"4225",2046,96.789899857895,89.0465780307353,110.465013827482,60
"4225",2047,98.4214934434303,90.1563777051845,113.018297262602,60
"4225",2048,100.23541769561,91.4007262407199,115.839299341484,60
"4225",2049,102.666390162031,93.1019733143564,119.431942778201,60
"4225",2050,104.834192880606,94.6043726237003,122.611427154392,60
"4226",2026,21.7699338374954,21.6089550929566,21.8255136901328,60
"4226",2027,21.6904343253339,21.4683712834153,21.7697528842615,60
"4226",2028,21.7114825132923,21.4188697082204,21.8385505258058,60
"4226",2029,21.602520150729,21.251539979092,21.7471029816298,60
"4226",2030,21.6302043492916,21.2079779265858,21.8260180790692,60
"4226",2031,21.6823056366488,21.1864958482295,21.9365054581746,60
"4226",2032,21.6206572108604,21.0619317804342,21.9055892907712,60
"4226",2033,21.6439101106205,21.0142987884808,21.9805664656955,60
"4226",2034,21.8056863857086,21.0718478281676,22.2353226210341,60
"4226",2035,21.7549180689388,20.9567308100661,22.2191205774363,60
"4226",2036,22.0398177294189,21.1280884507106,22.6481733970189,60
"4226",2037,22.1615857265248,21.1598462165308,22.8638878882473,60
"4226",2038,22.1761937867449,21.0999203748327,22.9351181276212,60
"4226",2039,22.3133038567675,21.144985536503,23.1713176850775,60
"4226",2040,22.5543263444552,21.2777926005564,23.5486716152622,60
"4226",2041,22.6906682719271,21.3183761500709,23.7889231999891,60
"4226",2042,22.9153437802915,21.4332227555253,24.1473563173037,60
"4226",2043,23.0970051708525,21.5119700827028,24.4487294105087,60
"4226",2044,23.3340471166608,21.6367679406223,24.826698991992,60
"4226",2045,23.6118092290581,21.7944723418874,25.265280692087,60
"4226",2046,24.0383361938414,22.014636364367,25.9130042161177,60
"4226",2047,24.3530231037291,22.1499434157475,26.4058116075446,60
"4226",2048,24.5182271891371,22.1965173966599,26.6964472291034,60
"4226",2049,24.7631731118935,22.3002451663617,27.0997534776896,60
"4226",2050,25.9623851562509,23.091751238033,28.8620417412175,60
"4227",2026,52.9408099311839,52.8325408782935,53.0343874957198,60
"4227",2027,52.9896342859357,52.813900897811,53.1423139289271,60
"4227",2028,53.0958117817593,52.8316688368602,53.3296038526804,60
"4227",2029,53.2285130898853,52.8647813642245,53.5575293169999,60
"4227",2030,53.4791457229572,53.0274209565039,53.9468042872559,60
"4227",2031,53.786018570795,53.2197566513741,54.4174716300406,60
"4227",2032,54.0150243101158,53.3320214275565,54.7859115507736,60
"4227",2033,54.401160069526,53.5567476377482,55.3713776605268,60
"4227",2034,54.7754142259103,53.7704744486028,55.9445208416887,60
"4227",2035,55.3430385060629,54.1209246190209,56.7883631256271,60
"4227",2036,55.928305091146,54.4833349661213,57.6588405669767,60
"4227",2037,56.5200613501111,54.8479442510865,58.5428114535709,60
"4227",2038,57.0559769123416,55.1705486038259,59.3527293451214,60
"4227",2039,57.9803396672323,55.7680482188032,60.7098079956503,60
"4227",2040,58.7666116461543,56.2663635130222,61.8763156220987,60
"4227",2041,59.7393239189023,56.8936512031938,63.3117648108525,60
"4227",2042,60.6921830576281,57.5042136928275,64.7248414501696,60
"4227",2043,61.6374286773575,58.1069659750096,66.1321628728791,60
"4227",2044,63.1003392284405,59.0676273067428,68.2892098479438,60
"4227",2045,64.3784939484081,59.8935365537438,70.1928580710604,60
"4227",2046,65.4806484424881,60.5944800614267,71.8482329532462,60
"4227",2047,66.9131450083274,61.5153079791891,73.9985474372368,60
"4227",2048,68.2830278179922,62.3889273992168,76.0664406104323,60
"4227",2049,70.2855987631092,63.6878323038333,79.0800716865215,60
"4227",2050,72.2908141110455,64.9784148003109,82.1196706162171,60
"4228",2026,20.2782527183428,19.9874457604408,20.3272027083274,60
"4228",2027,20.3969651220952,19.9960135496494,20.4682281948954,60
"4228",2028,20.5554556989994,20.0420692779072,20.6636142937518,60
"4228",2029,20.8081826037737,20.1770005412129,20.9882518537369,60
"4228",2030,21.0325067648784,20.2849554849227,21.2731028485467,60
"4228",2031,21.2511874117068,20.3877583883551,21.5510944673562,60
"4228",2032,21.5271742990127,20.5444575498198,21.907090007647,60
"4228",2033,21.9910187544869,20.8796608203183,22.5281653958711,60
"4228",2034,22.2857325685123,21.0545443798971,22.9127543514077,60
"4228",2035,22.7439509484099,21.3844657728674,23.5267354453448,60
"4228",2036,23.0278353020738,21.5484856327525,23.8932371377066,60
"4228",2037,23.7191901253662,22.1008088628431,24.8417688081619,60
"4228",2038,24.2791100840144,22.5268361745066,25.6047545532966,60
"4228",2039,24.8071760825985,22.8948565865484,26.3192353419562,60
"4228",2040,25.460900558046,23.3559142029598,27.220480241473,60
"4228",2041,26.0593639998961,23.7731652330784,28.0422658749249,60
"4228",2042,26.5721461186511,24.1228575071223,28.7384588950682,60
"4228",2043,27.191121704164,24.5564145954129,29.5907918002809,60
"4228",2044,27.6650024459488,24.8757566953627,30.228765475895,60
"4228",2045,28.4410613759415,25.4318914665751,31.3189018464294,60
"4228",2046,29.0914258592924,25.8889675764237,32.2238954814716,60
"4228",2047,29.719799506007,26.3287376377442,33.0965974726538,60
"4228",2048,30.4550510916016,26.8509128329128,34.1357191335337,60
"4228",2049,31.1909532864797,27.3733553217577,35.1774815301463,60
"4228",2050,32.1139765436464,28.0419574142883,36.5033977552432,60
"4601",2026,1538.3031115033,1536.45319556977,1546.93073480335,60
"4601",2027,1543.73403971657,1541.17184206586,1555.97761664049,60
"4601",2028,1550.87655946512,1547.44140329598,1566.99220552056,60
"4601",2029,1559.69563247226,1554.99534108297,1579.93451556497,60
"4601",2030,1570.65966124418,1563.94197661475,1595.36902833806,60
"4601",2031,1583.63628092511,1574.36327756365,1613.14263646005,60
"4601",2032,1598.88072294617,1586.49560777069,1633.57106536192,60
"4601",2033,1616.26679109362,1600.79813978277,1656.51049775262,60
"4601",2034,1635.03363445186,1616.21745687674,1681.04935710214,60
"4601",2035,1655.94518920428,1633.35413448912,1708.1170204636,60
"4601",2036,1678.96676860946,1652.17012203911,1737.68088531956,60
"4601",2037,1704.23220963891,1672.74250271136,1769.92007225493,60
"4601",2038,1731.64939016611,1694.97584268268,1804.74217744322,60
"4601",2039,1759.9989196606,1717.89547612861,1840.67810856264,60
"4601",2040,1790.23598139659,1742.03997669346,1878.89345442671,60
"4601",2041,1821.44827982661,1766.91497077543,1918.28646009363,60
"4601",2042,1854.70139655218,1793.28387659927,1960.15957490516,60
"4601",2043,1890.69543733117,1821.64256075592,2006.82130956502,60
"4601",2044,1928.61725761345,1851.40029903222,2056.30795226036,60
"4601",2045,1968.64613994275,1882.67700270381,2108.63203886439,60
"4601",2046,2009.1892740082,1914.33085766883,2161.83609138451,60
"4601",2047,2052.80640345954,1948.18167659702,2219.28992297178,60
"4601",2048,2099.09824071073,1983.9335527768,2280.42534872783,60
"4601",2049,2148.24233692522,2021.69670174414,2345.5125257346,60
"4601",2050,2199.04530041312,2060.61707398264,2414.92227346097,60
"4602",2026,115.836780012478,115.580247681978,116.375735190213,60
"4602",2027,116.278499729846,115.897092504902,117.027342247052,60
"4602",2028,116.904230558416,116.332591019951,117.947316652471,60
"4602",2029,117.664388218009,116.861082687725,119.049344110942,60
"4602",2030,118.560107765115,117.483599762181,120.334078214093,60
"4602",2031,119.528853465038,118.153398724812,121.723087580099,60
"4602",2032,120.682622823851,118.953247607501,123.427383611995,60
"4602",2033,122.195562730466,120.004768068949,125.651873450934,60
"4602",2034,123.872688591013,121.168385775133,128.122695960143,60
"4602",2035,125.636117405113,122.388757875574,130.728616055013,60
"4602",2036,127.755462881507,123.858190175653,133.859416923414,60
"4602",2037,129.705218786661,125.201030168386,136.772127308381,60
"4602",2038,132.286087897531,126.984048966276,140.637300199233,60
"4602",2039,134.908118501754,128.787425686435,144.581546756825,60
"4602",2040,137.607530839175,130.635619623243,148.589220133747,60
"4602",2041,140.718539234039,132.762314623104,153.214692795669,60
"4602",2042,143.593988273484,134.714982681364,157.525327852816,60
"4602",2043,146.748070113808,136.850731940275,162.270494600634,60
"4602",2044,150.058382747664,139.080083305563,167.330286965234,60
"4602",2045,153.511245533125,141.393981884349,172.681223093568,60
"4602",2046,156.973330325083,143.702243374706,178.075204808705,60
"4602",2047,160.093681625014,145.761997442333,182.928165005395,60
"4602",2048,162.988094476463,147.657398056478,187.452615649665,60
"4602",2049,166.520786526854,149.970541078583,192.991801067582,60
"4602",2050,169.866908027028,152.142292405266,198.273203123211,60
"4611",2026,35.7957665091352,35.6875870299751,35.8516813246127,60
"4611",2027,35.7697977055124,35.6141081781355,35.860249062289,60
"4611",2028,35.8289444453409,35.6106264814249,35.9746491799167,60
"4611",2029,35.8543184376916,35.5774668355011,36.0451666856249,60
"4611",2030,36.0021714719878,35.6474772079577,36.2682739447792,60
"4611",2031,36.1893875383744,35.7496170878777,36.5444663075145,60
"4611",2032,36.4150743669732,35.8833301447939,36.8728518320358,60
"4611",2033,36.7927830834173,36.1236288511304,37.4173430121798,60
"4611",2034,37.0908579392013,36.2999285959015,37.8567782430283,60
"4611",2035,37.5674192290196,36.6041284133537,38.5456270886764,60
"4611",2036,37.9646227338865,36.8494192856655,39.1272069724638,60
"4611",2037,38.4623407293708,37.1676770681614,39.8503070908154,60
"4611",2038,39.1416785605923,37.6070279336851,40.8334531291271,60
"4611",2039,39.6508782689254,37.9253205968694,41.5873690518056,60
"4611",2040,40.3371630740442,38.3640532974983,42.6077950266856,60
"4611",2041,41.2131801786033,38.9367235230613,43.9059260596462,60
"4611",2042,41.9541967961195,39.4124038874007,45.0124661642928,60
"4611",2043,42.7842153009506,39.9466630626211,46.2577467648558,60
"4611",2044,43.3841329088836,40.3211241099374,47.1630871277197,60
"4611",2045,44.226316512805,40.8615618842345,48.4328380632238,60
"4611",2046,45.0788424185738,41.4034063120691,49.7294833500066,60
"4611",2047,45.7797464325699,41.8424988278482,50.7967932251029,60
"4611",2048,46.766235148203,42.4704733707204,52.3080011427865,60
"4611",2049,47.1491666176266,42.6860199940428,52.90611969217,60
"4611",2050,48.1277773252953,43.3030316510528,54.4171671880579,60
"4612",2026,44.2605948628805,44.1341981207877,44.3328696433085,60
"4612",2027,44.4953749749258,44.335830661809,44.6290381607616,60
"4612",2028,44.7347003417446,44.5388038614395,44.9243203695118,60
"4612",2029,45.1460052071261,44.8681665992777,45.4465961316063,60
"4612",2030,45.5115555495799,45.1535754061437,45.9005792159851,60
"4612",2031,46.159995328989,45.6350453278214,46.7377339426633,60
"4612",2032,46.7964573864679,46.1138543236442,47.5532978806784,60
"4612",2033,47.5346570914754,46.7126026596505,48.5054965513121,60
"4612",2034,48.4785387395901,47.4864011466406,49.741806097289,60
"4612",2035,49.2826964110634,48.14596722616,50.7752744907244,60
"4612",2036,50.471949345294,49.0626565760999,52.3493490530136,60
"4612",2037,51.615838186609,49.9504506345651,53.8555733502619,60
"4612",2038,52.7839053575265,50.8596758564653,55.3912755806117,60
"4612",2039,54.212377540164,51.9551463454061,57.3006235351165,60
"4612",2040,55.4346149184998,52.9072416082695,58.9099041954778,60
"4612",2041,56.9767547492058,54.0857643373666,60.9830355498739,60
"4612",2042,58.505555653874,55.2564840526175,63.0362055645874,60
"4612",2043,59.9756500542481,56.3845374952522,65.0073562976241,60
"4612",2044,61.4578024002466,57.5207290458997,66.9977389605434,60
"4612",2045,62.654301139245,58.4593868107484,68.5654177689379,60
"4612",2046,64.0743226216775,59.5511162738176,70.4672322028634,60
"4612",2047,65.742410011868,60.815548995206,72.7362665357788,60
"4612",2048,67.1567039162014,61.9020036479622,74.6330275408341,60
"4612",2049,68.9852243258834,63.2724707725372,77.1510150633159,60
"4612",2050,70.0706070160092,64.129113504383,78.5626300939202,60
"4613",2026,80.6014950949374,80.5037042188551,80.9013715767007,60
"4613",2027,80.5561284904237,80.4020426651335,80.9775375697701,60
"4613",2028,80.6402866766248,80.4034043843114,81.2101091693652,60
"4613",2029,80.8448852224988,80.5038976075333,81.6199969403493,60
"4613",2030,81.1405205371595,80.6817393817964,82.1677108109947,60
"4613",2031,81.5735149590167,80.9365702143349,82.9327069032938,60
"4613",2032,82.0828601335537,81.2465540208747,83.8101846295045,60
"4613",2033,82.786337112571,81.697255126561,84.9717271189075,60
"4613",2034,83.6378247698326,82.2537964526968,86.2236096710814,60
"4613",2035,84.6488034427841,82.9244436686332,87.6658557424529,60
"4613",2036,85.7103342808086,83.6299307937434,89.227153931719,60
"4613",2037,86.9755341150722,84.4784219372116,91.1742328269227,60
"4613",2038,88.222146060721,85.3088964547321,93.1015487143398,60
"4613",2039,89.3770857747863,86.0711542733346,94.9016744054406,60
"4613",2040,90.8870415804789,87.0817203683149,97.2112685836435,60
"4613",2041,92.4810244249107,88.1485216903015,99.6508031520781,60
"4613",2042,93.8913522040743,89.0822004772063,101.829910895509,60
"4613",2043,95.3710179658169,90.0624712316017,104.11584914252,60
"4613",2044,96.73455955483,90.9565712472666,106.239689000605,60
"4613",2045,98.4930562096865,92.124093938717,108.953073595692,60
"4613",2046,100.231951780321,93.2733592963818,111.647051003885,60
"4613",2047,101.872754057379,94.3482592809683,114.206763591639,60
"4613",2048,103.613786190653,95.4879222668293,116.925428217355,60
"4613",2049,105.24810649462,96.5470183786735,119.496709621662,60
"4613",2050,107.841144796693,98.262745843822,123.522400358911,60
"4614",2026,129.679928469644,129.364630711419,130.509174337997,60
"4614",2027,130.310421087803,129.788107721829,131.538926980864,60
"4614",2028,131.019981080603,130.274171335452,132.65387929998,60
"4614",2029,131.896240765266,130.886394900203,133.960579920681,60
"4614",2030,133.074418529731,131.722524169646,135.629935161961,60
"4614",2031,134.290049728972,132.589978565288,137.384225254739,60
"4614",2032,135.978485936222,133.801984123719,139.785410063914,60
"4614",2033,137.764862081919,135.086638575541,142.311582203298,60
"4614",2034,139.649065530889,136.443817860616,144.919440153736,60
"4614",2035,141.961839161997,138.109946808809,148.101880667953,60
"4614",2036,144.185669398879,139.715195273354,151.249549263305,60
"4614",2037,147.068917727128,141.78951634543,155.322039019224,60
"4614",2038,149.779668740609,143.740107412035,159.158068370179,60
"4614",2039,152.706461099409,145.841232049189,163.28975025941,60
"4614",2040,155.676846448696,147.970683396874,167.499813040528,60
"4614",2041,158.761075739481,150.178467799534,171.932074402828,60
"4614",2042,162.36768647534,152.745423670233,177.143279935295,60
"4614",2043,165.629012045262,155.070471926009,181.852224593464,60
"4614",2044,169.378805235599,157.729606592681,187.294612881125,60
"4614",2045,172.943262989968,160.256545029187,192.47193197244,60
"4614",2046,176.871973688669,163.030506287698,198.202209978853,60
"4614",2047,181.143786861273,166.032961518334,204.46221824184,60
"4614",2048,185.265052077662,168.925866968118,210.511041756252,60
"4614",2049,189.475345577657,171.871376040885,216.711380607256,60
"4614",2050,194.461212027164,175.335863261307,224.1058795729,60
"4615",2026,26.7241109668403,26.6448440612184,26.9907576794873,60
"4615",2027,26.6765243669157,26.5648935769142,27.0615026276242,60
"4615",2028,26.7009480009251,26.5471249049058,27.2308384847005,60
"4615",2029,26.7331810431399,26.5250298895959,27.4097611047332,60
"4615",2030,26.8087464923969,26.5432419972968,27.648500712627,60
"4615",2031,26.9228434111064,26.6044828610056,27.9402514235211,60
"4615",2032,27.121145773994,26.740873246698,28.3499826487158,60
"4615",2033,27.4643759684921,27.0029430056677,28.965524728157,60
"4615",2034,27.8097166184938,27.2314400844685,29.5856875401974,60
"4615",2035,28.1499078401143,27.4565840359393,30.198460082157,60
"4615",2036,28.6349361316047,27.787535861164,31.0231022238218,60
"4615",2037,29.0878418292186,28.0940165242025,31.7806038312805,60
"4615",2038,29.8316525471908,28.6094285608239,32.9237301112858,60
"4615",2039,30.3020704594346,28.9253569258094,33.6993550287332,60
"4615",2040,30.915926417433,29.3433831798426,34.671733440598,60
"4615",2041,31.4075162137385,29.6735550120752,35.4776662164739,60
"4615",2042,32.1191695848175,30.1582294665742,36.5877281713955,60
"4615",2043,32.9142385666142,30.701335766632,37.8139125221476,60
"4615",2044,33.6097378161776,31.1695233336576,38.9075633175714,60
"4615",2045,34.3101382089989,31.6403797420333,40.0091474596739,60
"4615",2046,34.6852374493619,31.8811732821535,40.6616897027848,60
"4615",2047,35.2652834960582,32.2645318391592,41.6051072653843,60
"4615",2048,36.1418181772841,32.85379002393,43.0422843402816,60
"4615",2049,36.6273005931274,33.1674121180255,43.8776542411391,60
"4615",2050,37.3635096114022,33.6540113931633,45.1064169663034,60
"4616",2026,23.0891832730918,23.0331761167237,23.1478174512963,60
"4616",2027,23.1976836918357,23.101457476692,23.301240344773,60
"4616",2028,23.3255142736406,23.1849115663356,23.479139152345,60
"4616",2029,23.5130975906491,23.3110009075269,23.7377735255243,60
"4616",2030,23.7317607361656,23.4610365282876,24.0387345033234,60
"4616",2031,23.9515814317605,23.6126735488516,24.3418703631054,60
"4616",2032,24.2651392965312,23.8322396548718,24.7742675983765,60
"4616",2033,24.712050204578,24.1464299369456,25.399378406422,60
"4616",2034,25.0335168354871,24.3703203034146,25.8489941133745,60
"4616",2035,25.6081616870218,24.7723299480366,26.6634675958236,60
"4616",2036,26.0622101743666,25.0874233260234,27.3086880934013,60
"4616",2037,26.418142317263,25.3334769845018,27.8125248384195,60
"4616",2038,27.1534162665176,25.8429032753462,28.8724211972707,60
"4616",2039,27.5146171138222,26.0895661053369,29.3895184005847,60
"4616",2040,28.2654721004479,26.604266689855,30.4843025449455,60
"4616",2041,28.6723510917055,26.8816827749805,31.0707261852194,60
"4616",2042,29.0953404050322,27.1682240276856,31.6844012394161,60
"4616",2043,29.4905878511042,27.4352067160493,32.2577081020234,60
"4616",2044,29.8009144488158,27.6433354739074,32.7054458675877,60
"4616",2045,30.2570247305085,27.951385329948,33.3707191958368,60
"4616",2046,30.7109950031667,28.2574689273563,34.0337813247282,60
"4616",2047,31.1178693858744,28.530764171921,34.6274294709957,60
"4616",2048,31.6018688181456,28.8588243512353,35.3332978729792,60
"4616",2049,31.9934534423495,29.1208850269588,35.9054629031496,60
"4616",2050,32.4902354999011,29.4570552577631,36.6317674118042,60
"4617",2026,170.937444584951,168.048558315736,171.536063082471,60
"4617",2027,171.62070541246,167.526302948102,172.551036777803,60
"4617",2028,172.550770231215,167.16145937344,173.89188984077,60
"4617",2029,173.832580986765,167.02261759048,175.703465812762,60
"4617",2030,175.233906559589,166.956087437573,177.713611350139,60
"4617",2031,176.729189928983,166.944815879779,179.863291553493,60
"4617",2032,178.590878781275,167.166535088009,182.522513811089,60
"4617",2033,180.609069166794,167.483611190873,185.450078642078,60
"4617",2034,183.147033274037,168.133301081113,189.126695495394,60
"4617",2035,185.84602570574,168.879997855874,193.051409691564,60
"4617",2036,188.421446923196,169.541273811739,196.816834228896,60
"4617",2037,191.721864772667,170.664224052076,201.633097648945,60
"4617",2038,194.88188667538,171.688442506132,206.272131950199,60
"4617",2039,198.711184485662,173.133643056002,211.898658655687,60
"4617",2040,202.267443911587,174.395328095772,217.156088059472,60
"4617",2041,205.5076522626,175.446032148071,221.978790527588,60
"4617",2042,209.648402791799,177.062197938157,228.136905771292,60
"4617",2043,213.106440729646,178.23219040276,233.32796070611,60
"4617",2044,217.337018103339,179.883602728846,239.677149650961,60
"4617",2045,221.150080310584,181.262390586602,245.43456194505,60
"4617",2046,225.43878420103,182.927904487834,251.931017429276,60
"4617",2047,229.616600811326,184.511741080792,258.306374542074,60
"4617",2048,234.206587315503,186.345226987131,265.325548804224,60
"4617",2049,239.723987758045,188.746424397833,273.778258799687,60
"4617",2050,244.72199999346,190.807850292009,281.490959472878,60
"4618",2026,107.707418717101,107.541650276323,107.936373747739,60
"4618",2027,107.305413822575,107.043050355927,107.664489628599,60
"4618",2028,106.975953564147,106.589705016748,107.498084709644,60
"4618",2029,106.821953454843,106.257339539701,107.575935009208,60
"4618",2030,106.802295923092,106.015178885126,107.844938673905,60
"4618",2031,106.898754336618,105.848631923366,108.292923592254,60
"4618",2032,107.036318832853,105.702643396612,108.826930384318,60
"4618",2033,107.160945383108,105.539009686482,109.357324354456,60
"4618",2034,107.446178035732,105.483114623192,110.130112562396,60
"4618",2035,107.930674868212,105.562950041773,111.200272084275,60
"4618",2036,108.570763469201,105.745388141223,112.509783829895,60
"4618",2037,109.144040691538,105.873111031562,113.737151078994,60
"4618",2038,109.747405236102,106.013340021215,115.024369061087,60
"4618",2039,110.659655014447,106.365731773512,116.773817457143,60
"4618",2040,111.483916472202,106.645128902002,118.415589568728,60
"4618",2041,112.233084843103,106.866275939322,119.958441866463,60
"4618",2042,113.195538033138,107.226391041715,121.835258550679,60
"4618",2043,113.867251573137,107.376760785201,123.294806864312,60
"4618",2044,115.332619079258,108.070817516317,125.961864080154,60
"4618",2045,116.664241833771,108.661460408025,128.462013287521,60
"4618",2046,118.20577895232,109.386856393261,131.268599187724,60
"4618",2047,119.230918473748,109.746682243062,133.319884883207,60
"4618",2048,120.314928071226,110.138367813108,135.476166890386,60
"4618",2049,121.524712920197,110.604776580491,137.844024930959,60
"4618",2050,123.099347377554,111.310973625383,140.784544367503,60
"4619",2026,12.8308985251981,12.7424283386266,12.8609092297966,60
"4619",2027,12.7625974361336,12.6411615949943,12.8027951936366,60
"4619",2028,12.738826173938,12.5744554033373,12.8027296427875,60
"4619",2029,12.7452358340287,12.528317025759,12.8440626196399,60
"4619",2030,12.6902902853756,12.437881132584,12.8028286476765,60
"4619",2031,12.6944847899143,12.3907629438214,12.8420766959409,60
"4619",2032,12.7992913951341,12.4157845660132,13.0223099075582,60
"4619",2033,12.8330458355003,12.3889614082276,13.1052774702025,60
"4619",2034,12.8701858812592,12.3655334951371,13.1913879975568,60
"4619",2035,12.8641201545467,12.3103913965388,13.2180104685863,60
"4619",2036,12.9009079904199,12.2856801231981,13.3056731016408,60
"4619",2037,13.2294564374747,12.4668171538089,13.8109968425186,60
"4619",2038,13.2680646565544,12.443132353051,13.9014149617008,60
"4619",2039,13.3188552144811,12.4279904991695,14.0092357196587,60
"4619",2040,13.4800907531185,12.4901891471991,14.2751894800982,60
"4619",2041,13.6260286512489,12.5414362408543,14.5200285414713,60
"4619",2042,14.0014957331483,12.7499014884599,15.1023564059887,60
"4619",2043,14.1189094300512,12.7806661588559,15.3091057118887,60
"4619",2044,14.2408857325601,12.8122389024759,15.5274062154494,60
"4619",2045,14.5123166124492,12.9490343812917,15.9636756021815,60
"4619",2046,14.9193705677977,13.1758250621723,16.6104332720283,60
"4619",2047,15.17722891488,13.2993616567498,17.0363190870815,60
"4619",2048,15.3655473860083,13.3778000133797,17.3524809986872,60
"4619",2049,15.3016793758187,13.2779932917141,17.2999660286995,60
"4619",2050,15.9175408868944,13.6442220066586,18.2727899867846,60
"4620",2026,9.95118707868311,9.94230351179416,9.96932353186652,60
"4620",2027,9.9654921960389,9.945976975353,9.99795767925784,60
"4620",2028,9.97721522309434,9.94843299861518,10.0228450689424,60
"4620",2029,10.0213575725651,9.97595411310724,10.0908487367842,60
"4620",2030,10.11681746977,10.0413312137979,10.2286975322902,60
"4620",2031,10.207409719731,10.1035016691835,10.3588887630899,60
"4620",2032,10.2711149582085,10.1466490472265,10.4517897748966,60
"4620",2033,10.4370277220153,10.2636508789065,10.6853061455974,60
"4620",2034,10.627611058333,10.3983442346036,10.9561685079743,60
"4620",2035,10.7219776017958,10.4632363052694,11.0929489131681,60
"4620",2036,10.8510395000076,10.5544135378784,11.2767404150377,60
"4620",2037,10.9018566176067,10.5901888233517,11.3488905367145,60
"4620",2038,11.1625954910068,10.7762167551709,11.7186220867864,60
"4620",2039,11.3378181478878,10.9001218525625,11.9687716423735,60
"4620",2040,11.457007076079,10.9861640302795,12.1359283368279,60
"4620",2041,11.6197249810728,11.1035602931623,12.3647696374591,60
"4620",2042,11.7493069403933,11.1980559291651,12.5452200216777,60
"4620",2043,12.0065641299142,11.383171885107,12.9089265298299,60
"4620",2044,12.3227671301656,11.6098915907583,13.3582261263089,60
"4620",2045,12.5917727938932,11.8036799324358,13.7405471093853,60
"4620",2046,13.0790469444507,12.1496199851246,14.4465946778331,60
"4620",2047,13.1719675840561,12.2216666522436,14.5675403561832,60
"4620",2048,13.3993810142014,12.3852658501498,14.8913371756642,60
"4620",2049,13.611325368143,12.5384757540909,15.1916263544567,60
"4620",2050,14.1252220143346,12.8979747465814,15.9476251304562,60
"4621",2026,116.760979020346,116.677131623665,117.100259430255,60
"4621",2027,116.884829675453,116.72884285338,117.360803794666,60
"4621",2028,117.028255135109,116.798896520747,117.64960261102,60
"4621",2029,117.387280348411,117.040250451815,118.226142897745,60
"4621",2030,117.842996044737,117.359598094289,118.929596074705,60
"4621",2031,118.486812292218,117.817352095316,119.90817773196,60
"4621",2032,119.395995369093,118.467122961063,121.207904263029,60
"4621",2033,120.314825555694,119.12603138539,122.567368941374,60
"4621",2034,121.420635136734,119.922898665018,124.189819990798,60
"4621",2035,122.634832634937,120.79999745424,125.965540330669,60
"4621",2036,124.242841921519,121.965391859834,128.296834571976,60
"4621",2037,126.012496477216,123.245466962289,130.846200705739,60
"4621",2038,127.664066388207,124.438222371392,133.23439473833,60
"4621",2039,129.448195753064,125.72489219925,135.815026246612,60
"4621",2040,131.551599249696,127.239827721112,138.854473500843,60
"4621",2041,133.633385407738,128.734693520843,141.872782356886,60
"4621",2042,135.873973949482,130.340887831286,145.124829892788,60
"4621",2043,137.791717932719,131.712034422356,147.921737115506,60
"4621",2044,139.753716818302,133.114633101191,150.78384427871,60
"4621",2045,142.310428173257,134.933574346014,154.521871984638,60
"4621",2046,144.431785415363,136.442885754723,157.640606742151,60
"4621",2047,146.989262624415,138.253738784729,161.41273184841,60
"4621",2048,149.052510472266,139.712765516372,164.463647609522,60
"4621",2049,151.590315700123,141.500520793834,168.225567780846,60
"4621",2050,154.657166434318,143.654964184819,172.782239657807,60
"4622",2026,72.9268613820405,72.7790224264116,73.0856553751025,60
"4622",2027,73.0324608205873,72.794104407168,73.2898637201058,60
"4622",2028,73.260365188206,72.8980062733058,73.6528456782076,60
"4622",2029,73.5472162606758,73.0369658040573,74.093197921896,60
"4622",2030,73.9124481357483,73.2296119848391,74.6383960758114,60
"4622",2031,74.4675846607104,73.5543284022841,75.4426693097892,60
"4622",2032,75.0336015132622,73.8871696781839,76.2663936783737,60
"4622",2033,75.7660481599219,74.3400261466315,77.3175872642622,60
"4622",2034,76.4058540281636,74.7227785298542,78.2501503671884,60
"4622",2035,77.48921339498,75.41911748153,79.7983922949026,60
"4622",2036,78.6039301644554,76.1343842874287,81.4208604712849,60
"4622",2037,79.5840907869631,76.7496595423831,82.8628308112276,60
"4622",2038,80.7137404658906,77.4644026312702,84.526951372075,60
"4622",2039,82.0256444380767,78.3044562722814,86.4567204301095,60
"4622",2040,83.3222765858612,79.1281108540466,88.3770008122522,60
"4622",2041,84.5816881158685,79.9201920295781,90.2545559787648,60
"4622",2042,85.9385676495957,80.7778302950953,92.2780705048917,60
"4622",2043,87.4482542236866,81.7354389707221,94.5344984821662,60
"4622",2044,88.7780451499488,82.5645703096269,96.5374838667858,60
"4622",2045,89.904328834582,83.2499955510083,98.2496649115356,60
"4622",2046,91.5516122416334,84.288146416777,100.734964746698,60
"4622",2047,93.0295904698025,85.20800190482,102.976902295109,60
"4622",2048,94.4066582973876,86.0502081660958,105.085109181943,60
"4622",2049,96.0347960121944,87.0624323061413,107.568108659011,60
"4622",2050,97.4747999771118,87.9369750189601,109.789019586585,60
"4623",2026,20.318331849804,20.2184698547985,20.360697513541,60
"4623",2027,20.5070198215293,20.363217193502,20.5888948682642,60
"4623",2028,20.6707893852152,20.4855686735537,20.7816438495792,60
"4623",2029,20.8668889964336,20.6370268378779,21.0176486035943,60
"4623",2030,21.1167734039183,20.8260793914544,21.3259681232003,60
"4623",2031,21.4905066321998,21.0973263450546,21.8064378286781,60
"4623",2032,21.9249115119013,21.4115275336084,22.3715549218827,60
"4623",2033,22.347453796745,21.7179036415596,22.9168323970072,60
"4623",2034,22.8911304533496,22.1077289953687,23.6319663513155,60
"4623",2035,23.4362236631506,22.4975215642018,24.3516562651733,60
"4623",2036,23.9954248676498,22.9027759830946,25.092000733761,60
"4623",2037,24.6745898410604,23.4118204535533,26.0025718673691,60
"4623",2038,25.235594374462,23.8286353690237,26.7481224647138,60
"4623",2039,26.182469320627,24.5151842679109,28.0532371254219,60
"4623",2040,26.7489955067416,24.9310988301469,28.8074959036264,60
"4623",2041,27.351500730554,25.3714853288195,29.6163404560705,60
"4623",2042,28.1864447239503,25.976201694964,30.7663328976734,60
"4623",2043,28.9845866521217,26.5546658136755,31.863859850667,60
"4623",2044,29.6200524717388,27.0171000435678,32.7246043009251,60
"4623",2045,30.4835716017522,27.6394515669124,33.9239962336112,60
"4623",2046,31.1889579937352,28.1510525857242,34.8889607599225,60
"4623",2047,32.0492713987565,28.7689916107194,36.0855758002882,60
"4623",2048,33.0655398705792,29.4940730915888,37.5176473503052,60
"4623",2049,33.4770943774674,29.8000531909332,38.0457101311587,60
"4623",2050,34.5082270742096,30.5326980690071,39.5060936427363,60
"4624",2026,176.992552406584,176.769594854791,177.316061551034,60
"4624",2027,177.922275050698,177.515622470342,178.481482501869,60
"4624",2028,179.203621899241,178.546401325846,180.083296148844,60
"4624",2029,180.778026281044,179.839817814425,182.045380301851,60
"4624",2030,182.544110788693,181.303699760587,184.230254000073,60
"4624",2031,184.710547035925,183.090024609401,186.928488344265,60
"4624",2032,187.401643003179,185.288166823216,190.316609268677,60
"4624",2033,190.490491233036,187.801276673792,194.222285373693,60
"4624",2034,193.728435050716,190.445153374952,198.303496195988,60
"4624",2035,197.304971708726,193.360801329566,202.823034429899,60
"4624",2036,201.345400831336,196.637535357605,207.960087091954,60
"4624",2037,205.743191495198,200.194881619111,213.571232477702,60
"4624",2038,210.756172013663,204.215975128123,220.026976959754,60
"4624",2039,215.767725722064,208.253469613011,226.459110334555,60
"4624",2040,221.025846018564,212.487621935944,233.216440993297,60
"4624",2041,226.798248202717,217.105008455692,240.690409209554,60
"4624",2042,232.261887785092,221.517882499879,247.700380749931,60
"4624",2043,238.520518300398,226.50772327756,255.841991343452,60
"4624",2044,245.206298009247,231.811812803729,264.589205605806,60
"4624",2045,251.851703892077,237.095420772471,273.270125153067,60
"4624",2046,258.783341371314,242.586973131743,282.363151478048,60
"4624",2047,265.383645116344,247.851621448821,290.965539989725,60
"4624",2048,273.0678083811,253.878424050003,301.159631004879,60
"4624",2049,281.033012098624,260.101359748663,311.774674467094,60
"4624",2050,289.43210410809,266.626184859684,323.039244815867,60
"4625",2026,29.9389250846464,29.8403722069244,30.0584040354738,60
"4625",2027,29.9659983459611,29.8262671825293,30.1395471345475,60
"4625",2028,30.0587049844805,29.8714212495566,30.3009227036115,60
"4625",2029,30.2367204363843,29.9871427741368,30.5680820798481,60
"4625",2030,30.4262808258926,30.1064072342241,30.8496352714795,60
"4625",2031,30.615732880273,30.2214182412173,31.1313982438291,60
"4625",2032,30.8702841891516,30.385376255045,31.5067440458451,60
"4625",2033,31.1693417393196,30.5825952861887,31.9413490522167,60
"4625",2034,31.6421040154025,30.9069660442286,32.6114698335411,60
"4625",2035,32.0602761143905,31.1912807549505,33.2082586606998,60
"4625",2036,32.5551829892406,31.5328619912013,33.9207257748442,60
"4625",2037,32.9368945362193,31.8190157507564,34.4754317748089,60
"4625",2038,33.5515310441188,32.31031443791,35.3617313370614,60
"4625",2039,34.1195393497882,32.7457584002499,36.181301437279,60
"4625",2040,34.9891464824946,33.4270305914254,37.4395872429648,60
"4625",2041,35.4786259602433,33.7891650068454,38.1446709059813,60
"4625",2042,36.1327992134222,34.2670296061085,39.0902926833856,60
"4625",2043,36.565352779872,34.5835035315344,39.7088966451449,60
"4625",2044,37.5272579850808,35.2890013765623,41.1041755917585,60
"4625",2045,38.3826366696485,35.9150861537704,42.3466354001808,60
"4625",2046,39.2639409182117,36.5602800629998,43.6282542525248,60
"4625",2047,39.9431343699678,37.055924914154,44.6145137906956,60
"4625",2048,40.4798728967399,37.4484063600164,45.3879138607994,60
"4625",2049,41.3437224303642,38.0782664830159,46.6500290700886,60
"4625",2050,42.4268114202794,38.865824077543,48.2437465049437,60
"4626",2026,256.000579090414,254.759873741883,256.89101100092,60
"4626",2027,256.30148664499,254.514437694147,257.582472221981,60
"4626",2028,256.982886017997,254.602027194533,258.687940257854,60
"4626",2029,258.14072679066,255.100132232396,260.316336693031,60
"4626",2030,259.775714643362,256.008616241509,262.469211584746,60
"4626",2031,261.841536019778,257.287840372673,265.182310362829,60
"4626",2032,264.540314356802,259.102336359626,268.700584731784,60
"4626",2033,267.530686278883,261.164475801734,272.652811359511,60
"4626",2034,270.995676155015,263.49205325517,277.20383922093,60
"4626",2035,275.156352145133,266.215958266832,282.656559613335,60
"4626",2036,279.551527137605,269.127701818149,288.395248351196,60
"4626",2037,284.584398454732,272.688163462591,294.96752070388,60
"4626",2038,290.061114293002,276.766778668828,302.118600600248,60
"4626",2039,295.642926388247,280.941919695142,309.388980995874,60
"4626",2040,302.290872190536,285.990584843779,318.094446277115,60
"4626",2041,308.947916093613,291.056009257125,326.795191419738,60
"4626",2042,315.632837732179,296.153152292511,335.515684287988,60
"4626",2043,323.050579444295,301.832766717123,345.231057895852,60
"4626",2044,330.674947988835,307.650709483861,355.220892569217,60
"4626",2045,339.165203912259,314.156189680607,366.407315468472,60
"4626",2046,347.896804219462,320.855533155652,377.928863592625,60
"4626",2047,356.950339143105,327.809875796493,389.903657903991,60
"4626",2048,366.241911887944,334.952758502411,402.216119970893,60
"4626",2049,376.17891802094,342.601035118502,415.44645241303,60
"4626",2050,387.201398561842,351.09754672886,430.223986775667,60
"4627",2026,144.001439730811,143.689895888992,145.04309842042,60
"4627",2027,144.769390420659,144.351196542708,146.233953630476,60
"4627",2028,145.793550804635,145.206922219326,147.740448917766,60
"4627",2029,147.001942730972,146.227104357725,149.462575410082,60
"4627",2030,148.531977259708,147.497846415809,151.594580594915,60
"4627",2031,150.214142304436,148.880516790974,153.915607125508,60
"4627",2032,152.171448671894,150.483585585906,156.569031347851,60
"4627",2033,154.548047220078,152.412651112844,159.747859616563,60
"4627",2034,156.967488312797,154.390336725382,162.967622584524,60
"4627",2035,159.942834790219,156.792999960155,166.900590523687,60
"4627",2036,162.875887765444,159.182760960611,170.78274593446,60
"4627",2037,166.076156924623,161.785648387365,175.10822371734,60
"4627",2038,169.672936942023,164.691710041775,179.983261327164,60
"4627",2039,173.331201856889,167.643514109281,184.924174311968,60
"4627",2040,177.484564914578,170.891379871419,190.564379420465,60
"4627",2041,181.469158365367,174.047625765577,195.938231544073,60
"4627",2042,185.69388083762,177.376570314541,201.646408729895,60
"4627",2043,190.103550705726,180.879883563104,207.609330958626,60
"4627",2044,194.641292798472,184.518658441255,213.748690655239,60
"4627",2045,199.934752775535,188.700866835747,220.992533495919,60
"4627",2046,205.182332634464,192.854380722475,228.166566899634,60
"4627",2047,210.503556096809,197.062917895684,235.450063383584,60
"4627",2048,216.111296438775,201.475010516358,243.162232037421,60
"4627",2049,222.117878164525,206.165838463348,251.476430454715,60
"4627",2050,228.990803150983,211.459410506571,261.101901004415,60
"4628",2026,32.2413060972156,32.1486423868517,32.3408179303959,60
"4628",2027,32.3549193332575,32.2181778338426,32.5018891973198,60
"4628",2028,32.5364812752857,32.3324410334664,32.7563472122621,60
"4628",2029,32.6525213089901,32.4026784142172,32.9217897682425,60
"4628",2030,32.7978647270988,32.4919835750022,33.1277989456011,60
"4628",2031,33.0881869296486,32.6822101624208,33.5317739871632,60
"4628",2032,33.2841867366889,32.8091059553793,33.8076674565905,60
"4628",2033,33.7159453362154,33.1065172528594,34.4088525544215,60
"4628",2034,34.0030762240006,33.2993041939922,34.8109091421776,60
"4628",2035,34.3633328603347,33.5444824574866,35.3150384011319,60
"4628",2036,34.8819642962891,33.9026932547346,36.0410651383745,60
"4628",2037,35.3100688067831,34.1945501133925,36.6424967655229,60
"4628",2038,35.9708612569727,34.652134561089,37.5750675432487,60
"4628",2039,36.4990898469401,35.0135654612231,38.3259128851386,60
"4628",2040,37.2906272676875,35.5595436151738,39.4577782904829,60
"4628",2041,37.8779663320189,35.962460354693,40.2955588015292,60
"4628",2042,38.4307841919319,36.3390952273736,41.0870803803095,60
"4628",2043,39.0390696455962,36.7539823899197,41.9604408785657,60
"4628",2044,39.891745045843,37.3383599436414,43.1925072349452,60
"4628",2045,40.7626242346863,37.9318954612667,44.4583996126703,60
"4628",2046,41.5820924445152,38.4884021397961,45.6522482810671,60
"4628",2047,42.21699967577,38.9142244016187,46.5794185318915,60
"4628",2048,42.4710419252651,39.0766421244439,46.9443367291215,60
"4628",2049,43.2014353268119,39.5645089471391,48.0192410587391,60
"4628",2050,43.713523717171,39.9009573369328,48.7725882782574,60
"4629",2026,8.93132952441649,8.74131822887878,8.93547868678914,60
"4629",2027,8.91450760197379,8.6512031557305,8.9202410432063,60
"4629",2028,8.88898138130308,8.55428688500574,8.89817944800584,60
"4629",2029,8.91846065873273,8.50010255784701,8.92642543101427,60
"4629",2030,8.92079391174998,8.42479281198666,8.93022787094808,60
"4629",2031,8.98762126516039,8.39964869975502,9.00161857891977,60
"4629",2032,8.98674209971393,8.32177108878959,9.00008875457683,60
"4629",2033,9.03372760523429,8.28106811462582,9.05075086116792,60
"4629",2034,9.04444606732484,8.21214742112723,9.06121529483877,60
"4629",2035,9.02580828937263,8.12028693545198,9.04288198777888,60
"4629",2036,9.32952607960382,8.27936600250193,9.39911867140082,60
"4629",2037,9.4943728080445,8.33041353708505,9.606478244653,60
"4629",2038,9.72372293846734,8.43165863043414,9.90053730404163,60
"4629",2039,9.77150926606799,8.39137742489824,9.94480279997356,60
"4629",2040,9.7222604240434,8.27552152083653,9.8581849481533,60
"4629",2041,10.124020827525,8.51122387902604,10.3918068983614,60
"4629",2042,10.4447845038836,8.68385064632343,10.8133673636688,60
"4629",2043,10.469354966317,8.62538217981991,10.8238129999287,60
"4629",2044,10.4016181782161,8.49487590591558,10.7024629852799,60
"4629",2045,10.5134319982367,8.50430455118887,10.8252996169962,60
"4629",2046,10.8893186000867,8.71993199393901,11.3250098979089,60
"4629",2047,11.3761603003731,9.02251606163036,11.984487500559,60
"4629",2048,11.662146063123,9.16809073347572,12.3559009193481,60
"4629",2049,12.0034345024375,9.35689769291056,12.8053049467467,60
"4629",2050,12.2141552332186,9.44384185638338,13.0776539595284,60
"4630",2026,68.9367717783299,68.3858955147427,69.0942444794864,60
"4630",2027,69.1084962383562,68.3502091924769,69.3424612347251,60
"4630",2028,69.3491179620275,68.382230238239,69.6655906932682,60
"4630",2029,69.6808992698039,68.504901219298,70.0923056393273,60
"4630",2030,70.2246044902307,68.8421147411779,70.7973310051763,60
"4630",2031,70.693465337612,69.1008021909327,71.404094931341,60
"4630",2032,71.4031524310513,69.6040715061017,72.2970105859234,60
"4630",2033,72.4224308693807,70.4241533416983,73.5432741302936,60
"4630",2034,73.2397857633168,71.035297651959,74.5465348142637,60
"4630",2035,74.4426313387281,72.0147935659266,76.0083114897486,60
"4630",2036,75.6877550135524,72.9607465392483,77.5194638744982,60
"4630",2037,77.004434337287,73.9701325701307,79.1143546551291,60
"4630",2038,78.5332837194953,75.1609381939437,80.9644301755784,60
"4630",2039,79.7607860604434,76.0890690708574,82.4491024437553,60
"4630",2040,81.7467765794302,77.5137646580682,84.8612139355892,60
"4630",2041,83.4339564005951,78.7145456458064,86.9728355345169,60
"4630",2042,84.9789942473308,79.8184380652143,88.9198314755134,60
"4630",2043,86.7496955252422,81.0801694644884,91.174951404555,60
"4630",2044,88.5553376857225,82.3429970221235,93.4742117838169,60
"4630",2045,90.8756397074113,83.9196950945026,96.4898733942111,60
"4630",2046,92.6928243001424,85.1786506024908,98.846028394263,60
"4630",2047,94.9237166497122,86.6974085804143,101.804977416484,60
"4630",2048,96.8340897262306,88.014929169422,104.299182238969,60
"4630",2049,99.0361433518905,89.513298069817,107.22299345119,60
"4630",2050,101.82990056479,91.3809020657131,111.016910791962,60
"4631",2026,221.624954235537,221.219624409795,221.998702218217,60
"4631",2027,222.539859155666,221.903984415017,223.221634248111,60
"4631",2028,223.742804184092,222.797335627081,224.800696307003,60
"4631",2029,225.330767458125,224.001430040107,226.868788465501,60
"4631",2030,227.344969540706,225.545838252871,229.486053901506,60
"4631",2031,229.708293240352,227.360633929303,232.551251970972,60
"4631",2032,232.679596391197,229.606293129058,236.422711977677,60
"4631",2033,236.184876420958,232.247962329539,241.008003458432,60
"4631",2034,239.958807533646,235.098331225953,245.94365000313,60
"4631",2035,244.201635014307,238.296981819953,251.509577334711,60
"4631",2036,248.697530545333,241.691428646931,257.418443159253,60
"4631",2037,254.011391860817,245.67328050231,264.491911076013,60
"4631",2038,259.579215637364,249.845343853501,271.915377119446,60
"4631",2039,265.239141413315,254.092635323604,279.462173733514,60
"4631",2040,271.191201220191,258.55481697006,287.415778229584,60
"4631",2041,277.347758309671,263.168970504526,295.653819095492,60
"4631",2042,283.896154521737,268.060054818708,304.453246239133,60
"4631",2043,290.323863139379,272.876264047805,313.073267910065,60
"4631",2044,297.250460919954,278.079506271852,322.42034136632,60
"4631",2045,304.118468634309,283.246217471391,331.679538740914,60
"4631",2046,310.808034621054,288.290868310286,340.677015760992,60
"4631",2047,318.09704450021,293.74926624451,350.564633910607,60
"4631",2048,325.849589842425,299.529783097755,361.139955310422,60
"4631",2049,333.77032855831,305.421865672803,371.977467080264,60
"4631",2050,342.256952568751,311.701496847152,383.666097015771,60
"4632",2026,19.9285786940145,19.9020572031938,20.3236971790761,60
"4632",2027,19.9843577045088,19.9423386989695,20.55141847901,60
"4632",2028,20.0719171867567,20.0101318763091,20.8197669699464,60
"4632",2029,20.1760416441556,20.0935032787474,21.1087439446357,60
"4632",2030,20.2817960076747,20.1795559293035,21.3985778483207,60
"4632",2031,20.5510537318731,20.4039675771516,21.9046112543119,60
"4632",2032,20.8586016886927,20.6443399749044,22.4607229223004,60
"4632",2033,21.0929810412648,20.8317292960689,22.9185530191528,60
"4632",2034,21.3263073121299,21.020404707313,23.3739705929224,60
"4632",2035,21.6258583110772,21.260195512846,23.9166559830599,60
"4632",2036,22.0092998722791,21.56290465735,24.5708790120178,60
"4632",2037,22.3597524783921,21.8421154280919,25.1807022787256,60
"4632",2038,22.7692208305705,22.1673295185141,25.8681731718889,60
"4632",2039,23.1002802586131,22.4359971429366,26.4502487266539,60
"4632",2040,23.3430574815228,22.6429999923955,26.9125800747223,60
"4632",2041,23.8398414310931,23.0360621470123,27.7150937355766,60
"4632",2042,24.2607616258532,23.3750967886549,28.4152631929792,60
"4632",2043,24.5939300387706,23.6516173386724,28.9969725586198,60
"4632",2044,24.9227842647044,23.9270651609471,29.5718311288038,60
"4632",2045,25.3654912739645,24.2866038430208,30.2988922150799,60
"4632",2046,25.7399181437257,24.5974179177803,30.933802434492,60
"4632",2047,26.3471533450878,25.07753355932,31.8813976555282,60
"4632",2048,26.9220135624486,25.5342637384123,32.7855165667028,60
"4632",2049,27.4769171832939,25.978256548171,33.6619625016915,60
"4632",2050,27.9127093730131,26.3368537829776,34.3777240477335,60
"4633",2026,5.00440407777379,5.00317745698131,5.01392895624308,60
"4633",2027,5.01450013885228,5.01206606890748,5.02908491365312,60
"4633",2028,5.02058006183869,5.01699617132573,5.03964371834597,60
"4633",2029,5.0169809476866,5.01376616164444,5.0388230113138,60
"4633",2030,5.10881638503274,5.07953775886793,5.16241420207546,60
"4633",2031,5.14573424075417,5.10664689289606,5.21485079047651,60
"4633",2032,5.18556505606443,5.13584603406937,5.27136659898905,60
"4633",2033,5.20865486707379,5.15365105783133,5.30376318609633,60
"4633",2034,5.29252639069164,5.21507366057882,5.42090825803356,60
"4633",2035,5.35541705561721,5.26214855137136,5.50864599390472,60
"4633",2036,5.45542056207908,5.33620978106526,5.64888220301029,60
"4633",2037,5.55378836832755,5.40907287806974,5.78706578705155,60
"4633",2038,5.67466565394283,5.4966174623403,5.96001192172303,60
"4633",2039,5.82316689230678,5.60511671846563,6.1713615590711,60
"4633",2040,5.93508311510086,5.68584584784461,6.33263993235826,60
"4633",2041,6.09098515481837,5.79930573943287,6.55595136880411,60
"4633",2042,6.3158002659607,5.95890307236868,6.88523225585371,60
"4633",2043,6.49657732970327,6.08493104592098,7.1544368773291,60
"4633",2044,6.49164934937885,6.08372947451158,7.14281502479088,60
"4633",2045,6.77823971516213,6.28492189675823,7.56834744976193,60
"4633",2046,6.76502924874083,6.27578670321213,7.54749855145351,60
"4633",2047,6.88628666170491,6.35947786195643,7.72957117156466,60
"4633",2048,6.88978242089792,6.36142253725787,7.73473100725905,60
"4633",2049,7.20867347623293,6.58091353275749,8.2167682421196,60
"4633",2050,7.03016697696201,6.4570056085728,7.94692616356141,60
"4634",2026,23.7562780444906,23.5159181756171,23.7985604556424,60
"4634",2027,23.6890064962068,23.3553826608671,23.7486081567629,60
"4634",2028,23.6314312363613,23.2033428810898,23.7088537025567,60
"4634",2029,23.6486086520381,23.1160995828977,23.7583889311166,60
"4634",2030,23.6411295905088,23.007514069221,23.7823612718245,60
"4634",2031,23.6154316174686,22.8832634423247,23.7822807832112,60
"4634",2032,23.7824692013978,22.9259265185031,24.0338897371576,60
"4634",2033,23.9153187599034,22.9389604081697,24.2453125152898,60
"4634",2034,24.0991525588567,22.9962431784993,24.527969189244,60
"4634",2035,24.2638184511134,23.0369665781106,24.7875717480498,60
"4634",2036,24.6418287319831,23.2620767905597,25.3493541873934,60
"4634",2037,24.9056525543776,23.3885662978896,25.7492427381044,60
"4634",2038,24.9501036941652,23.3254908518766,25.8374400292886,60
"4634",2039,25.7497069283557,23.9147608575084,27.0077439004618,60
"4634",2040,25.8013749222073,23.8581012925932,27.1024330248339,60
"4634",2041,26.3221792605396,24.2064079838929,27.8774764716172,60
"4634",2042,26.9727480202444,24.6663759766658,28.8492433865335,60
"4634",2043,26.8647442820079,24.4716853719168,28.7142827946411,60
"4634",2044,27.3803136786684,24.8151420771928,29.4897279524748,60
"4634",2045,28.1979862240237,25.418801850898,30.7182285052,60
"4634",2046,28.3676492193573,25.4635109504165,30.9926778002234,60
"4634",2047,28.9254134271456,25.8428563017242,31.8422160832647,60
"4634",2048,28.951597897733,25.7635433284603,31.9095644930448,60
"4634",2049,29.9031419069072,26.4818815030066,33.3546235120393,60
"4634",2050,29.9913670890403,26.4556885394236,33.5204332181147,60
"4635",2026,18.2391335896879,18.1845660144018,18.267264919963,60
"4635",2027,18.3844054905146,18.306156727466,18.4300202486456,60
"4635",2028,18.5225813728625,18.421053006192,18.5841949287939,60
"4635",2029,18.7591672838669,18.6265066430533,18.8567918792204,60
"4635",2030,18.9613871566548,18.7994469312483,19.0902257783556,60
"4635",2031,19.1740740709223,18.9756277665763,19.3399515310538,60
"4635",2032,19.47778690439,19.21927394242,19.7105157702963,60
"4635",2033,19.8951249348406,19.5609679123551,20.2326943013198,60
"4635",2034,20.2178471838873,19.8357338867658,20.6336368117884,60
"4635",2035,20.6549317991069,20.1924753492079,21.1957737664351,60
"4635",2036,20.927511412775,20.4186122056641,21.5263043710219,60
"4635",2037,21.3200699809457,20.7360332097724,22.0262773932461,60
"4635",2038,21.8341332650552,21.1437566975905,22.6980347990088,60
"4635",2039,22.3638665996531,21.5630847110189,23.3907567568005,60
"4635",2040,22.8556362756161,21.9526438359306,24.0311113063244,60
"4635",2041,23.3050524740658,22.3106501248195,24.6117809307505,60
"4635",2042,23.5557822314317,22.5208062252474,24.9104016820809,60
"4635",2043,24.2481062482937,23.0584233179453,25.8386337783808,60
"4635",2044,24.9463564634965,23.5995672858785,26.7830717122431,60
"4635",2045,25.3646788290488,23.9331971022931,27.3236860608025,60
"4635",2046,25.9654255735658,24.3997572517408,28.1326274220876,60
"4635",2047,26.5799579347849,24.876073439306,28.9629723819889,60
"4635",2048,27.3459482214402,25.4514001559219,30.0206357497704,60
"4635",2049,28.0369460831531,25.9714549905909,30.966752347036,60
"4635",2050,28.5551300561678,26.3650399888625,31.6683828950407,60
"4636",2026,7.03601794893858,7.0183606140409,7.11880888141741,60
"4636",2027,7.09410166522518,7.06969992824132,7.21835443562066,60
"4636",2028,7.13093056470619,7.09976844472871,7.29174242284122,60
"4636",2029,7.18938784506898,7.15127462986704,7.39205515032964,60
"4636",2030,7.25020608180793,7.20503994367673,7.49554623026401,60
"4636",2031,7.32331454677731,7.26971281140314,7.61461918265467,60
"4636",2032,7.49394617154252,7.41859169857812,7.86793253007589,60
"4636",2033,7.65794257318436,7.54860377114833,8.1180327853667,60
"4636",2034,7.75068170936412,7.62442124435442,8.26748728997061,60
"4636",2035,7.8223652439832,7.68503431062483,8.38686240569295,60
"4636",2036,8.10162908965866,7.89323034960727,8.80362274839989,60
"4636",2037,8.30498272145212,8.04232106342395,9.11184281917084,60
"4636",2038,8.44274573203157,8.14637539234889,9.3274294520148,60
"4636",2039,8.51952457699518,8.21035586480765,9.4549186114795,60
"4636",2040,8.58598754413722,8.26542078964528,9.56958507683539,60
"4636",2041,9.03732125006948,8.5876055386284,10.2100197278962,60
"4636",2042,9.27246003382997,8.76000833132706,10.5514065805471,60
"4636",2043,9.34726914168438,8.81915803213943,10.6809099401321,60
"4636",2044,9.54625361789116,8.96328477739001,10.9763440039416,60
"4636",2045,9.69117684864466,9.07121175092145,11.1990352000521,60
"4636",2046,9.93440303964837,9.24529082322755,11.5539528621668,60
"4636",2047,10.0883856695029,9.3589137897524,11.789128435181,60
"4636",2048,10.1165149513579,9.3816539606577,11.8590211186486,60
"4636",2049,10.2746849840409,9.49490014563493,12.1019108953876,60
"4636",2050,10.6139981388499,9.73679215513939,12.5858101789273,60
"4637",2026,16.1778876530356,16.0638871942785,16.2238200155756,60
"4637",2027,16.3146166504125,16.1581324382172,16.405446072002,60
"4637",2028,16.3947504343408,16.195729565825,16.5107389025678,60
"4637",2029,16.5108966713515,16.2624513516972,16.6663779441947,60
"4637",2030,16.6720819614445,16.366041612503,16.8839978602318,60
"4637",2031,17.0352042083029,16.6340222708465,17.3838407077532,60
"4637",2032,17.2751288401669,16.8015229497112,17.7132916489853,60
"4637",2033,17.5099111212101,16.9639658791564,18.0385031716852,60
"4637",2034,17.7291295676678,17.1134332349886,18.3429558753359,60
"4637",2035,17.9886146422778,17.2952543706688,18.7057809524688,60
"4637",2036,18.2890380157785,17.5075066348733,19.1284931710866,60
"4637",2037,18.7956787776524,17.8478882241991,19.8469066921256,60
"4637",2038,18.9971756138194,17.9759612414478,20.1304667932135,60
"4637",2039,19.2785553780004,18.1539952481937,20.5305191500607,60
"4637",2040,19.5873415980295,18.3485143190513,20.9715775934942,60
"4637",2041,19.8244825759155,18.4969250322642,21.30973656221,60
"4637",2042,20.2013162679825,18.7325958511752,21.8524779343829,60
"4637",2043,20.4562854251817,18.890656864727,22.2187970957993,60
"4637",2044,20.6141632213923,18.9869480240699,22.4442360627662,60
"4637",2045,21.4519642041825,19.5079338599326,23.6687597993946,60
"4637",2046,21.8757722452207,19.7761181414541,24.2828988847365,60
"4637",2047,22.4264384070889,20.1511117906382,25.092891688084,60
"4637",2048,22.6162585671108,20.2612527724034,25.3678563746024,60
"4637",2049,23.1281937188964,20.6037311834971,26.1304387213689,60
"4637",2050,23.7421807146944,21.0224808027803,27.042544021762,60
"4638",2026,40.542202677077,40.466464148729,40.860144211012,60
"4638",2027,40.4065325727407,40.2982645995899,40.8663900281838,60
"4638",2028,40.3356169940861,40.1894350857058,40.9710672165968,60
"4638",2029,40.3094025075647,40.1113886668498,41.145039705226,60
"4638",2030,40.3247915813478,40.0609489313818,41.3833066313145,60
"4638",2031,40.4532874077466,40.0652980168975,41.7923334643167,60
"4638",2032,40.575185896841,40.0581225937464,42.197254590446,60
"4638",2033,40.8432986229459,40.1450634256931,42.8114824383923,60
"4638",2034,41.1168547663256,40.2306420701559,43.3935332637058,60
"4638",2035,41.5750517393018,40.4531872371626,44.2273007957594,60
"4638",2036,42.1007479267366,40.737811097197,45.1602582495878,60
"4638",2037,42.3896926558699,40.8470230510825,45.7778689018981,60
"4638",2038,43.1329517541954,41.2817690303666,47.0147535075014,60
"4638",2039,43.8017453343775,41.6565751357387,48.179708165149,60
"4638",2040,44.336367354722,41.9313469303689,49.2069894487911,60
"4638",2041,45.1070922700251,42.3700811629325,50.5987038319586,60
"4638",2042,45.6447660686022,42.6394964098731,51.6458744378693,60
"4638",2043,46.6683882474325,43.2457059225447,53.4460895120813,60
"4638",2044,47.2653510696962,43.5469595875377,54.6035896241231,60
"4638",2045,48.0339500699929,43.962285182563,56.0371551718566,60
"4638",2046,48.5669137330443,44.2064320328213,57.1192420603747,60
"4638",2047,49.4656081104717,44.7010080743947,58.7941761146234,60
"4638",2048,50.932400725992,45.5831483396635,61.4097487515839,60
"4638",2049,51.4440760215999,45.7965621850421,62.5080006952674,60
"4638",2050,52.477115490085,46.3644760679191,64.4605627624927,60
"4639",2026,28.5102682846614,28.4690539980897,28.5646689483324,60
"4639",2027,28.3593441633247,28.2899207569584,28.4500986824837,60
"4639",2028,28.2392426108063,28.1309242926273,28.3840518170144,60
"4639",2029,28.1488220075013,27.9911094368664,28.3586207326376,60
"4639",2030,28.0299929783543,27.8297237797883,28.2971112614458,60
"4639",2031,27.9697766743855,27.7145339571265,28.3168905288081,60
"4639",2032,27.995776338153,27.6651711518097,28.4559612921836,60
"4639",2033,28.0815688392566,27.6601608442201,28.6805825545391,60
"4639",2034,28.2406878201323,27.7067896899864,29.0231620799492,60
"4639",2035,28.1709441106996,27.5705424337511,29.0506612193324,60
"4639",2036,28.3878757783003,27.6368797812731,29.4882997515996,60
"4639",2037,28.4606609351494,27.5977117256479,29.7259501694712,60
"4639",2038,28.5400202560544,27.5586248442544,29.9803558086486,60
"4639",2039,28.8070625585002,27.6488644860445,30.5107948498066,60
"4639",2040,29.0132594698636,27.690202355653,30.9638868802521,60
"4639",2041,29.1551626033911,27.6842645831792,31.3277256967395,60
"4639",2042,29.3176322860093,27.6880656820065,31.7278085705657,60
"4639",2043,29.2284868662264,27.5116077975801,31.7682687774353,60
"4639",2044,29.44523540822,27.5459714092596,32.2597644054241,60
"4639",2045,29.492313464486,27.4617889716603,32.5039575710555,60
"4639",2046,29.564175953638,27.389029721068,32.7938347196692,60
"4639",2047,29.3493044570613,27.1180833089197,32.6607691294372,60
"4639",2048,29.790153863779,27.2952339733657,33.5042116564055,60
"4639",2049,29.3346832514564,26.8562482958447,33.0179992685886,60
"4639",2050,29.6991356441334,26.9743843390367,33.759254973464,60
"4640",2026,105.318337807788,105.091040283196,105.586200692122,60
"4640",2027,105.311266595029,104.997507751973,105.725934329425,60
"4640",2028,105.38551480568,104.982889301131,105.957224711751,60
"4640",2029,105.643751072497,105.118669311028,106.412727107238,60
"4640",2030,106.150387514576,105.429289683913,107.167742661291,60
"4640",2031,106.738111854154,105.810369715892,107.991393925739,60
"4640",2032,107.559761219351,106.414139149553,109.091763781376,60
"4640",2033,108.369403797581,107.025114418162,110.172281900329,60
"4640",2034,109.3360921032,107.768057092023,111.437060534843,60
"4640",2035,110.704109515238,108.819040576165,113.214154172316,60
"4640",2036,111.857076137333,109.685920543295,114.750790302031,60
"4640",2037,113.305421770766,110.780503659214,116.676592004296,60
"4640",2038,114.660000164044,111.805068863503,118.480321135517,60
"4640",2039,116.130184836999,112.919432934062,120.436499794641,60
"4640",2040,117.758980942214,114.15257320316,122.60642657888,60
"4640",2041,119.316315988456,115.311993246621,124.680371665327,60
"4640",2042,120.879508522105,116.476920604957,126.761229942153,60
"4640",2043,122.741856750772,117.858276258523,129.244864250425,60
"4640",2044,124.029410430474,118.830176393704,130.948129406971,60
"4640",2045,125.997325429767,120.288038573316,133.574907650466,60
"4640",2046,127.810996399545,121.636129817915,136.024682708143,60
"4640",2047,130.168076916501,123.372885144892,139.261478115646,60
"4640",2048,132.328164864268,124.968457098349,142.21962978632,60
"4640",2049,134.163246137449,126.332514498549,144.713280542553,60
"4640",2050,136.408719014776,127.983830338635,147.803749087236,60
"4641",2026,23.4415215024406,23.3247606740286,23.4528841539671,60
"4641",2027,23.2648703047905,23.1043834608378,23.2812053387855,60
"4641",2028,23.1151810065361,22.9113446854423,23.138127950974,60
"4641",2029,22.9368385902998,22.6871675592078,22.9636974994623,60
"4641",2030,22.8697929750133,22.5795943066521,22.9110982824586,60
"4641",2031,22.8557339166492,22.5274561570381,22.9187488531478,60
"4641",2032,22.8347188127537,22.4670463895142,22.9209233382104,60
"4641",2033,22.8402578313063,22.4248464811309,22.9528437272469,60
"4641",2034,22.7371942217468,22.2808138769605,22.8563709077385,60
"4641",2035,22.9174800419063,22.3809742794729,23.0908207487905,60
"4641",2036,23.0783547647449,22.4654285003272,23.3199795562609,60
"4641",2037,23.1684961570649,22.4895953342201,23.4583773926469,60
"4641",2038,23.4510842302239,22.6785611506732,23.8458565135456,60
"4641",2039,23.4735103147628,22.6458693114713,23.8932105533317,60
"4641",2040,23.8917597794774,22.9327905681503,24.4772195868517,60
"4641",2041,24.2106954072906,23.1336380768486,24.9299312924946,60
"4641",2042,24.3848773170236,23.2222029991079,25.1821940878494,60
"4641",2043,24.7972574381872,23.4947282862648,25.7676930964299,60
"4641",2044,25.0826292249089,23.6684486873623,26.1777078909811,60
"4641",2045,25.2858846682666,23.7797492393602,26.4705762982381,60
"4641",2046,25.7530895748666,24.0935625693333,27.1373319989017,60
"4641",2047,26.1820365239891,24.3745456324873,27.7500374215567,60
"4641",2048,26.5048142347064,24.5741313243115,28.2152578179052,60
"4641",2049,27.2294961376341,25.0337374303457,29.2580769610706,60
"4641",2050,27.9451196550264,25.4672818214046,30.2870725808525,60
"4642",2026,19.8050892524176,19.6845475164857,19.9236066414924,60
"4642",2027,19.7653513830914,19.5984557735274,19.9372393320429,60
"4642",2028,19.7841469245849,19.5688526403527,20.0310599072584,60
"4642",2029,19.8053549530556,19.5394148671812,20.1302896741136,60
"4642",2030,19.8986439467092,19.573795604786,20.3165188588765,60
"4642",2031,20.0160105907,19.6323324018552,20.5343375066862,60
"4642",2032,20.1059211409073,19.6679461537664,20.7202123109313,60
"4642",2033,20.2132623293077,19.7202371903155,20.9320929258435,60
"4642",2034,20.587694518261,20.0197846539909,21.5045321245587,60
"4642",2035,20.8375026161202,20.1933380487955,21.9140689546549,60
"4642",2036,21.181769287771,20.4460459350949,22.4727494835359,60
"4642",2037,21.5134996236964,20.6799806098002,23.0182829187915,60
"4642",2038,21.9440231799825,20.9774136111527,23.7134450713267,60
"4642",2039,22.2680984317621,21.1956961229695,24.2577815137427,60
"4642",2040,22.7536315644344,21.5282778592219,25.04435374631,60
"4642",2041,23.1869098841054,21.8172976375754,25.7574822610678,60
"4642",2042,23.3750860043842,21.9188781796146,26.10937784226,60
"4642",2043,23.9366979890991,22.2985442810737,27.0238887618925,60
"4642",2044,24.3979300336077,22.6001464924085,27.7952252277622,60
"4642",2045,24.9033737257345,22.9490438849592,28.6378712281363,60
"4642",2046,25.2610269210366,23.1609584670912,29.260828984949,60
"4642",2047,25.5430531113863,23.3195130946811,29.7717302896582,60
"4642",2048,26.0262779889295,23.6142840938347,30.5971210161702,60
"4642",2049,26.4169021911424,23.8440039078426,31.2823133101271,60
"4642",2050,26.7647273630481,24.0429926329222,31.9037886199007,60
"4643",2026,41.0826575064523,40.9541738903024,41.2090345158707,60
"4643",2027,41.1464986462346,40.9480421456186,41.3508212578284,60
"4643",2028,41.1839896291846,40.916241368381,41.4657965031809,60
"4643",2029,41.3535854499671,40.9740541969963,41.7725857178813,60
"4643",2030,41.4992369408542,41.0078931423385,42.0578818996432,60
"4643",2031,41.7710717036744,41.1264249433671,42.531184774239,60
"4643",2032,41.9800502599927,41.1928141818959,42.9273939199959,60
"4643",2033,42.2028059402926,41.2628594458914,43.3535029601033,60
"4643",2034,42.5500816986022,41.4159411725379,43.9675706617745,60
"4643",2035,43.0170174248432,41.6470056983487,44.7665870880733,60
"4643",2036,43.5305841130384,41.9029676118192,45.653477655652,60
"4643",2037,44.0315870069645,42.1435519119001,46.5368846007607,60
"4643",2038,44.4204117138576,42.300325985163,47.264694850274,60
"4643",2039,44.9322264568541,42.5338968677117,48.1926471186919,60
"4643",2040,46.0037006359852,43.1452693405675,49.9833192611877,60
"4643",2041,46.5991827977461,43.4213518617784,51.0704439221067,60
"4643",2042,47.254094260932,43.7320205637635,52.2615026011783,60
"4643",2043,47.7643557657323,43.9372472539203,53.2444034434332,60
"4643",2044,48.8034998769956,44.4917114873995,55.0659533259766,60
"4643",2045,49.7623292471927,44.9824528401433,56.7851648131632,60
"4643",2046,51.0265282054043,45.6694088785418,59.0064782642282,60
"4643",2047,51.5891812582547,45.8785662874238,60.1390388873807,60
"4643",2048,51.9335772890189,45.9386220389807,60.9326507192721,60
"4643",2049,53.3306365225847,46.6864596431247,63.4307001128267,60
"4643",2050,54.6593741321972,47.3749914469049,65.8545508843988,60
"4644",2026,47.7302597581471,47.6212453700654,47.8076286665045,60
"4644",2027,47.7427521246204,47.589966140333,47.8800688474447,60
"4644",2028,47.8069664041948,47.5923558574272,48.0301935263724,60
"4644",2029,47.8878494337173,47.6007253046725,48.205114114753,60
"4644",2030,48.087916441565,47.6834044945201,48.5511856775028,60
"4644",2031,48.2979071335602,47.7646131230152,48.9135869345738,60
"4644",2032,48.7325923373698,47.9949210475909,49.5877573979334,60
"4644",2033,49.1146589208156,48.1977627862868,50.1937843499082,60
"4644",2034,49.5847137556486,48.4694368930611,50.9274178782682,60
"4644",2035,50.0683510681907,48.7491501143245,51.6840738527161,60
"4644",2036,50.7918726787748,49.1968902156883,52.7893079112279,60
"4644",2037,51.3291285008976,49.5099479390128,53.6326646203527,60
"4644",2038,52.1562771680034,50.0242696395266,54.9010628472091,60
"4644",2039,53.0308113208476,50.5653136585383,56.2481090993674,60
"4644",2040,53.8121874720998,51.0383711270125,57.4659278093937,60
"4644",2041,54.9146374201116,51.7295924308469,59.1653159445523,60
"4644",2042,55.8188364355656,52.2818518063829,60.5774861094997,60
"4644",2043,56.6168988594016,52.7565095635969,61.8407516472345,60
"4644",2044,58.0579998740243,53.6694348089093,64.0708832956865,60
"4644",2045,59.1226687310258,54.3205156522688,65.7472763208492,60
"4644",2046,60.5133747565762,55.187691807571,67.9280488501051,60
"4644",2047,61.5465379687079,55.8083483664161,69.5760592645978,60
"4644",2048,62.2202616391234,56.1805454484968,70.6869620185733,60
"4644",2049,63.770793073633,57.1392560753155,73.1464092900594,60
"4644",2050,64.6149137644251,57.6151715848027,74.5385202976876,60
"4645",2026,37.9172586737472,37.7830230157512,37.9981184338366,60
"4645",2027,37.9433899928296,37.7608311228496,38.0793593252656,60
"4645",2028,38.0490941399302,37.8126256997601,38.2709324674981,60
"4645",2029,38.1215984857552,37.8206324491048,38.417768356505,60
"4645",2030,38.2446299873979,37.8691146961542,38.6342165541152,60
"4645",2031,38.4761370698244,37.982897955725,39.0030302898708,60
"4645",2032,38.8428855319517,38.1692838184891,39.5703787586259,60
"4645",2033,39.0182369025566,38.2505315737697,39.8758480830054,60
"4645",2034,39.2579431767674,38.3837374880299,40.2748643550098,60
"4645",2035,39.7088855404545,38.6899625747274,40.9746708769979,60
"4645",2036,40.0885452246499,38.9362051963475,41.5778406069151,60
"4645",2037,40.745571533214,39.4094895172634,42.5828787383592,60
"4645",2038,41.0179132087082,39.5504182712008,43.0436130809021,60
"4645",2039,41.7173969640337,39.9999325553317,44.1203960777161,60
"4645",2040,42.2208718498506,40.3038821844003,44.9230044413445,60
"4645",2041,42.7870014841946,40.6504437756957,45.8217143320389,60
"4645",2042,43.3848467408534,41.0170392649979,46.7723448160254,60
"4645",2043,43.4882712766902,41.0227020143336,47.0114081053122,60
"4645",2044,44.3868562968183,41.6002489202924,48.4115019631263,60
"4645",2045,45.1590016611521,42.0804239807136,49.64008848022,60
"4645",2046,45.3356740664622,42.1319960049119,49.9975678543028,60
"4645",2047,46.0981845384274,42.5992953273493,51.2239754408222,60
"4645",2048,46.1513989575946,42.5548571889614,51.4128251658395,60
"4645",2049,46.8662564749262,42.9824342279456,52.5799148271904,60
"4645",2050,47.5137940279237,43.3589038340349,53.6538673235565,60
"4646",2026,30.9059372829529,30.5238521037053,30.9644531988361,60
"4646",2027,30.9605077374737,30.4206080584742,31.0684848242507,60
"4646",2028,30.9660104270337,30.2767265265235,31.1043390863056,60
"4646",2029,31.0730956103434,30.2177033152099,31.2757778128253,60
"4646",2030,31.1884295809647,30.1657819840173,31.456741986402,60
"4646",2031,31.2901105707275,30.102855544117,31.6161392117724,60
"4646",2032,31.580622492532,30.1972423271357,32.0331183285657,60
"4646",2033,31.7730410290295,30.2100566477231,32.3155054622229,60
"4646",2034,32.0289644084103,30.2744978852752,32.6824215070058,60
"4646",2035,32.1230444864612,30.2062879370734,32.8252973254949,60
"4646",2036,32.4722568964279,30.3472076661618,33.3192723952929,60
"4646",2037,32.9618322312819,30.6031668384369,34.0079203568351,60
"4646",2038,33.1652077185431,30.6253040342348,34.296375480696,60
"4646",2039,33.449470183567,30.7132006582455,34.7004138412272,60
"4646",2040,33.6747890735336,30.753482468344,35.0181942638089,60
"4646",2041,34.0526953475771,30.9183757311555,35.5517559469165,60
"4646",2042,34.3270182581478,30.9983898732066,35.9430349523532,60
"4646",2043,34.8180783164871,31.2556820009877,36.6457134477939,60
"4646",2044,35.0026052957734,31.2626659099454,36.9049359540557,60
"4646",2045,35.3608820791402,31.4113042445372,37.4174959204334,60
"4646",2046,35.5866840611803,31.4513373870713,37.7414644117932,60
"4646",2047,35.6973689997953,31.3974091400301,37.8983755084503,60
"4646",2048,36.337845812878,31.7763594719869,38.8212630988336,60
"4646",2049,36.563500593193,31.8159670883909,39.1473569221425,60
"4646",2050,36.5486075452166,31.6591384533717,39.1245610555397,60
"4647",2026,182.106997155247,181.225720208237,182.662324627212,60
"4647",2027,182.802132065445,181.603943751227,183.616626571274,60
"4647",2028,183.829747869322,182.332323722638,184.97219982372,60
"4647",2029,185.063570402383,183.230743911334,186.58440307829,60
"4647",2030,186.61701891602,184.412622026539,188.590548653263,60
"4647",2031,188.412024387555,185.821536380569,190.895271454283,60
"4647",2032,190.597483581768,187.509653513632,193.685808465676,60
"4647",2033,192.943027379323,189.242086422917,196.821289528112,60
"4647",2034,195.895572205079,191.282697850049,200.805106562573,60
"4647",2035,198.876095701115,193.469743314519,204.831899695588,60
"4647",2036,202.316269116091,196.110542284385,209.504202042966,60
"4647",2037,206.006950192618,198.948173287327,214.535844889326,60
"4647",2038,210.048683599913,201.977051516591,220.075912026164,60
"4647",2039,214.759782785989,205.40732192701,226.586923141217,60
"4647",2040,218.97740884362,208.477118909297,232.407394097434,60
"4647",2041,223.557684613665,211.799185488729,238.767649867123,60
"4647",2042,228.244690180994,215.191013239812,245.300938293634,60
"4647",2043,233.472886562593,218.963571223456,252.737352290737,60
"4647",2044,239.098714128809,223.056441425066,260.7956615971,60
"4647",2045,244.528521043772,226.993046016173,268.596310161691,60
"4647",2046,249.429081683933,230.53605478279,275.624733358779,60
"4647",2047,254.675336651032,234.320106848923,283.199806872536,60
"4647",2048,259.907756387584,238.081678180104,290.784752997538,60
"4647",2049,265.496068632807,242.088593939155,298.940594648317,60
"4647",2050,271.406498685659,246.312270067523,307.626763392469,60
"4648",2026,44.7214780906344,44.3875098247769,44.8224453228483,60
"4648",2027,44.687786489161,44.2301156134581,44.8624167184414,60
"4648",2028,44.6101555042666,44.0303500212069,44.8483193308359,60
"4648",2029,44.610308568226,43.9087405532013,44.9452677881118,60
"4648",2030,44.7102908960896,43.8872989900746,45.1843349658629,60
"4648",2031,44.8407003172607,43.8969490568332,45.4697359557703,60
"4648",2032,45.01302532197,43.9492633702649,45.8181201701631,60
"4648",2033,45.1808264298748,43.9979083867331,46.1645795308542,60
"4648",2034,45.4952475845133,44.1939900723546,46.7223112318032,60
"4648",2035,45.6787821498244,44.2284651805992,47.1002074152136,60
"4648",2036,46.0924220976762,44.4410505557411,47.8065768629968,60
"4648",2037,46.4898467516963,44.6355422027633,48.4941419622504,60
"4648",2038,46.9823941662439,44.8762105688629,49.3267163332285,60
"4648",2039,47.5198185735542,45.1022354124476,50.2280853340405,60
"4648",2040,47.8711374485823,45.2057610088613,50.8670946769032,60
"4648",2041,48.3591253210905,45.3925264288593,51.709054790977,60
"4648",2042,48.7630485129934,45.5223844626803,52.4344693553303,60
"4648",2043,49.0226109898862,45.5577870277223,52.9543015983128,60
"4648",2044,49.7731811983026,45.898779438282,54.196329888569,60
"4648",2045,50.2556665281933,46.063587662664,55.0573026294683,60
"4648",2046,50.7922869107979,46.2620167050487,55.9989850405152,60
"4648",2047,51.4838098935426,46.5530223144103,57.1755328380971,60
"4648",2048,52.1087475750589,46.8001039306322,58.2603179067445,60
"4648",2049,52.8373230705978,47.2200585705145,59.5117102542948,60
"4648",2050,53.0813982844886,47.2450969105495,60.0411613010203,60
"4649",2026,64.9986662347463,64.872378347336,65.2050510203032,60
"4649",2027,65.4702193902611,65.2706819366388,65.7815577071123,60
"4649",2028,66.1150266211268,65.7957483235805,66.5803778903469,60
"4649",2029,66.819111310156,66.3635782123092,67.4496716580614,60
"4649",2030,67.6012313979671,66.9874924208433,68.4469229453439,60
"4649",2031,68.4111188787995,67.6306110171811,69.4915066216808,60
"4649",2032,69.3174361330998,68.3428548319852,70.672809643739,60
"4649",2033,70.5640260137344,69.2985968170366,72.3373468810052,60
"4649",2034,71.7326791644575,70.1954695388354,73.8979683990507,60
"4649",2035,73.195433245675,71.3020959434811,75.8803280042953,60
"4649",2036,74.4299219110433,72.2419637284441,77.5441885227809,60
"4649",2037,75.9718954418001,73.3990198900179,79.6536532341563,60
"4649",2038,77.8334378189966,74.7772136841697,82.2360289724085,60
"4649",2039,79.655263117553,76.1243692989621,84.769178832482,60
"4649",2040,81.5912450544634,77.5454041044658,87.4824411805758,60
"4649",2041,83.2956658360126,78.8006079110434,89.864118814238,60
"4649",2042,85.2715737218093,80.2393087699623,92.6579790619629,60
"4649",2043,87.442530202888,81.8079028491829,95.7534368890925,60
"4649",2044,89.536625000917,83.3186707744237,98.7451228835511,60
"4649",2045,91.6592807574437,84.8393649272776,101.798400810661,60
"4649",2046,93.9748377494515,86.4862090256537,105.155593114272,60
"4649",2047,96.0351855235251,87.9506546286177,108.142549503203,60
"4649",2048,98.1100925188434,89.4162278703926,111.168320750775,60
"4649",2049,100.345993474089,90.9822842606849,114.456827356024,60
"4649",2050,102.821581678839,92.7059559333258,118.123299160647,60
"4650",2026,70.7188522474699,70.4965958128277,70.8779818079381,60
"4650",2027,70.7190396742999,70.384466948435,70.9649875762592,60
"4650",2028,70.8844328375116,70.3930480774238,71.2866665650656,60
"4650",2029,71.0642524748549,70.4103010814884,71.6258166229883,60
"4650",2030,71.4318154147758,70.5646267792227,72.2099229474933,60
"4650",2031,71.8674985594359,70.7666888659437,72.8880786610668,60
"4650",2032,72.4784788699716,71.0944719058935,73.8056474499861,60
"4650",2033,73.2585803257137,71.525749057904,74.9691643227079,60
"4650",2034,74.0147599458799,71.9334920520486,76.1063948176114,60
"4650",2035,75.1935729696654,72.8914900657525,77.8333500762422,60
"4650",2036,75.9458692366703,73.4343474856824,78.9792508653271,60
"4650",2037,77.3498650256165,74.5265747067392,81.0431037426736,60
"4650",2038,78.384845695902,75.1927490932969,82.5994688211426,60
"4650",2039,79.559342676442,75.9551167892825,84.3645381829882,60
"4650",2040,81.1521083552582,77.0180902718815,86.7346208319404,60
"4650",2041,82.0484464309885,77.5673204475636,88.1237355760631,60
"4650",2042,83.137250189468,78.2519491780083,89.7964322278974,60
"4650",2043,84.243227317082,78.9433442561244,91.5042356881303,60
"4650",2044,85.4156825116136,79.6816726243449,93.310680184668,60
"4650",2045,86.8482632556631,80.6024495721058,95.5032348862795,60
"4650",2046,87.6418682572173,81.0564481462532,96.7820178602703,60
"4650",2047,88.6691339917441,81.6732147797922,98.4086282317326,60
"4650",2048,89.3814735917979,82.0564319845142,99.581290400764,60
"4650",2049,90.1119668525658,82.444964869275,100.790714417059,60
"4650",2050,91.9000643101451,83.556152104646,103.540500399621,60
"4651",2026,47.0752334920954,47.0004041483587,47.4075960228711,60
"4651",2027,47.1462923206851,47.0316189077867,47.6178263657366,60
"4651",2028,47.3109857447958,47.1334495318133,47.9507825272142,60
"4651",2029,47.5197826903306,47.2641603987576,48.3430024020532,60
"4651",2030,47.7993488742392,47.4457035602429,48.8291147993153,60
"4651",2031,48.1278667207821,47.6611613233618,49.3817391368612,60
"4651",2032,48.5129996422725,47.9168571592797,50.0103982750198,60
"4651",2033,49.0609053533725,48.2889987634518,50.8567604091051,60
"4651",2034,49.5725163272263,48.6328614264192,51.6575957991116,60
"4651",2035,50.1274430741732,49.0061958977369,52.5183948749242,60
"4651",2036,50.8094793419948,49.469745613371,53.550803488955,60
"4651",2037,51.7192926667882,50.0926758313629,54.8779359513784,60
"4651",2038,52.509862657558,50.6290162498973,56.0421998039431,60
"4651",2039,53.2041445787152,51.095329601895,57.0822581827031,60
"4651",2040,54.0449182273433,51.6635656972284,58.3486185056447,60
"4651",2041,54.9037010159334,52.2413288070132,59.6619933797736,60
"4651",2042,56.0372763307298,53.0096722405402,61.371999523404,60
"4651",2043,57.056745740156,53.6954236314133,62.9238887544341,60
"4651",2044,57.8788936773764,54.2400250986292,64.1976743358141,60
"4651",2045,58.9579948720192,54.9615068899622,65.8452846647953,60
"4651",2046,59.829092459681,55.5364948424327,67.1964446805357,60
"4651",2047,61.2298197195813,56.4740763503049,69.3318389712984,60
"4651",2048,62.3736436775558,57.2292073513437,71.0997643221803,60
"4651",2049,63.4809887315541,57.9546285130181,72.8217429634977,60
"4651",2050,64.8540861720602,58.8595403227891,74.9816003852731,60
"5001",2026,911.012632204844,907.873208174422,916.224823847013,60
"5001",2027,914.957355984276,910.579723391378,922.402422526992,60
"5001",2028,920.024321113938,914.375524820559,929.819807302542,60
"5001",2029,926.412455148075,919.408111484362,938.742543255973,60
"5001",2030,934.097921382064,925.373692939957,949.152931228291,60
"5001",2031,942.902766858931,932.321705920235,961.051107529674,60
"5001",2032,953.382933154223,940.658298361516,975.229706689,60
"5001",2033,964.959008601891,949.933851739206,990.778786641546,60
"5001",2034,977.895451159936,960.362908972208,1008.08211397746,60
"5001",2035,991.822079312073,971.638777787024,1026.64067085312,60
"5001",2036,1006.87179664906,983.866527131136,1046.63669123622,60
"5001",2037,1023.33557165976,997.272646035396,1068.4800631024,60
"5001",2038,1040.53981885211,1011.30120369394,1091.28602684871,60
"5001",2039,1059.10817135063,1026.45370074637,1115.90232454175,60
"5001",2040,1077.91068927204,1041.81275229871,1141.21676607631,60
"5001",2041,1097.48072845728,1057.80784083571,1167.80131438211,60
"5001",2042,1118.26425962991,1074.79656786984,1196.12408024294,60
"5001",2043,1139.93316810502,1092.51164847718,1225.7177004559,60
"5001",2044,1163.41748721235,1111.70050339313,1257.94767131855,60
"5001",2045,1187.15296696736,1130.92351600825,1290.53481798584,60
"5001",2046,1211.91166840909,1150.73310898469,1324.61556827299,60
"5001",2047,1237.69559171727,1171.3301656938,1360.19960180948,60
"5001",2048,1263.98312132752,1192.31680761583,1396.52571685286,60
"5001",2049,1293.42916246507,1215.69162020558,1437.53893060336,60
"5001",2050,1323.24688754827,1239.3473721559,1479.12601365033,60
"5006",2026,196.798938690239,196.378190412304,197.257535532495,60
"5006",2027,197.459778292392,196.839262733638,198.21911150425,60
"5006",2028,198.332176594237,197.484771354921,199.471966893995,60
"5006",2029,199.505786083817,198.386975141177,201.141955908803,60
"5006",2030,200.835708606475,199.332065253673,203.033536742603,60
"5006",2031,202.591085206725,200.586859987527,205.522282297553,60
"5006",2032,204.476224750909,201.932197055097,208.201641441817,60
"5006",2033,206.619697080199,203.456513168937,211.253334618239,60
"5006",2034,209.09315236262,205.216134406383,214.778248297796,60
"5006",2035,211.740235775059,207.095385254053,218.561174010046,60
"5006",2036,214.882268848541,209.326136471587,223.058756281643,60
"5006",2037,217.885189403053,211.450677671129,227.372549064223,60
"5006",2038,220.816745310563,213.516148516853,231.599824314858,60
"5006",2039,224.005114531109,215.75723639477,236.211081320717,60
"5006",2040,227.532215277495,218.230473738006,241.328618598169,60
"5006",2041,231.166586815206,220.770291114291,246.620701147158,60
"5006",2042,234.954383048992,223.408552489916,252.155969973002,60
"5006",2043,238.453299946276,225.835148850352,257.285717005694,60
"5006",2044,242.036928084572,228.311705538086,262.557463716998,60
"5006",2045,246.090590774472,231.107375477956,268.539947809266,60
"5006",2046,250.194879820891,233.928756871203,274.616611389637,60
"5006",2047,254.501578938135,236.879227943969,281.016267263743,60
"5006",2048,258.463093816514,239.578961184975,286.924258328204,60
"5006",2049,262.393736959624,242.247491019985,292.804776584706,60
"5006",2050,267.00648636046,245.376566409385,299.726064028916,60
"5007",2026,121.975121978496,121.730972595669,122.646358885137,60
"5007",2027,122.548038718859,122.204302155368,123.550572838754,60
"5007",2028,123.240038878306,122.792182858257,124.618955716448,60
"5007",2029,124.109389537447,123.479169476955,125.932731522889,60
"5007",2030,125.098751733992,124.248177751276,127.415246495174,60
"5007",2031,126.348092182065,125.213219267228,129.231145406437,60
"5007",2032,127.87599013123,126.386599633228,131.367489198195,60
"5007",2033,129.349013231474,127.515241286975,133.438150881027,60
"5007",2034,131.01897875678,128.789564738612,135.759072515612,60
"5007",2035,132.788983769632,130.1283740277,138.299795530418,60
"5007",2036,134.98879981931,131.739252271385,141.476976557871,60
"5007",2037,137.321391143984,133.438360985012,144.852883389608,60
"5007",2038,139.732990288304,135.185036818968,148.355178430586,60
"5007",2039,141.968465979107,136.804667812244,151.613760717144,60
"5007",2040,144.290106767579,138.477078605987,155.007702988045,60
"5007",2041,146.960041051955,140.384196148837,158.915303814278,60
"5007",2042,149.63645517004,142.288652335042,162.844997414765,60
"5007",2043,152.542985941528,144.343896139573,167.122447067271,60
"5007",2044,155.00761946848,146.086666559357,170.77088818271,60
"5007",2045,157.872674293962,148.096093686205,175.016908713191,60
"5007",2046,160.421698615541,149.882032581625,178.812362630526,60
"5007",2047,163.375653324024,151.933394063274,183.219388341062,60
"5007",2048,166.640951416389,154.18945162033,188.097942861135,60
"5007",2049,169.485119013734,156.147993586289,192.373576432167,60
"5007",2050,172.38617309467,158.138719265418,196.757813215141,60
"5014",2026,22.142603245863,22.1197079610386,22.2478219924542,60
"5014",2027,22.2404371849338,22.2066891052875,22.3906073818033,60
"5014",2028,22.3831760070619,22.33455320775,22.5877272059633,60
"5014",2029,22.5424109182044,22.4784194368193,22.8028895599283,60
"5014",2030,22.7312966836858,22.6475150112478,23.0532760654488,60
"5014",2031,22.9474547406506,22.8407395452268,23.3361232730575,60
"5014",2032,23.1887658997191,23.0565832531498,23.6486441778315,60
"5014",2033,23.5134690453888,23.3426838755058,24.0664164093086,60
"5014",2034,23.8881570335436,23.6710611705215,24.5364350752219,60
"5014",2035,24.267158613675,24.0021519038333,24.9866579008307,60
"5014",2036,24.604920604838,24.2972163324624,25.3938531292477,60
"5014",2037,25.0468300095559,24.6699247908666,25.9134919407088,60
"5014",2038,25.5575867911087,25.0942940706315,26.5292512785378,60
"5014",2039,26.1535602437616,25.5803582349553,27.2451730038352,60
"5014",2040,26.6968386736042,26.0296356710218,27.9000352340211,60
"5014",2041,27.1927887883285,26.4471497637315,28.521025565718,60
"5014",2042,27.8120134072485,26.9525269436627,29.3194945185213,60
"5014",2043,28.6349975004738,27.6032621878994,30.4069354284624,60
"5014",2044,29.4552873724763,28.2515171452091,31.4927639246544,60
"5014",2045,30.1564686449769,28.8171746510531,32.4069593763054,60
"5014",2046,30.9356065128275,29.4379495540109,33.4332933723992,60
"5014",2047,31.8526311542287,30.1536951103478,34.6618857384092,60
"5014",2048,32.7588504215562,30.8618480472977,35.8760803704384,60
"5014",2049,33.7875417394334,31.6541936208256,37.2713393943442,60
"5014",2050,34.6803019030977,32.3527064672711,38.468388865476,60
"5020",2026,8.13817613425006,8.12756067675844,8.14925974420539,60
"5020",2027,8.23422984451939,8.20849075910543,8.26582266842302,60
"5020",2028,8.33667634967797,8.29389304871917,8.39139028120896,60
"5020",2029,8.47843132318019,8.40730995811803,8.57208868263391,60
"5020",2030,8.61566484717779,8.51695398140282,8.74751826109492,60
"5020",2031,8.77043479396971,8.63891127533847,8.94830173626873,60
"5020",2032,8.97977648237038,8.79963310699207,9.2273121474673,60
"5020",2033,9.12951322238749,8.91814295096185,9.42118241079177,60
"5020",2034,9.39608469554319,9.11855934807013,9.78472361255903,60
"5020",2035,9.57049251969461,9.25299843743503,10.0168604290766,60
"5020",2036,9.8293152111668,9.44523815421777,10.3745139409201,60
"5020",2037,10.112904889166,9.65537195906246,10.7682240035382,60
"5020",2038,10.4710971975384,9.91493081010354,11.2770834954058,60
"5020",2039,10.6100043234006,10.0214533899527,11.4623411712782,60
"5020",2040,10.8327796007423,10.1837490369118,11.7761934945609,60
"5020",2041,11.313106179755,10.5223536301179,12.4786033634459,60
"5020",2042,11.5262871101305,10.6783178768846,12.7782401306442,60
"5020",2043,11.6531591157012,10.7724126610932,12.9520688219732,60
"5020",2044,12.0488143210773,11.0518636675658,13.5305475151876,60
"5020",2045,12.2984095867022,11.2282989706977,13.8932863699249,60
"5020",2046,12.640999357603,11.4696777096514,14.3953979965656,60
"5020",2047,12.7645886488792,11.5591689536316,14.5679318584432,60
"5020",2048,13.0813756604408,11.7817316636026,15.033106539525,60
"5020",2049,13.3842190755845,11.9941529766605,15.4783835027709,60
"5020",2050,13.6576575828065,12.1861048117402,15.8795983278543,60
"5021",2026,55.2739075159969,55.1490458394343,55.4446795191594,60
"5021",2027,55.4930979098619,55.2927248623426,55.7677692081281,60
"5021",2028,55.8155907166513,55.5155383456459,56.2313734430461,60
"5021",2029,56.2311154223944,55.8170751598355,56.8227137173639,60
"5021",2030,56.6535625650464,56.1136261713558,57.4245234103999,60
"5021",2031,57.337000894603,56.6000091690546,58.3905792691629,60
"5021",2032,57.99522035616,57.0672523780436,59.3240299018455,60
"5021",2033,58.7375855122435,57.5927506530078,60.3784743879477,60
"5021",2034,59.6956889995798,58.2716580535513,61.7405606212642,60
"5021",2035,60.5922431541502,58.9044436242328,63.0202643285955,60
"5021",2036,61.6382241959167,59.641173400556,64.5181038263926,60
"5021",2037,62.7596950275073,60.4308872271701,66.1335701509954,60
"5021",2038,64.0725754030657,61.3511864615665,68.0379637773769,60
"5021",2039,65.2994147099721,62.2090049343406,69.8220414773838,60
"5021",2040,66.2362743449826,62.8614826022138,71.1845439602331,60
"5021",2041,67.6408847730346,63.8391184558469,73.2405992634674,60
"5021",2042,68.9570671489276,64.7533484067198,75.1705807415996,60
"5021",2043,70.3765137178985,65.7357435483459,77.2615593036648,60
"5021",2044,71.8532501385088,66.7576909985788,79.4400679543988,60
"5021",2045,73.0858011111864,67.6059045461075,81.2623958415866,60
"5021",2046,74.5166393268952,68.5912217748236,83.382841568501,60
"5021",2047,76.1554781572045,69.7130865991305,85.8292623690199,60
"5021",2048,77.756313658853,70.8065372973303,88.2240588182843,60
"5021",2049,79.6468887245619,72.0951872614164,91.0660303229648,60
"5021",2050,81.5054976093828,73.3539029928192,93.8759248927888,60
"5022",2026,18.2503984107426,18.2017410179222,18.3948232771121,60
"5022",2027,18.3714436472579,18.3020992258466,18.5762098830312,60
"5022",2028,18.5371569977121,18.4448613865872,18.8126024382104,60
"5022",2029,18.8016692235557,18.673212305666,19.1796182771705,60
"5022",2030,19.0211531923644,18.8555672854795,19.5008640965698,60
"5022",2031,19.3423156551221,19.1153996709272,19.9720932534059,60
"5022",2032,19.6269719508293,19.3530898464815,20.3906709680789,60
"5022",2033,19.9891348815293,19.6554958060523,20.9254748774698,60
"5022",2034,20.3918860714608,19.9910113469443,21.5241448317919,60
"5022",2035,20.7840349199966,20.3173525982836,22.1084993906376,60
"5022",2036,21.3845572326967,20.8161245660871,23.0125173718861,60
"5022",2037,21.8006970874818,21.1542561743121,23.6391540418064,60
"5022",2038,22.1360232807645,21.4252503274311,24.14450093096,60
"5022",2039,22.5846457112244,21.7786547499537,24.8283261126553,60
"5022",2040,23.129117593627,22.2034635906399,25.6606621825622,60
"5022",2041,23.5049328491267,22.50155844954,26.2350247940504,60
"5022",2042,24.2045854250717,23.0348546741677,27.3182965079118,60
"5022",2043,24.8009565992095,23.4913773654974,28.2436600912082,60
"5022",2044,24.9304158866105,23.6097895126005,28.4301748392122,60
"5022",2045,25.5631378069822,24.0915259771981,29.415610463188,60
"5022",2046,25.991202921525,24.4259418347179,30.0754946922424,60
"5022",2047,26.6503041150836,24.9248885023104,31.1079309001703,60
"5022",2048,26.9523703443422,25.1672782686599,31.5694345412141,60
"5022",2049,27.3457612766968,25.4752808301564,32.1771200935233,60
"5022",2050,28.2047674061988,26.1184237032614,33.5302030806285,60
"5025",2026,29.3453228684506,29.272504677628,29.8113762510076,60
"5025",2027,29.5389798045133,29.4265387483835,30.1985238882594,60
"5025",2028,29.7706567744341,29.6112768223365,30.634883618824,60
"5025",2029,30.0684299655767,29.8481691627472,31.1579529611754,60
"5025",2030,30.4372300035851,30.1407390131361,31.774716716798,60
"5025",2031,30.8440073534933,30.4639909467553,32.4418384558232,60
"5025",2032,31.2976829289134,30.8265174430825,33.1711432211904,60
"5025",2033,31.7783182647181,31.2108565924467,33.9360599903129,60
"5025",2034,32.3256992935111,31.6475054246713,34.7918139731485,60
"5025",2035,32.997691430178,32.1809560320353,35.8577529859566,60
"5025",2036,33.6420558487242,32.6932905733153,36.882974563357,60
"5025",2037,34.3101957804691,33.223293293187,37.9454434573499,60
"5025",2038,34.9338473338363,33.7194295748839,38.9410503382346,60
"5025",2039,35.7024549844146,34.307287516731,40.158521141906,60
"5025",2040,36.5654868063239,34.9617857108813,41.5355682954876,60
"5025",2041,37.2376209656488,35.4792137679346,42.619234309013,60
"5025",2042,37.9699184564908,36.0394859571876,43.7965817640688,60
"5025",2043,38.7994273477573,36.6672639470597,45.1282084196229,60
"5025",2044,39.5868344772611,37.2641673365498,46.3963549735646,60
"5025",2045,40.7350789803036,38.1136528699137,48.2346959172156,60
"5025",2046,41.4187658550955,38.6364223320812,49.3425931714682,60
"5025",2047,42.4271606514237,39.3857628580107,50.9655496605697,60
"5025",2048,43.1779115472989,39.9538534834183,52.1826792299491,60
"5025",2049,44.2644250179988,40.7551239122302,53.9354136849074,60
"5025",2050,45.2484146235998,41.4829054945828,55.5292977262353,60
"5026",2026,16.0510188561363,16.0202036639171,16.3749109309494,60
"5026",2027,16.0797647401896,16.0370413619829,16.5295704819389,60
"5026",2028,16.1752858143148,16.118598006521,16.7789037156437,60
"5026",2029,16.276935714235,16.2060574755285,17.04454519593,60
"5026",2030,16.3834537104429,16.2981869188671,17.3193659543679,60
"5026",2031,16.571664823121,16.4658258077389,17.7212990675419,60
"5026",2032,16.6749178045094,16.5507826435483,17.9935521984267,60
"5026",2033,16.876245135433,16.7194233330091,18.4186067542409,60
"5026",2034,17.0816290417171,16.8913645882978,18.850821146834,60
"5026",2035,17.2734477177425,17.0510794494049,19.2636867210209,60
"5026",2036,17.3899762810388,17.145404782789,19.5609277384981,60
"5026",2037,17.7100349237068,17.4153360984393,20.1829203187895,60
"5026",2038,17.8876052034556,17.5627561086845,20.5810268948667,60
"5026",2039,18.0959106257213,17.7357040653095,21.0338685143713,60
"5026",2040,18.2736345263061,17.8827881677296,21.4292780356221,60
"5026",2041,18.5410714016771,18.1066575357985,21.9536954976869,60
"5026",2042,18.7147772224427,18.249043635673,22.3405934600289,60
"5026",2043,18.8844191281912,18.3885364921718,22.7201709257304,60
"5026",2044,19.3944758312624,18.818259428093,23.6123598364381,60
"5026",2045,19.7208592489736,19.0901684765908,24.2309448785049,60
"5026",2046,19.9896332789959,19.3124801353631,24.7638404211764,60
"5026",2047,20.1728072525576,19.4614496556103,25.1684214427416,60
"5026",2048,20.4482605163237,19.6876511123121,25.7154463265062,60
"5026",2049,20.8711773700954,20.0389040517286,26.4896870388024,60
"5026",2050,21.1989691055881,20.3085852429101,27.1218872283484,60
"5027",2026,44.4162419178153,44.3409087613613,44.6487440449547,60
"5027",2027,44.650783311271,44.5320781088937,44.9827861962639,60
"5027",2028,44.9248726109288,44.7555948778187,45.3636716365108,60
"5027",2029,45.2843939808617,45.0460165599059,45.8476239011292,60
"5027",2030,45.7406129902283,45.4080443798483,46.4555972229603,60
"5027",2031,46.2119335305859,45.7838425889106,47.0907416675749,60
"5027",2032,46.8288343213692,46.2673937283937,47.9191661061459,60
"5027",2033,47.376889925008,46.7020500291571,48.6550376543307,60
"5027",2034,48.0204835625795,47.2074552962493,49.5179832900895,60
"5027",2035,48.7818486193745,47.7999685875604,50.5380272256197,60
"5027",2036,49.6491768080677,48.4685596726987,51.7026244606899,60
"5027",2037,50.5926571845925,49.1940151987591,52.9690479411057,60
"5027",2038,51.3186689524479,49.7626346038097,53.9407578631516,60
"5027",2039,52.1925862234468,50.4388244556298,55.1126101273405,60
"5027",2040,53.306397257719,51.2876045366719,56.6212697055162,60
"5027",2041,54.466002671258,52.168290883991,58.2407860540932,60
"5027",2042,55.4806903955768,52.9469671304751,59.6452900488217,60
"5027",2043,56.7014117956712,53.8711052278605,61.3578632990471,60
"5027",2044,57.8983472992038,54.7791376322217,63.0350442936814,60
"5027",2045,59.2482680262965,55.7938958524583,64.9445391953522,60
"5027",2046,60.9135976664439,57.0281594402822,67.3130922541384,60
"5027",2047,62.2645008042515,58.039943605858,69.214745238985,60
"5027",2048,63.814123505201,59.1906107687505,71.4124266320976,60
"5027",2049,65.1802950935054,60.2092351042157,73.3450972042935,60
"5027",2050,67.0676027876768,61.5870691993065,76.0627103970767,60
"5028",2026,86.7597897761402,86.5582909411781,87.7949761719574,60
"5028",2027,86.7969493380425,86.5184787532466,88.2494756933639,60
"5028",2028,87.0050381629412,86.649658042149,88.9305157614274,60
"5028",2029,87.3823221261922,86.9488874539858,89.8366707425148,60
"5028",2030,87.7942805214807,87.2623249166762,90.7817031469442,60
"5028",2031,88.3650801588019,87.6687998482272,91.9390304187572,60
"5028",2032,88.9632104534998,88.1016514779128,93.1260670337819,60
"5028",2033,89.7097154805661,88.6485639431728,94.5136005246721,60
"5028",2034,90.7917372934857,89.4771379507117,96.3659064647056,60
"5028",2035,91.7236790353792,90.2283625331298,97.9983285339804,60
"5028",2036,92.8934376534145,91.1851662401158,99.9599757430963,60
"5028",2037,93.8794125174339,91.9875573003543,101.651725835243,60
"5028",2038,95.3055558613683,93.1659328122,103.963194679874,60
"5028",2039,96.816697904927,94.4188532822452,106.390666239564,60
"5028",2040,98.2908425259731,95.6434823719166,108.758864947963,60
"5028",2041,99.9418195632004,97.0194519922798,111.376425180067,60
"5028",2042,101.466100175757,98.2908571584341,113.80700027601,60
"5028",2043,103.422326159124,99.9277859422187,116.856546721772,60
"5028",2044,105.558831553785,101.71729610219,120.165576224353,60
"5028",2045,107.621806481881,103.445594253155,123.367909342733,60
"5028",2046,109.82398899777,105.291229349064,126.772206133959,60
"5028",2047,112.124335608568,107.219278934798,130.320252515577,60
"5028",2048,114.575059956498,109.207880806176,134.091092306113,60
"5028",2049,117.424001684702,111.422184992151,138.448262633099,60
"5028",2050,120.237507027817,113.608135075675,142.759497602288,60
"5029",2026,46.6818374131369,46.6122533069839,47.0033419135552,60
"5029",2027,46.6796145396619,46.5742464900336,47.1416798654611,60
"5029",2028,46.7548786252599,46.6051097493476,47.3740203334835,60
"5029",2029,46.8862867678921,46.6942308477325,47.6725887181939,60
"5029",2030,47.1356359239955,46.8972715967157,48.081733827497,60
"5029",2031,47.4146908327529,47.1155571950573,48.5114486561714,60
"5029",2032,47.8151368085341,47.4240799234993,49.0633420207219,60
"5029",2033,48.2785401195497,47.7846333704691,49.6797928536603,60
"5029",2034,48.7742795091581,48.1758167627996,50.3307730242289,60
"5029",2035,49.4914745385216,48.7461778154713,51.2029743912677,60
"5029",2036,50.1928389339316,49.3198178829684,52.0676824813219,60
"5029",2037,50.8869993253157,49.8928577814977,52.9277732671493,60
"5029",2038,51.7887437422504,50.6350112149966,54.1088460666256,60
"5029",2039,52.6758196234675,51.3703851916041,55.2648447346211,60
"5029",2040,53.752740079869,52.2587956577704,56.664529083219,60
"5029",2041,54.8441673772578,53.1629724967532,58.0778773165014,60
"5029",2042,55.9213850420496,54.0583937400744,59.4700579708708,60
"5029",2043,57.1995329944391,55.1145982104824,61.1265290744158,60
"5029",2044,58.6192695821403,56.283579037068,62.9686474182855,60
"5029",2045,60.0107310250717,57.4314253843606,64.7724958570425,60
"5029",2046,61.4264943371596,58.5997326318721,66.6071103508304,60
"5029",2047,63.096038844283,59.9663094628691,68.817323271071,60
"5029",2048,64.8692297712082,61.4125703151667,71.2329769999743,60
"5029",2049,66.5412800365754,62.7805583502564,73.5013689657733,60
"5029",2050,68.5508864589547,64.4087858823904,76.2711536013632,60
"5031",2026,78.0890024852788,77.6923242120709,78.3899530625851,60
"5031",2027,78.337422110963,77.7578493470576,78.7625779177079,60
"5031",2028,78.6708133346599,77.8957250756885,79.2244140756796,60
"5031",2029,79.1482380021548,78.150579017295,79.8411245218593,60
"5031",2030,79.7597200329646,78.5148361872398,80.6310162533174,60
"5031",2031,80.5563067266745,79.0253263238824,81.6395463475321,60
"5031",2032,81.4551789418077,79.6197311071817,82.7657850515676,60
"5031",2033,82.4035720998839,80.258408648077,83.9612199585902,60
"5031",2034,83.4808723837601,81.0000028809008,85.3349184438788,60
"5031",2035,84.752240413894,81.8926359534885,86.9566187239041,60
"5031",2036,86.2334464542383,82.947168832975,88.8491234895143,60
"5031",2037,87.8093728565676,84.0779540050617,90.8600681210252,60
"5031",2038,89.3606897105591,85.2440040134615,92.8322278348455,60
"5031",2039,91.0870338688405,86.6134938295364,95.0607868379072,60
"5031",2040,92.8981670971857,88.0609831016653,97.4118856465973,60
"5031",2041,95.0128543355742,89.787203452454,100.188309505217,60
"5031",2042,97.1784077992931,91.5216451348728,103.032468191992,60
"5031",2043,99.3640467705881,93.2665357898891,105.902233170308,60
"5031",2044,101.581266941389,95.0391048318183,108.816234523809,60
"5031",2045,104.246966044501,97.1986489486389,112.37274220052,60
"5031",2046,107.061458604017,99.4856865546827,116.150761255127,60
"5031",2047,109.796383462723,101.685717145719,119.819186950929,60
"5031",2048,112.459652186003,103.804618902198,123.388795198632,60
"5031",2049,115.398520118407,106.149009720244,127.367417582971,60
"5031",2050,119.057917924347,109.083981798411,132.414560770282,60
"5032",2026,32.1325037883082,32.0577148888968,32.1999855533245,60
"5032",2027,32.2303023483619,32.1258992388572,32.3343477146786,60
"5032",2028,32.4134868890419,32.2665910251232,32.5877227059932,60
"5032",2029,32.6314098257521,32.4278660277813,32.8881622067736,60
"5032",2030,32.8581591771546,32.5962004829115,33.1994512744492,60
"5032",2031,33.1997341058047,32.848159553267,33.6701688544572,60
"5032",2032,33.5607323753805,33.1149902744983,34.1674797165248,60
"5032",2033,33.9980404462342,33.4385426438053,34.7663082081382,60
"5032",2034,34.4577891465149,33.7802952402164,35.3916325018447,60
"5032",2035,34.97321294942,34.1626741262734,36.0952689443122,60
"5032",2036,35.4646088406291,34.5288866696557,36.7640269726919,60
"5032",2037,36.1605792476076,35.042195609421,37.7224046507687,60
"5032",2038,36.902437632373,35.5887844539218,38.7466341653198,60
"5032",2039,37.5842843214155,36.0918759266417,39.6872770068925,60
"5032",2040,38.2727312203842,36.5990574667602,40.6389782206142,60
"5032",2041,38.9591174357454,37.105516308914,41.5871406362474,60
"5032",2042,39.9431701979774,37.8134292838214,42.9651516050666,60
"5032",2043,40.7105693828744,38.3697421896954,44.0326849245649,60
"5032",2044,41.6354645873935,39.0339876198996,45.3293637102708,60
"5032",2045,42.6918888316437,39.7877096109281,46.8193847562704,60
"5032",2046,43.6382208099554,40.4625064037647,48.1555325037954,60
"5032",2047,44.7222795681933,41.2301858439333,49.6957920587179,60
"5032",2048,45.7984997384505,41.9898293557016,51.2298793038662,60
"5032",2049,46.9189476900393,42.7787374758029,52.8314682541348,60
"5032",2050,48.0997211366284,43.6021101503181,54.5331194373783,60
"5033",2026,8.98603949813275,8.97170156455817,9.02610111461173,60
"5033",2027,8.96759485795849,8.94894572297165,9.01943631204253,60
"5033",2028,8.96461250845363,8.94004323899609,9.03287194346225,60
"5033",2029,9.00303797004227,8.96763248952072,9.10225262110377,60
"5033",2030,9.03986186157323,8.98819351657101,9.17098733717765,60
"5033",2031,9.06154788878409,8.99841530445216,9.21909495352009,60
"5033",2032,9.07725126496378,9.00365925167012,9.25938142265549,60
"5033",2033,9.1132767137893,9.02421926052005,9.33109742751963,60
"5033",2034,9.19521433223767,9.07958587585262,9.46886036923128,60
"5033",2035,9.35980248658387,9.19765534843701,9.71759697534898,60
"5033",2036,9.37505098400518,9.20151448656616,9.75936706009092,60
"5033",2037,9.3683451405943,9.19003293746817,9.76880278070029,60
"5033",2038,9.54175874380254,9.3138426756543,10.0295685777347,60
"5033",2039,9.82350699772527,9.51661745008554,10.4459330101636,60
"5033",2040,10.0159435249589,9.65252475613723,10.7378093276191,60
"5033",2041,10.0706734766304,9.68506629001695,10.8362812204606,60
"5033",2042,10.1899442894799,9.76687514963022,11.0243016305026,60
"5033",2043,10.3559569429692,9.88049250460249,11.2833256981495,60
"5033",2044,10.7156719785584,10.1323447543766,11.8204791444462,60
"5033",2045,11.1324961282581,10.4180130474717,12.4496251956589,60
"5033",2046,11.2455071300087,10.4905326905295,12.6348348644417,60
"5033",2047,11.7094753263716,10.8028071236665,13.3600587767044,60
"5033",2048,11.7766581151133,10.8428496772221,13.4775514605561,60
"5033",2049,11.9649261210849,10.9625765848878,13.7876574859902,60
"5033",2050,12.4347794739565,11.274727972811,14.5354544881623,60
"5034",2026,19.3241437861237,19.2958262026277,19.3583118842684,60
"5034",2027,19.5100434618216,19.4700654371908,19.5726716143093,60
"5034",2028,19.7614950439737,19.6948744288045,19.8721863963491,60
"5034",2029,20.0163795032097,19.9224700886517,20.1750590039083,60
"5034",2030,20.3379105236087,20.2038242233079,20.5665399690858,60
"5034",2031,20.6009257480487,20.4392998007603,20.8741998942375,60
"5034",2032,21.0376064943791,20.8009619647979,21.4203210519815,60
"5034",2033,21.458945875052,21.1526772689434,21.9443600429565,60
"5034",2034,21.9887667900349,21.5832472726245,22.6185901577059,60
"5034",2035,22.3970421066828,21.9297552338757,23.1194656960365,60
"5034",2036,23.163568675356,22.5277956319266,24.1296996015749,60
"5034",2037,23.6627448055122,22.9394183754375,24.7587342883542,60
"5034",2038,24.2403657241171,23.4076287030731,25.4978221709275,60
"5034",2039,25.0778709803266,24.0545829017407,26.6148705879455,60
"5034",2040,25.4110739237415,24.3532027557196,27.0016478052684,60
"5034",2041,26.329823979958,25.058310750866,28.2353137782285,60
"5034",2042,27.1230505416079,25.6752658465625,29.2902558088984,60
"5034",2043,27.8039480166901,26.2139771482905,30.1831192710683,60
"5034",2044,28.5071881383897,26.7667495707118,31.1110017747129,60
"5034",2045,29.1924418370356,27.3080563238545,32.0115010437412,60
"5034",2046,30.1286736080387,28.0209268372524,33.2826701313518,60
"5034",2047,31.0718357509226,28.7359504817728,34.5693093612077,60
"5034",2048,31.6000795116894,29.1706036050058,35.2375124253635,60
"5034",2049,32.6384538018665,29.9577309171077,36.6663062338251,60
"5034",2050,33.2939706297034,30.478839812258,37.5267488957276,60
"5035",2026,148.421933361166,148.176771737477,149.986676758959,60
"5035",2027,148.95018958152,148.547977198922,151.181945556284,60
"5035",2028,149.726919724699,149.117604874095,152.682916869949,60
"5035",2029,150.706277172697,149.848519331363,154.432433139286,60
"5035",2030,151.890309654076,150.74411326438,156.43326793861,60
"5035",2031,153.352272251994,151.856873149986,158.779972150781,60
"5035",2032,155.0826482878,153.178587863044,161.461611211267,60
"5035",2033,156.989684379805,154.624595099024,164.36136209268,60
"5035",2034,159.171817834928,156.278119722854,167.605928540454,60
"5035",2035,161.605576199712,158.121839960673,171.16798274216,60
"5035",2036,164.320718124015,160.176554596962,175.086947060819,60
"5035",2037,167.173787823938,162.33946948037,179.177454993074,60
"5035",2038,170.265097706856,164.679071235838,183.570507858814,60
"5035",2039,173.585682913291,167.187932521842,188.255526772322,60
"5035",2040,177.121097006005,169.853760802695,193.215502841275,60
"5035",2041,180.757704892086,172.598121385893,198.302498854614,60
"5035",2042,184.567875621224,175.469048741977,203.612165478077,60
"5035",2043,188.80075590361,178.636320476332,209.471319531282,60
"5035",2044,193.163218554231,181.896922448408,215.498330578587,60
"5035",2045,197.723344663049,185.294869108454,221.784262283428,60
"5035",2046,202.737121379375,189.002674138402,228.80341041847,60
"5035",2047,207.51643112011,192.550813451978,235.512526748187,60
"5035",2048,213.198232639131,196.706976859223,243.480292409866,60
"5035",2049,218.895503485034,200.869192939185,251.4776966332,60
"5035",2050,224.967141787531,205.278055831629,260.006448889404,60
"5036",2026,22.0727355896244,22.0363139519571,22.1148965506257,60
"5036",2027,22.1596991553173,22.0969888105132,22.2318656984175,60
"5036",2028,22.2970046684096,22.1955488073228,22.415239333716,60
"5036",2029,22.4353141935346,22.2979152540796,22.5975434826538,60
"5036",2030,22.5817779986247,22.4079159511404,22.7889827123103,60
"5036",2031,22.8985303940912,22.6440475485161,23.2108637399667,60
"5036",2032,23.1546720342822,22.8367878176806,23.5491008902403,60
"5036",2033,23.4287680805062,23.044954238236,23.9089411711779,60
"5036",2034,23.7905151600281,23.3172941546276,24.3895095237299,60
"5036",2035,23.9856811464148,23.4712399791461,24.6361306447295,60
"5036",2036,24.4578830768079,23.8262626125784,25.2668770911531,60
"5036",2037,25.0202269391467,24.2468092058755,26.0237615896006,60
"5036",2038,25.4022028240531,24.5386919994329,26.5268580533896,60
"5036",2039,25.9746070994613,24.9674732275392,27.2985986741085,60
"5036",2040,26.4270854823227,25.3110060724851,27.9018553795046,60
"5036",2041,27.1635060827216,25.8547347683637,28.9158147525355,60
"5036",2042,27.7514348999592,26.2943769651309,29.7150650669217,60
"5036",2043,28.2943481279179,26.6999323382204,30.4531975434559,60
"5036",2044,29.018429311553,27.2349062089415,31.45228214133,60
"5036",2045,29.5897075190054,27.6619312969417,32.2301194705727,60
"5036",2046,30.5985122513514,28.3939033856356,33.652145007207,60
"5036",2047,31.4514438351153,29.0128060844924,34.8537672256173,60
"5036",2048,32.1259199254256,29.508490695182,35.7908296866251,60
"5036",2049,33.2880225139068,30.3397909471756,37.4576188994527,60
"5036",2050,33.8498620774813,30.7536235726574,38.234452866122,60
"5037",2026,133.990476609998,133.834842255488,134.656762101506,60
"5037",2027,134.725899784853,134.488395116467,135.712506030809,60
"5037",2028,135.685339832524,135.342254132001,137.044447176533,60
"5037",2029,136.762654034791,136.29846340625,138.517751079832,60
"5037",2030,137.930799983145,137.338198666224,140.096971916273,60
"5037",2031,139.500791731051,138.731837372329,142.192527028212,60
"5037",2032,141.281865397154,140.339211974907,144.65428117064,60
"5037",2033,143.461358375517,142.261505995322,147.681481248485,60
"5037",2034,145.540752365132,144.093555582545,150.55402084872,60
"5037",2035,147.825248639726,146.102222331244,153.715539250751,60
"5037",2036,150.438508175959,148.391016519213,157.214032202711,60
"5037",2037,153.326578068693,150.852088253346,161.060344439888,60
"5037",2038,156.669516543354,153.622966780172,165.520687229837,60
"5037",2039,159.542849157447,156.037654657975,169.360368706142,60
"5037",2040,162.726702765782,158.621458770711,173.618843731132,60
"5037",2041,166.216356718511,161.391134273414,178.292999240474,60
"5037",2042,169.796652232692,164.221719291554,183.092629667553,60
"5037",2043,173.550592232782,167.187290131773,188.130616308355,60
"5037",2044,176.83639068055,169.87809631913,192.532137747036,60
"5037",2045,180.527684603334,172.862014497674,197.587639268476,60
"5037",2046,184.835603047549,176.285250907024,203.635874327614,60
"5037",2047,188.713450837046,179.39507680529,209.0485232221,60
"5037",2048,192.595630653734,182.503707462143,214.477272971554,60
"5037",2049,196.346117745611,185.515090163014,219.71387922735,60
"5037",2050,200.974039560733,189.147353757519,226.293297740179,60
"5038",2026,86.2057850104064,85.9557914189773,87.5682649387929,60
"5038",2027,86.5193906450173,86.1299524626475,88.4352823624075,60
"5038",2028,86.965000479674,86.4100209693099,89.5298322995444,60
"5038",2029,87.5123239487167,86.7716790755407,90.7694733399845,60
"5038",2030,88.439821797438,87.4338934803742,92.5584357522208,60
"5038",2031,89.2687993482858,88.0179950622021,94.2066792557164,60
"5038",2032,90.4467978042051,88.8745076128827,96.3650001734875,60
"5038",2033,91.7305414573208,89.8122566751818,98.6810968995115,60
"5038",2034,93.010802392785,90.7459339702671,100.995750667984,60
"5038",2035,94.6740568859149,91.9749789772952,103.879727259866,60
"5038",2036,96.1446413001535,93.0536795073763,106.492539765174,60
"5038",2037,98.0074235784503,94.4316463095396,109.767318826845,60
"5038",2038,99.6848642819477,95.6639930528953,112.760050405689,60
"5038",2039,101.467169488021,96.9734669082442,115.92721911682,60
"5038",2040,103.472912183787,98.4505316336673,119.457935841543,60
"5038",2041,104.971501898458,99.5372163160064,122.190633914331,60
"5038",2042,106.76942490608,100.848999224873,125.40817156557,60
"5038",2043,108.463214647568,102.078378864425,128.467272947199,60
"5038",2044,110.329682937736,103.436329722055,131.809955583214,60
"5038",2045,112.621396923275,105.113282162469,135.845828953391,60
"5038",2046,114.279779256469,106.307994147506,138.868204738932,60
"5038",2047,116.219883787494,107.713973430426,142.350362146422,60
"5038",2048,118.425828685755,109.317273350656,146.272005250032,60
"5038",2049,120.615522847433,110.904685845426,150.177094604637,60
"5038",2050,123.548899833848,113.046837790678,155.307059966718,60
"5041",2026,24.8692236638087,24.7956304495379,24.946465554146,60
"5041",2027,24.8588075571706,24.7409557893181,24.9835572469628,60
"5041",2028,24.9330063973788,24.7397013854047,25.1406053580848,60
"5041",2029,25.0530459633191,24.7755875254677,25.3646916678447,60
"5041",2030,25.0466383605177,24.7206801680132,25.4159584504878,60
"5041",2031,25.1891442033977,24.799283121042,25.6785205149631,60
"5041",2032,25.3176010242986,24.864096670532,25.923819950003,60
"5041",2033,25.4784170700397,24.9308804041144,26.2200670031536,60
"5041",2034,25.672462728067,25.0171403654591,26.565775942441,60
"5041",2035,25.8921528393302,25.1178279037002,26.9543278183355,60
"5041",2036,26.0734205480433,25.1905715466529,27.2894975700777,60
"5041",2037,26.437586480714,25.3892943836702,27.893239544643,60
"5041",2038,26.6411349603376,25.4732164948344,28.2684706223395,60
"5041",2039,26.9669511597724,25.6400479087541,28.8261152242976,60
"5041",2040,27.3092465567164,25.8157381001332,29.4128421938512,60
"5041",2041,27.498779521687,25.8834935700144,29.7787249737331,60
"5041",2042,27.6435324740047,25.9183731296258,30.0817341467692,60
"5041",2043,28.2798620050348,26.2891653650609,31.1177897680149,60
"5041",2044,28.8489048889827,26.6098325241633,32.0626242922385,60
"5041",2045,28.877820911369,26.5594644291403,32.2026152848547,60
"5041",2046,29.498947381476,26.910216392274,33.2363874401522,60
"5041",2047,29.8985114573764,27.1074311215286,33.9424560252933,60
"5041",2048,30.1433541187612,27.1940974043253,34.4242733698059,60
"5041",2049,31.4686626609122,28.0081334186344,36.5609838896548,60
"5041",2050,31.6596730210228,28.0532141159079,36.9721749602483,60
"5042",2026,18.8109332595703,18.6640491151287,18.8679750098663,60
"5042",2027,18.7605416772558,18.5639922297786,18.8524520704815,60
"5042",2028,18.6600731049355,18.4104417377677,18.7714251150896,60
"5042",2029,18.700232649832,18.4121596477073,18.8858542619411,60
"5042",2030,18.7854802877115,18.4400694421317,19.0669399722736,60
"5042",2031,18.8919368045561,18.475950136686,19.2877366013395,60
"5042",2032,18.8941041823993,18.4185936892843,19.3628611303484,60
"5042",2033,18.9214307822973,18.3819891458556,19.4777176645544,60
"5042",2034,19.1671275176032,18.5222418107284,19.9132179020113,60
"5042",2035,19.2663271028627,18.5144048449207,20.1420433588182,60
"5042",2036,19.4230896293748,18.539689481441,20.4604557481361,60
"5042",2037,19.763655722634,18.6763179310517,21.0583271976399,60
"5042",2038,19.9240389379073,18.6989039551057,21.3910776260973,60
"5042",2039,19.962017129024,18.6398305222444,21.5481401826277,60
"5042",2040,20.4893284875142,18.9024700054408,22.4513977481858,60
"5042",2041,20.5007349417844,18.8267472845687,22.5727104016262,60
"5042",2042,20.8780893710885,19.0253213377356,23.2639017393527,60
"5042",2043,21.3435652928259,19.2864927428587,24.095713817273,60
"5042",2044,21.3696279723149,19.2155888100457,24.2578971658323,60
"5042",2045,21.4820830873159,19.2092408060003,24.5529797908073,60
"5042",2046,21.6488519991468,19.2416048874806,24.9373663743083,60
"5042",2047,21.6987806935849,19.1860569689158,25.1437038716361,60
"5042",2048,21.8887323032345,19.2325135917373,25.5738700071278,60
"5042",2049,21.9165414400744,19.1603334535875,25.7465223728409,60
"5042",2050,21.9557896154059,19.0953692968058,25.9407965600951,60
"5043",2026,6.01754840417552,5.97795087257851,6.02231795267719,60
"5043",2027,6.03016734522622,5.97688420361112,6.03925818956143,60
"5043",2028,6.07067032053719,6.00773626607578,6.09364278937634,60
"5043",2029,6.09716164282774,6.02295155165953,6.12996214461936,60
"5043",2030,6.20018747272681,6.11763082545046,6.27230705933325,60
"5043",2031,6.25044473000476,6.15213969444697,6.34248352542961,60
"5043",2032,6.35549161370302,6.23016538803757,6.48927225300218,60
"5043",2033,6.3608819179338,6.22833454057174,6.50003543109647,60
"5043",2034,6.5011070441849,6.32115930839477,6.69564770438738,60
"5043",2035,6.59281210615347,6.3782818121829,6.82642196742771,60
"5043",2036,6.50508061448761,6.31801905085573,6.70523991040532,60
"5043",2037,6.73348471217727,6.46347408864139,7.02938408717554,60
"5043",2038,6.96623574881039,6.60958466015618,7.36425447704034,60
"5043",2039,6.86602671470694,6.54184258868888,7.22282650261171,60
"5043",2040,7.01351582249155,6.63564016956624,7.43270242036359,60
"5043",2041,7.24231906888158,6.77744091604607,7.76506451967131,60
"5043",2042,7.37402632508748,6.85668818203481,7.95869775048549,60
"5043",2043,7.71339119954052,7.06521429376591,8.45850513798241,60
"5043",2044,7.7145988819974,7.06176935238543,8.46207497475099,60
"5043",2045,7.69050425779261,7.04194892154424,8.42936110918687,60
"5043",2046,7.67784242782702,7.02871097560106,8.41438783453942,60
"5043",2047,7.91469579924789,7.17147954431451,8.76576015832572,60
"5043",2048,8.16068704671861,7.31873046924141,9.13314649857735,60
"5043",2049,8.17920980569399,7.32423853817112,9.16449333974373,60
"5043",2050,8.35224904142699,7.42509344493877,9.42565727982496,60
"5044",2026,10.0184585698045,9.99328451644849,10.0534978199122,60
"5044",2027,10.0579492902776,10.0170185055744,10.1156682374028,60
"5044",2028,10.0800770428478,10.0292988076366,10.1514898671021,60
"5044",2029,10.1062313592701,10.0452077471674,10.1919384856505,60
"5044",2030,10.1444134181453,10.0710069911393,10.2476541286352,60
"5044",2031,10.1854046317785,10.0999368052091,10.30567625339,60
"5044",2032,10.3225527730671,10.2001944361445,10.4979727126815,60
"5044",2033,10.4192036757028,10.2718315229103,10.6316697498453,60
"5044",2034,10.4946018152929,10.3279232788894,10.7352820837822,60
"5044",2035,10.5595071679624,10.3785630814006,10.8205212162157,60
"5044",2036,10.5113572531834,10.3465452429422,10.7457406675374,60
"5044",2037,10.6925418272152,10.4824732597374,10.9951480605887,60
"5044",2038,10.9903048702167,10.7031511509226,11.3873829388267,60
"5044",2039,11.1142899309244,10.798857286261,11.547643116676,60
"5044",2040,11.1815111961274,10.8545707956758,11.6344552809116,60
"5044",2041,11.3475386403451,10.9803588427881,11.8522488083613,60
"5044",2042,11.4475698911177,11.0593001676135,11.9811726487591,60
"5044",2043,11.8504066898169,11.3582165873441,12.5361501038478,60
"5044",2044,12.0381448866002,11.4988968909603,12.7917537500361,60
"5044",2045,12.0736627625905,11.5339754413838,12.8250017295327,60
"5044",2046,12.3086673447015,11.7120743734049,13.1425677145959,60
"5044",2047,12.5038277279195,11.8595933536777,13.4065368346693,60
"5044",2048,13.0489969485541,12.2583192930484,14.171185264223,60
"5044",2049,13.3621336925289,12.4896434656539,14.6062299237044,60
"5044",2050,13.5011785134673,12.5987894996731,14.7872002608696,60
"5045",2026,20.4281754942729,20.3361436626786,20.7515716764195,60
"5045",2027,20.5964878533099,20.4704473632352,21.0412858088811,60
"5045",2028,20.8021638931365,20.6384770148883,21.3767002579355,60
"5045",2029,21.0758297469504,20.8659699817159,21.8104002085815,60
"5045",2030,21.4128567569532,21.1405832877014,22.3372915561572,60
"5045",2031,21.7225583973337,21.3905483734682,22.8229661006906,60
"5045",2032,22.0900786688825,21.6850412233663,23.392002203342,60
"5045",2033,22.4369829278943,21.9634410234208,23.9311064325181,60
"5045",2034,22.9272383189756,22.3485415630696,24.68201263586,60
"5045",2035,23.3049914304473,22.6507869507594,25.2655255776193,60
"5045",2036,23.8262470557707,23.0591836550762,26.0289466594789,60
"5045",2037,24.4965709822893,23.5769060616112,26.9989726781827,60
"5045",2038,25.052174585199,24.0114312762001,27.8449193118992,60
"5045",2039,25.7446226755777,24.5444118587501,28.903693269135,60
"5045",2040,26.1224792283178,24.8487371292117,29.4784522679341,60
"5045",2041,26.8431064929774,25.4031067784756,30.5800272709787,60
"5045",2042,27.47723381721,25.8919876100953,31.5534700610481,60
"5045",2043,28.1283771456707,26.3933371712144,32.5534834216008,60
"5045",2044,29.1914233440791,27.1896263658857,34.2007103773144,60
"5045",2045,29.5778470555719,27.5021374542213,34.784567048316,60
"5045",2046,30.5185256601842,28.2062308928493,36.2498900762036,60
"5045",2047,31.1372958446025,28.6829960549008,37.203316616212,60
"5045",2048,31.5609199127895,29.0164780338596,37.8557949568472,60
"5045",2049,32.7859354553973,29.91865272094,39.7823797094683,60
"5045",2050,32.8978065740806,30.0313749535161,39.9376948807767,60
"5046",2026,12.0917595793934,12.0534921266295,12.2385046723625,60
"5046",2027,12.1358480360854,12.0762204647663,12.3462144198299,60
"5046",2028,12.2054733663573,12.1155475795392,12.4916347318948,60
"5046",2029,12.2676801257251,12.147044389227,12.6296363130957,60
"5046",2030,12.2879422166884,12.1457615149284,12.7119224192463,60
"5046",2031,12.4379157864535,12.2357422335854,12.9672036367894,60
"5046",2032,12.5932847629119,12.3273718843444,13.2277251952388,60
"5046",2033,12.7311895358473,12.4048647130534,13.4674061106747,60
"5046",2034,12.909697641232,12.5073870574309,13.7663833176569,60
"5046",2035,13.0875451632795,12.6076607138575,14.06996286022,60
"5046",2036,13.1783407955562,12.6460216314569,14.2554252731677,60
"5046",2037,13.3389718910043,12.7308443083043,14.5387846752231,60
"5046",2038,13.5133193765697,12.8228699396176,14.8437782873706,60
"5046",2039,13.6741859390548,12.9052328141418,15.1445418314085,60
"5046",2040,13.7407377635829,12.9188302920318,15.3115777951749,60
"5046",2041,13.9793237186519,13.0504519153002,15.7504840912552,60
"5046",2042,14.0079050513179,13.036445886947,15.8604335290083,60
"5046",2043,13.9574128935555,12.9665719648003,15.8483247192018,60
"5046",2044,14.1264993364342,13.0451231440084,16.1875632423396,60
"5046",2045,13.9324001114287,12.873494079638,15.9542707454895,60
"5046",2046,13.9532423578136,12.8500186433655,16.0595841467549,60
"5046",2047,14.2191770004998,12.9896432457682,16.5618597199942,60
"5046",2048,14.1586553538143,12.9074751681216,16.5436057337063,60
"5046",2049,14.1300579675683,12.8455605967202,16.5789720746151,60
"5046",2050,14.0474220873673,12.7451763850625,16.531431994742,60
"5047",2026,32.9461944743476,32.7151940714322,33.026713835162,60
"5047",2027,33.3572682296429,33.0318192686566,33.4827174948082,60
"5047",2028,33.868775100602,33.4328516200352,34.0718380578135,60
"5047",2029,34.3985139875894,33.8497106769439,34.6840318199916,60
"5047",2030,35.0256095260834,34.3480311771091,35.427254879705,60
"5047",2031,35.6342679432347,34.8315079915583,36.1451170366452,60
"5047",2032,36.3866291048746,35.4346604772853,37.0642475910749,60
"5047",2033,37.0990618476022,36.0045638907259,37.9288612121915,60
"5047",2034,37.9289901264597,36.6723583683759,38.957434837349,60
"5047",2035,38.9710425258903,37.5162737756777,40.2854155228297,60
"5047",2036,39.9123364182369,38.2762061293263,41.4745942047413,60
"5047",2037,40.7988528744993,38.9909909930396,42.5861707479947,60
"5047",2038,41.8644144957947,39.8532997387471,43.9533537282543,60
"5047",2039,42.7313840468743,40.5492669654946,45.0363838980794,60
"5047",2040,44.1051269067043,41.6534776259658,46.8511898058304,60
"5047",2041,45.4090863864576,42.6367775366726,48.5694107380081,60
"5047",2042,46.3096504528229,43.3345105106891,49.7063167468536,60
"5047",2043,47.6210004786247,44.2945961395273,51.4413583310453,60
"5047",2044,48.6038852007477,45.0425806635347,52.7016846443677,60
"5047",2045,50.523108706714,46.3801843792523,55.3415714635088,60
"5047",2046,51.7742996896438,47.2935166412261,57.0039280818956,60
"5047",2047,52.8953592323913,48.1245522349427,58.4749833100753,60
"5047",2048,54.1488936940347,49.0313298605838,60.1527112480848,60
"5047",2049,55.2506772198157,49.84205690867,61.6068710882677,60
"5047",2050,57.0501177429822,51.0873366262982,64.1030024420181,60
"5049",2026,13.1517317393562,13.0291844288031,13.186174476845,60
"5049",2027,13.2387561206475,13.0742581723476,13.294075964471,60
"5049",2028,13.398078535562,13.2055708225753,13.4978113022939,60
"5049",2029,13.5830879791658,13.3677384754336,13.7358820018241,60
"5049",2030,13.7640809747505,13.5243922723403,13.9686585379565,60
"5049",2031,14.0480415001768,13.7690460548559,14.3419358534367,60
"5049",2032,14.2163606089997,13.8990118257502,14.556416292817,60
"5049",2033,14.5121038102382,14.1277288997534,14.9481106737358,60
"5049",2034,14.8663030282727,14.3779609458332,15.4223946648187,60
"5049",2035,15.1230751752404,14.5637528882542,15.7610417366019,60
"5049",2036,15.6370484838412,14.9150222517407,16.4669272482416,60
"5049",2037,16.0200152495831,15.1797496366159,16.9896070567584,60
"5049",2038,16.4496490908795,15.4738177786723,17.5807461169874,60
"5049",2039,16.8159247099589,15.7446901900759,18.0805030607723,60
"5049",2040,17.5163648797672,16.2977860267099,19.0747021722808,60
"5049",2041,18.0281022414936,16.6936839946512,19.7952246060878,60
"5049",2042,18.2682391888618,16.8652218621231,20.1182169047467,60
"5049",2043,18.9882972199336,17.4310664515273,21.1559786758531,60
"5049",2044,19.8592808675123,18.101259565352,22.4276396056647,60
"5049",2045,20.5826605316816,18.6088412638525,23.4833310049053,60
"5049",2046,20.8520605457165,18.8064892998202,23.8561653829302,60
"5049",2047,21.5441582806614,19.2911482843823,24.8687269303985,60
"5049",2048,22.1319910346755,19.697082023533,25.7376037148404,60
"5049",2049,23.1695862696286,20.4044570753579,27.298612219077,60
"5049",2050,23.815937781489,20.8454742348037,28.2671296195487,60
"5052",2026,7.05563873729123,7.03738810424815,7.07276889225273,60
"5052",2027,7.12152010704009,7.08393244389879,7.16021955131571,60
"5052",2028,7.2081412243852,7.14403802572084,7.27722025753572,60
"5052",2029,7.30572850742223,7.21088322150418,7.41073801981023,60
"5052",2030,7.43086578345082,7.30281220853789,7.58171136608792,60
"5052",2031,7.53450956787327,7.38356913924745,7.7229621535284,60
"5052",2032,7.66150257891681,7.48492720567873,7.89557006889837,60
"5052",2033,7.66195221223506,7.47362474894149,7.88829530596098,60
"5052",2034,7.8328025667448,7.61440747554256,8.12204176431038,60
"5052",2035,8.06797553267135,7.80237829700971,8.45164841878447,60
"5052",2036,8.01011750064398,7.74919671596407,8.35729954405994,60
"5052",2037,8.25476297306201,7.94652756429817,8.69963891384182,60
"5052",2038,8.50534665364417,8.12970092518342,9.05230218600725,60
"5052",2039,8.4707783909782,8.11248045800589,8.98827338685225,60
"5052",2040,8.50039383655344,8.13806306137292,9.0219359804049,60
"5052",2041,8.53759909962937,8.16135867002557,9.06292090055962,60
"5052",2042,8.89021492552525,8.42530458190703,9.56561021049578,60
"5052",2043,9.13813372929127,8.60741623511669,9.9135485868278,60
"5052",2044,9.15402897895911,8.62411622463063,9.9253680998994,60
"5052",2045,9.23983315239167,8.6929827988986,10.0348201715509,60
"5052",2046,9.38425263134494,8.79992937111392,10.2350132185611,60
"5052",2047,9.69479958063527,9.02298931835695,10.6799837783592,60
"5052",2048,9.92645941046595,9.19427137717908,11.0037548809972,60
"5052",2049,9.68546178994485,9.03189211672403,10.6360765136497,60
"5052",2050,9.91051074266999,9.19547433228104,10.9544586471766,60
"5053",2026,48.1107453879236,48.0209329578657,48.5002511665674,60
"5053",2027,48.2923045392964,48.1387664103506,48.8507544239724,60
"5053",2028,48.5792586656335,48.338058421017,49.3245630511226,60
"5053",2029,48.9263407655497,48.5841747493211,49.868662169972,60
"5053",2030,49.3356148967311,48.878948390358,50.4853916534386,60
"5053",2031,49.8690151017186,49.2672842048189,51.2552600224353,60
"5053",2032,50.5329573375249,49.7534015018476,52.2408293797253,60
"5053",2033,51.2609905891438,50.2871281094334,53.3148187867379,60
"5053",2034,51.9844247062461,50.8174595626568,54.3833914158473,60
"5053",2035,52.9730130452875,51.5421018630553,55.8192809462157,60
"5053",2036,53.9223543323614,52.2367920975838,57.2038993235389,60
"5053",2037,54.9943722976088,53.0201063679622,58.764353431854,60
"5053",2038,56.2899949292818,53.9634065428728,60.6502308906289,60
"5053",2039,57.2984236601846,54.6965510580225,62.1336156098616,60
"5053",2040,58.3758990533034,55.47843232032,63.7347796022774,60
"5053",2041,59.5755496468174,56.3468590968943,65.5478798454957,60
"5053",2042,60.8983420585012,57.3017583477787,67.5541421988463,60
"5053",2043,61.9972589982163,58.0939474885813,69.2234244093614,60
"5053",2044,63.1100887583819,58.894268190623,70.918191798337,60
"5053",2045,64.1486343306456,59.6395203825325,72.503029731646,60
"5053",2046,65.2883638999412,60.45487356339,74.2483137597793,60
"5053",2047,66.4547723329301,61.2885171376721,76.0368251404687,60
"5053",2048,68.0530092135782,62.4245989407537,78.5047055906861,60
"5053",2049,69.161588584417,63.2095345398461,80.2198174771882,60
"5053",2050,70.4258055108922,64.1028658217891,82.1800174670637,60
"5054",2026,67.3520997592912,67.2338794825874,67.7208199893249,60
"5054",2027,67.6542594130381,67.4500707655104,68.1804509004097,60
"5054",2028,68.0036588081493,67.7012359602993,68.7044074322673,60
"5054",2029,68.4643907154679,68.0357954037435,69.361159821204,60
"5054",2030,69.1048920262098,68.5026059201853,70.2751094224513,60
"5054",2031,69.7597077557796,68.9784723110951,71.2121240195039,60
"5054",2032,70.6165093949248,69.629267578327,72.4223229170737,60
"5054",2033,71.4464363606948,70.2613485509463,73.6213161369723,60
"5054",2034,72.4156580798286,70.9951638911533,75.0166936088473,60
"5054",2035,73.5264282440933,71.8023588597023,76.6281074576563,60
"5054",2036,74.6451303048336,72.614038644824,78.2518030670332,60
"5054",2037,75.8834553475374,73.5107676848232,80.0392286616482,60
"5054",2038,77.1173110700572,74.4025901825467,81.8241459187526,60
"5054",2039,78.3512482773054,75.291899420374,83.6139495840684,60
"5054",2040,79.7386708713904,76.2900988637221,85.6243407337099,60
"5054",2041,80.8801573025931,77.1111509240991,87.2874572794575,60
"5054",2042,82.3368608425079,78.1557625452212,89.4031061557024,60
"5054",2043,83.6056575004439,79.0663328917561,91.2511882320781,60
"5054",2044,85.0179756283309,80.0756596196877,93.310450357365,60
"5054",2045,86.7417092652733,81.3026281577407,95.832792756378,60
"5054",2046,88.0546047051089,82.239515503912,97.7727346968012,60
"5054",2047,89.8418973945912,83.5041398277458,100.42918346177,60
"5054",2048,91.5749979805508,84.7274083254951,103.009462033176,60
"5054",2049,93.3715358410598,85.9907533032696,105.693475590719,60
"5054",2050,95.5429072777276,87.5110304404218,108.950750168706,60
"5055",2026,40.627855870455,40.5663026482772,40.9673538615721,60
"5055",2027,40.5849391006311,40.4782764929137,41.0681559909219,60
"5055",2028,40.5249332160383,40.3747823124801,41.1498344240963,60
"5055",2029,40.5829421931907,40.3641282683064,41.3690075546491,60
"5055",2030,40.6217235455715,40.3361054226219,41.5685737233356,60
"5055",2031,40.7657153619421,40.3845403170286,41.8947252521412,60
"5055",2032,40.9915970166646,40.4819155433656,42.3382049075781,60
"5055",2033,41.1481929517604,40.5263542930548,42.7048499278792,60
"5055",2034,41.4310693344092,40.6589407119535,43.2383154934516,60
"5055",2035,41.6845511828577,40.7669391844978,43.7360522000676,60
"5055",2036,41.9893676514864,40.9077560925061,44.3042113873426,60
"5055",2037,42.470036625492,41.1704544053941,45.105818083956,60
"5055",2038,42.5929726063894,41.1757122007324,45.4415962241083,60
"5055",2039,43.0629410927055,41.4240981169594,46.2850297935791,60
"5055",2040,43.5141054084002,41.6543760977953,47.1220844633186,60
"5055",2041,43.8321156875465,41.7887547081881,47.7678593921081,60
"5055",2042,44.3175131520886,42.0388512104378,48.6631785244021,60
"5055",2043,44.6476684637668,42.175740750849,49.3367842594992,60
"5055",2044,44.8866601764595,42.2475642150725,49.877813700657,60
"5055",2045,45.4375982547127,42.5341740441745,50.8883154485342,60
"5055",2046,46.0330626025588,42.848233642848,51.9907304440529,60
"5055",2047,46.3786954903175,42.9875049154836,52.7135923861384,60
"5055",2048,46.7955859604717,43.1716315489773,53.5543527326787,60
"5055",2049,47.4542462975009,43.5215811352058,54.7717171564493,60
"5055",2050,47.7788488176679,43.6381285110332,55.477538629891,60
"5056",2026,34.2300128255723,34.1732553610628,34.4423438936282,60
"5056",2027,34.3896687397291,34.3060342787348,34.6894179532763,60
"5056",2028,34.6448978670826,34.5188643062468,35.0459230593266,60
"5056",2029,34.8945310205372,34.728588266596,35.3936652260928,60
"5056",2030,35.2829699119425,35.0481183098336,35.9019613882733,60
"5056",2031,35.7859608521901,35.4582564284915,36.5429859307388,60
"5056",2032,36.1904828708577,35.7979683031346,37.0672974248372,60
"5056",2033,36.8097535389907,36.3031713060821,37.8625830936619,60
"5056",2034,37.3690946062131,36.7662249114951,38.5997811162062,60
"5056",2035,37.9285127749028,37.2328277724829,39.3322326409506,60
"5056",2036,38.7131794094209,37.8709512752474,40.3730406016813,60
"5056",2037,39.3980841669158,38.4375746921836,41.2712409267838,60
"5056",2038,40.1667624346944,39.0685264892458,42.2840161366908,60
"5056",2039,40.9862564752952,39.7387521967669,43.3670869357946,60
"5056",2040,41.8076129800801,40.412621001038,44.4631353301573,60
"5056",2041,42.7995416170327,41.2134442260465,45.811693420888,60
"5056",2042,43.523693548296,41.8196993282075,46.7585002833198,60
"5056",2043,44.6449690198073,42.7190650763052,48.2948467149827,60
"5056",2044,45.4891097617712,43.415942436116,49.4166440119417,60
"5056",2045,46.6167281939559,44.3236500973938,50.9578239124614,60
"5056",2046,47.911157237954,45.3542352228627,52.667803276296,60
"5056",2047,49.1763133584099,46.3622142913786,54.3220658559566,60
"5056",2048,50.5679770622068,47.4640973491205,56.1682226570004,60
"5056",2049,51.9846443897265,48.5840349187971,58.0932006125432,60
"5056",2050,53.6813995458208,49.9063203592575,60.4274459991257,60
"5057",2026,77.8519891371395,77.7356582512773,78.1389823140129,60
"5057",2027,78.0063526120114,77.8029546473093,78.4325443471858,60
"5057",2028,78.1795868268495,77.8891818192573,78.754369374915,60
"5057",2029,78.494328807147,78.0840935249468,79.2411414248944,60
"5057",2030,78.8421528097143,78.3078733951701,79.7537980723112,60
"5057",2031,79.3814687192357,78.6758792927453,80.4905413411732,60
"5057",2032,80.0719937185926,79.1573795579061,81.403289902727,60
"5057",2033,80.7165645469727,79.6086925713245,82.2605655588643,60
"5057",2034,81.4038862659662,80.093008429335,83.2053782861249,60
"5057",2035,82.1513393925087,80.6247743301983,84.2247409008745,60
"5057",2036,83.2023760304815,81.3788239695181,85.6379396322587,60
"5057",2037,84.3814234885642,82.2270077076309,87.2178020915809,60
"5057",2038,85.4180651904495,82.9758081527377,88.6083246590544,60
"5057",2039,86.5378278445467,83.7853837383339,90.1368840580488,60
"5057",2040,87.6053498838141,84.5608449805115,91.6047080953178,60
"5057",2041,89.1328583023871,85.6665911046534,93.7255397143587,60
"5057",2042,90.8391984180414,86.898741550814,96.1056324359575,60
"5057",2043,92.2736376226742,87.9382826630776,98.0968041774576,60
"5057",2044,93.7927556980192,89.0387357970633,100.209458174503,60
"5057",2045,95.6491872528148,90.3762348565197,102.812725421822,60
"5057",2046,97.3086963247918,91.5746242385461,105.132961317302,60
"5057",2047,99.4374383067885,93.100652448066,108.140727261408,60
"5057",2048,101.197144889962,94.3666628585749,110.614203513962,60
"5057",2049,103.525907119797,96.0297405366173,113.924066861344,60
"5057",2050,105.608925553727,97.5171363750351,116.882387051478,60
"5058",2026,46.8612252058174,46.6449053585358,46.9583291256617,60
"5058",2027,46.8743176525723,46.5805109458192,47.0303827195409,60
"5058",2028,46.9427429294643,46.5746284558095,47.1772869717972,60
"5058",2029,47.0686453643344,46.6113566517787,47.4009234083933,60
"5058",2030,47.3825343980589,46.7947629170791,47.8832685340017,60
"5058",2031,47.6699849877076,46.9675206927937,48.3341363236306,60
"5058",2032,47.925844426554,47.1238782571334,48.7418150175501,60
"5058",2033,48.1963313211496,47.2942562826648,49.1718193188588,60
"5058",2034,48.7568370946697,47.7046815206832,50.0107723155405,60
"5058",2035,49.3864825950679,48.163876804331,50.9534740413188,60
"5058",2036,49.9062760491601,48.5239275365536,51.7456077292163,60
"5058",2037,50.5030556039316,48.9472889225348,52.6504830066049,60
"5058",2038,51.1155037427399,49.3822300686581,53.5833687267856,60
"5058",2039,51.8300257201753,49.8707335594531,54.6697259528958,60
"5058",2040,52.7510034060043,50.4813584805165,56.0575164592546,60
"5058",2041,53.3437341157362,50.8564831011102,56.9750526180542,60
"5058",2042,54.1857489585764,51.4076833559786,58.2564352109769,60
"5058",2043,55.0398129847235,51.9655908485851,59.5595470543571,60
"5058",2044,56.2308642553912,52.7569447067738,61.3645087214633,60
"5058",2045,56.8115834673417,53.1209561668872,62.2709660574646,60
"5058",2046,57.9455076402455,53.8685493366893,64.0009078131163,60
"5058",2047,58.9845469729012,54.5511240422914,65.5899804547394,60
"5058",2048,60.0127457822384,55.221633466175,67.1716352841823,60
"5058",2049,61.0464937545409,55.8943363487599,68.765461631978,60
"5058",2050,62.0228595004,56.5260338770547,70.2763998719843,60
"5059",2026,88.1653429570505,88.0679372443231,88.7882632203055,60
"5059",2027,88.398696736812,88.2361053106829,89.2871443227032,60
"5059",2028,88.7641142711727,88.5130289075393,89.943750575659,60
"5059",2029,89.2058583824733,88.8530683493944,90.6914316511927,60
"5059",2030,89.7596023553303,89.2848446583636,91.5733205188761,60
"5059",2031,90.5123532414227,89.8775001793387,92.7340722287387,60
"5059",2032,91.4507090646518,90.6194357851121,94.1575634672124,60
"5059",2033,92.5044371009666,91.4538088819148,95.7366557905349,60
"5059",2034,93.7221970146241,92.4192567008766,97.4939987495112,60
"5059",2035,94.8664982684559,93.3275261550385,99.1290421491989,60
"5059",2036,96.3557432463214,94.5097430092235,101.19319591046,60
"5059",2037,98.0236606568327,95.8331658161814,103.485971904657,60
"5059",2038,99.7386378472148,97.192669458299,105.839462081189,60
"5059",2039,101.59444901734,98.5867556984164,108.406205084875,60
"5059",2040,103.147113924468,99.7662688222585,110.650840004769,60
"5059",2041,105.157023457846,101.26793642387,113.543981621645,60
"5059",2042,107.340074392557,102.887868390193,116.700022656747,60
"5059",2043,109.431032596909,104.434390448931,119.732118176821,60
"5059",2044,111.412930970483,105.904020005076,122.610285150553,60
"5059",2045,113.477322458265,107.427098839561,125.613559383542,60
"5059",2046,115.83629733564,109.149981934356,129.049404065155,60
"5059",2047,118.011890550314,110.743346926763,132.225365760688,60
"5059",2048,120.436422992905,112.502112150977,135.772529828292,60
"5059",2049,122.760958375225,114.188161657616,139.181241817333,60
"5059",2050,125.283542144864,116.004654515708,142.887956824016,60
"5060",2026,72.7476279833632,72.3905623274566,73.155134731685,60
"5060",2027,73.150989064316,72.6636686100913,73.74953159569,60
"5060",2028,73.5702607066137,72.958923247799,74.3690442062455,60
"5060",2029,74.1146244064887,73.3579080785054,75.1573867674231,60
"5060",2030,74.7393804878559,73.8188329161511,76.0548269267518,60
"5060",2031,75.37722649046,74.2915544711468,76.9726025978518,60
"5060",2032,76.2823828598019,75.0000366413379,78.2544825879934,60
"5060",2033,77.1615965184368,75.6849178374994,79.5046214713952,60
"5060",2034,78.2575304013046,76.5598728378598,81.0553531491886,60
"5060",2035,79.378339772286,77.4561955617373,82.6429396151508,60
"5060",2036,80.4625667874164,78.3174361617085,84.1843449557614,60
"5060",2037,81.9390626245864,79.520550738716,86.2727373184984,60
"5060",2038,83.1716492678088,80.5095593719379,88.0283021232751,60
"5060",2039,84.6328070053478,81.6966226143296,90.10808842729,60
"5060",2040,86.2854740314528,82.9605477610467,92.4613746780971,60
"5060",2041,87.6001303339101,83.9441535858155,94.3485172360346,60
"5060",2042,89.4409193650382,85.309540570041,96.9795552987316,60
"5060",2043,91.0895371906108,86.5263462341616,99.3473085465332,60
"5060",2044,92.9094574181277,87.8624158121899,101.965930750585,60
"5060",2045,95.2979530851198,89.6040516640006,105.402451113536,60
"5060",2046,96.9860426428305,90.8348185760258,107.851832477238,60
"5060",2047,98.9651402988414,92.2710565147847,110.723986583247,60
"5060",2048,101.115665320388,93.8261846923282,113.849805509598,60
"5060",2049,103.450050635076,95.5037895419503,117.255826044642,60
"5060",2050,105.865153244578,97.2316036744716,120.827794536513,60
"5061",2026,20.1469429668177,20.0995349424482,20.2464220785448,60
"5061",2027,20.2020757192019,20.1347180778101,20.3417508604045,60
"5061",2028,20.2547708308497,20.166888715756,20.4353754360381,60
"5061",2029,20.4120123159352,20.2843180939265,20.6579912492927,60
"5061",2030,20.5029982204665,20.3435611986222,20.8036631392176,60
"5061",2031,20.6893883535609,20.4744911155129,21.0791848560859,60
"5061",2032,20.9308675143184,20.6465399509766,21.437742186407,60
"5061",2033,21.0357386771299,20.7114257784625,21.6125868090802,60
"5061",2034,21.3808554674723,20.9590543909046,22.1247658060297,60
"5061",2035,21.5359821661458,21.0589916144358,22.3776053974472,60
"5061",2036,21.9059416622317,21.2960262637066,22.9383292493909,60
"5061",2037,22.1934536499986,21.4706051280833,23.3882726310549,60
"5061",2038,22.2495183085846,21.4927220313211,23.506315992391,60
"5061",2039,22.8533054447497,21.8699617148257,24.4190372309922,60
"5061",2040,23.0719374199776,21.9906460279826,24.7816531406216,60
"5061",2041,23.3564149107432,22.1536491487181,25.246532806443,60
"5061",2042,23.531010237444,22.2431399619517,25.5517386958126,60
"5061",2043,23.5357042361555,22.2206205441651,25.6039566223714,60
"5061",2044,23.8435150896959,22.3911293898557,26.1141421694477,60
"5061",2045,24.1343105132984,22.5478512206767,26.5975488634349,60
"5061",2046,24.4359424729591,22.7121838978589,27.0965162724663,60
"5061",2047,24.5974457741517,22.7845322527691,27.3913166021995,60
"5061",2048,24.6071051986601,22.7538274721598,27.4689176418377,60
"5061",2049,25.2836871468279,23.1499813114918,28.5346132535061,60
"5061",2050,25.5636788566456,23.290574485719,29.0154623462875,60
"5501",2026,415.321369898021,414.776640829393,415.92958341822,60
"5501",2027,416.326697337131,415.376556517783,417.383264034958,60
"5501",2028,417.913462279314,416.412143146532,419.607094101828,60
"5501",2029,420.049350756544,417.857429828286,422.549928974512,60
"5501",2030,422.911249120249,419.829222640138,426.466175766832,60
"5501",2031,426.053837514652,422.021446615856,430.741293087322,60
"5501",2032,429.91949983983,424.870634295925,435.978597254232,60
"5501",2033,434.45920441314,428.477624871433,442.010915774862,60
"5501",2034,439.661759301515,432.649401329579,448.929711633033,60
"5501",2035,445.611019838895,437.303404187873,456.848256642982,60
"5501",2036,451.540736448564,441.775501546105,464.727054352134,60
"5501",2037,458.300750151353,446.856911769132,473.734581672182,60
"5501",2038,465.730119249331,452.423760447664,483.663528188457,60
"5501",2039,473.815499478737,458.459291530605,494.507606035048,60
"5501",2040,482.280397567834,464.762133082535,505.890968835945,60
"5501",2041,490.595200846694,470.953479306984,517.079256832763,60
"5501",2042,499.57833778743,477.613925287083,529.214248981525,60
"5501",2043,509.04112679278,484.605680651076,542.046182400008,60
"5501",2044,519.096578721106,492.006832030476,555.909455427842,60
"5501",2045,529.81625367361,499.862152052353,570.767549904792,60
"5501",2046,539.897055526846,507.253672724105,584.730419293807,60
"5501",2047,551.203969110391,515.48949725653,600.514994141608,60
"5501",2048,562.301743600631,523.561093799379,616.032915324423,60
"5501",2049,573.705524771532,531.827750994755,632.039141358162,60
"5501",2050,586.194063672108,540.833577110574,649.679319172016,60
"5503",2026,169.54910885271,168.93564460451,172.569092703219,60
"5503",2027,169.729922804669,168.820334263539,173.984943361059,60
"5503",2028,170.140940269567,168.889651816617,175.700003327774,60
"5503",2029,170.752292009996,169.120027362633,177.675588832037,60
"5503",2030,171.528241341987,169.482022267685,179.86596348522,60
"5503",2031,172.741712285596,170.190630873511,182.629588080245,60
"5503",2032,174.062532254447,170.983445221665,185.535196782626,60
"5503",2033,175.61114226958,171.955670753386,188.74086233427,60
"5503",2034,177.366035557269,173.089290623426,192.219822081231,60
"5503",2035,179.244624407742,174.318946183055,195.869096292193,60
"5503",2036,181.589771161144,175.871563801368,200.139139567772,60
"5503",2037,183.879818366533,177.355663794837,204.338778710743,60
"5503",2038,186.142066581164,178.816124947269,208.588273240221,60
"5503",2039,188.614939116063,180.425157723713,213.187480722391,60
"5503",2040,191.272026256158,182.163970129719,218.059135347953,60
"5503",2041,193.98012702649,183.933568372199,223.013553071911,60
"5503",2042,196.677289607846,185.689496233533,227.964142014527,60
"5503",2043,199.301903661495,187.386850500546,232.821437055814,60
"5503",2044,201.847666833338,189.020920280604,237.572312131831,60
"5503",2045,204.827080074532,190.961668209624,242.965541836745,60
"5503",2046,207.571323760349,192.724911429714,248.025712987119,60
"5503",2047,210.471762653083,194.602332375954,253.233394928551,60
"5503",2048,213.615226118119,196.66545093199,258.799873902053,60
"5503",2049,216.619703637711,198.62065094395,264.241992459088,60
"5503",2050,219.337495189601,200.35821112048,269.294680277213,60
"5510",2026,29.5794418801765,29.4900553756001,29.8135315427187,60
"5510",2027,29.8938675442785,29.7501409814053,30.2319142420125,60
"5510",2028,30.3084100334784,30.0863488081223,30.7684849371554,60
"5510",2029,30.7334715854389,30.4253271059401,31.3171061074597,60
"5510",2030,31.2575935062317,30.8291208810884,31.9830667076594,60
"5510",2031,31.7213815401593,31.1932025347656,32.5770857880623,60
"5510",2032,32.3803890471381,31.6866283384813,33.4286706034964,60
"5510",2033,33.110479518224,32.227124033113,34.3836620122542,60
"5510",2034,33.7797382608019,32.7283461488581,35.2580899032053,60
"5510",2035,34.5494890074027,33.2941401438718,36.2675185518056,60
"5510",2036,35.433190169584,33.9320286374184,37.430038931596,60
"5510",2037,36.1529513389605,34.462108886819,38.3661739666368,60
"5510",2038,37.2044010003174,35.2050430456005,39.7729205141489,60
"5510",2039,38.1481578887686,35.8727161686573,41.03048728957,60
"5510",2040,38.8376174293913,36.3783665300898,41.942313067368,60
"5510",2041,39.8916918541479,37.1088728467009,43.3579965697524,60
"5510",2042,40.978859452252,37.9479726687607,44.821972955899,60
"5510",2043,41.6911027744046,38.4826772148093,45.7724341933087,60
"5510",2044,42.6468944598404,39.2143935256887,47.0852794293369,60
"5510",2045,44.010048279297,40.2758819022324,49.0207324337307,60
"5510",2046,44.6171361760391,40.7216812794259,49.8369788663706,60
"5510",2047,45.5510443917099,41.432812747847,51.1413356416053,60
"5510",2048,46.6155708450899,42.2482025319022,52.6489698610636,60
"5510",2049,47.1363970673808,42.6211553179239,53.3471959281821,60
"5510",2050,48.3113034021374,43.5249545029581,55.0260842725347,60
"5512",2026,43.3411912156836,43.2592259642803,43.5423279902733,60
"5512",2027,43.5941221000553,43.4690605287091,43.9134739133128,60
"5512",2028,43.9899448120059,43.8066266325899,44.4806515203493,60
"5512",2029,44.4676325802432,44.2170012744954,45.1622589721666,60
"5512",2030,45.0329643761826,44.705006655994,45.9691931246442,60
"5512",2031,45.473724952394,45.0825183668021,46.6025417452227,60
"5512",2032,46.0995767792616,45.6012311961524,47.5004657400022,60
"5512",2033,46.9262301069253,46.2483200966649,48.690780190509,60
"5512",2034,47.9826228392253,47.059483322704,50.221372775192,60
"5512",2035,48.7210857145046,47.6385529025317,51.2921853316158,60
"5512",2036,49.503870638654,48.2510187732626,52.4264293777209,60
"5512",2037,50.4181165036398,48.9548271066706,53.7602427082503,60
"5512",2038,51.6545731486628,49.888038707862,55.5755946664468,60
"5512",2039,53.0666211128709,50.9419143531658,57.6635261748617,60
"5512",2040,53.7438520194082,51.4713988761551,58.6548880567216,60
"5512",2041,54.735864580091,52.2212424509031,60.1241891470371,60
"5512",2042,55.7093170365801,52.9546898335627,61.5714525890016,60
"5512",2043,56.768139367826,53.7470997512682,63.150549359323,60
"5512",2044,58.0363511556323,54.6852415289694,65.0511514035738,60
"5512",2045,59.2153161238805,55.5562517312075,66.8245903495586,60
"5512",2046,59.9321290034863,56.0993836830563,67.8996243592442,60
"5512",2047,61.0314965653141,56.9118293986204,69.557050278058,60
"5512",2048,62.0673892949286,57.6753665562013,71.12537168929,60
"5512",2049,63.5788696676136,58.7684837703287,73.4288064043954,60
"5512",2050,64.6229468101693,59.5307114319139,75.0228654321718,60
"5514",2026,16.6711115722369,16.6576467118701,16.7155601803898,60
"5514",2027,16.5851884257553,16.5606649517123,16.6583933562765,60
"5514",2028,16.5046249886599,16.4668334819039,16.6083500772862,60
"5514",2029,16.4562656143785,16.3984213104858,16.6009299991519,60
"5514",2030,16.3961589513401,16.3204429034978,16.57817561988,60
"5514",2031,16.4684741590633,16.3389828121969,16.7357591872603,60
"5514",2032,16.3579938847823,16.2226254374189,16.6450202789054,60
"5514",2033,16.437953835604,16.2454722349397,16.8153042555276,60
"5514",2034,16.5324503768696,16.2782320870372,17.0071157486535,60
"5514",2035,16.6380982440802,16.3184848987452,17.2157105701667,60
"5514",2036,16.8067929347895,16.4034310690589,17.5139060202797,60
"5514",2037,16.9091836169719,16.4388982684709,17.722204314522,60
"5514",2038,16.938837101288,16.4221194189434,17.8285003719491,60
"5514",2039,17.16469117568,16.5443677451528,18.2159351031825,60
"5514",2040,17.3041481891823,16.6027457795382,18.4896301722751,60
"5514",2041,17.4443258611944,16.6608861264518,18.7659690685856,60
"5514",2042,17.5806604254312,16.7156201442068,19.0380598762504,60
"5514",2043,17.6121356729923,16.6961710541949,19.1550766711047,60
"5514",2044,18.087218499425,16.986267164807,19.9321427447899,60
"5514",2045,18.222237668851,17.0353170223767,20.2024791073729,60
"5514",2046,18.4843060291069,17.1742489073049,20.6540873110463,60
"5514",2047,18.8376035489079,17.3722678510259,21.2440479979833,60
"5514",2048,18.7154037868492,17.2412486927117,21.145645411821,60
"5514",2049,19.0107171909576,17.3974339904713,21.6543751982715,60
"5514",2050,19.3995083497259,17.6163690197413,22.3021675083691,60
"5516",2026,15.755286410671,15.7344457231919,15.7655493801244,60
"5516",2027,15.7322526064174,15.6990663117194,15.7671293548634,60
"5516",2028,15.6456141439857,15.6064580390978,15.6839203840252,60
"5516",2029,15.6104272296957,15.5558707526371,15.6690926482157,60
"5516",2030,15.615565143165,15.540129158154,15.7081774582245,60
"5516",2031,15.6660446425914,15.5739557784158,15.8086722592199,60
"5516",2032,15.6716791274552,15.5597854890295,15.8464821980359,60
"5516",2033,15.7309564709917,15.5860653716416,15.9593734980242,60
"5516",2034,15.648785449975,15.5035983125843,15.876271583678,60
"5516",2035,15.7941051911798,15.5967048160923,16.1075787785725,60
"5516",2036,15.8122821745341,15.5923291492153,16.1620930194755,60
"5516",2037,16.0705825921476,15.7719768864465,16.5523218228906,60
"5516",2038,16.212312269621,15.862484285018,16.7798175787528,60
"5516",2039,16.5248978776827,16.0795740349011,17.2503989476311,60
"5516",2040,16.5948912976717,16.1153588742694,17.3756322460906,60
"5516",2041,16.7618398625884,16.2213925226329,17.6388142892283,60
"5516",2042,17.0638664037192,16.4219637735998,18.099998695181,60
"5516",2043,17.6461273022487,16.8237028647812,18.9666964332884,60
"5516",2044,17.8983030932294,16.9876413407172,19.3595525621196,60
"5516",2045,18.145919329772,17.1483857766861,19.7459965268161,60
"5516",2046,18.59637332294,17.448362616238,20.4376520550175,60
"5516",2047,18.8608384158564,17.6206686584328,20.8503029585526,60
"5516",2048,19.1611248247337,17.8145042294061,21.3221878351148,60
"5516",2049,19.5787402390798,18.0896967285966,21.9704626437967,60
"5516",2050,20.2096205181977,18.5117809999785,22.9422703041288,60
"5518",2026,9.22341136492736,9.19134465940872,9.29624307231863,60
"5518",2027,9.31962303890259,9.2721274067604,9.42519182141733,60
"5518",2028,9.44642057652625,9.38403049031558,9.59201175277073,60
"5518",2029,9.59076066749876,9.5131081467234,9.77967818975693,60
"5518",2030,9.68271735365248,9.59174209617508,9.90406616139877,60
"5518",2031,9.76184613029499,9.65800438006677,10.0130548831123,60
"5518",2032,9.99978767054039,9.86561078228707,10.3221037745325,60
"5518",2033,10.1816207851539,10.0135721286536,10.5618406490237,60
"5518",2034,10.3469500687717,10.1479777835527,10.7814921426844,60
"5518",2035,10.4747535987332,10.253251628256,10.953801738953,60
"5518",2036,10.7674299838743,10.4838082821803,11.3371436454465,60
"5518",2037,11.1364791645566,10.7704662473523,11.8294104570551,60
"5518",2038,11.2164302250828,10.839730275009,11.9345754237715,60
"5518",2039,11.321989756674,10.9293618357336,12.0756140683187,60
"5518",2040,11.6058426203022,11.1523394386794,12.4614799713634,60
"5518",2041,11.9629454054047,11.4274009713598,12.9561422224825,60
"5518",2042,12.3014660425705,11.6895807453187,13.4239051192988,60
"5518",2043,12.6503828773493,11.9446707864465,13.9079204839549,60
"5518",2044,12.9899210331314,12.1907377647042,14.3800225185686,60
"5518",2045,13.4342661894319,12.5033777994138,15.0175505708314,60
"5518",2046,13.5934399265286,12.6321239583723,15.2319663228318,60
"5518",2047,14.0802898172657,12.9663294663355,15.9451116704892,60
"5518",2048,14.569569517946,13.3090007436909,16.6605774770808,60
"5518",2049,14.7843959252758,13.4688010162642,16.9662522125346,60
"5518",2050,15.4172976902437,13.9122046098303,17.9060691143379,60
"5520",2026,30.5754539093189,30.4407826925875,30.6206009355839,60
"5520",2027,30.9172254205048,30.7446772313254,31.0154190888712,60
"5520",2028,31.2874003777879,31.0796053447656,31.4465994994036,60
"5520",2029,31.6258235854205,31.3771478592798,31.8319641488313,60
"5520",2030,32.0820741798014,31.7757575164275,32.3745973396225,60
"5520",2031,32.5512629917979,32.1694449497559,32.9332360487341,60
"5520",2032,33.1044279196299,32.6176378740256,33.6052654789947,60
"5520",2033,33.6965697057694,33.0933292079168,34.3312700981426,60
"5520",2034,34.1740391529819,33.4968583068589,34.8977974638901,60
"5520",2035,34.8776300119353,34.1078199351054,35.7757505690714,60
"5520",2036,35.5105976065778,34.6399366091899,36.5565375360497,60
"5520",2037,36.0252845270861,35.0705539792771,37.1748675184326,60
"5520",2038,36.7248486219114,35.6338940230423,38.0508655316351,60
"5520",2039,37.3288835555185,36.1278689235575,38.7950509927045,60
"5520",2040,37.8995329721759,36.5970705576904,39.4938919164112,60
"5520",2041,38.6329933983422,37.1818139288936,40.4221729750969,60
"5520",2042,39.294980658102,37.7138913674357,41.2528082543677,60
"5520",2043,39.8371888194034,38.1604664189384,41.9152918478319,60
"5520",2044,40.2742449140835,38.5320758709925,42.4299365010207,60
"5520",2045,40.7368359397641,38.9202195772721,42.9829186041853,60
"5520",2046,41.7285217707444,39.6880396418726,44.2766005906362,60
"5520",2047,42.2686714731727,40.1337081689538,44.9354220189623,60
"5520",2048,43.0003463572949,40.7159429545561,45.8640089823353,60
"5520",2049,43.6696991981976,41.2538756817834,46.7047223416486,60
"5520",2050,44.2860273023242,41.7565755984113,47.4669557075917,60
"5522",2026,19.9502549339943,19.8535107394699,19.988173160842,60
"5522",2027,19.9759677663749,19.8384654278615,20.0403511707715,60
"5522",2028,20.0873842473745,19.8996254804913,20.2065023542144,60
"5522",2029,20.1380533712443,19.906929141416,20.2912016476752,60
"5522",2030,20.3279661517691,20.0143701515502,20.5652384240747,60
"5522",2031,20.513184022233,20.1285728665018,20.8342166829122,60
"5522",2032,20.73255828071,20.2719285952244,21.1517450679086,60
"5522",2033,21.0203221705709,20.4608791857749,21.5665104226706,60
"5522",2034,21.2367337172643,20.5941582841562,21.8826117000942,60
"5522",2035,21.4394630763454,20.7162149466879,22.1811740874653,60
"5522",2036,21.925620452294,21.0479473449845,22.8834312827961,60
"5522",2037,22.0958320534846,21.1438224467694,23.1369579660715,60
"5522",2038,22.5894960041095,21.4714798303946,23.8549935256972,60
"5522",2039,22.6643238350756,21.4960503719592,23.9764671553211,60
"5522",2040,23.2678266028088,21.89933142276,24.8563281882351,60
"5522",2041,23.6497285504882,22.141775801183,25.4220366414887,60
"5522",2042,23.9227525234652,22.3050003030236,25.8338387865963,60
"5522",2043,24.4050539955965,22.6169113031472,26.5487285050654,60
"5522",2044,24.7314007024034,22.8164096837667,27.0409080565254,60
"5522",2045,24.9951620031516,22.9732464384051,27.4393147005997,60
"5522",2046,25.6365130678157,23.3913503479706,28.3966799707384,60
"5522",2047,26.0957811597132,23.6766380468565,29.0892875822381,60
"5522",2048,26.6527577731923,24.0269575044147,29.9288382075924,60
"5522",2049,26.5631384622834,23.9366387349608,29.8160074891681,60
"5522",2050,27.5707127852262,24.5892594027718,31.3283216091969,60
"5524",2026,46.8868753370125,46.8161628688381,47.1029652223336,60
"5524",2027,46.9419156915706,46.8310450860416,47.2544131280612,60
"5524",2028,47.0346640574986,46.8762718856623,47.44941167565,60
"5524",2029,47.2442811995106,47.0050509719926,47.7829489665675,60
"5524",2030,47.4463266876478,47.1311271497443,48.1058960262144,60
"5524",2031,47.7682374578592,47.3457760616216,48.5710493222669,60
"5524",2032,48.174847245485,47.6223665546217,49.137477831265,60
"5524",2033,48.5340208221558,47.868607627316,49.6549460059323,60
"5524",2034,49.0986335280948,48.2615480689177,50.4353811084498,60
"5524",2035,49.722106814305,48.6972185868094,51.3048994283583,60
"5524",2036,50.4583471333114,49.2120521276418,52.3685417572343,60
"5524",2037,51.1968752240862,49.7289980216882,53.4375745108485,60
"5524",2038,51.8792529549738,50.2052946230213,54.4287228047317,60
"5524",2039,52.678597542901,50.7631119381585,55.5898282027889,60
"5524",2040,53.5309669834131,51.356225134228,56.8312816301217,60
"5524",2041,54.5314231966076,52.0480748264527,58.2808564390919,60
"5524",2042,55.4215002872989,52.6626703397376,59.5742980890964,60
"5524",2043,56.4748556579869,53.3847804627353,61.111186183043,60
"5524",2044,57.4012885215998,54.0180983623853,62.4678482443023,60
"5524",2045,58.0546191293807,54.4634619048933,63.4298372490736,60
"5524",2046,59.2444176408765,55.2705330374818,65.1797850678508,60
"5524",2047,59.9735561381657,55.7637502700853,66.2582544460099,60
"5524",2048,61.0052624655737,56.4599896745678,67.7835540748326,60
"5524",2049,61.9359109176479,57.0870490159898,69.1622197027785,60
"5524",2050,63.0195745898058,57.8147045408286,70.7707535807981,60
"5526",2026,21.3127090608213,21.2801869232021,21.4990225634908,60
"5526",2027,21.5002397585711,21.4366724430691,21.7696609392142,60
"5526",2028,21.6936759324703,21.5972618447783,22.0514616483939,60
"5526",2029,21.9195715951858,21.7817385716914,22.3741136670624,60
"5526",2030,22.1919936277222,22.0000096616249,22.755721072376,60
"5526",2031,22.491204058503,22.2374183486252,23.1720420920053,60
"5526",2032,22.8247535046608,22.4987493489248,23.6345817250914,60
"5526",2033,23.2374645839424,22.8173625744631,24.1938794741699,60
"5526",2034,23.6141713039407,23.1100807640199,24.6938467499891,60
"5526",2035,24.1535197423916,23.5182419861072,25.4237651178497,60
"5526",2036,24.6455524538176,23.8924287339546,26.0982762503045,60
"5526",2037,25.1468336217006,24.2716307634267,26.7885594836463,60
"5526",2038,25.6904792372658,24.6801895442058,27.5440951884976,60
"5526",2039,26.206444116159,25.0673236933761,28.2904444831351,60
"5526",2040,26.8239477552635,25.5251894468086,29.1927660020223,60
"5526",2041,27.4397556860384,25.9794796876191,30.0976416608183,60
"5526",2042,28.0376389146926,26.4201768836457,30.9777409518272,60
"5526",2043,28.8433706066336,27.004583035911,32.1808287736195,60
"5526",2044,29.4475314026207,27.4458672324211,33.0790244511096,60
"5526",2045,30.1240301380362,27.9362074718376,34.0920592055478,60
"5526",2046,30.7766052960786,28.4070225517175,35.0739506044783,60
"5526",2047,31.628679005377,29.0138179847958,36.3717714764107,60
"5526",2048,32.3381293651326,29.5188787483927,37.4535899322893,60
"5526",2049,33.2676104834519,30.1727957373075,38.8880636706712,60
"5526",2050,33.9595376153364,30.6603762951842,39.9548507762311,60
"5528",2026,11.1053345287756,11.0403180037789,11.3166566687548,60
"5528",2027,11.1848321413402,11.0845657739489,11.48921446726,60
"5528",2028,11.2836908597163,11.1431457101459,11.6841335475118,60
"5528",2029,11.4041285891244,11.2168062317086,11.9071828535105,60
"5528",2030,11.5715414270931,11.3233167828851,12.1906056551832,60
"5528",2031,11.8073989263016,11.4785713375193,12.5619378754166,60
"5528",2032,12.036913271455,11.6277673459352,12.9327381327726,60
"5528",2033,12.187427877913,11.7208809815923,13.2000888595404,60
"5528",2034,12.3033571281272,11.7894552634357,13.4191372628695,60
"5528",2035,12.5939530898903,11.9802189407857,13.886480449845,60
"5528",2036,13.0135058433347,12.2596474340748,14.5404480095504,60
"5528",2037,13.4040472426247,12.5158361709214,15.1573363804852,60
"5528",2038,13.6316840047417,12.6606197760846,15.5383205923469,60
"5528",2039,13.5757155233684,12.6081139080891,15.5117117506594,60
"5528",2040,14.2302348311947,13.0434274028763,16.5216160098515,60
"5528",2041,14.5445556309655,13.2440102558292,17.0414470054087,60
"5528",2042,14.9180132438639,13.4934117109136,17.6525795599761,60
"5528",2043,15.4011849624637,13.8640861864626,18.4369287436061,60
"5528",2044,15.4326566847822,13.8424217124315,18.5283200328549,60
"5528",2045,15.8808337677087,14.1826437924777,19.2621277861061,60
"5528",2046,16.3713940471496,14.5596741370765,20.0642187436526,60
"5528",2047,16.4094157694477,14.5434896464468,20.1708697702026,60
"5528",2048,17.2178575260369,15.1966831311518,21.4688608187628,60
"5528",2049,17.1765170908208,15.1114625217097,21.4532339178657,60
"5528",2050,17.5754980978303,15.4088217035806,22.1213391592181,60
"5530",2026,133.49451946209,133.311899480815,133.822329941659,60
"5530",2027,133.855005498533,133.551518145407,134.37996779418,60
"5530",2028,134.46316405126,133.966391107435,135.226767101694,60
"5530",2029,134.968696324377,134.304591212089,135.947076693901,60
"5530",2030,135.81866791711,134.887693813759,137.142080158636,60
"5530",2031,136.920462058107,135.6477993832,138.693308186479,60
"5530",2032,137.903997076027,136.320814376757,140.088787020575,60
"5530",2033,139.502311729124,137.42754974366,142.328552704487,60
"5530",2034,140.724857645583,138.265491521918,144.059225963342,60
"5530",2035,142.321763061863,139.366753938794,146.307215602952,60
"5530",2036,144.272290768198,140.712708667874,149.056906837435,60
"5530",2037,145.887732464952,141.821967915181,151.362813246514,60
"5530",2038,148.455219430551,143.591816060215,155.030573681703,60
"5530",2039,150.264217122862,144.826828451509,157.62943123135,60
"5530",2040,152.258469849883,146.187501275987,160.499321027625,60
"5530",2041,154.640885946494,147.809392729033,163.940050588168,60
"5530",2042,157.107761286857,149.48296241128,167.515318096852,60
"5530",2043,159.885101702631,151.362705754847,171.554547627266,60
"5530",2044,161.989315760711,152.773669575029,174.631128123095,60
"5530",2045,164.272455478236,154.316786999399,177.979179946499,60
"5530",2046,167.44434447845,156.477043515491,182.637388253806,60
"5530",2047,169.72037518566,158.001388503834,186.000947939036,60
"5530",2048,173.094405123561,160.283002847666,190.995079345735,60
"5530",2049,175.418045289628,161.828275165277,194.451911282185,60
"5530",2050,178.742948390375,164.057496364269,199.409991191338,60
"5532",2026,49.5938084064455,49.5444307560409,49.6660629073938,60
"5532",2027,49.5325154108379,49.4416790641621,49.6658836274203,60
"5532",2028,49.5409856807282,49.3876901583278,49.7540076838769,60
"5532",2029,49.50394415943,49.3020676720716,49.7789632151741,60
"5532",2030,49.5777119149284,49.2990613132167,49.9512569146554,60
"5532",2031,49.5571446952455,49.2261815926801,50.0017601189396,60
"5532",2032,49.8082776383966,49.353188606539,50.4262387648516,60
"5532",2033,50.1034887866046,49.5120874472396,50.9126524682151,60
"5532",2034,50.2183805299732,49.5401740865995,51.1481023839323,60
"5532",2035,50.5429271177896,49.7220998165824,51.6740311333625,60
"5532",2036,50.8305160801609,49.8773570290923,52.1486251241995,60
"5532",2037,51.3501852182354,50.2006848627692,52.9494892182297,60
"5532",2038,51.6616540168364,50.374936035598,53.4560487321416,60
"5532",2039,52.0028045572664,50.5712125878145,54.0038104766958,60
"5532",2040,52.544576432663,50.9122192879303,54.8354114279345,60
"5532",2041,52.9142251196702,51.1286019786677,55.42479164074,60
"5532",2042,53.7120434218758,51.651621801252,56.6246550161924,60
"5532",2043,54.1577399992492,51.9230518016108,57.3223724528655,60
"5532",2044,54.6766960417843,52.2453579014564,58.1274091649527,60
"5532",2045,55.3799762558048,52.6988653166416,59.1977573106804,60
"5532",2046,56.2641922748699,53.2783482388736,60.5341436085645,60
"5532",2047,57.0531581496116,53.789690437613,61.7351096635957,60
"5532",2048,58.1395561263213,54.5078997082268,63.374470149935,60
"5532",2049,59.0255375960598,55.0815170048585,64.7288344054439,60
"5532",2050,60.4059006121704,56.0027745605295,66.8081108654055,60
"5534",2026,29.3841528373712,29.2276413787553,29.4474483044166,60
"5534",2027,29.6865121070332,29.4911253971601,29.816366922405,60
"5534",2028,29.9475979736225,29.7028105826173,30.125063456111,60
"5534",2029,30.2272622237834,29.9324546108828,30.4530843511108,60
"5534",2030,30.7520787337182,30.3818147103693,31.108701846756,60
"5534",2031,31.231116848351,30.7513317598137,31.6995765491008,60
"5534",2032,31.7109355371302,31.1258804727379,32.2868177526466,60
"5534",2033,32.454743856446,31.6773005272926,33.2345977209714,60
"5534",2034,33.0370175148677,32.1262965104071,33.9559509403766,60
"5534",2035,33.8017162326535,32.6966753785308,34.9285583439877,60
"5534",2036,34.678233240896,33.3430453549502,36.0545220741462,60
"5534",2037,35.4820561927496,33.9432686950853,37.0785926804848,60
"5534",2038,36.4399183342963,34.6441054662045,38.3237363260089,60
"5534",2039,37.3996170511901,35.4118113461333,39.5730361279512,60
"5534",2040,38.0345031793295,35.9112055682997,40.3583090137145,60
"5534",2041,38.9349640323834,36.6292144604109,41.5204941507549,60
"5534",2042,39.6699218423199,37.2091985849262,42.4507235973338,60
"5534",2043,40.9722762970837,38.2487255871012,44.196327767513,60
"5534",2044,41.895879013296,38.9827611500984,45.3945683995196,60
"5534",2045,42.7499239829875,39.659828073354,46.4948678722464,60
"5534",2046,43.6261655398898,40.353781388318,47.630801832824,60
"5534",2047,44.5522445478349,41.088491346471,48.8376016435051,60
"5534",2048,46.3261359141025,42.5065299877357,51.2822466143486,60
"5534",2049,47.1039724817617,43.1208515883237,52.2764411645948,60
"5534",2050,48.1945302474468,43.9871991659756,53.7282423930007,60
"5536",2026,32.9724769940143,32.8264618941257,33.0738054091816,60
"5536",2027,33.0597393826144,32.8512125632546,33.2419843036279,60
"5536",2028,33.098833281932,32.8310556788707,33.3483985082735,60
"5536",2029,33.1646165113947,32.8352882653779,33.4955242502772,60
"5536",2030,33.4261319056872,32.9707163388562,33.9206231911783,60
"5536",2031,33.7997007984836,33.1879579867537,34.5132199310996,60
"5536",2032,34.0328824561795,33.314378667452,34.9121158589562,60
"5536",2033,34.219307224273,33.3997235341807,35.249135676614,60
"5536",2034,34.7309640769776,33.7520715338943,36.0582035196219,60
"5536",2035,34.9769228259091,33.883451524229,36.4918766139382,60
"5536",2036,35.5696595331504,34.256413638734,37.434920562651,60
"5536",2037,36.0527370640449,34.5334400821843,38.2259132191225,60
"5536",2038,36.2627990571673,34.6170011926436,38.6199532591422,60
"5536",2039,36.80192451911,34.9243588788139,39.5094851897416,60
"5536",2040,37.2898778256106,35.1945161099231,40.3270803881853,60
"5536",2041,37.9290713186754,35.5653414194212,41.3782004180228,60
"5536",2042,38.2511433678933,35.714473304986,41.9600243782254,60
"5536",2043,38.4520463088961,35.7748129660379,42.3689375525407,60
"5536",2044,38.958373504765,36.0443624186705,43.2389328811847,60
"5536",2045,39.5724578921721,36.3840638427885,44.2790031922017,60
"5536",2046,39.9115243515917,36.5358641115104,44.9027240556326,60
"5536",2047,40.3099022441161,36.72201748619,45.6272288192372,60
"5536",2048,40.6047872809253,36.8382284124681,46.1934221982097,60
"5536",2049,41.102426404674,37.0894907125127,47.0740961537692,60
"5536",2050,41.2409478891778,37.0942301365829,47.4105980676214,60
"5538",2026,25.0430259571797,24.7335570674959,25.0911724300079,60
"5538",2027,25.1226746416441,24.6974693199524,25.2008516189649,60
"5538",2028,25.307103446182,24.7703054378867,25.4466816816225,60
"5538",2029,25.5475985779963,24.9015728258688,25.764660258488,60
"5538",2030,25.916114527056,25.1561360053039,26.2514117723,60
"5538",2031,26.2134730686674,25.3245877218933,26.6438422278219,60
"5538",2032,26.5411536382738,25.5205431262354,27.0753111828048,60
"5538",2033,27.1913229811267,26.0099182510025,27.9374880726324,60
"5538",2034,27.6841174767223,26.3560833784434,28.5852092099885,60
"5538",2035,28.3022022964404,26.8164448396798,29.4019902555558,60
"5538",2036,29.1164330864424,27.4557400253546,30.4862154031514,60
"5538",2037,29.6113616371431,27.8039995920933,31.1486313493192,60
"5538",2038,30.5278747817157,28.4983609152327,32.4203735523843,60
"5538",2039,31.063327333682,28.8636675681135,33.1450345192526,60
"5538",2040,31.9774469746148,29.5178496741023,34.4171540432065,60
"5538",2041,32.6872996634164,29.9876763169511,35.4000426926717,60
"5538",2042,33.3980406877175,30.4400491632509,36.3895688680035,60
"5538",2043,33.7495552557267,30.6670554620767,36.8612696849956,60
"5538",2044,34.3088097488856,31.0216862236682,37.6359842781307,60
"5538",2045,35.018404805902,31.4682138324939,38.6313154270251,60
"5538",2046,35.3497253097674,31.677419144465,39.0798915494086,60
"5538",2047,35.8118763934945,31.9708235928615,39.7150722220162,60
"5538",2048,36.5367830738049,32.4202563370194,40.7420503367959,60
"5538",2049,37.0599771100132,32.7500521205859,41.468171450829,60
"5538",2050,37.7486863119934,33.1806733509675,42.4382213286147,60
"5540",2026,18.1378919464501,18.1049731810854,18.3091296168201,60
"5540",2027,18.250743249306,18.1900746656515,18.4870367306913,60
"5540",2028,18.4051628620602,18.3075512921104,18.7162194091872,60
"5540",2029,18.4538198762019,18.3410749807288,18.8242144812585,60
"5540",2030,18.6502286049123,18.4939164601798,19.1218702536515,60
"5540",2031,18.7404691174789,18.5601821201563,19.2833211897992,60
"5540",2032,19.0587909221273,18.809914180961,19.7511338481074,60
"5540",2033,19.3319169616326,19.022065653766,20.1606115359918,60
"5540",2034,19.5217157103141,19.1666527624,20.4588534041068,60
"5540",2035,19.7186969450906,19.3156146956813,20.7690207733901,60
"5540",2036,20.0017539287751,19.5324033962681,21.1948179437377,60
"5540",2037,20.2894070944227,19.7508358252902,21.6295884177639,60
"5540",2038,20.5744481478964,19.9663866226477,22.0622095283165,60
"5540",2039,20.9322231498034,20.2377579090394,22.5960466829404,60
"5540",2040,21.2260417076504,20.4597247435245,23.0417079431316,60
"5540",2041,21.525186242315,20.6838671662892,23.497731742394,60
"5540",2042,21.949117955452,21.0052717925905,24.1255096633887,60
"5540",2043,22.2181170958314,21.2060901133574,24.5401006669282,60
"5540",2044,22.6029945009354,21.4941965160655,25.1198391472606,60
"5540",2045,22.7340580108073,21.587445926628,25.3440048293508,60
"5540",2046,23.1526115605652,21.9000973596284,25.9746234297627,60
"5540",2047,23.3533207325358,22.0460416016327,26.2979523715497,60
"5540",2048,23.6236880947441,22.2451304045237,26.7198689442704,60
"5540",2049,24.0851607551883,22.5905731833361,27.4116302942026,60
"5540",2050,24.4482175778751,22.8575210063362,27.9696117235521,60
"5542",2026,19.0798055904936,18.979056267347,19.5283687258049,60
"5542",2027,19.1196277044242,18.9818040325341,19.7419452170113,60
"5542",2028,19.1911480109869,19.0115444354719,20.000791233629,60
"5542",2029,19.3118075776068,19.0809276881149,20.3321569575208,60
"5542",2030,19.4709648037865,19.1825441735962,20.7216488607187,60
"5542",2031,19.541308579793,19.2079130348103,20.9812788303567,60
"5542",2032,19.6818281860637,19.2921023178593,21.3316966631692,60
"5542",2033,19.8749544673371,19.4196977115891,21.751089282869,60
"5542",2034,20.0508835950411,19.5367913894837,22.1482886421369,60
"5542",2035,20.3014524072899,19.7323979081131,22.6433658165287,60
"5542",2036,20.3747550467614,19.7590399185986,22.9073651728619,60
"5542",2037,20.5506238581956,19.883519708656,23.3054309467164,60
"5542",2038,20.7986128967876,20.0768346485277,23.8038473264549,60
"5542",2039,20.916051236267,20.1457206187416,24.1279585973808,60
"5542",2040,21.1309302372734,20.3075284187662,24.5839520900165,60
"5542",2041,21.3719244391096,20.4943752217991,25.0764622866889,60
"5542",2042,21.6008549510161,20.6697126021846,25.5526070723241,60
"5542",2043,21.9400133824643,20.9502051324476,26.1783063075242,60
"5542",2044,22.0244875907978,20.9878239181542,26.4592493700311,60
"5542",2045,22.4181723260765,21.3204703527389,27.1601292569286,60
"5542",2046,22.5613973159735,21.414154392497,27.5209415583003,60
"5542",2047,22.9948049716391,21.7848539525247,28.2771165053591,60
"5542",2048,23.471733652907,22.157254991032,29.0935308638125,60
"5542",2049,23.8936398403417,22.4636827864095,29.8348421759068,60
"5542",2050,23.9842705883858,22.5229897198796,30.1243203612959,60
"5544",2026,41.9709253676518,41.9002272461155,42.1983930552015,60
"5544",2027,42.1009520826077,41.9816318306321,42.4622229241761,60
"5544",2028,42.2677275460722,42.0886303449535,42.7771964086051,60
"5544",2029,42.4305826826212,42.1922523177665,43.0874830786707,60
"5544",2030,42.7009516967823,42.3813349961897,43.546021139765,60
"5544",2031,43.0561388973238,42.6374150836184,44.1217772735886,60
"5544",2032,43.5578955868392,43.0089212589475,44.9021021361956,60
"5544",2033,44.0705158271644,43.3873873270034,45.706845795309,60
"5544",2034,44.5705668840789,43.7550985082628,46.4857741896881,60
"5544",2035,45.1910967220001,44.2173294147774,47.404041657197,60
"5544",2036,45.8973696616171,44.7448737084413,48.4701673619604,60
"5544",2037,46.6284871733296,45.2906587614868,49.5888505605953,60
"5544",2038,47.1868033483373,45.6992573695875,50.4653369674026,60
"5544",2039,48.0452546552194,46.3409849001806,51.7745459657711,60
"5544",2040,48.8485438676356,46.9364187448124,53.0119092244328,60
"5544",2041,49.6675690462289,47.5426892523793,54.2755120930285,60
"5544",2042,50.5660068437302,48.207498050287,55.6609104540115,60
"5544",2043,51.3115931461227,48.7533926600395,56.8261179255842,60
"5544",2044,52.048016874151,49.2767091608314,57.9832293462813,60
"5544",2045,52.9859597791489,49.9357863406234,59.4397301506832,60
"5544",2046,53.759190566628,50.4744135967646,60.6601543405821,60
"5544",2047,54.7304364814013,51.1530356664265,62.1732105823414,60
"5544",2048,55.7672861829868,51.8732209592565,63.786274489351,60
"5544",2049,56.5162530110577,52.3893375644214,64.9796088599018,60
"5544",2050,58.0961537316563,53.4846605696538,67.4726178807561,60
"5546",2026,12.2538585617022,12.209037722875,12.3217448358468,60
"5546",2027,12.3444966991173,12.2830524181484,12.4372816938205,60
"5546",2028,12.5381870092584,12.4494516205178,12.6845032453571,60
"5546",2029,12.6411064571525,12.5358470025513,12.8165940254911,60
"5546",2030,12.805443041049,12.6630064126298,13.0269431664918,60
"5546",2031,12.9915124313825,12.8039982689114,13.2655401443607,60
"5546",2032,13.1740323899508,12.9418786616289,13.50025567592,60
"5546",2033,13.4291195724102,13.1270094262332,13.8285340284385,60
"5546",2034,13.7115155519334,13.3288559367068,14.2061207261944,60
"5546",2035,13.9105938367754,13.4752549451666,14.4711662142454,60
"5546",2036,14.0510920330173,13.5827735838882,14.6545375183013,60
"5546",2037,14.4998818868733,13.8900557029671,15.2745271047867,60
"5546",2038,14.963619568407,14.2067681486306,15.9190910433778,60
"5546",2039,15.3448802458909,14.4667760664864,16.4515353473862,60
"5546",2040,15.5814099385698,14.6362752107843,16.7723309456551,60
"5546",2041,15.8581216778587,14.8382520213532,17.1586121507876,60
"5546",2042,16.4002961236168,15.2638830797283,17.9462148414488,60
"5546",2043,16.7656506022706,15.5437322277474,18.4600809640317,60
"5546",2044,17.2319841310596,15.9048103679263,19.1254410875093,60
"5546",2045,17.3873738630693,16.0114814172868,19.335335983305,60
"5546",2046,18.0351337078149,16.5200928132497,20.2716527852902,60
"5546",2047,18.1202994875183,16.5677674373418,20.3836306426901,60
"5546",2048,18.7843716997879,17.0888441476109,21.3492085247122,60
"5546",2049,19.3590460420999,17.5349816410927,22.1918894160581,60
"5546",2050,19.6768479858541,17.7729337603456,22.6472121439424,60
"5601",2026,145.654794356369,145.399482205613,146.257282737611,60
"5601",2027,145.355119418965,144.980347274693,146.223628152005,60
"5601",2028,145.231060997943,144.749505272654,146.447856121765,60
"5601",2029,145.22964831151,144.612261749359,146.80981593633,60
"5601",2030,145.450311774576,144.655358925232,147.455901143499,60
"5601",2031,145.669849322138,144.694556131103,148.097416460028,60
"5601",2032,146.142999158103,144.948612154946,149.069982259058,60
"5601",2033,146.832627673697,145.386072855884,150.326193479007,60
"5601",2034,147.757559219562,146.022188373374,151.927821916474,60
"5601",2035,148.861248627276,146.809179986691,153.781031512583,60
"5601",2036,150.019623086868,147.643199292333,155.709231521411,60
"5601",2037,151.390755602155,148.588123275459,157.932614528479,60
"5601",2038,152.839106704526,149.565402395747,160.26730219512,60
"5601",2039,154.545258117788,150.695812728031,162.96800017783,60
"5601",2040,156.587077437137,152.061550880745,166.145386308188,60
"5601",2041,158.588092859314,153.394050859881,169.27410432782,60
"5601",2042,160.708207207822,154.807700508151,172.577199468175,60
"5601",2043,162.523443348786,156.0034115053,175.45548550728,60
"5601",2044,164.764881997592,157.493692985481,178.946030974085,60
"5601",2045,167.453478663978,159.289019588402,183.086161636891,60
"5601",2046,170.14750748064,161.082737710938,187.244770370289,60
"5601",2047,173.078784692011,163.034591080305,191.755985615031,60
"5601",2048,175.188043682523,164.411242053566,195.094874094226,60
"5601",2049,178.459224899748,166.582926030916,200.155783538478,60
"5601",2050,181.965786950809,168.905427938444,205.606303056709,60
"5603",2026,112.486241751281,111.53514492771,112.681571717702,60
"5603",2027,112.437252794822,111.110744749348,112.732205508138,60
"5603",2028,112.605041400918,110.847299638716,113.046594011869,60
"5603",2029,112.846253505201,110.641984424311,113.4491247213,60
"5603",2030,113.212588915912,110.534042829628,114.018700458285,60
"5603",2031,113.736739467204,110.548118397492,114.817648638031,60
"5603",2032,114.285058797193,110.581670473796,115.647860156624,60
"5603",2033,115.198299984042,110.894516005355,116.971939533932,60
"5603",2034,116.117531044778,111.289725376531,118.30543490342,60
"5603",2035,117.073006709727,111.7479003762,119.689089204197,60
"5603",2036,118.216517762709,112.380943691847,121.331553397011,60
"5603",2037,119.480393739703,113.105360167286,123.139930322287,60
"5603",2038,120.895347246353,113.968302975546,125.163390953775,60
"5603",2039,122.147050013247,114.683555556901,126.963513804896,60
"5603",2040,123.511117393307,115.59730682598,128.924343479961,60
"5603",2041,125.3590893974,117.044234751081,131.564489704259,60
"5603",2042,127.252361453665,118.51311469036,134.277845347788,60
"5603",2043,128.911519467542,119.519985726764,136.668712542854,60
"5603",2044,130.321400544963,120.324316976516,138.709992131809,60
"5603",2045,132.366574942159,121.622208050046,141.658618067115,60
"5603",2046,134.36983544683,122.885275882951,144.556897203627,60
"5603",2047,136.924314952774,124.576593942325,148.246009532454,60
"5603",2048,139.193250102322,126.04155089409,151.542056818162,60
"5603",2049,141.711978811388,127.69925275715,155.202747042504,60
"5603",2050,144.260565988997,129.375612997791,158.922080466272,60
"5605",2026,71.9383247905493,71.3778201719616,72.1501776030315,60
"5605",2027,72.0745405440323,71.2962475697888,72.4105159005046,60
"5605",2028,72.2841961664636,71.2619648787092,72.7563292980002,60
"5605",2029,72.5076602474683,71.2386315017735,73.1171054247687,60
"5605",2030,72.8971638552996,71.348872576548,73.68866613629,60
"5605",2031,73.3892891036084,71.542490557164,74.3895665758329,60
"5605",2032,73.9743484470133,71.8108528042447,75.2094439715538,60
"5605",2033,74.6682586793511,72.1669074303141,76.1685714086065,60
"5605",2034,75.3704517233999,72.5308319790407,77.1364091870115,60
"5605",2035,76.299862507055,73.0759549159868,78.3988788002977,60
"5605",2036,77.3420988297033,73.6502004125272,79.8079515562996,60
"5605",2037,78.3799126999044,74.1939100316793,81.2119079838915,60
"5605",2038,79.551784089902,74.8218882452761,82.7935412986485,60
"5605",2039,80.7548563211026,75.4674394113428,84.4195671746585,60
"5605",2040,82.1265732488798,76.2182535549396,86.3380846509652,60
"5605",2041,83.8186890299905,77.1641301455105,88.7211524712073,60
"5605",2042,85.3836851911357,78.0549936878467,90.9298215849635,60
"5605",2043,86.7343836152202,78.876387482582,92.8381905930428,60
"5605",2044,88.4486350578665,79.9781581557772,95.2775117651504,60
"5605",2045,90.2859870861946,81.1733427707532,97.9045410687891,60
"5605",2046,92.198120689409,82.4250166839669,100.648259301467,60
"5605",2047,94.1109927635672,83.6741020501604,103.406907792437,60
"5605",2048,95.8307057054377,84.7703465094977,105.889925120049,60
"5605",2049,97.8499888262642,86.0790552264221,108.824502656352,60
"5605",2050,99.915667414854,87.4216055306839,111.833972384227,60
"5607",2026,31.0225988416935,30.9617189273948,31.566882290451,60
"5607",2027,31.1160539144107,31.0192209167681,31.8964847977747,60
"5607",2028,31.2179687263305,31.084065536888,32.2375553833926,60
"5607",2029,31.4256051181779,31.2349622145996,32.7255654015947,60
"5607",2030,31.6435005018488,31.3944719368251,33.2277714519612,60
"5607",2031,31.8546378125608,31.5482575972437,33.7209580447847,60
"5607",2032,32.176852567383,31.7925194746429,34.3702443136498,60
"5607",2033,32.520926972757,32.0546698323724,35.0504566520676,60
"5607",2034,32.9508657073534,32.3856695496149,35.854508629528,60
"5607",2035,33.4182908707015,32.7469765694452,36.7163346559052,60
"5607",2036,33.8324345147088,33.0549489088196,37.5031335680278,60
"5607",2037,34.4153489655701,33.4707102653983,38.5349894193348,60
"5607",2038,34.9142986004078,33.8256339398059,39.4477102490016,60
"5607",2039,35.5721666743149,34.2901047659944,40.5933331775123,60
"5607",2040,36.1992479155949,34.7317998561846,41.6961614413227,60
"5607",2041,36.7841669092658,35.1420969392297,42.7399704498537,60
"5607",2042,37.5602367030728,35.6825608429379,44.0665680489652,60
"5607",2043,38.0135821475258,35.9987426127482,44.9211866370022,60
"5607",2044,38.9474031631414,36.643777299058,46.4853992834014,60
"5607",2045,39.8854029041002,37.2891864376056,48.0597343509988,60
"5607",2046,40.4842010249783,37.6994140669539,49.1357705521107,60
"5607",2047,41.3785544435181,38.308388034947,50.6615445055009,60
"5607",2048,42.1089075713878,38.8022752001914,51.9827464029576,60
"5607",2049,43.1460209860828,39.5022812764032,53.803441225228,60
"5607",2050,44.4932215435763,40.4065474345523,56.1381846268384,60
"5610",2026,13.4966658471291,13.4655678520237,13.6671876832481,60
"5610",2027,13.7180073206521,13.6719447194318,13.9593046422352,60
"5610",2028,13.9611327398992,13.8980285275556,14.2774957267331,60
"5610",2029,14.281044216101,14.1940790820249,14.6869626707258,60
"5610",2030,14.5901460868654,14.4801094547928,15.0838448208427,60
"5610",2031,14.9433406866653,14.8060774701038,15.5335081920309,60
"5610",2032,15.3777768969854,15.1881176815572,16.0804804676739,60
"5610",2033,15.8144291055362,15.5714701295982,16.6412338303768,60
"5610",2034,16.3414442091547,16.0266736393876,17.3277841756598,60
"5610",2035,16.834290650067,16.4539284167913,17.9707143293643,60
"5610",2036,17.4896703335456,17.0101442414818,18.8330564752186,60
"5610",2037,18.0029853604313,17.4515424002796,19.5319031672059,60
"5610",2038,18.7124553132887,18.0460290524441,20.5251081343007,60
"5610",2039,19.5175066509307,18.6904711282389,21.6667145531017,60
"5610",2040,20.1833005683298,19.2281825591298,22.6066321266566,60
"5610",2041,20.9593681188327,19.8307860168798,23.7189569001919,60
"5610",2042,21.6465982201579,20.3686057073877,24.7038137711509,60
"5610",2043,22.306251536268,20.8839156618309,25.652614867065,60
"5610",2044,23.2915854622708,21.6175877097166,27.1101738574869,60
"5610",2045,23.9431088352937,22.1230604553424,28.0548846126492,60
"5610",2046,24.6879130260604,22.6871213169995,29.1522501530086,60
"5610",2047,25.4844791211914,23.2834576372329,30.3355501540107,60
"5610",2048,26.0360426816957,23.71149348797,31.1409121357241,60
"5610",2049,27.2436591117551,24.576087317625,32.9970925011239,60
"5610",2050,27.3972065387538,24.7360839540633,33.1653320373544,60
"5612",2026,19.8768144229533,19.8455601543608,20.0044599960096,60
"5612",2027,19.8772663446608,19.8212780347332,20.0594076284191,60
"5612",2028,19.8859208529776,19.8021490571355,20.1239482079767,60
"5612",2029,19.9088957451186,19.7939266361658,20.2050500199636,60
"5612",2030,20.0111442459665,19.8433875514711,20.3799094023071,60
"5612",2031,20.1088096751696,19.8851417491744,20.5601933874465,60
"5612",2032,20.2572714999703,19.9621293516437,20.8055521003839,60
"5612",2033,20.3567712438241,20.0019205987484,20.9919311289732,60
"5612",2034,20.5713782304539,20.1230218816106,21.3485270774592,60
"5612",2035,20.7973137589144,20.2501226870544,21.7434744974154,60
"5612",2036,20.9631108724716,20.3314440328885,22.0544196979044,60
"5612",2037,21.3405439009424,20.5615861565776,22.6838402337651,60
"5612",2038,21.7490714684798,20.8084995597904,23.3712475972881,60
"5612",2039,22.026938951144,20.9626026387509,23.8451122224871,60
"5612",2040,22.4254355547737,21.1982903769607,24.4780010661094,60
"5612",2041,22.4718745640969,21.1869169527569,24.6253433271781,60
"5612",2042,22.9866629055296,21.498617160671,25.4262879464198,60
"5612",2043,23.3594364339956,21.708262840462,26.0334100547426,60
"5612",2044,23.656653199711,21.8654839784681,26.5610093596673,60
"5612",2045,24.125157647915,22.1375092893557,27.355913749389,60
"5612",2046,24.212631680799,22.1462783475128,27.57101827904,60
"5612",2047,24.5788180170433,22.344637666787,28.2161962933329,60
"5612",2048,24.8442742281204,22.4706897490372,28.7128569783714,60
"5612",2049,25.3595015230119,22.7655868084796,29.5984566237129,60
"5612",2050,25.9633927527943,23.117340952382,30.629392907812,60
"5614",2026,10.922444719164,10.8837032630113,10.9325469600774,60
"5614",2027,10.9028267148483,10.8494762651027,10.9174701420636,60
"5614",2028,10.917424388614,10.8507325709789,10.9467243896192,60
"5614",2029,10.9716138647522,10.8929247654719,11.02798623627,60
"5614",2030,10.9672443086973,10.8740494796124,11.0311751983643,60
"5614",2031,11.037315881814,10.9235625462299,11.1318244472072,60
"5614",2032,11.0890230529214,10.9545203454321,11.2087535050033,60
"5614",2033,11.0996790682714,10.9510707600181,11.2290756571425,60
"5614",2034,11.2234988622564,11.0429822710672,11.4063059220319,60
"5614",2035,11.2021798369225,11.0131142673375,11.3806257362692,60
"5614",2036,11.2626051470865,11.0519304561622,11.4689991659832,60
"5614",2037,11.2754009683466,11.0507286341028,11.4909282886856,60
"5614",2038,11.3383147274626,11.0920520614067,11.5815619932002,60
"5614",2039,11.4438325156213,11.1687121053885,11.7331550323357,60
"5614",2040,11.702217770231,11.3613887361419,12.0965649548294,60
"5614",2041,11.7599098531279,11.3957452876375,12.1813919296679,60
"5614",2042,11.8096458252359,11.4250843356758,12.2547030660854,60
"5614",2043,11.8919147055817,11.4788912835873,12.3702147148664,60
"5614",2044,12.1021011264991,11.6150938571226,12.6656894967507,60
"5614",2045,12.3735318720145,11.809653202704,13.0471690830985,60
"5614",2046,12.511756663244,11.9085573155429,13.2439826718285,60
"5614",2047,12.6355783371923,11.9976426427201,13.4161572512012,60
"5614",2048,12.8586406553509,12.1630954773229,13.7332396162936,60
"5614",2049,13.2717214184416,12.4796669097597,14.3188460373762,60
"5614",2050,13.3360453674743,12.5203569362077,14.4086838746669,60
"5616",2026,8.25514602495274,8.18319095556786,8.27132986953768,60
"5616",2027,8.38371942251084,8.28247838164627,8.40778021334693,60
"5616",2028,8.54545756056333,8.41252692591102,8.58177590878328,60
"5616",2029,8.75343103614331,8.58544288669872,8.81334723259603,60
"5616",2030,8.9388301055877,8.73750191004746,9.01537161871927,60
"5616",2031,9.12765580452305,8.89278912679854,9.21927523841379,60
"5616",2032,9.29916558865745,9.0320768641081,9.3994125363737,60
"5616",2033,9.54392080200304,9.23922641527489,9.671666725778,60
"5616",2034,9.90284893466655,9.55217155981394,10.0886039282189,60
"5616",2035,10.0712008822711,9.68864943066408,10.2585245056024,60
"5616",2036,10.3211715610578,9.90071816964285,10.5337720182709,60
"5616",2037,10.7107681517924,10.242185445311,10.9895152913672,60
"5616",2038,11.1242107111211,10.5886160434769,11.4814280285514,60
"5616",2039,11.4790015217618,10.8871518186085,11.8925874395536,60
"5616",2040,11.7996676583129,11.1580167490719,12.2575202204273,60
"5616",2041,11.9751844116858,11.3118289092257,12.4236917737984,60
"5616",2042,12.5028022128596,11.7521978001839,13.0653873241787,60
"5616",2043,12.9242806233389,12.1061118253374,13.5643526602659,60
"5616",2044,13.3904065177163,12.49677453398,14.123104140308,60
"5616",2045,13.9407500719512,12.9549793527325,14.7996639761238,60
"5616",2046,14.1246309792915,13.1175695945697,14.9703446555444,60
"5616",2047,14.8919886506856,13.7520397501771,15.9444138800582,60
"5616",2048,15.0735683079796,13.9129411432857,16.1107690165936,60
"5616",2049,15.6305058572393,14.3768562606445,16.7955951147823,60
"5616",2050,16.2674118828305,14.899345277289,17.5954406170667,60
"5618",2026,13.2458412090672,13.2157320241996,13.4256953062956,60
"5618",2027,13.3588484477892,13.3166192900432,13.6118914417852,60
"5618",2028,13.5355435844293,13.4707077614942,13.8834731782459,60
"5618",2029,13.6992125233556,13.6114773305546,14.136180926851,60
"5618",2030,13.9052647416979,13.7845357321085,14.4463850035206,60
"5618",2031,14.0772720288943,13.9326486392976,14.7094020593806,60
"5618",2032,14.3065950629521,14.1237736864932,15.0509683016244,60
"5618",2033,14.6524171904904,14.4011307152978,15.5512815727459,60
"5618",2034,14.8658014432038,14.5805384375735,15.869991435041,60
"5618",2035,15.2150917563603,14.8600962965481,16.3745954541753,60
"5618",2036,15.5739389957203,15.1455241518943,16.8937903516857,60
"5618",2037,15.8765758979808,15.3894398059743,17.3362272817577,60
"5618",2038,16.0153497329441,15.5181983785966,17.5482406139569,60
"5618",2039,16.4239010639131,15.8389597008924,18.1372198978858,60
"5618",2040,16.921310476752,16.2229233474627,18.8510447828526,60
"5618",2041,17.0272475892297,16.3264501681393,19.0186558817832,60
"5618",2042,17.2578749363854,16.521216015218,19.3583109935169,60
"5618",2043,17.6617238839806,16.8373387678816,19.9425534769476,60
"5618",2044,18.14946914583,17.2154217955493,20.6538219160546,60
"5618",2045,18.2257712292197,17.2995260624628,20.7663751924877,60
"5618",2046,18.2404308010787,17.339634553691,20.8045016575655,60
"5618",2047,18.8698000765473,17.8169483674116,21.7094919933839,60
"5618",2048,19.3217872671663,18.1710210727341,22.3793448652074,60
"5618",2049,20.015770329116,18.6925181225714,23.4262905537803,60
"5618",2050,20.4093619764111,19.0056350836424,24.006957153295,60
"5620",2026,28.8835245882288,28.7029531666902,28.9325352428555,60
"5620",2027,28.8606301040754,28.614189894753,28.9317468105332,60
"5620",2028,28.9084506167883,28.5996761071586,29.0226033324253,60
"5620",2029,29.0177231367964,28.6377963499161,29.1936267140339,60
"5620",2030,29.0905926821258,28.6387603094207,29.3172835024196,60
"5620",2031,29.2221107988923,28.6939888445337,29.516913970487,60
"5620",2032,29.3851449269613,28.7784464454166,29.7577467612698,60
"5620",2033,29.7298281330995,29.0477512520406,30.2395010050554,60
"5620",2034,29.9705106372145,29.2235004940554,30.5834611961146,60
"5620",2035,30.3838017031621,29.5797677991769,31.1586596305869,60
"5620",2036,30.7051585508213,29.8168267133778,31.6181780828041,60
"5620",2037,31.0881361604032,30.073221252029,32.1645832169645,60
"5620",2038,31.5375494682329,30.3485284493931,32.8084025250705,60
"5620",2039,31.9864623817063,30.6250119719158,33.4505204973918,60
"5620",2040,32.3328859861112,30.8400897089115,33.9525709338483,60
"5620",2041,32.9325126216662,31.2572113180759,34.8144519741868,60
"5620",2042,33.7122986547777,31.8077895066697,35.9393323542459,60
"5620",2043,34.2091794267547,32.1416200302779,36.6619309137702,60
"5620",2044,34.6632410800253,32.4415908196877,37.3268365472171,60
"5620",2045,35.2708699534826,32.856064197682,38.2144854610041,60
"5620",2046,35.9360428840735,33.3111264392724,39.1910783573063,60
"5620",2047,36.7301745327161,33.8612366596403,40.3583856164735,60
"5620",2048,37.3266856986981,34.2634292119306,41.2403222138111,60
"5620",2049,38.003468553645,34.7225567527573,42.2457982208331,60
"5620",2050,38.8094592232512,35.2763669684245,43.4441381974088,60
"5622",2026,39.0419615897434,38.7732636586984,39.150328335693,60
"5622",2027,39.1802774809783,38.7830524925711,39.3599832447348,60
"5622",2028,39.4171749881509,38.8685564348164,39.6971936960585,60
"5622",2029,39.6985270789107,38.9885713324229,40.0935544122675,60
"5622",2030,40.0612613479539,39.1430783227883,40.5962941463918,60
"5622",2031,40.5416801799972,39.3699440894475,41.2585517179004,60
"5622",2032,41.15808260605,39.6814108106098,42.1182468993208,60
"5622",2033,41.8116094981516,40.0147368368777,43.0322049886151,60
"5622",2034,42.5894619581752,40.4239124782488,44.1214059287242,60
"5622",2035,43.4561564959063,40.8847739089033,45.3406588466386,60
"5622",2036,44.4675008514075,41.430299470765,46.7724503810099,60
"5622",2037,45.4143446275394,41.9325805162529,48.1202385622589,60
"5622",2038,46.513013242426,42.5241266140234,49.6897069808639,60
"5622",2039,47.563077756603,43.0802024746532,51.199544498367,60
"5622",2040,48.8192864254119,43.82500484677,53.0157645538124,60
"5622",2041,49.8409971094234,44.4052543168742,54.5004110068296,60
"5622",2042,51.2385718752269,45.240288363488,56.5426814218047,60
"5622",2043,52.1565690092782,45.7443477226675,57.8879892315722,60
"5622",2044,53.3357339112462,46.4237870605769,59.6250032230735,60
"5622",2045,54.9323436222525,47.3834803718623,61.9904174207915,60
"5622",2046,55.872807424249,47.8920990932856,63.3934893553948,60
"5622",2047,57.0775125963903,48.5781875322256,65.1946995057539,60
"5622",2048,58.1132444576881,49.1475573447576,66.7490505288873,60
"5622",2049,59.4406901552366,49.9122395163602,68.7453693592087,60
"5622",2050,60.7593486604244,50.6660624722527,70.7403518497729,60
"5624",2026,13.1492773467274,13.0844464771281,13.1735261412182,60
"5624",2027,13.2571685617194,13.1602691156156,13.3060583609569,60
"5624",2028,13.3689822635588,13.2399156969578,13.4424988508339,60
"5624",2029,13.5276238435162,13.3573548603003,13.6424588726241,60
"5624",2030,13.6535307555918,13.4469279277818,13.79521927597,60
"5624",2031,13.7490125581866,13.51697117579,13.9054361948665,60
"5624",2032,13.9100513087043,13.6325011446552,14.1008739647314,60
"5624",2033,14.2676657665292,13.8767356561289,14.5555721920361,60
"5624",2034,14.4979810461802,14.0385633886258,14.8453775717889,60
"5624",2035,14.8487370754555,14.2806917070457,15.2993801207215,60
"5624",2036,14.9886465998298,14.3866887783394,15.4610795287767,60
"5624",2037,15.4264085031952,14.6852124466741,16.03643573381,60
"5624",2038,15.926088416564,15.0231823771849,16.7001899146446,60
"5624",2039,16.1962256161381,15.2142422383643,17.0421445974569,60
"5624",2040,16.5651254876333,15.4687033701283,17.5229185260613,60
"5624",2041,16.8877336519265,15.6924812420985,17.9399906357963,60
"5624",2042,17.5913509868055,16.2003032234587,18.8985980827308,60
"5624",2043,17.9029299281792,16.4323620141216,19.2986433725493,60
"5624",2044,18.4336482541929,16.8723127651398,20.0176340228753,60
"5624",2045,19.0658153002489,17.4091936465603,20.8852782544408,60
"5624",2046,19.4760498958945,17.7354337575184,21.4307128862297,60
"5624",2047,19.9888813774908,18.1594614445649,22.1257430900692,60
"5624",2048,20.5329724328138,18.611180743769,22.8715751230222,60
"5624",2049,20.9513944920407,18.9430025736411,23.4330765469306,60
"5624",2050,21.6877672754635,19.569878654488,24.4640972885082,60
"5626",2026,13.3797224626942,13.011609438115,13.4087937479886,60
"5626",2027,13.5689238998223,13.053663591287,13.6130727973686,60
"5626",2028,13.8163583476936,13.144399022965,13.8860125479474,60
"5626",2029,14.0932396081961,13.2593793471904,14.1946730385305,60
"5626",2030,14.4456411544985,13.4372042137571,14.6032052243482,60
"5626",2031,14.8117637289043,13.6257891440043,15.0281733804329,60
"5626",2032,15.0829064847359,13.7329894338217,15.319471223829,60
"5626",2033,15.5125347153025,13.9744041912742,15.8256483688021,60
"5626",2034,15.9385594914521,14.2123047030978,16.3247545628127,60
"5626",2035,16.4056671628743,14.4849756528931,16.8795295061779,60
"5626",2036,16.9945341999032,14.8613145134741,17.6025344472512,60
"5626",2037,17.4747377382375,15.144313017311,18.1710359917486,60
"5626",2038,18.0447955986645,15.5037955599344,18.863565860277,60
"5626",2039,18.5424871511395,15.8009725834249,19.4524705869606,60
"5626",2040,19.2340153753457,16.2651224169385,20.3101350292182,60
"5626",2041,19.6920243304453,16.5274674689546,20.8382158162928,60
"5626",2042,20.3412938224469,16.9541297440866,21.6306582603621,60
"5626",2043,21.2038612485069,17.482366650601,22.7248360698086,60
"5626",2044,21.6616416255943,17.7520367055965,23.2427487039159,60
"5626",2045,22.3307161781712,18.1543071889778,24.0642687373645,60
"5626",2046,23.3792965293666,18.8017714619982,25.4176233305628,60
"5626",2047,23.8337905113514,19.0693647224687,25.9304121767945,60
"5626",2048,24.8628382022555,19.7036693641038,27.2592024494763,60
"5626",2049,25.5839736895362,20.1431011438302,28.1473158951045,60
"5626",2050,26.6902136862085,20.8274582809409,29.5865035252317,60
"5628",2026,18.3919182055979,18.3562009698306,18.5464280653124,60
"5628",2027,18.5784843123096,18.5187650308537,18.8030653494091,60
"5628",2028,18.7964626196396,18.7102673729665,19.100866329556,60
"5628",2029,19.0564440265807,18.9373255209148,19.4406592433079,60
"5628",2030,19.3380663773371,19.1822959210739,19.8027286963179,60
"5628",2031,19.6495705662385,19.4523381650483,20.2042579637161,60
"5628",2032,19.9899002726407,19.7458569638129,20.6468630161542,60
"5628",2033,20.3211982665956,20.0318792901445,21.0817589243967,60
"5628",2034,20.7607208346685,20.4075394561118,21.6557074397907,60
"5628",2035,21.2024049165517,20.7840904468823,22.2524777334466,60
"5628",2036,21.6971362329859,21.2045596698076,22.935299427305,60
"5628",2037,22.0577151180638,21.5135680009568,23.4261655414938,60
"5628",2038,22.5881665089095,21.962197856822,24.1649224384614,60
"5628",2039,23.0676535467546,22.3678055020261,24.8326855751063,60
"5628",2040,23.6669611273849,22.8711724055027,25.6783788833142,60
"5628",2041,24.4141441110243,23.4937597695265,26.7485098835319,60
"5628",2042,24.7789165583431,23.8043528732424,27.2509871835192,60
"5628",2043,25.46923672446,24.3791095892237,28.2417603180195,60
"5628",2044,26.1678469861233,24.9531631970671,29.2482943026759,60
"5628",2045,26.8060247251277,25.464224592551,30.1668004662238,60
"5628",2046,27.3313913244517,25.8912836585011,30.9169740888546,60
"5628",2047,28.2248049654342,26.5881155989308,32.2263601626344,60
"5628",2048,28.7755073962464,27.0314229902487,33.0182929670484,60
"5628",2049,29.8850634685814,27.8770602604582,34.6698085005824,60
"5628",2050,30.6786472331738,28.4940533472549,35.8390144988496,60
"5630",2026,13.7932652285471,13.6467831222731,13.8396001846602,60
"5630",2027,13.7370277006579,13.5340271660184,13.8042108550398,60
"5630",2028,13.741278571389,13.4784958158288,13.8427947177368,60
"5630",2029,13.7229129798205,13.4014358473257,13.8557929927888,60
"5630",2030,13.6811388019458,13.301639508214,13.8359538999308,60
"5630",2031,13.8063937078215,13.3608713266484,14.0417905006249,60
"5630",2032,13.9668903591967,13.4542877054095,14.2983708486254,60
"5630",2033,13.9070144886277,13.3365000176384,14.2506671764835,60
"5630",2034,14.0237469843868,13.3876945708917,14.4457394523643,60
"5630",2035,14.178155131097,13.4749717687902,14.6929286522353,60
"5630",2036,14.3518266263085,13.5807223137891,14.9669898967752,60
"5630",2037,14.5224572527074,13.6840422263815,15.2390867503439,60
"5630",2038,14.7064077207529,13.8008069011862,15.5327321845331,60
"5630",2039,14.8069004118827,13.8363885293333,15.7054944625048,60
"5630",2040,14.8576684424319,13.8245251213174,15.8102159630987,60
"5630",2041,15.3135989957468,14.1596606545912,16.4920835112386,60
"5630",2042,15.3888272063855,14.170439630787,16.6307039601651,60
"5630",2043,15.481230623274,14.1939582094617,16.7974935410882,60
"5630",2044,15.5999263391313,14.2396433657282,16.9979837688232,60
"5630",2045,15.9951348524225,14.505026065262,17.6016050894511,60
"5630",2046,16.1181577222866,14.5530262616266,17.8126494782211,60
"5630",2047,16.2151691783071,14.5802679893539,17.9860179669582,60
"5630",2048,16.5412854027504,14.7902599928982,18.4921313122773,60
"5630",2049,16.7792684807759,14.929885367824,18.8709239712913,60
"5630",2050,17.4691516292173,15.4235884834883,19.9135928323376,60
"5632",2026,17.1577874399578,17.0513769336282,17.195107656836,60
"5632",2027,17.2423101144048,17.0918327230567,17.3002639090845,60
"5632",2028,17.3554169801066,17.1587142931038,17.4430312125856,60
"5632",2029,17.4978488308174,17.2582134805286,17.6246703971964,60
"5632",2030,17.637418775172,17.3544517011509,17.8012505615935,60
"5632",2031,17.8696575621587,17.5417794020851,18.1051514013184,60
"5632",2032,18.1134306428378,17.7209187381011,18.4237767460381,60
"5632",2033,18.351554982446,17.8912855730899,18.7360995791308,60
"5632",2034,18.6835454409324,18.1338263284619,19.1782296390762,60
"5632",2035,18.9514885926679,18.3270779527451,19.5313542921537,60
"5632",2036,19.3117243253869,18.5902093854601,20.0134093298506,60
"5632",2037,19.7985465837335,18.9502902291837,20.6726505639419,60
"5632",2038,20.1711784754886,19.221964527803,21.175191703926,60
"5632",2039,20.610748880348,19.5452450752209,21.7712108757846,60
"5632",2040,21.1162594664621,19.9171380440104,22.4643105915136,60
"5632",2041,21.5468344889005,20.2313689919697,23.0533149140175,60
"5632",2042,21.9468634091728,20.5226165159141,23.5987818530571,60
"5632",2043,22.3935157503183,20.8488177225095,24.2118008020532,60
"5632",2044,22.9752464960872,21.2759739282107,25.0213041901068,60
"5632",2045,23.6090366881919,21.7400954359551,25.9116496803109,60
"5632",2046,23.9497595080762,21.9838994771877,26.378461089779,60
"5632",2047,24.3466830188211,22.2710486982268,26.9243393916127,60
"5632",2048,25.328085352687,22.9520660452878,28.3340494273917,60
"5632",2049,25.8026785362857,23.2815550343093,29.0000065552078,60
"5632",2050,26.4879544837787,23.7500124894155,29.9793398971033,60
"5634",2026,14.1823013943224,14.1707648963205,14.2340055788524,60
"5634",2027,14.2957024527782,14.2700748583114,14.3714808012959,60
"5634",2028,14.3946026338132,14.3595928503301,14.4933519633455,60
"5634",2029,14.5718020353282,14.5072889139995,14.7166755096899,60
"5634",2030,14.6708706569419,14.5985888889052,14.8382570463144,60
"5634",2031,14.8991700594338,14.7846394905374,15.1228687865281,60
"5634",2032,15.1227523686177,14.9673914878499,15.4113238131938,60
"5634",2033,15.3544968610087,15.1559087714877,15.7117193340325,60
"5634",2034,15.6448520381673,15.3866718124377,16.0939428962296,60
"5634",2035,15.9659885877852,15.6386435936566,16.5209355940489,60
"5634",2036,16.414556396972,15.9802257820731,17.1301987162107,60
"5634",2037,16.8133646147891,16.2866953087855,17.6697368972477,60
"5634",2038,17.0949242971719,16.5105823534698,18.0408488122603,60
"5634",2039,17.5878951467647,16.8800495012337,18.7154110026187,60
"5634",2040,17.9092308335449,17.1306524613148,19.1448046992086,60
"5634",2041,18.2939719054506,17.4236011241993,19.6674193192442,60
"5634",2042,18.7423184218701,17.7601350976167,20.2823938983243,60
"5634",2043,19.0004701496903,17.9661884099529,20.6223823110672,60
"5634",2044,19.5494388395035,18.369502824841,21.386878500948,60
"5634",2045,20.015211523662,18.7153770559078,22.0319266708777,60
"5634",2046,20.1572194217048,18.8385044640948,22.2077316506943,60
"5634",2047,20.7308725638039,19.2574635445806,23.011117618329,60
"5634",2048,21.1794450085179,19.5886231184313,23.6359733596677,60
"5634",2049,21.425301134176,19.7845556851444,23.9602560684781,60
"5634",2050,22.0686256623963,20.2468514410818,24.8728974502618,60
"5636",2026,9.88712750732443,9.87506094153901,9.97324396661468,60
"5636",2027,9.87276485374261,9.85240580326637,9.99844588923373,60
"5636",2028,9.83691964940962,9.81163104502606,9.99589738111576,60
"5636",2029,9.8323777635159,9.79833971090286,10.0334514740009,60
"5636",2030,9.88604645536385,9.83651585503169,10.1462495548095,60
"5636",2031,9.87191515192345,9.81489331007494,10.1714720207108,60
"5636",2032,9.94984304993686,9.87333163638992,10.3164747463844,60
"5636",2033,9.92211152430483,9.84072720513732,10.323616066895,60
"5636",2034,10.0118223116547,9.90300050642004,10.4840751632347,60
"5636",2035,10.1280699091608,9.98405390831976,10.6796916966425,60
"5636",2036,10.2245438343332,10.049297783712,10.8495771609996,60
"5636",2037,10.3199099441231,10.1123233723395,11.0219737117692,60
"5636",2038,10.3477263810905,10.1251557959998,11.1011242695337,60
"5636",2039,10.3844908310582,10.1449654399245,11.1930171916627,60
"5636",2040,10.57977421763,10.2851873774513,11.5161893153465,60
"5636",2041,10.6067325225408,10.296374061441,11.5956886571146,60
"5636",2042,10.4946890794949,10.203742884986,11.4695028436606,60
"5636",2043,10.5860608194112,10.265625247388,11.6400496286729,60
"5636",2044,10.6267121868804,10.2873662649538,11.7392841186686,60
"5636",2045,10.6899192636999,10.3280948834702,11.868404910831,60
"5636",2046,10.7461577380173,10.3617330856419,11.9903023365791,60
"5636",2047,10.7208873906086,10.3356130254456,11.9897459492349,60
"5636",2048,10.9384300461328,10.4936931555734,12.3440222062639,60
"5636",2049,11.0547749978521,10.5751515189897,12.5502876794173,60
"5636",2050,11.0635155164446,10.5731123507994,12.602124539838,60
