"kommunenr_2024","år","folk_ialt","demens_estimert","demensandel","y1_predikert","y1_predikert_modell"
"0301",2026,727515,11227.042548,0.0154320427042741,17826.3414716191,19728.4147161909
"0301",2027,732102,11616.132051,0.0158668219059639,17955.0140325828,20087.8293278752
"0301",2028,736558,12043.218051,0.0163506717067767,18115.7681603699,20476.5323449708
"0301",2029,740922,12515.535399,0.0168918393555597,18313.4462798305,20901.8060227318
"0301",2030,745187,13044.882753,0.0175055157336346,18554.8121078354,21374.2484313414
"0301",2031,749367,13573.781956,0.0181136638736427,18832.8225370672,21850.9044767555
"0301",2032,753420,14126.998961,0.0187504963513047,19154.2254140485,22351.0781970723
"0301",2033,757356,14666.838365,0.0193658442859105,19510.9541752056,22845.2184143602
"0301",2034,761203,15215.580934,0.0199888609661286,19909.7078713565,23351.7696783912
"0301",2035,764957,15781.541332,0.0206306254233898,20355.1308355343,23878.1561955069
"0301",2036,768590,16334.719097,0.021252838440521,20837.4289171969,24399.0608783092
"0301",2037,772031,16906.62608,0.0218988953552383,21369.4036330839,24940.6656255296
"0301",2038,775235,17437.559398,0.0224932561068579,21924.4458134041,25450.3560243711
"0301",2039,778210,17953.849089,0.0230706995399699,22512.1020462183,25950.4928446269
"0301",2040,780977,18471.797761,0.0236521661470184,23140.5668871408,26455.9070194252
"0301",2041,783551,18984.801719,0.0242291844678904,23806.683860665,26960.9379028906
"0301",2042,785947,19487.68276,0.0247951614549073,24507.1183322144,27460.8833317348
"0301",2043,788175,20002.816709,0.0253786490424081,25257.0758067146,27977.1366870706
"0301",2044,790249,20525.185091,0.0259730605049801,26055.3250402425,28505.7419874096
"0301",2045,792189,21067.232774,0.0265936951586048,26913.9349095271,29059.8429655718
"0301",2046,794016,21613.968271,0.027221073972061,27824.1200540816,29625.7294753901
"0301",2047,795750,22153.308784,0.0278395335017279,28776.7823114482,30191.6561255754
"0301",2048,797405,22694.224573,0.0284600981596554,29780.5560720201,30766.952510292
"0301",2049,798996,23258.081917,0.0291091343598716,30858.7455631061,31374.7356499804
"0301",2050,800540,23856.755055,0.0298008282596747,32029.4828258059,32029.4828258059
"1101",2026,14615,350.137565,0.0239574112213479,619.775641247739,707.756412477386
"1101",2027,14634,362.415007,0.0247652731310646,625.722356087233,724.344407907148
"1101",2028,14653,373.692581,0.0255028035897086,632.734243579459,739.909963311196
"1101",2029,14672,389.277067,0.0265319702153762,642.257260983964,761.798875218655
"1101",2030,14690,406.170958,0.0276494865895167,654.039623026554,786.158492106215
"1101",2031,14708,422.379831,0.0287176931601849,667.561429102626,810.213666443916
"1101",2032,14725,436.724036,0.0296586781663837,682.174879402089,832.076552006427
"1101",2033,14742,453.651201,0.0307727039072039,700.095838387868,858.540243828602
"1101",2034,14758,468.952516,0.0317761563897547,719.254855862933,883.137139657331
"1101",2035,14775,483.849235,0.0327478331641286,740.251651077078,907.718059604751
"1101",2036,14792,496.919862,0.0335938251757707,761.911265096874,929.813189677629
"1101",2037,14808,517.375208,0.0349388984332793,792.108706170774,965.334060821021
"1101",2038,14821,532.346055,0.0359183627960327,820.177207419823,992.140377126951
"1101",2039,14833,546.046121,0.0368129253016922,849.277565301702,1017.28096221566
"1101",2040,14843,557.333576,0.0375485802061578,877.775620848711,1038.44099335794
"1101",2041,14851,569.107999,0.0383211904248872,908.760157939176,1060.95872896479
"1101",2042,14858,583.944839,0.0393017121416072,946.006098405523,1090.00871200789
"1101",2043,14863,599.156002,0.0403119156294153,986.569842114805,1120.60317574889
"1101",2044,14867,609.350898,0.0409868095782606,1021.96692840251,1141.57023019679
"1101",2045,14869,617.469062,0.0415272756742215,1055.69663158458,1158.54970041179
"1101",2046,14870,625.967895,0.0420960252185609,1091.61262859637,1176.60309246632
"1101",2047,14869,639.284993,0.0429944846997108,1138.49560509525,1205.48800574113
"1101",2048,14867,651.233098,0.0438039347548261,1185.37493753057,1232.02695949251
"1101",2049,14862,660.846633,0.0444655250302786,1229.72249072941,1253.86752283575
"1101",2050,14856,671.633004,0.0452095452342488,1278.85953069625,1278.85953069625
"1103",2026,147630,2615.613179,0.0177173554087923,5109.24380200243,5444.43802002433
"1103",2027,148116,2715.199783,0.0183315764873478,5138.26656261995,5553.93863723599
"1103",2028,148604,2824.699342,0.0190082322279346,5177.56700691931,5675.24003953889
"1103",2029,149098,2943.817047,0.0197441752873949,5228.54366233413,5808.67605804295
"1103",2030,149593,3071.548418,0.0205327015167822,5292.42302940622,5953.69211762488
"1103",2031,150088,3208.378752,0.0213766507115825,5370.83423180666,6111.4234149797
"1103",2032,150574,3339.063219,0.0221755629723591,5459.80551466777,6265.2477374393
"1103",2033,151054,3482.002283,0.0230513742304077,5566.45173263897,6436.0047796937
"1103",2034,151530,3622.754845,0.0239078390087771,5686.28527990403,6607.71319976007
"1103",2035,152002,3768.570045,0.0247928977579242,5823.19183498611,6789.00990853968
"1103",2036,152467,3921.794296,0.0257222500344337,5979.84902086239,6983.26109655239
"1103",2037,152915,4052.308078,0.0265003961547265,6138.44517295591,7152.86863015788
"1103",2038,153336,4200.593565,0.0273946989943653,6323.97115826845,7348.31119685173
"1103",2039,153730,4340.225153,0.0282327792428283,6519.7371824868,7536.2335021052
"1103",2040,154101,4481.119678,0.029079108363995,6732.92699056214,7729.48318489943
"1103",2041,154446,4626.038556,0.0299524659492638,6966.82237503075,7932.10924532943
"1103",2042,154769,4744.463879,0.0306551304137133,7192.53181401639,8101.33116288056
"1103",2043,155069,4880.771161,0.031474834821918,7452.02406720202,8299.15127756206
"1103",2044,155349,5018.3405,0.0323036549961699,7730.84939343092,8502.7734108786
"1103",2045,155608,5151.418055,0.0331050977777492,8022.78486039804,8703.73521279759
"1103",2046,155847,5285.62194,0.0339154551579434,8334.66440865758,8910.42871606775
"1103",2047,156067,5406.25349,0.0346405933989889,8646.74637752681,9099.88324228373
"1103",2048,156268,5530.449745,0.0353908013476847,8981.53617174317,9298.5255910737
"1103",2049,156451,5660.183414,0.0361786336552659,9343.64806983721,9510.07591671398
"1103",2050,156617,5789.803957,0.0369679150858464,9725.75175990029,9725.75175990029
"1106",2026,38292,791.406288,0.0206676665622062,1202.89168342854,1327.91683428541
"1106",2027,38483,815.491614,0.0211909574097653,1211.62954597674,1353.57851619444
"1106",2028,38669,846.068694,0.021879766583051,1223.4257179044,1385.71838802512
"1106",2029,38851,874.032086,0.0224970293171347,1237.17335469172,1415.69813972576
"1106",2030,39028,906.648182,0.0232307108229989,1254.41845480611,1450.67381922443
"1106",2031,39202,942.2123,0.0240348017958267,1275.30889109163,1489.20483857959
"1106",2032,39371,970.794183,0.0246575952604709,1296.91694278361,1521.05213164189
"1106",2033,39535,1010.458204,0.0255585735171367,1325.33498337667,1565.09650586667
"1106",2034,39696,1043.159848,0.0262787144296655,1354.36151438251,1602.40378595628
"1106",2035,39853,1081.544707,0.0271383511153489,1389.2063787894,1646.61458009006
"1106",2036,40008,1119.994303,0.0279942587232553,1427.81268432774,1691.76354595314
"1106",2037,40158,1150.329328,0.0286450851138005,1465.38463203612,1728.28708689974
"1106",2038,40302,1189.929557,0.0295253227383256,1512.01948818802,1776.30816034186
"1106",2039,40440,1227.351021,0.0303499263353116,1561.25324752909,1822.62254898569
"1106",2040,40570,1264.874445,0.0311775806014296,1614.56777692184,1869.90844307495
"1106",2041,40694,1300.128848,0.0319489076522337,1670.10502708427,1915.19626729701
"1106",2042,40812,1330.560981,0.032602199867686,1725.212599831,1955.01799975857
"1106",2043,40923,1365.169562,0.0333594692959949,1787.80096632807,2000.93351366518
"1106",2044,41029,1400.878372,0.0341436148090375,1855.61858541149,2049.15301343418
"1106",2045,41129,1434.823634,0.0348859353254395,1925.8077288907,2095.84028171163
"1106",2046,41223,1467.61986,0.0356019663779929,1998.83068253701,2141.74197945531
"1106",2047,41312,1498.318492,0.0362683600890782,2073.33551066797,2185.43437821743
"1106",2048,41395,1529.960223,0.0369600247131296,2153.04455482974,2231.21032954567
"1106",2049,41472,1567.693612,0.0378012541473765,2245.67685190286,2286.84607989907
"1106",2050,41545,1602.724527,0.0385780365146227,2339.55048246821,2339.55048246821
"1108",2026,84545,1300.331459,0.0153803472588562,2056.08820869176,2362.88208691761
"1108",2027,85301,1357.999476,0.0159200885804387,2076.60087980506,2419.09730767319
"1108",2028,86039,1416.836845,0.016467379269866,2101.52760127563,2476.44343586075
"1108",2029,86762,1480.631594,0.0170654387174108,2131.65206923694,2538.0097375856
"1108",2030,87468,1547.932586,0.0176971302190515,2167.19725848075,2602.78903392299
"1108",2031,88158,1622.652999,0.0184061911454434,2209.49546042208,2674.15812320723
"1108",2032,88833,1697.49987,0.0191088882509878,2257.42314351648,2746.37890312764
"1108",2033,89492,1774.876881,0.0198327993675412,2311.81979366553,2821.50287907732
"1108",2034,90140,1854.578157,0.0205744193143998,2373.02420742721,2899.56051856803
"1108",2035,90779,1931.607873,0.0212781356150652,2439.49445501585,2976.27304003622
"1108",2036,91408,2015.008484,0.0220441152196744,2514.89894559633,3059.68199072911
"1108",2037,92023,2097.577348,0.0227940552687915,2596.73594233056,3143.43598503524
"1108",2038,92618,2179.703969,0.0235343450409208,2685.18884416655,3227.79789848463
"1108",2039,93194,2263.181175,0.0242846232053566,2781.3481869516,3314.50755225804
"1108",2040,93750,2347.666418,0.0250417751253333,2885.32735952848,3403.32377524557
"1108",2041,94287,2428.760938,0.0257592344437727,2994.51110641272,3489.94129269844
"1108",2042,94803,2513.726099,0.0265152590002426,3113.71411636441,3581.5915948063
"1108",2043,95299,2595.889719,0.0272394224388504,3238.58055257388,3671.60074925272
"1108",2044,95772,2679.114279,0.0279738783673725,3371.98397187457,3763.9148024188
"1108",2045,96221,2771.431556,0.0288027723262074,3521.36085400194,3867.36720492547
"1108",2046,96646,2850.110384,0.029490205326656,3667.09625461969,3957.4073583761
"1108",2047,97046,2937.773412,0.0302719680563856,3829.63604222544,4058.77300532444
"1108",2048,97420,3021.583609,0.031016050184767,3997.16284805871,4157.3111870905
"1108",2049,97769,3109.877069,0.0318084164612505,4178.63328782516,4262.65796137679
"1108",2050,98092,3198.470042,0.0326068389063328,4370.17674285309,4370.17674285309
"1111",2026,3144,90.60606,0.0288187213740458,171.184130683962,181.841306839617
"1111",2027,3131,92.739239,0.0296196866815714,172.070545454172,185.058512393975
"1111",2028,3118,94.956035,0.0304541484926235,173.237539986431,188.500228493893
"1111",2029,3105,98.395424,0.0316893475040258,175.120547107451,194.096692270355
"1111",2030,3092,101.75629,0.0329095375161708,177.443657147083,199.774628588333
"1111",2031,3078,106.065162,0.0344591169590643,180.749378643525,207.389143107914
"1111",2032,3065,109.107841,0.0355979905383361,183.968091105235,212.978741862263
"1111",2033,3052,113.570281,0.0372117565530799,188.684965327613,221.544731938242
"1111",2034,3040,117.570484,0.0386745013157895,193.834574167865,229.586435419664
"1111",2035,3029,120.271345,0.0397066176956091,198.541102781177,235.236806356975
"1111",2036,3018,127.114868,0.0421189092113983,208.094004469819,250.197904146988
"1111",2037,3008,129.748073,0.0431343327792553,214.238059825731,256.318165513622
"1111",2038,2998,134.038937,0.0447094519679787,223.126567363484,266.593758842698
"1111",2039,2989,138.203637,0.0462374161927066,232.872597515678,277.017187260728
"1111",2040,2979,141.766042,0.04758846659953,242.733916499703,286.374266399525
"1111",2041,2970,145.312582,0.0489267952861953,253.502706848275,296.041821657773
"1111",2042,2960,147.840515,0.0499461199324324,263.309463207332,303.299233153332
"1111",2043,2950,151.356512,0.0513072922033898,275.919506927764,313.619670410528
"1111",2044,2939,153.660883,0.0522833899285471,286.882205253494,320.815748714186
"1111",2045,2928,156.123711,0.0533209395491803,298.958935702177,328.718690094987
"1111",2046,2917,157.807001,0.0540990747343161,309.786532414967,334.454744017609
"1111",2047,2905,160.67223,0.0553088571428571,324.57307812901,344.166848596067
"1111",2048,2893,161.715692,0.0558989602488766,334.894115293404,348.263908425301
"1111",2049,2880,163.381742,0.0567297715277778,347.662292442162,354.584199939909
"1111",2050,2867,165.962171,0.0578870495291245,364.216251597747,364.216251597747
"1112",2026,3238,82.443527,0.0254612498455837,210.565529495667,170.655294956667
"1112",2027,3248,86.05502,0.0264947721674877,209.642859087469,176.038975181593
"1112",2028,3257,88.68898,0.0272302671169788,208.888377659306,180.076443767463
"1112",2029,3265,91.313927,0.0279675120980092,208.445953492387,184.15742819947
"1112",2030,3273,94.620765,0.0289094912923923,208.594092263085,189.376369052338
"1112",2031,3281,101.120231,0.0308199423956111,210.662999169895,199.914779721375
"1112",2032,3288,103.099884,0.0313564124087591,211.18833280938,203.271793259632
"1112",2033,3295,105.530033,0.0320273241274659,212.258691873529,207.437770685598
"1112",2034,3301,109.187682,0.0330771529839443,214.522328607805,213.805821519513
"1112",2035,3308,114.869437,0.0347247391172914,218.951082313052,224.031045286977
"1112",2036,3314,120.665625,0.0364108705491853,224.46124201688,234.918404246062
"1112",2037,3321,121.905179,0.0367073709725986,226.43470832653,237.311626002984
"1112",2038,3327,127.219866,0.0382386131650135,233.040823499116,247.80149727112
"1112",2039,3332,132.795278,0.039854525210084,241.008694634441,259.270118526708
"1112",2040,3337,135.411365,0.0405787728498651,246.124929114113,264.79988658258
"1112",2041,3342,140.690848,0.0420978001196888,255.630023220013,276.328336935869
"1112",2042,3346,145.311136,0.0434283132098027,265.263245531107,286.804636473011
"1112",2043,3349,146.732627,0.0438138629441624,270.366593654163,290.073347327679
"1112",2044,3352,151.771259,0.0452778218973747,282.478770557241,302.069381364182
"1112",2045,3355,155.324068,0.046296294485842,292.830043774301,310.790823106832
"1112",2046,3357,157.251669,0.0468429159964254,300.519874102835,315.611616591571
"1112",2047,3358,161.132204,0.0479845753424658,313.170182147037,325.61428974314
"1112",2048,3359,161.816713,0.0481740735337898,318.957306669461,327.386277480498
"1112",2049,3358,166.722249,0.0496492701012507,335.911620053148,340.622462392881
"1112",2050,3358,167.676668,0.0499334925550923,343.253163236291,343.253163236291
"1114",2026,2812,51.390008,0.0182752517780939,136.238591868962,129.385918689621
"1114",2027,2827,53.200043,0.0188185507605235,136.312938490171,132.003189019423
"1114",2028,2841,57.507029,0.020241826469553,137.151795885917,137.867405062384
"1114",2029,2854,60.533099,0.0212099155571128,138.099810412096,142.175578409865
"1114",2030,2868,64.102483,0.0223509354951186,139.588657882705,147.35463153082
"1114",2031,2882,64.823481,0.0224925333102012,140.347239968428,148.642573803229
"1114",2032,2896,69.607991,0.0240359084944751,143.089479801166,155.736860926664
"1114",2033,2910,74.922494,0.0257465615120275,146.753575633605,163.906415540979
"1114",2034,2923,76.951686,0.0263262695860417,149.097009833126,167.242524582816
"1114",2035,2937,80.771585,0.0275013908750426,152.957715935321,173.474779280733
"1114",2036,2951,84.101805,0.0284994256184344,156.985497568491,179.074731723139
"1114",2037,2965,87.300614,0.0294437146711636,161.386064429494,184.582564740477
"1114",2038,2979,90.888976,0.0305098945955018,166.636383402106,190.884333458374
"1114",2039,2993,95.05696,0.0317597594386903,173.061228190289,198.380813940917
"1114",2040,3007,97.997732,0.0325898676421683,178.773697315871,203.837915705394
"1114",2041,3020,101.584221,0.0336371592715232,185.763815022081,210.605758523895
"1114",2042,3032,104.516337,0.0344710874010554,192.48889984838,216.269856926258
"1114",2043,3044,106.429269,0.0349636231931669,198.241986145241,220.039981213886
"1114",2044,3055,110.868836,0.0362909446808511,208.233164182064,228.913760234922
"1114",2045,3065,112.969026,0.0368577572593801,215.173824537313,233.213937892077
"1114",2046,3074,116.385447,0.037861238451529,224.838322501082,240.339202942449
"1114",2047,3082,118.964597,0.0385998043478261,233.587099167942,245.830534273737
"1114",2048,3089,120.395698,0.0389756225315636,240.5150533732,248.908165808865
"1114",2049,3095,125.589866,0.0405783088852989,255.819699928592,260.449038886849
"1114",2050,3100,126.441907,0.0407877119354839,262.352677714447,262.352677714447
"1119",2026,19400,357.478584,0.0184267311340206,620.841054083662,664.41054083662
"1119",2027,19512,371.891587,0.0190596344300943,624.771574364302,679.793268104016
"1119",2028,19619,391.737569,0.0199672546511035,630.791340836562,700.521947637497
"1119",2029,19722,413.016798,0.0209419327654396,638.743041125173,723.026075883168
"1119",2030,19822,430.309827,0.0217086987690445,647.483139687892,741.932558751566
"1119",2031,19919,447.752191,0.0224786480747025,657.76368810232,761.265002095024
"1119",2032,20014,467.822574,0.0233747663635455,670.494860664482,783.676494352251
"1119",2033,20109,490.817927,0.0244078734397533,686.225891955247,809.726598497232
"1119",2034,20204,514.094514,0.0254451848148881,704.287670442867,836.719176107167
"1119",2035,20300,534.774903,0.0263435912807882,723.358182884942,861.39013230844
"1119",2036,20398,554.943013,0.0272057561035396,744.243373984119,885.986050492882
"1119",2037,20494,574.461949,0.0280307382160632,766.807067699595,910.25769307238
"1119",2038,20589,596.097563,0.0289522348341347,792.866008421179,937.574560765779
"1119",2039,20682,620.409953,0.0299975801663282,823.293383383745,968.839801504246
"1119",2040,20772,640.099095,0.0308154773252455,852.774360739534,994.838977183254
"1119",2041,20858,657.558303,0.0315254723846965,882.551652051131,1018.34211630359
"1119",2042,20942,677.304565,0.0323419236462611,916.503748969669,1045.29106995667
"1119",2043,21022,697.976635,0.0332021993625725,953.778774548736,1074.00511803218
"1119",2044,21098,719.522892,0.0341038435870699,994.602166983477,1104.51892513997
"1119",2045,21170,736.971817,0.0348120839395371,1033.41409208249,1129.7404210246
"1119",2046,21236,752.770414,0.0354478439442456,1072.39378891109,1152.93386930717
"1119",2047,21298,771.386956,0.0362187508686262,1117.15574144342,1180.68252557005
"1119",2048,21356,785.568185,0.0367844252200787,1158.20288927957,1202.16528570765
"1119",2049,21408,806.76272,0.0376851046337818,1211.62772565464,1234.83400068014
"1119",2050,21457,825.652195,0.0384793864473132,1264.5584471456,1264.5584471456
"1120",2026,20591,349.683849,0.0169823636054587,786.864187207567,830.64187207567
"1120",2027,20735,364.97502,0.0176018818422956,791.431955632906,850.59604096659
"1120",2028,20875,383.340048,0.0183635951137725,798.131319831533,874.178970465905
"1120",2029,21013,403.290817,0.0191924435825441,807.058796553134,899.923748485337
"1120",2030,21150,424.754443,0.0200829523877069,818.472595203271,927.890380813084
"1120",2031,21285,439.4754,0.0206471881606765,829.778137838997,948.184827266076
"1120",2032,21419,458.783087,0.0214194447453196,844.500659772448,974.309722376764
"1120",2033,21553,477.039373,0.0221333166148564,860.856193328282,999.534326422847
"1120",2034,21686,497.154313,0.0229251274093885,880.1961969099,1027.49049227475
"1120",2035,21820,517.307934,0.0237079713107241,901.866646512928,1055.98090631526
"1120",2036,21955,535.536121,0.0243924445912093,924.682319411774,1082.38383034058
"1120",2037,22088,552.960668,0.0250344380659181,949.090217364477,1108.02969241849
"1120",2038,22219,570.192326,0.0256623757144786,975.439709682663,1133.70856305939
"1120",2039,22348,589.373511,0.0263725394218722,1005.49840693064,1162.42282030748
"1120",2040,22473,609.318891,0.0271133756507809,1038.62643866029,1192.60230185647
"1120",2041,22594,625.418268,0.0276807235549261,1070.57145636943,1217.57955678404
"1120",2042,22710,643.712977,0.0283449131219727,1106.82289249993,1246.03270357133
"1120",2043,22823,660.079916,0.0289216981115541,1143.32855584254,1271.93702487124
"1120",2044,22931,679.112227,0.0296154649600977,1185.14098958852,1302.1819220497
"1120",2045,23034,700.515422,0.0304122350438482,1232.57061007925,1336.54844317447
"1120",2046,23132,720.878264,0.0311636807885181,1281.64397833514,1369.81644510016
"1120",2047,23225,743.471515,0.0320116906350915,1336.91712966342,1407.25873764892
"1120",2048,23312,765.782395,0.0328492791266301,1395.20251057613,1444.92163305528
"1120",2049,23393,789.623879,0.0337547077758304,1459.52067783054,1485.91758735641
"1120",2050,23469,819.601523,0.0349227288337807,1538.63077919213,1538.63077919213
"1121",2026,19833,362.776324,0.01829155064791,625.222254768551,717.222547685508
"1121",2027,20018,376.380856,0.0188021208911979,631.360713410907,733.987006624779
"1121",2028,20199,393.940768,0.019502983712065,639.466481790806,754.808467376037
"1121",2029,20377,411.582424,0.0201983817048633,649.197457942817,775.92921384855
"1121",2030,20550,427.946952,0.0208246691970803,660.223943320244,795.895773280974
"1121",2031,20721,448.088432,0.0216248459051204,673.963531676752,820.090544962616
"1121",2032,20889,467.169513,0.0223643790033032,689.248275441946,843.456232129064
"1121",2033,21055,484.433509,0.0230080032771313,705.661363593395,865.10031336109
"1121",2034,21219,505.934665,0.023843473537867,725.7120282086,891.780070521501
"1121",2035,21383,527.850269,0.0246855104054623,748.171117592349,919.39112592537
"1121",2036,21547,549.905183,0.0255211947370864,773.003214297451,947.638345889372
"1121",2037,21709,570.649616,0.026286315168824,799.368419961944,974.743258462331
"1121",2038,21868,590.003699,0.0269802313426011,827.024920919131,1000.4998562166
"1121",2039,22023,613.654144,0.0278642393860964,859.983275171431,1031.99280880244
"1121",2040,22174,637.604823,0.0287546145485704,895.884875634606,1064.41580101537
"1121",2041,22319,657.469932,0.029457857968547,930.990106334157,1091.96619824024
"1121",2042,22459,679.981545,0.0302765726434837,970.907358725663,1123.4390838938
"1121",2043,22591,700.400264,0.0310035086538887,1011.40498498547,1152.49828472606
"1121",2044,22717,724.066446,0.0318733303693269,1057.9411324047,1186.53694503832
"1121",2045,22836,743.317797,0.0325502626116658,1102.345278096,1214.80957304123
"1121",2046,22948,765.114505,0.0333412282116089,1152.35864521308,1247.18664142715
"1121",2047,23054,784.783294,0.0340410902229548,1202.44526039782,1276.91015256093
"1121",2048,23152,806.743938,0.0348455398237733,1258.40028448894,1310.56787512318
"1121",2049,23244,828.028589,0.0356233259765961,1316.44241476655,1343.7713400172
"1121",2050,23331,848.997821,0.0363892598259826,1377.05735987954,1377.05735987954
"1122",2026,12545,178.540406,0.0142319972897569,460.418520312336,437.18520312336
"1122",2027,12648,188.623811,0.0149133310404807,461.072147285668,448.979252986674
"1122",2028,12748,202.656319,0.0158971069187323,463.304780047765,464.741600272942
"1122",2029,12846,213.028565,0.0165832605480305,465.994915691735,477.093720902281
"1122",2030,12940,222.060879,0.0171608098145286,469.289276734931,488.157106939723
"1122",2031,13032,236.167141,0.0181220949201964,474.95660827218,504.588202685842
"1122",2032,13122,248.07584,0.0189053376009755,481.186929518447,518.959783133684
"1122",2033,13211,264.208081,0.0199990977972901,490.252678438042,538.179802587701
"1122",2034,13299,278.416107,0.0209351159485676,500.066662068254,555.666655170635
"1122",2035,13387,290.36803,0.0216902987973407,510.204152802436,570.895206405568
"1122",2036,13475,304.46952,0.0225951406307978,522.800888118441,588.89660656514
"1122",2037,13561,319.56838,0.0235652518250866,537.529868719183,608.424134086212
"1122",2038,13646,334.468985,0.0245104048805511,553.806850228329,628.103364051508
"1122",2039,13729,351.074161,0.0255717212469954,573.062971365089,650.341227855471
"1122",2040,13811,364.889297,0.0264201938310043,592.015681397386,669.425090235818
"1122",2041,13890,378.592177,0.0272564562275018,612.505198449642,688.668224074932
"1122",2042,13967,395.006175,0.0282813900622897,637.27688943898,711.966984912829
"1122",2043,14041,408.431056,0.0290884592265508,661.053755453406,731.547465021568
"1122",2044,14111,425.586905,0.0301599394089717,690.718299220346,756.830063510124
"1122",2045,14177,440.209643,0.0310509729138746,719.695032262691,778.932347400235
"1122",2046,14238,455.961928,0.0320242961090041,752.143099243099,803.168352050704
"1122",2047,14295,469.942219,0.0328745868485484,784.416062388536,825.158943536378
"1122",2048,14347,483.936116,0.0337308228898027,818.735767264437,847.579207853446
"1122",2049,14395,501.2386,0.0348203265022577,860.38583550788,875.868400527667
"1122",2050,14437,514.891847,0.0356647396966129,898.73344375176,898.73344375176
"1124",2026,29290,483.644678,0.0165122798907477,897.306782432248,999.067824322483
"1124",2027,29517,507.64819,0.0171985022190602,905.206982427827,1025.68714492965
"1124",2028,29736,529.377346,0.0178025741861716,914.758100370196,1050.33200211541
"1124",2029,29952,552.097176,0.0184327315705128,926.409547203054,1076.1625750732
"1124",2030,30163,575.329552,0.0190740162450685,940.180100639564,1102.72040255826
"1124",2031,30370,599.345358,0.0197347829436944,956.243571855443,1130.32546732328
"1124",2032,30572,626.351189,0.0204877400562606,975.463603960581,1161.27262757102
"1124",2033,30771,649.546737,0.021109055181827,995.712623160654,1188.65551216732
"1124",2034,30967,678.519904,0.0219110635192301,1020.59202712558,1222.48006781394
"1124",2035,31161,706.239135,0.0226641999614903,1047.6449276109,1255.47412025348
"1124",2036,31353,731.67159,0.0233365735336331,1076.19526583963,1286.41108597817
"1124",2037,31539,762.182883,0.0241663617426044,1110.18669288673,1323.43744953509
"1124",2038,31719,788.257469,0.0248512711308679,1144.44326330456,1355.89684237193
"1124",2039,31893,818.822183,0.0256740407926504,1184.47278386742,1394.03878105094
"1124",2040,32060,849.480458,0.0264965832189644,1227.80583356092,1432.88933369746
"1124",2041,32221,880.815649,0.0273366949815338,1275.02590434454,1473.20891221818
"1124",2042,32376,912.316234,0.0281787816283667,1325.89786791555,1514.42552559364
"1124",2043,32524,941.750439,0.0289555540216456,1378.41054954866,1553.67532142192
"1124",2044,32665,978.726513,0.0299625444053268,1442.08538246337,1603.52952575919
"1124",2045,32798,1012.650649,0.030875378041344,1507.02417821217,1650.33745010728
"1124",2046,32923,1045.936101,0.0317691614069192,1575.51639926793,1697.19576384462
"1124",2047,33040,1079.448034,0.032670945338983,1648.64188890151,1745.31480439607
"1124",2048,33148,1111.273671,0.033524606944612,1724.00625588758,1791.95270906766
"1124",2049,33247,1149.449631,0.0345730330856919,1812.92790634331,1849.04198061642
"1124",2050,33338,1183.065036,0.0354869829023937,1900.54460553955,1900.54460553955
"1127",2026,11867,237.544137,0.0200172020729755,364.269140256039,393.691402560386
"1127",2027,11941,247.868902,0.02075780102169,366.935612653859,404.168092028062
"1127",2028,12016,260.091785,0.021645454810253,370.729507376141,416.597185006523
"1127",2029,12089,269.694092,0.0223090488874183,374.966517610042,426.724788753138
"1127",2030,12160,280.956003,0.0231049344572368,380.394626959023,438.578507836092
"1127",2031,12230,291.838342,0.0238624973017171,386.657070380753,450.241983933053
"1127",2032,12298,302.722093,0.0246155548056595,393.847420157975,462.068985101461
"1127",2033,12364,316.134415,0.0255689433031381,402.938872458494,476.69344126481
"1127",2034,12429,327.218054,0.026326981575348,412.253540082401,489.133850206002
"1127",2035,12493,341.341828,0.0273226469222765,424.036499754039,505.083428009233
"1127",2036,12557,348.273359,0.0277353953173529,433.37798337187,513.374701835516
"1127",2037,12620,361.938991,0.0286797932646593,447.258865112784,529.309980707871
"1127",2038,12683,377.041873,0.0297281300165576,463.445119300261,547.263853273202
"1127",2039,12744,390.093295,0.0306099572347771,479.780674106594,563.179870819735
"1127",2040,12805,404.141945,0.0315612608356111,498.272771778802,580.636434846083
"1127",2041,12863,416.778454,0.0324013413667107,517.139195681751,596.681804802643
"1127",2042,12920,429.940196,0.0332771049535604,537.892198016489,613.703140023555
"1127",2043,12973,444.281197,0.0342466042549911,561.309627622476,632.60627474234
"1127",2044,13023,458.294323,0.0351911481993396,586.130027910112,651.490358593693
"1127",2045,13070,474.909747,0.0363358643458301,615.652689963183,674.418695339303
"1127",2046,13113,489.714615,0.0373457343857241,645.230777808899,695.38915036341
"1127",2047,13152,502.371767,0.0381973667122871,674.041051927283,713.722312030741
"1127",2048,13187,516.789616,0.0391893240312429,707.03986107977,735.097147113265
"1127",2049,13219,532.135426,0.0402553465466374,743.549544338678,758.454072040185
"1127",2050,13247,549.01587,0.041444543670265,784.925053984056,784.925053984056
"1130",2026,13070,286.333295,0.0219076736801836,398.15780671683,462.578067168298
"1130",2027,13121,297.462044,0.0226706839417727,402.422682187226,474.074052270736
"1130",2028,13170,310.210844,0.0235543541381929,407.863667421071,487.363813834692
"1130",2029,13217,324.364684,0.0245414756752667,414.661481169396,502.34814667951
"1130",2030,13262,333.738233,0.0251650002262102,421.409551862032,512.638207448127
"1130",2031,13306,345.853184,0.0259922729595671,429.808662948292,525.986653733191
"1130",2032,13348,360.230982,0.0269876372490261,440.09342586048,542.056694955324
"1130",2033,13390,375.747022,0.0280617641523525,452.191600345956,559.804414747465
"1130",2034,13430,388.577597,0.0289335515264334,464.553650917638,574.884127294094
"1130",2035,13471,397.651596,0.0295190851458689,476.247539865807,585.851519693273
"1130",2036,13512,412.655278,0.0305399110420367,492.221942690946,604.098826717781
"1130",2037,13553,426.776838,0.0314894737696451,509.238006436849,621.708305242631
"1130",2038,13593,441.741137,0.0324976927094828,528.387135822666,640.794792404847
"1130",2039,13633,452.336002,0.0331794910878017,545.895268217411,654.651520370061
"1130",2040,13671,461.840097,0.0337824663155585,563.67440549702,667.279048795231
"1130",2041,13709,472.491009,0.034465753081917,583.539122881535,681.625091141939
"1130",2042,13747,486.879828,0.0354171694187823,608.242274938125,701.346107054464
"1130",2043,13784,500.779631,0.0363305013784097,634.254304096645,720.836344537823
"1130",2044,13819,514.622513,0.0372402136912946,662.004394238696,740.683089340253
"1130",2045,13853,522.827011,0.0377410677109651,684.832913376311,752.640508770845
"1130",2046,13886,534.22365,0.0384721049978396,712.734374129094,769.511028387169
"1130",2047,13916,545.954039,0.0392321097298074,742.629897186866,787.202701055623
"1130",2048,13945,559.059847,0.0400903439942632,776.154805773771,807.383573809482
"1130",2049,13970,572.657439,0.040991942662849,812.395492718898,828.813498928725
"1130",2050,13993,580.82635,0.0415083506038734,841.864187682014,841.864187682014
"1133",2026,2532,73.525517,0.0290385138230648,108.332470894669,120.324708946689
"1133",2027,2538,80.027893,0.0315318727344366,110.029267251957,129.031034559691
"1133",2028,2544,80.594946,0.0316804033018868,110.999995915464,129.857119516936
"1133",2029,2550,84.193354,0.0330170015686274,112.941272751335,134.958930594518
"1133",2030,2556,88.110823,0.0344721529733959,115.427808739877,140.711234959508
"1133",2031,2562,92.166682,0.0359745050741608,118.469948308281,146.895472376628
"1133",2032,2568,96.162017,0.0374462683021807,122.022716430366,153.223742862666
"1133",2033,2574,100.073048,0.038878418026418,126.086523321199,159.652478127446
"1133",2034,2579,104.881333,0.0406674420317953,131.359874164735,167.899685411837
"1133",2035,2585,107.883901,0.0417345845261122,135.972327252817,173.222462292154
"1133",2036,2590,111.95825,0.0432271235521236,142.013680455107,180.713011484436
"1133",2037,2595,115.170933,0.0443818624277457,147.903018919888,186.810768624171
"1133",2038,2600,118.058425,0.0454070865384615,153.990752318545,192.437731488264
"1133",2039,2604,121.652937,0.0467177177419355,161.457825017755,199.694170242987
"1133",2040,2609,124.751898,0.0478159823687236,168.946837247336,206.114939595738
"1133",2041,2612,126.862031,0.0485689245788668,175.635527017945,210.600795498785
"1133",2042,2616,128.823137,0.0492443184250765,182.470420177586,214.81488596798
"1133",2043,2619,130.640308,0.0498817518136693,189.455605314291,218.804210595649
"1133",2044,2621,132.185772,0.0504333353681801,196.330544350132,222.265218516299
"1133",2045,2624,134.237317,0.0511575141006098,204.438755566563,226.92462223577
"1133",2046,2625,134.968513,0.0514165763809524,210.367318949337,228.608610528632
"1133",2047,2627,136.732665,0.0520489779215836,218.587928612395,232.732877309741
"1133",2048,2627,138.089452,0.0525654556528359,226.333720087257,236.009427121359
"1133",2049,2628,140.168103,0.0533364166666667,236.05024965629,241.07818146108
"1133",2050,2628,141.039491,0.0536679950532725,243.251696533863,243.251696533863
"1134",2026,3734,105.00018,0.028120026780932,184.220036348739,222.200363487393
"1134",2027,3730,108.390726,0.0290591758713137,186.555629114398,227.677302650168
"1134",2028,3726,111.13576,0.0298270960815888,189.136783566216,232.21019180695
"1134",2029,3723,115.478455,0.0310175812516788,192.669661710809,239.621937462628
"1134",2030,3719,119.574489,0.0321523229362732,196.707724091599,246.830896366398
"1134",2031,3716,124.288991,0.0334469835844995,201.685604721887,255.428190336998
"1134",2032,3713,130.433883,0.0351289746835443,208.31096663813,267.110666578861
"1134",2033,3710,134.565388,0.0362709940700809,214.536906802704,275.274225662631
"1134",2034,3707,141.177055,0.0380839101699487,223.55440535406,288.88601338515
"1134",2035,3704,145.67433,0.0393289227861771,231.863808068725,298.545847014229
"1134",2036,3701,149.178093,0.0403075095920022,239.997934263032,306.311440553751
"1134",2037,3699,154.861115,0.0418656704514734,251.408953646096,319.334543699699
"1134",2038,3696,158.733168,0.0429472857142857,261.705545400356,328.555537091556
"1134",2039,3694,162.634102,0.0440265571196535,272.891184033021,338.112653673227
"1134",2040,3691,165.919408,0.044952426984557,284.007498400964,346.411997441542
"1134",2041,3688,168.074887,0.0455734509219089,293.948800019266,351.998188708326
"1134",2042,3686,172.938022,0.0469175317417254,309.389854296856,364.842648995509
"1134",2043,3683,172.962948,0.046962516426826,316.430034326191,364.989877052462
"1134",2044,3679,176.278458,0.0479147752106551,330.438014379851,374.113566941743
"1134",2045,3676,177.501472,0.0482865810663765,340.54156850869,377.589622779926
"1134",2046,3672,181.516398,0.0494325702614379,357.703028522339,389.062386496869
"1134",2047,3667,182.066722,0.0496500469048268,367.108593537049,390.826584267098
"1134",2048,3662,183.125958,0.0500070884762425,378.027730013418,394.084032446938
"1134",2049,3657,184.543074,0.0504629680065628,390.241222593922,398.432439058621
"1134",2050,3652,185.458996,0.0507828576122673,401.347958866077,401.347958866077
"1135",2026,4427,139.240713,0.0314526119268127,205.588486042769,264.884860427687
"1135",2027,4414,139.562094,0.0316180548255551,208.115209163009,265.29243027643
"1135",2028,4402,141.863622,0.0322270835983644,211.244571020136,268.968977257919
"1135",2029,4391,145.954088,0.0332393732634935,215.309422235856,275.75022228638
"1135",2030,4380,148.940076,0.0340045835616438,219.454058096347,280.816232385386
"1135",2031,4369,149.607102,0.0342428706797894,222.840528861648,281.92357864921
"1135",2032,4360,154.902928,0.0355281944954128,228.998672076359,291.303606388797
"1135",2033,4350,159.137362,0.0365833016091954,235.270235893462,299.055823154378
"1135",2034,4342,163.118894,0.0375676863196684,242.026703153205,306.566757883012
"1135",2035,4334,167.717496,0.0386980839870789,249.973047344795,315.509822502388
"1135",2036,4327,171.527509,0.0396412084585163,257.969094187901,323.145461448213
"1135",2037,4320,176.683048,0.0408988537037037,268.082326648244,333.794783703891
"1135",2038,4314,180.031987,0.0417320322206769,277.063834066317,340.93424375694
"1135",2039,4307,185.956864,0.0431754966333875,290.029546398634,353.943908763633
"1135",2040,4300,189.109718,0.0439790041860465,300.336622478971,361.138595966353
"1135",2041,4294,194.174896,0.045220050302748,314.245502151992,372.955474946404
"1135",2042,4286,200.308577,0.0467355522631825,331.194540213626,387.849343162323
"1135",2043,4279,200.298377,0.046809623042767,338.382371400168,387.99304596633
"1135",2044,4270,206.682132,0.0484033096018735,358.064833937887,404.244947016628
"1135",2045,4262,209.577952,0.049173616142656,372.053657950745,411.98911747784
"1135",2046,4252,212.329257,0.0499363257290687,386.506995270799,419.596465024469
"1135",2047,4242,214.461001,0.0505565773220179,400.193758654031,425.697192849613
"1135",2048,4231,215.86403,0.0510196242023162,412.627544342981,429.948696587007
"1135",2049,4220,218.458037,0.0517673073459716,428.650916129866,437.59835442064
"1135",2050,4208,221.636394,0.0526702457224335,447.150508087695,447.150508087695
"1144",2026,522,18.354486,0.0351618505747126,29.1358607000581,30.3586070005809
"1144",2027,524,18.50596,0.0353167175572519,29.2204048264817,30.6029441925939
"1144",2028,527,19.243245,0.0365146963946869,29.4887011455451,31.7925779745433
"1144",2029,528,17.456033,0.0330606685606061,29.0020745123179,29.0097624109076
"1144",2030,532,18.24653,0.0342979887218045,29.3062720570661,30.2250882282643
"1144",2031,535,18.880215,0.0352901214953271,29.6390798041774,31.2228862753996
"1144",2032,538,20.342708,0.0378117249070632,30.5001744872317,33.6159214991745
"1144",2033,541,19.101257,0.035307314232902,29.938058125988,31.5877465544497
"1144",2034,545,18.28942,0.0335585688073394,29.5400356378941,30.3500890947354
"1144",2035,548,19.852371,0.036226954379562,30.6637954877307,32.8029611148131
"1144",2036,552,21.217961,0.0384383351449275,31.8883279162636,35.0806903500286
"1144",2037,556,21.37784,0.0384493525179856,32.2520367820886,35.3454376235875
"1144",2038,560,21.469976,0.0383392428571429,32.5715753009139,35.4937732743889
"1144",2039,563,22.364623,0.0397240195381883,33.7275452974167,37.0468856126242
"1144",2040,567,23.655956,0.0417212627865961,35.4891923194035,39.3827077110455
"1144",2041,571,23.960536,0.0419624098073555,36.2346806507325,39.9202726803509
"1144",2042,574,24.259656,0.0422642090592334,37.0214325309272,40.459189329896
"1144",2043,578,25.587991,0.0442698806228374,39.3354402168752,43.0141562262715
"1144",2044,581,26.261893,0.0452011927710843,40.8894762623748,44.3412596933869
"1144",2045,584,27.333807,0.0468044640410959,43.257006449313,46.5470848606929
"1144",2046,587,28.428078,0.0484294344122658,45.9065516981689,48.8900608213752
"1144",2047,589,29.297429,0.0497409660441426,48.3736858836325,50.8295052209944
"1144",2048,592,30.919969,0.0522296773648649,52.7249620561802,54.6486076283029
"1144",2049,594,30.969874,0.052137835016835,53.7334414974522,54.6970820752751
"1144",2050,596,32.833717,0.0550901291946309,59.4470859162335,59.4470859162335
"1145",2026,827,27.322444,0.0330380217654172,28.8674697414917,36.6746974149165
"1145",2027,829,25.84007,0.0311701688781665,28.9557385814219,34.9508260467044
"1145",2028,830,27.368255,0.0329738012048193,29.5301663214616,36.7438075512094
"1145",2029,833,27.785637,0.0333561068427371,29.9677960719121,37.2602168089979
"1145",2030,835,28.92849,0.0346448982035928,30.6689127515258,38.6756510061031
"1145",2031,838,29.677501,0.0354146789976134,31.344162747649,39.6318704266053
"1145",2032,840,29.249635,0.034820994047619,31.6052715824288,39.0931433305502
"1145",2033,843,29.829831,0.0353853274021352,32.2907943936145,39.8366741892815
"1145",2034,846,31.04151,0.0366920921985816,33.3671546625104,41.4178866562759
"1145",2035,849,31.955225,0.0376386631330978,34.4065365780598,42.6435121784224
"1145",2036,852,33.571591,0.0394032758215962,36.0217538261881,44.887902791975
"1145",2037,855,34.960035,0.0408889298245614,37.6833751057221,46.8943904501894
"1145",2038,858,36.712921,0.0427889522144522,39.8484028847235,49.5425506994972
"1145",2039,860,37.915301,0.0440875593023256,41.7678505930518,51.4346393073222
"1145",2040,862,38.487367,0.0446489176334107,43.2147608649788,52.3436173839661
"1145",2041,865,40.077994,0.0463329410404624,45.8713055314714,54.9755555192021
"1145",2042,867,40.95324,0.0472355709342561,47.9259027991199,56.4655754273142
"1145",2043,869,41.486523,0.0477405327963176,49.6638649390979,57.3747321208107
"1145",2044,871,43.364869,0.0497874500574053,53.4068336743502,60.7830111927099
"1145",2045,873,43.138295,0.0494138545246277,54.2515427065097,60.3095910233965
"1145",2046,875,43.804194,0.050061936,56.4899032665588,61.517533254775
"1145",2047,876,43.61399,0.0497876598173516,57.4049028332608,61.1322848825474
"1145",2048,877,46.163272,0.0526377103762828,63.2522568024945,66.1105478945886
"1145",2049,879,46.913727,0.0533717030716724,66.1063138158797,67.5909753931218
"1145",2050,879,47.749712,0.0543227667804323,69.3536358789513,69.3536358789513
"1146",2026,11329,238.076213,0.0210147597316621,306.03933718502,315.393371850196
"1146",2027,11382,248.461808,0.0218293628536285,307.603358229983,323.933514399874
"1146",2028,11433,261.632754,0.0228839984256101,310.216368883994,334.807822194254
"1146",2029,11483,273.351837,0.0238049148306192,313.448999946227,344.759999746949
"1146",2030,11530,284.950444,0.0247138286209887,317.448410429493,354.793641717974
"1146",2031,11576,297.364183,0.0256879909295093,322.459031479996,365.727066017379
"1146",2032,11621,311.076395,0.0267684704414422,328.739764716978,378.045429898395
"1146",2033,11665,325.651788,0.027916998542649,336.341657154267,391.459743873841
"1146",2034,11709,337.868486,0.0288554518746264,344.218336977955,403.045842444889
"1146",2035,11752,351.925623,0.0299460196562287,353.84500274019,416.645720549007
"1146",2036,11796,362.453705,0.0307268315530688,363.015909617419,427.138757089303
"1146",2037,11840,374.449342,0.0316257890202703,373.824957494856,439.292599989963
"1146",2038,11883,386.887561,0.0325580712782967,385.935635792965,452.155701441755
"1146",2039,11924,398.667928,0.0334340764844012,398.766774436998,464.603020318295
"1146",2040,11965,407.423484,0.0340512732135395,410.659155101702,474.054648162723
"1146",2041,12004,418.026539,0.0348239369376874,424.681798991111,485.651772062055
"1146",2042,12041,426.495296,0.0354202554605099,438.05310325945,495.075861799215
"1146",2043,12077,437.011791,0.036185459220005,453.93702432712,506.948507562197
"1146",2044,12109,447.295726,0.0369391135519035,470.669919276431,518.76763777604
"1146",2045,12139,456.922474,0.0376408661339484,487.833625920361,530.026001132752
"1146",2046,12167,467.281858,0.0384056758444974,506.75714008766,542.3613412796
"1146",2047,12191,477.741729,0.0391880673447625,526.930814077573,555.062889101491
"1146",2048,12213,484.553913,0.0396752569393269,544.062818624387,563.446290404743
"1146",2049,12232,495.869383,0.0405387003760628,567.442696785901,577.667736920417
"1146",2050,12248,506.802334,0.0413783747550621,591.720842382274,591.720842382274
"1149",2026,41913,941.726797,0.022468608713287,1445.46129160953,1539.61291609532
"1149",2027,41979,974.543354,0.0232150207008266,1454.04515209036,1573.51019702079
"1149",2028,42040,1009.280222,0.0240076170789724,1465.6197537436,1609.97002139201
"1149",2029,42100,1051.787348,0.0249830723990499,1481.83620705788,1655.40568027237
"1149",2030,42156,1085.270399,0.0257441502751684,1499.27772670366,1692.11090681465
"1149",2031,42211,1127.594438,0.026713284167634,1522.50182043535,1739.35415803601
"1149",2032,42264,1166.958074,0.0276111601836078,1548.54968270533,1784.38363909331
"1149",2033,42316,1200.387411,0.0283672230598355,1575.83825764116,1823.51933142388
"1149",2034,42370,1245.933243,0.0294060241444418,1612.1664153648,1877.91603841201
"1149",2035,42426,1280.913029,0.0301916991703201,1647.54502840652,1920.81720778633
"1149",2036,42486,1320.634215,0.0310839856658664,1689.39030762301,1970.55854236423
"1149",2037,42547,1361.876183,0.0320087475732719,1736.55981349102,2023.40939217759
"1149",2038,42606,1394.201621,0.0327231286907947,1781.92805436109,2065.77828065653
"1149",2039,42664,1435.364271,0.0336434528173636,1837.89014761808,2120.77046403077
"1149",2040,42719,1467.905888,0.0343618972354222,1891.37826601002,2165.20522561604
"1149",2041,42770,1503.715931,0.0351581933832125,1951.76558124988,2215.02351886774
"1149",2042,42818,1536.603159,0.0358868503666682,2013.6769545622,2261.68136366028
"1149",2043,42861,1566.443125,0.0365470503488019,2076.45902087243,2304.77494355584
"1149",2044,42899,1598.126216,0.0372532277209259,2145.16201107112,2351.33807880145
"1149",2045,42930,1626.9954,0.0378987980433263,2214.60788321869,2394.5173947307
"1149",2046,42955,1659.004699,0.0386219229193342,2292.03085953715,2443.27159945548
"1149",2047,42973,1688.364458,0.0392889595327299,2370.27420968493,2488.83009541964
"1149",2048,42985,1714.337151,0.0398822182389206,2447.71453416578,2529.82652342246
"1149",2049,42991,1747.117806,0.0406391525202949,2539.52255033737,2582.55589645441
"1149",2050,42991,1781.167321,0.0414311674769138,2638.52069044212,2638.52069044212
"1151",2026,204,6.745177,0.0330645931372549,4.85874990355075,4.85874990355075
"1151",2027,206,6.380072,0.0309712233009709,4.6360952348788,4.6360952348788
"1151",2028,209,6.275357,0.0300256315789474,4.58474538227842,4.58474538227842
"1151",2029,211,6.398405,0.0303241943127962,4.66617729872276,4.66617729872276
"1151",2030,213,7.06904,0.0331879812206573,5.09007881916571,5.09007881916571
"1151",2031,215,7.70706,0.0358467906976744,5.52128050507473,5.52128050507473
"1151",2032,217,7.412449,0.0341587511520737,5.32373979496979,5.32373979496979
"1151",2033,218,8.132611,0.0373055550458716,5.82380460958245,5.82380460958245
"1151",2034,220,8.062933,0.0366496954545455,5.77381447636282,5.77381447636282
"1151",2035,222,7.746956,0.0348961981981982,5.55621887475957,5.55621887475957
"1151",2036,223,7.987894,0.0358201524663677,5.72259565804583,5.72259565804583
"1151",2037,225,8.206155,0.0364718,5.87667073090262,5.87667073090262
"1151",2038,226,8.164649,0.0361267654867257,5.84791592573017,5.84791592573017
"1151",2039,228,8.696095,0.0381407675438597,6.23022520083865,6.23022520083865
"1151",2040,229,9.203997,0.0401921266375546,6.61484633221233,6.61484633221233
"1151",2041,230,9.150299,0.0397839086956522,6.5707233529536,6.5707233529536
"1151",2042,232,9.759003,0.0420646681034483,7.04994122070074,7.04994122070074
"1151",2043,233,10.576967,0.0453947081545064,7.74819846509023,7.74819846509023
"1151",2044,234,10.160945,0.0434228418803419,7.37700020871566,7.37700020871566
"1151",2045,236,11.437085,0.0484622245762712,8.52742573170713,8.52742573170713
"1151",2046,237,11.938499,0.0503734135021097,9.01824136437666,9.01824136437666
"1151",2047,238,12.19856,0.0512544537815126,9.27486942283485,9.27486942283485
"1151",2048,239,12.466943,0.0521629414225941,9.54572134045666,9.54572134045666
"1151",2049,239,12.560703,0.0525552426778243,9.64762845182734,9.64762845182734
"1151",2050,240,12.829299,0.0534554125,9.9269568020257,9.9269568020257
"1160",2026,8545,208.136766,0.0243577256875366,317.949626776,371.496267759996
"1160",2027,8554,213.281856,0.0249335814823474,321.037851570463,377.729829603365
"1160",2028,8564,218.196188,0.0254783031293788,324.563046286486,383.788835922777
"1160",2029,8575,221.691074,0.0258531864723032,328.192753039217,388.201190772787
"1160",2030,8585,231.653553,0.0269835239370996,334.182316686893,400.729266747572
"1160",2031,8596,240.178478,0.0279407256863658,340.685277356149,411.774877760519
"1160",2032,8606,248.956411,0.0289282373925168,348.212263607828,423.422349562549
"1160",2033,8616,256.252059,0.0297414181754875,355.988984616618,433.348923080325
"1160",2034,8627,265.069028,0.0307255161701634,365.446366492467,445.615916231168
"1160",2035,8637,274.118374,0.0317376836864652,376.104521716192,458.524621065582
"1160",2036,8648,285.166561,0.0329748567298797,389.303349824063,474.743894366449
"1160",2037,8659,294.418541,0.0340014483196674,402.580388280277,488.742221034687
"1160",2038,8668,300.981327,0.0347232726119059,414.796986046163,498.903610993024
"1160",2039,8677,312.733933,0.0360417117667397,432.77066767407,517.567093913311
"1160",2040,8686,320.280695,0.0368732091871978,448.185888699798,529.897421919677
"1160",2041,8693,330.358711,0.0380028426320028,467.549083352438,546.791069211226
"1160",2042,8699,340.184087,0.0391061141510518,488.228956902858,563.755652718369
"1160",2043,8703,345.144559,0.0396581131793634,504.122896025013,572.505621728831
"1160",2044,8706,354.74994,0.0407477532736044,527.331064316358,589.846534601753
"1160",2045,8707,361.970239,0.0415723256000919,548.623804150981,603.229297416591
"1160",2046,8707,370.137407,0.0425103258297921,572.730430905367,618.741683418079
"1160",2047,8705,377.397944,0.0433541578403217,596.791552691767,632.89189035692
"1160",2048,8701,382.617532,0.0439739721871049,618.456322374341,643.304132296585
"1160",2049,8695,390.857908,0.0449520308223117,647.053408841025,660.107437756909
"1160",2050,8688,396.159914,0.0455985168047882,671.219887638204,671.219887638204
"1505",2026,24016,600.376848,0.024999035976016,1009.06829560581,1225.68295605806
"1505",2027,24065,626.021466,0.0260137737793476,1023.14066658347,1262.38666606157
"1505",2028,24111,649.164117,0.0269239814607441,1039.48609769081,1296.34912966177
"1505",2029,24154,672.794497,0.0278543718224725,1058.69128381624,1331.78251207641
"1505",2030,24196,703.906989,0.0290918742354108,1083.63608181209,1379.54432724835
"1505",2031,24235,728.817246,0.0300729212296266,1109.76157704512,1418.9533114613
"1505",2032,24273,758.668869,0.0312556696329255,1141.7845940121,1467.41413542185
"1505",2033,24310,784.021591,0.0322509909913616,1175.23443593094,1509.78465084397
"1505",2034,24346,810.85609,0.033305515895835,1213.32098515784,1555.8024628946
"1505",2035,24381,839.785496,0.0344442597104303,1257.04297034756,1606.81250365156
"1505",2036,24415,861.903463,0.0353022102396068,1299.3828431166,1646.85861708757
"1505",2037,24448,885.885333,0.0362354930055628,1346.96630975185,1691.27572634506
"1505",2038,24476,908.68278,0.0371254608596176,1397.22392040803,1734.4980371055
"1505",2039,24501,929.990399,0.0379572425207134,1449.59834035567,1775.80568571178
"1505",2040,24521,949.608664,0.0387263432975817,1503.52690322901,1814.64304516641
"1505",2041,24538,963.569415,0.0392684576982639,1553.25590367054,1842.74476025742
"1505",2042,24551,979.41176,0.0398929477414362,1608.10674875921,1875.15249822744
"1505",2043,24561,996.305339,0.0405645266479378,1667.43089742852,1910.33003041156
"1505",2044,24568,1010.105336,0.041114675024422,1724.7714695732,1939.54383170735
"1505",2045,24573,1021.346019,0.0415637496032231,1780.16461452873,1963.66414095843
"1505",2046,24576,1028.331398,0.041842911702474,1829.73039059187,1978.80045951985
"1505",2047,24577,1041.39335,0.0423726797412215,1892.43580753921,2007.46288173432
"1505",2048,24577,1051.335036,0.0427771915205273,1951.22228327557,2029.56463056818
"1505",2049,24575,1062.358188,0.0432292243336724,2014.28177564523,2054.38366300803
"1505",2050,24572,1073.071787,0.043670510621846,2078.81675648289,2078.81675648289
"1506",2026,32273,845.879898,0.0262101415424658,1092.47787515154,1276.7787515154
"1506",2027,32391,875.089069,0.0270164264456176,1104.68680430473,1309.72221312531
"1506",2028,32506,904.329932,0.0278204002953301,1119.47572129879,1343.28983599308
"1506",2029,32617,938.981715,0.0287881078885244,1138.2257241105,1383.65046640234
"1506",2030,32725,975.808064,0.0298184282352941,1160.87349164084,1427.49396656337
"1506",2031,32828,1013.414282,0.0308704240891922,1187.38830290242,1473.35061879104
"1506",2032,32926,1049.294805,0.0318682744639495,1217.01750753126,1518.20771548081
"1506",2033,33020,1086.820266,0.0329139995760145,1251.16764690007,1566.25557765537
"1506",2034,33110,1126.62667,0.0340267795228028,1290.62036861725,1618.55092154312
"1506",2035,33198,1161.665201,0.0349920236460028,1331.7933262751,1665.81331720022
"1506",2036,33284,1199.8197,0.0360479419540921,1379.11298088125,1718.55364396053
"1506",2037,33366,1235.164345,0.0370186520709704,1429.03585152398,1768.65532004679
"1506",2038,33442,1262.380329,0.0377483502481909,1476.82533752801,1808.04606823274
"1506",2039,33511,1297.133423,0.0387076906985766,1534.62172443292,1859.4412330773
"1506",2040,33575,1322.775842,0.0393976423529412,1588.3205288204,1898.11284611265
"1506",2041,33633,1350.961648,0.0401677414444147,1648.00629961738,1941.44347112058
"1506",2042,33686,1375.348549,0.0408284910348513,1707.31612485633,1979.59446408047
"1506",2043,33733,1393.149156,0.0412992961195269,1762.13884783521,2007.78148859011
"1506",2044,33776,1412.773028,0.0418277187351966,1821.65971936197,2039.30286369287
"1506",2045,33814,1434.552003,0.0424247945525522,1886.82518839217,2074.86177032882
"1506",2046,33847,1455.598286,0.0430052378645079,1954.10973669199,2109.77616081411
"1506",2047,33876,1474.92102,0.0435388186326603,2021.89434799333,2142.30349069671
"1506",2048,33901,1488.515246,0.043907709094127,2083.39431968721,2165.39926452671
"1506",2049,33921,1506.500865,0.0444120416556116,2154.29109363793,2196.45827910435
"1506",2050,33938,1528.395029,0.045034917467146,2234.92505332686,2234.92505332686
"1508",2026,68634,1483.304151,0.021611798102981,2548.28258283232,3009.82582832315
"1508",2027,68935,1538.527022,0.0223185177631102,2577.35677079733,3081.41287852606
"1508",2028,69241,1585.824391,0.0229029677647637,2610.30303057399,3144.44588899422
"1508",2029,69549,1642.437015,0.023615537462796,2650.62590940181,3219.9454560085
"1508",2030,69857,1712.086747,0.0245084493608371,2701.08204649373,3313.32818597493
"1508",2031,70160,1771.078843,0.0252434270667047,2755.05045542431,3394.56680147586
"1508",2032,70457,1844.752719,0.0261826748087486,2821.90817061143,3496.71744803518
"1508",2033,70745,1911.646329,0.0270216457558838,2893.81336775074,3591.65756620893
"1508",2034,71024,1980.087824,0.0278791369677855,2974.39860969374,3690.49652423434
"1508",2035,71295,2049.906702,0.028752460929939,3064.08609123017,3793.19677995467
"1508",2036,71557,2111.54829,0.0295086195620275,3156.71074740707,3885.86473138331
"1508",2037,71807,2188.229551,0.0304737637138441,3268.64925183511,4002.65707675144
"1508",2038,72042,2258.486153,0.0313495759834541,3385.30277955635,4112.09596282974
"1508",2039,72263,2319.423387,0.0320969706073648,3502.80437148323,4209.00744082252
"1508",2040,72471,2376.704803,0.0327952533151191,3624.9171738933,4301.66747822928
"1508",2041,72665,2430.233997,0.0334443541870226,3750.87171727335,4389.63655437487
"1508",2042,72846,2495.340784,0.0342550144688796,3897.84144269567,4498.20206099381
"1508",2043,73014,2552.214533,0.0349551391924836,4044.15332782438,4594.83502077883
"1508",2044,73170,2605.064405,0.0356029028973623,4193.55474357689,4686.10289493792
"1508",2045,73313,2652.389581,0.0361789802763494,4343.0418277832,4769.05148034856
"1508",2046,73445,2697.341782,0.0367260096943291,4496.12257570345,4848.90891259229
"1508",2047,73565,2752.358934,0.0374139731394005,4672.37275428249,4948.12423017745
"1508",2048,73674,2798.873947,0.0379899821782447,4843.10150429542,5033.32595058964
"1508",2049,73772,2847.096519,0.0385931860190858,5024.5154030744,5122.99002916821
"1508",2050,73860,2894.797879,0.0391930392499323,5213.06349241088,5213.06349241088
"1511",2026,2931,118.288246,0.0403576410781303,163.158761792888,227.587617928883
"1511",2027,2911,121.489988,0.0417347949158365,166.810215821966,234.619751432481
"1511",2028,2893,124.594065,0.0430674265468372,171.003373904906,241.733565170889
"1511",2029,2875,129.745852,0.045128992,176.828482383814,254.016387688536
"1511",2030,2857,133.074222,0.0465783066153308,182.631449647841,262.525798591365
"1511",2031,2840,137.043792,0.0482548563380282,189.660389131475,273.079614370349
"1511",2032,2822,141.504145,0.0501432122608079,198.113351797483,285.579543992254
"1511",2033,2805,143.555477,0.0511784231729055,205.273154007157,291.925942088709
"1511",2034,2787,149.671096,0.0537032996053104,217.827785040051,310.569462600126
"1511",2035,2770,155.135148,0.0560054685920578,231.478687537662,328.522714371799
"1511",2036,2753,158.55256,0.0575926480203414,243.798948295777,340.839891149004
"1511",2037,2735,162.026752,0.0592419568555759,257.511443508902,354.071109285662
"1511",2038,2717,163.695478,0.0602486117040854,269.001440875572,361.457165228312
"1511",2039,2699,167.896647,0.0622069829566506,286.783495876949,378.610205747999
"1511",2040,2679,171.148895,0.0638853658081374,304.294921707343,393.271874731749
"1511",2041,2661,173.224457,0.0650975035700864,320.074127884511,403.659060957753
"1511",2042,2641,174.018173,0.065891015903067,333.326403896875,409.323434138392
"1511",2043,2621,173.544772,0.0662131903853491,343.164066164468,409.781784629787
"1511",2044,2602,174.049065,0.0668904938508839,356.21224827574,414.338384871922
"1511",2045,2582,175.310295,0.0678970933384973,372.53977835184,422.510496433034
"1511",2046,2562,175.47193,0.0684902146760343,385.519519192324,426.022963755675
"1511",2047,2542,174.233067,0.0685417258064516,393.217259542976,423.28705300617
"1511",2048,2523,170.758265,0.0676806440745145,391.3607596907,410.444064530487
"1511",2049,2504,171.436947,0.0684652344249201,406.343326435272,416.096962530152
"1511",2050,2486,172.446693,0.0693671331456154,423.31522777344,423.31522777344
"1514",2026,2432,77.087923,0.0316973367598684,106.302465123865,127.02465123865
"1514",2027,2438,79.669271,0.0326781259228876,107.680046350679,130.763973459483
"1514",2028,2444,81.225812,0.0332347839607201,109.088291126243,133.075949292819
"1514",2029,2450,83.015766,0.033883986122449,110.750628903228,135.767665426955
"1514",2030,2456,83.79862,0.0341199592833876,112.243069843977,136.972279375908
"1514",2031,2463,86.244382,0.0350159894437678,114.561328474242,140.735055562582
"1514",2032,2469,89.679863,0.0363223422438234,117.700650575255,146.155847923861
"1514",2033,2475,91.937338,0.0371463991919192,120.608245748177,149.815850339799
"1514",2034,2482,93.299252,0.0375903513295729,123.222370721517,152.055926803792
"1514",2035,2488,95.701675,0.0384653034565916,126.783500402758,156.076572349162
"1514",2036,2494,98.940142,0.0396712678428228,131.381127397337,161.644478731235
"1514",2037,2500,101.859636,0.0407438544,136.188446197973,166.806724288729
"1514",2038,2505,106.018396,0.0423227129740519,142.741105785401,174.438374155275
"1514",2039,2510,108.814111,0.0433522354581673,148.489019933195,179.72599137565
"1514",2040,2514,111.030154,0.044164739061257,154.009599649641,184.015359439425
"1514",2041,2518,113.231701,0.0449689042891184,159.891216858754,188.364100918874
"1514",2042,2521,118.463203,0.0469905604918683,170.637470148176,199.196385925966
"1514",2043,2524,119.672442,0.0474138042789223,176.076917365896,201.731413377487
"1514",2044,2526,123.096746,0.0487318867775139,185.549028636524,209.224553079386
"1514",2045,2528,124.759634,0.0493511210443038,192.505272822087,212.929566550261
"1514",2046,2530,125.360068,0.0495494339920949,197.70827299724,214.245027055576
"1514",2047,2530,127.359444,0.0503397011857707,205.953717809604,218.877428517864
"1514",2048,2531,129.27931,0.0510783524298696,214.432093157598,223.386046656863
"1514",2049,2531,132.757591,0.0524526238640853,227.057993896865,231.852461191548
"1514",2050,2530,132.917073,0.0525363924901186,232.286972762043,232.286972762043
"1515",2026,8795,243.352085,0.0276693672541217,505.26137881367,561.613788136698
"1515",2027,8801,252.129413,0.0286478142256562,509.736063627907,577.080462748418
"1515",2028,8806,259.259481,0.029441231092437,514.915080570162,589.943317543783
"1515",2029,8811,267.571389,0.0303678798093292,521.582718489085,605.271616419222
"1515",2030,8815,275.683554,0.0312743680090754,529.397196355439,620.588785421756
"1515",2031,8819,287.078697,0.0325522958385304,540.320438697314,642.723265034135
"1515",2032,8823,297.386186,0.0337057900940723,552.432851878805,663.408775011708
"1515",2033,8828,308.541162,0.0349502902129588,566.978386609397,686.526583750061
"1515",2034,8832,319.750631,0.0362036493432971,583.615875318349,710.539688295874
"1515",2035,8837,327.94437,0.037110373429897,599.453112902534,728.607115205791
"1515",2036,8841,340.926127,0.038561941748671,622.095553104217,758.148532850982
"1515",2037,8845,350.964255,0.0396793957037875,643.927297572426,781.784970873027
"1515",2038,8849,362.595242,0.0409758438241609,670.090468246589,810.073578630161
"1515",2039,8851,370.097293,0.0418141783979211,692.789083558595,828.853759248672
"1515",2040,8852,377.172398,0.0426087209670131,716.480563127346,846.968901003753
"1515",2041,8852,391.036878,0.0441749749209218,753.830301136255,883.649511149064
"1515",2042,8851,402.410115,0.0454649322110496,790.162202379654,914.946003399505
"1515",2043,8848,407.779826,0.0460872316907776,816.990309157014,930.173300551883
"1515",2044,8844,414.412936,0.0468580886476707,848.026636279319,949.35695003783
"1515",2045,8839,421.935629,0.0477356747369612,883.011420850534,971.629441046811
"1515",2046,8832,433.294087,0.0490595660099638,930.19028434861,1006.28268746895
"1515",2047,8824,442.195058,0.050112767225748,974.207995990829,1034.44562928544
"1515",2048,8814,444.761452,0.0504607955525301,1002.24945293135,1043.05346262849
"1515",2049,8804,452.835437,0.051435192753294,1048.31388785578,1069.71572764237
"1515",2050,8792,460.361321,0.0523613877388535,1095.37845629312,1095.37845629312
"1516",2026,8776,191.323394,0.0218007513673655,451.299012105014,507.990121050138
"1516",2027,8838,198.202412,0.0224261611224259,455.35556517755,520.313201291273
"1516",2028,8899,206.036559,0.0231527766041128,460.629401254731,534.310864312746
"1516",2029,8959,214.557885,0.0239488653867619,467.234028410863,549.630721933471
"1516",2030,9019,224.983244,0.0249454755516133,475.860384484691,568.441537938762
"1516",2031,9078,235.50095,0.025941942057722,486.055888075066,587.803088956752
"1516",2032,9135,244.227972,0.026735410180624,496.784032088765,604.335483350045
"1516",2033,9191,255.348975,0.0277825019040366,510.438769257235,625.520742778578
"1516",2034,9248,264.092069,0.0285566683607266,524.091496738216,642.72874184554
"1516",2035,9302,275.558793,0.0296236070737476,541.435834587694,665.424764771873
"1516",2036,9356,285.83154,0.030550613510047,559.614907701203,686.294542528848
"1516",2037,9407,294.989037,0.0313584604018284,578.399158679371,705.291041325602
"1516",2038,9456,306.555134,0.0324191131556684,601.538028947974,729.614598087225
"1516",2039,9503,318.652982,0.0335318301588972,627.514008923786,755.662142848997
"1516",2040,9546,329.353851,0.0345017652419862,653.921864812718,779.274983700349
"1516",2041,9588,341.59425,0.0356272684605757,684.769596607942,806.916372238402
"1516",2042,9626,351.228344,0.0364874656139622,713.939166805849,829.198809722642
"1516",2043,9662,361.45284,0.0374097329745394,746.150370786105,853.339485811668
"1516",2044,9695,372.333829,0.0384047270758123,781.837538694492,879.629082186442
"1516",2045,9726,382.274653,0.0393044060250874,818.096582342586,904.195793652413
"1516",2046,9754,393.650005,0.0403578024400246,859.823462219256,933.027602610889
"1516",2047,9779,402.411601,0.0411505880969424,898.254911985667,955.70975998385
"1516",2048,9801,413.109263,0.0421497054382206,943.684607664614,984.118494772556
"1516",2049,9821,425.275874,0.0433027058344364,995.924697848433,1017.3892964659
"1516",2050,9838,435.661739,0.0442835676966863,1046.57195567185,1046.57195567185
"1517",2026,5300,122.375763,0.0230897666037736,312.300481569093,297.004815690932
"1517",2027,5318,127.879642,0.024046566754419,312.876995516208,305.832694663333
"1517",2028,5337,134.895972,0.0252756177627881,314.578931242278,317.308178527306
"1517",2029,5354,139.777708,0.0261071550242809,316.457580175459,325.565083178631
"1517",2030,5371,144.782096,0.0269562643827965,319.048100331135,334.192401324542
"1517",2031,5387,150.800577,0.0279934243549285,322.835323650085,344.731560522035
"1517",2032,5402,156.139963,0.028904102739726,327.103666068376,354.318972518081
"1517",2033,5416,164.955534,0.0304570779172821,334.477151242538,370.488693082863
"1517",2034,5430,170.274133,0.0313580355432781,340.646601326129,380.616503315323
"1517",2035,5442,177.779303,0.0326680086365307,349.536615993845,395.226550843074
"1517",2036,5453,182.031511,0.0333819018888685,356.632542820629,403.75272172764
"1517",2037,5464,188.74018,0.0345424926793558,367.032840386071,417.478712948431
"1517",2038,5473,196.838525,0.0359653800475059,380.322602350987,434.586549729067
"1517",2039,5481,203.254478,0.037083466155811,393.074689568088,448.595216286107
"1517",2040,5488,210.220877,0.0383055533892128,407.922048859915,464.275278175864
"1517",2041,5493,215.219895,0.0391807564172583,421.218147244067,475.838712821233
"1517",2042,5498,220.846436,0.0401685041833394,436.62441262608,489.177732322972
"1517",2043,5502,228.054723,0.0414494225736096,456.193573029452,506.804844785698
"1517",2044,5504,231.81832,0.0421181540697674,470.743759187365,516.250011854664
"1517",2045,5506,234.860457,0.0426553681438431,484.626915380063,524.002357390847
"1517",2046,5507,240.070296,0.0435936618848738,504.042375316087,537.57926507775
"1517",2047,5507,243.821086,0.0442747568549119,521.304210509127,547.582209024368
"1517",2048,5506,249.134057,0.0452477401017072,543.486605953052,562.093628057353
"1517",2049,5504,252.468461,0.0458699965479651,561.780135266172,571.433906770049
"1517",2050,5501,253.711432,0.0461209656426104,575.015524227823,575.015524227823
"1520",2026,10735,283.357981,0.026395713181183,716.61739812377,713.173981237695
"1520",2027,10740,290.874711,0.027083306424581,718.362692251176,726.910489099463
"1520",2028,10745,297.614279,0.0276979319683574,720.928654462576,739.449454071865
"1520",2029,10749,306.882696,0.0285498833379849,725.496159394981,756.981926564614
"1520",2030,10752,318.793244,0.0296496692708333,732.768396813397,780.07358725359
"1520",2031,10755,328.838578,0.0305754140399814,740.888780513103,800.091410480358
"1520",2032,10757,340.030934,0.0316102011713303,751.440936343533,822.972111826255
"1520",2033,10759,352.235449,0.0327386791523376,764.725540364511,848.656663074514
"1520",2034,10760,362.975157,0.0337337506505576,778.962873971509,871.907184928772
"1520",2035,10762,376.784109,0.0350106029548411,798.260080790332,902.737327520759
"1520",2036,10764,388.850047,0.03612505081754,818.439935524983,930.557758999964
"1520",2037,10765,401.654891,0.0373111835578263,842.054806343491,961.009378231202
"1520",2038,10764,412.965624,0.0383654425863991,866.455548835871,988.737361519765
"1520",2039,10761,424.566416,0.0394541786079361,893.852756941039,1018.02596926134
"1520",2040,10757,435.247889,0.040461828483778,922.491711485482,1045.78673837677
"1520",2041,10751,444.054304,0.0413035349269835,950.39254200274,1069.2906294381
"1520",2042,10744,452.858518,0.0421498992926284,980.450964628749,1093.35852089821
"1520",2043,10736,462.585232,0.0430872980625931,1014.67090282389,1120.62156315104
"1520",2044,10727,471.606785,0.0439644621049688,1049.92892133275,1146.58570494549
"1520",2045,10717,481.104678,0.0448917307082206,1088.82695519574,1174.63317562552
"1520",2046,10706,487.768336,0.0455602779749673,1123.17763290185,1194.85603870806
"1520",2047,10694,494.319446,0.0462239990648962,1159.1111260663,1215.15338148315
"1520",2048,10680,501.108318,0.046920254494382,1197.67734173208,1236.65118025089
"1520",2049,10666,505.63113,0.0474058813050816,1231.33317267849,1251.37212745817
"1520",2050,10650,513.372741,0.0482040132394366,1276.7832892106,1276.7832892106
"1525",2026,4424,148.222013,0.0335040716546112,214.524631816923,219.246318169232
"1525",2027,4422,150.748717,0.034090618950701,215.189978808844,222.654391337047
"1525",2028,4420,156.230585,0.035346286199095,216.843428757259,230.248164327196
"1525",2029,4420,158.112989,0.0357721694570136,218.020043661566,232.917852525018
"1525",2030,4420,162.046738,0.036662157918552,220.149295334422,238.597181337689
"1525",2031,4421,166.836032,0.0377371707758426,223.113105951806,245.69775983237
"1525",2032,4422,168.992717,0.0382163539122569,225.362564271431,248.961736219787
"1525",2033,4424,173.809023,0.0392877538426763,229.371312503074,256.403620698136
"1525",2034,4426,177.92029,0.0401988906461817,233.569929683549,262.924824208873
"1525",2035,4429,181.573783,0.0409965642357191,237.995011111046,268.84573968239
"1525",2036,4432,187.053766,0.0422052721119134,244.388376231154,277.975528907692
"1525",2037,4434,190.082623,0.0428693331078033,249.436871808507,283.145115723917
"1525",2038,4436,194.385128,0.043819911632101,256.160964589367,290.656299253394
"1525",2039,4437,196.46179,0.0442780685147622,261.205463368787,294.349724883041
"1525",2040,4436,201.00157,0.0453114449954914,269.394594204073,302.631350726516
"1525",2041,4436,205.754545,0.046382900135257,278.618310646303,311.537072673666
"1525",2042,4434,208.90853,0.0471151398285972,286.541224815445,317.630321164922
"1525",2043,4431,210.788978,0.0475714236064094,293.178098087098,321.360132999455
"1525",2044,4428,212.368078,0.0479602705510388,299.668985311884,324.540626208882
"1525",2045,4425,216.15578,0.0488487638418079,310.049966953668,332.215343942976
"1525",2046,4421,220.182829,0.0498038518434743,321.616741319054,340.607930963593
"1525",2047,4416,221.836937,0.0502348136322464,329.565683953173,344.214855158505
"1525",2048,4411,226.487316,0.0513460249376559,343.799863285229,354.324176524572
"1525",2049,4406,229.249851,0.0520312871084884,355.053200866823,360.548780121374
"1525",2050,4400,230.608084,0.0524109281818182,363.776969700937,363.776969700937
"1528",2026,7331,198.09956,0.0270221743281953,479.482442546276,591.824425462763
"1528",2027,7310,208.18506,0.028479488372093,487.195117440466,613.87358138521
"1528",2028,7290,216.102476,0.0296436866941015,495.838870336118,631.79354477782
"1528",2029,7270,227.560316,0.0313012814305365,507.79452301853,658.974225969551
"1528",2030,7251,236.377605,0.0325993111294994,520.438933462994,680.755733851975
"1528",2031,7232,246.640727,0.0341040828263274,536.057206079632,707.198977668284
"1528",2032,7212,259.318702,0.0359565587909041,556.215339471575,741.508736835615
"1528",2033,7193,269.906961,0.0375235591547338,577.417337528613,771.599551803069
"1528",2034,7173,281.327804,0.0392203825456573,602.448017966969,805.620044917423
"1528",2035,7153,291.758563,0.0407882794631623,629.401598356893,838.203653387185
"1528",2036,7133,298.941276,0.0419096139071919,654.444468969476,861.619934672581
"1528",2037,7114,310.314434,0.0436202465560866,688.938766716478,900.051252129713
"1528",2038,7095,320.067432,0.045111688794926,724.195514847503,934.628208813642
"1528",2039,7075,331.389164,0.0468394578091873,766.399943012162,976.616924276021
"1528",2040,7055,338.412948,0.0479678168674699,802.662390320811,1004.0598245133
"1528",2041,7035,343.295987,0.048798292395167,835.996295327315,1023.9755401167
"1528",2042,7015,350.895805,0.0500207847469708,878.892671866341,1055.4181026662
"1528",2043,6994,358.446603,0.0512505866456963,924.896804008637,1087.87702238459
"1528",2044,6973,366.964866,0.0526265403699986,977.545975947755,1125.76900122291
"1528",2045,6951,369.642025,0.0531782513307438,1013.08309183938,1139.10226687924
"1528",2046,6928,374.272711,0.0540231973152425,1057.40937294644,1161.59926228993
"1528",2047,6904,381.848222,0.0553082592699884,1116.25065877804,1198.55003805976
"1528",2048,6879,384.365794,0.0558752426224742,1156.75355546889,1212.67951942583
"1528",2049,6853,386.756879,0.0564361416897709,1198.09413752005,1226.57832469615
"1528",2050,6826,390.129653,0.057153479783182,1245.70074819989,1245.70074819989
"1531",2026,9646,195.916169,0.0203106125855277,487.686184430342,520.861844303417
"1531",2027,9707,203.330008,0.020946740290512,490.773165896834,533.259388340609
"1531",2028,9766,209.473048,0.0214492164652877,494.473329237827,543.847595644723
"1531",2029,9824,216.782314,0.0220666036237785,499.363115865281,556.297015836615
"1531",2030,9880,226.522147,0.0229273428137652,506.164062108683,572.65624843473
"1531",2031,9935,232.825344,0.0234348609964771,512.695253715254,583.809578140014
"1531",2032,9989,242.328076,0.0242594930423466,521.775591626978,600.232589621472
"1531",2033,10042,251.784838,0.0250731764588727,532.160035621328,616.855270679524
"1531",2034,10094,261.644564,0.025920800871805,544.176183945102,634.440459862755
"1531",2035,10146,271.601082,0.026769276759314,557.729550291384,652.524686380306
"1531",2036,10198,283.675025,0.0278167312218082,574.59730142235,674.731160889157
"1531",2037,10249,294.500073,0.0287345178066153,592.220976056371,695.162880109992
"1531",2038,10299,303.837605,0.0295016608408583,610.066493166075,713.2118057565
"1531",2039,10348,314.569629,0.0303990750869733,631.00772880363,734.225921367881
"1531",2040,10395,324.395575,0.0312068855218855,652.666350295179,753.866160472286
"1531",2041,10441,336.137676,0.0321940116847045,678.581251409365,777.707549297154
"1531",2042,10485,346.358783,0.03303374182165,704.458248464021,798.940354948601
"1531",2043,10526,353.213508,0.0335562899486985,726.998936781225,813.490083771153
"1531",2044,10566,362.776541,0.0343343309672535,755.220164519233,833.961502605462
"1531",2045,10602,372.377986,0.0351233716279947,785.330161890624,854.867891557691
"1531",2046,10636,381.355695,0.0358551800488906,816.152190953876,874.767283475148
"1531",2047,10666,388.627204,0.0364360776298519,845.334498774306,891.137463407669
"1531",2048,10694,397.460835,0.0371667135777071,879.274134813164,911.323388987204
"1531",2049,10719,403.98093,0.0376883039462636,909.850604270801,926.442186255378
"1531",2050,10742,413.667275,0.0385093348538447,949.294751633385,949.294751633385
"1532",2026,8908,186.201337,0.0209027095868882,260.947631617148,287.476316171478
"1532",2027,8982,194.30536,0.0216327499443331,263.176804114714,295.649484470646
"1532",2028,9054,201.223847,0.022224856085708,265.846025328323,302.834430447559
"1532",2029,9126,210.81523,0.0231005073416612,269.594888939793,312.564183246085
"1532",2030,9196,220.835283,0.0240142760983036,274.21231529987,322.849261199478
"1532",2031,9266,230.864298,0.0249152059140945,279.65955601287,333.337586131722
"1532",2032,9333,238.003016,0.0255012339012108,285.012801320251,341.116311754618
"1532",2033,9399,248.026275,0.026388581232046,292.031432653103,351.879814215458
"1532",2034,9462,258.724636,0.0273435463961108,300.20589853332,363.514746333299
"1532",2035,9524,268.941439,0.0282382863292734,309.129182000682,374.866701715845
"1532",2036,9584,280.036169,0.0292191328255426,319.454538014314,387.377974766976
"1532",2037,9641,286.934001,0.029761850534177,328.442521254322,395.448821959653
"1532",2038,9696,296.33389,0.0305624886551155,339.629911332493,406.418020604533
"1532",2039,9749,309.184784,0.0317145126679659,354.105183890645,421.583291728757
"1532",2040,9801,318.123669,0.0324582868074686,367.032166226451,432.451465962322
"1532",2041,9850,326.852498,0.0331829947208122,380.710542751643,443.223460757197
"1532",2042,9897,334.258772,0.0337737467919572,394.161861768282,452.51694538326
"1532",2043,9943,344.932026,0.0346909409634919,411.435735555849,466.048454990981
"1532",2044,9986,355.943373,0.0356442392349289,430.281983680602,480.299333781422
"1532",2045,10027,365.654564,0.0364669955121173,449.045132942087,493.132471313338
"1532",2046,10065,372.311263,0.0369906868355688,465.458032266744,502.068273254993
"1532",2047,10101,379.447677,0.0375653575883576,483.214876191905,511.763240779611
"1532",2048,10133,387.666523,0.0382578232507648,503.215863649492,523.098230972423
"1532",2049,10163,397.38282,0.0391009367312801,526.304678006392,536.758107019628
"1532",2050,10190,405.248008,0.0397691862610402,548.007727731586,548.007727731586
"1535",2026,6416,180.074346,0.028066450436409,296.699345889243,356.993458892432
"1535",2027,6416,188.541482,0.0293861412094763,300.996786032604,369.976625691663
"1535",2028,6417,194.349382,0.0302866420445691,305.603850937735,379.164862501345
"1535",2029,6417,199.684503,0.03111804628331,310.781381650657,387.79473717956
"1535",2030,6417,206.901092,0.0322426510830606,317.445341261518,399.781365046071
"1535",2031,6417,217.302698,0.0338635963846034,326.71750774555,417.713070419306
"1535",2032,6417,225.896357,0.0352027983481378,336.518286415,433.133188969231
"1535",2033,6417,236.770827,0.036897432912576,349.255867752952,453.464462766765
"1535",2034,6417,241.989805,0.0377107378837463,359.423299337753,463.558248344384
"1535",2035,6416,250.184979,0.0389939181733167,373.067084402184,479.867621490706
"1535",2036,6416,261.400386,0.0407419554239402,391.231698531642,503.119365329772
"1535",2037,6414,270.372279,0.0421534579045837,409.182572536795,522.551361047404
"1535",2038,6412,280.001925,0.043668422489083,429.840762298832,544.255931452422
"1535",2039,6408,285.682093,0.0445820994069913,447.177591323224,557.536325656551
"1535",2040,6404,293.318757,0.0458024292629607,468.688221927476,575.901155083961
"1535",2041,6398,299.646095,0.0468343380743982,489.849364166904,591.659417610422
"1535",2042,6392,307.95884,0.0481787922403004,516.108872513994,613.012675019991
"1535",2043,6385,315.015692,0.049336835082224,542.107214608802,631.840290994986
"1535",2044,6377,317.962073,0.0498607610161518,561.298003294241,640.061939734505
"1535",2045,6368,322.966211,0.0507170557474874,585.869096848588,654.146580736724
"1535",2046,6358,328.935781,0.0517357315193457,614.172342094837,671.379225993926
"1535",2047,6348,332.924866,0.0524456310649023,639.079323418258,683.328815119163
"1535",2048,6336,337.203991,0.0532203268623737,666.003655405195,696.490438275886
"1535",2049,6324,338.511295,0.0535280352624921,685.573818551996,700.985785508567
"1535",2050,6312,342.46672,0.0542564512040558,713.587866323046,713.587866323046
"1539",2026,7281,225.34746,0.0309500700453234,297.190559086146,433.905590861459
"1539",2027,7269,229.608113,0.0315873040308158,303.825021883729,440.727431881665
"1539",2028,7257,237.499445,0.0327269457075927,312.062339754664,453.784798598077
"1539",2029,7244,246.192024,0.0339856466040861,321.667638798981,468.671241406968
"1539",2030,7232,254.362126,0.0351717541482301,332.290266547766,483.161066191063
"1539",2031,7219,265.765194,0.0368146826430253,345.889730557854,504.22514976645
"1539",2032,7204,273.122356,0.0379125980011105,358.815667352407,518.355899545867
"1539",2033,7189,282.706719,0.0393249017944081,374.595029705018,537.434564703497
"1539",2034,7174,293.848219,0.0409601643434625,393.43443328998,560.586083224951
"1539",2035,7158,304.98558,0.0426076529756915,414.494339195184,584.844203874706
"1539",2036,7142,313.106283,0.0438401404368524,434.633270696035,603.333201465337
"1539",2037,7126,318.980165,0.0447628634577603,453.793374168037,617.206583742511
"1539",2038,7109,325.526912,0.0457908161485441,475.109285447898,633.10779172345
"1539",2039,7093,332.595632,0.0468906854645425,498.653633972593,650.772142932073
"1539",2040,7076,340.663926,0.0481435734878462,525.504677356244,671.60748376999
"1539",2041,7060,345.345956,0.0489158577903683,548.486890190892,684.24436255229
"1539",2042,7044,348.980675,0.04954296919364,570.666974367163,694.38139195309
"1539",2043,7027,349.929029,0.0497977841184005,588.431277433232,697.500037197603
"1539",2044,7011,354.368402,0.0505446301526173,613.79589080547,710.123730071575
"1539",2045,6995,361.601214,0.0516942407433881,646.729081739802,730.897331372064
"1539",2046,6980,363.184322,0.0520321378223496,667.926675850358,736.031383353363
"1539",2047,6964,364.514149,0.0523426405801264,688.956309095429,740.542320107526
"1539",2048,6948,365.112563,0.0525493038284398,708.411721252936,742.985644597769
"1539",2049,6933,369.053802,0.0532314729554305,737.453794355877,755.198747382729
"1539",2050,6917,374.852005,0.0541928588983664,773.320820171151,773.320820171151
"1547",2026,3603,97.756748,0.0271320421870663,188.548996224742,202.48996224742
"1547",2027,3623,100.520987,0.0277452351642285,189.753001992552,207.021832673107
"1547",2028,3644,105.652269,0.028993487650933,191.966068177145,215.377532440831
"1547",2029,3663,108.079052,0.0295056107016107,193.911066323118,219.522665049967
"1547",2030,3682,113.520266,0.0308311423139598,197.430629592373,228.722518369492
"1547",2031,3700,116.05713,0.0313667918918919,200.281776045453,233.197481897228
"1547",2032,3718,118.643393,0.0319105414201183,203.512114401386,237.806505850417
"1547",2033,3736,124.424375,0.0333041688972163,209.164834473159,248.144370960439
"1547",2034,3755,128.716934,0.0342788106524634,214.629532887395,256.073832218487
"1547",2035,3772,131.133199,0.0347648989925769,219.21756216458,260.640142090468
"1547",2036,3790,134.306604,0.0354370986807388,224.854018039272,266.692669556362
"1547",2037,3808,137.131893,0.0360115265231092,230.643656698313,272.158354533293
"1547",2038,3824,140.307298,0.0366912390167364,237.257290866666,278.376892484847
"1547",2039,3840,142.986194,0.0372359880208333,243.807853954567,283.694219497136
"1547",2040,3855,147.215637,0.0381882326848249,252.774322445255,292.238915912408
"1547",2041,3869,147.919748,0.0382320361850607,257.654431546679,293.648198561025
"1547",2042,3882,150.940218,0.0388820757341576,266.00554966104,299.865070944343
"1547",2043,3895,154.019737,0.0395429363286264,274.983627209801,306.299833504815
"1547",2044,3906,156.376096,0.0400348428059396,283.318709167879,311.282205377909
"1547",2045,3917,158.272241,0.0404064950217003,291.255977205566,315.315048868389
"1547",2046,3928,159.708529,0.0406589941446029,298.663751871922,318.36911984932
"1547",2047,3938,160.294831,0.0407046295073641,304.659563015103,319.574155509975
"1547",2048,3947,162.455797,0.0411593101089435,313.97573753357,324.271067603859
"1547",2049,3956,164.275458,0.0415256466127401,322.952545902837,328.24939834061
"1547",2050,3964,169.025075,0.0426400290110999,338.986001812297,338.986001812297
"1554",2026,5772,153.878036,0.0266593963963964,341.634626181326,365.346261813263
"1554",2027,5794,162.759536,0.028091048671039,344.806624218196,381.229994314154
"1554",2028,5815,169.877574,0.0292136842648323,348.697999061336,394.417137493351
"1554",2029,5835,177.322035,0.0303893804627249,353.783964804757,408.57159908121
"1554",2030,5854,186.319889,0.0318277910830202,360.794176420672,426.17670568269
"1554",2031,5872,193.846516,0.0330120088555858,368.443548033704,441.412340986798
"1554",2032,5889,203.213461,0.034507295126507,378.642185619204,460.975955751396
"1554",2033,5906,209.199633,0.0354215430071114,387.897758671782,473.890368749743
"1554",2034,5922,218.766596,0.0369413367105708,401.452000571588,495.13000142897
"1554",2035,5938,225.145141,0.0379159887167396,413.698820688396,509.740161573477
"1554",2036,5954,231.978474,0.0389617860262009,427.72488046265,525.789222026631
"1554",2037,5969,241.742863,0.0404997257497068,446.89191849698,549.520816579474
"1554",2038,5983,247.910378,0.0414357977603209,463.269524019877,564.94458912705
"1554",2039,5997,255.146673,0.0425457183591796,482.665891790185,583.537688153507
"1554",2040,6009,262.005807,0.0436022311532701,503.167769237183,601.668430779493
"1554",2041,6020,268.135914,0.0445408495016611,524.023498852275,618.280752984566
"1554",2042,6030,275.798565,0.0457377388059702,549.490614075651,639.70087725093
"1554",2043,6039,275.788119,0.0456678455042226,560.577987509226,639.44472882607
"1554",2044,6046,284.325227,0.0470269975190208,591.01243557984,664.177336232051
"1554",2045,6052,288.632536,0.0476920912095175,613.555181386387,676.91406939863
"1554",2046,6057,293.365785,0.0484341728578504,638.386549795844,691.219470348052
"1554",2047,6061,297.008933,0.0490032887312325,661.529824396199,702.413886643605
"1554",2048,6064,296.425854,0.0488828914907652,673.364361680187,700.474985600202
"1554",2049,6066,304.356934,0.0501742390372568,711.133699906541,725.632415487316
"1554",2050,6067,306.219826,0.0504730222515246,731.645493127948,731.645493127948
"1557",2026,2656,75.64588,0.0284811295180723,121.270536919246,141.705369192457
"1557",2027,2660,77.117869,0.028991680075188,122.422884893988,143.893708319913
"1557",2028,2664,82.370351,0.0309198014264264,124.745459057662,151.831194615211
"1557",2029,2669,86.247058,0.0323143716747846,127.280741718316,157.968196321488
"1557",2030,2673,90.381753,0.0338128518518519,130.438492306701,164.753969226803
"1557",2031,2677,93.807149,0.035041893537542,133.829878316763,170.58218544961
"1557",2032,2681,99.020521,0.0369341741887355,138.765074621835,179.815614221031
"1557",2033,2684,103.673073,0.0386263312220566,144.177139162281,188.454176999396
"1557",2034,2687,107.955691,0.0401770342389282,150.101077369628,196.752693424069
"1557",2035,2689,110.932359,0.0412541312755671,155.629413148987,202.72437291197
"1557",2036,2691,114.145517,0.0424175091044222,161.92365519146,209.365589876758
"1557",2037,2692,118.073799,0.0438609951708767,169.629378932703,217.78903206381
"1557",2038,2692,120.88991,0.0449070988112927,176.774335679195,224.044246689446
"1557",2039,2691,122.197586,0.0454097309550353,182.467021491481,227.028972751457
"1557",2040,2690,124.89945,0.0464310223048327,190.441270575798,233.306032921277
"1557",2041,2689,126.482406,0.047036967645965,197.225449804217,237.076150647875
"1557",2042,2687,127.674273,0.0475155463342017,203.692096273031,239.988708961473
"1557",2043,2685,129.661974,0.0482912379888268,211.850222097772,244.898606234267
"1557",2044,2683,129.980256,0.048445865076407,217.225520812098,245.742607499481
"1557",2045,2681,131.836377,0.0491743293547184,225.8027745252,250.4495686464
"1557",2046,2678,132.667274,0.0495396840926064,232.607337858397,252.655691598114
"1557",2047,2676,130.981725,0.0489468329596413,233.884934823918,248.447813886104
"1557",2048,2673,133.364025,0.0498930134680135,244.436910991046,254.607471341671
"1557",2049,2670,133.894056,0.0501475865168539,250.939781769036,256.08029274705
"1557",2050,2667,135.496541,0.0508048522684664,260.384183563619,260.384183563619
"1560",2026,3035,103.163271,0.0339911930807249,132.500864932519,209.008649325192
"1560",2027,3042,106.928213,0.0351506288625904,136.67333752018,216.16972741949
"1560",2028,3049,110.479301,0.0362346018366678,141.345780997383,223.118748556474
"1560",2029,3055,114.187697,0.037377314893617,146.648445580972,230.580920381043
"1560",2030,3060,118.237741,0.0386397846405229,152.746839678335,238.987358713338
"1560",2031,3065,123.836901,0.0404035566068515,160.536567525661,251.083713132735
"1560",2032,3070,126.662301,0.0412580785016287,167.347967651577,257.378362004852
"1560",2033,3074,129.673322,0.0421839043591412,174.842026340481,264.253865766845
"1560",2034,3078,134.644751,0.0437442335932424,184.805070765554,276.012676913885
"1560",2035,3082,139.029421,0.045110130110318,195.2166549779,286.780925663771
"1560",2036,3086,139.066336,0.0450636215165263,201.326128153257,286.791848743698
"1560",2037,3089,143.372529,0.0464138973777922,213.050599819085,297.757267939679
"1560",2038,3092,145.192147,0.0469573567270375,222.154839626717,302.463344775849
"1560",2039,3094,149.11405,0.0481945862960569,235.017967811518,312.966753721734
"1560",2040,3097,151.450592,0.0489023545366484,246.081142529579,319.329828047327
"1560",2041,3099,151.589876,0.0489157392707325,253.619342858039,319.651838276285
"1560",2042,3101,154.707386,0.0498895149951629,267.080934892665,328.40133556095
"1560",2043,3102,157.900661,0.0509028565441651,281.561619612398,337.642874050709
"1560",2044,3103,160.143621,0.0516092881082823,294.71113190231,344.272428261045
"1560",2045,3104,163.023452,0.0525204420103093,310.048514644504,352.982787254774
"1560",2046,3105,162.662151,0.0523871661835749,317.651221733128,351.824966744856
"1560",2047,3105,166.79339,0.0537176779388084,337.645196599018,364.726982083401
"1560",2048,3105,168.977089,0.0544209626409018,353.15655218371,371.736813171578
"1560",2049,3105,171.212629,0.0551409433172303,369.488164976652,379.052638936781
"1560",2050,3104,173.271194,0.0558219052835052,385.980077713211,385.980077713211
"1563",2026,6682,197.354062,0.0295351783897037,303.24283949203,413.428394920302
"1563",2027,6655,202.959618,0.0304973129977461,309.098086088112,422.622444277177
"1563",2028,6630,207.992911,0.0313714797888386,315.520372960969,431.116416919825
"1563",2029,6607,214.34963,0.032442807628273,323.14318278901,442.262036654163
"1563",2030,6585,223.617112,0.0339585591495824,333.062724605581,459.250898422323
"1563",2031,6564,228.724787,0.0348453362279098,342.148532780525,468.907940106175
"1563",2032,6543,235.995005,0.0360683180498242,353.445527675021,483.14008515391
"1563",2033,6522,244.347693,0.0374651476540938,366.815843905503,500.147155601388
"1563",2034,6500,252.394684,0.0388299513846154,381.487725183345,517.219312958363
"1563",2035,6478,260.083087,0.0401486704229701,397.400560387874,534.20128088657
"1563",2036,6455,266.725834,0.0413208108443067,413.770664249524,549.464556314788
"1563",2037,6432,274.695761,0.0427076742848259,433.193727881744,568.451176354622
"1563",2038,6408,283.019385,0.0441665706928839,454.978215655165,589.142210282118
"1563",2039,6383,289.603742,0.0453711016763277,476.234768199168,606.293222466669
"1563",2040,6358,299.809778,0.0471547307329349,505.244668342528,633.791469348044
"1563",2041,6333,305.956911,0.0483115286594031,529.751775645707,651.380038710501
"1563",2042,6308,313.082788,0.0496326550412175,558.001505629648,672.430722328069
"1563",2043,6283,319.234554,0.0508092557695368,586.324866592328,691.440497074344
"1563",2044,6257,325.030536,0.0519467054498961,615.810144136441,710.10986340186
"1563",2045,6230,331.640528,0.0532328295345104,649.388894391886,732.094023866937
"1563",2046,6203,334.369098,0.0539044168950508,674.599459288535,742.293481515924
"1563",2047,6175,340.035465,0.0550664720647773,709.505918678284,762.555964707926
"1563",2048,6147,343.046683,0.0558071714657557,738.211222157924,774.47159152208
"1563",2049,6118,345.829879,0.0565266229159856,767.414745094077,785.976358539301
"1563",2050,6088,347.570216,0.0570910341655716,794.163208025745,794.163208025745
"1566",2026,5743,174.25097,0.0303414539439317,295.352855358973,298.528553589734
"1566",2027,5723,180.458277,0.0315321120041936,296.682046228839,307.233063482464
"1566",2028,5703,188.208805,0.0330017192705594,299.12720434669,318.58402483823
"1566",2029,5685,194.839982,0.0342726441512753,302.159984915317,328.694046660315
"1566",2030,5667,200.962159,0.0354618244220928,305.842987489497,338.371949957989
"1566",2031,5649,208.673633,0.0369399244114002,311.119021865613,351.066163010829
"1566",2032,5630,213.938913,0.0379998069271758,316.147380065722,360.068861740684
"1566",2033,5611,222.614735,0.0396746988059169,324.180373038279,375.497580795251
"1566",2034,5592,228.864805,0.0409271825822604,331.852415701867,387.131039254668
"1566",2035,5572,232.052157,0.0416461157573582,338.017990219989,393.326834788546
"1566",2036,5552,236.073939,0.0425205221541787,345.493430056161,401.30195801297
"1566",2037,5531,241.711757,0.0437012758994757,355.356183007373,412.768161965607
"1566",2038,5510,248.375276,0.0450771825771325,367.492493289319,426.804533253307
"1566",2039,5489,253.013004,0.0460945534705775,378.4541063466,437.049542717618
"1566",2040,5468,258.17055,0.0472148043160205,391.113728694728,448.781965911564
"1566",2041,5447,260.929059,0.0479032603267854,401.309877171099,455.467739126186
"1566",2042,5427,264.914904,0.0488142443338861,414.087301773685,465.12471681955
"1566",2043,5406,267.508001,0.0494835369959304,425.386616123311,471.795411692625
"1566",2044,5386,272.149705,0.0505290948756034,441.12107994685,483.543328963677
"1566",2045,5366,272.902426,0.0508577014535967,450.229764508397,486.052017856489
"1566",2046,5346,276.838999,0.0517843245417134,466.308997784642,496.539997393696
"1566",2047,5326,277.744601,0.052148817311303,476.571189822805,499.587256138372
"1566",2048,5306,280.739017,0.0529097280437241,492.088670013672,508.068832447213
"1566",2049,5287,283.528481,0.0536274789105353,507.887105794221,516.181408617372
"1566",2050,5267,285.43136,0.0541923979494969,522.152600056368,522.152600056368
"1573",2026,2096,65.5718,0.0312842557251908,114.976162157569,186.761621575692
"1573",2027,2092,66.942018,0.031999052581262,118.418964460764,190.047014260102
"1573",2028,2088,70.135511,0.0335898041187739,122.930205619018,198.029746394391
"1573",2029,2084,74.163753,0.0355872135316699,128.596584342415,208.630985140775
"1573",2030,2081,74.678822,0.0358860269101394,132.755642241664,210.022568966655
"1573",2031,2078,76.713759,0.0369171121270452,138.238474564206,215.655563701586
"1573",2032,2076,78.733241,0.0379254532755299,144.183101501027,221.409543080083
"1573",2033,2073,81.949711,0.0395319397009165,151.919512443462,230.915896395757
"1573",2034,2071,84.79556,0.040944258812168,160.073276193868,239.68319048467
"1573",2035,2069,87.374667,0.0422303852102465,168.658958171521,247.934761534905
"1573",2036,2067,91.295629,0.0441681804547654,180.166342186548,261.034404603259
"1573",2037,2064,94.43708,0.0457543992248062,191.60916027927,272.091044447356
"1573",2038,2062,95.59431,0.0463599951503395,200.126057248948,276.320104088997
"1573",2039,2059,97.888878,0.0475419514327343,211.509532077031,284.8885652375
"1573",2040,2056,99.969237,0.0486231697470817,223.201411679,292.9222586864
"1573",2041,2052,102.595446,0.0499977807017544,237.138468179588,303.435423667302
"1573",2042,2048,104.553833,0.0510516762695312,250.225433464636,311.607762092337
"1573",2043,2044,106.997905,0.0523473116438356,265.636096589578,322.099791985869
"1573",2044,2040,108.854054,0.0533598303921569,280.136565656488,330.40202020192
"1573",2045,2035,109.936501,0.0540228506142506,292.705685216071,335.560843342856
"1573",2046,2031,110.417554,0.0543661024126046,303.373345286497,338.027465042938
"1573",2047,2026,114.084264,0.0563101006910168,327.467600365438,355.41419759486
"1573",2048,2020,113.46376,0.0561701782178218,334.57037131957,353.022023048184
"1573",2049,2015,114.337281,0.0567430674937965,348.252230997441,357.65166856877
"1573",2050,2010,115.956256,0.05768967960199,366.023905433761,366.023905433761
"1576",2026,3433,110.063229,0.0320603638217303,379.210085164452,408.100851644517
"1576",2027,3436,115.01582,0.0334737543655413,382.653256253585,424.387318207891
"1576",2028,3439,117.056646,0.0340379895318407,385.676630889017,431.295033651527
"1576",2029,3442,122.792054,0.035674623474724,391.985300281553,451.224942501427
"1576",2030,3446,127.442185,0.0369826421938479,399.007669162024,468.030676648097
"1576",2031,3450,131.167994,0.0380197084057971,406.450321994901,481.914163460526
"1576",2032,3453,135.169691,0.0391455809441066,415.409197457237,497.259069099191
"1576",2033,3456,138.117988,0.0399646956018518,424.157888027771,508.849346283506
"1576",2034,3459,144.332249,0.0417265825383059,439.267486481672,534.16871620418
"1576",2035,3461,149.133425,0.0430896922854666,454.123016487255,554.566894828012
"1576",2036,3462,153.375426,0.0443025493934142,469.68964585353,573.241359691643
"1576",2037,3463,158.247469,0.0456966413514294,488.472566084657,595.458665531037
"1576",2038,3463,159.105453,0.0459443987871788,498.906035739011,599.465519525475
"1576",2039,3462,161.949915,0.0467792937608319,515.231835252526,612.99035787664
"1576",2040,3461,165.860164,0.0479226131175961,536.047062408196,632.075299853114
"1576",2041,3459,168.51074,0.0487166059554785,554.499993866688,645.433953006322
"1576",2042,3457,171.64941,0.0496527075498988,575.930404979885,661.614864256979
"1576",2043,3454,172.339326,0.049895577880718,589.433118525555,665.400838678718
"1576",2044,3451,173.849915,0.0503766777745581,606.591449898907,673.537354708268
"1576",2045,3448,176.308732,0.0511336229698376,628.592074535349,686.882553274276
"1576",2046,3445,176.40616,0.0512064325108853,640.893001063159,687.638824780187
"1576",2047,3441,180.490571,0.0524529412961348,672.789578955292,710.410793189061
"1576",2048,3437,180.418751,0.0524930901949374,685.279814584756,710.356556307844
"1576",2049,3433,182.029666,0.053023497232741,706.898222558322,719.790361099556
"1576",2050,3429,182.938764,0.0533504706911636,725.343201382265,725.343201382265
"1577",2026,10818,277.627264,0.0256634557219449,572.087592063704,581.875920637036
"1577",2027,10862,285.537228,0.0262877212299761,574.189868956493,594.199046956311
"1577",2028,10907,295.261843,0.0270708575226918,577.727714243094,609.44408138911
"1577",2029,10955,304.18072,0.0277663824737563,582.21145957982,623.759809787388
"1577",2030,11004,315.623737,0.0286826369501999,588.820924167917,642.283696671668
"1577",2031,11054,324.804723,0.0293834560340148,595.885600868984,657.558611718204
"1577",2032,11104,335.613485,0.0302245573667147,605.041844719654,675.744137598936
"1577",2033,11155,347.141535,0.0311198148812192,616.131103328575,695.499595389173
"1577",2034,11204,356.831691,0.0318485979114602,627.588824708214,712.472061770536
"1577",2035,11252,370.238701,0.0329042571098471,643.303757213424,736.265730773541
"1577",2036,11298,381.608367,0.0337766301115242,659.321852283035,756.940741648494
"1577",2037,11340,390.234924,0.0344122507936508,674.494082185132,772.939672556355
"1577",2038,11376,400.658648,0.0352196420534459,692.839444251831,792.526262276057
"1577",2039,11408,408.671871,0.0358232705995792,710.148284684742,807.848144144241
"1577",2040,11435,418.518601,0.0365997902055094,730.975593239094,826.960949182551
"1577",2041,11457,429.878008,0.0375209922318233,755.487893924615,849.4722927164
"1577",2042,11476,435.83801,0.0379782162774486,774.334170212069,861.477386017241
"1577",2043,11491,441.762872,0.038444249586633,794.133585490159,873.554014223944
"1577",2044,11504,447.387688,0.0388897503477052,814.468080531251,885.152361975808
"1577",2045,11514,453.949755,0.0394258949973945,837.39657975678,898.872713546806
"1577",2046,11522,460.216461,0.0399424111265405,860.987575464224,912.161853487322
"1577",2047,11528,462.575622,0.0401262683900069,878.243779270345,917.190173825741
"1577",2048,11532,468.939464,0.0406641921609435,903.968483226402,930.965927812327
"1577",2049,11534,470.871809,0.0408246756545864,921.524291397511,935.18108197144
"1577",2050,11536,476.998127,0.041348658720527,948.7042721047,948.7042721047
"1578",2026,2513,90.866195,0.0361584540389972,136.000136439022,145.001364390217
"1578",2027,2506,93.459361,0.0372942382282522,136.940406130565,149.112044585924
"1578",2028,2500,96.535304,0.0386141216,138.354009961708,154.16577120976
"1578",2029,2495,100.077003,0.040111023246493,140.359176211327,160.219652759186
"1578",2030,2491,102.774084,0.0412581629867523,142.501953965649,165.007815862594
"1578",2031,2488,105.218097,0.0422902319131833,144.9124963382,169.478248132869
"1578",2032,2486,109.11104,0.0438902011263073,148.597091589856,176.837204891865
"1578",2033,2485,113.426277,0.0456443770623742,153.256218113648,185.361981003166
"1578",2034,2484,116.424647,0.04686982568438,157.614679296534,191.536698241335
"1578",2035,2483,116.958632,0.0471037583568264,160.233166559254,192.675809278296
"1578",2036,2483,122.534398,0.0493493346757954,168.131662161854,204.750867709167
"1578",2037,2483,126.086363,0.0507798481675393,174.890322462243,212.834775536083
"1578",2038,2482,128.073143,0.0516007828364222,180.391289543472,217.529617351767
"1578",2039,2482,131.042393,0.0527970962933118,187.692352304285,224.689110305166
"1578",2040,2480,134.065843,0.0540588076612903,195.817565593203,232.308104949124
"1578",2041,2479,136.760444,0.0551675853166599,204.091845067634,239.28957746058
"1578",2042,2476,139.56678,0.0563678432956381,213.324749525721,246.892499322458
"1578",2043,2474,142.557208,0.0576221535974131,223.656908404807,255.212757159061
"1578",2044,2470,145.04954,0.0587245101214575,233.826281201731,262.517782195781
"1578",2045,2466,146.53572,0.0594224330900243,242.324056607274,267.091146593568
"1578",2046,2461,149.642604,0.0608056091019911,255.460826642569,276.718619579493
"1578",2047,2455,151.966925,0.0619009877800407,267.549340459182,284.351369531473
"1578",2048,2449,153.151251,0.0625362396896693,277.057985475857,288.57620051444
"1578",2049,2442,153.754731,0.0629626253071253,285.238306173228,291.091746673484
"1578",2050,2435,155.222404,0.0637463671457906,296.480896269239,296.480896269239
"1579",2026,13234,315.211018,0.0238182724799758,562.763533375466,686.635333754662
"1579",2027,13244,329.084499,0.0248478178042887,570.666351687648,706.57346681926
"1579",2028,13254,342.121032,0.0258126627433228,579.943124965541,725.817856945949
"1579",2029,13264,354.347691,0.0267149947979493,590.506646265554,744.325394190842
"1579",2030,13275,370.084847,0.0278783312241055,603.943554310266,768.774217241065
"1579",2031,13286,385.364461,0.0290053034020774,619.220254158259,793.244362289595
"1579",2032,13296,400.447063,0.0301178597322503,636.461391297047,818.111973221683
"1579",2033,13307,414.044894,0.0311148188171639,654.917369175022,841.185846000061
"1579",2034,13317,428.718721,0.0321933409176241,676.102590865058,866.756477162646
"1579",2035,13325,443.465435,0.0332807080675422,699.580370450018,893.183703885754
"1579",2036,13334,458.640723,0.0343963344082796,725.79014487817,921.189778690885
"1579",2037,13342,472.476271,0.0354127020686554,753.207320811764,947.453308901002
"1579",2038,13348,484.591184,0.0363044039556488,781.120318451396,971.036942638902
"1579",2039,13353,496.087711,0.0371517794503108,810.402003787386,993.9395809147
"1579",2040,13357,509.062472,0.0381120365351501,843.637053903443,1020.41928624551
"1579",2041,13361,522.077495,0.0390747320559838,879.371192138327,1047.67349756729
"1579",2042,13363,529.613248,0.039632810596423,909.345664542324,1063.77952077475
"1579",2043,13364,539.50976,0.0403703801257109,944.530548038035,1085.3126075092
"1579",2044,13363,546.712351,0.0409123962433585,977.009990944355,1101.27095605723
"1579",2045,13361,556.443746,0.0416468637078063,1015.55082965601,1123.21640573048
"1579",2046,13357,566.726981,0.0424292117241896,1057.22617589854,1146.91314811593
"1579",2047,13351,575.815594,0.0431290235937383,1098.64755667975,1168.32119062506
"1579",2048,13343,580.765771,0.0435258765644907,1132.88931043881,1180.23168696088
"1579",2049,13334,584.126105,0.0438072675116244,1164.47404260178,1188.45355075509
"1579",2050,13324,596.238163,0.044749186655659,1218.23032011247,1218.23032011247
"1804",2026,53468,1081.159606,0.0202206853819107,1867.89513106476,1866.95131064756
"1804",2027,53645,1126.604868,0.0210011160033554,1874.2044125141,1913.12300010254
"1804",2028,53817,1173.397653,0.0218034757232845,1884.34447995089,1961.3970282908
"1804",2029,53984,1216.251031,0.0225298427497036,1897.44200545264,2006.55061389478
"1804",2030,54145,1265.57466,0.0233738047834518,1915.76010238491,2059.04040953963
"1804",2031,54300,1314.32371,0.0242048565377532,1938.12498886009,2111.91300473073
"1804",2032,54449,1362.350697,0.0250206743374534,1964.52305231544,2164.99400712442
"1804",2033,54591,1414.490741,0.0259106948214907,1996.89401796137,2223.56970472102
"1804",2034,54728,1460.471078,0.0266859939701798,2031.37041036142,2276.42602590354
"1804",2035,54861,1513.803095,0.0275934287563114,2073.93312495727,2338.70428561662
"1804",2036,54991,1562.912018,0.0284212328926552,2119.44982564292,2397.36805398508
"1804",2037,55116,1612.701744,0.0292601376006967,2170.37764045768,2458.00515211254
"1804",2038,55232,1661.71712,0.0300861297798378,2225.9795105838,2518.87183742509
"1804",2039,55342,1709.094044,0.0308824047558816,2285.64154984925,2578.87923378595
"1804",2040,55444,1758.542022,0.0317174450256114,2352.1852806207,2642.69644899312
"1804",2041,55538,1804.309907,0.0324878444848572,2421.16104156784,2702.96006274391
"1804",2042,55623,1851.876651,0.0332933615770455,2497.14009648204,2766.77156640292
"1804",2043,55700,1890.580381,0.0339421971454219,2569.87286537255,2819.69202084414
"1804",2044,55767,1928.958111,0.0345895979880575,2646.8691293004,2872.99242490375
"1804",2045,55826,1979.623902,0.0354606079962741,2742.77510836965,2944.64628722419
"1804",2046,55876,2019.299833,0.036138947544563,2831.81581747379,3001.90096173387
"1804",2047,55918,2060.161666,0.0368425491970385,2927.60553868137,3061.92173372549
"1804",2048,55952,2093.338754,0.0374131175650558,3018.20937620574,3111.46959589809
"1804",2049,55978,2130.105698,0.0380525509664511,3118.54240587219,3167.2648372698
"1804",2050,55998,2179.209569,0.0389158464409443,3243.30843589173,3243.30843589173
"1806",2026,21160,589.14869,0.0278425656899811,1314.94266767232,1404.42667672316
"1806",2027,21113,603.386211,0.02857889504097,1322.12116669198,1429.5175759417
"1806",2028,21066,622.329179,0.0295418769106617,1332.82569768205,1464.00398675457
"1806",2029,21021,638.420051,0.0303705842252985,1345.16621103693,1494.01746370318
"1806",2030,20976,653.358862,0.0311479243897788,1359.38020147837,1522.52080591348
"1806",2031,20932,676.645157,0.032325872205236,1380.77129639796,1568.55233529725
"1806",2032,20889,697.311713,0.0333817661448609,1404.35751780158,1610.71543938948
"1806",2033,20846,716.061581,0.0343500710448048,1430.09440486652,1650.08801342487
"1806",2034,20803,735.451627,0.035353152285728,1459.80313972677,1692.00784931693
"1806",2035,20762,754.802044,0.0363549775551488,1493.16585650471,1735.09338629648
"1806",2036,20721,779.347523,0.0376114822161093,1536.12431952522,1791.57751478993
"1806",2037,20681,799.660092,0.0386664132295344,1579.14443945733,1839.91597942893
"1806",2038,20639,817.220197,0.0395959201996221,1622.88066303406,1882.9648418801
"1806",2039,20596,834.524031,0.0405187430083511,1670.17283274299,1926.570779137
"1806",2040,20552,851.348704,0.0414241292331647,1720.7199653749,1970.15194459984
"1806",2041,20507,871.088709,0.0424776275905788,1780.47936480823,2022.70470159733
"1806",2042,20461,885.242655,0.0432648773275988,1834.64511270042,2061.63587528631
"1806",2043,20413,896.94842,0.0439400587860677,1887.43011753561,2094.73575259066
"1806",2044,20365,908.775421,0.0446243761846305,1943.5083090452,2128.88168909058
"1806",2045,20315,922.17319,0.045393708589712,2006.46650728188,2168.3433935777
"1806",2046,20265,936.448453,0.0462101383172958,2075.38947661745,2211.34056072641
"1806",2047,20214,945.596851,0.0467793039972296,2134.83203723233,2240.0220137829
"1806",2048,20161,953.373141,0.0472879887406379,2193.11524060755,2265.12458444059
"1806",2049,20108,960.291653,0.0477566964889596,2251.15229538976,2288.01537183351
"1806",2050,20055,967.792793,0.0482569330840189,2313.09469160796,2313.09469160796
"1811",2026,1358,52.601923,0.0387348475699558,87.2262766769689,98.2627667696886
"1811",2027,1350,55.333282,0.0409876162962963,88.4510742063067,103.825994227685
"1811",2028,1342,56.2351,0.0419039493293592,89.4654865011471,105.802780006555
"1811",2029,1335,57.913336,0.0433807760299625,91.0030207645723,109.543627127399
"1811",2030,1328,59.59296,0.0448742168674699,92.8661591593633,113.464636637453
"1811",2031,1322,62.5168,0.0472895612708018,95.942783487798,120.583594740167
"1811",2032,1315,65.77092,0.0500159087452472,100.017808995997,129.131719987684
"1811",2033,1308,66.231041,0.0506353524464832,102.173366176342,130.616182555425
"1811",2034,1301,68.723915,0.0528239162182936,106.738489087623,137.846222719057
"1811",2035,1295,70.378694,0.0543464818532818,110.930339460178,142.983633051836
"1811",2036,1288,71.064812,0.0551745434782609,114.231309860482,145.434336548383
"1811",2037,1281,74.630734,0.0582597455113193,122.511654461187,157.242252607195
"1811",2038,1274,75.419419,0.0591989160125589,126.925260741997,160.40956498545
"1811",2039,1267,75.715547,0.0597597056037885,130.631366952335,161.968284174187
"1811",2040,1260,78.668322,0.0624351761904762,140.48213904809,173.171422476944
"1811",2041,1253,78.165316,0.06238253471668,142.951246734907,171.964146014954
"1811",2042,1246,80.075204,0.0642658138041734,151.762822036601,179.946888623716
"1811",2043,1240,79.070744,0.0637667290322581,152.874534956206,176.677335533839
"1811",2044,1233,80.977965,0.0656755596107056,162.721812826107,184.995887517558
"1811",2045,1226,80.576727,0.0657232683523654,165.773956214078,184.183330725019
"1811",2046,1220,78.771838,0.0645670803278689,163.889479046567,177.634681231255
"1811",2047,1213,80.381604,0.0662667798845837,173.801395149779,184.93114946454
"1811",2048,1207,80.266664,0.0665009643744822,177.747607970836,185.186603211714
"1811",2049,1200,79.877005,0.0665641708333333,180.736838770192,184.427884436563
"1811",2050,1194,79.004975,0.0661683207705193,181.549947972115,181.549947972115
"1812",2026,1962,59.294,0.0302212028542304,119.196176316594,129.961763165942
"1812",2027,1962,61.724191,0.0314598323139653,120.254038924341,134.393010358843
"1812",2028,1962,64.72909,0.032991381243629,121.864290178677,140.08165816387
"1812",2029,1962,65.327567,0.0332964153924567,122.939155656757,141.243085443563
"1812",2030,1962,67.224515,0.0342632594291539,124.747097460925,144.9883898437
"1812",2031,1961,69.333807,0.0353563523712392,126.989084782287,149.266381851433
"1812",2032,1961,73.461236,0.0374611096379398,131.005680052691,158.017477085203
"1812",2033,1961,75.637747,0.0385710081591025,134.25338292441,162.836918412166
"1812",2034,1961,77.237366,0.0393867241203468,137.388965021311,166.472412553277
"1812",2035,1960,79.277391,0.0404476484693878,141.290352808627,171.235092134004
"1812",2036,1960,80.611298,0.0411282132653061,144.798942426528,174.418826161112
"1812",2037,1960,84.115426,0.0429160336734694,151.346959403071,183.067237859651
"1812",2038,1960,85.132033,0.0434347107142857,155.210589856642,185.655617921168
"1812",2039,1960,87.067309,0.0444220964285714,160.702199934897,190.684595633868
"1812",2040,1959,88.636277,0.045245674834099,166.052392773279,194.883828437247
"1812",2041,1958,90.256661,0.0460963539325843,171.875592745087,199.321649426547
"1812",2042,1957,90.840679,0.0464183336739908,176.07463011451,200.963757306442
"1812",2043,1956,92.671792,0.0473782167689162,183.009444135993,206.148398828465
"1812",2044,1954,93.489651,0.0478452666325486,188.182215135595,208.557696949155
"1812",2045,1953,94.319479,0.0482946641065028,193.564268653498,211.002176804305
"1812",2046,1951,97.584271,0.0500175658636597,205.421919371075,220.849316907147
"1812",2047,1949,97.862829,0.0502118158029759,210.110105043911,221.786033852294
"1812",2048,1946,99.112694,0.0509314974306269,217.715813390184,225.80087934074
"1812",2049,1944,102.956297,0.052961058127572,233.796213973401,238.307754777559
"1812",2050,1941,102.367383,0.0527395069551777,236.517313398064,236.517313398064
"1813",2026,7788,193.299648,0.0248201910631741,596.006999314115,695.069993141151
"1813",2027,7785,200.850571,0.0257996879897238,602.664686689064,713.470448647739
"1813",2028,7782,209.537604,0.026925932151118,611.297741938785,735.27281107877
"1813",2029,7780,218.442576,0.0280774519280206,621.838444305389,758.357384966539
"1813",2030,7775,227.212309,0.0292234481028939,634.187022814415,781.748091257659
"1813",2031,7771,236.069106,0.0303782146441899,648.582062531207,806.155000108547
"1813",2032,7766,244.27006,0.0314537805820242,664.441881516626,829.436558512694
"1813",2033,7761,251.796317,0.0324437980930293,681.575883225545,851.416229587709
"1813",2034,7756,262.040615,0.0337855357142857,703.935415125491,882.338537813728
"1813",2035,7751,270.254572,0.034867058702103,726.29741727431,907.965525198422
"1813",2036,7747,279.300467,0.0360527258293533,752.245155661632,937.095064550804
"1813",2037,7744,290.561796,0.0375208930785124,784.725807082381,974.708891868061
"1813",2038,7741,298.635219,0.0385783773414288,814.693370881193,1002.62431069308
"1813",2039,7738,306.226115,0.0395743234685965,846.215737513613,1029.62253193806
"1813",2040,7734,313.099383,0.0404834992242048,878.58166740512,1054.73066784819
"1813",2041,7730,324.244432,0.0419462395860285,924.042654463019,1096.76249730267
"1813",2042,7725,330.279342,0.0427546073786408,959.710478094358,1120.30068299194
"1813",2043,7719,338.639718,0.0438709312087058,1004.47022099323,1153.77318100776
"1813",2044,7711,344.941835,0.0447337355725587,1045.97983344688,1179.81268831856
"1813",2045,7702,352.303363,0.0457418025188263,1093.65302534351,1211.03449273048
"1813",2046,7691,358.467483,0.0466086962683656,1140.06502246039,1238.01767348281
"1813",2047,7679,364.681777,0.0474907900768329,1189.34796583971,1265.95545446728
"1813",2048,7665,369.574051,0.0482157926940639,1235.91447801795,1288.69132758698
"1813",2049,7650,377.14762,0.0493003424836601,1296.75693778248,1324.48772756621
"1813",2050,7633,383.616786,0.0502576688064981,1356.23799866491,1356.23799866491
"1815",2026,1186,40.24717,0.0339352192242833,142.326471336459,136.264713364586
"1815",2027,1182,42.127446,0.0356408172588832,142.893029150912,142.222030188451
"1815",2028,1179,43.452928,0.0368557489397795,143.630693108629,146.603960620737
"1815",2029,1175,44.846086,0.0381668817021277,144.781837814152,151.38511912542
"1815",2030,1171,46.339503,0.0395725900939368,146.430273107986,156.721092431945
"1815",2031,1168,48.525758,0.0415460256849315,149.295384119844,164.896988242936
"1815",2032,1164,50.0815,0.0430253436426117,152.115015702318,171.046202160978
"1815",2033,1160,51.049902,0.0440085362068966,154.620251023862,175.055864893413
"1815",2034,1157,52.038102,0.0449767519446845,157.495877206247,179.239693015617
"1815",2035,1153,53.642635,0.0465244015611448,161.927077379651,186.261891153487
"1815",2036,1149,53.844914,0.0468624142732811,164.052858891337,187.321808192288
"1815",2037,1145,56.740395,0.0495549301310044,172.613681803355,200.782793762644
"1815",2038,1141,56.539403,0.0495525004382121,174.387515769902,200.06821049073
"1815",2039,1136,56.14338,0.0494219894366197,175.599805984512,198.489031462998
"1815",2040,1132,59.422323,0.0524932181978799,187.960066395946,214.936106233513
"1815",2041,1127,59.83617,0.0530933185448092,192.35036685755,217.491119784981
"1815",2042,1122,60.880803,0.0542609652406417,199.335436384576,223.479194835109
"1815",2043,1118,59.990896,0.0536591198568873,199.112026473482,219.084103692857
"1815",2044,1113,59.661953,0.0536046298292902,200.956699768033,217.782838410366
"1815",2045,1108,61.924179,0.0558882481949459,214.198609077416,230.62905732605
"1815",2046,1104,61.689571,0.0558782346014493,216.724054974082,229.73418232245
"1815",2047,1099,63.071828,0.0573901983621474,227.532272242393,238.247630695654
"1815",2048,1094,63.350596,0.0579073089579525,233.193744795313,240.506751130068
"1815",2049,1090,63.374567,0.058141804587156,237.472510338516,241.153257494562
"1815",2050,1085,63.105618,0.0581618599078341,240.177400170149,240.177400170149
"1816",2026,460,16.094755,0.034988597826087,38.832687595651,37.3268759565104
"1816",2027,464,16.544201,0.0356556056034483,38.9088967496923,38.3374309068531
"1816",2028,467,16.293637,0.0348900149892934,38.7889334455671,37.7939054032406
"1816",2029,469,16.800704,0.0358223965884861,38.9842531455721,38.9258971556334
"1816",2030,472,17.572045,0.0372289088983051,39.4237832546588,40.6951330186352
"1816",2031,474,18.802958,0.0396686877637131,40.3390751594081,43.6576527283759
"1816",2032,476,21.123659,0.0443774348739496,42.5105503323296,49.8016933302448
"1816",2033,478,21.87911,0.0457721966527197,43.6890010596463,51.9351753369554
"1816",2034,479,21.293279,0.0444536096033403,43.487604867041,50.2190121676025
"1816",2035,481,21.586666,0.0448787234927235,44.2554007719533,51.0123446216076
"1816",2036,482,23.123855,0.0479748029045643,46.8788808805006,55.5871176431593
"1816",2037,483,24.608352,0.0509489689440994,49.9533211778424,60.3723340055462
"1816",2038,484,24.639512,0.0509080826446281,50.7867258656875,60.4304106648863
"1816",2039,485,24.983101,0.0515115484536083,52.2496314350358,61.5525641447417
"1816",2040,486,26.212636,0.0539354650205761,55.788831317044,65.8621301072703
"1816",2041,487,26.069361,0.0535305154004107,56.4092860728556,65.2781676571405
"1816",2042,487,26.924422,0.0552862874743326,59.6188636838928,68.4555195484184
"1816",2043,488,26.538876,0.0543829426229508,59.6050767137388,66.9390870694763
"1816",2044,489,26.595857,0.0543882556237219,60.7665761266919,67.0859046796024
"1816",2045,489,25.746474,0.0526512760736196,59.3162972180787,64.0046734991738
"1816",2046,490,26.155207,0.0533779734693878,61.4482019357613,65.4096493361897
"1816",2047,491,27.781252,0.0565809613034623,67.8254729890931,71.4794061848937
"1816",2048,491,25.830396,0.0526077311608961,62.3014388252457,64.1907446759412
"1816",2049,492,24.551759,0.0499019491869919,58.9996194294406,59.778825381237
"1816",2050,492,25.748518,0.0523343861788618,63.8473143639129,63.8473143639129
"1818",2026,1844,51.572501,0.0279677337310195,112.315475705734,115.154757057336
"1818",2027,1855,54.161008,0.0291973088948787,113.067293484533,119.762134432968
"1818",2028,1865,57.452564,0.0308056643431635,114.408984913426,125.765628076721
"1818",2029,1874,59.339756,0.03166475773746,115.685964670976,129.345716098712
"1818",2030,1882,62.18371,0.0330412911795962,117.707329823788,134.829319295153
"1818",2031,1890,64.245544,0.0339923513227513,119.743383899576,138.933509215918
"1818",2032,1896,68.361479,0.0360556323839662,123.498556633372,147.380174256528
"1818",2033,1902,70.9791,0.0373181388012618,126.857595590936,152.986470595686
"1818",2034,1908,73.364704,0.0384511027253669,130.499426973739,158.248567434347
"1818",2035,1913,75.413666,0.039421675901725,134.263034927153,162.886936976351
"1818",2036,1917,76.446166,0.0398780208659364,137.296756483768,165.256329439511
"1818",2037,1921,79.478242,0.0413733690786049,142.976387897963,172.441732483831
"1818",2038,1924,82.663961,0.0429646366943867,149.572075618426,180.312864760774
"1818",2039,1927,84.014534,0.0435986165023352,154.135466970754,183.719943780007
"1818",2040,1930,85.699757,0.0444040191709845,159.538480749171,188.061569198674
"1818",2041,1932,85.379315,0.0441921920289855,161.806814804081,187.18009781748
"1818",2042,1934,89.651407,0.0463554327817994,172.671358104207,198.673368720295
"1818",2043,1935,91.261933,0.0471637896640827,179.240449283018,203.173490553245
"1818",2044,1937,93.189187,0.0481100604026846,186.91174771844,208.660319636697
"1818",2045,1938,95.322376,0.0491859525283798,195.636640760372,214.937404012766
"1818",2046,1938,95.912219,0.0494903090815274,201.008167180465,216.715490800546
"1818",2047,1938,96.939597,0.0500204318885449,207.714856233526,219.84772533355
"1818",2048,1939,99.474283,0.0513018478597215,219.045324020887,227.724674617175
"1818",2049,1938,101.231799,0.0522351904024768,228.877191097561,233.43084789357
"1818",2050,1938,101.412507,0.0523284349845201,234.020774717823,234.020774717823
"1820",2026,7428,196.526547,0.0264575319063005,343.581659958584,402.816599585844
"1820",2027,7431,203.87549,0.0274358081011977,347.559038893812,413.793010136818
"1820",2028,7434,209.712584,0.0282099252085015,352.002025450581,422.725859717607
"1820",2029,7438,220.476785,0.0296419447432105,358.817405863544,439.670145240208
"1820",2030,7443,229.705813,0.0308619928792154,366.434558491837,454.738233967347
"1820",2031,7446,238.335847,0.0320085746709643,375.025352756609,469.262096544729
"1820",2032,7449,246.774564,0.0331285493354813,384.742862681446,483.901115942912
"1820",2033,7450,255.020624,0.0342309562416107,395.589293205776,498.625636429727
"1820",2034,7451,264.897394,0.0355519251107234,408.938775248638,516.846938121594
"1820",2035,7452,274.309231,0.0368101490874933,423.548419997345,534.824959993931
"1820",2036,7452,281.001892,0.0377082517444981,437.21842465317,547.986157164569
"1820",2037,7451,290.5153,0.0389901087102402,455.007182892903,567.25791783981
"1820",2038,7449,294.179756,0.0394925165794066,467.828894209495,574.870716744536
"1820",2039,7446,301.962869,0.0405537025248456,486.451215862545,591.385048276672
"1820",2040,7441,309.361959,0.0415753203870448,506.099458494606,607.559133591369
"1820",2041,7435,315.122389,0.0423836434431742,524.817732909479,620.498464769025
"1820",2042,7428,321.00583,0.0432156475498115,544.923763957161,634.03394851023
"1820",2043,7421,324.185436,0.0436848721196604,561.593262450245,641.533237220672
"1820",2044,7412,329.490819,0.0444536992714517,582.853096385323,654.229801787514
"1820",2045,7402,334.049306,0.0451296009186706,603.833671191874,665.410672236153
"1820",2046,7392,336.158723,0.0454760177218615,620.706360941192,670.772189342579
"1820",2047,7381,340.174328,0.0460878374204037,642.263285033636,680.958631023816
"1820",2048,7369,343.018042,0.0465487911521238,662.033418382877,688.387479332839
"1820",2049,7357,346.523453,0.0471011897512573,684.096950893491,697.620208720511
"1820",2050,7345,354.322439,0.048239950850919,718.285585644231,718.285585644231
"1822",2026,2337,60.507241,0.0258909888746256,141.395541759779,153.955417597795
"1822",2027,2352,62.301031,0.0264885335884354,142.402143606679,157.470135321303
"1822",2028,2366,64.622609,0.0273130215553677,143.846940537382,161.98251735647
"1822",2029,2378,66.545253,0.0279837060555088,145.479674057355,165.786701446376
"1822",2030,2390,68.926421,0.0288395066945607,147.632065669449,170.528262677798
"1822",2031,2401,72.110143,0.0300333790087464,150.620195509494,176.939810467807
"1822",2032,2410,74.915325,0.0310851970954357,153.888009646711,182.732337374495
"1822",2033,2419,78.512741,0.0324566932616784,158.252573556571,190.35192705261
"1822",2034,2427,82.496108,0.0339909798104656,163.632060220822,199.080150552054
"1822",2035,2434,86.464033,0.035523431799507,169.798338176683,208.110487260989
"1822",2036,2440,88.071962,0.0360950663934426,174.14144261424,211.876721293136
"1822",2037,2446,93.448534,0.0382046336876533,183.500655277299,224.879327370339
"1822",2038,2451,95.780069,0.0390779555283558,189.901186772502,230.729430495458
"1822",2039,2456,98.962389,0.0402941323289902,198.126061897949,238.937977698636
"1822",2040,2460,101.51345,0.0412656300813008,206.065155738465,245.704249181543
"1822",2041,2464,104.364142,0.0423555771103896,215.175771325067,253.472862377459
"1822",2042,2467,108.212408,0.0438639675719497,227.050516050965,264.357880072807
"1822",2043,2470,110.627222,0.0447883489878543,236.896932032351,271.38567055234
"1822",2044,2472,110.91436,0.0448682686084142,242.45005741853,272.193622475522
"1822",2045,2474,114.346348,0.0462192190784155,255.830002000228,282.560002461818
"1822",2046,2475,115.07519,0.0464950262626263,263.073614615621,284.792487783084
"1822",2047,2476,118.382129,0.0478118453150242,277.780953517247,295.246144808166
"1822",2048,2476,118.65884,0.0479236025848142,284.43010565011,296.140654756876
"1822",2049,2476,118.812403,0.0479856231825525,290.764305097938,296.638239062792
"1822",2050,2475,120.496695,0.0486855333333333,302.189733106245,302.189733106245
"1824",2026,12720,377.530191,0.0296800464622642,701.580593437324,805.805934373238
"1824",2027,12683,383.858311,0.0302655768351336,707.365972800965,816.297984007016
"1824",2028,12647,394.418672,0.0311867377243615,715.293182146391,834.532469407946
"1824",2029,12613,404.792451,0.0320932728930469,724.630044205178,852.964913906719
"1824",2030,12579,420.913391,0.0334615940058828,738.190995903108,882.763983612432
"1824",2031,12546,433.62107,0.0345624956161326,752.410599714856,907.080346834281
"1824",2032,12512,444.915837,0.0355591301950128,767.791635698342,929.358879071822
"1824",2033,12478,454.833938,0.0364508685686809,784.060691746734,949.477770335818
"1824",2034,12445,467.96038,0.0376022804339092,804.778342545587,976.945856363967
"1824",2035,12413,485.316081,0.0390974044147265,832.047128543571,1014.67915095673
"1824",2036,12381,496.714318,0.0401190790727728,856.460449197888,1040.44305094292
"1824",2037,12350,506.583129,0.0410188768421053,881.380977431307,1063.42629742694
"1824",2038,12318,516.803274,0.0419551285923039,908.842320202941,1087.89512764171
"1824",2039,12285,528.348827,0.0430076375254375,940.472631242647,1116.33639360451
"1824",2040,12251,542.140923,0.0442527894049465,978.379972672682,1151.40795627629
"1824",2041,12218,552.584628,0.0452270934686528,1013.95841976207,1178.9938411503
"1824",2042,12183,558.930763,0.0458779252236723,1044.55773077246,1196.51104396066
"1824",2043,12148,568.382509,0.0467881551695752,1082.96555598791,1222.83465218699
"1824",2044,12113,574.123359,0.0473972887806489,1115.92663905216,1239.5827600673
"1824",2045,12077,584.970024,0.0484366998426762,1162.19671612499,1271.16518907691
"1824",2046,12040,594.180842,0.0493505682724252,1207.65895062692,1299.01053014932
"1824",2047,12003,601.902239,0.0501459834208115,1251.96836540443,1323.20379200499
"1824",2048,11965,610.679625,0.0510388320100292,1301.68526453683,1351.28136706685
"1824",2049,11927,616.45943,0.0516860425924373,1345.26602249079,1370.7958675229
"1824",2050,11888,627.527628,0.0527866443472409,1407.63100492735,1407.63100492735
"1825",2026,1466,48.334429,0.0329702789904502,89.6798316778445,113.798316778446
"1825",2027,1460,52.422933,0.0359061184931507,91.9096559544366,122.706588759539
"1825",2028,1455,53.496513,0.0367673628865979,93.679870548497,125.170688848554
"1825",2029,1450,56.36007,0.0388690137931035,96.5715643788691,132.042655900561
"1825",2030,1445,58.078341,0.0401926235294118,99.3468456549238,136.387382619695
"1825",2031,1440,57.491184,0.0399244333333333,100.780547408567,134.932338812407
"1825",2032,1436,60.36275,0.0420353412256267,105.0277494585,142.469998333847
"1825",2033,1431,61.907716,0.043261856044724,108.665398581527,146.766616776625
"1825",2034,1426,62.715096,0.0439797307152875,111.849438712914,149.123596782285
"1825",2035,1422,65.188464,0.0458428016877637,117.361175422226,156.396972393659
"1825",2036,1418,63.760422,0.0449650366713681,118.015207562247,152.295173815258
"1825",2037,1414,66.532645,0.0470527899575672,124.768721208559,160.695065772799
"1825",2038,1410,70.308202,0.0498639730496454,134.250468609583,172.909942926515
"1825",2039,1405,70.532253,0.0502008918149466,138.039247755448,173.875315328423
"1825",2040,1401,71.250269,0.0508567230549607,142.928573807359,176.485718091774
"1825",2041,1397,71.563212,0.0512263507516106,147.122823816236,177.751432175451
"1825",2042,1392,73.074266,0.0524958807471264,154.415265198073,183.307521711532
"1825",2043,1387,74.135208,0.0534500418168709,161.065641390921,187.427988326672
"1825",2044,1383,74.616271,0.0539524736080983,166.396060273042,189.446529384571
"1825",2045,1378,76.05127,0.0551896008708273,174.904212414073,195.189799894244
"1825",2046,1373,75.17744,0.0547541442097597,176.42222365948,192.202616069977
"1825",2047,1368,78.018582,0.0570311271929825,190.551101776217,203.677297776019
"1825",2048,1362,77.719774,0.0570629765051395,194.261960272717,202.958875970505
"1825",2049,1357,77.860848,0.057377190862196,199.555752079831,203.941041121902
"1825",2050,1352,78.027949,0.0577129800295858,205.04488891328,205.04488891328
"1826",2026,1238,47.942113,0.0387254547657512,171.268803216123,101.68803216123
"1826",2027,1235,50.224417,0.0406675441295547,169.088594848346,106.917053442519
"1826",2028,1232,51.815196,0.042057788961039,167.05582359426,110.747563395769
"1826",2029,1228,53.291393,0.0433968998371336,165.285833845714,114.462747509242
"1826",2030,1225,55.137389,0.0450101134693878,164.069923367606,119.279693470423
"1826",2031,1221,56.136268,0.0459756494676495,162.623559242748,122.038466931298
"1826",2032,1217,58.944955,0.0484346384552177,163.078473415434,130.010687432106
"1826",2033,1214,60.257519,0.049635518121911,162.678516403652,133.975217665248
"1826",2034,1210,61.826698,0.0510964446280992,162.968095776677,138.920239441693
"1826",2035,1206,63.58966,0.0527277446102819,163.999023430589,144.712053555632
"1826",2036,1203,62.585612,0.0520246151288446,161.249546987358,141.630625236543
"1826",2037,1199,64.797034,0.0540425638031693,163.668455396935,149.084791018411
"1826",2038,1195,63.979009,0.053538919665272,161.166513129841,146.575478417893
"1826",2039,1192,64.658838,0.0542439916107383,161.3895320439,149.024735393873
"1826",2040,1188,64.019917,0.053888819023569,159.064729571566,147.103567314506
"1826",2041,1185,64.910513,0.0547768042194093,159.987422825495,150.301770302634
"1826",2042,1181,66.172924,0.0560312650296359,162.177802997252,154.968289996075
"1826",2043,1178,66.598536,0.056535259762309,162.552180386404,156.697871710379
"1826",2044,1174,64.997484,0.0553641260647359,157.526926342749,151.292808184192
"1826",2045,1171,65.274438,0.0557424748078565,157.435953670085,152.459635286259
"1826",2046,1167,66.081798,0.0566253624678663,159.121664611339,155.613723072164
"1826",2047,1163,67.38316,0.0579390885640585,162.75375324412,160.69436985253
"1826",2048,1159,67.512389,0.0582505513373598,162.810213040623,161.497527611485
"1826",2049,1156,67.814964,0.0586634636678201,163.494114182613,162.889988761156
"1826",2050,1152,67.560835,0.0586465581597222,162.252090272871,162.252090272871
"1827",2026,1304,43.058907,0.033020634202454,113.095596899227,95.9559689922728
"1827",2027,1300,45.289161,0.0348378161538462,113.004154338165,100.484758823016
"1827",2028,1295,46.276031,0.0357343868725869,112.822525148229,102.557286561307
"1827",2029,1291,45.980644,0.0356163005422153,112.219272287662,101.914222530173
"1827",2030,1287,49.786866,0.0386844335664336,113.849135906491,110.396543625965
"1827",2031,1283,51.413594,0.0400729493374903,114.789707456626,114.268547675222
"1827",2032,1281,53.19988,0.0415299609679938,116.195999036854,118.679997036473
"1827",2033,1278,54.587044,0.0427128669796557,117.629798133027,122.254615539386
"1827",2034,1275,56.059866,0.0439685223529412,119.473779630673,126.184449076683
"1827",2035,1273,57.318116,0.0450260141398272,121.407181079448,129.644985324454
"1827",2036,1271,59.617933,0.046906320220299,125.07004101941,136.200086356653
"1827",2037,1269,62.109041,0.0489432947202522,129.705860978043,143.694362883986
"1827",2038,1267,62.764,0.0495374901341752,131.936758790511,145.794106891838
"1827",2039,1265,63.411637,0.050127776284585,134.333751168508,147.908512627248
"1827",2040,1262,65.697407,0.0520581671949287,140.295696846868,155.473114954989
"1827",2041,1259,65.209451,0.0517946393963463,140.838198334118,154.001054089235
"1827",2042,1256,66.939934,0.0532961257961783,146.504849107799,160.006927296856
"1827",2043,1254,68.111205,0.0543151555023923,151.299791811403,164.220056693427
"1827",2044,1251,69.500687,0.055556104716227,157.178417974325,169.423765128161
"1827",2045,1247,69.855929,0.0560191892542101,160.510011855917,171.012322284206
"1827",2046,1244,70.347467,0.0565494107717042,164.35703370526,173.067098476776
"1827",2047,1241,71.738374,0.0578069089443997,171.469588061971,178.627704858559
"1827",2048,1238,71.951908,0.0581194733441034,174.856705411524,179.709951796243
"1827",2049,1235,73.521827,0.0595318437246964,183.588738201777,186.261026703145
"1827",2050,1232,74.508239,0.0604774667207792,190.626073795187,190.626073795187
"1828",2026,1857,48.969152,0.0263700333871836,93.2343532319689,104.343532319689
"1828",2027,1884,50.735528,0.0269296857749469,94.1280248458438,107.476544333409
"1828",2028,1910,51.892534,0.0271688659685864,95.0918114215672,109.667493837527
"1828",2029,1934,55.065,0.0284720785935884,96.8944500152168,115.032705953961
"1828",2030,1957,56.677749,0.02896154777721,98.4883046865081,117.953218746033
"1828",2031,1980,59.208585,0.0299033257575758,100.74600487924,122.420886536487
"1828",2032,2000,61.139769,0.0305698845,103.020376576639,125.908851005043
"1828",2033,2021,63.365985,0.0313537778327561,105.760301893056,129.959453498086
"1828",2034,2040,65.325572,0.0320223392156863,108.63074127286,133.576853182151
"1828",2035,2059,67.316536,0.0326938008742108,111.816042287575,137.293810943029
"1828",2036,2077,70.043229,0.0337232686567164,115.94363586864,142.407654460295
"1828",2037,2095,71.994655,0.0343649904534606,119.756359525814,146.158750294272
"1828",2038,2111,73.417351,0.0347784703931786,123.312938598155,148.932615633008
"1828",2039,2127,73.993554,0.034787754583921,126.133247324616,150.099144382325
"1828",2040,2142,76.658061,0.0357880770308123,131.566597618947,155.306556190315
"1828",2041,2155,80.13241,0.0371844129930394,138.552492738456,162.26791356748
"1828",2042,2168,81.067797,0.037392895295203,142.51945902211,164.170655745871
"1828",2043,2180,82.328202,0.0377652302752294,147.129258740475,166.751537275221
"1828",2044,2191,84.69344,0.03865515289822,153.751320862394,171.679123693411
"1828",2045,2201,86.331522,0.0392237719218537,159.54940930825,175.137734533231
"1828",2046,2211,87.665022,0.0396494898236092,165.076688952773,177.972575238557
"1828",2047,2219,91.508062,0.0412384236142406,175.839027235887,186.466509561563
"1828",2048,2227,93.112841,0.0418108850471486,182.706624038857,190.061215177143
"1828",2049,2234,93.476985,0.041842876007162,187.117904503601,190.823796886859
"1828",2050,2241,95.483672,0.0426076180276662,195.425566402624,195.425566402624
"1832",2026,4255,147.385099,0.0346380961222092,228.847983327182,263.479833271821
"1832",2027,4236,151.157764,0.0356840802644004,231.164972476579,269.83616346603
"1832",2028,4217,155.251163,0.0368155473085132,234.096578006312,276.980445750357
"1832",2029,4199,160.031381,0.0381117839961896,237.88749071479,285.647015128425
"1832",2030,4182,164.330395,0.0392946903395505,242.186821265267,293.747285061068
"1832",2031,4166,170.190443,0.0408522426788286,248.064541801497,305.224493222599
"1832",2032,4150,175.614554,0.04231676,254.688029105381,316.347781862712
"1832",2033,4135,180.171721,0.0435723629987908,261.649304471199,326.101529575721
"1832",2034,4120,185.367624,0.0449921417475728,270.059510884935,337.648777212337
"1832",2035,4105,191.259638,0.0465918728380024,280.259472210149,351.30736505177
"1832",2036,4091,195.156436,0.0477038464923002,289.508626670046,360.807635094834
"1832",2037,4076,199.77494,0.0490124975466143,300.566667568862,372.447156231927
"1832",2038,4061,202.666806,0.0499056404826397,310.336398117624,380.157087486589
"1832",2039,4046,205.680075,0.0508354115175482,321.00116067248,388.406230931882
"1832",2040,4031,210.681264,0.0522652602331928,335.773191574497,402.237106519195
"1832",2041,4015,212.593669,0.0529498552926526,346.326321299838,408.134069886548
"1832",2042,4000,213.728518,0.0534321295,355.866531431292,411.952187758989
"1832",2043,3984,216.784734,0.0544138388554217,369.810942953854,421.353820954379
"1832",2044,3969,216.952241,0.0546616883345931,378.134633167935,422.5930750554
"1832",2045,3953,222.114062,0.0561887331140906,398.591937803596,438.651615758273
"1832",2046,3938,223.639344,0.0567900822752666,411.284722456366,444.158497007489
"1832",2047,3922,224.116005,0.0571432955124936,421.673139378813,446.60353732824
"1832",2048,3907,227.794108,0.0583040972613258,441.539417541195,459.096667612102
"1832",2049,3892,230.578829,0.0592443034429599,459.968092408042,469.122693410953
"1832",2050,3877,233.922549,0.060335968274439,481.329867375169,481.329867375169
"1833",2026,25534,668.739508,0.0261901585337197,1144.69208408098,1150.92084080975
"1833",2027,25513,691.007319,0.0270845184415788,1148.69617076064,1178.15396916827
"1833",2028,25493,712.907893,0.027964848899698,1154.78350859366,1205.62004910664
"1833",2029,25471,734.736335,0.0288459948568961,1163.05191018626,1233.65604793533
"1833",2030,25449,760.637033,0.0298886806161342,1174.96874334128,1267.87497336512
"1833",2031,25425,781.237733,0.0307271478072763,1187.63010579247,1295.75688971294
"1833",2032,25402,805.119006,0.031695102984017,1204.10967331467,1328.95284096821
"1833",2033,25379,829.906176,0.0327005073485953,1223.88792973268,1364.38049581428
"1833",2034,25357,855.806213,0.0337502943171511,1247.39623990703,1402.49059976757
"1833",2035,25335,883.833433,0.0348858667061378,1275.69436851858,1445.01569947105
"1833",2036,25314,904.154199,0.03571755546338,1302.02818658056,1476.69091911697
"1833",2037,25292,929.191399,0.0367385496995097,1335.0354631285,1516.75212317756
"1833",2038,25268,953.431695,0.0377327724790249,1370.9559634523,1556.6472062769
"1833",2039,25242,976.05145,0.0386677541399255,1408.90611364491,1594.90402322538
"1833",2040,25214,1000.046315,0.039662342944396,1451.88014784688,1636.608236555
"1833",2041,25183,1019.583948,0.0404869931302863,1493.46491513505,1671.4942115246
"1833",2042,25149,1038.89641,0.0413096508807507,1537.9778899019,1706.82555700271
"1833",2043,25111,1058.212125,0.0421413772848552,1585.79994683524,1743.05077536982
"1833",2044,25070,1076.392196,0.0429354685281213,1635.36202544441,1778.01551670246
"1833",2045,25026,1097.074041,0.0438373707743946,1692.24197759223,1818.7593570366
"1833",2046,24979,1110.511431,0.0444578017935066,1740.7752181343,1846.08849192271
"1833",2047,24929,1130.02607,0.0453297793734205,1802.87744016929,1886.39711568371
"1833",2048,24877,1149.076394,0.0461903120955099,1868.11417283872,1926.82613279862
"1833",2049,24822,1164.633381,0.04691940137781,1930.25268441864,1960.88590588949
"1833",2050,24765,1184.56298,0.0478321413284878,2005.32089754279,2005.32089754279
"1834",2026,1880,63.679888,0.0338722808510638,193.782933040334,182.829330403345
"1834",2027,1882,65.891117,0.0350112205100956,194.141212541003,188.754273025475
"1834",2028,1885,67.381608,0.0357462111405836,194.624472033225,192.854125904141
"1834",2029,1887,69.501436,0.0368317095919449,195.810808288809,198.815568417925
"1834",2030,1889,72.258999,0.0382525140285866,197.957454284831,206.829817139326
"1834",2031,1890,73.516339,0.0388975338624339,199.480448985059,210.584170382815
"1834",2032,1891,74.024103,0.0391454801692226,200.562196286045,212.114450110908
"1834",2033,1891,75.789976,0.0400793104177684,203.172394807015,217.544537398663
"1834",2034,1891,78.881876,0.0417143712321523,207.955639411057,227.389098527642
"1834",2035,1892,81.962919,0.0433207817124736,213.646465739836,237.620493119626
"1834",2036,1892,83.529362,0.0441487114164905,217.802817268601,243.005931091792
"1834",2037,1892,82.684976,0.0437024186046512,218.1075683164,240.087938178342
"1834",2038,1893,85.267161,0.0450434025356577,224.751985144377,249.094518444322
"1834",2039,1893,87.958736,0.0464652593766508,232.522756455012,258.868521625553
"1834",2040,1893,89.885769,0.0474832377179081,239.438083862154,266.100934179446
"1834",2041,1893,90.037904,0.0475636048600106,242.488298297904,266.680450260987
"1834",2042,1893,90.607006,0.0478642398309562,246.701649746155,268.859499637364
"1834",2043,1893,90.716965,0.0479223269941891,249.783397184413,269.282572453442
"1834",2044,1892,95.467853,0.0504586960887949,267.28238780986,288.267597174013
"1834",2045,1891,96.183429,0.0508637911158117,273.237187851241,291.29192350922
"1834",2046,1890,96.459495,0.0510367698412698,277.878636745066,292.504278523607
"1834",2047,1889,95.533062,0.0505733520381154,278.163318276459,288.705147353756
"1834",2048,1887,96.732422,0.0512625447800742,286.417969159368,293.830236929047
"1834",2049,1885,98.736597,0.0523801575596817,298.501601713422,302.534131650308
"1834",2050,1884,101.305139,0.0537713052016985,313.977107296999,313.977107296999
"1835",2026,425,10.342875,0.0243361764705882,19.2795140997459,21.7951409974586
"1835",2027,428,10.902102,0.0254722009345794,19.4997329975957,22.6344218006964
"1835",2028,431,10.429576,0.0241985522041763,19.5286137912351,22.0206502356294
"1835",2029,434,10.867194,0.0250396175115207,19.7829649901083,22.6845411299214
"1835",2030,438,10.865444,0.0248069497716895,19.9374709516227,22.7498838064908
"1835",2031,441,10.886825,0.0246866780045351,20.1014855952787,22.8312542444477
"1835",2032,444,12.369568,0.0278593873873874,20.9655784762587,25.0479337731037
"1835",2033,447,13.51145,0.0302269574944072,21.8587414148802,26.8861832134626
"1835",2034,450,13.606196,0.0302359911111111,22.2292987085054,27.0732467712635
"1835",2035,453,14.166039,0.0312716092715232,22.9499885095343,28.0285451646499
"1835",2036,456,14.064356,0.0308428859649123,23.2221001122064,27.8886318151714
"1835",2037,459,14.319433,0.0311970217864924,23.7880328655773,28.342503152346
"1835",2038,462,15.491303,0.0335309588744589,25.2635034097884,30.388188017797
"1835",2039,464,15.742388,0.0339275603448276,25.9613746837506,30.8491483978734
"1835",2040,467,16.152243,0.034587244111349,26.8800080634731,31.6080129015569
"1835",2041,469,16.968242,0.0361796204690832,28.3687772395999,33.1415505503395
"1835",2042,472,17.105829,0.0362411631355932,29.0864069644332,33.4091528063331
"1835",2043,474,17.333177,0.0365678839662447,29.9509552688884,33.8487529069673
"1835",2044,476,18.689742,0.0392641638655462,32.6130478323677,36.5652230095068
"1835",2045,478,18.861468,0.0394591380753138,33.5544441716791,36.9131620574512
"1835",2046,479,19.6512,0.0410254697286013,35.653583008836,38.5924505986306
"1835",2047,481,20.791132,0.0432248066528067,38.6410632275158,41.1307754676234
"1835",2048,483,20.065174,0.0415428033126294,37.9287414826427,39.4635043055597
"1835",2049,484,20.070125,0.0414672004132231,38.6969500950259,39.4643637350918
"1835",2050,485,20.658802,0.0425954680412371,40.7722968368878,40.7722968368878
"1836",2026,1155,37.088488,0.032111245021645,89.3278474708079,101.278474708079
"1836",2027,1154,37.083696,0.0321349185441941,89.822652262735,101.255652819891
"1836",2028,1153,38.163889,0.033099643538595,90.7728040949266,103.844594828152
"1836",2029,1153,40.715561,0.0353127155247181,92.729297936565,110.255519701482
"1836",2030,1153,42.070136,0.0364875420641804,94.4545277400718,113.818110960287
"1836",2031,1153,44.734879,0.0387986808326106,97.5352170551271,121.165972365659
"1836",2032,1153,45.858101,0.0397728542931483,99.8311623427662,124.403576439281
"1836",2033,1152,48.69909,0.042273515625,104.31268714295,133.000516256414
"1836",2034,1151,50.393055,0.0437819765421373,108.169338654095,138.423346635239
"1836",2035,1150,51.509171,0.0447905834782609,111.682317833397,142.131012190621
"1836",2036,1148,52.876364,0.0460595505226481,115.950003923467,146.842113523089
"1836",2037,1147,54.116723,0.0471811011333915,120.408754375261,151.236593902948
"1836",2038,1146,55.151136,0.0481249005235602,124.858148941812,155.01481625784
"1836",2039,1144,56.379284,0.0492825909090909,130.106313943458,159.670321605885
"1836",2040,1143,57.232637,0.0500722983377078,134.861031672943,162.977650676709
"1836",2041,1141,58.202471,0.0510100534618756,140.254752567789,166.875098215531
"1836",2042,1140,59.897138,0.052541349122807,148.049518886966,173.785026981381
"1836",2043,1138,61.166353,0.0537489920913884,155.293045244681,179.244807111432
"1836",2044,1137,61.671904,0.0542409006156552,160.453087160307,181.487854400397
"1836",2045,1135,61.585733,0.0542605577092511,163.777843960647,181.265038720797
"1836",2046,1133,62.966505,0.055575026478376,172.574803302445,187.499768591112
"1836",2047,1131,63.348808,0.0560113244916004,177.985723394808,189.392364388516
"1836",2048,1128,62.947641,0.0558046462765957,180.348484159252,187.836199091084
"1836",2049,1126,62.641568,0.0556319431616341,182.930077130125,186.628651563766
"1836",2050,1123,63.252776,0.0563248227960819,189.655325596489,189.655325596489
"1837",2026,6088,180.776411,0.0296938914257556,328.149055209383,518.490552093828
"1837",2027,6063,186.022496,0.0306815926109187,337.71103163656,530.3529573568
"1837",2028,6039,193.607129,0.0320594682894519,349.232415860561,548.328090631777
"1837",2029,6015,202.022716,0.0335864864505403,362.716813424456,569.196769056265
"1837",2030,5992,204.9827,0.0342093958611482,374.415522385036,576.662089540142
"1837",2031,5969,209.815992,0.0351509452169543,388.154776516668,589.277483536238
"1837",2032,5947,218.710543,0.0367766172860266,406.618342030534,613.517975478567
"1837",2033,5924,228.37939,0.0385515513166779,428.156421501632,641.224611038986
"1837",2034,5903,236.504214,0.0400650879213959,450.469087462147,665.672718655368
"1837",2035,5882,241.819637,0.0411118049982999,471.223050467728,682.366972497663
"1837",2036,5862,248.873108,0.0424553237802798,496.160915644375,705.233506619737
"1837",2037,5842,255.552712,0.0437440451900034,522.64847770553,727.777517474206
"1837",2038,5823,265.583303,0.0456093599519148,557.788030715245,762.978237664082
"1837",2039,5804,271.319337,0.0467469567539628,587.396686146506,784.270955142988
"1837",2040,5785,274.877834,0.0475156152117545,613.961597139068,798.138555422508
"1837",2041,5765,281.060574,0.0487529183000867,648.498458470075,822.469371275585
"1837",2042,5746,283.526611,0.0493433016011138,675.175126660376,832.96446665768
"1837",2043,5725,289.325814,0.0505372600873362,712.758127523352,857.180511896071
"1837",2044,5705,293.132407,0.0513816664329535,746.374610752527,873.934981616164
"1837",2045,5684,298.464949,0.0525096673117523,786.955301618565,897.714217376696
"1837",2046,5663,300.610127,0.0530831938901642,818.182421126089,908.391083677752
"1837",2047,5641,301.09727,0.0533765768480766,844.005557432656,912.076684431162
"1837",2048,5619,308.299768,0.0548673728421427,898.011852204085,945.931732112524
"1837",2049,5597,311.19223,0.0555998266928712,936.56715459965,961.095745038597
"1837",2050,5575,316.296576,0.056734811838565,987.185765058022,987.185765058022
"1838",2026,2014,66.521721,0.0330296529294935,175.03640610599,175.364061059903
"1838",2027,2029,70.069797,0.0345341532774766,176.239362260549,184.013543713083
"1838",2028,2042,70.170228,0.0343634809010774,176.63431469034,184.338941087656
"1838",2029,2055,74.347533,0.0361788481751825,179.219447566618,194.856223842909
"1838",2030,2067,76.627968,0.0370720696661829,181.447660789373,200.790643157492
"1838",2031,2079,80.567161,0.0387528431938432,185.452594795682,211.356851463241
"1838",2032,2090,81.432829,0.038963076076555,187.573512068348,213.687729441071
"1838",2033,2101,85.09708,0.04050313184198,192.746782760225,223.956642097171
"1838",2034,2111,90.934715,0.0430766058739934,201.502681344912,241.256703362281
"1838",2035,2121,91.90261,0.0433298491277699,205.216773135755,244.066910024583
"1838",2036,2131,94.281068,0.0442426410136086,211.267184320453,251.351966990427
"1838",2037,2139,97.362175,0.045517613370734,219.15431588429,261.154762701053
"1838",2038,2147,101.478581,0.047265291569632,229.90665245879,274.8302771978
"1838",2039,2154,103.342443,0.0479769930362117,237.327669340718,281.089649941647
"1838",2040,2160,105.871082,0.0490143898148148,246.812552803958,289.900084486333
"1838",2041,2165,108.16602,0.0499612101616628,256.563368704074,298.114518798602
"1838",2042,2169,108.150351,0.0498618492392808,261.004172934566,297.863104192238
"1838",2043,2173,111.940717,0.0515143658536585,276.084635878744,312.063913055924
"1838",2044,2176,115.159717,0.0529226640625,290.968894299032,324.637282966493
"1838",2045,2180,114.914979,0.0527132931192661,295.571767787467,323.396021892267
"1838",2046,2181,118.137529,0.0541666799633196,312.297729244716,336.526740287901
"1838",2047,2183,116.270582,0.0532618332569858,311.395814900804,328.685425240342
"1838",2048,2185,120.447063,0.0551245139588101,333.174532918851,345.999495047406
"1838",2049,2186,122.116965,0.0558632044830741,346.468492984291,353.149083620042
"1838",2050,2186,122.688664,0.0561247319304666,355.657973447164,355.657973447164
"1839",2026,976,42.214329,0.0432523862704918,97.7929307693641,95.9293076936412
"1839",2027,972,43.971331,0.0452379948559671,98.3865847507677,100.811525460128
"1839",2028,968,45.468929,0.0469720340909091,99.2637548126746,105.221456072426
"1839",2029,964,45.68486,0.0473909336099585,99.6960907043794,105.981603314727
"1839",2030,959,47.36277,0.0493876642335766,101.321801308343,111.287205233374
"1839",2031,955,48.50706,0.0507927329842932,102.921766416341,115.1191875351
"1839",2032,951,50.223213,0.0528109495268139,105.499025741084,121.073925357181
"1839",2033,947,49.554586,0.0523279683210137,105.612032206511,118.998709535202
"1839",2034,943,52.509036,0.0556829650053022,110.704456321916,129.761140804789
"1839",2035,938,52.159119,0.055606736673774,111.478089729935,128.807062239852
"1839",2036,934,53.396509,0.0571697098501071,115.005235427667,133.800495637194
"1839",2037,930,54.424807,0.0585212978494624,118.598383417693,138.19196764428
"1839",2038,925,54.378031,0.0587870605405405,120.242744903867,138.441354370668
"1839",2039,921,54.369326,0.0590329272529859,121.948340886457,138.763133423757
"1839",2040,916,56.720297,0.0619217216157205,130.02173695386,149.234779126175
"1839",2041,912,57.904513,0.0634917905701754,135.784997855542,155.033959027233
"1839",2042,907,57.205375,0.0630709757442117,136.106360870172,152.437658385961
"1839",2043,902,57.477762,0.0637225742793791,139.517492396265,154.294904944088
"1839",2044,898,56.709748,0.0631511670378619,139.271084295114,151.253011993695
"1839",2045,893,58.498614,0.0655079664053751,148.634257816936,160.319086543921
"1839",2046,888,58.664421,0.0660635371621622,152.261481443934,161.837036992863
"1839",2047,884,58.363851,0.0660224558823529,153.849474866373,160.928985764928
"1839",2048,880,57.638731,0.0654985579545455,153.449110488205,157.944984311573
"1839",2049,875,56.516754,0.064590576,151.163411638135,153.23471339027
"1839",2050,871,57.340653,0.0658331262916188,157.751843192259,157.751843192259
"1840",2026,4558,139.646322,0.0306376309784993,300.870131496673,326.701314966729
"1840",2027,4551,145.070739,0.0318766730388926,303.407273578546,337.325626025787
"1840",2028,4543,151.297172,0.0333033616552939,307.098458003383,349.991188590762
"1840",2029,4535,156.808403,0.0345773766262404,311.522133471255,361.633569276493
"1840",2030,4526,163.216307,0.0360619326115776,317.428666472649,375.714665890595
"1840",2031,4516,168.930382,0.0374070819309123,324.101033667523,388.786204060948
"1840",2032,4507,173.093843,0.0384055564677169,330.708438277623,398.641348546532
"1840",2033,4497,179.460444,0.0399067031354236,340.141435638262,414.252236243481
"1840",2034,4486,185.317088,0.0413100954079358,350.495629976076,429.239074940189
"1840",2035,4476,192.66063,0.0430430361930295,363.997302149969,448.850976342786
"1840",2036,4465,197.527997,0.0442391930571109,376.129209442519,462.482546194777
"1840",2037,4453,202.406966,0.045454068268583,389.563085582726,476.659679185806
"1840",2038,4442,206.445839,0.0464758755065286,402.949437642912,488.81715935075
"1840",2039,4430,209.522836,0.047296351241535,415.761251707325,498.444683757148
"1840",2040,4417,215.042958,0.0486852972605841,434.264198072854,516.022716916566
"1840",2041,4404,217.675681,0.0494268122161671,448.344683827976,524.935371815813
"1840",2042,4391,219.731476,0.0500413290822136,461.915326424669,532.164752035241
"1840",2043,4378,223.106059,0.0509607261306533,479.395235656857,543.95964156862
"1840",2044,4365,224.108368,0.0513421232531501,491.72872298835,547.972545791419
"1840",2045,4352,225.734317,0.0518690985753676,506.154140166577,554.189710974249
"1840",2046,4338,226.091687,0.0521188766712771,517.431332257259,556.154508537952
"1840",2047,4325,226.972745,0.0524792473988439,530.456853862827,559.923215620087
"1840",2048,4312,229.814633,0.0532965289888683,550.273082815687,570.72765709804
"1840",2049,4298,230.125397,0.0535424376454165,562.373681779356,572.673955095434
"1840",2050,4285,232.481206,0.054254657176196,582.05572023739,582.05572023739
"1841",2026,9595,271.56041,0.0283022834809797,439.485935717668,443.859357176683
"1841",2027,9582,281.344706,0.0293617935712795,441.358743548256,456.154498532769
"1841",2028,9570,294.404267,0.0307632462904911,444.98465744732,473.198042556113
"1841",2029,9560,304.631379,0.0318652070083682,449.203424013318,487.016113003849
"1841",2030,9550,313.835524,0.0328623585340314,454.204280411132,499.817121644528
"1841",2031,9542,323.986755,0.0339537575979878,460.6694927848,514.372148816696
"1841",2032,9533,335.223697,0.0351645543900136,468.902780383579,531.008555026397
"1841",2033,9524,348.321437,0.0365730194246115,479.644779490556,551.123529629121
"1841",2034,9515,357.073912,0.0375274736731477,489.405354832391,565.013387080979
"1841",2035,9505,367.062604,0.0386178436612309,501.26791599892,581.326665140388
"1841",2036,9495,374.310552,0.0394218590837283,512.383746783892,593.492098492405
"1841",2037,9483,383.654563,0.0404570877359485,526.425818148171,609.586962240335
"1841",2038,9470,393.582614,0.0415609940865892,542.518862321815,627.216113312391
"1841",2039,9454,401.155969,0.0424324062830548,557.734792080497,641.101773754038
"1841",2040,9438,409.013001,0.0433368299427845,574.549239620935,655.878783393497
"1841",2041,9421,415.707598,0.0441256340091285,591.260228058764,668.826759333984
"1841",2042,9404,421.394179,0.0448100998511272,607.773211807466,680.10458829638
"1841",2043,9385,429.273575,0.0457403915823122,628.566399434561,696.039185673981
"1841",2044,9366,434.308629,0.046370769698911,646.378067143272,706.584602765512
"1841",2045,9347,437.197636,0.0467741131913983,661.537443846535,712.892238580351
"1841",2046,9327,446.01295,0.0478195507665916,687.867362457818,731.785132303315
"1841",2047,9307,453.173737,0.0486917091436553,712.935898098165,747.660166871172
"1841",2048,9286,457.947405,0.0493158954339866,734.707855627388,758.684168245825
"1841",2049,9265,461.543455,0.0498158073394495,754.970784186958,767.281334220216
"1841",2050,9243,463.65702,0.0501630444660824,772.688083925428,772.688083925428
"1845",2026,1917,64.129756,0.0334531851851852,94.4433739814139,89.4337398141393
"1845",2027,1919,67.678712,0.0352676977592496,94.8671869303191,94.0340867659575
"1845",2028,1921,71.651865,0.0372992529932327,95.779370456779,99.4535454673086
"1845",2029,1923,73.213181,0.0380723770150806,96.4157862265784,101.662523419192
"1845",2030,1925,75.378556,0.0391576914285714,97.4505910855774,104.80236434231
"1845",2031,1927,77.19243,0.0400583445770628,98.5938567835842,107.500371421162
"1845",2032,1929,81.183794,0.0420859481596682,101.072065687906,113.683279039709
"1845",2033,1930,84.572586,0.043819992746114,103.775535602029,119.208374074564
"1845",2034,1932,88.953566,0.046042218426501,107.692139633693,126.730349084233
"1845",2035,1932,86.711027,0.0448814839544513,107.167064378009,122.810432864022
"1845",2036,1932,90.714918,0.0469538913043478,111.57592716087,129.896688759726
"1845",2037,1932,94.761283,0.049048283126294,116.767726228575,137.473612153317
"1845",2038,1932,94.863799,0.0491013452380952,118.469165922963,137.671210769023
"1845",2039,1930,100.078357,0.051854070984456,126.236081624432,148.167798509671
"1845",2040,1929,96.839639,0.050201990150337,124.13395692986,141.614331087776
"1845",2041,1927,98.942076,0.0513451354436949,128.730151788081,145.913436661255
"1845",2042,1925,101.182517,0.0525623464935065,133.951228191635,150.644611702336
"1845",2043,1923,102.344439,0.0532212371294852,137.919684554264,153.196182446459
"1845",2044,1921,104.324953,0.0543076277980219,143.518152233367,157.604067397893
"1845",2045,1918,100.670475,0.0524872132429614,139.518387894309,149.791862023765
"1845",2046,1915,102.536711,0.0535439744125326,145.06284759554,153.897467759459
"1845",2047,1912,103.748734,0.054261890167364,149.733539607031,156.671593923415
"1845",2048,1909,103.257921,0.054090058145626,151.147389177455,155.699880191843
"1845",2049,1906,106.04427,0.0556370776495278,159.586872765365,162.103244431548
"1845",2050,1902,105.418334,0.0554249915878023,160.837043347298,160.837043347298
"1848",2026,2707,89.696864,0.0331351547838936,206.803002556654,205.030025566543
"1848",2027,2712,93.751164,0.0345690132743363,207.898967323075,213.537944167818
"1848",2028,2717,96.8576,0.0356487302171513,209.323368493719,220.276391392679
"1848",2029,2722,99.566308,0.0365783644379133,211.102410563721,226.305461476336
"1848",2030,2726,104.603798,0.0383726331621423,214.729300032691,237.917200130762
"1848",2031,2729,109.673167,0.040188042139978,219.413013132397,250.175697851815
"1848",2032,2732,113.676399,0.0416092236456808,224.313782477496,260.273176853835
"1848",2033,2734,118.520464,0.0433505720555962,230.937655540114,273.034911834797
"1848",2034,2735,120.477521,0.0440502819012797,235.542930314244,278.357325785611
"1848",2035,2735,124.049889,0.0453564493601463,242.601591257391,288.37506573118
"1848",2036,2734,130.215129,0.0476280647403072,254.286999324762,306.551577525814
"1848",2037,2733,132.45192,0.0484639297475302,261.556612383686,313.451926602314
"1848",2038,2731,133.529461,0.0488939805931893,267.439528774295,316.8900523169
"1848",2039,2729,135.626536,0.0496982543056065,275.518616397301,323.627432165619
"1848",2040,2726,137.007002,0.0502593550990462,282.761930337214,328.219088539542
"1848",2041,2723,141.075616,0.0518088931325744,296.372602072246,341.902040863767
"1848",2042,2719,141.691634,0.052111671202648,303.04654301233,344.209347160471
"1848",2043,2715,143.547176,0.0528718880294659,313.088640069602,350.849003484206
"1848",2044,2711,143.776822,0.0530346078937661,319.280901639984,351.87858276127
"1848",2045,2707,144.777323,0.0534825722201699,327.774758862617,355.645857061683
"1848",2046,2703,146.009061,0.054017410654828,337.304110436915,360.298953455194
"1848",2047,2699,145.899581,0.05405690292701,342.921128320984,360.150567122235
"1848",2048,2695,146.406599,0.0543252686456401,350.595794913126,362.238697203379
"1848",2049,2691,148.251068,0.0550914410999628,363.195284792221,369.280815368542
"1848",2050,2687,148.222063,0.0551626583550428,369.443415763836,369.443415763836
"1851",2026,2044,79.128013,0.0387123351272016,149.488792864934,126.88792864934
"1851",2027,2054,81.279735,0.0395714386562804,149.044939898699,130.508653808719
"1851",2028,2062,82.537033,0.0400276590688652,148.612868915056,132.644965228889
"1851",2029,2069,85.995926,0.0415640048332528,149.183736200857,138.746993886385
"1851",2030,2076,90.404682,0.0435475346820809,150.723869996438,146.895479985754
"1851",2031,2082,92.046767,0.0442107430355427,151.421733007701,149.988636548525
"1851",2032,2087,95.762851,0.0458854101581217,153.729377309279,157.321160951627
"1851",2033,2092,97.954446,0.0468233489483748,155.535497042808,161.753095290506
"1851",2034,2097,101.022305,0.0481746804959466,158.472153880027,168.180384700067
"1851",2035,2101,102.901172,0.0489772356020942,160.838280339585,172.201783633338
"1851",2036,2104,105.230077,0.0500142951520912,164.044665235117,177.357189968667
"1851",2037,2108,108.274905,0.0513638069259962,168.556562904817,184.305488594765
"1851",2038,2110,108.060126,0.0512133298578199,169.451747379998,183.730449781815
"1851",2039,2112,110.27521,0.0522136410984849,173.709445266667,188.952247262413
"1851",2040,2114,113.413775,0.0536489001892148,179.889782359455,196.623651775128
"1851",2041,2115,114.463238,0.0541197342789598,183.29639287659,199.239838304286
"1851",2042,2115,116.346625,0.0550102245862884,188.470528661108,204.100755230154
"1851",2043,2116,117.535788,0.055546213610586,192.696325718169,207.181458600907
"1851",2044,2116,120.341404,0.0568721190926276,200.633089910332,214.752374077847
"1851",2045,2115,121.759944,0.0575697134751773,206.228401866069,218.742648450546
"1851",2046,2114,123.210718,0.058283215704825,212.267531417651,222.902978138413
"1851",2047,2113,125.677645,0.0594782986275438,221.333937132948,230.122746065293
"1851",2048,2111,125.245793,0.0593300772145902,223.210533783722,228.984360847267
"1851",2049,2109,126.293429,0.0598830862968231,229.209493269349,232.217655344778
"1851",2050,2107,127.510366,0.0605174969150451,236.015866309453,236.015866309453
"1853",2026,1348,51.398005,0.0381290838278932,90.514197198584,95.1419719858405
"1853",2027,1354,53.403304,0.0394411403249631,91.2403214864392,99.020519901376
"1853",2028,1360,56.642752,0.0416490823529412,92.7273477588039,105.584844336022
"1853",2029,1366,59.15575,0.0433058199121523,94.4444036587578,110.914840747096
"1853",2030,1371,62.160966,0.0453398730853392,96.9054857690309,117.621943076124
"1853",2031,1376,64.06415,0.0465582485465116,99.2026235514484,122.009125396342
"1853",2032,1380,66.906686,0.0484831057971015,102.645229662402,128.908398961238
"1853",2033,1383,68.548338,0.0495649587852495,105.597572285502,133.027785615178
"1853",2034,1386,72.792667,0.0525199617604618,111.767270082212,144.418175205529
"1853",2035,1389,75.938299,0.0546712015838733,117.741373714429,153.408854204409
"1853",2036,1391,77.427666,0.055663311286844,122.21041273555,157.811395232738
"1853",2037,1393,79.07127,0.0567632950466619,127.317519931507,162.814673037086
"1853",2038,1394,79.685598,0.0571632697274032,131.087841787393,164.705166886168
"1853",2039,1395,82.564534,0.0591860458781362,139.408573310262,174.099699251509
"1853",2040,1395,84.056195,0.0602553369175627,145.757838409434,179.212541455095
"1853",2041,1396,84.697645,0.0606716654727794,150.53495849344,181.37352225425
"1853",2042,1396,83.756396,0.0599974183381089,151.665306370693,178.093294815275
"1853",2043,1395,84.714151,0.0607269899641577,157.492479054541,181.515225836665
"1853",2044,1395,85.292894,0.0611418594982079,162.512975689659,183.565129922141
"1853",2045,1394,85.602349,0.0614077109038737,166.991150586671,184.758339183595
"1853",2046,1394,85.311689,0.0611992030129125,169.660717986915,183.718491749312
"1853",2047,1393,84.766305,0.0608516188083274,171.532400574191,181.867493604722
"1853",2048,1392,83.951593,0.0603100524425287,172.410277378772,179.092191760834
"1853",2049,1391,83.699863,0.0601724392523364,174.986951682064,178.298131617729
"1853",2050,1391,85.287638,0.0613139022286125,183.893174223137,183.893174223137
"1856",2026,476,15.45048,0.0324589915966387,37.4462472113195,41.4624721131946
"1856",2027,473,15.520607,0.0328131226215645,37.6322253348501,41.5980024352732
"1856",2028,470,16.165173,0.034393985106383,38.0747323291465,43.1413275951231
"1856",2029,468,14.720895,0.0314549038461538,37.567919126997,39.6725605976329
"1856",2030,466,15.509685,0.0332825858369099,38.1266263604853,41.5065054419413
"1856",2031,465,15.714871,0.0337954215053763,38.4364633186494,41.9963941518239
"1856",2032,463,15.760442,0.0340398315334773,38.6553320588178,42.0933294117471
"1856",2033,462,16.805522,0.0363755887445887,39.8071314473538,44.7438108892518
"1856",2034,461,18.076319,0.0392111041214751,41.4834919140179,48.2087297850448
"1856",2035,460,19.160602,0.0416534826086957,43.2964587371197,51.3919056848451
"1856",2036,459,19.947254,0.0434580697167756,45.0024686676376,53.8473024581845
"1856",2037,458,19.422305,0.0424067794759825,44.8015510742,52.2225386813659
"1856",2038,458,19.83768,0.043313711790393,46.0862437109108,53.5204431107468
"1856",2039,457,21.368722,0.0467586914660832,49.7035834857132,58.6231208267458
"1856",2040,456,22.660111,0.049693225877193,53.4567882546815,63.3308612074904
"1856",2041,456,24.364621,0.0534311864035088,58.9116557423923,70.0741973470072
"1856",2042,455,24.25643,0.0533108351648352,59.8851786973115,69.6931124247308
"1856",2043,454,24.456078,0.053868013215859,61.7775653611218,70.5966987947414
"1856",2044,452,25.430256,0.0562616283185841,66.4425840103937,74.9904309811532
"1856",2045,451,27.236104,0.0603904745011086,74.9212693356325,83.6723314900092
"1856",2046,450,28.091342,0.0624252044444444,80.5319375097825,88.2140441291559
"1856",2047,448,28.541178,0.0637079866071429,84.8584488427987,90.9250127806182
"1856",2048,447,28.69356,0.0641914093959732,87.7982373313526,91.917013331192
"1856",2049,445,29.367695,0.0659948202247191,93.8678953901979,96.0835276781277
"1856",2050,444,28.876051,0.0650361509009009,93.4118489551192,93.4118489551192
"1857",2026,727,22.004096,0.0302669821182944,47.7480938304795,45.4809383047947
"1857",2027,727,22.701745,0.0312266093535076,47.8182008767058,46.67782455786
"1857",2028,728,23.203207,0.0318725370879121,47.9241332856151,47.5664759178005
"1857",2029,728,25.463634,0.0349775192307692,48.7941454506427,51.737155061848
"1857",2030,729,26.806682,0.0367718545953361,49.5966700824249,54.3866803296995
"1857",2031,729,26.442175,0.0362718449931413,49.6259665135815,53.6555356994139
"1857",2032,730,27.498914,0.0376697452054795,50.5353804782137,55.8011707021961
"1857",2033,730,27.914284,0.0382387452054795,51.1418888465037,56.667279576562
"1857",2034,730,29.425145,0.0403084178082192,52.7730352801682,59.9325882004204
"1857",2035,730,29.863903,0.0409094561643836,53.6505870985876,60.9156276539145
"1857",2036,731,30.001851,0.0410422038303694,54.2788619472865,61.2186567311294
"1857",2037,731,30.833463,0.0421798399452804,55.7557517769373,63.133174198902
"1857",2038,732,32.186716,0.0439709234972678,58.0980489475148,66.3600889954814
"1857",2039,732,32.711422,0.0446877349726776,59.5504021972019,67.6602590590671
"1857",2040,732,33.674211,0.0460030204918033,61.82035734197,70.1125717471521
"1857",2041,733,34.243275,0.0467166098226467,63.6202119996473,71.5776784900336
"1857",2042,733,33.995284,0.0463782864938608,64.0476144090607,70.9251634415153
"1857",2043,733,35.512159,0.0484476930422919,67.9209859226391,75.0115063357819
"1857",2044,733,36.250728,0.0494552905866303,70.5413057126739,77.0855557582889
"1857",2045,733,36.53887,0.0498483901773533,72.3020216264777,77.9101804633572
"1857",2046,733,37.25285,0.0508224420190996,75.1929525154644,79.9917088417228
"1857",2047,733,37.834485,0.0516159413369714,77.933988686002,81.7284379560586
"1857",2048,733,38.432397,0.0524316466575716,80.886600425392,83.5530815409643
"1857",2049,733,38.49364,0.0525151978171896,82.4019263235267,83.7422611153524
"1857",2050,732,40.224661,0.0549517226775956,89.3295410217231,89.3295410217231
"1859",2026,1270,45.831723,0.0360879708661417,46.6961260969372,70.9612609693719
"1859",2027,1271,45.836235,0.0360631274586939,47.708291735752,70.9693944418327
"1859",2028,1272,46.491402,0.0365498443396226,48.8942542975791,71.9671674147376
"1859",2029,1273,48.655012,0.0382207478397486,50.6631751248835,75.3561182347459
"1859",2030,1275,50.191435,0.039365831372549,52.4626372534947,77.850549013979
"1859",2031,1276,50.347228,0.0394570752351097,53.8049795248865,78.104276608301
"1859",2032,1278,51.113946,0.0399952629107981,55.4967612687431,79.3746500576709
"1859",2033,1279,52.901996,0.0413619984362783,57.93110149115,82.4306248031723
"1859",2034,1281,53.771019,0.0419758149882904,59.9770916788479,83.9427291971197
"1859",2035,1283,54.670425,0.0426113990646921,62.1705763429669,85.5327459267815
"1859",2036,1284,55.276251,0.0430500397196262,64.2453694341721,86.6218303877308
"1859",2037,1285,56.506977,0.0439743011673152,67.0038165207011,88.8854956501485
"1859",2038,1287,60.18796,0.0467660916860917,72.6066666911447,96.0121212566267
"1859",2039,1287,60.485968,0.0469976441336441,74.9117820123913,96.6157991700278
"1859",2040,1288,62.922875,0.0488531638198758,80.0445945669681,101.671351307149
"1859",2041,1288,62.409761,0.0484547833850932,81.4848148526188,100.580852607726
"1859",2042,1288,64.367995,0.0499751513975155,86.5645915294818,104.806559327831
"1859",2043,1288,65.157413,0.0505880535714286,90.1378934113027,106.559855472953
"1859",2044,1287,65.275389,0.050719027972028,92.7128476503706,106.855287290801
"1859",2045,1287,69.07357,0.0536702175602176,102.290081676019,115.74163898587
"1859",2046,1286,69.385035,0.0539541485225505,105.662392508848,116.54399118688
"1859",2047,1285,71.293638,0.0554814303501946,112.664665303898,121.368636962139
"1859",2048,1284,72.284602,0.0562964190031153,117.980862812265,123.979311148394
"1859",2049,1282,73.699794,0.0574881388455538,124.700274165033,127.844440690943
"1859",2050,1280,73.626087,0.05752038046875,127.75644493306,127.75644493306
"1860",2026,11306,284.064802,0.0251251372722448,509.283126721395,655.831267213954
"1860",2027,11321,294.826856,0.0260424746930483,517.779175428161,673.212184932081
"1860",2028,11337,304.765238,0.0268823531798536,527.416537903339,689.665930876222
"1860",2029,11353,311.741677,0.0274589691711442,537.306996240452,701.503511719774
"1860",2030,11368,322.693329,0.0283861126847291,549.820514018815,720.282056075259
"1860",2031,11383,331.78291,0.0291472292014407,562.933154921456,736.245756248542
"1860",2032,11396,343.976037,0.0301839274306774,579.145720321785,758.063754836261
"1860",2033,11410,356.241413,0.0312218591586328,597.262892440077,780.621772248489
"1860",2034,11423,367.888287,0.0322059255011818,616.843348534032,802.608371335079
"1860",2035,11436,379.194909,0.0331580018363064,638.030767932449,824.498898131313
"1860",2036,11448,388.413269,0.033928482617051,659.135319403408,842.758567165071
"1860",2037,11460,400.671669,0.0349626238219895,684.978192561802,867.59159524254
"1860",2038,11471,414.983554,0.0361767547729056,715.441617332733,897.439304241333
"1860",2039,11480,425.363121,0.0370525366724739,743.680066311944,919.689474573522
"1860",2040,11488,436.019761,0.037954366382312,774.295867564555,943.073388103289
"1860",2041,11494,440.600011,0.0383330442839742,797.940499868888,953.287546971906
"1860",2042,11499,452.38794,0.0393415027393686,833.966293184087,980.094704548696
"1860",2043,11502,463.093231,0.0402619745261694,870.661711210666,1005.08367621785
"1860",2044,11503,470.436336,0.0408968387377206,903.435489206555,1022.59417962136
"1860",2045,11503,477.544453,0.041514774667478,937.309701516321,1039.84270955855
"1860",2046,11501,482.981696,0.0419947566298583,969.219182901283,1053.2578622368
"1860",2047,11498,488.249027,0.0424638221429814,1001.92631628393,1066.43810285513
"1860",2048,11494,498.142959,0.0433393908995998,1046.73762336111,1091.6352684985
"1860",2049,11488,503.176896,0.043800217270195,1081.81957890585,1104.76060146062
"1860",2050,11481,509.202811,0.0443517821618326,1120.69531815326,1120.69531815326
"1865",2026,9692,231.997217,0.0239369807057367,507.360503328124,501.605033281236
"1865",2027,9711,241.318891,0.0248500557100196,508.985190298165,515.165020350288
"1865",2028,9730,249.456636,0.0256378865364851,511.377301934617,527.298868197809
"1865",2029,9748,260.634791,0.0267372580016414,515.699151626871,544.231301773513
"1865",2030,9765,270.435656,0.0276943836149514,520.872402802,559.489611207998
"1865",2031,9781,281.927299,0.0288239749514365,528.069319554014,577.806328883528
"1865",2032,9795,292.829696,0.029895834201123,536.491999794312,595.667691674806
"1865",2033,9808,299.986981,0.0305859483075041,544.143113110745,607.705139615848
"1865",2034,9820,311.305228,0.0317011433808554,555.638357326722,627.095893316805
"1865",2035,9830,321.240433,0.032679596439471,567.754831010547,644.58247088125
"1865",2036,9839,333.572369,0.0339030764305316,583.476193931491,666.897250382085
"1865",2037,9846,341.215514,0.0346552421287833,596.713132154057,681.098794446941
"1865",2038,9853,347.047696,0.0352225409519943,609.27162606518,692.130229209419
"1865",2039,9858,357.980544,0.0363137090687766,628.57851728142,713.240029415183
"1865",2040,9861,366.353142,0.0371517231518102,646.64130675723,729.826090811567
"1865",2041,9864,375.639003,0.0380818129562044,667.438180827731,748.661405022991
"1865",2042,9866,380.614592,0.0385784098925603,683.662827881221,758.946896973173
"1865",2043,9867,384.722473,0.0389908252761731,699.414222395764,767.544708333239
"1865",2044,9867,386.72859,0.039194141076315,712.429917213997,771.780538340641
"1865",2045,9865,395.309679,0.0400719390775469,737.269733244078,790.178133223481
"1865",2046,9864,400.669717,0.0406193954785077,757.809599209321,801.893646128613
"1865",2047,9861,404.937521,0.0410645493357672,777.238991420926,811.367877657382
"1865",2048,9857,407.519565,0.0413431637415035,793.990134488309,817.178523771145
"1865",2049,9853,409.635262,0.0415746739064244,810.207587334675,821.981908919143
"1865",2050,9848,416.338951,0.0422764978675873,837.321653792128,837.321653792128
"1866",2026,7996,221.358724,0.0276836823411706,443.412412783803,465.124127838028
"1866",2027,7990,227.997776,0.0285353912390488,445.759539003614,475.614829117193
"1866",2028,7985,237.360665,0.0297258190356919,449.729519860691,490.882970632519
"1866",2029,7980,246.091066,0.0308384794486216,454.722327568491,505.57565914584
"1866",2030,7974,254.574943,0.0319256261600201,460.820793901263,520.283175605052
"1866",2031,7967,261.556828,0.0328300273628718,467.366442921836,532.709366684648
"1866",2032,7960,269.686022,0.0338801535175879,475.640993664163,547.587672812809
"1866",2033,7952,279.645364,0.0351666705231388,486.465899287615,566.423170448594
"1866",2034,7944,285.375316,0.0359233781470292,495.625316485594,577.563291213985
"1866",2035,7936,292.580278,0.036867474546371,507.026072379011,591.916736866312
"1866",2036,7928,300.46383,0.0378990703834511,520.355766260232,608.064771074173
"1866",2037,7920,307.674998,0.0388478532828283,534.405186746933,623.254022920845
"1866",2038,7911,314.00955,0.0396927758816837,548.77144926131,636.948089566018
"1866",2039,7902,318.993435,0.0403686958997722,562.595545980411,647.971142094317
"1866",2040,7892,324.262633,0.0410875105169792,577.791448748631,659.866317997809
"1866",2041,7882,329.382776,0.0417892382643999,593.817582931196,671.668049707465
"1866",2042,7872,331.814335,0.0421512112550813,606.494671050831,677.420958644044
"1866",2043,7861,340.217705,0.043279189034474,630.130156557484,697.447669908453
"1866",2044,7850,341.495127,0.0435025639490446,642.264152407856,700.695680526266
"1866",2045,7838,345.74116,0.0441108905332993,660.570317453222,711.240390711658
"1866",2046,7827,350.211212,0.0447439902900217,680.290884380874,722.518687506911
"1866",2047,7815,351.613327,0.044992108381318,694.179285681226,726.272434570395
"1866",2048,7803,358.700492,0.0459695619633474,721.82985432795,744.599842516703
"1866",2049,7791,362.647691,0.0465470017969452,743.385410334979,755.16666008829
"1866",2050,7778,365.958807,0.0470505023142196,764.252022629115,764.252022629115
"1867",2026,2484,101.390959,0.0408176163446055,185.577906550034,163.779065500336
"1867",2027,2477,103.237934,0.0416786168752523,185.135674747779,167.168543620209
"1867",2028,2471,104.44633,0.0422688506677459,184.753640640669,169.44937508954
"1867",2029,2465,105.415012,0.0427647107505071,184.455945866755,171.322098196495
"1867",2030,2460,107.71645,0.043787174796748,184.943178338746,175.772713354984
"1867",2031,2455,109.632384,0.0446567755600815,185.58314190985,179.593537077739
"1867",2032,2450,111.158609,0.0453708608163265,186.28589422571,182.7258283868
"1867",2033,2445,113.589463,0.0464578580777096,187.926819582997,187.798122987578
"1867",2034,2441,114.669544,0.0469764621056944,188.856574741998,190.141436854995
"1867",2035,2436,116.811706,0.0479522602627258,190.988466332225,194.830780187942
"1867",2036,2432,118.976248,0.0489211546052632,193.5478737704,199.679734253474
"1867",2037,2427,121.513755,0.0500674721878863,196.994035780883,205.54933810904
"1867",2038,2422,121.818636,0.0502967118084228,198.121476500993,206.402684547259
"1867",2039,2417,124.451634,0.0514901257757551,202.534243818279,212.739138414093
"1867",2040,2412,126.455377,0.0524276024046434,206.597096370422,217.755354192675
"1867",2041,2406,126.281504,0.0524860781379884,207.582020172816,217.557766298591
"1867",2042,2401,129.743844,0.0540374194085798,214.891667614158,226.416668020226
"1867",2043,2395,133.19853,0.0556152526096033,223.183101170126,235.705899891697
"1867",2044,2390,134.232851,0.0561643728033473,227.320516690297,238.736150568125
"1867",2045,2384,135.77868,0.056954144295302,232.917061891681,243.282537712839
"1867",2046,2378,138.383889,0.0581933931875526,241.506373219315,250.948674375665
"1867",2047,2372,139.918228,0.0589874485666105,248.131709659666,255.754039053145
"1867",2048,2366,142.796759,0.0603536597633136,258.96414846372,264.717998339157
"1867",2049,2360,143.730151,0.0609026063559322,264.999553613035,267.999536221335
"1867",2050,2354,145.552715,0.0618320794392523,274.129139666591,274.129139666591
"1868",2026,4279,122.951372,0.02873366954896,298.547662454632,303.476624546323
"1868",2027,4271,125.873843,0.0294717497073285,299.515511098946,309.021898901423
"1868",2028,4265,128.378201,0.0301003988276671,300.779677171707,313.88386955261
"1868",2029,4260,133.230664,0.0312748037558685,303.449045591724,323.642567490468
"1868",2030,4255,137.215727,0.032248114453584,306.473166308916,331.892665235665
"1868",2031,4250,140.731168,0.033113216,309.890176631131,339.357136108283
"1868",2032,4244,143.763655,0.0338745652686145,313.578668266918,345.934363898208
"1868",2033,4239,149.701826,0.0353153635291342,320.209936387691,359.268790035009
"1868",2034,4234,154.985429,0.0366049666981578,327.43710712635,371.592767815875
"1868",2035,4229,159.334108,0.0376765448096477,334.783862014106,382.077398889384
"1868",2036,4224,163.818338,0.0387827504734849,343.232215095937,393.225715991447
"1868",2037,4220,167.373053,0.0396618609004739,351.460905564849,402.313962077754
"1868",2038,4215,172.600657,0.0409491475682088,362.947416707643,416.086212195714
"1868",2039,4211,176.949305,0.0420207326050819,374.331327426287,427.925663704319
"1868",2040,4206,182.367188,0.0433588178792202,388.739080019807,443.182528031691
"1868",2041,4200,186.53365,0.0444127738095238,402.249524170171,455.357772332333
"1868",2042,4195,190.354727,0.0453765737783075,416.186204218367,466.837434597668
"1868",2043,4188,193.037421,0.0460929849570201,428.673654584555,475.184616385837
"1868",2044,4181,195.197106,0.0466867031810572,440.658893328114,482.075991391115
"1868",2045,4174,200.548151,0.0480469935313848,461.572619192105,499.320146697975
"1868",2046,4166,203.934747,0.0489521716274604,478.816141180851,510.724871977471
"1868",2047,4158,206.341327,0.0496251387686388,494.239478168381,519.114904978458
"1868",2048,4149,208.947917,0.0503610308508074,511.131979218746,528.412950506752
"1868",2049,4140,210.838373,0.050927143236715,526.505924282106,535.408752500889
"1868",2050,4131,215.571831,0.0521839339143065,552.732380549371,552.732380549371
"1870",2026,10584,246.373346,0.0232779049508692,451.116842210086,461.168422100855
"1870",2027,10599,259.202301,0.0244553543730541,453.682017585684,476.778309714065
"1870",2028,10613,268.496875,0.0252988669556205,456.725958692005,488.434049668597
"1870",2029,10628,279.322866,0.0262817901768912,461.116500181496,502.312942030569
"1870",2030,10641,290.961535,0.0273434390564797,466.89747804982,517.589912199281
"1870",2031,10654,305.343007,0.0286599405856955,475.019006765326,537.02263222722
"1870",2032,10665,318.722207,0.0298848764181903,484.352694317255,555.700597899246
"1870",2033,10674,328.600482,0.0307851304103429,493.459828881594,569.889183121639
"1870",2034,10683,342.342074,0.0320454997659833,506.065810444747,590.164526111868
"1870",2035,10691,355.565008,0.0332583488915911,520.139151070926,610.318059590687
"1870",2036,10697,367.950854,0.034397574460129,535.397936569061,629.785129619076
"1870",2037,10702,378.540598,0.0353710145767146,550.912604718276,646.902643352734
"1870",2038,10704,391.427833,0.03656837004858,570.085733458571,668.337697197401
"1870",2039,10705,402.270324,0.0375777976646427,589.187715001513,686.915259577044
"1870",2040,10704,413.467179,0.0386273522982063,610.402782350333,706.644451760534
"1870",2041,10701,421.635272,0.0394014832258667,629.806474843194,721.405999763311
"1870",2042,10697,431.218016,0.0403120516032533,652.392211346843,739.13173049549
"1870",2043,10692,439.147975,0.0410725752899364,674.312718069773,754.152838060709
"1870",2044,10685,448.250765,0.041951405240992,699.397101961434,771.802712208302
"1870",2045,10678,457.451937,0.0428406009552351,726.320667607126,790.086975516463
"1870",2046,10669,463.929313,0.0434838609991564,750.29395427786,803.287005032777
"1870",2047,10659,472.730029,0.0443503170091003,779.776441540248,821.579089059435
"1870",2048,10648,478.609764,0.0449483249436514,805.315419906866,834.124778277693
"1870",2049,10636,485.065869,0.0456060425911997,833.220583894992,848.151255994797
"1870",2050,10623,493.882072,0.0464917699331639,867.670038313379,867.670038313379
"1871",2026,4522,160.873861,0.0355758206545776,376.797631075577,455.976310755769
"1871",2027,4516,166.377948,0.0368418839681134,382.196559729044,471.24770712032
"1871",2028,4511,172.009875,0.0381312070494347,388.902787752833,487.444501444761
"1871",2029,4506,175.042101,0.0388464494007989,395.289861131213,496.422875911593
"1871",2030,4501,180.892735,0.0401894545656521,404.557591783243,514.230367132972
"1871",2031,4495,185.472449,0.0412619463848721,414.193234601161,528.672120351863
"1871",2032,4490,192.920282,0.042966655233853,428.132510467351,553.023109130311
"1871",2033,4484,197.365029,0.0440153945138269,440.567799269481,568.187032467534
"1871",2034,4478,200.988993,0.044883651853506,453.168288422119,580.920721055298
"1871",2035,4471,206.736728,0.0462394828897338,470.241521381429,601.694906014696
"1871",2036,4465,210.217677,0.0470812266517357,485.199504127862,614.735798163921
"1871",2037,4458,216.564335,0.0485788100044863,506.971624163929,639.164144710105
"1871",2038,4450,218.823074,0.049173724494382,522.206077036553,648.374685521005
"1871",2039,4442,219.881773,0.0495006242683476,535.414871310762,652.961483082148
"1871",2040,4433,224.846044,0.0507209663884503,558.952277226554,673.523643562487
"1871",2041,4424,226.074347,0.0511017963381555,574.117699571853,679.121055957513
"1871",2042,4414,230.116339,0.0521332893067512,598.14011622849,696.771594612129
"1871",2043,4404,229.296115,0.0520654212079927,608.363843436245,693.917075845756
"1871",2044,4394,229.792191,0.0522968117888029,622.735897295795,696.69148038167
"1871",2045,4384,233.050734,0.0531593827554745,647.115454117022,711.526712759412
"1871",2046,4374,234.876166,0.0536982546867856,667.484467169033,720.334667257686
"1871",2047,4364,238.81219,0.0547232332722273,697.179883940098,738.9069114818
"1871",2048,4354,237.782982,0.0546125360587965,707.48241657889,735.008017923124
"1871",2049,4344,239.392256,0.055108714548803,729.164170946367,743.23550228194
"1871",2050,4335,241.257848,0.0556534828143022,752.713875169061,752.713875169061
"1874",2026,1047,35.74925,0.0341444603629417,44.6652675867061,59.6526758670613
"1874",2027,1052,36.649404,0.0348378365019011,45.4850554715836,61.0731307024262
"1874",2028,1058,37.647599,0.0355837419659735,46.4429858003204,62.6742045732593
"1874",2029,1063,39.032391,0.0367190884289746,47.661330329523,64.935672138932
"1874",2030,1068,38.976001,0.0364943829588015,48.4613709392703,64.8454837570813
"1874",2031,1073,38.750615,0.0361142730661696,49.1761264986369,64.4821791256935
"1874",2032,1079,39.897321,0.0369762011121409,50.5963560949935,66.3734033692107
"1874",2033,1084,40.602453,0.0374561374538745,51.9004242972976,67.5528946132347
"1874",2034,1090,41.744271,0.0382974963302752,53.5966220307608,69.491555076902
"1874",2035,1095,42.240754,0.0385760310502283,54.9606610051234,70.3386537259963
"1874",2036,1101,41.89655,0.038053178928247,55.6968291859829,69.7301667073324
"1874",2037,1106,42.305539,0.0382509394213382,57.0541897273426,70.4228092240832
"1874",2038,1111,44.599688,0.0401437335733573,60.3030533747106,74.4600970449283
"1874",2039,1116,45.711658,0.0409602670250896,62.6617270161707,76.4667693892268
"1874",2040,1121,46.9336,0.0418676181980375,65.3245150222599,78.7192240356159
"1874",2041,1125,47.082201,0.0418508453333333,66.8263181478303,78.9642538080457
"1874",2042,1129,47.599842,0.0421610646589903,68.8392801512077,79.9132573588681
"1874",2043,1133,49.094086,0.0433310556045896,72.3354398060139,82.7768675335781
"1874",2044,1137,50.541516,0.0444516411609499,76.0362611962197,85.6274338015738
"1874",2045,1140,52.922974,0.0464236614035088,81.643107984878,90.5607482890806
"1874",2046,1143,52.682498,0.0460914243219598,82.9382267268109,89.9861490903658
"1874",2047,1146,54.527614,0.047580815008726,88.2039682679272,93.9340487525941
"1874",2048,1149,55.804253,0.0485676701479547,92.699949698537,96.7296753497697
"1874",2049,1151,57.063562,0.0495773779322328,97.461081931754,99.5829422667574
"1874",2050,1154,57.165031,0.0495364220103986,99.731871564981,99.731871564981
"1875",2026,2761,92.812469,0.0336155266207896,244.799859241761,278.998592417614
"1875",2027,2769,98.100686,0.0354282000722282,248.270810863713,293.878624463367
"1875",2028,2776,102.043376,0.0367591412103746,252.275138967981,305.429365531319
"1875",2029,2783,106.504084,0.0382695235357528,257.570257136902,318.977680644246
"1875",2030,2790,109.613357,0.0392879415770609,262.929524907381,328.718099629525
"1875",2031,2797,114.761852,0.0410303367894172,271.031648931998,345.457909328687
"1875",2032,2804,120.459547,0.0429598955064194,281.264861504112,364.891881551114
"1875",2033,2811,123.277177,0.0438552746353611,289.494165600884,374.777008554162
"1875",2034,2817,127.212231,0.0451587614483493,300.226113180451,389.065282951128
"1875",2035,2824,130.26764,0.0461287677053824,310.741316336713,400.408723055345
"1875",2036,2830,135.198578,0.0477733491166078,325.799745272878,419.525779521849
"1875",2037,2835,137.46861,0.0484898095238095,337.092245101026,428.497063611758
"1875",2038,2840,140.033489,0.0493075665492958,349.823289555487,438.860526464522
"1875",2039,2844,140.172497,0.0492870945850914,357.463162439101,439.235170109107
"1875",2040,2847,144.519748,0.0507621173164735,376.380958153471,457.609533045554
"1875",2041,2850,146.785705,0.0515037561403509,390.977387278259,467.380961929448
"1875",2042,2852,147.763941,0.0518106384992987,402.427245815959,471.610351165656
"1875",2043,2854,147.961919,0.0518436997196917,411.630666021246,472.363614944063
"1875",2044,2855,150.391878,0.0526766647985989,428.785916981554,483.304409008457
"1875",2045,2856,151.517511,0.053052349789916,442.024992730278,488.415375668034
"1875",2046,2856,151.793298,0.0531489138655462,452.389644173085,489.693699027159
"1875",2047,2857,155.420509,0.0543998981449072,476.841862411741,506.737309759708
"1875",2048,2857,157.079466,0.0549805621281064,494.232673101991,514.765052002152
"1875",2049,2856,157.738382,0.0552305259103641,507.688025506875,518.078468059091
"1875",2050,2856,158.020934,0.0553294586834734,519.467734242945,519.467734242945
"3101",2026,32194,786.179512,0.0244200631173511,1086.09548414142,1131.95484141416
"3101",2027,32359,817.809566,0.0252730172749467,1092.45799644856,1164.33088326227
"3101",2028,32520,844.510261,0.0259689502152522,1100.49074639557,1192.37569368898
"3101",2029,32680,872.425291,0.0266960003365973,1110.97474548492,1222.05762581139
"3101",2030,32839,904.525858,0.0275442570723834,1124.88151684783,1256.52606739133
"3101",2031,32996,942.050863,0.02855045650988,1143.21299502899,1297.39302618778
"3101",2032,33151,981.704388,0.0296131153811348,1165.67116571953,1341.52666375239
"3101",2033,33303,1018.282382,0.0305762958892592,1190.57522780822,1383.27649050544
"3101",2034,33453,1050.804625,0.03141137192479,1217.10945528384,1421.2736382096
"3101",2035,33601,1084.487524,0.032275453825779,1247.40101695627,1461.34518161432
"3101",2036,33747,1121.263557,0.0332255772957596,1282.84251218715,1505.93160460453
"3101",2037,33891,1155.271916,0.0340878674574371,1320.37480165835,1548.07278372361
"3101",2038,34029,1183.051811,0.0347659881571601,1357.19446716,1583.17175847272
"3101",2039,34163,1214.747405,0.0355573985013026,1399.90813037969,1623.82234958246
"3101",2040,34292,1239.022997,0.0361315466289514,1440.05229706977,1655.48367531162
"3101",2041,34417,1267.572219,0.0368298288345876,1486.59724730175,1693.22226007811
"3101",2042,34537,1293.283785,0.0374463266931117,1533.70298785881,1727.71855408401
"3101",2043,34653,1317.025439,0.0380061016073644,1581.75401958398,1759.98850113082
"3101",2044,34765,1344.161054,0.0386642040558033,1636.21966330723,1797.41246878352
"3101",2045,34873,1367.919349,0.0392257433831331,1690.05929976652,1830.61144586649
"3101",2046,34976,1398.145985,0.039974439186871,1754.7160457383,1873.6071126333
"3101",2047,35075,1425.781437,0.0406495064005702,1819.89676835389,1913.5597389903
"3101",2048,35170,1455.64269,0.0413887600227467,1891.78528443525,1957.5246318219
"3101",2049,35260,1485.209629,0.0421216570901872,1967.32450670384,2001.85663034165
"3101",2050,35345,1512.739732,0.0427992568114302,2043.8281646256,2043.8281646256
"3103",2026,50807,1228.292133,0.0241756477060248,2417.85802182603,2866.58021826033
"3103",2027,51089,1267.909413,0.0248176596331891,2445.69052192427,2933.02197763109
"3103",2028,51368,1315.064283,0.0256008464997664,2480.73956459665,3012.2260834094
"3103",2029,51644,1361.188196,0.0263571411199752,2521.64752443554,3091.04717381428
"3103",2030,51918,1410.548715,0.0271687799029238,2570.11827642059,3176.47310568235
"3103",2031,52189,1466.648653,0.0281026395025772,2628.70433725244,3274.7976947911
"3103",2032,52457,1515.32742,0.0288870392893227,2691.13175259114,3362.25154643427
"3103",2033,52723,1567.246936,0.0297260576219107,2762.73602110264,3456.92695476591
"3103",2034,52987,1617.205503,0.0305207976107347,2840.71458632719,3549.78646581798
"3103",2035,53251,1669.061952,0.0313432978160035,2927.90808764951,3647.78991462745
"3103",2036,53515,1725.593841,0.0322450498178081,3027.51699199966,3756.45682526243
"3103",2037,53777,1772.298884,0.0329564476263086,3126.62458000308,3848.24308293284
"3103",2038,54034,1820.205321,0.0336862960543362,3234.68060310856,3943.78291474284
"3103",2039,54287,1868.189238,0.0344131972295393,3350.87757162213,4040.98310063342
"3103",2040,54535,1919.340611,0.0351946568442285,3479.39259917592,4146.22815868147
"3103",2041,54777,1966.474668,0.035899641601402,3611.42243875303,4244.86405849514
"3103",2042,55013,2007.302349,0.0364877819606275,3742.49619807173,4331.56599724533
"3103",2043,55243,2054.116584,0.037183291711167,3890.4512957198,4432.34073995905
"3103",2044,55467,2104.835292,0.0379475236086322,4053.88432618538,4543.33461443275
"3103",2045,55683,2161.877266,0.0388247268645727,4238.88196836427,4670.62396106372
"3103",2046,55891,2215.538042,0.0396403364047879,4429.01432226772,4792.72273207967
"3103",2047,56090,2264.817492,0.0403782758423962,4621.2108808595,4906.82916153183
"3103",2048,56281,2321.921337,0.0412558649810771,4841.35581164689,5041.89817475339
"3103",2049,56461,2381.132247,0.0421730441720834,5079.52626003921,5185.17014030048
"3103",2050,56632,2449.053359,0.0432450444801526,5354.0025335137,5354.0025335137
"3105",2026,58380,1326.558277,0.0227228207776636,2424.27012804606,2615.70128046062
"3105",2027,58605,1368.793024,0.0233562498762904,2439.87647502865,2671.19254566294
"3105",2028,58827,1421.640218,0.0241664578849848,2462.10895607957,2740.7654633118
"3105",2029,59046,1472.596023,0.0249398100294686,2489.30976400552,2809.1635953201
"3105",2030,59261,1524.04167,0.0257174477312229,2522.09218097757,2879.36872391029
"3105",2031,59472,1571.339079,0.0264214937953995,2558.88774086437,2945.21822909345
"3105",2032,59678,1623.449822,0.0272034890914575,2603.08493922278,3018.64596683933
"3105",2033,59880,1681.390492,0.0280793335337341,2656.21708222475,3101.5298819993
"3105",2034,60080,1731.612221,0.028821774650466,2711.82446497663,3175.06116244158
"3105",2035,60279,1783.618479,0.0295893840143334,2774.63912067231,3252.46084725099
"3105",2036,60477,1821.287424,0.0301153731831936,2833.79499081825,3309.93682277525
"3105",2037,60671,1869.500381,0.0308137393647707,2905.72304943784,3383.92302329334
"3105",2038,60859,1922.262997,0.0315855172940732,2987.68707841766,3466.06741530483
"3105",2039,61039,1966.910256,0.0322238283064926,3069.16951679126,3536.90556049576
"3105",2040,61214,2009.326823,0.0328246287287222,3154.37678333279,3605.20285333247
"3105",2041,61382,2038.151413,0.0332043826040207,3230.76070975205,3652.45012792762
"3105",2042,61545,2077.680187,0.0337587161751564,3323.1601645557,3717.51452079386
"3105",2043,61702,2129.053108,0.0345054148649963,3435.57012510892,3803.09508489345
"3105",2044,61852,2172.561711,0.0351251650876285,3545.22236860674,3876.83531433127
"3105",2045,61995,2218.06801,0.0357781758206307,3664.07731889753,3955.09516172003
"3105",2046,62131,2256.511948,0.0363186162785083,3779.30636558433,4022.18395951097
"3105",2047,62260,2301.715419,0.0369694092354642,3911.01038910319,4102.16663560923
"3105",2048,62381,2354.527701,0.0377443083791539,4062.69233698429,4197.26198592896
"3105",2049,62494,2400.364933,0.0384095262425193,4210.83129767599,4281.26628329973
"3105",2050,62598,2450.534098,0.0391471628167034,4374.87740634227,4374.87740634227
"3107",2026,85353,1929.490957,0.0226060121729758,2940.11546690047,2977.15466900466
"3107",2027,85855,1997.676326,0.023268025461534,2951.51170251134,3048.81238190069
"3107",2028,86353,2072.226853,0.0239971611061573,2969.53366691547,3127.6209538027
"3107",2029,86849,2142.323854,0.0246672253451393,2992.77152951364,3203.1601388877
"3107",2030,87342,2218.427656,0.0253993228458245,3023.45422223443,3285.8168889377
"3107",2031,87832,2295.428473,0.0261343072342654,3060.96114350141,3370.64745565707
"3107",2032,88316,2378.739911,0.0269344163118801,3107.41335606581,3463.42571097172
"3107",2033,88794,2468.096371,0.0277957561434331,3163.76350891668,3564.31312804601
"3107",2034,89267,2550.298112,0.0285693269853361,3225.24956909356,3659.12392273391
"3107",2035,89734,2635.235408,0.0293671897831368,3295.8746881703,3758.57071581784
"3107",2036,90196,2715.414461,0.0301057082464854,3372.14756654933,3854.20540326174
"3107",2037,90647,2804.376965,0.030937338963231,3461.65216274354,3961.66275657277
"3107",2038,91083,2889.254656,0.0317211187158965,3557.54110180445,4066.07473055354
"3107",2039,91505,2972.246562,0.0324817940221846,3660.913802902,4169.89583472681
"3107",2040,91912,3052.433413,0.0332103905148403,3770.91757163688,4271.86811461901
"3107",2041,92305,3125.609042,0.0338617522561075,3883.67070818025,4366.44635197019
"3107",2042,92683,3202.038046,0.0345482779582016,4007.39542146711,4466.56488781016
"3107",2043,93046,3278.642746,0.0352367941233368,4139.90440287834,4568.41274966555
"3107",2044,93395,3362.164248,0.0359994030515552,4288.52281324842,4681.19072677216
"3107",2045,93729,3443.696932,0.0367409972580525,4444.9676465746,4793.19094963028
"3107",2046,94047,3517.772028,0.0374044044786118,4602.50953877833,4896.59945738627
"3107",2047,94348,3592.809253,0.038080396542587,4770.44880479902,5002.98456878763
"3107",2048,94633,3674.640047,0.0388304296281424,4957.14180255676,5121.01816492623
"3107",2049,94901,3760.499912,0.0396255035458004,5160.57202411063,5247.24366141364
"3107",2050,95152,3845.60655,0.0404154043004876,5374.82444748661,5374.82444748661
"3110",2026,5200,148.903546,0.0286352973076923,203.640453077628,254.404530776275
"3110",2027,5275,159.130589,0.0301669363033175,207.762272816105,268.998347753489
"3110",2028,5349,170.47809,0.0318710207515423,213.33856627963,285.648950169311
"3110",2029,5422,177.77328,0.0327873994835854,218.999127609031,296.819424042497
"3110",2030,5493,192.093832,0.0349706593846714,228.253250370364,319.013001481454
"3110",2031,5563,204.077171,0.0366847332374618,238.371229961939,338.42166943283
"3110",2032,5631,215.734705,0.0383119703427455,249.994933390659,357.984410432797
"3110",2033,5697,227.466517,0.039927420923293,263.383820162276,378.369159068347
"3110",2034,5760,237.935994,0.0413083322916667,277.649448344329,397.123620860824
"3110",2035,5821,251.609069,0.0432243719292218,296.3033448853,422.693359737828
"3110",2036,5880,262.520762,0.0446463880952381,314.723354611203,443.733378128849
"3110",2037,5936,274.283737,0.046206829009434,336.009149429565,467.286145228419
"3110",2038,5990,283.820717,0.0473824235392321,356.83095383532,486.783552427854
"3110",2039,6041,294.176943,0.048696729514981,380.54099642584,508.708079022706
"3110",2040,6090,304.661861,0.0500265781609195,406.51955635853,531.631290173647
"3110",2041,6136,313.768374,0.0511356541720991,432.506135959357,551.971525976388
"3110",2042,6179,319.825278,0.0517600385175595,455.119726440133,565.313894914476
"3110",2043,6221,327.451511,0.0526364750040186,481.805182375441,582.820586271784
"3110",2044,6261,336.273066,0.053709162434116,512.533340909675,603.849472141516
"3110",2045,6298,345.451894,0.0548510469990473,546.144929378236,626.48606692706
"3110",2046,6334,352.668201,0.0556785918850647,577.389231618862,644.340272492779
"3110",2047,6368,358.435134,0.0562869243090452,606.742102958876,658.554482207185
"3110",2048,6400,363.731352,0.05683302375,636.191270239753,671.720292151084
"3110",2049,6431,371.190402,0.0577189242730524,672.85475476389,691.355589365081
"3110",2050,6460,379.712696,0.0587790551083591,714.690779200577,714.690779200577
"3112",2026,7911,210.862627,0.0266543581089622,351.411070511194,409.110705111943
"3112",2027,7977,219.020879,0.0274565474489156,355.529674435746,421.579450441789
"3112",2028,8043,228.302016,0.0283851816486386,360.905371949411,435.887839710921
"3112",2029,8108,232.779013,0.028709794400592,365.886315873804,443.288545288488
"3112",2030,8172,244.215004,0.0298843617229564,374.055260450012,461.221041800047
"3112",2031,8235,253.864989,0.0308275639344262,382.891304771854,476.79584268471
"3112",2032,8297,263.599562,0.0317704666747017,393.036412056031,492.804344787788
"3112",2033,8358,272.306859,0.0325803851399856,403.881260113198,507.431062381235
"3112",2034,8419,279.59366,0.0332098420239933,414.967253295641,519.918133239103
"3112",2035,8477,291.775157,0.0344196245133892,430.718033505806,540.926933727556
"3112",2036,8535,300.411837,0.0351976376098418,445.329207214526,556.219383609529
"3112",2037,8592,312.261944,0.0363433361266294,464.192700599603,577.571123121177
"3112",2038,8647,318.952602,0.0368859259858911,479.677703812997,589.868552387268
"3112",2039,8700,328.456823,0.037753657816092,499.271054898998,607.589029615315
"3112",2040,8751,338.398245,0.0386696657524854,520.93361511285,626.493784180561
"3112",2041,8800,348.52019,0.0396045670454546,544.510814564417,646.148399342516
"3112",2042,8848,353.476119,0.0399498326175407,562.541161363482,655.773087662117
"3112",2043,8894,364.370123,0.0409680821902406,590.295431590249,677.603975037625
"3112",2044,8938,370.245782,0.0414237840680242,611.916192997275,689.407990964226
"3112",2045,8979,381.207331,0.0424554327876156,643.336445372368,712.183317381376
"3112",2046,9019,389.461764,0.0431823665594855,671.885837171877,729.571573143385
"3112",2047,9057,396.907965,0.0438233371977476,700.415358272236,745.468009320829
"3112",2048,9092,405.088115,0.0445543461284646,731.931413235432,763.304230524792
"3112",2049,9126,415.251862,0.0455020668419899,769.527619874607,786.067657012579
"3112",2050,9158,423.664978,0.0462617359685521,805.212716483573,805.212716483573
"3114",2026,6655,104.479057,0.0156993323816679,404.074605977316,386.746059773159
"3114",2027,6758,111.687928,0.0165267724178751,405.398756815385,401.627322293705
"3114",2028,6856,117.542207,0.0171444292590432,407.456171475252,414.320979858582
"3114",2029,6951,124.446217,0.0179033544813696,410.840888951442,428.78065388914
"3114",2030,7042,130.846046,0.0185808074410679,415.108353766036,442.433415064144
"3114",2031,7129,138.429916,0.0194178588862393,420.997079146557,458.163753553243
"3114",2032,7212,145.183572,0.0201308336106489,427.622263311068,472.530040957132
"3114",2033,7293,150.477834,0.0206331871657754,434.412461872884,484.379205166578
"3114",2034,7370,157.787873,0.0214094807327001,443.555204357564,499.888010893911
"3114",2035,7445,163.081915,0.0219048912021491,452.284201818693,511.792461299869
"3114",2036,7518,170.617857,0.0226945806065443,463.93903748164,527.976921013978
"3114",2037,7588,176.445751,0.0232532618608329,475.194154392019,541.012984179548
"3114",2038,7657,184.121452,0.0240461606373253,489.477049786579,557.776454157417
"3114",2039,7724,191.380798,0.0247774207664423,504.644450498064,573.90544765628
"3114",2040,7788,195.640699,0.0251207882639959,517.290124519047,584.064199230476
"3114",2041,7851,202.953632,0.0258506727805375,534.880974673177,600.537320261399
"3114",2042,7913,211.363813,0.0267109582964742,555.478187860468,619.540268372098
"3114",2043,7971,219.437763,0.0275295148663907,577.146910591127,638.063607581189
"3114",2044,8028,226.799819,0.0282510985301445,599.208855534924,655.301749077321
"3114",2045,8081,231.616145,0.0286618172255909,618.064453399493,667.002404183991
"3114",2046,8132,241.038882,0.0296407872602066,646.750992292786,689.236461520924
"3114",2047,8180,247.812042,0.0302948706601467,671.974142378553,705.689174511045
"3114",2048,8226,256.014314,0.0311225764648675,701.756632798157,725.736900322332
"3114",2049,8268,264.570992,0.0319993942912433,734.176189428972,746.962274731399
"3114",2050,8308,271.180537,0.0326408927539721,763.723263380394,763.723263380394
"3116",2026,4012,84.032718,0.0209453434695912,214.501312269794,210.01312269794
"3116",2027,4054,88.385753,0.0218021097681302,215.30122164411,217.190702866258
"3116",2028,4096,91.214771,0.0222692312011719,216.265799557888,222.233140330786
"3116",2029,4138,96.370983,0.0232892660705655,218.356922811728,230.797283819897
"3116",2030,4179,101.405448,0.0242654816941852,221.081348085332,239.325392341328
"3116",2031,4220,105.383273,0.0249723395734597,224.010838092408,246.342045538812
"3116",2032,4259,112.992819,0.0265303637003992,229.40662927582,259.328090079446
"3116",2033,4298,118.555511,0.0275838787808283,234.67406193744,269.273274310178
"3116",2034,4337,124.179519,0.0286325845054185,240.816175674663,279.540439186656
"3116",2035,4374,129.918385,0.0297024199817101,247.903908587772,290.208933914908
"3116",2036,4411,136.183287,0.0308735631376105,256.367895120681,302.090305517223
"3116",2037,4448,141.160762,0.031735782823741,264.619009644204,311.817579793569
"3116",2038,4482,146.960755,0.0327891019634092,274.558686911252,323.288521656822
"3116",2039,4516,151.629177,0.033575991364039,284.180295185823,332.753693933316
"3116",2040,4548,156.684018,0.034451191292876,295.090829131243,343.14532660999
"3116",2041,4579,160.673963,0.0350893127320376,305.433704934955,351.503705562197
"3116",2042,4608,166.196727,0.036066998046875,318.751341659271,363.216202370386
"3116",2043,4636,169.543239,0.036571017903365,329.639172937323,370.442946355692
"3116",2044,4663,172.556641,0.0370054988205018,340.556486126897,377.008369195996
"3116",2045,4688,177.777662,0.0379218562286689,356.008491941961,388.548913159336
"3116",2046,4712,182.99887,0.0388367720713073,372.531137542398,400.33075004988
"3116",2047,4735,187.921356,0.0396877203801478,389.534542955667,411.658639950048
"3116",2048,4757,190.677745,0.0400836125709481,402.800065184609,418.027097496874
"3116",2049,4778,196.26074,0.0410759187944747,423.191932836085,431.303306842685
"3116",2050,4798,202.551363,0.0422157905377241,446.680503509084,446.680503509084
"3118",2026,46379,1064.673571,0.0229559406412385,1942.32075887717,2305.20758877167
"3118",2027,46645,1110.363719,0.0238045603816057,1966.66651864593,2372.3019537886
"3118",2028,46907,1151.513534,0.0245488633679408,1995.13122402339,2434.17842299081
"3118",2029,47166,1196.857338,0.0253754259000127,2029.71232383074,2502.99917096819
"3118",2030,47420,1255.435604,0.0264748123998313,2074.62293738706,2592.49174954823
"3118",2031,47670,1305.761204,0.0273916761904762,2123.27418966021,2671.64935533985
"3118",2032,47916,1358.948684,0.0283610627765256,2179.82139328383,2756.83505625793
"3118",2033,48159,1408.355204,0.0292438631200814,2241.23681340941,2837.8256921639
"3118",2034,48400,1455.821837,0.0300789635743802,2308.09260503548,2917.2315125887
"3118",2035,48638,1508.333477,0.0310114206381841,2385.2242591943,3006.51259244412
"3118",2036,48875,1559.266462,0.0319031501176471,2468.66293027396,3094.97459005044
"3118",2037,49107,1609.846757,0.0327824293277944,2559.31545980673,3184.5667508424
"3118",2038,49332,1653.385864,0.0335154841482202,2650.69981239081,3263.27238616511
"3118",2039,49550,1694.79161,0.0342036651866801,2746.42706317361,3339.32266072104
"3118",2040,49763,1733.767957,0.0348405031248116,2845.74411098835,3411.99057758136
"3118",2041,49969,1774.885003,0.0355197222878184,2953.84380952188,3489.68876908963
"3118",2042,50169,1816.997608,0.0362175368853276,3069.92592984355,3570.46561406222
"3118",2043,50363,1853.738366,0.0368075445465917,3185.23191911726,3641.97548354883
"3118",2044,50550,1892.229876,0.0374328363204748,3309.32044377214,3717.89734680276
"3118",2045,50730,1935.333498,0.0381496845653459,3447.57226296571,3804.24278518857
"3118",2046,50903,1976.500625,0.0388287650040273,3590.12757224831,3888.03243793918
"3118",2047,51068,2019.444395,0.0395442232905146,3743.48568680031,3976.91344991585
"3118",2048,51226,2058.686023,0.0401883032639675,3897.57396108089,4059.37725522258
"3118",2049,51376,2102.422949,0.0409222778924011,4068.54874362127,4152.95973363249
"3118",2050,51517,2149.07893,0.0417159176582487,4254.78747150492,4254.78747150492
"3120",2026,8533,210.094465,0.0246214068908942,589.357738237978,709.577382379784
"3120",2027,8589,215.209707,0.0250564334614041,596.170484466241,722.694432481754
"3120",2028,8646,225.831814,0.0261198026833218,606.228614322827,748.734938987582
"3120",2029,8703,236.984686,0.0272302293462025,618.642102082761,776.668715683582
"3120",2030,8760,246.314911,0.0281181405251142,632.193076992268,800.772307969072
"3120",2031,8817,256.160181,0.0290529863899286,648.058579071206,826.638535899847
"3120",2032,8873,267.074715,0.0300997086667418,666.933763706285,855.796196019339
"3120",2033,8928,277.672847,0.0311013493503584,687.928206768792,884.767466948392
"3120",2034,8981,292.365322,0.0325537603830308,715.883119077879,925.707797694698
"3120",2035,9032,301.380322,0.0333680604517272,740.374347757493,951.71279487427
"3120",2036,9082,311.507461,0.0342994341554724,768.571946381909,981.414623961914
"3120",2037,9129,322.408395,0.0353169454485705,800.496473067137,1014.04189866759
"3120",2038,9174,334.156257,0.0364242704381949,836.726099384847,1050.04745342699
"3120",2039,9217,346.625854,0.0376072316371921,877.562182438466,1089.29733181015
"3120",2040,9257,354.920463,0.0383407651506968,913.477835251695,1115.96453640271
"3120",2041,9296,363.446819,0.0390971190834768,952.198388707557,1143.84662446424
"3120",2042,9332,371.718077,0.0398326271967424,992.756740834016,1171.36677262002
"3120",2043,9366,379.922061,0.0405639612427931,1035.56545430389,1199.13959905612
"3120",2044,9399,390.619948,0.0415597348654112,1087.68725917528,1236.2416247423
"3120",2045,9430,397.935143,0.0421988486744433,1133.3451298991,1261.96323679889
"3120",2046,9459,404.980423,0.0428142956972196,1180.44261136232,1287.10895454391
"3120",2047,9487,412.368737,0.0434667162432803,1230.90344352898,1313.9193729904
"3120",2048,9514,418.715624,0.0440104713054446,1280.1067919373,1337.19653182411
"3120",2049,9539,429.055132,0.0449790472795891,1346.31383643086,1376.32606382427
"3120",2050,9562,437.542525,0.0457584736456808,1409.06169823177,1409.06169823177
"3122",2026,3655,124.382007,0.034030644870041,161.687406257938,230.874062579384
"3122",2027,3678,130.689465,0.0355327528548124,166.095603343825,241.968024318728
"3122",2028,3701,136.408568,0.0368572191299649,171.214524167656,252.368709529462
"3122",2029,3724,141.035043,0.0378719234693878,176.739320371029,261.008566451901
"3122",2030,3746,148.09082,0.0395330539241858,184.156363699166,274.625454796664
"3122",2031,3768,149.707157,0.0397311987791932,189.570622603497,277.723904707816
"3122",2032,3790,156.291104,0.0412377583113456,198.516161431288,290.972804403964
"3122",2033,3811,163.788315,0.0429777787982157,209.352138649894,306.695554896258
"3122",2034,3831,167.855967,0.0438151832419734,218.549356687715,315.373391719287
"3122",2035,3851,174.221757,0.0452406535964684,230.777449157119,329.49131235913
"3122",2036,3871,176.539206,0.0456055815034875,239.732934347821,334.490388100675
"3122",2037,3890,180.596831,0.0464259205655527,251.210821328122,343.679651371946
"3122",2038,3907,187.41526,0.0479690964934733,267.248217377333,359.90584977697
"3122",2039,3924,189.72708,0.0483504281345566,278.093134177904,365.222356047497
"3122",2040,3940,193.646145,0.0491487677664975,291.951525686677,374.722441098684
"3122",2041,3956,197.077278,0.049817309908999,305.788605181363,383.114875745453
"3122",2042,3971,198.833173,0.0500713102493075,317.254510204318,387.220728863311
"3122",2043,3985,202.507719,0.050817495357591,332.85442387672,396.514473053179
"3122",2044,3999,206.949012,0.0517501905476369,350.913016162889,408.081311177922
"3122",2045,4012,213.246878,0.0531522627118644,374.386163381195,425.244508776856
"3122",2046,4025,216.647953,0.0538255783850932,392.39886135268,434.469248650212
"3122",2047,4038,218.416183,0.0540901889549282,406.942580425848,439.00572442349
"3122",2048,4050,222.352575,0.0549018703703704,427.884685079931,450.091551437764
"3122",2049,4061,227.25946,0.0559614528441271,452.804116631492,464.445835461291
"3122",2050,4072,233.966938,0.0574574995088409,484.950137674685,484.950137674685
"3124",2026,1313,39.849531,0.0303499855293222,85.7736386481907,74.7363864819066
"3124",2027,1322,42.791141,0.0323684878971256,85.9652473334885,79.4745260617344
"3124",2028,1330,44.11889,0.0331720977443609,86.0749086303411,81.7137636019491
"3124",2029,1339,46.231886,0.0345271740104556,86.647313671435,85.3402996302822
"3124",2030,1348,46.963864,0.0348396617210682,86.9109266661468,86.643706664587
"3124",2031,1357,48.397368,0.035664972733972,87.6303932165098,89.1926720574252
"3124",2032,1365,51.725324,0.0378940102564103,89.6970157740371,95.2985100739604
"3124",2033,1374,52.966393,0.0385490487627365,90.8580535413445,97.6429063209505
"3124",2034,1382,54.394597,0.0393593321273517,92.3557307118973,100.389326779743
"3124",2035,1391,57.535327,0.0413625643421999,95.6071232578709,106.673424589419
"3124",2036,1399,59.787732,0.0427360486061472,98.566617200318,111.350773053301
"3124",2037,1407,61.54936,0.0437451030561478,101.395347807062,115.088483525975
"3124",2038,1415,64.617394,0.0456660028268551,106.206151421195,121.920275311264
"3124",2039,1423,65.448821,0.0459935495432185,108.562132020154,123.7015013109
"3124",2040,1430,66.780454,0.0466996181818182,111.817951814573,126.708722903317
"3124",2041,1436,69.077872,0.0481043676880223,116.926332419019,132.171822519274
"3124",2042,1443,70.017211,0.0485219757449757,120.128201418389,134.32600202627
"3124",2043,1448,72.964414,0.0503897886740332,127.40145233123,141.781630279634
"3124",2044,1453,74.604494,0.0513451438403303,132.723731777402,145.998363583744
"3124",2045,1458,74.896172,0.0513691165980796,135.421639322094,146.595863781038
"3124",2046,1462,77.576928,0.053062194254446,143.857902949046,153.891650528289
"3124",2047,1465,79.988305,0.0545995255972696,152.461960865212,160.759955904464
"3124",2048,1468,81.70473,0.0556571730245232,159.860085535781,165.767660038682
"3124",2049,1471,81.831219,0.0556296526172672,163.020876253758,165.982728575333
"3124",2050,1473,83.885935,0.0569490393754243,172.251664896842,172.251664896842
"3201",2026,132708,2927.69726,0.022061196461404,4411.7193625326,4787.193625326
"3201",2027,133681,3025.522629,0.0226324057195862,4442.52218774402,4897.43409268381
"3201",2028,134633,3127.585831,0.0232304548736194,4482.491231995,5012.80703997143
"3201",2029,135569,3231.927284,0.0238397220898583,4531.83871304207,5131.59394372739
"3201",2030,136486,3361.125895,0.0246261586902686,4596.86573842939,5277.46295371754
"3201",2031,137383,3481.521854,0.0253417224401855,4670.73739045971,5416.04309725116
"3201",2032,138256,3625.80747,0.0262253173099178,4764.02799969696,5582.39384522143
"3201",2033,139109,3757.090053,0.0270082457137928,4865.58930629759,5737.1429139244
"3201",2034,139944,3884.719352,0.027759099011033,4978.03425119389,5890.08562798472
"3201",2035,140765,4026.089581,0.0286014959755621,5109.93938694922,6061.2900273125
"3201",2036,141577,4156.906205,0.0293614514010044,5250.1557608557,6222.95949653832
"3201",2037,142375,4311.33907,0.0302815738015803,5418.50254989512,6415.8586339417
"3201",2038,143156,4450.455744,0.0310881537902708,5592.89653724702,6593.44824954004
"3201",2039,143919,4586.222729,0.0318666939667452,5779.86151136914,6769.76427467087
"3201",2040,144664,4725.609429,0.0326661051056241,5984.78903482884,6953.66245572615
"3201",2041,145391,4856.966021,0.0334062357436155,6198.52133887452,7130.03220962192
"3201",2042,146097,5000.751143,0.0342289789865637,6439.20427078421,7326.0061011203
"3201",2043,146780,5146.820056,0.0350648593541354,6699.53251323735,7528.68815354218
"3201",2044,147437,5292.873622,0.0358992221898167,6977.97438411945,7735.12823757349
"3201",2045,148066,5443.847283,0.0367663561047101,7280.87880376587,7952.62006617337
"3201",2046,148661,5593.064516,0.0376229442557228,7601.59550154901,8171.8770606459
"3201",2047,149221,5747.725703,0.0385182092533893,7950.05887661801,8403.86915675268
"3201",2048,149743,5893.11982,0.0393548935175601,8307.209892427,8626.44312694811
"3201",2049,150225,6041.193171,0.0402142996904643,8689.59757464999,8857.89358405194
"3201",2050,150665,6184.250803,0.0410463664620184,9086.19885165292,9086.19885165292
"3203",2026,97928,2111.619399,0.021562978913079,3336.10944392463,3562.09443924633
"3203",2027,98604,2189.234852,0.0222022925236299,3357.51527606773,3649.29291685623
"3203",2028,99268,2278.812257,0.0229561616734497,3387.75630239518,3749.60744225818
"3203",2029,99922,2376.062566,0.0237791734152639,3427.52182341267,3859.33799253022
"3203",2030,100560,2473.76695,0.0245999100039777,3476.05827882547,3971.23311530188
"3203",2031,101182,2577.682904,0.0254757061928011,3535.4384706648,4091.65555013844
"3203",2032,101786,2677.092108,0.0263011819700155,3602.87854187643,4209.08782115824
"3203",2033,102378,2773.592579,0.0270916855086054,3678.62364565185,4325.13419490165
"3203",2034,102961,2879.919131,0.0279709708627539,3768.41412239821,4454.53530599552
"3203",2035,103538,2982.552359,0.0288063547586393,3867.03919541505,4581.94673237725
"3203",2036,104113,3084.430705,0.0296257979791188,3975.8729223442,4710.73246809306
"3203",2037,104681,3185.511184,0.0304306529742742,4094.99920184789,4840.75454019101
"3203",2038,105238,3284.738575,0.0312124762443224,4223.77957010085,4970.59921836518
"3203",2039,105785,3386.050175,0.0320087930708513,4365.15353080005,5105.30388221286
"3203",2040,106323,3478.647982,0.0327177372910847,4510.80593294535,5230.68949271255
"3203",2041,106848,3573.610354,0.0334457393119197,4669.21134737147,5361.13033565505
"3203",2042,107360,3664.355731,0.0341314803558122,4834.72138370874,5487.74483386963
"3203",2043,107858,3764.570076,0.0349030213428767,5020.93229761696,5629.55226795519
"3203",2044,108340,3870.11273,0.0357219192357393,5225.60240808329,5781.45472010748
"3203",2045,108802,3972.23199,0.0365088140842999,5439.83693830516,5931.10700099097
"3203",2046,109243,4081.674778,0.0373632615179005,5676.96468498948,6094.48786469351
"3203",2047,109658,4180.084377,0.0381192833810575,5914.14814295635,6244.12466811983
"3203",2048,110048,4288.071617,0.0389654661329602,6178.98042155812,6411.51937465743
"3203",2049,110409,4398.943012,0.0398422502875671,6464.19265720736,6587.04431917648
"3203",2050,110740,4514.592841,0.0407674990157125,6774.35065085235,6774.35065085235
"3205",2026,90790,1712.209782,0.0188590129089107,2587.61831784846,2818.18317848463
"3205",2027,91515,1770.663468,0.0193483414522209,2605.52759364082,2878.56431738778
"3205",2028,92223,1833.052817,0.0198763086973965,2628.60304231571,2942.58881323263
"3205",2029,92917,1898.156597,0.0204285178923125,2657.06846641875,3009.38101844119
"3205",2030,93596,1971.271395,0.0210614918906791,2692.43970769338,3083.75883077353
"3205",2031,94261,2039.077654,0.0216322514507591,2732.20670181482,3154.02331066025
"3205",2032,94911,2113.567652,0.0222689430308394,2779.41839859081,3230.97968797173
"3205",2033,95548,2180.777551,0.0228238953300959,2830.21175083672,3301.8944850668
"3205",2034,96174,2250.013219,0.0233952338365878,2887.33067684781,3375.32669211952
"3205",2035,96792,2324.223056,0.0240125532688652,2952.36257414977,3454.25731234232
"3205",2036,97403,2392.988158,0.0245679102081045,3021.1882354632,3528.71207465937
"3205",2037,98004,2468.971951,0.0251925630688543,3099.62741944952,3611.02911112101
"3205",2038,98590,2534.438003,0.0257068465665889,3178.84924494114,3683.54408171116
"3205",2039,99160,2604.732646,0.0262679774707543,3266.73170649315,3761.5433302011
"3205",2040,99716,2681.510348,0.0268914752697661,3365.13569891444,3847.0171182631
"3205",2041,100257,2753.335136,0.0274627720358678,3467.08615219059,3928.16777689145
"3205",2042,100783,2831.242916,0.0280924651578143,3580.26254539757,4016.66077913938
"3205",2043,101293,2910.897423,0.0287373996524933,3702.234976211,4108.08132367594
"3205",2044,101784,2997.979433,0.0294543290988761,3838.33689927089,4208.88632163985
"3205",2045,102256,3089.631927,0.0302146761754811,3987.39582084768,4316.33331796638
"3205",2046,102707,3183.571647,0.0309966374930628,4148.19699253603,4428.11410886592
"3205",2047,103136,3281.408852,0.0318163284595098,4323.13203717084,4546.37412638967
"3205",2048,103541,3378.52555,0.0326298331095894,4508.05998419868,4665.84863156614
"3205",2049,103921,3480.069799,0.0334876473378817,4709.32131121171,4792.9831804797
"3205",2050,104275,3589.64809,0.0344248198513546,4932.87379489273,4932.87379489273
"3207",2026,61758,1330.202728,0.0215389541112083,2191.58867711349,2223.8867711349
"3207",2027,62082,1370.61665,0.0220775208595084,2199.05269838834,2268.38326100608
"3207",2028,62398,1426.859631,0.0228670731593961,2212.70666459355,2329.18094053459
"3207",2029,62708,1479.585396,0.0235948426994961,2230.35595387326,2387.32213587419
"3207",2030,63013,1541.414063,0.0244618422071636,2254.97476044726,2455.89904178903
"3207",2031,63311,1597.290334,0.0252292703321698,2283.25104442344,2519.30798060327
"3207",2032,63603,1648.085499,0.025912071741899,2314.795642089,2578.14043719693
"3207",2033,63892,1702.140235,0.0266408976867213,2352.3778184153,2641.45605080083
"3207",2034,64178,1751.504225,0.0272913494499673,2392.96390585598,2700.40976463994
"3207",2035,64464,1809.419291,0.0280686785027302,2442.67830198712,2770.12183311343
"3207",2036,64751,1857.675181,0.0286895211039212,2492.76482299268,2829.61015366879
"3207",2037,65037,1900.81706,0.029226702646186,2544.56513604201,2883.73685081368
"3207",2038,65318,1948.088169,0.029824675724915,2603.50122042918,2943.45676441669
"3207",2039,65596,1999.125028,0.0304763252027563,2670.09579802485,3008.58859238272
"3207",2040,65869,2049.890314,0.0311207140536519,2741.91795621443,3074.2687299431
"3207",2041,66136,2092.353194,0.0316371294605056,2812.19543941718,3130.18179534668
"3207",2042,66396,2133.224731,0.0321288139496355,2885.61388957494,3184.59127082134
"3207",2043,66650,2182.623998,0.0327475468567142,2971.78955482922,3250.76549807352
"3207",2044,66895,2243.486387,0.0335374301068839,3075.55074113817,3333.22676275893
"3207",2045,67130,2303.883043,0.0343197235662148,3186.17487693639,3416.52292546017
"3207",2046,67355,2355.069105,0.0349650227154628,3293.32133518171,3488.37804139025
"3207",2047,67567,2408.297768,0.0356431063684935,3409.36070377787,3564.18107467929
"3207",2048,67764,2462.875708,0.0363448985892214,3533.99231264443,3643.12682448046
"3207",2049,67948,2529.433375,0.037226016586213,3682.94887169063,3741.19363292533
"3207",2050,68115,2593.333364,0.0380728674154004,3837.35239293274,3837.35239293274
"3209",2026,44347,670.807252,0.0151263276433581,1013.54477149496,1063.44771494956
"3209",2027,44774,703.602793,0.0157145395318712,1019.40142829437,1090.91947850448
"3209",2028,45191,734.78898,0.016259630899958,1027.15313822341,1117.44650413379
"3209",2029,45597,764.999954,0.0167774185582385,1036.77243429184,1143.39969078512
"3209",2030,45991,799.013476,0.0173732572894697,1049.00783028347,1172.03132113387
"3209",2031,46375,830.091964,0.0178995571752022,1062.84756624,1198.77414344348
"3209",2032,46749,871.381463,0.0186395743866179,1081.09011576979,1232.89266390703
"3209",2033,47115,906.773326,0.0192459583147618,1100.47684439837,1263.10853627136
"3209",2034,47475,943.913483,0.0198823271827278,1122.74955978645,1294.87389946611
"3209",2035,47831,981.039527,0.0205105376638582,1147.54400153143,1326.95771778612
"3209",2036,48183,1016.764471,0.0211021412323849,1174.39329743314,1358.30167880661
"3209",2037,48527,1060.930577,0.0218626862777423,1207.08272387875,1396.45409537316
"3209",2038,48862,1097.707193,0.0224654576767222,1239.67360360098,1429.22473381996
"3209",2039,49186,1136.657125,0.0231093629284756,1275.89868864017,1463.99776789816
"3209",2040,49501,1173.820983,0.0237130761600776,1314.03057382321,1497.64891811714
"3209",2041,49807,1216.301493,0.0244202921878451,1357.82133917858,1536.03221008088
"3209",2042,50104,1263.442025,0.0252163904079515,1407.5956164729,1578.85088067557
"3209",2043,50391,1308.008009,0.0259571750709452,1459.39181074045,1620.05669252942
"3209",2044,50668,1349.008133,0.0266244598760559,1512.2558664893,1658.65273095394
"3209",2045,50935,1395.577542,0.0273991860606656,1572.46735881296,1702.72905700057
"3209",2046,51192,1449.09637,0.0283070864588217,1642.01364977097,1753.89841149525
"3209",2047,51438,1508.163505,0.029320026147984,1720.94335926908,1811.31646114826
"3209",2048,51673,1562.197408,0.0302323729607338,1800.80632165733,1865.08791530522
"3209",2049,51896,1614.186626,0.0311042590180361,1883.750190016,1917.87032728935
"3209",2050,52106,1671.469654,0.0320782568993974,1977.07534410798,1977.07534410798
"3212",2026,20503,404.576427,0.0197325477734966,1033.19626060789,1043.96260607892
"3212",2027,20669,424.935566,0.0205590771687068,1038.08108718059,1076.22608858612
"3212",2028,20829,448.520074,0.0215334425080417,1046.26999257411,1113.54281470919
"3212",2029,20984,471.541433,0.0224714750762486,1057.21924188837,1150.67878535704
"3212",2030,21134,497.616082,0.0235457595343995,1072.2748389531,1193.09935581241
"3212",2031,21277,519.242145,0.0244039171405743,1088.75284759611,1229.40120902996
"3212",2032,21415,548.035856,0.0255912143824422,1111.88124495466,1277.78844601434
"3212",2033,21546,572.938552,0.0265914114916922,1136.7215272264,1320.88697165905
"3212",2034,21673,599.259288,0.0276500386656208,1166.11903506874,1367.29758767185
"3212",2035,21795,623.903097,0.0286259737095664,1198.16337500067,1411.80200000154
"3212",2036,21915,649.618855,0.0296426582249601,1234.91284879028,1459.18494482163
"3212",2037,22032,676.525852,0.0307065110748003,1276.88998657758,1509.83412015137
"3212",2038,22147,700.526012,0.0316307405969206,1320.29003625321,1556.16370227857
"3212",2039,22259,724.490047,0.0325481848690417,1367.67460050677,1603.36102213919
"3212",2040,22368,749.614573,0.0335128117399857,1420.64833582324,1653.83733731718
"3212",2041,22475,775.615652,0.0345101513681869,1479.33423936538,1707.22149338171
"3212",2042,22578,798.166953,0.0353515348126495,1537.78791132964,1754.55415904234
"3212",2043,22678,820.50455,0.0361806398271452,1600.1139266184,1802.32396829613
"3212",2044,22773,840.160707,0.0368928427084706,1662.15567185544,1845.1040927167
"3212",2045,22865,864.076829,0.0377903708287776,1735.72013068956,1898.11708392561
"3212",2046,22950,889.49124,0.0387577882352941,1817.1642059708,1955.72259525977
"3212",2047,23030,912.903398,0.0396397480677377,1899.93635914023,2009.95646100308
"3212",2048,23104,929.586447,0.0402348704553324,1972.87370422739,2049.16076132691
"3212",2049,23171,949.209731,0.04096541931725,2056.24189228043,2096.1474205511
"3212",2050,23233,971.260518,0.0418052131881376,2150.08085386663,2150.08085386663
"3214",2026,16375,414.348684,0.0253037364274809,495.727570785817,619.275707858165
"3214",2027,16468,431.225192,0.0261856444012631,503.427875171085,637.839092153344
"3214",2028,16560,452.433006,0.0273208336956522,513.398059977957,661.417485588327
"3214",2029,16651,474.085128,0.0284718712389646,525.37112070075,686.099391532944
"3214",2030,16743,493.562368,0.0294787294988951,538.73783216888,708.95132867552
"3214",2031,16835,516.674454,0.0306904932580933,555.202283250592,736.616637393363
"3214",2032,16928,535.927636,0.0316592412570888,572.468823493747,760.365610749991
"3214",2033,17022,558.357093,0.0328020851251322,593.146239031691,788.610314570181
"3214",2034,17118,581.20534,0.0339528765042645,616.460327200109,818.150818000271
"3214",2035,17215,597.397485,0.0347021484170781,638.469656115866,839.644928264837
"3214",2036,17314,613.994168,0.0354622945593162,662.51406652496,862.029613736759
"3214",2037,17414,631.740562,0.0362777398644769,689.233851916102,886.358735446052
"3214",2038,17512,651.006264,0.0371748666057561,719.19155320751,913.2573694682
"3214",2039,17610,670.964942,0.038101359568427,752.068519060714,941.691096273556
"3214",2040,17706,685.669586,0.0387252674799503,782.594263900438,962.950822240701
"3214",2041,17801,704.331321,0.0395669524745801,818.833284650566,990.427599472552
"3214",2042,17893,722.071949,0.0403549963114067,856.507594705125,1017.01084957875
"3214",2043,17982,741.458687,0.0412333826604382,898.438402355159,1046.66224048157
"3214",2044,18069,765.803357,0.0423821659748741,949.282050145969,1084.94458083351
"3214",2045,18152,787.509364,0.0433841650506831,1000.28952156072,1119.89479576704
"3214",2046,18230,808.087292,0.0443273336258914,1053.02228647522,1153.79092526496
"3214",2047,18304,830.834298,0.0453908598120629,1112.3998282011,1192.3096655787
"3214",2048,18374,853.386511,0.0464453309567868,1175.30982523793,1231.52413539236
"3214",2049,18438,881.45711,0.0478065468055104,1252.19091659968,1282.19835490876
"3214",2050,18496,902.289271,0.0487829406898789,1320.67974843989,1320.67974843989
"3216",2026,19297,388.891983,0.0201529762657408,816.400020835037,892.000208350366
"3216",2027,19518,409.382575,0.0209746170201865,823.744669131054,922.506684589485
"3216",2028,19731,434.775776,0.022035161725204,834.553442924885,959.73395957077
"3216",2029,19937,458.557463,0.0230003241711391,847.827468185397,995.423379695986
"3216",2030,20134,485.103622,0.0240937529552002,864.864345564961,1035.45738225984
"3216",2031,20324,510.318735,0.0251091682247589,884.577465099851,1074.35640034731
"3216",2032,20507,535.469913,0.0261115674160043,907.400101101851,1113.84646492877
"3216",2033,20683,562.238075,0.0271835843446309,934.32499201267,1156.48273658668
"3216",2034,20853,589.349665,0.0282621044933583,965.012024132989,1200.53006033247
"3216",2035,21020,614.936282,0.0292548183634634,998.357868458068,1243.10369933273
"3216",2036,21184,635.444074,0.0299964158799094,1031.34762561331,1278.20552760696
"3216",2037,21345,660.824868,0.0309592348559382,1071.38777874487,1321.92737316072
"3216",2038,21501,681.53493,0.0316978247523371,1110.76325349682,1358.47864272149
"3216",2039,21653,703.32886,0.0324818205329516,1154.28761355837,1397.42572520574
"3216",2040,21803,721.658007,0.0330990233912764,1197.25761511572,1430.81218418515
"3216",2041,21949,737.992965,0.0336230791835619,1240.59376943268,1460.97172744556
"3216",2042,22092,757.980667,0.03431018771501,1291.06714612147,1498.09592303067
"3216",2043,22231,774.641787,0.0348451165939454,1340.11306785194,1529.50924454501
"3216",2044,22366,793.250895,0.035466819949924,1394.60716657785,1564.91247300368
"3216",2045,22496,811.958918,0.036093479640825,1452.26036174381,1600.93582983853
"3216",2046,22621,832.576364,0.0368054623579859,1516.18416297493,1641.15783879404
"3216",2047,22741,852.244069,0.0374761034695044,1581.97812295244,1680.08802586191
"3216",2048,22856,874.065092,0.0382422598879944,1655.27147059147,1723.96915739619
"3216",2049,22965,896.136635,0.0390218434574352,1733.08997811563,1769.13244479546
"3216",2050,23067,921.432622,0.0399459237005246,1821.99978345917,1821.99978345917
"3218",2026,22244,390.536403,0.0175569323413055,848.000315915912,776.003159159116
"3218",2027,22437,405.369123,0.0180669930471988,847.422489067378,793.618102308202
"3218",2028,22635,420.568552,0.0185804529268831,848.269698780519,811.826850174394
"3218",2029,22835,437.105839,0.0191419241953142,850.802791195234,831.542546801101
"3218",2030,23035,455.258144,0.0197637570653354,855.266101962713,853.064407850852
"3218",2031,23235,469.646823,0.0202129039380245,860.311468488955,870.996412135495
"3218",2032,23430,490.992744,0.0209557295774648,869.047263000304,896.145424616321
"3218",2033,23622,507.626076,0.0214895468630937,877.981629539189,916.638978039143
"3218",2034,23809,528.028092,0.022177667772691,890.106274091273,941.265685228183
"3218",2035,23991,547.12829,0.022805564169897,903.564580186284,964.719040425792
"3218",2036,24171,562.975188,0.0232913486409334,917.19062658845,984.822371765159
"3218",2037,24344,585.771888,0.0240622694709169,936.35322288627,1012.78677636345
"3218",2038,24511,601.400808,0.0245359556117661,953.291596027616,1032.8938109593
"3218",2039,24670,623.390062,0.0252691553303608,976.10426407687,1060.43278991808
"3218",2040,24822,641.857106,0.02585839601966,998.575643864464,1084.12103018314
"3218",2041,24966,660.630584,0.0264612106064247,1023.181214954,1108.34900370414
"3218",2042,25103,680.33647,0.0271017993865275,1050.54658984185,1133.92369977407
"3218",2043,25233,700.324233,0.0277542992509809,1080.27833812044,1160.10622118025
"3218",2044,25356,724.590729,0.0285766969947941,1116.40277360682,1192.00357884751
"3218",2045,25473,747.38021,0.0293400938248341,1153.78671374218,1222.50672460576
"3218",2046,25584,771.616193,0.0301601076063165,1195.48362633059,1255.3925015654
"3218",2047,25689,796.113637,0.0309904487134571,1240.46319428878,1289.19796539581
"3218",2048,25789,818.283985,0.0317299618054209,1285.55585841037,1320.38471179499
"3218",2049,25883,844.334093,0.0326211835181393,1338.74726845238,1357.55560358689
"3218",2050,25971,870.275964,0.0335095284740672,1395.3234638544,1395.3234638544
"3220",2026,11554,217.122176,0.0187919487623334,419.114967678225,465.149676782248
"3220",2027,11637,233.789781,0.0200902106212941,423.796562338411,485.247726097534
"3220",2028,11716,245.43792,0.0209489518607033,429.055445776322,500.031118721838
"3220",2029,11792,257.309335,0.0218206695217096,435.524419876582,515.291387654502
"3220",2030,11866,272.365011,0.0229533971852351,444.167520640748,534.67008256299
"3220",2031,11938,287.500886,0.024082835148266,454.426429391995,554.613667450418
"3220",2032,12008,303.324354,0.0252601893737508,466.627559764839,575.930953122581
"3220",2033,12077,316.529307,0.0262092661256935,479.363829112023,594.314011343513
"3220",2034,12147,330.839598,0.0272363215608792,494.244099877253,614.610249693133
"3220",2035,12217,343.249107,0.0280960225096177,509.6837892503,632.705804000686
"3220",2036,12287,357.431192,0.0290901922356963,527.851697403233,653.687784006806
"3220",2037,12356,368.733364,0.0298424541922952,545.651800243085,670.881561449923
"3220",2038,12423,379.420659,0.0305417901473074,564.375372423961,687.409768043565
"3220",2039,12489,391.107908,0.0313161908879814,585.374195644066,705.700758543092
"3220",2040,12553,402.671816,0.0320777356807138,607.806740221895,724.090784355031
"3220",2041,12614,412.273742,0.0326838228951958,629.739852924705,739.645061018422
"3220",2042,12674,417.681133,0.0329557466466782,648.257523926437,748.653605609195
"3220",2043,12731,431.173831,0.0338680253711413,677.156494756035,770.822365770895
"3220",2044,12786,441.8379,0.0345563819802909,704.402120164842,788.712413115925
"3220",2045,12839,453.536076,0.0353248754575902,734.63624766198,808.629227891668
"3220",2046,12890,464.76999,0.0360566322730799,765.970023935778,828.082381100916
"3220",2047,12937,474.972335,0.0367142563963825,797.425489755948,846.028720851772
"3220",2048,12982,485.971979,0.0374342920197196,831.804642069415,865.680694129097
"3220",2049,13024,502.181241,0.0385581419686732,877.258576237647,895.307611675478
"3220",2050,13062,516.229334,0.0395214617975808,921.641812813804,921.641812813804
"3222",2026,45745,809.490706,0.0176957198819543,1244.1161910692,1299.16191069204
"3222",2027,46156,847.497183,0.0183615820911691,1251.29282650628,1334.67510186388
"3222",2028,46564,885.333918,0.0190132702946482,1261.17631994042,1370.43611394525
"3222",2029,46967,931.276504,0.0198283157110311,1275.21563260132,1413.1323887121
"3222",2030,47362,975.699651,0.0206008963092775,1292.28298264976,1455.13193059902
"3222",2031,47748,1016.984154,0.0212989895702438,1311.88055113098,1494.97583002081
"3222",2032,48123,1061.300287,0.0220539095027326,1335.4424977077,1537.82306986985
"3222",2033,48488,1107.082843,0.0228320995504042,1362.87131909226,1582.47260439243
"3222",2034,48843,1155.461641,0.023656647646541,1394.81483767787,1630.03709419466
"3222",2035,49187,1204.155177,0.0244811673206335,1430.74756191915,1678.56585581519
"3222",2036,49521,1246.22798,0.0251656464934068,1467.69457118745,1721.56751828936
"3222",2037,49842,1288.747255,0.0258566521207014,1508.31400112605,1765.44195341667
"3222",2038,50148,1331.764311,0.0265566784517827,1552.74304019696,1810.26007308538
"3222",2039,50441,1379.865904,0.0273560378263714,1603.81560864097,1860.66486577187
"3222",2040,50721,1423.22939,0.0280599631316417,1656.11619787721,1906.98591660353
"3222",2041,50989,1459.625827,0.0286262885524329,1707.4981767478,1946.67649320423
"3222",2042,51246,1500.388136,0.0292781511922882,1765.32200115536,1991.31714450766
"3222",2043,51492,1544.771449,0.0300002223452187,1829.74725159801,2040.36915470917
"3222",2044,51728,1591.99846,0.0307763389266935,1900.80923251033,2093.23771936816
"3222",2045,51953,1639.56681,0.0315586551305988,1976.83649514878,2147.33722479849
"3222",2046,52168,1682.984485,0.0322608588598374,2053.6605743592,2197.6006757167
"3222",2047,52372,1731.428716,0.0330601985030169,2140.09949370154,2254.45013374821
"3222",2048,52565,1784.077337,0.0339404040140778,2236.36931341182,2317.31817666142
"3222",2049,52748,1837.356231,0.0348327184158641,2339.32761683327,2382.23648502158
"3222",2050,52919,1889.520334,0.0357058964455111,2447.12083366118,2447.12083366118
"3224",2026,20509,328.577291,0.0160211268711297,548.068469446689,710.684694466887
"3224",2027,20705,345.422927,0.0166830681960879,557.561614237927,730.448103548563
"3224",2028,20892,361.555312,0.017305921501053,568.425986625008,749.577066428615
"3224",2029,21071,379.403806,0.0180059705756727,581.098113885631,770.461712402971
"3224",2030,21243,397.910954,0.018731391705503,595.538524630174,792.154098520698
"3224",2031,21408,416.611578,0.0194605557735426,611.713285463474,814.220123351213
"3224",2032,21566,436.828976,0.020255447278123,630.122519183826,838.069289796387
"3224",2033,21718,452.976258,0.0208571810479786,648.840372435938,857.835510168105
"3224",2034,21865,473.730492,0.0216661555911274,671.104954893816,882.76238723454
"3224",2035,22009,490.082076,0.0222673486301059,693.255191692621,903.154723868848
"3224",2036,22150,510.570133,0.0230505703386005,719.247969548385,928.4167779966
"3224",2037,22287,529.540344,0.0237600549199085,746.414861786585,952.272901046995
"3224",2038,22420,544.849403,0.0243019359054416,773.160817454172,972.110577189403
"3224",2039,22548,562.886027,0.0249639004346283,803.385304867211,995.336689135678
"3224",2040,22672,581.612868,0.025653355151729,836.039748995771,1019.66359839323
"3224",2041,22791,600.453418,0.0263460759949103,870.801299355465,1044.41705563089
"3224",2042,22905,616.669452,0.0269229186640472,905.311546397876,1066.15935199697
"3224",2043,23014,631.512001,0.0274403407056574,940.302365104818,1086.34218997263
"3224",2044,23118,647.632956,0.0280142294316117,978.210165942175,1108.3356979899
"3224",2045,23217,668.058727,0.0287745499849248,1022.55994578898,1136.22762558644
"3224",2046,23311,690.363221,0.0296153412980996,1071.52645146409,1167.08994289893
"3224",2047,23400,709.876157,0.0303365879059829,1119.87059428498,1194.64292313801
"3224",2048,23483,727.354403,0.0309736576672487,1168.00388228162,1219.73392679095
"3224",2049,23561,744.393156,0.0315942937905861,1217.72396220143,1244.5184022872
"3224",2050,23633,767.867073,0.0324913076206999,1279.00304623616,1279.00304623616
"3226",2026,17944,429.438098,0.0239321276192599,699.844006998323,707.440069983231
"3226",2027,18080,443.273797,0.0245173560287611,702.462737340469,724.183544294322
"3226",2028,18215,461.128772,0.0253158809772166,707.143225152083,745.532715154761
"3226",2029,18348,481.054994,0.0262183885982123,713.991544938685,769.548446770282
"3226",2030,18479,498.578818,0.0269808332701986,722.051171820867,791.204687283466
"3226",2031,18608,516.837662,0.027775024828031,732.074376948541,814.04131112536
"3226",2032,18735,538.692154,0.0287532508139845,745.341569529717,841.589444706823
"3226",2033,18860,562.553907,0.0298278847826087,761.788914386186,872.210798306719
"3226",2034,18983,580.839884,0.0305978972765106,777.955779420509,896.389448551272
"3226",2035,19105,598.74616,0.0313397623658728,795.884328585703,920.449893910177
"3226",2036,19226,616.63491,0.0320729694164153,815.777324159325,944.846998230157
"3226",2037,19345,635.752524,0.0328639195657793,838.537876853712,971.269028007243
"3226",2038,19462,658.47048,0.0338336491624705,866.272780933813,1003.13232897057
"3226",2039,19577,675.532002,0.0345064106860091,892.05480469409,1027.60392288356
"3226",2040,19688,691.927623,0.0351446374949208,919.274377988229,1051.43900478117
"3226",2041,19797,705.895133,0.0356566718694752,946.123060038135,1072.0159396802
"3226",2042,19903,722.493221,0.0363007195397679,977.396820901856,1096.70974414551
"3226",2043,20007,741.412956,0.0370576776128355,1013.36847410173,1125.26233776505
"3226",2044,20107,759.487333,0.0377722849256478,1050.83059085251,1152.97495593873
"3226",2045,20203,781.208522,0.0386679464435975,1095.42663934468,1186.90970996268
"3226",2046,20296,796.675848,0.0392528502167915,1134.54170468613,1211.4020055131
"3226",2047,20385,815.430043,0.04000147377974,1180.57657838012,1241.62149676633
"3226",2048,20469,837.300771,0.0409057975963652,1234.23570959317,1277.63319956018
"3226",2049,20550,861.873955,0.0419403384428224,1295.86241577006,1319.11679560526
"3226",2050,20625,884.622539,0.042890789769697,1358.43449839458,1358.43449839458
"3228",2026,24832,471.755488,0.0189978853092784,1046.13569745092,1092.35697450922
"3228",2027,25081,494.100775,0.0197002023444041,1052.47931945368,1124.48595966313
"3228",2028,25324,516.993868,0.0204151740641289,1061.39942332161,1157.56813326635
"3228",2029,25563,537.114154,0.0210113896647498,1072.13209499373,1187.50397644109
"3228",2030,25795,561.648393,0.0217735372358984,1086.56476681032,1223.2590672413
"3228",2031,26020,588.799548,0.022628729746349,1104.77511360686,1262.82648211082
"3228",2032,26237,619.683752,0.0236186969546823,1127.7560914328,1307.94181979324
"3228",2033,26447,647.85381,0.0244963061973003,1153.05070239397,1350.10538591439
"3228",2034,26650,672.899829,0.0252495245403377,1179.99651180978,1388.49127952446
"3228",2035,26847,701.434557,0.0261271112973517,1212.22903426096,1432.38064973934
"3228",2036,27038,729.581905,0.0269835751534877,1247.81763626899,1476.40555003997
"3228",2037,27224,762.239139,0.0279987929400529,1290.57738508992,1527.9802635901
"3228",2038,27403,793.866553,0.028970059956939,1336.89963144008,1578.99932989105
"3228",2039,27575,820.839581,0.029767527869447,1383.26693861114,1623.58202316791
"3228",2040,27740,846.458948,0.0305140211968277,1432.02260005512,1666.63616008818
"3228",2041,27899,871.234487,0.0312281618337575,1483.48799725802,1708.90641095551
"3228",2042,28052,901.333389,0.0321308066804506,1544.84512961514,1760.77875659305
"3228",2043,28198,931.274085,0.0330262460103553,1610.62118189125,1813.36770425932
"3228",2044,28337,957.167165,0.0337779992589194,1675.54564857743,1859.76857880959
"3228",2045,28470,984.091549,0.0345659132068844,1746.06835896336,1908.77644180106
"3228",2046,28596,1010.466812,0.0353359495034271,1820.11508946027,1957.60598760031
"3228",2047,28714,1038.731708,0.036175096050707,1901.73719345729,2010.8447250223
"3228",2048,28826,1068.477505,0.0370664506001526,1990.96301516374,2067.98704342026
"3228",2049,28931,1095.329595,0.037860066883274,2080.10427650626,2120.5888587078
"3228",2050,29030,1124.293579,0.038728679951774,2178.46863992059,2178.46863992059
"3230",2026,7466,136.783893,0.0183209071792124,198.355456684775,282.554566847754
"3230",2027,7540,145.804727,0.0193374969496021,203.343521456093,293.316519680675
"3230",2028,7612,151.022708,0.0198400825013137,208.455351139091,300.173435080519
"3230",2029,7685,157.814539,0.0205353986987638,214.459624124359,308.809995879338
"3230",2030,7757,164.827938,0.021248928451721,221.195516903967,317.782067615869
"3230",2031,7828,172.199935,0.0219979477516607,228.749492482792,327.259104287972
"3230",2032,7898,181.615703,0.022995151050899,237.82138026315,339.219631578924
"3230",2033,7966,190.171871,0.0238729438865177,247.495572118632,350.367095499675
"3230",2034,8034,197.696518,0.0246074829474732,257.581629050329,360.454072625823
"3230",2035,8101,207.250194,0.025583285273423,269.582405579016,373.188355609179
"3230",2036,8167,215.475288,0.0263836522590915,281.847622955675,384.468679906685
"3230",2037,8232,226.197184,0.0274777920310982,296.716069301664,399.177696198369
"3230",2038,8295,233.014135,0.0280909144062688,309.980181164869,408.963965754308
"3230",2039,8357,242.757932,0.0290484542299868,326.380796036259,422.839652827675
"3230",2040,8417,251.618359,0.0298940666508257,343.210028640812,435.736045825299
"3230",2041,8476,260.404465,0.0307225654789995,361.079116739587,448.742063003151
"3230",2042,8534,268.654057,0.0314804378954769,379.52407228688,461.177246124115
"3230",2043,8590,280.011042,0.0325973273573923,402.470816062952,478.451953983663
"3230",2044,8644,288.341222,0.0333573833873207,423.412482780293,491.467719716507
"3230",2045,8696,299.624559,0.0344554460671573,449.276820377825,509.340702003476
"3230",2046,8746,310.386466,0.0354889624971415,476.132450432985,526.802882862335
"3230",2047,8793,321.264421,0.0365363836005914,504.830310805333,544.865138935587
"3230",2048,8837,334.455726,0.0378472022179473,538.992448912496,567.370215040537
"3230",2049,8878,346.957328,0.03908057310205,574.340531607099,589.353799072311
"3230",2050,8916,359.722598,0.0403457377747869,612.497099941055,612.497099941055
"3232",2026,25303,457.655712,0.0180870138718729,775.523088666995,825.23088666995
"3232",2027,25499,477.636052,0.0187315601396133,780.485737916486,846.259912119897
"3232",2028,25689,498.455788,0.0194034718361945,787.187414032877,868.21379447358
"3232",2029,25874,520.624165,0.0201215183195486,795.846200243662,891.629177617231
"3232",2030,26052,545.564007,0.020941348341778,806.977198219617,917.908792878466
"3232",2031,26226,567.359021,0.0216334561503851,819.310287618666,941.514043891011
"3232",2032,26395,589.976027,0.0223518100776662,833.760812176679,966.187114389782
"3232",2033,26561,608.756556,0.0229191881329769,848.775243479987,987.311016496515
"3232",2034,26727,635.160148,0.0237647378306581,868.592987526366,1016.48246881591
"3232",2035,26891,659.837189,0.0245374730950876,890.022534904582,1044.33722263904
"3232",2036,27055,680.858854,0.0251657310663463,911.895606021965,1068.72759162519
"3232",2037,27220,699.926276,0.0257136765613519,934.672676314943,1091.31253915111
"3232",2038,27382,719.516625,0.0262769930976554,959.571489238077,1114.67543497832
"3232",2039,27542,741.767607,0.0269322346597923,988.110672110299,1141.25220784732
"3232",2040,27699,761.741089,0.0275006711072602,1017.22171361937,1165.554741791
"3232",2041,27853,785.793202,0.0282121567515169,1051.44720129374,1194.82596421697
"3232",2042,28003,804.026496,0.0287121556976038,1083.3405751544,1217.62939307771
"3232",2043,28148,828.476499,0.0294328726374876,1122.559181205,1248.0463473966
"3232",2044,28288,851.561972,0.0301032936934389,1163.09787896018,1277.22306962603
"3232",2045,28423,877.35686,0.0308678485733385,1208.87521720712,1310.15411348569
"3232",2046,28551,904.600372,0.0316836668417919,1259.12415723065,1345.44018497724
"3232",2047,28671,933.607731,0.0325627892644135,1314.59870085986,1383.63233899703
"3232",2048,28784,963.809053,0.0334841944483046,1375.10432754636,1424.16684059066
"3232",2049,28889,993.496859,0.0343901436186784,1438.79065678194,1464.8474356176
"3232",2050,28986,1024.917157,0.0353590408128062,1508.82315868811,1508.82315868811
"3234",2026,9130,209.845333,0.0229841547645126,231.237724135839,305.377241358386
"3234",2027,9167,218.427723,0.023827612414094,235.47066670388,313.695757846401
"3234",2028,9207,227.767158,0.024738477028348,240.487634507386,322.929340042207
"3234",2029,9247,239.999657,0.0259543264842652,246.839137752654,335.184177659547
"3234",2030,9288,252.803757,0.0272183200904393,254.347187410106,348.388749640423
"3234",2031,9329,264.728279,0.0283769191767606,262.696527693129,361.074878932624
"3234",2032,9369,276.337946,0.0294949243249013,271.998580451467,373.764862927591
"3234",2033,9410,287.464089,0.0305487873538789,282.183081230927,386.263672361177
"3234",2034,9449,300.315849,0.0317828181818182,294.21578795086,401.03946987715
"3234",2035,9487,310.867166,0.0327676995889111,306.357384175535,413.531163829794
"3234",2036,9526,322.836114,0.0338899972706278,320.393568589904,428.03909176822
"3234",2037,9563,332.070818,0.0347245443898358,333.966056166155,439.519133982741
"3234",2038,9599,343.576612,0.0357929588498802,350.115462842472,454.119023349948
"3234",2039,9634,354.812864,0.0368292364542246,367.372635572424,468.740656293488
"3234",2040,9668,365.174248,0.0377714364915184,385.216405717531,482.546249148049
"3234",2041,9700,374.481253,0.038606314742268,403.338594160959,495.209198733522
"3234",2042,9731,380.574394,0.0391094845339636,419.423154728308,503.604506754726
"3234",2043,9760,389.539567,0.0399118408811475,439.231755113163,516.195600153441
"3234",2044,9788,400.057609,0.0408722526563139,461.941070877274,531.311059196482
"3234",2045,9813,407.05999,0.0414817069193926,481.804408250898,541.528502462643
"3234",2046,9836,414.536619,0.0421448372305815,503.184650995791,552.629001171519
"3234",2047,9858,421.190165,0.0427257217488334,524.432945893421,562.642755936249
"3234",2048,9878,428.316305,0.0433606301882972,547.265488261506,573.557284607033
"3234",2049,9896,436.323477,0.0440908929870655,572.458513597917,586.073780361472
"3234",2050,9912,442.682032,0.0446612219531881,596.154155788014,596.154155788014
"3236",2026,7165,170.549352,0.0238031196092114,236.151221709235,246.512217092353
"3236",2027,7218,179.395514,0.0248539088390136,237.818839009456,255.500647341501
"3236",2028,7270,184.663247,0.0254007217331499,239.58127337016,261.17870497234
"3236",2029,7322,192.581796,0.0263018022398252,242.340116808547,269.541726157867
"3236",2030,7374,198.787911,0.0269579483319772,245.330098591165,276.320394364659
"3236",2031,7425,205.830966,0.0277213422222222,249.099201405868,284.040700542149
"3236",2032,7477,217.24797,0.0290554995318978,255.003231515029,296.548404661628
"3236",2033,7527,225.177342,0.0299159481865285,260.58026824036,305.566257214787
"3236",2034,7577,233.217608,0.0307796763890722,266.948957826804,314.872394567009
"3236",2035,7627,241.488783,0.0316623551855251,274.206255926306,324.614299260128
"3236",2036,7676,248.233999,0.0323389785044294,281.425810842211,332.738549141497
"3236",2037,7724,258.416481,0.0334563025634386,291.426454850686,345.100399708656
"3236",2038,7770,267.337777,0.0344064063063063,301.65979067833,356.199619415145
"3236",2039,7814,274.650771,0.0351485501663681,311.660323474238,365.485656977427
"3236",2040,7857,282.539832,0.0359602688048874,322.913114718065,375.660983548904
"3236",2041,7898,289.949625,0.0367117782983034,334.627863898223,385.381681355808
"3236",2042,7938,299.090619,0.0376783344671202,348.820835180349,397.601193114784
"3236",2043,7975,303.668619,0.0380775697805643,359.486087550512,403.794694983745
"3236",2044,8012,312.629156,0.0390201143285072,375.392237331637,416.151273976306
"3236",2045,8046,318.756214,0.0396167305493413,389.148539484827,424.721279365941
"3236",2046,8079,327.001112,0.0404754439905929,406.268354204837,436.492181417455
"3236",2047,8110,336.988337,0.0415521993834772,426.811810727488,451.125983918297
"3236",2048,8139,341.788696,0.0419939422533481,441.446332601778,458.185224434354
"3236",2049,8167,352.320533,0.0431395289580017,465.270286672298,474.241856282907
"3236",2050,8193,360.166659,0.0439602903698279,486.439678683225,486.439678683225
"3238",2026,15973,243.140938,0.015221995742816,604.886080192618,639.860801926177
"3238",2027,16145,256.722759,0.0159010689996903,608.940518377514,658.749224563739
"3238",2028,16315,269.845959,0.0165397461844928,614.351472495092,677.294128543382
"3238",2029,16483,283.2632,0.0171851726020749,621.257247681602,696.328224384008
"3238",2030,16648,299.562188,0.0179938844305622,630.466054428858,718.864217715433
"3238",2031,16810,313.452018,0.0186467589530042,640.617838550893,738.801177568322
"3238",2032,16968,329.405181,0.0194133180693069,653.123828545835,761.381010910261
"3238",2033,17123,343.30087,0.0200491076330082,666.494190769382,781.67362970864
"3238",2034,17273,361.063049,0.0209033201528397,683.386472025082,806.966180062706
"3238",2035,17421,376.811602,0.0216297343436083,701.206006744482,830.042301130245
"3238",2036,17564,392.514786,0.0223476876565703,720.832185074253,853.278284366848
"3238",2037,17702,408.213454,0.0230603013218845,742.31274388108,876.732183182596
"3238",2038,17834,424.261539,0.0237894773466413,765.932267160222,900.876849382222
"3238",2039,17961,440.544946,0.0245278629252269,791.70769471625,925.608842070212
"3238",2040,18084,457.016252,0.0252718564476886,819.691435858527,950.906297373643
"3238",2041,18202,470.423869,0.0258446252609603,846.831137624774,972.065868112866
"3238",2042,18316,488.814343,0.0266878326599694,880.81564878047,1000.73664111496
"3238",2043,18426,504.969769,0.0274052843264952,914.798409543619,1026.4893688727
"3238",2044,18532,522.985924,0.0282206952298726,953.187126430983,1055.43500184643
"3238",2045,18632,544.932145,0.0292471095427222,999.145928691394,1091.02575838941
"3238",2046,18729,562.691804,0.0300438786908004,1042.6735180669,1120.61590360812
"3238",2047,18821,582.657117,0.0309578192975931,1092.07804492606,1154.32737456457
"3238",2048,18909,605.03532,0.0319972140250674,1148.43063515335,1192.81690286849
"3238",2049,18991,623.789798,0.0328466009162235,1202.4207129143,1225.85268874213
"3238",2050,19069,647.888777,0.0339760227070114,1269.09938069449,1269.09938069449
"3240",2026,27430,503.925447,0.018371325082027,1085.28271502656,1096.8271502656
"3240",2027,27722,526.948138,0.0190083016376885,1090.02000991211,1127.78189026993
"3240",2028,28003,553.562664,0.0197679771453059,1097.80438149825,1162.88217998999
"3240",2029,28275,579.19141,0.0204842231653404,1108.04744905027,1197.16446611891
"3240",2030,28539,606.461002,0.021250254108413,1121.41484601985,1233.65938407939
"3240",2031,28795,635.868586,0.0220826041326619,1138.36290007455,1273.0883480854
"3240",2032,29043,660.827015,0.022753400647316,1156.66391057626,1307.58126331157
"3240",2033,29285,694.150124,0.0237032652893973,1181.44595303414,1352.81642216313
"3240",2034,29521,721.330658,0.0244344926662376,1206.79198012099,1390.97995030248
"3240",2035,29753,750.113337,0.0252113513595268,1236.1203978574,1431.7037665312
"3240",2036,29980,777.930072,0.0259483012675117,1268.1545767244,1471.69384573558
"3240",2037,30201,803.014947,0.0265890184762094,1301.54557127942,1508.47916347203
"3240",2038,30416,835.14181,0.0274573188453446,1343.2415719636,1555.34831266108
"3240",2039,30624,858.192141,0.0280235155760188,1381.37492218485,1590.17008031464
"3240",2040,30824,884.938485,0.0287093980339995,1425.59290030782,1630.54864049251
"3240",2041,31018,910.039253,0.0293390693468309,1471.57398581723,1669.01733708262
"3240",2042,31206,934.822519,0.0299564993590976,1520.40276131229,1707.43251616042
"3240",2043,31386,961.957539,0.0306492556872491,1575.0183205175,1749.78755324407
"3240",2044,31560,986.371541,0.0312538511089987,1630.00316742677,1788.52021603455
"3240",2045,31725,1013.633927,0.0319506359968479,1691.83324754305,1832.10245851452
"3240",2046,31883,1039.718763,0.0326104432769815,1755.84585712489,1874.40689073516
"3240",2047,32034,1066.669052,0.0332980287194855,1824.76452831788,1918.66425725958
"3240",2048,32176,1095.364556,0.0340429063898558,1900.23942875668,1966.42100406128
"3240",2049,32311,1127.104961,0.0348830107703259,1984.98768003479,2020.09109614004
"3240",2050,32438,1158.164094,0.035703930390283,2073.60101242968,2073.60101242968
"3242",2026,3056,84.54737,0.0276660242146597,140.850675654229,148.50675654229
"3242",2027,3092,87.030106,0.0281468648124191,141.680890958055,152.224661513124
"3242",2028,3126,89.834686,0.0287379033909149,142.866590199681,156.380515426747
"3242",2029,3160,91.071782,0.0288201841772152,143.917197020638,158.433868332414
"3242",2030,3193,95.711045,0.0299752724710304,146.293230874128,165.172923496511
"3242",2031,3226,100.153955,0.0310458632982021,149.138724132472,171.786866547728
"3242",2032,3257,104.308211,0.0320258553883942,152.382504109116,178.100012643435
"3242",2033,3288,106.788636,0.032478295620438,155.228860545665,182.010649781145
"3242",2034,3318,109.850249,0.0331073685955395,158.730282496985,186.825706242461
"3242",2035,3348,112.918091,0.0337270283751493,162.620331134131,191.70361402087
"3242",2036,3377,120.100303,0.0355641998815517,170.031032786442,203.223226918826
"3242",2037,3405,125.076518,0.0367331917767988,176.64162073575,211.495845338049
"3242",2038,3432,128.455923,0.037428881993007,182.473914111399,217.225298384362
"3242",2039,3459,131.836645,0.0381140922231859,188.781814366475,223.032875517404
"3242",2040,3484,135.940293,0.0390184537887486,196.382503014338,230.21200482294
"3242",2041,3509,141.951216,0.0404534670846395,206.944077179017,241.047663666441
"3242",2042,3532,144.925253,0.0410320648357871,214.520288601399,246.457555144856
"3242",2043,3555,149.37692,0.0420188241912799,224.64846063667,254.777573744638
"3242",2044,3576,153.113972,0.0428171062639821,234.457569825517,261.880735258732
"3242",2045,3596,155.247658,0.0431723186874305,242.285390588831,265.889711493946
"3242",2046,3616,159.527677,0.0441171673119469,254.150662687651,274.29489727959
"3242",2047,3634,163.450426,0.044978102916896,266.166870133661,282.15985367173
"3242",2048,3651,166.250617,0.0455356387291153,276.706188244527,287.790473777867
"3242",2049,3667,169.951757,0.0463462658849196,289.634423197615,295.46433578973
"3242",2050,3683,175.174327,0.0475629451534076,306.689509333715,306.689509333715
"3301",2026,104442,2272.43976,0.0217579111851554,3749.74370776886,4215.43707768859
"3301",2027,104974,2355.101323,0.02243509176558,3782.87736695828,4315.28994151473
"3301",2028,105499,2438.630086,0.0231151962198694,3823.90394805071,4417.45113171833
"3301",2029,106019,2519.947848,0.02376883245456,3872.34928188073,4518.4672088505
"3301",2030,106535,2620.115377,0.0245939398038203,3934.25229769781,4643.00919079125
"3301",2031,107050,2716.552665,0.0253764844932275,4004.85853331493,4765.33402892151
"3301",2032,107559,2816.907976,0.0261894213966288,4086.86919517777,4894.52060054697
"3301",2033,108063,2910.006302,0.0269287943329354,4176.08829027777,5016.86424904212
"3301",2034,108564,2998.199195,0.0276168821616742,4272.75149896065,5134.87874740163
"3301",2035,109062,3094.162174,0.0283706714896114,4383.46087763643,5264.76772031184
"3301",2036,109557,3184.595291,0.0290679307666329,4501.4286489221,5389.42873457284
"3301",2037,110044,3272.137011,0.029734806177529,4627.67122234771,5511.99262897114
"3301",2038,110516,3353.550871,0.0303444828893554,4759.36151671446,5627.74821220812
"3301",2039,110974,3435.587278,0.0309584882765332,4901.069786115,5745.77835934469
"3301",2040,111419,3516.972555,0.0315652855886339,5051.97207889739,5864.35532623582
"3301",2041,111850,3591.337096,0.0321085122574877,5206.012743522,5974.24565059925
"3301",2042,112268,3664.889914,0.0326441186624862,5368.30152641024,6084.14503772892
"3301",2043,112673,3741.351038,0.0332053911584852,5542.90864182928,6199.57103976852
"3301",2044,113064,3820.98099,0.0337948506155806,5730.93677919158,6321.14423121494
"3301",2045,113441,3908.380701,0.0344529817349988,5939.05303649479,6456.21912183974
"3301",2046,113804,3996.970313,0.0351215274770658,6160.58213203717,6595.15544945549
"3301",2047,114153,4084.504323,0.0357809634700796,6392.9169138693,6734.52610013442
"3301",2048,114485,4174.037607,0.0364592532384155,6640.6716303112,6879.26662736346
"3301",2049,114801,4266.763143,0.037166602581859,6906.59824198431,7031.60856310058
"3301",2050,115099,4370.381564,0.0379706301879252,7204.97632470718,7204.97632470718
"3303",2026,28723,695.935287,0.0242291991435435,953.273692620727,964.736926207266
"3303",2027,28893,722.494266,0.0250058583740006,957.371392710475,991.064674258002
"3303",2028,29057,748.452008,0.0257580620160374,963.408582044482,1017.19189739704
"3303",2029,29215,780.483937,0.0267151784015061,972.732739112027,1049.56583111542
"3303",2030,29368,816.924825,0.0278168355012258,985.749679245481,1086.99871698192
"3303",2031,29519,850.496437,0.0288118309224567,1000.9941727901,1122.41451405251
"3303",2032,29666,882.235183,0.0297389328861323,1018.5177364386,1156.6699582726
"3303",2033,29812,914.884653,0.0306884695089226,1039.22679686249,1192.62564651722
"3303",2034,29957,946.364381,0.0315907594552192,1062.42276785588,1228.05691963971
"3303",2035,30100,982.349975,0.0326362117940199,1090.83476854844,1269.33661382501
"3303",2036,30243,1016.387596,0.0336073668617531,1121.73572093168,1309.33835985617
"3303",2037,30382,1045.771302,0.034420752485024,1153.22698228973,1344.63801422386
"3303",2038,30517,1074.436129,0.0352077900514467,1187.2323088543,1379.69510700782
"3303",2039,30646,1099.893227,0.035890270410494,1221.87473600508,1411.3612527746
"3303",2040,30770,1125.830989,0.0365885924276893,1259.57072829763,1444.1131652762
"3303",2041,30888,1151.388765,0.0372762485431235,1299.73809633723,1476.88769258449
"3303",2042,31000,1173.695056,0.0378611308387097,1339.72758733115,1505.89655333022
"3303",2043,31108,1196.484855,0.0384622879966568,1382.6515032545,1535.93424170101
"3303",2044,31209,1215.760468,0.0389554445192092,1424.46239804151,1561.62890069872
"3303",2045,31306,1238.310229,0.0395550446879192,1472.09318308135,1592.11468686936
"3303",2046,31399,1261.97398,0.0401915341252906,1523.70549082238,1624.59469508515
"3303",2047,31487,1290.105583,0.0409726421380252,1583.86507858669,1663.96065192866
"3303",2048,31571,1312.353041,0.04156830765576,1639.75497964562,1695.51889691419
"3303",2049,31651,1335.194371,0.0421849031942119,1699.30818227468,1728.42408548019
"3303",2050,31727,1360.724611,0.0428885369243862,1765.89006708841,1765.89006708841
"3305",2026,31376,785.074576,0.025021499745028,1457.10161128025,1611.01611280246
"3305",2027,31505,812.506141,0.0257897521345818,1469.09936286594,1651.63172993412
"3305",2028,31633,844.859036,0.0267081540163753,1485.51489804562,1700.08513168923
"3305",2029,31759,877.127736,0.0276182416322932,1505.7533191939,1749.42738444186
"3305",2030,31883,908.882344,0.0285068012420412,1529.75295265436,1799.01181061743
"3305",2031,32005,940.961,0.0294004374316513,1557.90727393755,1850.11225717409
"3305",2032,32125,976.008419,0.0303815850272374,1591.78480809354,1907.03017874936
"3305",2033,32242,1007.114921,0.0312361181378326,1628.05197431125,1958.76406706552
"3305",2034,32359,1042.912865,0.0322294528570104,1671.77924113338,2019.44810283345
"3305",2035,32475,1076.464065,0.0331474692840647,1718.98526832375,2077.68061331142
"3305",2036,32590,1109.883654,0.0340559574716171,1771.05040421799,2136.94821940629
"3305",2037,32703,1144.029019,0.0349823875179647,1828.89132130714,2198.81233425784
"3305",2038,32811,1171.447746,0.0357028967724239,1885.23698311105,2249.52178747464
"3305",2039,32914,1199.463476,0.0364423490308076,1946.5462664021,2302.20641089719
"3305",2040,33013,1229.103739,0.0372309011298579,2014.34346366832,2358.94954186931
"3305",2041,33107,1258.447417,0.0380115207357961,2086.72299363854,2416.18565077515
"3305",2042,33197,1281.992052,0.0386177079856614,2155.98534633841,2462.83620905488
"3305",2043,33284,1303.534606,0.039164000901334,2226.23139452636,2506.07646715439
"3305",2044,33366,1323.591831,0.0396688794281604,2297.78528506756,2546.81972266782
"3305",2045,33446,1349.756555,0.0403562923817497,2383.21024352629,2600.87414587851
"3305",2046,33522,1376.663443,0.0410674614581469,2474.83425499697,2657.45206470232
"3305",2047,33594,1399.289504,0.0416529589807704,2563.31200726445,2705.70367015712
"3305",2048,33664,1418.398762,0.0421339936430608,2648.86103847312,2746.87679834932
"3305",2049,33730,1440.983138,0.0427211128965313,2745.48895681522,2796.35216292491
"3305",2050,33792,1465.203406,0.0433594757930871,2850.32176862121,2850.32176862121
"3310",2026,7251,158.156888,0.0218117346572886,286.819621258243,285.19621258243
"3310",2027,7345,164.240652,0.0223608784206944,287.855220924092,293.219788538849
"3310",2028,7436,171.158767,0.0230175856643357,289.655923224936,302.176704142489
"3310",2029,7523,177.742086,0.0236264902299615,292.055951056207,310.792710852741
"3310",2030,7606,186.264108,0.024489101761767,295.661244970127,321.644979880507
"3310",2031,7686,196.867856,0.0256138246161853,300.821747436516,335.075643257449
"3310",2032,7763,206.60914,0.0266146000257632,306.735903850263,347.725858000809
"3310",2033,7838,214.976438,0.0274274608318449,313.062262897409,358.895897648026
"3310",2034,7911,224.967544,0.0284373080520794,321.110793783694,372.276984459235
"3310",2035,7984,235.248878,0.0294650398296593,330.448590402323,386.311063776739
"3310",2036,8056,245.165367,0.0304326423783515,340.741086623486,400.139129733655
"3310",2037,8128,255.290544,0.0314087775590551,352.356458942869,414.524797937306
"3310",2038,8200,267.808047,0.0326595179268293,367.07869583454,432.597628790072
"3310",2039,8270,278.237474,0.0336441927448609,381.63200149903,448.075747232391
"3310",2040,8339,288.817272,0.0346345211656074,397.681116463189,464.089786341102
"3310",2041,8407,298.84683,0.0355473807541335,414.583826326071,479.579360492183
"3310",2042,8472,307.225314,0.0362636111898017,431.02390150077,492.748430715386
"3310",2043,8535,317.713333,0.0372247607498535,451.091783745254,509.49733389187
"3310",2044,8595,327.022046,0.0380479401977894,471.171009124484,524.640011773528
"3310",2045,8652,337.40181,0.0389969729542302,494.075362805897,541.861984991873
"3310",2046,8705,346.957216,0.0398572333141873,517.371627768528,558.025444433563
"3310",2047,8756,355.708208,0.0406245098218365,540.890941841439,573.07430066641
"3310",2048,8803,364.911799,0.0414531181415427,566.552697820447,589.219132778862
"3310",2049,8847,374.109333,0.0422865754493049,593.72533215033,605.675669766577
"3310",2050,8887,384.792875,0.0432983993473613,625.308146053861,625.308146053861
"3312",2026,28655,560.462429,0.0195589750130867,774.224130140068,902.241301400686
"3312",2027,28883,587.611922,0.0203445598448915,783.232811670161,928.965903055718
"3312",2028,29106,612.081179,0.021029381536453,793.889371116215,953.653549235516
"3312",2029,29323,639.476296,0.0218080106401119,807.010942677829,981.227965542724
"3312",2030,29533,671.7564,0.0227459587579995,823.416814221989,1013.66725688796
"3312",2031,29738,702.004454,0.023606310242787,841.866562273061,1044.75326008021
"3312",2032,29935,733.853848,0.024514910572908,863.304672692693,1077.86053136213
"3312",2033,30127,760.410736,0.0252401744614465,885.526679866888,1106.28049618452
"3312",2034,30316,788.105682,0.0259963610634648,910.496811636487,1136.24202909122
"3312",2035,30501,820.653708,0.0269057967935478,940.104290227631,1171.66694909173
"3312",2036,30684,845.729833,0.027562567885543,968.923491196591,1199.83892883493
"3312",2037,30863,877.194743,0.0284222124550433,1003.56572028226,1235.2501859166
"3312",2038,31038,902.692471,0.0290834612732779,1037.57941352002,1264.68984276367
"3312",2039,31208,928.644152,0.0297566057421174,1074.31219575551,1294.99948213704
"3312",2040,31374,955.014517,0.0304396798941799,1113.86471898913,1326.18355038261
"3312",2041,31535,978.6332,0.0310332392579673,1153.90860817379,1354.57903120573
"3312",2042,31693,1006.847272,0.0317687587795412,1200.11921710135,1388.74173871621
"3312",2043,31845,1035.013534,0.0325016025749725,1249.22752499957,1423.35935593162
"3312",2044,31993,1062.876201,0.033222148626262,1301.05758625571,1458.13882097511
"3312",2045,32135,1093.000981,0.0340127892018049,1358.23857677862,1496.2936329583
"3312",2046,32270,1120.318531,0.0347170291602107,1415.77318994937,1531.49787052867
"3312",2047,32398,1148.430781,0.0354475825976912,1477.34937583808,1568.28098685981
"3312",2048,32519,1179.735773,0.0362783533626495,1546.19294730943,1609.9383214156
"3312",2049,32631,1212.560431,0.037159769268487,1620.94679705081,1654.49017875409
"3312",2050,32736,1245.838845,0.0380571494684751,1700.62613756813,1700.62613756813
"3314",2026,20801,438.38674,0.0210752723426758,675.377173038851,678.771730388508
"3314",2027,20992,455.989019,0.0217220378715701,678.039084890989,697.102435570827
"3314",2028,21180,471.870176,0.0222790451369216,681.830350230198,714.030572743991
"3314",2029,21365,489.966944,0.0229331590919729,687.353483794077,733.13404138389
"3314",2030,21549,507.618452,0.0235564737110771,694.257503995783,752.030015983133
"3314",2031,21729,527.963794,0.0242976572322702,703.370312076239,773.679346352134
"3314",2032,21906,550.772922,0.0251425601205149,714.983342501371,798.025669234988
"3314",2033,22079,571.6023,0.0258889578332352,727.832177558509,820.74393809244
"3314",2034,22249,589.438687,0.0264928170704301,741.27735559852,840.693388996299
"3314",2035,22414,609.513623,0.0271934337021504,757.312618223523,863.143127368052
"3314",2036,22576,630.720762,0.0279376666371368,775.734813559696,887.073291704623
"3314",2037,22733,655.605272,0.0288393644481591,798.160210353603,915.312605568006
"3314",2038,22886,676.463641,0.0295579673599581,820.514927732476,939.57259587723
"3314",2039,23032,694.343112,0.0301468874609239,842.884541360957,960.760921465459
"3314",2040,23174,714.821062,0.030845821265211,868.842118420752,985.147389473204
"3314",2041,23311,735.27837,0.0315421204581528,896.82241355539,1009.82628461191
"3314",2042,23443,757.579019,0.0323157880390735,928.425545709003,1037.03649387
"3314",2043,23569,775.776833,0.0329151356867071,958.689057288839,1059.66312852724
"3314",2044,23692,793.099715,0.0334754227165288,990.015291370134,1081.4713437034
"3314",2045,23809,814.712003,0.0342186569364526,1027.54246570912,1108.8984193343
"3314",2046,23922,836.803731,0.0349805087785302,1068.02008500656,1137.37657059596
"3314",2047,24029,860.685089,0.0358185979025344,1113.13930490294,1168.67809003148
"3314",2048,24131,878.656654,0.0364119453814595,1153.81809486106,1192.64118363358
"3314",2049,24227,897.392431,0.0370410051182565,1197.58874365502,1217.94934405716
"3314",2050,24319,922.254298,0.0379231998848637,1252.12074121942,1252.12074121942
"3316",2026,14506,368.297268,0.0253893056666207,796.161966875199,797.619668751987
"3316",2027,14594,380.421467,0.0260669773194463,798.930716880829,817.314304587843
"3316",2028,14681,397.267892,0.027060002179688,804.502660926963,844.586633868359
"3316",2029,14768,413.615435,0.0280075457069339,812.078718147576,871.664555988591
"3316",2030,14853,428.083629,0.0288213579074934,821.052044423947,896.208177695788
"3316",2031,14937,448.177673,0.0300045305616924,834.700088745377,930.609004331745
"3316",2032,15018,466.829545,0.0310846680649887,850.410201049669,963.416003229752
"3316",2033,15098,486.030704,0.0321917276460458,869.229176175839,998.011520485073
"3316",2034,15176,501.03593,0.0330150191091197,887.909806948698,1025.77451737175
"3316",2035,15253,521.4142,0.0341843702878122,913.308843942161,1064.13450043923
"3316",2036,15329,534.512363,0.0348693563180899,935.389151831565,1089.45084596119
"3316",2037,15403,556.826768,0.0361505400246705,968.887099762441,1133.3406824633
"3316",2038,15475,571.225819,0.0369128154442649,997.507312630798,1162.376932056
"3316",2039,15543,586.494857,0.0377336972913852,1029.65860942868,1193.71678200627
"3316",2040,15610,604.286828,0.0387115200512492,1067.88633286292,1231.01813258067
"3316",2041,15673,615.579798,0.0392764498181586,1100.10886439995,1255.03224815087
"3316",2042,15734,630.931274,0.0400998648786068,1140.61996346738,1288.31423352483
"3316",2043,15793,641.890107,0.0406439629582727,1176.7945983067,1312.33165872095
"3316",2044,15850,653.862701,0.0412531672555205,1216.79954662745,1338.96715693865
"3316",2045,15903,670.144925,0.0421395287052757,1267.30451464211,1376.06709494413
"3316",2046,15954,681.022867,0.0426866533157829,1310.31552026129,1401.07708266034
"3316",2047,16003,692.372125,0.0432651455977004,1356.50984790744,1427.56039200838
"3316",2048,16049,703.832731,0.0438552390180073,1405.31189653263,1454.71556381906
"3316",2049,16092,711.342472,0.044204727317922,1447.10953313691,1472.47743702536
"3316",2050,16133,726.782751,0.0450494483976942,1510.37272952759,1510.37272952759
"3318",2026,2238,60.225556,0.026910436103664,140.525759101173,145.257591011735
"3318",2027,2250,61.263175,0.0272280777777778,141.003407711135,147.297510626435
"3318",2028,2262,65.648639,0.0290223868258179,142.704270661306,155.452975207463
"3318",2029,2274,69.404631,0.0305209459102902,144.833791332498,162.747253329401
"3318",2030,2285,71.740847,0.0313964319474836,146.864071582314,167.456286329256
"3318",2031,2296,74.429393,0.0324169830139373,149.480449434805,172.975476294973
"3318",2032,2307,77.505632,0.0335958526224534,152.817939242256,179.439813053095
"3318",2033,2317,80.395522,0.0346981104876996,156.557457818776,185.675745706968
"3318",2034,2326,84.077359,0.0361467579535684,161.540547475353,193.851368688382
"3318",2035,2336,90.115359,0.0385767803938356,169.715545665748,207.921247235996
"3318",2036,2345,89.822585,0.0383038742004264,171.913404882816,207.18611554277
"3318",2037,2355,93.261412,0.0396014488322718,178.697685042294,215.507678131306
"3318",2038,2364,97.052623,0.0410544090524535,186.754989113549,225.009071115544
"3318",2039,2372,100.141645,0.0422182314502529,194.635289985117,232.996238272539
"3318",2040,2381,104.037477,0.0436948664426711,204.636237573144,243.417980117031
"3318",2041,2389,106.499922,0.0445792892423608,212.976666161694,250.153458357275
"3318",2042,2396,107.914257,0.0450393393155259,219.821174601966,254.03024943138
"3318",2043,2403,109.151274,0.0454229188514357,226.605727327608,257.431494681502
"3318",2044,2410,112.355985,0.0466207406639004,238.184549777988,266.689741649017
"3318",2045,2416,113.920117,0.047152366307947,246.623442297404,271.228852058343
"3318",2046,2422,115.455982,0.0476696870355078,255.376218242608,275.736727344244
"3318",2047,2427,117.547207,0.0484331302018953,266.091877845617,282.075355319005
"3318",2048,2431,118.208474,0.0486254520773344,273.213843229241,284.014965653234
"3318",2049,2435,120.334253,0.0494185843942505,285.006302542691,290.655898745653
"3318",2050,2439,121.166712,0.0496788487084871,293.191646713419,293.191646713419
"3320",2026,1069,34.750616,0.032507592142189,71.5310808333691,76.310808333691
"3320",2027,1075,35.430753,0.03295884,71.9188044336581,77.6822140629683
"3320",2028,1082,36.903205,0.0341064741219963,72.6896399501667,80.655085429524
"3320",2029,1090,38.81517,0.035610247706422,73.8957423611713,84.6270228761004
"3320",2030,1097,38.89594,0.035456645396536,74.4542776527511,84.8171106110044
"3320",2031,1104,38.345411,0.0347331621376812,74.6520995864506,83.7029550833065
"3320",2032,1111,39.105031,0.0351980477047705,75.6476180667816,85.300363282405
"3320",2033,1119,41.429184,0.037023399463807,77.9840147634299,90.266247623255
"3320",2034,1126,42.203172,0.0374806145648313,79.3848184064264,91.962046016066
"3320",2035,1134,43.720145,0.0385539197530864,81.6512192525282,95.3456440057788
"3320",2036,1141,44.830937,0.0392909176161262,83.7619507078897,97.8672646481889
"3320",2037,1149,46.96328,0.0408731766753699,87.3314114597829,102.866168702015
"3320",2038,1156,49.257262,0.0426100882352941,91.6111821693941,108.474876671626
"3320",2039,1163,50.203329,0.0431670928632846,94.3764034208032,110.78962284392
"3320",2040,1170,51.615581,0.0441158811965812,98.0975076286486,114.356012205838
"3320",2041,1176,54.249134,0.0461302159863946,104.379241894449,121.383761350112
"3320",2042,1183,54.272116,0.0458766830092984,106.189811538115,121.271159340165
"3320",2043,1188,57.507134,0.0484066784511785,114.819407353295,130.41614556379
"3320",2044,1194,58.020844,0.0485936716917923,118.073463278356,131.739952617233
"3320",2045,1199,59.654417,0.0497534753961635,124.227467423339,136.510729136418
"3320",2046,1203,60.215217,0.0500542119700748,128.022824859818,138.085676305668
"3320",2047,1207,61.385299,0.0508577456503728,133.649747157414,141.59126440272
"3320",2048,1211,62.86695,0.0519132535094963,140.539545038436,146.177886528039
"3320",2049,1214,64.710417,0.0533034736408567,149.116122434736,152.159607724401
"3320",2050,1218,66.511693,0.0546073013136289,158.145022166665,158.145022166665
"3322",2026,3148,108.372054,0.0344256842439644,154.487163778374,203.871637783743
"3322",2027,3150,109.924066,0.0348965288888889,156.922451889825,206.617831925999
"3322",2028,3153,114.380158,0.0362766121154456,160.495178302657,214.68673315804
"3322",2029,3156,118.908594,0.0376769942965779,164.766043356212,223.193145205702
"3322",2030,3160,122.472533,0.0387571306962025,169.276615382223,230.106461528891
"3322",2031,3165,126.882722,0.0400893276461295,174.855794191271,238.933197187028
"3322",2032,3170,132.428155,0.0417754432176656,181.982993485538,250.486133801655
"3322",2033,3175,139.433716,0.043916131023622,191.357459845324,265.84816509055
"3322",2034,3180,145.086093,0.0456245575471698,200.947792272769,278.869480681923
"3322",2035,3186,149.021854,0.0467739654739485,209.910997873387,288.225137996312
"3322",2036,3190,153.034254,0.0479731203761756,219.826354993837,298.108115776499
"3322",2037,3195,160.202002,0.0501414716744914,234.907623053456,316.624630348206
"3322",2038,3199,165.375666,0.0516960506408253,248.905353858665,330.646097924845
"3322",2039,3202,168.476089,0.0526158928794503,260.801303421821,339.300090930758
"3322",2040,3205,172.196024,0.0537273085803432,274.619069179177,349.990510686683
"3322",2041,3206,175.576335,0.0547649204616344,288.835401268018,360.072303800782
"3322",2042,3207,181.961429,0.0567388303710633,310.667212051718,379.953160073883
"3322",2043,3208,184.240713,0.0574316437032419,324.721615469702,387.266597247054
"3322",2044,3207,185.984142,0.0579931842843779,338.158531008907,393.07552388246
"3322",2045,3206,188.16039,0.0586900779787898,353.291744333032,400.43599302527
"3322",2046,3205,190.191435,0.0593421014040562,368.673218814051,407.439080957707
"3322",2047,3203,192.677905,0.0601554495785201,386.183443599612,416.248950534775
"3322",2048,3200,193.226066,0.060383145625,398.222863460623,418.430122660133
"3322",2049,3198,194.669779,0.0608723511569731,413.440035206226,423.742893720754
"3322",2050,3195,195.735005,0.0612629123630673,427.844735818757,427.844735818757
"3324",2026,4695,140.441076,0.0299129022364217,242.353118815645,245.531188156454
"3324",2027,4708,145.402988,0.0308842370433305,243.480940457655,252.770476055674
"3324",2028,4722,148.941435,0.0315420235069886,244.813410860202,258.076633486867
"3324",2029,4738,155.442763,0.0328076747572816,247.519979799045,267.976375524918
"3324",2030,4754,159.013064,0.0334482675641565,249.896097566042,273.584390264168
"3324",2031,4770,164.721222,0.0345327509433962,253.696325163257,282.682870133067
"3324",2032,4787,171.763996,0.0358813444746188,258.977258475853,294.23771838724
"3324",2033,4803,175.965921,0.0366366689569019,263.503246626816,301.319301039492
"3324",2034,4819,183.107784,0.0379970500103756,270.665308215995,313.663270539989
"3324",2035,4835,188.293833,0.0389439158221303,277.382802756036,322.874977728081
"3324",2036,4850,194.288241,0.0400594311340206,285.607591567532,333.805455931647
"3324",2037,4865,198.620848,0.0408264846865365,293.17969469853,341.862818923962
"3324",2038,4879,204.145693,0.0418417079319533,302.71942451121,352.398953656746
"3324",2039,4892,208.626307,0.042646424161897,311.982407183456,361.118990950564
"3324",2040,4904,212.849978,0.0434033397226754,321.686463603693,369.498341765909
"3324",2041,4915,216.789191,0.0441076685656155,331.739124514275,377.455282285697
"3324",2042,4926,222.201336,0.0451078635809988,344.677439098642,388.682055855203
"3324",2043,4935,226.731791,0.0459436253292807,357.272594019343,398.301822399109
"3324",2044,4944,232.27188,0.0469805582524272,372.499914495804,410.386986446199
"3324",2045,4952,234.958431,0.0474471791195477,383.599161305583,416.275890837641
"3324",2046,4960,241.098376,0.0486085435483871,402.024453630199,430.264063094351
"3324",2047,4967,245.782843,0.049483157439098,418.784450486696,441.193747027263
"3324",2048,4973,249.381728,0.050147140156847,434.157377488445,449.737705392913
"3324",2049,4978,256.868544,0.0516007521092808,459.772190474121,468.256821271814
"3324",2050,4983,257.672143,0.051710243427654,470.118418177456,470.118418177456
"3326",2026,2672,53.490496,0.0200188982035928,70.4046787651009,83.0467876510089
"3326",2027,2704,55.566358,0.0205496886094675,71.2354156105209,85.2575680765153
"3326",2028,2734,58.026874,0.021224167520117,72.2885598020048,87.7917702971701
"3326",2029,2764,59.89387,0.0216692727930535,73.4265730780221,89.8309321318687
"3326",2030,2792,63.664238,0.0228023775071633,75.1418111490476,93.5672445961904
"3326",2031,2819,65.604556,0.0232722795317488,76.6709061753615,95.6814127838661
"3326",2032,2845,68.726078,0.0241567936731107,78.7187329709945,98.9037937569062
"3326",2033,2871,72.191945,0.0251452264019505,81.1488691506111,102.514121794789
"3326",2034,2896,73.99102,0.025549385359116,83.2177118910959,104.54427972774
"3326",2035,2920,78.015483,0.0267176311643836,86.4113321080847,108.797330532765
"3326",2036,2943,80.153962,0.0272354610941216,89.046018121988,111.202143414712
"3326",2037,2966,83.32499,0.0280933884018881,92.4234498031542,114.704292298838
"3326",2038,2988,87.735694,0.0293626820615796,96.8268960181715,119.594356396675
"3326",2039,3010,90.542907,0.0300807,100.630611171486,122.839338164231
"3326",2040,3031,93.401425,0.0308153827119762,104.738076156991,126.180921851186
"3326",2041,3051,94.799305,0.0310715519501803,108.019474266967,127.897319648252
"3326",2042,3070,97.246941,0.0316765280130293,112.273040013792,130.818628591132
"3326",2043,3089,100.815523,0.0326369449660084,117.745136911456,135.09510089689
"3326",2044,3107,104.481852,0.0336278892822659,123.696785031144,139.576496814379
"3326",2045,3124,107.804382,0.0345084449423816,129.714436224107,143.725459968132
"3326",2046,3140,110.467423,0.0351807079617834,135.397279942389,147.114446991046
"3326",2047,3156,113.817836,0.0360639531051965,142.167148727267,151.441857720865
"3326",2048,3171,117.193149,0.036957789025544,149.37148374334,155.88809053334
"3326",2049,3185,121.466437,0.0381370288854003,158.18040344755,161.654964620831
"3326",2050,3199,127.263361,0.0397822322600813,169.75967756129,169.75967756129
"3328",2026,4609,147.153387,0.0319274000867867,169.369371113213,208.693711132132
"3328",2027,4599,150.00477,0.0326168232224397,171.484989094366,212.163557049932
"3328",2028,4591,157.648479,0.034338592681333,174.957335151101,221.89905800629
"3328",2029,4585,161.501954,0.0352239812431843,178.171679608093,226.98437462632
"3328",2030,4581,166.802349,0.036411776686313,182.299125781099,234.196503124397
"3328",2031,4577,172.703686,0.0377329442866506,187.284568886934,242.511543954554
"3328",2032,4575,178.360515,0.0389859049180328,192.874609039131,250.768027812711
"3328",2033,4574,185.568922,0.0405703808482728,200.053814436912,261.700177756999
"3328",2034,4573,192.948414,0.0421929617319047,208.356297006226,273.390742515564
"3328",2035,4573,197.966117,0.0432902070850645,216.026729380703,281.632524298751
"3328",2036,4572,205.949523,0.0450458274278215,226.880586826385,295.274919634495
"3328",2037,4572,209.83649,0.0458959951881015,235.288793270343,302.148864917742
"3328",2038,4572,217.2634,0.0475204286964129,247.90215668924,315.731193980436
"3328",2039,4570,223.30859,0.0488640240700219,260.340850388687,327.282298533935
"3328",2040,4568,226.097027,0.0494958465411559,269.86382975677,332.782127610832
"3328",2041,4565,234.519758,0.0513734409638554,287.498050700974,349.902718039206
"3328",2042,4561,238.302578,0.0522478794124096,300.078828825372,357.969755464817
"3328",2043,4557,243.662633,0.0534699655475093,315.955230995803,369.685058977361
"3328",2044,4551,247.726543,0.054433430674577,330.814024710341,378.953580271408
"3328",2045,4545,250.187224,0.0550466939493949,343.578434531009,384.788842499703
"3328",2046,4538,255.492643,0.0563007146319965,362.592299087508,397.461528338245
"3328",2047,4530,256.174589,0.0565506818984548,373.078415505495,399.454552682248
"3328",2048,4522,259.508068,0.0573878965059708,389.672212285772,407.88887814678
"3328",2049,4512,262.751547,0.0582339421542553,406.986918829407,416.414980601981
"3328",2050,4503,261.746163,0.0581270626249167,414.383778301112,414.383778301112
"3330",2026,4496,130.233362,0.0289664951067616,231.996286087037,249.962860870366
"3330",2027,4519,134.679077,0.029802849524231,233.711720682823,256.994332238709
"3330",2028,4541,138.940459,0.0305968859282096,235.924828652688,263.856163729643
"3330",2029,4563,145.842855,0.0319620545693623,239.58701802897,275.115378959858
"3330",2030,4585,153.898321,0.0335656098146129,244.676336100337,288.705344401346
"3330",2031,4606,158.424999,0.0343953536691272,249.151933242162,296.615419972738
"3330",2032,4626,166.070308,0.0358993316039775,256.09148976313,310.281506963478
"3330",2033,4646,171.028243,0.0368119334911752,262.413612700867,319.416862623082
"3330",2034,4666,178.838279,0.0383279637805401,271.692029972399,334.230074930998
"3330",2035,4684,185.887106,0.039685547822374,281.659334587504,348.078479057151
"3330",2036,4702,190.968968,0.0406144125903871,290.948635692677,358.312917247742
"3330",2037,4719,196.599724,0.0416613104471286,301.721717907675,369.94481542961
"3330",2038,4734,203.138124,0.0429104613434728,314.636192948524,383.883987179134
"3330",2039,4748,207.569874,0.0437173281381634,326.068539480295,393.520918264332
"3330",2040,4760,212.794783,0.0447047863445378,339.501746845798,405.202794953277
"3330",2041,4772,216.485492,0.0453657778709137,351.607160012989,413.557977378096
"3330",2042,4782,221.574162,0.0463350401505646,366.809151032145,425.441644331635
"3330",2043,4792,225.604259,0.0470793528797997,381.193391238772,435.007988120369
"3330",2044,4800,230.622454,0.0480463445833333,398.399939894091,447.290245024633
"3330",2045,4808,234.446714,0.0487617957570715,414.272656828356,456.797116096439
"3330",2046,4815,238.798858,0.0495947784008307,432.209984239546,467.894099105348
"3330",2047,4821,242.631098,0.0503279605890894,449.982465409014,477.867566658043
"3330",2048,4827,246.296621,0.051024781644914,468.254783967399,487.572739424215
"3330",2049,4832,250.422202,0.0518257868377483,488.696851532707,498.77594964437
"3330",2050,4836,252.957262,0.0523071261373036,505.735455942774,505.735455942774
"3332",2026,3344,103.369812,0.0309120251196172,221.886259176966,220.86259176966
"3332",2027,3339,108.299269,0.0324346418089248,223.074091667632,229.811575764595
"3332",2028,3335,108.935233,0.0326642377811094,223.569268935952,230.967251062582
"3332",2029,3332,114.642612,0.0344065462184874,226.229452035434,241.903303696161
"3332",2030,3329,118.766774,0.0356764115349955,229.03438754375,250.137550174999
"3332",2031,3328,122.019401,0.0366644834735577,232.016727009575,256.840789598523
"3332",2032,3327,127.943814,0.0384562110009017,237.445146133351,269.523526564155
"3332",2033,3327,130.643941,0.0392677911030959,241.397396116013,275.510058251071
"3332",2034,3328,134.738494,0.0404863263221154,247.133864944973,284.834662362432
"3332",2035,3329,140.227553,0.0421230258335837,255.174303805614,297.826980127118
"3332",2036,3331,144.242612,0.0433030957670369,262.697421703456,307.678782533592
"3332",2037,3333,147.843265,0.0443574152415242,270.5728247879,316.776243488586
"3332",2038,3334,151.164184,0.0453401871625675,278.877670661924,325.413946658044
"3332",2039,3336,155.71102,0.0466759652278177,289.913775212943,337.597915256074
"3332",2040,3337,160.286978,0.0480332568175008,302.210610091782,350.336976146851
"3332",2041,3338,161.304404,0.0483236680647094,308.925078801337,353.207666115225
"3332",2042,3338,167.092085,0.0500575449370881,325.726172896054,370.180246994362
"3332",2043,3339,167.191959,0.0500724645103324,331.475030710451,370.440719607391
"3332",2044,3338,171.423709,0.0513552153984422,347.09614839822,383.414385029961
"3332",2045,3338,175.239893,0.0524984700419413,362.940482219244,395.465208885224
"3332",2046,3337,176.251691,0.0528174081510339,372.258443637156,398.774639573125
"3332",2047,3336,177.026045,0.0530653612110312,381.164092671739,401.33982272872
"3332",2048,3334,179.25537,0.0537658578284343,394.768949781477,408.777243007002
"3332",2049,3333,182.401606,0.0547259543954395,412.011174035498,419.414206790128
"3332",2050,3331,185.140683,0.0555811116781747,428.978492978555,428.978492978555
"3334",2026,2805,76.381226,0.027230383600713,125.050042759201,143.50042759201
"3334",2027,2828,78.025624,0.0275903903818953,126.175403002787,146.09384002027
"3334",2028,2852,81.424489,0.0285499610799439,127.936873929036,151.210708165921
"3334",2029,2874,84.391517,0.0293637846207376,129.963862920236,155.771119624641
"3334",2030,2897,89.356429,0.030844469796341,133.109714610546,163.438858442185
"3334",2031,2918,95.279311,0.0326522655928718,137.340437634045,172.879783074939
"3334",2032,2940,98.350745,0.0334526343537415,140.874364512321,177.998044653296
"3334",2033,2961,101.406476,0.0342473745356299,144.810826053223,183.16779600889
"3334",2034,2981,105.795058,0.0354897879906072,150.084841992773,190.712104981933
"3334",2035,3000,109.579891,0.0365266303333333,155.545885206522,197.390594757765
"3334",2036,3020,116.10215,0.0384444205298013,163.989772407829,209.294257700692
"3334",2037,3038,118.555973,0.039024349242923,169.572338692211,213.872855984802
"3334",2038,3055,119.481377,0.0391101070376432,173.913211764456,215.569475935375
"3334",2039,3072,123.653426,0.0402517662760417,182.086344918883,223.572501989587
"3334",2040,3089,127.518461,0.041281470055034,190.602460360522,231.163936576836
"3334",2041,3104,129.770596,0.041807537371134,197.609340848975,235.617872979584
"3334",2042,3119,131.675202,0.0422171215133056,204.477198185046,239.395997407208
"3334",2043,3134,134.151051,0.0428050577536694,212.537050854704,244.406170650446
"3334",2044,3147,136.734575,0.0434491817604067,221.220829036643,249.736553595669
"3334",2045,3161,140.653698,0.0444965827269851,232.737320083997,258.061317026458
"3334",2046,3173,144.1221,0.0454213993066499,244.216435122135,265.607570731924
"3334",2047,3185,144.93333,0.0455049701726845,250.991589980461,267.215876034322
"3334",2048,3196,147.844034,0.0462590844806007,262.368362934722,273.668500469969
"3334",2049,3206,150.779578,0.0470304360573924,274.417601716403,280.316988796263
"3334",2050,3215,152.998671,0.0475890111975117,285.386469837673,285.386469837673
"3336",2026,1394,49.198086,0.0352927446197991,124.320946034986,127.209460349857
"3336",2027,1396,51.284257,0.036736573782235,125.164536661196,132.469357535971
"3336",2028,1399,52.405385,0.0374591744102931,125.990843705009,135.376249742906
"3336",2029,1403,53.242001,0.0379486821097648,126.884517287316,137.574198999132
"3336",2030,1407,55.303689,0.0393061044776119,128.782528159566,143.130112638266
"3336",2031,1411,57.98466,0.0410947271438696,131.664018643408,150.657456150985
"3336",2032,1415,60.791058,0.0429618784452297,135.347973431887,158.916841328884
"3336",2033,1419,63.20464,0.0445416772374912,139.344222414509,166.328889419335
"3336",2034,1422,63.831668,0.0448886554149086,141.701367393183,168.253418482958
"3336",2035,1425,66.239148,0.0464836126315789,146.770658854704,176.047220239322
"3336",2036,1427,69.265123,0.0485389789768746,153.6307978251,186.380627000211
"3336",2037,1429,70.560208,0.0493773324002799,158.299455625552,190.925767074248
"3336",2038,1430,72.286625,0.0505500874125874,164.272018670873,197.221852128859
"3336",2039,1431,73.409002,0.0512990929419986,169.473678781886,201.402006437252
"3336",2040,1432,75.842061,0.0529623331005587,178.264956414819,210.82393026371
"3336",2041,1433,76.781594,0.0535810146545708,183.978790613787,214.534023567981
"3336",2042,1434,78.489668,0.0547347754532775,192.246000142401,221.494285917716
"3336",2043,1435,79.315803,0.0552723365853659,198.411949435216,224.897558556225
"3336",2044,1435,80.877643,0.0563607268292683,207.406982989068,231.621913534281
"3336",2045,1436,81.13694,0.0565020473537604,212.295737827654,232.671677326344
"3336",2046,1436,82.219109,0.0572556469359332,220.446682910419,237.466685776964
"3336",2047,1436,84.570132,0.0588928495821727,234.251619166566,248.227176525708
"3336",2048,1436,82.415441,0.0573923683844011,229.77111300693,238.347149196681
"3336",2049,1436,83.33364,0.058031782729805,238.064338447954,242.50840358229
"3336",2050,1436,84.729193,0.0590036162952646,248.972556853864,248.972556853864
"3338",2026,2346,81.917789,0.034918068627451,131.885015835228,175.850158352281
"3338",2027,2339,83.923146,0.0358799256092347,134.280655233835,179.950219882436
"3338",2028,2332,84.877477,0.0363968597770154,136.614462848738,181.939787707076
"3338",2029,2325,86.377616,0.0371516627956989,139.354310925786,185.137933768403
"3338",2030,2319,90.826604,0.0391662802932298,144.002474592499,195.009898369995
"3338",2031,2313,93.170447,0.0402812135754431,148.121177006045,200.464963499286
"3338",2032,2307,95.412997,0.0413580394451669,152.62910383503,205.858781030862
"3338",2033,2301,98.574351,0.0428397874837027,158.438211641394,213.726101079708
"3338",2034,2296,99.365427,0.043277625,162.521693582968,215.80423395742
"3338",2035,2291,103.053631,0.0449819428197294,170.094261034502,225.501168078861
"3338",2036,2287,108.21505,0.0473174682990818,180.579128324861,239.798164894445
"3338",2037,2283,109.893825,0.0481357095926413,187.341672650778,244.739849074689
"3338",2038,2278,112.13524,0.0492253028972783,195.482502285682,251.513640519421
"3338",2039,2274,114.880854,0.0505192849604222,205.150422005424,260.02199490285
"3338",2040,2270,116.885029,0.0514912022026432,214.177505555372,266.484008888596
"3338",2041,2266,118.079236,0.0521091067961165,222.06953335365,270.501182420604
"3338",2042,2262,119.345966,0.052761258178603,230.482900390866,274.832714844095
"3338",2043,2257,123.829911,0.0548648254319894,247.428563331605,290.292967229295
"3338",2044,2253,124.507225,0.0552628606302707,255.586090115471,292.917535632866
"3338",2045,2249,124.567519,0.0553879586482881,262.19130211283,293.389294908099
"3338",2046,2244,127.064966,0.056624316399287,276.344775597453,302.699735997004
"3338",2047,2239,128.529535,0.0574048838767307,288.05875358853,308.474651930738
"3338",2048,2235,130.420455,0.0583536711409396,301.7641582736,315.934225160649
"3338",2049,2230,132.891167,0.0595924515695067,318.515300906418,325.976936006668
"3338",2050,2225,131.678573,0.0591813811235955,321.647041594328,321.647041594328
"3401",2026,17852,523.291269,0.0293127531369034,1017.49050104333,1138.90501043327
"3401",2027,17880,539.99351,0.0302009793064877,1026.61180889525,1168.44951923818
"3401",2028,17909,559.787485,0.031257327879837,1039.05119876661,1204.29256438062
"3401",2029,17938,583.662962,0.0325377947374289,1056.0167724016,1248.78481130164
"3401",2030,17966,604.044619,0.0336215417455193,1074.99217047444,1287.96868189776
"3401",2031,17994,624.067523,0.0346819786039791,1097.01801174196,1327.54091040683
"3401",2032,18019,642.952721,0.0356819313502414,1121.60444507843,1365.85983101055
"3401",2033,18044,664.97351,0.0368528879405897,1151.82823861398,1411.80203755582
"3401",2034,18068,688.412504,0.0381012012397609,1187.30588076555,1462.26470191388
"3401",2035,18092,708.439851,0.0391576304996684,1223.92348288378,1506.68224659151
"3401",2036,18117,722.738179,0.039892817740244,1258.16788167073,1539.09027720154
"3401",2037,18140,739.602775,0.0407719280595369,1298.25460068863,1578.15531841684
"3401",2038,18162,754.282913,0.0415308288184121,1338.87494156445,1612.86353011719
"3401",2039,18183,771.892969,0.0424513539569928,1386.7379284818,1655.4688144371
"3401",2040,18203,783.318173,0.0430323668076691,1428.72526615291,1683.56042584465
"3401",2041,18221,792.983956,0.0435203312661215,1470.15640421309,1707.63230824617
"3401",2042,18238,804.428983,0.0441073025002742,1516.81969050053,1736.59955785789
"3401",2043,18254,814.267268,0.0446076075380738,1562.89366831808,1761.82192314316
"3401",2044,18269,825.587186,0.0451906062729213,1614.17039320727,1791.31663639647
"3401",2045,18284,836.362544,0.0457428650185955,1666.82858691605,1819.78903005052
"3401",2046,18298,847.925928,0.0463398146245491,1723.82197008557,1850.84937657126
"3401",2047,18311,858.800203,0.0469007811151767,1781.8967925803,1880.50342825949
"3401",2048,18323,870.664301,0.0475175626807837,1845.20984714076,1913.41605096299
"3401",2049,18334,879.829384,0.0479889486200502,1904.08262790479,1939.15078223874
"3401",2050,18345,894.912642,0.0487823735077678,1982.43710501282,1982.43710501282
"3403",2026,32772,889.771706,0.0271503632979373,1474.51326528543,1569.13265285429
"3403",2027,32959,916.524879,0.0278080305531114,1483.58429932112,1606.43126778998
"3403",2028,33146,947.052981,0.0285721649972847,1496.42923157945,1649.30989473974
"3403",2029,33331,979.548967,0.0293885262068345,1513.20924056657,1695.57289678386
"3403",2030,33514,1015.274598,0.0302940442203258,1534.79684240588,1747.18736962354
"3403",2031,33692,1054.771683,0.0313062947583996,1562.1123331669,1805.26028927617
"3403",2032,33864,1088.331137,0.0321382924935034,1591.33628579241,1855.80395628432
"3403",2033,34030,1127.637911,0.0331365827505143,1627.84358943465,1915.98231568178
"3403",2034,34191,1159.47677,0.0339117536778684,1664.74675762821,1965.86689407052
"3403",2035,34347,1195.785628,0.0348148492735901,1708.8720136966,2023.70745987795
"3403",2036,34497,1232.738065,0.0357346454764182,1758.39853431367,2083.78638802878
"3403",2037,34639,1258.214326,0.0363236330725483,1803.26992580541,2125.99009913251
"3403",2038,34772,1291.04915,0.0371289874036581,1858.45354426493,2181.18826229988
"3403",2039,34896,1313.861973,0.037650790147868,1908.21116502011,2220.10411067252
"3403",2040,35013,1340.322943,0.0382807226744352,1965.16024420411,2265.85639072658
"3403",2041,35122,1367.151356,0.0389257831558567,2026.42675324809,2312.94604263863
"3403",2042,35226,1382.891016,0.0392576794413218,2077.71092701783,2340.72989573976
"3403",2043,35323,1406.99115,0.0398321532712397,2142.47046407096,2383.95995128266
"3403",2044,35416,1422.325223,0.0401605269652135,2198.3723778597,2411.57726175445
"3403",2045,35505,1444.216803,0.0406764343895226,2266.45473578998,2451.63659789536
"3403",2046,35589,1468.133001,0.0412524375790272,2341.24477114823,2496.05267193909
"3403",2047,35671,1487.406802,0.0416979283451543,2411.98788056202,2532.15535837975
"3403",2048,35749,1508.577252,0.042199145486587,2489.22984955567,2572.35659411424
"3403",2049,35823,1526.406167,0.0426096688440388,2563.64199042489,2606.48518485702
"3403",2050,35895,1548.640777,0.0431436349630868,2649.74735537009,2649.74735537009
"3405",2026,29525,755.592522,0.0255916180186283,1370.30583038464,1517.05830384644
"3405",2027,29644,777.191713,0.0262175048239104,1380.83974775553,1549.19816549473
"3405",2028,29768,805.095272,0.027045662187584,1395.46557856656,1590.94616323749
"3405",2029,29895,824.400104,0.0275765212911858,1410.70739796518,1620.85834336554
"3405",2030,30023,854.642479,0.0284662585018153,1432.36955233031,1667.47820932122
"3405",2031,30150,881.251049,0.0292288905140962,1456.19453295152,1709.45924504878
"3405",2032,30273,907.893275,0.0299901983615763,1483.40583048742,1752.17178611515
"3405",2033,30392,940.002093,0.0309292607594104,1517.25060063606,1804.34648451326
"3405",2034,30507,958.687893,0.0314251775985839,1546.66030892721,1835.65077231802
"3405",2035,30620,989.301483,0.0323089968321359,1587.21383354765,1887.06019096606
"3405",2036,30730,1012.518751,0.0329488692157501,1626.14049408947,1926.92735597784
"3405",2037,30836,1035.160186,0.0335698594499935,1667.82992528085,1966.35107371873
"3405",2038,30936,1063.199721,0.034367717901474,1717.98798294865,2015.79633263391
"3405",2039,31030,1083.433668,0.0349156837898808,1764.15464656254,2052.13556861708
"3405",2040,31120,1110.168965,0.0356738099293059,1820.72440958698,2100.75905533917
"3405",2041,31203,1128.668616,0.0361717980963369,1871.37791206215,2134.94779179193
"3405",2042,31281,1147.106474,0.0366710295067293,1924.78268568988,2169.40383669983
"3405",2043,31355,1168.58832,0.0372696003827141,1985.3412453262,2210.05592586603
"3405",2044,31424,1187.291755,0.0377829606351833,2045.23241142213,2245.91278893178
"3405",2045,31490,1210.14345,0.0384294522070499,2114.79404994888,2290.36190762939
"3405",2046,31553,1227.590595,0.0389056696669096,2179.11098495617,2324.71880583078
"3405",2047,31611,1245.162515,0.0393901652905634,2246.59178253088,2359.73721975311
"3405",2048,31666,1266.187133,0.0399856986357607,2323.63834975921,2402.25767541536
"3405",2049,31718,1284.167551,0.0404870279021376,2398.38766983272,2439.0780985275
"3405",2050,31765,1303.143565,0.0410245101526838,2478.49078401726,2478.49078401726
"3407",2026,30888,754.842409,0.0244380474294224,2084.75340056047,2208.53400560472
"3407",2027,30978,781.221141,0.0252185790238234,2097.2989223218,2262.2648896131
"3407",2028,31070,803.824195,0.0258713934663663,2112.72607808458,2309.43473191186
"3407",2029,31162,832.751522,0.0267233015210834,2134.60277171505,2370.30716101198
"3407",2030,31255,860.472908,0.0275307281394977,2160.72829841234,2429.91319364935
"3407",2031,31347,889.708821,0.02838258273519,2192.58778121806,2493.91402162803
"3407",2032,31435,920.780421,0.0292915673930332,2230.96943185658,2563.21363648179
"3407",2033,31522,946.792194,0.0300359175813717,2270.96262733104,2622.62104091323
"3407",2034,31608,976.822657,0.03090428552898,2319.52919205324,2692.3229801331
"3407",2035,31694,1001.858049,0.0316103378872973,2368.82378476332,2751.74007945902
"3407",2036,31780,1027.667943,0.0323369396790434,2423.93098680619,2814.0126038025
"3407",2037,31864,1055.745879,0.033132873430831,2487.09774057121,2882.89803038286
"3407",2038,31946,1076.096748,0.0336848665873662,2545.5552165197,2933.82766639945
"3407",2039,32025,1097.975016,0.0342849341451991,2610.46900624691,2989.24511701602
"3407",2040,32100,1120.567938,0.0349086585046729,2681.16378933461,3047.26206293537
"3407",2041,32171,1140.594069,0.0354541067731808,2752.33338459699,3099.42775033508
"3407",2042,32239,1160.854036,0.0360077556996185,2828.31430438327,3152.87757769039
"3407",2043,32303,1182.278864,0.0365996614555924,2911.13079054936,3210.16039396524
"3407",2044,32364,1202.444188,0.037153756890372,2996.21436527299,3264.82498744902
"3407",2045,32422,1224.069931,0.0377543005058294,3089.28870637982,3324.27840785209
"3407",2046,32476,1242.694746,0.0382650186599335,3180.39262976585,3376.16779972453
"3407",2047,32528,1260.950053,0.0387650655742745,3275.03273835196,3427.65660659375
"3407",2048,32576,1279.654598,0.0392821278855599,3375.3401744686,3481.097485912
"3407",2049,32620,1301.928395,0.039911967964439,3490.43549684551,3545.73817854079
"3407",2050,32661,1321.701974,0.0404672843452436,3603.96343525741,3603.96343525741
"3411",2026,35412,854.072491,0.0241181659042133,1841.91494864871,2003.14948648706
"3411",2027,35508,885.672612,0.0249429033457249,1855.61467957913,2053.92494239368
"3411",2028,35604,920.79929,0.0258622427255365,1874.29007229512,2111.3718416864
"3411",2029,35699,951.274964,0.0266471039524917,1895.9233605771,2162.46287330402
"3411",2030,35794,984.558887,0.0275062548751187,1922.80818934936,2219.23275739742
"3411",2031,35890,1016.147923,0.028312842658122,1953.46187755338,2274.30218279436
"3411",2032,35987,1054.966362,0.0293152072137161,1992.73052780402,2343.17085478159
"3411",2033,36084,1091.282294,0.0302428304511695,2036.1452381068,2409.22824305324
"3411",2034,36184,1127.662647,0.0311646762933893,2085.17919478276,2476.9479869569
"3411",2035,36282,1158.212828,0.0319225188247616,2135.12025932867,2535.13202132267
"3411",2036,36379,1190.485174,0.0327245161769153,2191.50536769718,2597.69551094143
"3411",2037,36472,1225.454526,0.0335998718468963,2255.92597133164,2666.78238308612
"3411",2038,36560,1258.108035,0.0344121453774617,2323.75440191461,2732.64436711747
"3411",2039,36641,1287.799252,0.0351464002620016,2393.68452531317,2793.6757877671
"3411",2040,36717,1315.119128,0.0358177173516355,2465.75409747695,2850.80655596312
"3411",2041,36787,1341.497219,0.0364666110038872,2541.39068658339,2906.85386654096
"3411",2042,36853,1374.207046,0.0372888786801617,2631.52833945108,2977.61191350155
"3411",2043,36915,1402.320738,0.0379878298252743,2720.49682956897,3039.58892144944
"3411",2044,36971,1433.528379,0.0387744009899651,2820.42561323218,3109.71046868669
"3411",2045,37023,1459.450055,0.0394200916997542,2916.80503274157,3168.99080952809
"3411",2046,37070,1486.425726,0.0400978075532776,3020.59570481942,3231.75965272873
"3411",2047,37112,1517.784411,0.0408974027538263,3139.4632594159,3306.21212328552
"3411",2048,37148,1546.946432,0.0416427918595887,3260.40546302035,3376.87077083281
"3411",2049,37179,1578.474602,0.0424560800989806,3393.75721942456,3454.91659160993
"3411",2050,37206,1608.237769,0.0432252262807074,3530.1631531542,3530.1631531542
"3412",2026,7969,199.533161,0.0250386699711382,464.349447275853,440.494472758533
"3412",2027,8010,206.769901,0.0258139701622971,464.95825325243,452.150932744942
"3412",2028,8049,216.493718,0.0268969708038266,467.152097040103,467.869125943443
"3412",2029,8087,225.112076,0.027836289847904,470.226496249571,482.183511762685
"3412",2030,8123,235.966451,0.0290491753046904,475.373769722507,500.49507889003
"3412",2031,8157,243.856477,0.0298953631236974,480.579997144,514.234772674783
"3412",2032,8190,254.402593,0.0310625876678877,488.413841009557,532.888741567867
"3412",2033,8221,262.690705,0.0319536193893687,496.349477443984,547.964075707541
"3412",2034,8251,271.353812,0.0328873848018422,505.816668653309,564.041671633273
"3412",2035,8280,280.148255,0.0338343303140097,516.752654940515,580.720354149748
"3412",2036,8309,287.416925,0.0345910368275364,527.711639200521,594.813977264254
"3412",2037,8337,296.835669,0.0356046142497301,542.040029564987,613.4195698829
"3412",2038,8363,303.605071,0.0363033685280402,555.045105738593,627.082010433805
"3412",2039,8388,311.233298,0.0371045896518836,570.251022280014,642.746420902151
"3412",2040,8412,317.738261,0.0377720234189253,585.335477004578,656.336763207325
"3412",2041,8435,324.221987,0.0384376985180794,601.552199434935,670.09765952443
"3412",2042,8456,332.071464,0.03927051371807,621.057212895412,687.081732707732
"3412",2043,8476,338.844291,0.0399769102170835,640.314316626718,702.002463222669
"3412",2044,8494,342.33818,0.0403035295502708,655.123925430308,709.740548942333
"3412",2045,8511,349.015206,0.0410075438843849,676.497788139091,724.843431555804
"3412",2046,8526,355.053284,0.0416435941825006,697.971213003927,738.730838828149
"3412",2047,8540,361.060391,0.0422787343091335,720.625571167697,752.77529145656
"3412",2048,8553,368.293944,0.0430602062434234,747.311186503283,770.03912054409
"3412",2049,8564,373.189119,0.0435764968472676,770.072491632626,781.880510787144
"3412",2050,8574,377.810627,0.0440646870772102,793.206525001678,793.206525001678
"3413",2026,21945,513.340532,0.0233921408976988,1583.92411473487,1664.24114734866
"3413",2027,22074,530.09165,0.0240142996285222,1592.52508645618,1702.45517422679
"3413",2028,22204,546.962389,0.0246335069807242,1604.12463648329,1741.42649419025
"3413",2029,22333,567.77244,0.0254230260153137,1620.55561725012,1789.37937529467
"3413",2030,22458,587.00233,0.0261377829726601,1639.88689810475,1834.547592419
"3413",2031,22579,611.64038,0.0270889047344878,1666.29117680025,1892.53452800088
"3413",2032,22694,629.628109,0.0277442543844188,1692.39594941719,1936.21830589903
"3413",2033,22805,652.696588,0.0286207668493751,1726.30903854402,1992.40424425938
"3413",2034,22910,677.850641,0.0295875443474465,1766.85974804896,2054.6493701224
"3413",2035,23012,699.724803,0.030406953024509,1809.09937837232,2110.08429342245
"3413",2036,23111,723.41174,0.0313016200077885,1858.15196656605,2171.10940329695
"3413",2037,23206,741.971395,0.0319732567008532,1905.57799537954,2220.03023488691
"3413",2038,23296,765.238156,0.0328484785370879,1963.88831238305,2282.06965887828
"3413",2039,23382,787.730554,0.0336896139765632,2026.34305405984,2343.24349627207
"3413",2040,23464,810.705598,0.0345510398056597,2094.96009093154,2406.93614549047
"3413",2041,23542,830.605245,0.0352818471242885,2163.42283301148,2463.18540831922
"3413",2042,23617,845.531738,0.0358018265656095,2226.741152159,2506.05878879858
"3413",2043,23688,864.765833,0.03650649413205,2302.91132182055,2561.99840246854
"3413",2044,23755,883.97428,0.0372121355504104,2383.93820609396,2618.79123366962
"3413",2045,23818,902.613717,0.037896285036527,2468.60025365315,2674.81569680387
"3413",2046,23878,921.520131,0.0385928524583298,2558.95554715721,2732.59476136142
"3413",2047,23933,934.647664,0.0390526747169181,2638.39577886107,2773.19242688571
"3413",2048,23984,952.64435,0.0397199945797198,2735.65155122377,2829.75843375543
"3413",2049,24031,971.272946,0.0404175001456452,2840.056610032,2889.34452990337
"3413",2050,24075,989.391802,0.0410962326895119,2948.30786658622,2948.30786658622
"3414",2026,4874,152.058448,0.031197876077144,289.634985197,322.349851969997
"3414",2027,4860,158.048415,0.03252025,292.481434545711,333.137705786989
"3414",2028,4848,162.30928,0.0334796369636964,295.635185501372,341.058202864984
"3414",2029,4838,166.471969,0.0344092536171972,299.393428883976,349.027900630475
"3414",2030,4829,170.874021,0.0353849701801615,303.925593161183,357.702372644731
"3414",2031,4821,175.658635,0.0364361408421489,309.407353037316,367.416880129795
"3414",2032,4814,181.316268,0.0376643680930619,316.317963637776,379.286041962389
"3414",2033,4808,185.309178,0.0385418423460899,322.945507666519,387.918641838672
"3414",2034,4803,191.867057,0.0399473364563814,332.616909011473,402.542272528683
"3414",2035,4797,197.270458,0.0411237144048364,342.458320688316,415.047590144723
"3414",2036,4794,202.595973,0.0422603197747184,353.330268294307,427.747933251173
"3414",2037,4790,207.652266,0.0433512037578288,365.027284733953,440.199579968689
"3414",2038,4786,210.907479,0.0440675885917259,375.344352185746,448.444276701356
"3414",2039,4782,216.860649,0.0453493619824341,390.50951630908,463.888538398434
"3414",2040,4778,220.221537,0.0460907360820427,402.810017209706,472.896027535529
"3414",2041,4774,225.144973,0.0471606562630917,418.754718256543,486.384480387235
"3414",2042,4770,229.10822,0.0480310733752621,434.09414025479,497.563057506842
"3414",2043,4766,232.405473,0.0487632129668485,449.058724441664,507.096575514121
"3414",2044,4761,233.779667,0.0491030596513338,460.565713594222,511.24608205706
"3414",2045,4756,238.641953,0.050177029646762,480.816310022141,525.77392002725
"3414",2046,4752,242.142599,0.0509559341329966,498.946578333954,536.52538627524
"3414",2047,4747,246.363977,0.0518988786602064,520.137570155698,549.816980457125
"3414",2048,4742,247.599752,0.0522142032897512,533.849968257139,553.945911629339
"3414",2049,4737,251.598587,0.0531134868059954,556.459911403525,566.997310549117
"3414",2050,4732,256.086914,0.0541181136939983,582.012817011897,582.012817011897
"3415",2026,8071,189.211499,0.0234433774005699,787.146668033683,797.466680336828
"3415",2027,8094,195.424206,0.0241443298739807,789.995512645496,815.058273785428
"3415",2028,8117,203.328947,0.025049765553776,795.039607159511,837.654898054351
"3415",2029,8141,210.312353,0.0258337247266921,801.331961522595,858.150407165154
"3415",2030,8166,217.101003,0.0265859665686995,809.123218361723,878.492873446893
"3415",2031,8190,229.374057,0.0280066003663004,823.264655027017,915.616191398321
"3415",2032,8214,237.578395,0.0289235932554176,836.497995420357,941.378447447251
"3415",2033,8238,246.472484,0.0299189711094926,852.668485638939,969.913063831557
"3415",2034,8261,255.561354,0.0309358859702215,871.506339120105,999.765847800263
"3415",2035,8283,264.148223,0.0318904048050223,892.166467016997,1028.66621032457
"3415",2036,8305,277.024933,0.0333564037326912,922.396271803349,1073.15004590179
"3415",2037,8326,285.779777,0.034323778164785,949.184022240467,1104.40784827408
"3415",2038,8345,295.989876,0.0354691283403235,981.681171150453,1141.78394754628
"3415",2039,8363,304.870997,0.0364547407628841,1014.64637418611,1175.1853177636
"3415",2040,8379,311.602323,0.0371884858575009,1045.40819944309,1201.05311910895
"3415",2041,8394,324.222645,0.0386255235882773,1094.01520601184,1250.92861284805
"3415",2042,8408,331.040826,0.0393721248810657,1130.81683501341,1278.59547859058
"3415",2043,8422,338.968737,0.040248009617668,1173.5209157376,1311.45208913573
"3415",2044,8434,345.477835,0.0409625130424472,1214.55056903781,1338.96847617782
"3415",2045,8445,351.967196,0.0416775838957963,1257.99633845304,1366.91857040374
"3415",2046,8455,361.219057,0.042722537788291,1314.52976826983,1407.79972737627
"3415",2047,8464,366.333134,0.043281324905482,1358.23947694958,1430.77687543615
"3415",2048,8473,374.125905,0.0441550696329517,1415.53424867837,1466.57756613878
"3415",2049,8480,380.629236,0.0448855231132075,1470.43355813585,1497.09980066062
"3415",2050,8487,387.60743,0.0456707234594085,1530.5226647984,1530.5226647984
"3416",2026,6046,198.902434,0.0328981862388356,593.293429759513,667.934297595128
"3416",2027,6050,203.067045,0.0335648008264463,598.13759272523,680.546128910761
"3416",2028,6057,211.780739,0.034964625887403,606.462987957706,707.645645472604
"3416",2029,6064,220.356553,0.0363384816952507,616.940071714271,735.306219831862
"3416",2030,6072,230.24951,0.0379198797760211,630.869490973045,768.477963892179
"3416",2031,6081,237.144173,0.0389975617497122,644.627086793329,792.398562759406
"3416",2032,6090,242.135137,0.0397594642036125,658.159993735537,810.107673032423
"3416",2033,6100,252.736598,0.0414322291803279,680.708715112843,849.024041690603
"3416",2034,6109,262.802113,0.0430188431821902,706.035839661871,887.589599154678
"3416",2035,6119,271.900386,0.0444354283379637,733.222835991627,923.795053695147
"3416",2036,6128,279.610515,0.0456283477480418,760.994787792423,955.51534272089
"3416",2037,6137,288.062861,0.0469387096301124,793.31565689783,991.46957443479
"3416",2038,6145,296.812556,0.0483014737184703,829.786943033456,1030.06716915174
"3416",2039,6152,307.158633,0.0499282563394018,874.44119373271,1077.6658616727
"3416",2040,6158,314.181163,0.0510200004871712,913.794380123216,1111.07100819715
"3416",2041,6163,324.212603,0.0526062961220185,966.441085404483,1160.76012891243
"3416",2042,6167,330.474505,0.0535875636452084,1010.44504785961,1192.77863979945
"3416",2043,6171,338.04628,0.0547798217468806,1062.67877076923,1232.70002816166
"3416",2044,6174,346.408047,0.056107555393586,1122.40850137144,1278.43032435025
"3416",2045,6176,353.544502,0.0572448999352332,1181.23517163631,1318.82790355239
"3416",2046,6178,361.865429,0.0585732322758174,1250.1705703731,1367.55361220365
"3416",2047,6178,367.084383,0.0594179966008417,1307.58948976987,1399.18534058577
"3416",2048,6178,372.805694,0.0603440747814827,1370.97538247711,1434.70311619147
"3416",2049,6177,379.056476,0.0613657885705035,1441.33339881291,1474.6970377277
"3416",2050,6175,383.672828,0.0621332514979757,1505.16570217389,1505.16570217389
"3417",2026,4580,164.496131,0.0359161858078603,403.615057720999,409.150577209993
"3417",2027,4577,171.048664,0.0373713489185056,406.067574300507,425.309631276418
"3417",2028,4574,175.505139,0.0383701659379099,408.893835070806,436.679057547462
"3417",2029,4573,179.229403,0.0391929593264815,412.225955257512,446.416260035349
"3417",2030,4573,185.61405,0.0405891209271813,418.15255719941,463.610228797638
"3417",2031,4573,189.313658,0.0413981320795976,423.37649661055,473.874770819305
"3417",2032,4573,196.837562,0.0430434205116991,433.048269183358,495.456212871871
"3417",2033,4573,203.687779,0.0445413905532473,443.947607895264,515.958918331764
"3417",2034,4574,208.054758,0.045486392216878,453.577262357001,529.443155892503
"3417",2035,4574,214.647721,0.0469277920857018,467.535038916121,550.508660379705
"3417",2036,4574,219.292189,0.0479431982947092,480.353597440499,565.849678822102
"3417",2037,4573,226.282707,0.0494823326044172,498.731597005408,589.793360010553
"3417",2038,4572,231.60859,0.0506580468066492,516.152780859743,608.732328835896
"3417",2039,4571,233.500567,0.0510830380660687,527.926542874154,615.640924041114
"3417",2040,4568,238.764353,0.0522689038966725,548.191439053491,635.306302485586
"3417",2041,4566,241.877328,0.0529735716162944,564.820417066673,647.257233308185
"3417",2042,4562,247.479292,0.0542479815870232,589.47168617016,669.388123100228
"3417",2043,4558,248.984478,0.0546258179025889,604.098916743205,675.676497278922
"3417",2044,4554,252.211627,0.055382438954765,624.690559052007,689.052334260654
"3417",2045,4550,253.452996,0.0557039551648352,639.815179934412,694.464836842353
"3417",2046,4545,256.805217,0.056502798019802,662.985609963636,708.86542348663
"3417",2047,4540,260.050112,0.0572797603524229,687.120100249963,723.13532422531
"3417",2048,4535,262.273556,0.057833198676957,708.473530556689,733.24165465588
"3417",2049,4530,264.027144,0.0582841377483444,728.737292503146,741.428355847425
"3417",2050,4525,266.936528,0.0589914979005525,754.927353670184,754.927353670184
"3418",2026,7072,234.216694,0.0331188764140272,642.742132808562,604.421328085618
"3418",2027,7059,242.130807,0.03430100679983,643.690051388307,622.927646460414
"3418",2028,7049,247.081045,0.0350519286423606,644.868250651363,634.818575150643
"3418",2029,7041,254.103771,0.0360891593523647,648.095154846094,652.153669863972
"3418",2030,7033,257.661658,0.0366360952651784,650.532128358367,661.128513433467
"3418",2031,7027,265.910642,0.0378412753664437,657.19740901544,682.469248749357
"3418",2032,7020,274.706041,0.0391319146723647,666.184536496195,706.029343065217
"3418",2033,7013,279.970515,0.0399216476543562,673.667470100141,720.565434759009
"3418",2034,7007,285.186915,0.0407002875695733,682.313686607792,735.28421651948
"3418",2035,7001,292.81504,0.0418247450364234,695.28230411502,757.359552262902
"3418",2036,6995,296.423291,0.0423764533238027,704.520617288,768.09603639579
"3418",2037,6989,306.662899,0.0438779366146802,725.038827083274,799.270882113704
"3418",2038,6983,312.221953,0.0447117217528283,740.397324042574,816.813316441043
"3418",2039,6977,316.752088,0.0453994679661746,755.362534473913,831.446867189638
"3418",2040,6971,324.789398,0.0465915073877492,778.858895420306,857.974232672489
"3418",2041,6965,328.030117,0.0470969299353912,794.104371185426,869.044333864794
"3418",2042,6959,333.963059,0.0479900932605259,816.780897462037,889.544139231482
"3418",2043,6953,339.365674,0.0488085249532576,839.994015419557,908.68680056889
"3418",2044,6947,344.093869,0.0495312896214193,863.101049677515,925.84006410002
"3418",2045,6941,351.064667,0.0505783989338712,894.515800335245,951.63483118184
"3418",2046,6935,353.91737,0.0510335068493151,915.258216591461,962.597901872307
"3418",2047,6928,360.079813,0.0519745688510393,948.25016161934,986.436801824609
"3418",2048,6922,363.098384,0.0524557041317538,972.139724842144,998.50240523475
"3418",2049,6915,366.613532,0.0530171412870571,999.051431422932,1012.76772095889
"3418",2050,6908,373.814326,0.0541132492762015,1042.21094125409,1042.21094125409
"3419",2026,3632,124.283306,0.0342189719162996,277.544799114885,327.447991148849
"3419",2027,3637,128.059042,0.0352100747869123,280.912017715566,336.814674295026
"3419",2028,3641,131.634708,0.0361534490524581,284.933607401997,345.906328011411
"3419",2029,3644,137.980384,0.0378650889132821,291.254292405347,362.608434848691
"3419",2030,3648,141.527434,0.0387958974780702,297.067227643966,372.268910575864
"3419",2031,3652,147.666482,0.0404344145673603,305.803771084825,389.578334208086
"3419",2032,3655,153.41426,0.041973805745554,315.708740905776,406.488433556235
"3419",2033,3659,157.156183,0.0429505829461602,324.865608747493,417.836162062051
"3419",2034,3662,162.360023,0.0443364344620426,336.865578295664,434.16394573916
"3419",2035,3665,166.681477,0.0454792570259209,349.075012793758,448.171457814303
"3419",2036,3667,170.461112,0.0464851682574311,361.676952056097,460.793583275994
"3419",2037,3670,175.829526,0.0479099525885559,378.243306542983,479.304012766796
"3419",2038,3672,181.161908,0.0493360315904139,396.541680402286,498.439418913247
"3419",2039,3673,184.937301,0.0503504767220256,413.267674332782,512.455615885587
"3419",2040,3674,188.717608,0.0513657071311922,431.298194349596,526.877110959353
"3419",2041,3675,190.440437,0.0518205270748299,445.276202823709,533.548985394278
"3419",2042,3676,193.378782,0.0526057622415669,463.211601904844,545.159431292635
"3419",2043,3676,198.193303,0.0539154795973885,487.964577822473,564.833325860981
"3419",2044,3677,199.301125,0.0542021008974708,502.475287645704,569.38746792994
"3419",2045,3676,201.068364,0.0546975963003264,519.746560925164,576.918844215586
"3419",2046,3676,202.909377,0.0551984159412405,537.874161910505,584.793131659417
"3419",2047,3675,207.28515,0.0564041224489796,566.67618865549,604.029508344214
"3419",2048,3675,209.753334,0.0570757371428571,589.377719366724,615.111047964026
"3419",2049,3674,212.994778,0.0579735378334241,616.64363849584,630.07131272295
"3419",2050,3672,214.462218,0.0584047434640523,637.121699426964,637.121699426964
"3420",2026,21561,521.155035,0.0241711903436761,932.372356187085,935.723561870844
"3420",2027,21618,534.562845,0.0247276734665557,934.810035441786,952.43662139481
"3420",2028,21674,555.902898,0.0256483758420227,940.225216507141,979.001237183661
"3420",2029,21730,575.627929,0.0264900105384261,947.331579895469,1004.14861127279
"3420",2030,21785,597.099421,0.0274087409226532,957.009831175333,1032.03932470133
"3420",2031,21838,615.275053,0.02817451474494,967.712861833942,1056.21864985719
"3420",2032,21891,635.164227,0.0290148566534192,981.121207428675,1083.14217670362
"3420",2033,21942,657.439159,0.0299625904201987,997.930612071437,1113.87755054189
"3420",2034,21993,678.83469,0.0308659432546719,1016.84144314038,1144.10360785094
"3420",2035,22042,699.86543,0.0317514485981308,1038.08036462558,1174.46940485847
"3420",2036,22092,714.981251,0.0323638082111171,1057.78385426362,1196.80811423919
"3420",2037,22139,734.408626,0.0331726196305163,1082.62472744616,1225.90190721202
"3420",2038,22184,752.464827,0.0339192583393437,1108.81004372014,1253.4728067639
"3420",2039,22227,770.718742,0.0346748882890179,1137.53989369597,1281.85513820591
"3420",2040,22268,785.502082,0.0352749273396803,1165.28040916163,1305.24865465861
"3420",2041,22306,797.547002,0.0357548194207836,1192.07831815113,1324.57104626585
"3420",2042,22341,811.633085,0.036329308670158,1222.80868782677,1347.44098260967
"3420",2043,22375,828.821839,0.0370423168268156,1259.29518286436,1375.79007846015
"3420",2044,22407,840.071211,0.0374914629803187,1290.52310677535,1394.61046035529
"3420",2045,22436,853.8906,0.0380589499019433,1326.90065539084,1418.03157586565
"3420",2046,22464,867.077326,0.0385985276887464,1364.38703760631,1440.69063247801
"3420",2047,22489,880.696956,0.039161232424741,1404.53227377096,1464.43073100953
"3420",2048,22512,893.623517,0.0396954298596304,1445.63385125827,1487.27983919813
"3420",2049,22533,908.577168,0.040322068432965,1492.30383142947,1514.13385083581
"3420",2050,22551,925.208011,0.0410273606935391,1544.55129532659,1544.55129532659
"3421",2026,6407,209.036532,0.0326262731387545,319.524415560709,324.244155607094
"3421",2027,6388,216.111944,0.0338309242329368,321.062237518211,333.998091041536
"3421",2028,6370,220.555413,0.0346240836734694,322.724865721381,340.284946979321
"3421",2029,6353,226.000032,0.0355737497245396,325.207978835827,348.214018050949
"3421",2030,6337,234.87756,0.037064472147704,329.65985116739,361.639404669561
"3421",2031,6321,240.289361,0.0380144535674735,333.697752801662,370.122618440562
"3421",2032,6306,249.156306,0.0395109904852521,340.290508402015,384.509256621585
"3421",2033,6292,253.207801,0.0402428164335664,345.220150161991,391.331448722735
"3421",2034,6278,261.699343,0.0416851454284804,353.802637827758,406.006594569395
"3421",2035,6265,268.3666,0.0428358499600958,362.305774919989,417.984628388547
"3421",2036,6252,273.725182,0.0437820188739603,370.745704477201,427.93832521516
"3421",2037,6239,279.069227,0.0447298007693541,380.062473738176,438.146290220831
"3421",2038,6225,284.533586,0.0457082065863454,390.442642114934,448.895712936243
"3421",2039,6212,289.449794,0.0465952662588538,401.158718234673,458.844626782422
"3421",2040,6199,295.087427,0.0476024241006614,413.7119877258,470.53918036128
"3421",2041,6186,299.634748,0.0484375602974458,425.853324903692,480.288037590478
"3421",2042,6173,302.341832,0.0489781033533128,436.140085115411,486.342978736302
"3421",2043,6161,305.001021,0.0495051162149002,446.861595322096,492.371654674028
"3421",2044,6150,309.933287,0.0503956564227642,461.975364126194,503.484340807992
"3421",2045,6140,316.518473,0.0515502399022801,481.194181681384,518.623608223242
"3421",2046,6130,319.852159,0.0521781662316476,495.50670264029,526.654944282694
"3421",2047,6120,324.850774,0.0530801918300654,514.065413708399,538.792015446083
"3421",2048,6111,328.852912,0.0538132731140566,531.548485363947,548.782146339402
"3421",2049,6102,333.31593,0.0546240462143559,551.090543450308,560.133032156164
"3421",2050,6093,341.066902,0.0559768426062695,580.167465833634,580.167465833634
"3422",2026,4598,117.897273,0.0256409902131361,210.237802207187,230.378022071872
"3422",2027,4618,120.349435,0.0260609430489389,211.578484698258,234.025343260057
"3422",2028,4642,123.662832,0.0266399896596295,213.417619501745,238.957825724256
"3422",2029,4667,127.756372,0.0273744101135633,215.877072364982,245.068575835208
"3422",2030,4694,130.912267,0.0278892771623349,218.486413306876,249.945653227506
"3422",2031,4723,135.524142,0.0286945039170019,222.096588128745,257.031610882592
"3422",2032,4752,140.74112,0.0296172390572391,226.573926225595,265.1505422326
"3422",2033,4780,145.361228,0.0304102987447699,231.381371299218,272.500334618532
"3422",2034,4808,149.135271,0.0310181512063228,236.257523494065,278.643808735161
"3422",2035,4835,151.863366,0.031409176008273,240.895714966381,283.190205637443
"3422",2036,4862,158.992091,0.0327009648292884,249.280064514017,294.905398976877
"3422",2037,4886,163.75964,0.0335160949652067,256.673596683071,302.972871576724
"3422",2038,4908,167.767909,0.0341825405460473,264.032387922293,309.877068949623
"3422",2039,4929,171.234719,0.0347402554270643,271.412817146031,315.936710035797
"3422",2040,4948,175.114053,0.0353908757073565,279.74349821412,322.789597142593
"3422",2041,4965,178.416881,0.0359349206445116,287.966294351049,328.703840529885
"3422",2042,4980,181.806486,0.0365073265060241,296.791576700217,334.845109571739
"3422",2043,4994,186.190287,0.0372827967561073,307.495707529635,342.909433938488
"3422",2044,5006,188.668118,0.0376883975229724,316.134264145613,347.528082768532
"3422",2045,5018,190.343495,0.037932143284177,323.917098938583,350.66719869364
"3422",2046,5029,192.252196,0.0382287126665341,332.3282223811,354.268496918941
"3422",2047,5039,195.706254,0.0388383119666601,343.680096117733,360.878981541107
"3422",2048,5048,197.653485,0.0391548108161648,352.886538298254,364.634095457571
"3422",2049,5057,201.261524,0.0397986007514337,365.566679627138,371.705641171052
"3422",2050,5065,203.509542,0.0401795739387957,376.152796625974,376.152796625974
"3423",2026,2507,91.041502,0.0363149190267252,205.406373093078,263.063730930784
"3423",2027,2526,92.745488,0.0367163452098179,208.481075845921,267.953278879423
"3423",2028,2544,95.151926,0.0374024866352201,212.286293195143,274.921675400819
"3423",2029,2561,98.765273,0.0385651202655213,217.404029579397,285.60719802069
"3423",2030,2577,99.986856,0.0387997112922002,221.55557828531,289.222313141239
"3423",2031,2592,102.904042,0.0397006334876543,227.48759221744,298.087277278054
"3423",2032,2605,106.696137,0.0409582099808061,235.060687947289,309.955962914735
"3423",2033,2619,110.074015,0.0420290244368079,243.147598263422,320.78647796806
"3423",2034,2632,112.0749,0.0425816489361702,250.294975885383,327.237439713458
"3423",2035,2644,113.885248,0.0430730892586989,257.682574424138,333.131598683744
"3423",2036,2657,115.714061,0.0435506439593527,265.559436618977,339.125129724162
"3423",2037,2668,119.638057,0.0448418504497751,277.741267224271,352.641497022969
"3423",2038,2679,122.817015,0.0458443505039194,289.659722775462,363.835859591749
"3423",2039,2690,124.957782,0.046452707063197,300.282432346395,371.395629525779
"3423",2040,2699,128.237081,0.0475128125231567,314.303900974597,383.486241559355
"3423",2041,2708,129.523847,0.0478300764401772,324.267864524181,388.083569093103
"3423",2042,2717,132.156118,0.0486404556496135,338.306301313983,398.009001877118
"3423",2043,2724,133.801937,0.0491196538179148,350.367544439262,404.244128053237
"3423",2044,2731,136.618607,0.0500251215671915,366.662804431751,415.339102492582
"3423",2045,2738,139.386148,0.0509080160701242,383.823535010013,426.475120012324
"3423",2046,2744,142.506161,0.0519337321428571,403.376491008338,439.442930598045
"3423",2047,2750,144.760043,0.0526400156363636,420.790282013834,448.904543114179
"3423",2048,2755,147.380763,0.0534957397459165,440.664915115386,460.259367692309
"3423",2049,2759,149.910072,0.0543349300471185,461.298382307249,471.517799799739
"3423",2050,2763,152.288216,0.0551169800941006,482.304045705402,482.304045705402
"3424",2026,1780,67.128015,0.0377123679775281,105.113254576041,124.132545760407
"3424",2027,1785,69.397177,0.0388779703081232,106.502318237922,128.471405366705
"3424",2028,1789,72.114543,0.0403099737283399,108.39845733219,133.848327612517
"3424",2029,1794,74.345581,0.0414412380156076,110.521679290733,138.396137838744
"3424",2030,1799,77.735485,0.0432103863257365,113.647408917602,145.589635670409
"3424",2031,1803,78.912482,0.0437673222407099,115.974799517057,148.129737450632
"3424",2032,1807,84.318238,0.0466620022136137,121.706593291631,160.558748589633
"3424",2033,1811,86.747608,0.0479003909442297,125.982389968652,166.399696465246
"3424",2034,1815,88.150156,0.0485675790633609,129.722558123694,169.806395309236
"3424",2035,1818,91.69605,0.0504378712871287,136.214854901353,178.919668345951
"3424",2036,1821,93.526268,0.0513598396485448,141.353292668099,183.743774038103
"3424",2037,1825,96.594191,0.0529283238356164,148.681203698638,192.134055997343
"3424",2038,1828,99.19514,0.0542642997811816,156.095276440485,199.536866255427
"3424",2039,1830,101.750907,0.0556015885245902,164.169635626799,207.118528726466
"3424",2040,1832,102.723266,0.0560716517467249,169.875002791516,210.000004466425
"3424",2041,1834,103.682216,0.0565333784078517,175.791042485969,212.873271676935
"3424",2042,1836,107.504024,0.0585533899782135,188.457609958579,225.082299940827
"3424",2043,1837,108.558932,0.0590957713663582,195.582540816832,228.535648565195
"3424",2044,1838,109.834378,0.0597575505984766,203.589631381867,232.793072750796
"3424",2045,1839,111.655017,0.0607150717781403,213.528979574084,239.035667168104
"3424",2046,1840,112.013444,0.0608768717391304,219.633110944033,240.215424640039
"3424",2047,1840,113.395194,0.061627822826087,229.156636266006,245.148322553246
"3424",2048,1840,116.250532,0.0631796369565217,244.215382769028,255.665278669219
"3424",2049,1840,117.309403,0.063755110326087,253.803580427585,259.679044600088
"3424",2050,1840,117.361845,0.0637836114130435,259.879461323382,259.879461323382
"3425",2026,1259,47.826581,0.0379877529785544,64.1898771187549,65.8987711875489
"3425",2027,1258,49.890054,0.0396582305246423,64.6726771362436,68.8921973544991
"3425",2028,1257,52.633548,0.041872353221957,65.5906177089421,73.0892440510979
"3425",2029,1255,52.99095,0.0422238645418327,66.0550028642227,73.670601713989
"3425",2030,1254,55.524447,0.0442778684210526,67.4551465742819,77.8205862971278
"3425",2031,1253,57.357517,0.0457761508379888,68.8808803647842,80.9769751818581
"3425",2032,1252,61.058991,0.0487691621405751,71.7156600480979,87.7404924556859
"3425",2033,1250,63.070475,0.05045638,74.0390320431186,91.6938814982581
"3425",2034,1249,63.891778,0.0511543458767014,75.7471894984748,93.3679737461869
"3425",2035,1247,63.532256,0.0509480801924619,76.5560067875836,92.6994440859055
"3425",2036,1246,65.897536,0.0528872680577849,79.9680726394686,97.6169950304602
"3425",2037,1244,68.429327,0.0550074975884244,84.0989009347269,103.217367677516
"3425",2038,1241,68.980699,0.055584769540693,86.3245416313772,104.590075693413
"3425",2039,1239,68.260464,0.055093191283293,86.9367323043085,103.041246475419
"3425",2040,1236,68.346252,0.0552963203883495,88.5990649363586,103.358503898174
"3425",2041,1234,69.332589,0.0561852423014587,91.6291377903262,105.704358928794
"3425",2042,1231,69.749124,0.0566605393988627,93.9689583532097,106.812797647442
"3425",2043,1229,71.032956,0.057797360455655,97.9042088961145,109.971808672698
"3425",2044,1226,72.487463,0.0591251737357259,102.531502193329,113.718067346231
"3425",2045,1224,72.57222,0.0592910294117647,104.660268557577,114.043407455479
"3425",2046,1222,73.447325,0.0601041939443535,108.532344947985,116.390994056453
"3425",2047,1219,72.600786,0.0595576587366694,108.730208265272,114.400234665096
"3425",2048,1217,76.571096,0.0629179096138044,120.506558775567,125.088171649262
"3425",2049,1215,76.496393,0.0629599942386831,122.736512587268,125.024948142616
"3425",2050,1212,76.996554,0.0635285099009901,126.650347200105,126.650347200105
"3426",2026,1540,44.458486,0.0288691467532468,84.3999377236888,96.9993772368881
"3426",2027,1537,45.305845,0.0294768022121015,85.1196957168731,98.4159688499865
"3426",2028,1535,46.391721,0.0302226195439739,86.0261596598905,100.29234091366
"3426",2029,1532,48.580389,0.0317104366840731,87.5070866158706,104.209819368803
"3426",2030,1529,51.427681,0.0336348469587966,89.6417869670493,109.567147868197
"3426",2031,1526,54.187173,0.0355092876802097,92.2125732802511,115.0437331487
"3426",2032,1522,55.676196,0.0365809434954008,94.4138076752624,118.119408231577
"3426",2033,1519,56.804041,0.0373956820276498,96.599306884876,120.515329337589
"3426",2034,1516,57.710572,0.0380676596306069,98.7940508820913,122.485127205228
"3426",2035,1513,59.183094,0.0391163873099802,101.708664851825,125.762662518457
"3426",2036,1510,62.051006,0.0410933814569536,106.471215052541,132.413084321139
"3426",2037,1507,64.40629,0.0427380822826808,111.272706361429,138.166256314984
"3426",2038,1504,66.212399,0.044024201462766,115.87693216712,142.776240303855
"3426",2039,1502,67.329099,0.0448262976031957,119.845666440716,145.716027984198
"3426",2040,1499,70.799432,0.0472311087391594,128.128975825022,155.206361320036
"3426",2041,1496,72.01197,0.0481363435828877,133.176507069359,158.738123878277
"3426",2042,1492,71.484061,0.0479115690348525,135.047363622115,157.353376603021
"3426",2043,1489,73.879942,0.0496171537944929,143.074565688647,164.457038221894
"3426",2044,1485,75.450353,0.0508083185185185,149.952115081598,169.389825911739
"3426",2045,1481,77.340641,0.0522219047940581,158.174851838753,175.522894570773
"3426",2046,1477,76.756042,0.0519675301286391,160.220504361276,173.847652189736
"3426",2047,1473,77.068099,0.0523205016972166,164.686659678173,175.041306679632
"3426",2048,1469,77.336129,0.0526454247787611,169.124991257414,176.108098656664
"3426",2049,1464,77.155545,0.052701875,172.297932220759,175.777072437152
"3426",2050,1460,79.619516,0.0545339150684932,184.209113856959,184.209113856959
"3427",2026,5478,148.71674,0.0271479992698065,283.45567986197,296.5567986197
"3427",2027,5476,153.109601,0.0279601170562454,284.892658246279,303.037514518395
"3427",2028,5476,161.014433,0.0294036583272462,287.79478335229,315.113047727371
"3427",2029,5475,167.278028,0.0305530644748858,291.140029247665,325.011902341955
"3427",2030,5475,170.301916,0.0311053727853881,293.976857180244,329.907428720975
"3427",2031,5475,176.050627,0.0321553656621005,298.507840644092,339.418576153362
"3427",2032,5475,182.124353,0.0332647220091324,304.023791568243,349.765512517671
"3427",2033,5475,187.591675,0.0342633196347032,310.03897176799,359.348887635835
"3427",2034,5475,195.322761,0.0356753901369863,318.540060447063,373.350151117658
"3427",2035,5477,200.76952,0.0366568413364981,326.424536137456,383.541796885613
"3427",2036,5479,205.410683,0.0374905426172659,334.458494120211,392.438934989918
"3427",2037,5482,212.768652,0.0388122313024444,346.039891796577,406.955886432345
"3427",2038,5485,219.497798,0.0400178300820419,358.277119497847,420.685671814268
"3427",2039,5487,226.701163,0.041316049389466,372.410821492081,435.890759986521
"3427",2040,5489,233.292325,0.0425017899435234,387.170212450998,450.272339921596
"3427",2041,5491,237.349044,0.0432251036241122,399.489397539244,459.342486851689
"3427",2042,5491,242.250919,0.0441178144236023,414.004245417595,470.577493453708
"3427",2043,5490,248.7919,0.0453172859744991,432.463649320206,486.018507552822
"3427",2044,5489,253.938179,0.0462631042084168,449.811863250688,498.531436452501
"3427",2045,5486,259.347553,0.0472744354721108,468.94605624356,512.087453838228
"3427",2046,5482,261.751029,0.0477473602699745,482.860850086073,518.306882454203
"3427",2047,5477,263.156804,0.0480476180390725,495.05329103797,522.060046239966
"3427",2048,5471,267.263904,0.0488510151709011,514.131639446357,532.953123725792
"3427",2049,5465,268.472778,0.0491258514181153,526.806050652779,536.34394873016
"3427",2050,5457,271.809266,0.0498092845886018,545.55869293555,545.55869293555
"3428",2026,2356,61.507646,0.0261068106960951,141.247912377987,125.479123779875
"3428",2027,2344,61.98901,0.0264458233788396,140.661248254724,125.990896397995
"3428",2028,2333,64.47257,0.0276350492927561,140.637856814828,129.502038941872
"3428",2029,2322,66.089989,0.0284625275624462,140.622344065476,131.811030896357
"3428",2030,2312,67.730877,0.0292953620242215,140.808923404795,134.235693619179
"3428",2031,2302,70.189865,0.0304908188531712,141.577117007771,138.05084176616
"3428",2032,2293,73.118388,0.0318876528565198,142.938259048733,142.810027842257
"3428",2033,2284,75.318432,0.0329765464098074,144.270455261867,146.504704170668
"3428",2034,2275,78.145899,0.0343498457142857,146.381650687124,151.454126717809
"3428",2035,2266,79.817938,0.0352241562224184,148.017143686761,154.467756998312
"3428",2036,2258,82.079756,0.0363506448184234,150.451898392554,158.688207142218
"3428",2037,2250,83.561361,0.0371383826666667,152.498633014883,161.53391807782
"3428",2038,2243,88.441219,0.0394298791796701,158.584853601107,171.336097456558
"3428",2039,2235,89.197892,0.0399095713646532,160.599304438265,172.956262873643
"3428",2040,2228,92.789756,0.0416471077199282,166.57340674267,180.717450788272
"3428",2041,2221,94.303549,0.0424599500225124,170.266750889397,184.157359833052
"3428",2042,2215,97.490872,0.0440139376975169,176.985146068315,191.550208669022
"3428",2043,2208,101.001901,0.0457436145833333,185.109423536193,200.097523438905
"3428",2044,2201,102.530718,0.0465836974102681,190.314455852669,204.050910777637
"3428",2045,2194,105.020573,0.0478671709206928,197.919096690715,210.592734388572
"3428",2046,2187,104.874607,0.0479536383173297,200.300831282396,210.412742685172
"3428",2047,2180,108.278046,0.049668828440367,211.077146366145,219.706643792839
"3428",2048,2172,111.460282,0.0513168885819521,222.445311823431,228.886823592899
"3428",2049,2165,113.763062,0.052546448960739,232.387708502581,235.870346496188
"3428",2050,2156,113.233233,0.0525200524118738,234.722049256039,234.722049256039
"3429",2026,1496,57.716038,0.0385802393048128,145.614930828644,151.149308286442
"3429",2027,1491,60.984915,0.0409020221327968,147.119647133132,160.415615513691
"3429",2028,1486,61.567088,0.0414314185733513,148.007414511322,162.185225778983
"3429",2029,1482,63.874596,0.0431002672064777,150.147383725548,169.222982237873
"3429",2030,1477,67.621771,0.0457831895734597,154.088960540802,181.355842163209
"3429",2031,1473,68.213275,0.0463090801086219,156.05660386834,183.45775258553
"3429",2032,1469,72.682706,0.0494776759700477,162.662000950477,199.34461830916
"3429",2033,1465,72.064878,0.049191043003413,163.946178767053,197.265320736698
"3429",2034,1461,75.528459,0.0516964127310062,171.212384656188,210.530961640469
"3429",2035,1458,79.082866,0.0542406488340192,180.034075197802,225.077886166405
"3429",2036,1455,80.661324,0.0554373360824742,186.32965254912,232.009794840252
"3429",2037,1452,83.157518,0.0572710179063361,195.38571025104,243.313580977639
"3429",2038,1449,81.643728,0.0563448778467909,195.489669788801,236.799399616002
"3429",2039,1446,83.577371,0.0577990117565698,204.217719573224,245.796118422509
"3429",2040,1443,87.81414,0.0608552598752599,220.900879158398,266.441406653436
"3429",2041,1440,88.292264,0.0613140722222222,227.289289116417,269.210247722894
"3429",2042,1437,88.818665,0.0618083959638135,234.087791535069,272.268273621528
"3429",2043,1434,88.577101,0.0617692475592748,238.228921192757,271.412096532551
"3429",2044,1431,88.583115,0.0619029454926625,243.290351181287,271.826259588757
"3429",2045,1428,91.497041,0.0640735581232493,260.920833518061,287.671795099152
"3429",2046,1425,93.381976,0.0655312112280702,275.577547058221,298.620643597907
"3429",2047,1421,94.06117,0.066193645320197,285.376038263267,303.17018395861
"3429",2048,1418,94.319018,0.0665155275035261,293.164261369993,305.177579859452
"3429",2049,1414,93.10536,0.0658453748231966,293.076888397132,298.846117815202
"3429",2050,1411,94.844787,0.0672181339475549,309.501752478609,309.501752478609
"3430",2026,1882,60.61564,0.0322080977683316,91.4708093591722,86.7080935917222
"3430",2027,1882,63.128085,0.0335430844845909,91.7110732632933,89.8987146421334
"3430",2028,1883,64.016389,0.0339970201805629,91.8352401121059,91.0585149263192
"3430",2029,1884,67.000941,0.0355631321656051,92.6485867696412,95.0521730336055
"3430",2030,1885,68.584223,0.0363842031830239,93.309994809943,97.2399792397721
"3430",2031,1887,72.110611,0.0382144202437732,94.9575557120086,102.287150302639
"3430",2032,1888,74.971071,0.0397092537076271,96.7343867396028,106.567343814162
"3430",2033,1889,76.941901,0.0407315516146109,98.3856256658261,109.615519078141
"3430",2034,1891,78.765058,0.0416525954521417,100.200694830357,112.501737075893
"3430",2035,1892,81.231516,0.0429342050739958,102.733922183597,116.534679276792
"3430",2036,1893,83.42252,0.0440689487585843,105.410781514972,120.233224242045
"3430",2037,1893,88.418043,0.0467078938193344,111.032213602291,129.136026541056
"3430",2038,1893,90.216965,0.0476581959852087,114.275521640029,132.500948436416
"3430",2039,1893,90.474084,0.0477940221870048,116.081039840393,132.989003983648
"3430",2040,1892,94.204713,0.0497910745243129,122.188618564828,140.301789703725
"3430",2041,1891,94.158101,0.0497927556848228,123.955035529902,140.234015894192
"3430",2042,1890,99.106466,0.0524372835978836,132.992630224075,150.560900320107
"3430",2043,1887,99.635695,0.0528011102278749,136.109615658641,151.809648350699
"3430",2044,1886,100.910006,0.0535047751855779,140.551373000705,154.646932904135
"3430",2045,1883,102.683939,0.0545320971853425,146.238297414405,158.75482758696
"3430",2046,1881,103.920444,0.0552474449760766,151.233887611701,161.686926602001
"3430",2047,1878,106.545067,0.056733262513312,159.497865507801,168.053932966536
"3430",2048,1875,107.079197,0.0571089050666667,163.687732214828,169.500251043058
"3430",2049,1872,108.339994,0.0578739284188034,169.741144458647,172.770020216776
"3430",2050,1869,109.891958,0.0587971952915998,176.858357397051,176.858357397051
"3431",2026,2465,87.952624,0.0356805776876268,224.388702266407,191.887022664066
"3431",2027,2467,90.609919,0.0367287875962708,223.815836375318,197.569719093222
"3431",2028,2469,93.972403,0.0380609165654111,223.973241478696,204.989951306837
"3431",2029,2471,96.704388,0.0391357296641036,224.432646404861,211.212453669934
"3431",2030,2473,99.260211,0.0401375701577032,225.298563939672,217.194255758687
"3431",2031,2475,101.852313,0.0411524496969697,226.684448212091,223.424167694229
"3431",2032,2477,104.612181,0.0422334198627372,228.729352695287,230.244162139345
"3431",2033,2478,107.539401,0.0433976598062954,231.520480071619,237.711669163088
"3431",2034,2479,110.376171,0.0445244739814441,234.869130835014,245.172827087536
"3431",2035,2479,111.883761,0.0451326183945139,237.293459121988,249.24219227883
"3431",2036,2479,115.57381,0.0466211415893505,242.957672273631,259.489836365538
"3431",2037,2479,118.635557,0.0478562150060508,248.659754005434,268.311715132554
"3431",2038,2478,120.512888,0.0486331267150928,253.246943064354,273.903532844281
"3431",2039,2477,121.029147,0.0488611816713767,255.899431826489,275.488394598279
"3431",2040,2475,124.615667,0.0503497644444444,264.615022619195,286.584036190711
"3431",2041,2474,127.243973,0.051432487065481,272.379736475783,294.988281472881
"3431",2042,2472,126.95196,0.0513559708737864,274.297970296856,294.139957566937
"3431",2043,2470,129.247829,0.0523270562753036,282.375829354919,301.729938108365
"3431",2044,2467,129.589885,0.052529341305229,286.13905600109,303.0181367756
"3431",2045,2465,130.480697,0.0529333456389452,291.457661318704,306.101737007635
"3431",2046,2462,131.853752,0.0535555450852965,298.483652698357,310.921944351008
"3431",2047,2460,132.924695,0.0540344288617886,304.966415350016,314.722721521145
"3431",2048,2457,132.008976,0.053727706959707,305.459402583152,311.739894684489
"3431",2049,2454,133.802099,0.0545240827220864,314.763662014021,318.144064430152
"3431",2050,2451,132.957585,0.0542462607099143,315.374486437794,315.374486437794
"3432",2026,1888,60.330889,0.0319549200211864,139.330454335334,124.304543353337
"3432",2027,1872,62.827231,0.0335615550213675,139.31280884106,128.72951884407
"3432",2028,1855,63.341489,0.0341463552560647,139.004269521156,129.595825835175
"3432",2029,1840,65.143731,0.0354042016304348,139.300018178013,133.00008554359
"3432",2030,1825,66.260069,0.0363068871232877,139.544713587054,135.178854348217
"3432",2031,1810,70.799756,0.0391158872928177,142.052064914342,144.659356223797
"3432",2032,1796,72.243152,0.0402244721603563,143.246752485893,147.913084571977
"3432",2033,1783,74.082943,0.0415496034772855,145.061897843221,152.205235429574
"3432",2034,1771,76.478453,0.0431837679277245,147.80737005262,158.01842513155
"3432",2035,1759,78.490688,0.0446223354178511,150.703684028904,163.179849208924
"3432",2036,1747,83.276646,0.0476683720663995,157.622986612953,175.995761290427
"3432",2037,1736,84.432076,0.0486359884792627,160.746011446701,179.528802822832
"3432",2038,1724,86.963481,0.0504428544083527,166.423513179638,187.224569417524
"3432",2039,1714,88.320165,0.0515286843640607,170.780827572318,191.690770335861
"3432",2040,1703,89.774296,0.0527153822665884,175.798704654004,196.677927446406
"3432",2041,1693,93.46465,0.0552065268753692,186.157503568243,209.16226953697
"3432",2042,1682,94.748501,0.0563308567181926,192.257372480377,214.22481782911
"3432",2043,1672,97.916759,0.0585626549043062,203.844238153925,226.212526310407
"3432",2044,1661,98.665587,0.0594013166767008,209.885267746835,229.884216447529
"3432",2045,1651,99.596934,0.0603252174439734,216.795512903155,234.286785111575
"3432",2046,1641,101.099223,0.0616083016453382,226.083008266708,241.097656784362
"3432",2047,1631,102.721059,0.0629804163090129,236.580140463559,248.695932916686
"3432",2048,1621,101.750407,0.0627701462060457,237.910665410689,245.768286930475
"3432",2049,1611,103.544924,0.0642736958410925,250.145638568975,254.398066045689
"3432",2050,1601,104.169399,0.0650652086196127,258.294088945432,258.294088945432
"3433",2026,2107,74.951007,0.0355723811105838,161.194598539586,180.945985395864
"3433",2027,2094,76.857154,0.036703511938873,162.632859856172,185.420798953981
"3433",2028,2082,79.01059,0.0379493707973103,164.544263348588,190.681504849073
"3433",2029,2071,82.00173,0.0395952341863834,167.354518090179,198.315379247902
"3433",2030,2060,84.222059,0.0408844946601942,170.316938306694,204.267753226776
"3433",2031,2049,86.835236,0.0423793245485603,174.112949772117,211.56678181606
"3433",2032,2039,89.937709,0.0441087341834232,179.027898552985,220.624303239955
"3433",2033,2029,92.048942,0.0453666545096106,183.703104384052,227.146494852558
"3433",2034,2019,94.276151,0.0466944779593858,189.119494482278,234.298736205695
"3433",2035,2009,95.451328,0.0475118606271777,193.717401703263,238.35406103603
"3433",2036,1999,99.066035,0.0495577963981991,202.54453192653,250.672698792695
"3433",2037,1989,102.175928,0.0513705017596782,211.768192088121,261.962326025602
"3433",2038,1979,102.457248,0.0517722324406266,216.472296164762,263.495083935931
"3433",2039,1968,102.474541,0.0520703968495935,220.777899335602,264.153871209535
"3433",2040,1958,103.603519,0.052912931052094,227.671417696896,268.874268315033
"3433",2041,1948,105.235342,0.054022249486653,236.284174806232,275.655358198086
"3433",2042,1938,109.563083,0.0565340985552116,253.174583493551,293.535119276502
"3433",2043,1928,108.455803,0.0562530098547718,255.470177378561,289.80702017432
"3433",2044,1919,106.485714,0.0554902105263158,254.758417081769,282.559247847443
"3433",2045,1909,108.866215,0.057027875851231,267.90205543993,293.033299002991
"3433",2046,1899,110.069586,0.0579618672985782,277.967607947775,298.961891703265
"3433",2047,1889,111.798066,0.0591837300158814,290.694285709481,307.387927559979
"3433",2048,1880,111.620494,0.0593726031914894,296.354597912687,307.491457202905
"3433",2049,1870,112.41603,0.0601155240641711,306.328785311585,312.068867856192
"3433",2050,1861,113.815686,0.0611583481998925,319.458501396489,319.458501396489
"3434",2026,2115,71.541647,0.0338258378250591,114.629172118201,147.291721182006
"3434",2027,2104,73.855208,0.0351022851711027,116.59307010814,151.676873513745
"3434",2028,2093,74.745132,0.0357119598662207,118.419055430495,153.394602459971
"3434",2029,2082,76.879904,0.0369259865513929,120.920798178193,157.686109073851
"3434",2030,2073,81.062929,0.039104162566329,124.884968159945,166.539872639778
"3434",2031,2063,84.309936,0.0408676374212312,129.066443461762,173.83980334526
"3434",2032,2054,87.869738,0.0427798140214216,134.164716444779,182.27605059932
"3434",2033,2044,89.246424,0.0436626340508806,138.106100805444,185.775450497776
"3434",2034,2034,93.58302,0.0460093510324484,145.39631736145,196.990793403626
"3434",2035,2025,96.875972,0.0478399861728395,152.598486914755,206.082255805153
"3434",2036,2015,98.596751,0.0489313900744417,158.601246526582,211.213150582278
"3434",2037,2005,104.355998,0.0520478793017456,171.302618437362,228.663645731439
"3434",2038,1994,104.607457,0.0524611118355065,176.431926349439,229.967138817163
"3434",2039,1984,108.145092,0.0545086149193548,187.876420676861,241.853482003168
"3434",2040,1973,111.21522,0.0563685859097821,199.707296695473,252.931674712756
"3434",2041,1963,113.972687,0.0580604620478859,211.993141059316,263.442477070665
"3434",2042,1952,115.689597,0.0592672115778689,222.765294016596,270.664705737995
"3434",2043,1940,118.09168,0.060872,236.333396713019,280.943588763415
"3434",2044,1929,118.800982,0.0615868232244686,245.701587500853,284.8085000011
"3434",2045,1917,120.145696,0.062673811163276,257.646811098018,291.488382889868
"3434",2046,1905,124.16783,0.0651799632545932,280.146518285864,309.995903865723
"3434",2047,1893,122.760755,0.0648498441627047,283.443726267297,305.302790160334
"3434",2048,1880,122.801053,0.0653197090425532,292.380617057665,307.087153575854
"3434",2049,1868,121.824713,0.0652166557815846,297.029160862239,304.277050246482
"3434",2050,1855,123.453636,0.0665518253369272,313.279685035476,313.279685035476
"3435",2026,3366,109.148286,0.0324267040998217,215.986182354358,251.861823543581
"3435",2027,3343,111.354755,0.0333098279988035,218.076471164539,256.192517560286
"3435",2028,3321,117.141544,0.0352729732008431,221.86943574305,268.396775674572
"3435",2029,3300,118.774771,0.0359923548484848,224.738071817498,271.943867376463
"3435",2030,3280,123.047979,0.0375146277439024,229.416547268113,281.666189072452
"3435",2031,3260,125.474834,0.0384892128834356,233.686774408318,287.432258811543
"3435",2032,3242,128.520084,0.0396422220851326,238.944860923527,294.907264380083
"3435",2033,3225,131.076471,0.0406438669767442,244.416072459842,301.42364816508
"3435",2034,3208,133.490187,0.0416116543017456,250.317297436747,307.793243591867
"3435",2035,3193,138.437023,0.0433564118383965,259.761778048929,321.169778397552
"3435",2036,3178,139.110621,0.0437730084959094,264.860912950896,323.286132528202
"3435",2037,3164,141.523383,0.0447292613780025,272.629766252147,330.301982931018
"3435",2038,3149,144.818354,0.0459886802159416,282.47490766248,340.136195749963
"3435",2039,3136,146.377557,0.0466765169005102,290.195016898569,345.097901103947
"3435",2040,3122,148.989171,0.0477223481742473,300.388837369235,353.422139790776
"3435",2041,3108,149.883363,0.0482250202702703,307.835494667002,356.657350440758
"3435",2042,3095,152.452682,0.0492577324717286,319.263792113353,365.233988733362
"3435",2043,3082,153.850529,0.0499190554834523,328.723512635201,370.269169674849
"3435",2044,3069,154.941819,0.0504860928641251,337.867982452483,374.410299938688
"3435",2045,3056,157.575487,0.0515626593586387,351.62712734337,383.848772114917
"3435",2046,3043,158.502225,0.0520874876766349,361.331900947263,387.684589349722
"3435",2047,3030,161.444229,0.0532819237623762,377.708094454488,398.713345864212
"3435",2048,3017,161.0005,0.0533644348690752,383.948601382066,397.890379872503
"3435",2049,3004,162.228709,0.0540042306924101,395.930689729255,403.096820497927
"3435",2050,2992,165.16243,0.0552013469251337,414.709610087935,414.709610087935
"3436",2026,5545,180.360219,0.0325266400360685,319.032627486219,355.32627486219
"3436",2027,5526,186.9627,0.0338332790445168,322.130388277675,366.857369292181
"3436",2028,5509,191.439269,0.0347502757306226,325.486085485737,374.920488489923
"3436",2029,5493,200.390021,0.0364809796104133,331.311831345688,391.761559273828
"3436",2030,5478,206.928279,0.0377744211391019,337.40321823032,404.612872921279
"3436",2031,5463,213.004038,0.0389903053267436,344.326797638551,417.006252655828
"3436",2032,5449,221.274893,0.0406083488713525,353.856945277705,434.559831623707
"3436",2033,5434,227.904459,0.041940459882223,363.67475937663,449.275198280358
"3436",2034,5420,233.99853,0.0431731605166052,374.329040631517,463.322601578792
"3436",2035,5406,240.397611,0.044468666481687,386.583323392771,478.619024897763
"3436",2036,5392,245.377192,0.0455076394658754,398.597998169071,490.995785619098
"3436",2037,5377,252.285679,0.0469194121257207,414.272873826486,508.703168441925
"3436",2038,5362,255.487165,0.0476477368519209,426.311374113868,517.384316570669
"3436",2039,5348,261.720398,0.0489379951383695,443.882626411738,534.374683254022
"3436",2040,5332,263.782658,0.0494716162790698,455.954663532867,540.527461652587
"3436",2041,5317,267.701044,0.0503481369193154,471.978323902411,551.948413437602
"3436",2042,5302,272.864868,0.0514645167861184,491.594194123686,567.277420176694
"3436",2043,5286,274.003919,0.0518357773363602,504.004927999277,571.277868473596
"3436",2044,5271,278.10531,0.0527613944223108,523.560239923021,584.109986997447
"3436",2045,5256,282.312729,0.0537124674657534,544.642702379613,597.637172159524
"3436",2046,5241,285.697487,0.0545120181263118,564.874344212211,608.969816720248
"3436",2047,5226,287.632209,0.0550386928817451,582.089399022811,615.945801715844
"3436",2048,5210,291.896948,0.0560262856046065,607.019725511086,630.697000552526
"3436",2049,5195,294.567665,0.0567021491819057,628.286341779333,640.492303147359
"3436",2050,5179,300.087328,0.0579431025294458,660.332512330017,660.332512330017
"3437",2026,5509,185.180058,0.0336140965692503,431.258091995787,469.580919957869
"3437",2027,5491,186.193373,0.0339088277180841,433.15939940616,471.795632044797
"3437",2028,5475,193.840646,0.0354046842009132,438.000424157947,489.85956661684
"3437",2029,5459,200.370796,0.0367046704524638,443.770772896928,505.921284220839
"3437",2030,5445,207.698373,0.0381447884297521,451.420899404941,524.683597619763
"3437",2031,5430,215.977875,0.0397749309392265,461.45501266558,546.84352231506
"3437",2032,5417,219.651041,0.0405484661251615,469.275183121122,557.07748652653
"3437",2033,5403,227.845698,0.0421702198778456,482.670177033815,580.572902162249
"3437",2034,5389,233.40037,0.0433105158656523,495.088403008927,597.221007522318
"3437",2035,5374,241.98549,0.0450289337551172,513.150635803139,623.915738978603
"3437",2036,5361,248.720886,0.0463944946838276,530.950706664504,645.843592977903
"3437",2037,5346,254.247288,0.0475584152637486,548.795874407814,664.650486649394
"3437",2038,5332,258.276907,0.048439029819955,565.545892820148,678.901623309359
"3437",2039,5316,264.914663,0.0498334580511663,589.091975338441,702.901234618623
"3437",2040,5301,273.611728,0.0516151156385588,619.843494776576,735.549591642522
"3437",2041,5285,276.727666,0.0523609585619678,639.851416585554,748.28515711027
"3437",2042,5268,279.956896,0.0531429187547456,661.383955421829,761.834222031184
"3437",2043,5252,283.901051,0.0540557979817212,686.247699621675,778.522304571763
"3437",2044,5234,288.392941,0.0550999123041651,714.598447933921,798.094771527639
"3437",2045,5217,294.839786,0.0565151976231551,751.650261230765,826.569552284019
"3437",2046,5199,294.74475,0.0566925851125216,767.580034619202,827.682393669649
"3437",2047,5181,297.287966,0.0573804219262691,793.819555828329,840.317809384032
"3437",2048,5162,298.491664,0.057824808988764,815.840480436174,847.368086958026
"3437",2049,5143,299.638983,0.0582615172078553,838.265038931714,854.288352136845
"3437",2050,5124,305.536659,0.059628543911007,883.217330479405,883.217330479405
"3438",2026,3054,86.775181,0.0284136152586771,166.955722152372,184.557221523724
"3438",2027,3051,90.623129,0.0297027627007539,168.564469040469,190.92341120341
"3438",2028,3049,92.138012,0.0302190921613644,169.98463869051,193.483649660055
"3438",2029,3048,96.145324,0.0315437414698163,172.539801694168,200.481419737261
"3438",2030,3047,97.952598,0.0321472261240565,174.679108942292,203.716435769167
"3438",2031,3046,99.956931,0.0328158013788575,177.180994345386,207.368675983953
"3438",2032,3045,102.589123,0.0336910091954023,180.362862144117,212.270345058821
"3438",2033,3045,107.418549,0.0352770275862069,185.510932848899,221.5818837211
"3438",2034,3045,110.703212,0.0363557346469622,190.258917336547,228.147293341368
"3438",2035,3046,112.546628,0.0369489914642154,194.276082436362,231.916759854541
"3438",2036,3048,115.327615,0.0378371440288714,199.540030757374,237.715854226051
"3438",2037,3050,117.760646,0.0386100478688525,204.92421345934,242.900904310908
"3438",2038,3052,122.74475,0.0402178079947575,213.879449867873,253.871727032496
"3438",2039,3054,127.08955,0.0416141290111329,223.058892618229,263.823647009752
"3438",2040,3057,130.353414,0.042640959764475,231.578721356757,271.525954170811
"3438",2041,3059,131.198267,0.0428892667538411,236.905076516711,273.535964553526
"3438",2042,3061,133.647105,0.0436612561254492,245.146320823025,279.494744032893
"3438",2043,3063,137.290224,0.0448221429970617,256.158992473204,288.605413522988
"3438",2044,3065,140.675404,0.0458973585644372,267.550046121666,297.322640156988
"3438",2045,3065,143.167906,0.0467105729200653,277.888813399948,303.940078030705
"3438",2046,3066,145.199561,0.0473579781474233,287.752173828938,309.414322151692
"3438",2047,3065,148.63301,0.0484936411092985,301.648072297499,318.969658926759
"3438",2048,3065,151.138413,0.0493110646003263,314.023089172836,326.106042349012
"3438",2049,3063,154.295003,0.0503738174991838,329.014327833475,335.404496450364
"3438",2050,3062,156.92852,0.0512503331156107,343.345387464274,343.345387464274
"3439",2026,4269,136.477603,0.0319694549074725,352.675688577337,376.756885773366
"3439",2027,4263,141.356066,0.0331588238329815,355.29883551145,388.536985537815
"3439",2028,4257,145.168458,0.034101117688513,358.402411347698,398.013779129704
"3439",2029,4252,151.308604,0.0355852784571966,363.566557572736,413.842623871697
"3439",2030,4247,156.187506,0.0367759609135861,369.223894412193,426.895577648774
"3439",2031,4243,158.677601,0.0373975020032996,374.072283327984,433.729681140813
"3439",2032,4239,163.256871,0.0385130622788393,381.396710821355,446.605264065707
"3439",2033,4235,167.675235,0.0395927355371901,389.663357047481,459.416157372362
"3439",2034,4232,174.646997,0.0412681939981096,402.156404973702,480.391012434255
"3439",2035,4228,180.129351,0.0426039146168401,414.578154927717,497.607211263354
"3439",2036,4224,180.006691,0.042615220407197,419.962085867171,497.288601825624
"3439",2037,4220,184.415149,0.0437002722748815,432.833384782174,511.626116648144
"3439",2038,4216,188.240313,0.044649030597723,445.940981609111,524.438148380203
"3439",2039,4212,190.904621,0.0453239840930674,457.865604171217,533.60102837654
"3439",2040,4207,195.228018,0.0464055188970763,474.250803873227,548.801286197163
"3439",2041,4202,195.485987,0.046522129224179,482.421826137855,549.882001717517
"3439",2042,4197,196.542162,0.0468292022873481,492.668360351412,553.811943359159
"3439",2043,4192,202.20016,0.0482347709923664,515.645030392956,574.603431041296
"3439",2044,4187,203.373408,0.0485725837114879,527.622361206423,579.190143492158
"3439",2045,4182,207.109103,0.0495239366331899,547.916402371442,593.589418303314
"3439",2046,4177,208.070298,0.0498133344505626,560.411010270865,597.542365024547
"3439",2047,4172,211.326668,0.0506535637583893,581.244192717381,610.556836864655
"3439",2048,4166,214.452614,0.0514768636581853,602.912022832073,623.4184030617
"3439",2049,4161,218.875792,0.0526017284306657,630.974213992884,641.921261291308
"3439",2050,4155,220.911758,0.053167691456077,650.891236168897,650.891236168897
"3440",2026,5157,141.953867,0.0275264430870661,324.213523258247,407.135232582467
"3440",2027,5178,146.897691,0.0283695811123986,329.194149703047,418.230179658521
"3440",2028,5199,151.696234,0.0291779638391998,334.987873896211,429.216422264065
"3440",2029,5219,160.040374,0.0306649499904196,343.382375056564,448.564117913244
"3440",2030,5239,166.749797,0.0318285544951327,352.422878115563,464.691512462254
"3440",2031,5259,169.337334,0.0321995310895608,359.899814109076,471.173266466353
"3440",2032,5278,177.288936,0.0335901735505873,372.2049556914,491.015248281231
"3440",2033,5297,183.106587,0.0345679794223145,384.237476910681,505.999936305328
"3440",2034,5314,189.102543,0.0355857250658638,397.721146076558,521.802865191395
"3440",2035,5330,197.309199,0.0370186114446529,415.219261097707,544.07259679476
"3440",2036,5345,204.129909,0.0381908155285313,432.891864880888,563.193399749239
"3440",2037,5359,208.605808,0.0389262563911177,448.773933546592,576.022309359205
"3440",2038,5370,215.762186,0.0401791780260708,470.163972123536,597.116312951883
"3440",2039,5381,221.969031,0.0412505168184352,491.805320051275,615.945225619192
"3440",2040,5390,227.790642,0.0422617146567718,514.435272119774,634.096435391639
"3440",2041,5398,229.085849,0.0424390235272323,529.048971465783,638.092787118163
"3440",2042,5405,236.187357,0.0436979383903793,557.247682268495,661.068117526422
"3440",2043,5410,239.852952,0.0443351112754159,579.165815089339,673.190935714358
"3440",2044,5416,245.88249,0.0453992780649926,608.440626538066,693.63306650073
"3440",2045,5420,248.208501,0.0457949263837638,629.128256165333,701.619392203486
"3440",2046,5424,252.508236,0.0465538783185841,656.454349915567,716.710999900667
"3440",2047,5427,256.336471,0.0472335491063203,683.687686229469,730.422745047289
"3440",2048,5430,261.196423,0.0481024720073665,715.728297004561,748.219780545472
"3440",2049,5432,266.266244,0.0490180861561119,750.317835583841,767.278270736458
"3440",2050,5433,269.473613,0.0495994133995951,779.590993500307,779.590993500307
"3441",2026,6023,181.481968,0.0301314906192927,328.912757938851,355.127579388508
"3441",2027,6023,187.951688,0.0312056596380541,331.445687156799,365.604997503995
"3441",2028,6024,196.594134,0.0326351484063745,335.466143964284,380.092251224482
"3441",2029,6024,202.855334,0.0336745242363878,339.799292388626,390.937846534709
"3441",2030,6024,206.297316,0.0342459023904382,343.757820704124,397.031282816496
"3441",2031,6024,213.36968,0.0354199335989376,350.10727395765,409.851387678782
"3441",2032,6025,220.908772,0.0366653563485477,357.841620245529,423.974216140089
"3441",2033,6025,230.243954,0.0382147641493776,368.098600760868,442.134071064463
"3441",2034,6027,236.498848,0.0392398951385432,377.490223049176,454.72555762294
"3441",2035,6028,238.600412,0.0395820192435302,384.20168442165,459.032421535201
"3441",2036,6030,247.288449,0.0410096930348259,397.856772872311,477.277416573287
"3441",2037,6032,253.751093,0.0420674888925729,410.718212261106,491.303828802159
"3441",2038,6034,259.509532,0.0430078773616175,423.975715959018,504.137665380032
"3441",2039,6036,265.680817,0.044016039927104,438.950747548416,518.256591571773
"3441",2040,6038,268.184801,0.0444161644584299,449.79616254006,524.073860064096
"3441",2041,6039,274.403445,0.0454385568802782,467.025930977549,538.869329777433
"3441",2042,6040,279.229159,0.0462299932119205,483.240536272071,550.62933753153
"3441",2043,6040,284.313467,0.0470717660596027,501.023398985872,563.319863031691
"3441",2044,6040,290.311182,0.0480647652317881,521.816774403629,578.666805682102
"3441",2045,6040,293.181651,0.0485400084437086,537.379187224385,586.158999660781
"3441",2046,6039,299.94006,0.049667173373075,562.486011158569,604.21883665714
"3441",2047,6037,306.895682,0.050835792943515,589.970111437882,623.431111479304
"3441",2048,6034,310.961625,0.0515349063639377,611.848692775674,635.02561381154
"3441",2049,6031,317.507766,0.0526459568894047,641.785248290681,654.088569652655
"3441",2050,6027,320.139293,0.0531175199933632,662.051885988846,662.051885988846
"3442",2026,14986,418.362139,0.0279168650073402,644.965701712558,662.657017125577
"3442",2027,15012,430.192181,0.0286565534905409,647.706855410782,677.231675714776
"3442",2028,15038,444.169143,0.0295364505253358,652.057406443493,694.75660824853
"3442",2029,15065,460.543161,0.0305704056422171,658.461252414713,715.758834892768
"3442",2030,15091,473.043267,0.0313460517527003,665.30177910882,732.207116435279
"3442",2031,15117,493.479588,0.0326440158761659,676.550257894125,759.696549196957
"3442",2032,15141,508.346339,0.0335741588402351,687.623710615696,780.303724971373
"3442",2033,15163,524.843197,0.0346134140341621,701.265536573707,803.732514686088
"3442",2034,15184,538.964923,0.0354955823893572,715.518404176704,824.296010441761
"3442",2035,15204,553.100402,0.0363786110234149,731.527290341985,845.348092210253
"3442",2036,15224,569.371095,0.0373995727141356,750.910139520932,870.1792410967
"3442",2037,15244,585.003916,0.0383760112831278,771.975417463572,894.659351148433
"3442",2038,15263,599.123166,0.0392533031514119,793.86563785427,917.301159735036
"3442",2039,15282,610.046943,0.0399193131134668,814.638680724155,935.150945913456
"3442",2040,15301,617.683504,0.0403688323638978,833.485124393355,947.776199029367
"3442",2041,15320,633.841687,0.0413734782637076,863.02519593698,975.113503301102
"3442",2042,15338,643.136871,0.0419309473855783,886.671855136728,991.102650195326
"3442",2043,15354,656.211183,0.0427387770613521,916.664459464843,1014.07045351165
"3442",2044,15371,663.246829,0.0431492309543946,940.239936912514,1026.53540246776
"3442",2045,15386,671.780496,0.043661802677759,967.100778059838,1041.89326530442
"3442",2046,15400,686.589528,0.0445837355844156,1005.26442873601,1069.19344557177
"3442",2047,15412,697.315226,0.045244953672463,1039.13625045375,1089.35070473662
"3442",2048,15422,706.382066,0.0458035317079497,1071.8895996973,1106.66443210519
"3442",2049,15431,717.798775,0.0465166726070896,1110.67223859913,1128.89323490818
"3442",2050,15439,727.337798,0.0471104215298918,1147.77817780801,1147.77817780801
"3443",2026,13686,364.585791,0.0266393241999123,740.894859060363,820.948590603632
"3443",2027,13722,375.428689,0.0273596187873488,746.755679491015,839.314032661929
"3443",2028,13760,390.612547,0.028387539752907,755.342437502007,865.385357154324
"3443",2029,13799,405.235381,0.0293670107254149,765.820413761872,891.154888291164
"3443",2030,13840,418.594726,0.0302452836705202,777.826587519908,915.306350079633
"3443",2031,13881,432.774198,0.0311774510481954,792.224514925922,941.476573655379
"3443",2032,13922,446.140818,0.0320457418474357,808.281936597832,966.713651070253
"3443",2033,13964,464.186477,0.0332416554712117,829.705484074512,1001.53236986072
"3443",2034,14005,478.082565,0.0341365630132096,850.840990012613,1029.10247503153
"3443",2035,14046,490.102588,0.0348926803360387,872.637574140881,1053.45731232202
"3443",2036,14086,503.178689,0.0357219003975579,897.508359257827,1080.43865106911
"3443",2037,14126,516.334158,0.0365520428996177,924.766509140312,1108.12977393232
"3443",2038,14163,528.536369,0.0373181083809927,953.271409881111,1134.31165432929
"3443",2039,14198,540.373138,0.0380598068742076,983.552924710737,1160.175190997
"3443",2040,14231,549.781926,0.0386326980535451,1012.65341948684,1181.04547117895
"3443",2041,14262,558.804265,0.0391813395736923,1042.92935232933,1201.32732427069
"3443",2042,14292,567.341036,0.0396964061013154,1074.12936769313,1220.75623956162
"3443",2043,14320,575.390606,0.0401809082402235,1106.13001772331,1239.29493928585
"3443",2044,14347,585.886613,0.0408368727260054,1144.20317978351,1263.87507068839
"3443",2045,14372,594.12652,0.041339167826329,1180.01995916453,1283.4091805102
"3443",2046,14396,602.907715,0.0418802247151987,1218.64095049572,1304.51876528909
"3443",2047,14419,615.224076,0.0426675966433178,1266.9403428049,1334.74968203369
"3443",2048,14441,625.447696,0.0433105530087944,1313.13613995644,1360.2552864394
"3443",2049,14462,635.772949,0.0439616200387222,1361.91155750816,1386.45356624224
"3443",2050,14481,646.369346,0.0446356844140598,1413.83814756405,1413.83814756405
"3446",2026,13536,378.430216,0.0279573150118203,450.348729707362,489.487297073622
"3446",2027,13548,388.144398,0.028649571744907,453.313376380822,499.188191860521
"3446",2028,13561,402.346913,0.0296694132438611,457.839287697194,513.653072555394
"3446",2029,13577,417.449087,0.0307467840465493,463.73892850882,529.47731062974
"3446",2030,13595,433.186551,0.0318636668628172,471.113184301959,546.452737207835
"3446",2031,13614,450.565027,0.033095712281475,480.434965467855,565.773792931668
"3446",2032,13633,463.063054,0.0339663356561285,489.574047609253,580.073992643855
"3446",2033,13654,478.192197,0.035022132488648,501.031337231259,597.810585465542
"3446",2034,13676,492.373107,0.0360027132933606,513.551968770987,614.879921927468
"3446",2035,13699,508.276357,0.0371031722753486,528.484884212207,634.53687819933
"3446",2036,13724,527.096599,0.0384069221072574,546.951589170457,658.529661411489
"3446",2037,13750,538.837747,0.0391881997818182,562.787952399639,673.878931511491
"3446",2038,13777,550.681993,0.0399711107643173,580.015227600806,689.664050183283
"3446",2039,13803,562.455356,0.0407487760631747,598.553113563984,705.664874151463
"3446",2040,13828,576.9005,0.0417197353196413,620.856019144847,725.769630631755
"3446",2041,13854,591.924178,0.0427258681969106,645.551432534038,747.20970948534
"3446",2042,13878,603.455502,0.0434828867271941,668.600259504526,764.000370720752
"3446",2043,13902,614.019127,0.0441676828513883,692.059748601243,779.640337086431
"3446",2044,13924,626.543183,0.0449973558603849,719.272410507896,798.609561945672
"3446",2045,13946,642.812258,0.0460929483722931,753.082628185385,823.94785007432
"3446",2046,13966,656.584486,0.0470130664470858,785.947791691263,845.93857846031
"3446",2047,13983,668.968887,0.0478415852821283,818.907813364474,866.177817875464
"3446",2048,13999,680.638841,0.0486205329666405,852.673881200046,885.647439135185
"3446",2049,14013,693.041933,0.049457070791408,889.555460472345,906.83684204919
"3446",2050,14025,710.559947,0.0506638108377897,937.750070465902,937.750070465902
"3447",2026,5693,158.055823,0.0277631868961883,440.968122252196,494.681222521964
"3447",2027,5717,163.219011,0.0285497657862515,444.962846309221,507.457064067062
"3447",2028,5740,169.225316,0.029481762369338,450.31525367315,522.515735275141
"3447",2029,5763,176.958133,0.030705905431199,457.797875998965,542.284122348073
"3447",2030,5786,183.416117,0.0316999856550294,466.074386120067,559.297544480269
"3447",2031,5808,189.836834,0.0326854053030303,475.710326347507,576.601135121764
"3447",2032,5830,197.09004,0.0338061818181818,487.524385236031,596.613493033941
"3447",2033,5850,202.536138,0.034621562051282,499.169862190854,612.020309492011
"3447",2034,5869,208.426175,0.0355130644062021,512.602178703392,629.00544675848
"3447",2035,5888,218.634583,0.0371322321671196,533.137655288852,659.314640660232
"3447",2036,5906,225.209883,0.0381323879105994,551.127494368858,679.478935513385
"3447",2037,5923,231.512118,0.0390869691034949,570.439416635988,699.272032460465
"3447",2038,5939,236.019945,0.0397406878262334,588.273290968945,713.678710852628
"3447",2039,5954,242.86325,0.0407899311387303,611.892396184112,736.093440313382
"3447",2040,5968,249.514845,0.0418087877010724,637.160022139381,758.45603542301
"3447",2041,5981,256.988618,0.0429675000835981,666.428936123856,784.326696036009
"3447",2042,5993,261.771838,0.0436795991990656,691.337198835885,801.195998336979
"3447",2043,6004,266.794048,0.0444360506329114,718.400267715598,819.271549444878
"3447",2044,6014,274.036058,0.0455663548387097,753.62749698222,846.132254170607
"3447",2045,6024,278.283359,0.0461957767264276,782.021179439172,862.102990078981
"3447",2046,6032,282.816226,0.0468859791114058,812.848346182388,879.527466096927
"3447",2047,6040,288.577526,0.0477777360927152,849.650160905988,902.211448908155
"3447",2048,6047,292.282788,0.0483351724822226,880.840512194232,916.989742912683
"3447",2049,6053,297.181619,0.0490965833471006,918.188686112102,937.014219337249
"3447",2050,6058,303.189613,0.0500478067018818,962.248346633547,962.248346633547
"3448",2026,6396,180.189469,0.0281722121638524,507.61908383069,513.190838306905
"3448",2027,6387,184.451472,0.0288792033818694,509.113437831708,522.370456957873
"3448",2028,6378,189.757216,0.0297518369394795,511.742960252263,534.102630012933
"3448",2029,6371,193.669701,0.0303986345942552,514.637142599039,542.939494583715
"3448",2030,6363,198.346436,0.031171842841427,518.681666498375,553.726665993498
"3448",2031,6355,204.185662,0.0321299232100708,524.411111535205,567.56038794854
"3448",2032,6347,211.376187,0.0333033223570191,532.395274688606,585.139306734173
"3448",2033,6340,218.230358,0.0344211921135647,541.600868108058,602.450670642919
"3448",2034,6333,221.860654,0.0350324733933365,548.930342311329,611.825855778323
"3448",2035,6326,227.626534,0.0359826958583623,559.531972231851,627.073079387088
"3448",2036,6320,232.738372,0.0368256917721519,570.620636069146,640.938181198202
"3448",2037,6315,240.881268,0.0381443021377672,587.310261598388,663.702949460268
"3448",2038,6309,245.752614,0.0389527047075606,600.908051810169,677.741912382125
"3448",2039,6303,248.86733,0.0394839489132159,612.693861879151,686.904445751747
"3448",2040,6297,256.871688,0.0407927089090043,634.498609472484,710.997775155974
"3448",2041,6291,260.517962,0.0414112163408043,649.644703432529,722.312759898157
"3448",2042,6286,264.978092,0.0421536894686605,667.573553147201,736.390790210287
"3448",2043,6280,271.279269,0.0431973358280255,691.203591161302,756.767581235663
"3448",2044,6274,274.216844,0.0437068606949315,708.1468416739,766.54431183729
"3448",2045,6269,279.135103,0.0445262566597543,731.340709467561,783.111642421613
"3448",2046,6263,282.66689,0.0451328261216669,752.066756527888,795.31383120928
"3448",2047,6257,288.404107,0.0460930329231261,780.770948959316,815.474308686553
"3448",2048,6251,293.978414,0.0470290215965446,810.952324978141,835.597108084477
"3448",2049,6245,297.66692,0.047664839071257,836.451129128908,849.286887406658
"3448",2050,6238,304.074537,0.0487455173132414,873.517459895308,873.517459895308
"3449",2026,2852,99.116141,0.0347532051192146,225.171683481485,262.716834814854
"3449",2027,2840,103.069909,0.0362922214788732,228.114272736185,272.740165354074
"3449",2028,2830,106.918943,0.037780545229682,231.841699412477,282.952568071299
"3449",2029,2820,108.956523,0.038637064893617,235.357807773214,288.56615422689
"3449",2030,2811,111.612309,0.039705552828175,239.771532834095,296.086131336378
"3449",2031,2803,114.775568,0.0409474020692116,245.246851512327,305.336874825487
"3449",2032,2796,120.540187,0.0431116548640916,254.133888290807,322.950425510176
"3449",2033,2790,123.400755,0.0442296612903226,261.295120695562,332.15895364293
"3449",2034,2784,123.949145,0.0445219630028736,266.231002007177,334.077505017943
"3449",2035,2779,128.584875,0.04627019611371,277.279058447551,349.637847880117
"3449",2036,2774,131.381495,0.0473617501802451,286.775528115319,359.474796032251
"3449",2037,2770,136.189678,0.0491659487364621,300.910060262935,376.922068805728
"3449",2038,2767,138.3908,0.0500147452114203,311.345596855229,385.264721554961
"3449",2039,2764,141.561849,0.0512162984804631,324.73473701424,397.569765130621
"3449",2040,2761,144.034122,0.0521673748641796,337.559434911424,407.495095858278
"3449",2041,2759,143.229658,0.0519136129032258,342.510740036807,404.412437791407
"3449",2042,2756,147.716374,0.0535981037735849,362.273347376658,422.81906768094
"3449",2043,2754,149.915232,0.0544354509803922,376.758690321649,432.198224164948
"3449",2044,2751,151.808451,0.0551830065430752,391.153250805733,440.552581684817
"3449",2045,2749,156.588115,0.0569618461258639,416.770683480703,461.948533514711
"3449",2046,2746,157.153424,0.0572299431900947,428.234515304239,464.805312122635
"3449",2047,2744,159.082939,0.0579748319970846,445.472686955222,473.926971217151
"3449",2048,2741,163.82097,0.0597668624589566,476.243611026228,496.939038947274
"3449",2049,2737,165.840454,0.0605920548045305,496.681608907523,507.422450813011
"3449",2050,2734,167.118296,0.0611259312362838,514.244362158024,514.244362158024
"3450",2026,1263,44.249141,0.0350349493269992,91.8839761824938,72.8397618249375
"3450",2027,1265,44.447455,0.0351363280632411,91.1338927794479,73.1555838505301
"3450",2028,1267,47.655729,0.037613045777427,91.2615777710062,78.3518729771783
"3450",2029,1269,48.729937,0.0384002655634358,91.0602192363788,80.1657375829591
"3450",2030,1270,49.062465,0.0386318622047244,90.6833618061403,80.733447224561
"3450",2031,1272,50.27111,0.0395213128930818,90.7889230360129,82.8310366470015
"3450",2032,1274,51.884327,0.0407255313971743,91.3057806042304,85.7100941668629
"3450",2033,1277,53.886902,0.04219804385278,92.3344770097104,89.4054538198907
"3450",2034,1279,54.300481,0.0424554190774042,92.4686015079633,90.1715037699082
"3450",2035,1281,55.803895,0.0435627595628415,93.5889871002919,93.0605419435243
"3450",2036,1284,57.185157,0.044536726635514,94.840933482689,95.7703862793452
"3450",2037,1287,59.341142,0.0461081134421134,97.1597616784053,100.165388640791
"3450",2038,1290,61.189632,0.047433823255814,99.536928530649,104.067142782998
"3450",2039,1293,60.53536,0.0468177571539056,99.0431642251618,102.584109319424
"3450",2040,1296,61.270956,0.0472769722222222,100.317636112616,104.108217780186
"3450",2041,1300,61.741938,0.0474937984615385,101.316822869195,105.044260934634
"3450",2042,1302,63.913764,0.0490889124423963,105.093539414693,109.847913449561
"3450",2043,1306,63.596314,0.0486954931087289,105.075929212732,109.018209102009
"3450",2044,1308,65.37159,0.0499782798165138,108.75835068022,113.043033135768
"3450",2045,1311,64.825126,0.0494470831426392,108.368907058154,111.684808686959
"3450",2046,1313,66.367509,0.0505464653465347,112.048815501095,115.233900589523
"3450",2047,1315,68.642432,0.0521995680608365,117.688252197904,120.690988392005
"3450",2048,1317,69.377452,0.0526783993925588,120.317586572277,122.451444943002
"3450",2049,1318,69.494605,0.0527273179059181,121.630293782275,122.706798734831
"3450",2050,1320,70.367338,0.0533085893939394,124.841926465156,124.841926465156
"3451",2026,6370,191.98539,0.0301389937205651,301.805517761334,309.055177613335
"3451",2027,6376,195.28364,0.0306279234629862,302.714295404485,313.467602941708
"3451",2028,6382,205.644528,0.0322225835161391,305.655498355338,327.602847744791
"3451",2029,6389,213.863665,0.0334737306307716,309.130140660845,339.2594854628
"3451",2030,6397,222.66131,0.0348071455369705,313.792190038152,352.168760152609
"3451",2031,6404,229.671192,0.0358637089319176,318.76252295627,362.782688543547
"3451",2032,6411,237.686001,0.0370747154890033,325.141546679862,375.281682091883
"3451",2033,6418,246.306752,0.0383774933000935,332.963947918249,389.176408050342
"3451",2034,6425,255.517299,0.0397692294163424,342.423241180764,404.55810295191
"3451",2035,6431,262.775012,0.0408606767221272,351.784058607866,417.07784824655
"3451",2036,6437,270.687104,0.0420517483299674,362.819241129893,431.145770799775
"3451",2037,6441,277.936435,0.0431511310355535,374.515575736753,444.44502582781
"3451",2038,6444,285.440002,0.0442954689633768,387.702562407267,458.641022558667
"3451",2039,6446,291.585254,0.0452350688799255,400.640953514717,470.601623003774
"3451",2040,6447,296.798793,0.0460367291763611,413.499914207855,480.999862732568
"3451",2041,6447,304.018804,0.0471566316116023,430.057863121404,495.804321692686
"3451",2042,6446,306.937374,0.0476167195159789,441.657867866562,501.939811237946
"3451",2043,6445,310.905792,0.0482398435996897,455.431566987433,510.398734898214
"3451",2044,6443,313.023234,0.0485834601893528,466.856488113084,515.008371758818
"3451",2045,6441,317.545111,0.0493005916783108,482.951493778057,524.940300034531
"3451",2046,6439,321.170456,0.0498789339959621,498.248731961107,533.05733171895
"3451",2047,6437,324.858481,0.0504673731551965,514.397409376994,541.447785213515
"3451",2048,6434,326.653842,0.0507699474665838,527.297733643947,545.646198533996
"3451",2049,6432,331.977412,0.0516134036069652,548.433514618651,558.073781421975
"3451",2050,6429,334.125386,0.0519715952714263,563.248237349784,563.248237349784
"3452",2026,2156,63.328992,0.0293733729128015,123.444865434353,136.448654343534
"3452",2027,2156,63.847311,0.0296137806122449,124.109180436102,137.339494080743
"3452",2028,2156,68.231977,0.0316474846938775,126.044596825288,145.11198185879
"3452",2029,2156,72.736888,0.033736961038961,128.705647073972,153.555986230458
"3452",2030,2156,73.970641,0.034309202690167,130.488266148149,155.953064592596
"3452",2031,2157,75.718668,0.0351036940194715,132.757446143211,159.417203976385
"3452",2032,2158,79.268629,0.0367324508804449,136.521042481937,166.680130713653
"3452",2033,2159,81.715796,0.0378489096804076,140.079285238028,171.873890311802
"3452",2034,2160,84.248319,0.0390038513888889,144.165665165265,177.414162913161
"3452",2035,2162,87.69262,0.0405608788159112,149.659954826941,185.222753890151
"3452",2036,2164,90.417706,0.0417826737523105,155.073325336723,191.628053340469
"3452",2037,2165,92.02169,0.0425042448036952,159.6677394053,195.498028107903
"3452",2038,2167,92.976785,0.0429057614213198,163.699332961204,197.81696902037
"3452",2039,2167,96.705439,0.0446264139363175,172.083438839198,207.248406534806
"3452",2040,2168,99.757063,0.0460134054428044,180.297857564264,215.276572102822
"3452",2041,2168,102.714472,0.0473775239852399,189.160432036639,223.374237036436
"3452",2042,2168,104.734715,0.0483093703874539,196.956189429408,229.080270613441
"3452",2043,2167,105.578129,0.0487208717120443,202.785286678242,231.539371767107
"3452",2044,2166,108.122599,0.0499180974145891,212.718014367561,239.055502409756
"3452",2045,2165,109.735206,0.0506860073903002,221.095680626739,243.963914617524
"3452",2046,2164,111.076914,0.0513294426987061,229.215246750038,248.13558441181
"3452",2047,2162,114.610463,0.053011314986124,243.989829184967,259.453328659117
"3452",2048,2160,114.402209,0.0529639856481481,248.615331021025,258.881438941648
"3452",2049,2158,116.921917,0.0541806844300278,261.852979179222,267.301796549841
"3452",2050,2156,117.832351,0.054653224025974,270.491908147563,270.491908147563
"3453",2026,3220,89.237433,0.0277134885093168,132.058315102367,123.58315102367
"3453",2027,3220,95.414423,0.0296318083850932,132.610864919445,130.169926686876
"3453",2028,3220,97.715142,0.0303463173913043,132.949605092902,132.712029102297
"3453",2029,3219,103.656294,0.0322013960857409,134.381873307746,139.502933212923
"3453",2030,3219,108.465781,0.0336954895930413,136.065131495452,145.260525981806
"3453",2031,3218,113.1205,0.0351524238657551,138.191313152737,151.056741400824
"3453",2032,3217,116.683053,0.036270765620143,140.361601356541,155.651081097049
"3453",2033,3214,122.403145,0.0380843637212197,143.994801960676,163.330488167382
"3453",2034,3212,126.867516,0.0394979813200498,147.638327092664,169.595817731661
"3453",2035,3209,129.95147,0.0404959395450296,150.971139852133,174.076891090589
"3453",2036,3206,133.5814,0.0416660636306925,155.092648045574,179.510837990682
"3453",2037,3204,137.64212,0.0429594631710362,160.05537549354,185.79097657276
"3453",2038,3201,141.842106,0.0443118106841612,165.745720234793,192.537673154169
"3453",2039,3198,144.850642,0.0452941344590369,170.917640784146,197.540665164504
"3453",2040,3194,147.35235,0.0461341108328115,176.019285348698,201.830856557917
"3453",2041,3190,150.34914,0.0471313918495298,182.087167592526,207.093837875511
"3453",2042,3187,153.25879,0.0480887323501726,188.531515488613,212.330736412304
"3453",2043,3183,154.410077,0.048510863022306,193.107208292284,214.501299379368
"3453",2044,3179,157.834676,0.0496491588549858,201.149972017028,220.935447763907
"3453",2045,3175,160.345335,0.0505024677165354,208.410983208298,225.813517794829
"3453",2046,3171,160.961848,0.0507605953957742,212.993806866675,227.110361019618
"3453",2047,3167,164.238284,0.0518592623934323,222.345353838633,233.670821226629
"3453",2048,3163,166.816874,0.0527400803035093,231.05633095465,239.006844275297
"3453",2049,3159,169.734086,0.0537303216207661,240.982387408375,245.189493411298
"3453",2050,3155,173.919231,0.0551249543581616,254.300155447387,254.300155447387
"3454",2026,1604,44.318921,0.02763025,88.8268363780892,96.2683637808916
"3454",2027,1612,46.227039,0.0286768232009926,89.5851724183978,99.5285266792565
"3454",2028,1620,48.145218,0.0297192703703704,90.6048873089982,102.885070337132
"3454",2029,1628,48.349932,0.0296989754299754,91.2589765959286,103.336360451429
"3454",2030,1635,51.374197,0.0314215272171254,93.1835711971914,108.734284788766
"3454",2031,1641,52.667785,0.0320949329677026,94.6529972859586,111.140860125073
"3454",2032,1647,53.40843,0.0324277049180328,95.9808788406395,112.556550278891
"3454",2033,1653,55.859517,0.0337928112522686,98.5918817598188,117.218984165018
"3454",2034,1659,58.824749,0.0354579559975889,102.027365635434,123.068414088586
"3454",2035,1665,61.53854,0.0369600840840841,105.779630752844,128.6391560065
"3454",2036,1670,61.402527,0.036767980239521,107.169227088514,128.356267554766
"3454",2037,1675,63.095259,0.0376688113432836,110.508186282847,131.918412259213
"3454",2038,1680,65.755224,0.0391400142857143,115.328220476685,137.687673593972
"3454",2039,1685,66.235462,0.0393088795252226,117.803958740895,138.730142537693
"3454",2040,1690,67.091175,0.0396989201183432,120.886645962272,140.618633539635
"3454",2041,1694,68.272146,0.0403023293978749,124.618096376796,143.272598304598
"3454",2042,1698,68.928831,0.040594128975265,127.724809559495,144.749727942136
"3454",2043,1702,71.176594,0.0418193854289072,133.712836059204,149.983506520954
"3454",2044,1705,71.35128,0.0418482580645161,136.333141440964,150.365343794792
"3454",2045,1709,72.330104,0.0423230567583382,140.542480375127,152.667668154002
"3454",2046,1712,73.708528,0.043054046728972,145.793144959695,155.9919352467
"3454",2047,1715,73.95428,0.0431220291545189,148.840884716846,156.553109540108
"3454",2048,1717,73.762365,0.0429600262085032,150.946123975743,156.04986375756
"3454",2049,1720,77.065415,0.0448054738372093,161.467411685139,164.329778374171
"3454",2050,1722,77.538832,0.0450283577235772,165.516444827153,165.516444827153
"3901",2026,27614,701.23985,0.0253943597450569,874.362243679808,958.62243679808
"3901",2027,27704,725.96591,0.0262043715708923,881.234203638874,983.066935555449
"3901",2028,27791,751.402195,0.0270376091180598,890.13861624847,1008.64923570555
"3901",2029,27877,776.118268,0.0278408102737023,900.914403686399,1034.00895852423
"3901",2030,27962,808.463954,0.028912951648666,915.675701170754,1067.70280468302
"3901",2031,28046,831.548436,0.0296494486201241,930.398838163422,1092.47421969886
"3901",2032,28127,863.244269,0.0306909470970953,950.136015797061,1126.95697168327
"3901",2033,28208,890.261155,0.0315605911443562,970.894642355616,1157.12315132584
"3901",2034,28287,916.214204,0.0323899389825715,993.683156742874,1186.70789185718
"3901",2035,28366,944.927641,0.0333119805753367,1020.35496363762,1220.09705974313
"3901",2036,28448,967.673553,0.0340155214074803,1046.52127676073,1247.15005633839
"3901",2037,28530,995.718372,0.034900749106204,1078.23957417099,1281.07721789461
"3901",2038,28610,1018.608729,0.0356032411394617,1109.38255339598,1309.33191526543
"3901",2039,28688,1044.803177,0.0364195195552147,1145.37487204314,1342.23382475428
"3901",2040,28765,1067.812962,0.0371219524422041,1181.66936099841,1371.67097759746
"3901",2041,28838,1087.92328,0.037725337402039,1217.97775929579,1397.79661780497
"3901",2042,28909,1107.687938,0.0383163699194023,1256.18522538008,1423.83603625726
"3901",2043,28977,1127.413219,0.0389071753114539,1296.57964311224,1450.19273642337
"3901",2044,29042,1154.894044,0.039766339921493,1347.54905531781,1487.64394234556
"3901",2045,29103,1179.180184,0.0405174787478954,1398.31665076623,1521.38972401998
"3901",2046,29162,1198.447033,0.041096187950072,1446.01139395292,1548.5428164152
"3901",2047,29216,1221.326438,0.0418033419359255,1500.79885526883,1581.39307635924
"3901",2048,29267,1242.742474,0.0424622432774114,1556.58682931371,1612.6614370959
"3901",2049,29314,1269.258561,0.043298716006004,1622.71980303991,1652.2413538077
"3901",2050,29358,1293.206209,0.0440495336535186,1688.69546457552,1688.69546457552
"3903",2026,25871,593.344053,0.0229347165938696,984.409846332651,1078.09846332651
"3903",2027,26080,617.134412,0.0236631292944785,992.48679380878,1108.4494095184
"3903",2028,26286,642.611844,0.0244469239899566,1003.25317968745,1141.16102678542
"3903",2029,26490,671.911058,0.0253647058512646,1017.55087379875,1178.94528846473
"3903",2030,26691,704.484929,0.0263941002210483,1035.86405013118,1221.45620052472
"3903",2031,26888,736.084658,0.0273759542546861,1057.26369797101,1263.61286250786
"3903",2032,27082,767.006142,0.0283216210767299,1081.81221618177,1305.7298959439
"3903",2033,27271,795.331957,0.0291640188111914,1108.54864052271,1345.16866351092
"3903",2034,27456,827.687607,0.0301459647071678,1140.70953155392,1390.7738288848
"3903",2035,27637,860.415607,0.0311327425914535,1176.92992747756,1437.83983423443
"3903",2036,27815,892.4318,0.0320845515009887,1216.66247815216,1484.86837505718
"3903",2037,27989,920.844068,0.0329002132266247,1257.67563126807,1527.51342686452
"3903",2038,28157,946.451307,0.0336133574954718,1299.94884485681,1566.63426337601
"3903",2039,28321,973.778626,0.0343836243776703,1347.03831297695,1608.95883059907
"3903",2040,28480,1001.447061,0.0351631692766854,1398.06022398399,1652.49635837439
"3903",2041,28633,1030.065373,0.0359747624419376,1453.83295062287,1698.27615188358
"3903",2042,28782,1056.55029,0.0367087169063998,1511.15786198363,1741.36837426233
"3903",2043,28925,1079.889091,0.0373341085911841,1568.34953230095,1779.89767091654
"3903",2044,29063,1104.257398,0.0379952997969927,1630.18129814385,1820.68554599207
"3903",2045,29195,1129.752241,0.0386967713992122,1697.13698947936,1864.01475628229
"3903",2046,29322,1157.896979,0.0394890177682286,1771.89908982565,1912.70481155958
"3903",2047,29442,1182.963655,0.0401794597853407,1846.20273754872,1956.76364794222
"3903",2048,29557,1210.472234,0.0409538259633928,1928.61616981786,2006.01748088417
"3903",2049,29666,1234.290174,0.0416062217353199,2008.96376929397,2049.2870330327
"3903",2050,29768,1264.189414,0.0424680668503091,2104.86933198667,2104.86933198667
"3905",2026,59048,1324.934402,0.0224382604321908,1805.92070907383,1967.20709073826
"3905",2027,59393,1368.591406,0.0230429748623575,1818.71152090565,2011.35651567747
"3905",2028,59735,1421.844266,0.0238025322842555,1836.46819003132,2064.96108589326
"3905",2029,60072,1472.026295,0.0245043663437209,1857.7932504845,2116.43882580941
"3905",2030,60403,1526.593091,0.0252734647451286,1884.21720647289,2172.86882589157
"3905",2031,60728,1591.633765,0.0262092241634831,1918.12287516783,2240.60130493157
"3905",2032,61046,1653.4169,0.0270847705009337,1956.46436603164,2306.35189548196
"3905",2033,61359,1718.323313,0.0280044217311234,2001.37103187866,2376.60974311353
"3905",2034,61668,1781.297994,0.0288852888694298,2051.28631992514,2446.21579981285
"3905",2035,61972,1841.94437,0.0297222030917188,2105.88776656733,2514.60060929674
"3905",2036,62273,1909.536734,0.0306639592439741,2169.92664262652,2592.05608974004
"3905",2037,62566,1973.620785,0.0315446214397596,2238.52802186559,2667.07906705482
"3905",2038,62848,2041.429657,0.0324820146544043,2315.9723208078,2747.94967419601
"3905",2039,63119,2103.441956,0.0333250202949983,2396.35564371057,2823.49896801798
"3905",2040,63378,2162.151146,0.0341151684496197,2480.73475792794,2896.3756126847
"3905",2041,63625,2224.623636,0.0349646151041257,2574.58314061465,2975.29530658814
"3905",2042,63861,2285.166347,0.0357834413335212,2673.68283998225,3053.26119997465
"3905",2043,64086,2347.932914,0.0366372205161814,2781.89555317337,3135.65498735373
"3905",2044,64299,2407.592023,0.0374436931056471,2894.32137201453,3215.51144776069
"3905",2045,64501,2465.902079,0.0382304472643835,3012.47325043788,3295.04400053893
"3905",2046,64691,2530.800054,0.0391213623842575,3145.80371791812,3385.4161387272
"3905",2047,64869,2589.365203,0.0399168355146526,3279.55097608966,3468.62081812919
"3905",2048,65037,2651.265978,0.0407655023755708,3425.63607236547,3558.41737553023
"3905",2049,65193,2708.667033,0.0415484336201739,3573.77797925537,3643.3537446809
"3905",2050,65338,2770.289911,0.042399368070648,3736.53995463081,3736.53995463081
"3907",2026,66099,1556.028914,0.0235408843401564,2558.35729820749,3155.57298207491
"3907",2027,66427,1613.216429,0.0242855529980279,2594.27300035159,3235.80363892064
"3907",2028,66752,1669.831506,0.0250154528104027,2636.29065546967,3316.51803125526
"3907",2029,67075,1732.972409,0.025836338561312,2686.53219699064,3407.44563289711
"3907",2030,67392,1795.162583,0.0266376214239079,2743.65409433827,3498.61637735308
"3907",2031,67704,1861.200232,0.0274902551104809,2809.65241545088,3596.87796678568
"3907",2032,68009,1932.65953,0.0284177025099619,2886.20405020524,3704.93553909306
"3907",2033,68308,2001.670896,0.0293036085963577,2970.33291607751,3811.53907883452
"3907",2034,68601,2070.36398,0.0301797930059329,3063.10411050516,3919.76027626291
"3907",2035,68890,2134.99486,0.0309913610103063,3162.11991925947,4023.70267259308
"3907",2036,69175,2201.583759,0.0318262921431153,3271.33373210163,4132.70259389818
"3907",2037,69454,2273.190434,0.0327294386788378,3394.03114569666,4252.06077209104
"3907",2038,69723,2341.74676,0.0335864314501671,3524.18878262828,4368.70687750596
"3907",2039,69982,2412.356679,0.0344711022691549,3666.53494475636,4491.20841660657
"3907",2040,70232,2472.298308,0.0352018781751908,3807.81190477282,4597.29904763651
"3907",2041,70473,2532.076902,0.0359297447533098,3958.02284853585,4704.86467703524
"3907",2042,70704,2591.332494,0.0366504369484046,4116.89252730336,4813.2750390048
"3907",2043,70926,2648.665255,0.0373440664213405,4282.57675186038,4919.90068048866
"3907",2044,71138,2715.136036,0.0381671685456437,4471.18343245564,5045.7850741363
"3907",2045,71339,2773.595055,0.038879085142769,4658.52963174456,5158.498008301
"3907",2046,71531,2839.761147,0.0396997266499839,4869.08027191446,5288.56502578172
"3907",2047,71711,2897.891441,0.0404106962809053,5077.19531030714,5404.89612428973
"3907",2048,71881,2954.327685,0.0411002585523296,5292.69973263644,5519.7834947421
"3907",2049,72040,3021.264949,0.0419387138950583,5540.22071396663,5658.98255996533
"3907",2050,72187,3083.8354,0.0427200936456703,5791.74448024447,5791.74448024447
"3909",2026,47579,1281.161196,0.0269270307488598,1772.37353432884,1991.73534328844
"3909",2027,47727,1323.301404,0.0277264735684204,1788.37510264858,2041.63711017148
"3909",2028,47871,1368.011446,0.0285770392513213,1808.81109339783,2095.49196227331
"3909",2029,48013,1417.015889,0.0295131712036323,1834.62465404856,2155.64543081677
"3909",2030,48153,1473.415987,0.0305986332523415,1867.59887501913,2226.39550007654
"3909",2031,48292,1525.396402,0.0315869378364947,1904.79136647461,2293.36127469431
"3909",2032,48430,1583.712509,0.0327010635762957,1950.25793213364,2370.33209887273
"3909",2033,48567,1639.442641,0.0337563086251982,2000.99398725616,2445.91444760321
"3909",2034,48703,1694.684045,0.0347962968400304,2057.91715452041,2522.79288630103
"3909",2035,48836,1752.124559,0.0358777246088951,2122.86217756152,2604.82783442632
"3909",2036,48969,1806.159792,0.0368837385284568,2192.61223268557,2684.02575302226
"3909",2037,49097,1865.222101,0.0379905513778846,2273.25362039292,2772.88511296179
"3909",2038,49219,1918.943703,0.0389878645035454,2357.31219202999,2855.84034914544
"3909",2039,49334,1977.323382,0.0400803377386792,2453.25083327572,2948.42695025654
"3909",2040,49443,2025.624047,0.0409688741985721,2547.29614556592,3026.87383290546
"3909",2041,49545,2069.806005,0.0417762842870118,2643.79174315991,3100.13848024138
"3909",2042,49641,2113.78988,0.0425815330069902,2746.61548861452,3174.5935551636
"3909",2043,49732,2154.165867,0.0433154883575967,2851.47036430149,3244.2310024427
"3909",2044,49816,2199.958821,0.0441616914445158,2970.18002824016,3325.00648805181
"3909",2045,49895,2240.734083,0.0449089905401343,3088.89455527933,3398.33176034379
"3909",2046,49966,2280.344233,0.0456379184445423,3212.53540954872,3470.9828347632
"3909",2047,50032,2314.463953,0.0462596728693636,3333.56919868302,3534.5568435865
"3909",2048,50090,2346.193721,0.0468395632062288,3456.14057420096,3594.63845859563
"3909",2049,50141,2382.36505,0.0475133134560539,3592.65502157019,3664.52469773526
"3909",2050,50186,2416.505755,0.0481509934045351,3731.67390661444,3731.67390661444
"3911",2026,27423,742.681809,0.0270824420741713,1726.82011519588,1869.20115195879
"3911",2027,27555,770.619934,0.0279666098348757,1740.24518489528,1923.69225378387
"3911",2028,27685,796.867106,0.0287833522123894,1757.37040832349,1975.97376184854
"3911",2029,27815,827.617332,0.0297543531188208,1780.51385491708,2038.12402313919
"3911",2030,27943,859.550576,0.0307608551694521,1809.26342180918,2104.05368723671
"3911",2031,28070,895.836072,0.0319143595297471,1846.02525051194,2180.65304525892
"3911",2032,28194,933.159089,0.0330977899198411,1889.94032448098,2261.58561378764
"3911",2033,28316,964.950537,0.0340779254485097,1936.27208443693,2332.44023292946
"3911",2034,28436,996.841379,0.0350556118652412,1988.6565681813,2405.14142045325
"3911",2035,28553,1033.284627,0.0361883034006934,2051.91337172047,2490.2305639325
"3911",2036,28671,1063.757696,0.0371022181298176,2115.77247235807,2563.15257338542
"3911",2037,28784,1099.362818,0.0381935387020567,2192.44466981423,2650.40423378386
"3911",2038,28894,1131.057644,0.0391450697030525,2271.42236130507,2729.94974782741
"3911",2039,28998,1160.049047,0.0400044502034623,2353.28821229723,2804.25653156975
"3911",2040,29099,1195.826744,0.0410951147462112,2453.08778815483,2898.34046104773
"3911",2041,29194,1220.684711,0.0418128626087552,2541.67525061058,2964.8494348839
"3911",2042,29286,1248.405199,0.0426280543262993,2641.68590016646,3040.55128595209
"3911",2043,29372,1279.561913,0.0435640035748332,2755.83506383102,3127.72551027935
"3911",2044,29453,1302.405265,0.0442197828744101,2859.17935371723,3192.52174673191
"3911",2045,29529,1333.638446,0.0451636847167192,2988.73225659405,3283.5935465773
"3911",2046,29598,1356.724077,0.0458383700587878,3105.78754040223,3351.92651812028
"3911",2047,29664,1382.964508,0.0466209718176915,3237.78910920164,3431.32575684691
"3911",2048,29723,1405.342392,0.047281310500286,3365.97147352722,3500.15834975915
"3911",2049,29776,1428.028319,0.0479590381179473,3501.55701270263,3571.3189742365
"3911",2050,29823,1452.175973,0.0486931553834289,3648.74702512699,3648.74702512699
"4001",2026,37056,908.003775,0.0245035561042746,1408.0613401231,1453.61340123104
"4001",2027,37171,936.524553,0.0251950324984531,1414.36765833499,1485.6738787999
"4001",2028,37289,974.792755,0.0261415633296683,1425.06215418857,1529.06945250609
"4001",2029,37407,1006.975065,0.0269194285828856,1437.75401237897,1566.54829354811
"4001",2030,37525,1041.264545,0.0277485554963358,1454.03958295249,1607.15833180994
"4001",2031,37642,1076.761582,0.0286053233622018,1474.01108656379,1649.99508370013
"4001",2032,37758,1111.134162,0.0294277811854441,1497.03547075752,1692.33991002314
"4001",2033,37872,1150.380097,0.0303754778464301,1525.72705727356,1741.55739937533
"4001",2034,37985,1186.052381,0.0312242301171515,1556.73974511171,1787.34936277927
"4001",2035,38096,1220.648074,0.0320413711150777,1590.97799847206,1832.66399650756
"4001",2036,38207,1256.945426,0.0328983020388934,1630.11486154085,1881.13655061231
"4001",2037,38315,1293.379627,0.0337564825003262,1673.4918632623,1930.78900148742
"4001",2038,38419,1329.496188,0.034605174210677,1720.91159632077,1981.02108421959
"4001",2039,38518,1364.275769,0.0354191746456202,1771.58210893737,2030.37380244659
"4001",2040,38613,1396.134095,0.0361570998109445,1823.90399194243,2076.44638710789
"4001",2041,38703,1426.813927,0.0368657191173811,1879.06826503759,2121.59360760391
"4001",2042,38787,1460.668165,0.0376587043339263,1941.53148582905,2172.3306940415
"4001",2043,38867,1490.680535,0.0383533726554661,2004.15897399934,2218.1308122025
"4001",2044,38942,1520.858032,0.0390544407580504,2071.04111150176,2264.98853097001
"4001",2045,39012,1553.715239,0.0398265979442223,2145.6131509824,2316.98541659372
"4001",2046,39077,1582.08943,0.0404864608337385,2218.7215936059,2362.67246306576
"4001",2047,39138,1612.26373,0.0411943310848791,2298.6117909763,2412.14004617048
"4001",2048,39194,1638.152094,0.0417959915803439,2376.33523727229,2455.25431056464
"4001",2049,39244,1667.819029,0.04249870117725,2464.24882458409,2505.59618138606
"4001",2050,39291,1701.997136,0.0433177352574381,2564.83421932981,2564.83421932981
"4003",2026,55614,1361.395424,0.0244793653396627,2469.82407746797,2243.24077467971
"4003",2027,55798,1412.124747,0.0253078021972114,2468.42169853801,2301.70326209465
"4003",2028,55978,1461.094308,0.0261012238379363,2471.24510515539,2359.25774374511
"4003",2029,56153,1518.549636,0.0270430722490339,2480.70842377336,2427.74552363933
"4003",2030,56321,1574.929733,0.0279634547149376,2495.35893749278,2496.43574997113
"4003",2031,56482,1634.16629,0.0289325146064233,2516.59492623081,2570.11278688978
"4003",2032,56637,1697.355655,0.029969024754136,2545.53662827723,2650.49731777609
"4003",2033,56786,1753.777977,0.0308839850843518,2578.05206002242,2724.10913109634
"4003",2034,56931,1809.318623,0.0317809036026067,2616.27299981837,2798.18249954592
"4003",2035,57073,1865.315156,0.0326829701610219,2661.03163106736,2874.5008710111
"4003",2036,57214,1925.073352,0.0336468932778691,2714.82011078439,2957.77918059871
"4003",2037,57350,1982.559268,0.0345694728509154,2774.20108196594,3039.78259895793
"4003",2038,57479,2031.929585,0.0353508165590911,2834.20829457615,3111.74235377482
"4003",2039,57601,2080.580942,0.0361205698164962,2899.78948643322,3184.00338116293
"4003",2040,57718,2122.748103,0.0367779220173949,2965.46820913805,3247.74913462088
"4003",2041,57829,2167.082217,0.0374739701015062,3038.83646549091,3315.88523092968
"4003",2042,57935,2207.443348,0.038102068663157,3113.74789162756,3378.92555946794
"4003",2043,58035,2248.409527,0.0387423025243388,3194.83441797532,3443.92802437331
"4003",2044,58130,2293.057007,0.0394470498365732,3286.27755212734,3516.00329306754
"4003",2045,58220,2331.315698,0.0400432102026795,3375.53439344441,3578.73463808542
"4003",2046,58303,2371.524991,0.040675865581531,3473.12813193972,3645.73897875261
"4003",2047,58381,2410.800589,0.041294266782001,3575.30017805913,3712.23963724972
"4003",2048,58452,2450.498872,0.0419232681858619,3684.16017439513,3780.57856691366
"4003",2049,58517,2495.217268,0.0426408952612061,3807.87096393693,3859.02178071369
"4003",2050,58574,2534.832652,0.0432757307337727,3929.73316593587,3929.73316593587
"4005",2026,12829,355.021977,0.0276733944188947,732.812812561359,776.128125613591
"4005",2027,12844,365.720959,0.0284740703052009,737.083296365792,794.060337205758
"4005",2028,12860,374.086446,0.0290891482115086,742.069546272006,808.397407268608
"4005",2029,12876,386.796898,0.0300401442994719,749.783281797984,830.509561402279
"4005",2030,12892,401.635054,0.0311538205088427,760.247683769594,856.990735078375
"4005",2031,12909,415.375788,0.0321772242621427,772.339691081103,882.225012456012
"4005",2032,12925,430.393705,0.0332993195357834,787.331920533281,910.559755487019
"4005",2033,12940,440.246475,0.0340221387171561,801.090384439307,929.628646729123
"4005",2034,12956,455.634691,0.0351678520376659,820.838651258233,960.096628145583
"4005",2035,12971,469.966336,0.0362320820291419,842.319085344825,989.300766502458
"4005",2036,12986,481.609215,0.0370868023255814,863.672869628832,1013.62709395544
"4005",2037,13000,495.471856,0.0381132196923077,889.595337783949,1043.3079761638
"4005",2038,13013,505.832306,0.0388713060785369,913.901777607232,1066.00323201315
"4005",2039,13025,516.337148,0.0396420075239923,940.369172810251,1089.47944308128
"4005",2040,13035,528.031929,0.0405087785960875,970.624868119929,1116.19978899189
"4005",2041,13044,540.070887,0.0414037785188592,1003.83931514101,1144.36123040153
"4005",2042,13052,554.611251,0.0424924341863316,1043.91596297327,1179.30851853325
"4005",2043,13058,563.41955,0.0431474613263899,1076.80568298063,1200.95685827882
"4005",2044,13063,570.143897,0.0436457090254918,1107.54067816083,1217.7299073043
"4005",2045,13067,582.604802,0.0445859647968164,1151.7214159197,1249.50328113194
"4005",2046,13070,591.646863,0.045267548814078,1191.30297850769,1273.06232765611
"4005",2047,13071,602.622453,0.0461037757631398,1237.69757027829,1302.30712144033
"4005",2048,13071,609.023415,0.0465934829010787,1275.30872917781,1319.68511262466
"4005",2049,13070,614.52401,0.0470179043611324,1312.0754957782,1334.8316839254
"4005",2050,13067,624.574194,0.0477978261268845,1362.99862896664,1362.99862896664
"4010",2026,2472,67.16458,0.0271701375404531,132.127043799493,142.270437994928
"4010",2027,2489,69.272959,0.0278316428284452,133.040083091821,145.836967940519
"4010",2028,2506,72.552364,0.0289514620909816,134.561600614619,151.352003512111
"4010",2029,2523,75.69751,0.0300029766151407,136.477874002272,156.778230598925
"4010",2030,2540,77.884815,0.030663312992126,138.420294869531,160.681179478122
"4010",2031,2557,83.827566,0.0327835612045366,142.589639137825,171.31178830548
"4010",2032,2574,85.66833,0.0332821794871795,145.233076422507,174.79408130002
"4010",2033,2591,89.997283,0.0347345746815901,149.851310505763,183.003615188311
"4010",2034,2607,91.77783,0.0352043843498274,153.196125326571,186.490313316428
"4010",2035,2624,96.698681,0.0368516314786585,159.553622731655,196.265423386639
"4010",2036,2640,100.041757,0.0378946049242424,165.255266536458,203.116350603069
"4010",2037,2655,101.997513,0.0384171423728814,170.042373110425,207.180240215464
"4010",2038,2669,108.087593,0.040497412139378,180.135404707112,220.337099467477
"4010",2039,2683,108.115412,0.040296463660082,183.458659553272,220.291335409825
"4010",2040,2696,113.541661,0.042114859421365,194.454358196362,232.52697311418
"4010",2041,2707,116.280181,0.0429553679349834,202.449646863717,238.848523567875
"4010",2042,2718,118.261851,0.043510614790287,209.715530913481,243.45075844783
"4010",2043,2728,123.197396,0.0451603357771261,222.822629163082,255.505259882146
"4010",2044,2737,125.148622,0.0457247431494337,231.203399295888,260.294708768887
"4010",2045,2746,128.820826,0.0469121726147123,243.678269971159,269.680947656811
"4010",2046,2753,131.22137,0.0476648637849619,254.19347806952,275.9335036112
"4010",2047,2760,134.194896,0.0486213391304348,266.690657978315,283.890882229087
"4010",2048,2766,137.538945,0.0497248535791757,280.974602718752,293.134705641894
"4010",2049,2772,139.946823,0.0504858668831169,293.551726930692,299.884911096823
"4010",2050,2776,143.47702,0.0516848054755043,310.223961652046,310.223961652046
"4012",2026,14050,370.748101,0.0263877651957295,571.247874133347,708.478741333474
"4012",2027,14051,386.397949,0.027499676108462,579.949566994577,730.178669051466
"4012",2028,14052,401.277715,0.0285566264588671,590.199287804004,751.424501737167
"4012",2029,14054,419.037266,0.0298162278354917,603.089443498325,777.59738116859
"4012",2030,14056,440.99275,0.0313739861980649,619.800631050049,811.202524200195
"4012",2031,14058,459.749915,0.0327037925024897,637.953107352534,841.054286443595
"4012",2032,14060,476.472799,0.0338885347795164,657.590830465874,868.587170664227
"4012",2033,14062,493.096758,0.0350659051344048,679.555361287546,896.842375965646
"4012",2034,14064,508.848058,0.0361808914960182,703.38172083174,924.454302079349
"4012",2035,14065,526.004215,0.037398095627444,730.776293481939,955.48867081586
"4012",2036,14067,543.602612,0.0386438197199119,761.388969512112,988.397830551814
"4012",2037,14067,555.325574,0.0394771858960688,789.160679413241,1010.94766714779
"4012",2038,14065,569.482115,0.0404893078563811,821.583798915727,1038.87963439223
"4012",2039,14061,578.815745,0.0411646216485314,850.774588169782,1057.74397986346
"4012",2040,14056,590.502369,0.0420106978514513,884.664596014348,1081.86335362296
"4012",2041,14051,601.555436,0.0428122863853107,919.84557019986,1105.20086067903
"4012",2042,14044,609.443948,0.0433953252634577,952.355607926041,1122.2222970372
"4012",2043,14037,618.350529,0.0440514731780295,988.000124744702,1141.76288100977
"4012",2044,14030,625.284077,0.0445676462580185,1021.96902266608,1157.2503518272
"4012",2045,14022,633.25233,0.0451613414634146,1059.20377186434,1175.32771921765
"4012",2046,14013,640.313652,0.0456942590451723,1096.29386189409,1191.63983752245
"4012",2047,14004,647.808853,0.0462588441159669,1135.72737424418,1209.21394281034
"4012",2048,13995,655.379113,0.0468295186137906,1176.90532119951,1227.24899589136
"4012",2049,13984,661.484521,0.0473029548770023,1216.37196825933,1242.10074624346
"4012",2050,13973,670.090715,0.0479561092821871,1263.26197216283,1263.26197216283
"4014",2026,10168,323.037731,0.0317700364870181,623.613417973518,647.134179735179
"4014",2027,10146,331.736187,0.0326962534003548,626.655127572785,662.128200529342
"4014",2028,10123,348.25161,0.034402016200731,633.397951298072,691.845435988983
"4014",2029,10101,361.346458,0.0357733351153351,641.282874845479,716.448822802256
"4014",2030,10078,374.341206,0.0371443943242707,651.211202273732,741.844809094928
"4014",2031,10056,387.696438,0.0385537428400955,663.552881612047,769.010022998424
"4014",2032,10034,397.735412,0.0396387693840941,675.989508179923,790.198486707457
"4014",2033,10011,413.84216,0.0413387433822795,695.136104233342,825.513390988531
"4014",2034,9989,426.659058,0.0427128899789769,714.565950955975,854.914877389937
"4014",2035,9967,438.574796,0.0440026884719575,735.773788860667,883.340088824381
"4014",2036,9945,449.147144,0.0451631115133233,758.044736138014,909.515233974767
"4014",2037,9924,458.729153,0.0462242193671906,781.433714849991,934.041394829252
"4014",2038,9903,467.361109,0.0471938916489953,805.719396430169,956.853448054852
"4014",2039,9882,476.916131,0.0482610940093099,833.563047511355,982.809442572519
"4014",2040,9860,484.600033,0.0491480763691684,860.656618723036,1004.45058995686
"4014",2041,9840,491.129314,0.0499115156504065,887.552834475079,1023.34390109446
"4014",2042,9819,494.312664,0.0503424650168042,909.49924534459,1033.1417790637
"4014",2043,9800,496.741643,0.050687922755102,930.624753233258,1040.8301738756
"4014",2044,9781,502.699258,0.0513954869645231,960.372682105882,1058.90023497533
"4014",2045,9763,506.347032,0.051863877086961,986.168095583834,1070.43765610318
"4014",2046,9745,510.797933,0.0524164118009236,1015.02990641758,1084.56459578538
"4014",2047,9729,513.596541,0.0527902704286155,1040.60748240746,1093.79716327601
"4014",2048,9713,514.40509,0.0529604746216411,1061.33794046307,1097.04101671683
"4014",2049,9698,519.845991,0.0536034224582388,1096.06773795691,1114.57687060458
"4014",2050,9683,523.558156,0.0540698291851699,1126.99182415542,1126.99182415542
"4016",2026,3947,109.648066,0.0277801028629339,271.449950731173,266.499507311733
"4016",2027,3936,112.845275,0.0286700393800813,272.032513757532,272.236463691142
"4016",2028,3926,116.438886,0.0296584019358125,273.208846846222,278.907696264128
"4016",2029,3917,121.988844,0.031143437324483,275.757432395584,289.682034802746
"4016",2030,3909,127.808379,0.0326959270913277,279.374498949519,301.497995798076
"4016",2031,3900,131.858501,0.0338098720512821,282.928487318036,310.012129801865
"4016",2032,3892,134.872809,0.0346538563720452,286.470769403913,316.525444319731
"4016",2033,3885,140.702382,0.0362168293436293,292.883747742913,329.61033860114
"4016",2034,3878,146.849507,0.0378673303249097,300.819687498846,344.049218747114
"4016",2035,3871,152.533929,0.0394042699560837,309.632530315416,358.017212149523
"4016",2036,3865,155.276863,0.0401751262613195,316.174762843224,364.999500722577
"4016",2037,3860,158.575857,0.041081828238342,324.062162099757,373.584706536112
"4016",2038,3854,164.414723,0.0426607999481059,336.51064960635,389.292090193363
"4016",2039,3849,168.304295,0.0437267588984152,347.29904109625,400.168580589361
"4016",2040,3843,172.361917,0.0448508761384335,359.430726018906,411.889161630249
"4016",2041,3838,177.34513,0.0462076941115164,374.516607831088,426.742049556359
"4016",2042,3832,179.025815,0.0467186364822547,384.006100496434,432.008714994906
"4016",2043,3826,184.362091,0.0481866416623105,402.40273461953,448.817267280719
"4016",2044,3820,186.660586,0.0488640277486911,414.914510341066,456.405819794924
"4016",2045,3813,188.547408,0.0494485727773407,427.05362849072,462.835235065501
"4016",2046,3806,190.566665,0.0500700643720441,440.149782947258,469.823274055598
"4016",2047,3799,195.425326,0.0514412545406686,462.53942288722,486.692307478558
"4016",2048,3792,198.51781,0.0523517431434599,480.973320408617,497.91710314445
"4016",2049,3784,201.579607,0.0532715663319239,500.490913171639,509.393156541963
"4016",2050,3776,202.770875,0.0536999139300847,514.244357579817,514.244357579817
"4018",2026,6457,181.662435,0.0281341853802075,507.736332925723,496.363329257231
"4018",2027,6457,188.246548,0.0291538714573331,509.172506164714,510.254590288826
"4018",2028,6458,196.190864,0.0303795082068752,512.246015075358,527.548657573475
"4018",2029,6458,203.951781,0.0315812606069991,516.648290087525,544.991953353059
"4018",2030,6458,209.741376,0.0324777602973057,521.344778851368,558.379115405473
"4018",2031,6457,215.549729,0.0333823337463218,527.15032230785,572.131555853392
"4018",2032,6456,224.930317,0.0348405075898389,536.973903167088,595.073548206425
"4018",2033,6454,233.920029,0.036244194143167,548.486233354958,617.927540289539
"4018",2034,6451,240.123811,0.0372227268640521,559.087497527529,634.218743818824
"4018",2035,6447,247.015499,0.038314797425159,571.930733126939,652.841675718718
"4018",2036,6444,255.541146,0.0396556713221601,588.637227903736,676.657321902602
"4018",2037,6440,261.413096,0.0405920956521739,603.606238914677,693.597539345712
"4018",2038,6436,268.281111,0.0416844485705407,621.732809981595,713.968745421082
"4018",2039,6432,272.635899,0.042387422108209,637.211536733521,727.232402950674
"4018",2040,6427,277.362357,0.0431558047300451,654.58713339397,741.939413430352
"4018",2041,6423,283.339202,0.0441132184337537,675.913523394382,760.944940972651
"4018",2042,6418,286.528065,0.0446444476472421,692.655652936251,771.365218480359
"4018",2043,6414,292.584109,0.0456164809791082,717.297261070972,791.436964164029
"4018",2044,6409,295.335429,0.0460813588703386,735.171574699195,800.834289934445
"4018",2045,6404,299.148018,0.0467126823860087,756.814059141581,814.001918943485
"4018",2046,6400,304.081315,0.04751270546875,782.956976736133,831.302325571922
"4018",2047,6394,308.775344,0.0482914207069127,810.053538142779,848.215254245385
"4018",2048,6389,315.896537,0.0494438154640789,847.001545818389,874.40707656042
"4018",2049,6384,318.467002,0.0498851820175439,870.153050721495,884.223948801553
"4018",2050,6378,321.447362,0.0503993982439636,895.774996741044,895.774996741044
"4020",2026,10811,253.872122,0.0234827603366941,437.567163663557,496.671636635575
"4020",2027,10870,265.627717,0.0244367724931003,442.198842908983,512.446130247147
"4020",2028,10930,273.254498,0.0250004115279048,447.13439524678,523.196544267312
"4020",2029,10990,282.495512,0.0257047781619654,453.353946617496,536.195042905863
"4020",2030,11049,290.608966,0.0263018341931397,460.214166590877,547.856666363508
"4020",2031,11107,300.582204,0.0270624114522373,468.716689978987,562.188486883433
"4020",2032,11163,313.37891,0.0280730009853982,479.650139715604,580.692737586475
"4020",2033,11216,322.333614,0.0287387316333809,490.108932546056,594.059124264983
"4020",2034,11268,332.632628,0.0295201125310614,502.428384818794,609.570962046986
"4020",2035,11318,337.59616,0.0298282523414031,512.551821330985,617.404163042251
"4020",2036,11366,347.783274,0.030598563610769,526.991151650853,633.086635054427
"4020",2037,11412,357.87563,0.0313595890290922,542.662990979339,648.879006788953
"4020",2038,11455,367.216292,0.0320572930597992,559.00795512772,663.741736595854
"4020",2039,11496,372.966956,0.0324431938065414,573.240827356504,673.112046564262
"4020",2040,11534,376.035545,0.0326023534766776,585.533009686619,678.252815498591
"4020",2041,11571,385.896894,0.0333503494944257,605.466629381638,694.345855670397
"4020",2042,11605,394.013204,0.0339520210254201,624.774459503683,707.820656433833
"4020",2043,11639,399.962475,0.0343639896039179,642.555622105447,717.855080820945
"4020",2044,11670,406.344427,0.0348195738646101,661.716143719362,728.698249960467
"4020",2045,11700,410.371198,0.0350744613675214,678.51147335732,735.629505670548
"4020",2046,11729,419.597454,0.0357743587688635,703.473742005254,751.557343535593
"4020",2047,11756,427.545848,0.0363683096291256,727.865448863796,765.496280409911
"4020",2048,11782,431.639374,0.0366354926158547,747.126096145645,772.757941779075
"4020",2049,11807,439.017348,0.0371828024053528,772.644898855083,785.955739070216
"4020",2050,11830,443.606944,0.0374984737109045,794.244546422676,794.244546422676
"4022",2026,2860,85.12281,0.0297632202797203,179.497007603451,174.970076034511
"4022",2027,2861,86.781936,0.0303327284166375,179.690682564627,177.750418651833
"4022",2028,2862,89.779903,0.0313696376659679,180.502960565004,182.874060371449
"4022",2029,2863,93.30826,0.0325910792874607,181.931097162528,189.087516058953
"4022",2030,2864,97.409924,0.034011844972067,184.142446843082,196.569787372327
"4022",2031,2864,101.166769,0.035323592527933,186.806521032082,203.674855763764
"4022",2032,2865,105.213989,0.0367239054101222,190.27556983466,211.617137952799
"4022",2033,2865,108.12177,0.0377388376963351,193.597911469053,217.511479914628
"4022",2034,2866,111.72727,0.0389836950453594,198.017725562583,225.044313906456
"4022",2035,2867,115.976955,0.0404523735612138,203.735661339703,234.252940205035
"4022",2036,2867,117.548044,0.0410003641437042,207.432965161242,237.753610865772
"4022",2037,2867,120.602747,0.0420658343215905,213.164124778619,244.710487372914
"4022",2038,2867,123.838485,0.0431944489012906,219.765992202291,252.301804004165
"4022",2039,2867,126.644942,0.0441733317056156,226.457405429907,259.07643477431
"4022",2040,2867,128.40324,0.0447866201604465,232.133279447966,263.413247116745
"4022",2041,2866,128.858765,0.0449611880669923,236.026694381807,264.568595293293
"4022",2042,2865,130.883741,0.0456836792321117,242.789674449877,269.699534928395
"4022",2043,2863,132.701858,0.0463506315054139,249.635551853485,274.421087258963
"4022",2044,2862,135.361819,0.0472962330538085,258.614115711291,281.437568659731
"4022",2045,2860,135.980256,0.0475455440559441,263.805539633199,283.145279548553
"4022",2046,2859,134.151563,0.0469225473941938,263.566119419044,278.313081669463
"4022",2047,2857,136.021069,0.0476097546377319,271.714534012,283.340320013521
"4022",2048,2855,137.441555,0.048140649737303,279.197265464182,287.240286988305
"4022",2049,2853,138.400407,0.0485104826498423,285.804758840629,289.927022172082
"4022",2050,2851,139.480234,0.0489232669238864,292.979175421506,292.979175421506
"4024",2026,1578,51.999086,0.032952525982256,115.188991363828,107.889913638277
"4024",2027,1575,52.849926,0.0335555085714286,115.100317057971,109.456851330699
"4024",2028,1572,55.946772,0.0355895496183206,115.900623520336,115.43213440192
"4024",2029,1570,59.043706,0.0376074560509554,117.223482489533,121.757564656628
"4024",2030,1567,58.87228,0.0375700574345884,117.350486349937,121.401945399746
"4024",2031,1564,61.50634,0.0393263043478261,119.182327733409,127.068966029248
"4024",2032,1562,62.4427,0.0399761203585147,120.276502357165,129.158468791275
"4024",2033,1559,65.906231,0.0422746831302117,123.679883500426,137.185885518415
"4024",2034,1555,68.77008,0.0442251318327974,127.300927824294,144.252319560735
"4024",2035,1552,68.840744,0.0443561494845361,128.46241814701,144.485527193165
"4024",2036,1548,69.860384,0.0451294470284238,130.801731204292,147.161539377457
"4024",2037,1544,70.526372,0.0456777020725389,132.90011777425,148.975839559512
"4024",2038,1540,74.650853,0.0484745798701299,140.35186565374,160.276119370436
"4024",2039,1535,75.180104,0.0489772664495114,142.992341280463,161.94441069015
"4024",2040,1530,75.482053,0.0493346751633987,145.366329860376,162.986127776601
"4024",2041,1526,77.409016,0.050726747051114,150.981604020133,168.802421162465
"4024",2042,1521,77.177161,0.0507410657462196,152.620190267916,168.314557525594
"4024",2043,1517,80.170804,0.0528482557679631,161.522561817079,177.725507548582
"4024",2044,1513,79.917712,0.0528206953073364,163.371638483171,177.124694816995
"4024",2045,1509,80.833528,0.0535676129887343,168.214851496763,180.264432611401
"4024",2046,1505,83.484876,0.0554716784053156,178.301486025232,189.295865912038
"4024",2047,1501,81.616383,0.054374672218521,175.701282384347,183.269050573912
"4024",2048,1497,84.351037,0.0563467181028724,187.042544768305,192.80275110087
"4024",2049,1493,87.018242,0.0582841540522438,199.391978113268,202.641016221577
"4024",2050,1489,86.059587,0.0577969019476159,199.450074850778,199.450074850778
"4026",2026,5525,172.541629,0.0312292541176471,320.106299577131,339.062995771306
"4026",2027,5525,177.572738,0.032139862081448,322.059607538404,347.52441846112
"4026",2028,5524,183.292037,0.0331810349384504,324.893846531471,357.393408751265
"4026",2029,5525,192.23616,0.0347938751131222,329.774523197862,373.409520931114
"4026",2030,5526,199.639599,0.0361273251900109,335.300984474082,387.20393789633
"4026",2031,5527,211.261067,0.0382234606477293,344.416418027907,409.883193140546
"4026",2032,5528,219.669252,0.0397375636758321,353.460252046889,427.108467836583
"4026",2033,5529,226.569251,0.0409783416531018,362.869155368953,441.776980328145
"4026",2034,5529,235.894965,0.0426650325556158,375.765820950294,462.414552375735
"4026",2035,5530,246.241674,0.0445283316455696,391.685314747372,486.423576565422
"4026",2036,5530,255.702012,0.0462390618444846,408.952157775735,509.478226896284
"4026",2037,5529,263.560079,0.0476686704648219,426.385829651477,529.484545661419
"4026",2038,5527,267.808352,0.0484545597973584,440.470316560018,540.673302836397
"4026",2039,5524,272.932027,0.0494084045981173,456.951847364011,554.513782747253
"4026",2040,5520,279.811172,0.0506904297101449,477.799407091146,573.679051345833
"4026",2041,5515,284.431755,0.0515742076155938,496.236543989232,587.036292813935
"4026",2042,5508,290.138088,0.0526757603485839,518.225378836111,604.036255480159
"4026",2043,5501,292.782554,0.053223514633703,535.031437076988,612.279914680662
"4026",2044,5493,296.075464,0.0539005031858729,554.139885678592,622.696626682055
"4026",2045,5485,296.910118,0.0541312886052871,567.995082123876,625.686254921693
"4026",2046,5476,300.801697,0.0549309161796932,590.278542056189,638.327696536693
"4026",2047,5467,306.011526,0.0559743051033474,617.561396542836,655.53396793559
"4026",2048,5457,306.568599,0.0561789626168224,632.472112534562,657.969851388716
"4026",2049,5448,309.04628,0.0567265565345081,653.6179759427,666.694000979429
"4026",2050,5438,312.531743,0.0574718173961015,679.031300037823,679.031300037823
"4028",2026,2376,73.486748,0.030928765993266,173.277899102867,184.778991028675
"4028",2027,2381,76.240265,0.0320202708945821,174.574050241309,190.720365391336
"4028",2028,2385,79.738105,0.0334331677148847,176.635523410814,198.488705204653
"4028",2029,2390,80.173407,0.0335453585774059,177.845830257135,199.509789445341
"4028",2030,2394,83.212004,0.0347585647451963,180.628877185014,206.515508740054
"4028",2031,2398,85.214418,0.0355356205170976,183.286599061946,211.257735867639
"4028",2032,2402,87.05102,0.0362410574521232,186.199155486851,215.689709190311
"4028",2033,2406,93.254403,0.0387591034912718,193.492016679778,231.288321875249
"4028",2034,2410,95.36721,0.0395714564315353,197.929442061459,236.823605153647
"4028",2035,2414,97.527151,0.0404006425020713,202.888029144344,242.601209472786
"4028",2036,2418,99.750695,0.0412533891645988,208.421873408072,248.67762822752
"4028",2037,2421,103.346208,0.042687405204461,216.506059731314,258.841092158662
"4028",2038,2424,108.160347,0.0446206051980198,227.59658659107,273.084702892854
"4028",2039,2427,111.549026,0.0459616918005768,237.524285405262,283.530698562148
"4028",2040,2430,114.078676,0.0469459572016461,246.716388789877,291.546222063803
"4028",2041,2432,114.858677,0.0472280744243421,252.840204251986,294.022949814319
"4028",2042,2434,118.57132,0.04871459326212,266.042815432827,306.346879189752
"4028",2043,2435,123.749657,0.0508212143737166,284.43689012816,324.456800173777
"4028",2044,2436,124.855336,0.0512542430213465,293.223274806215,328.417128782213
"4028",2045,2437,126.963397,0.0520982343044727,305.367301258393,336.144370779561
"4028",2046,2437,129.600085,0.0531801743947476,320.014346550111,346.134525353072
"4028",2047,2437,132.094435,0.0542037074271646,335.174442116723,355.858526328702
"4028",2048,2436,135.023832,0.0554285024630542,353.025596192086,367.703347234688
"4028",2049,2435,136.111696,0.0558980271047228,364.744089154271,372.25359912132
"4028",2050,2434,138.330308,0.056832501232539,381.633078039725,381.633078039725
"4030",2026,1460,40.275928,0.0275862520547945,95.2398149634015,97.3981496340153
"4030",2027,1465,40.696086,0.0277788982935154,95.4458680546157,98.2426767608417
"4030",2028,1468,44.638771,0.0304078821525886,96.8733286144717,105.704734939838
"4030",2029,1472,48.68007,0.0330706997282609,99.0193732775359,113.914697776639
"4030",2030,1474,50.529602,0.0342805983717775,100.716786603482,117.867146413928
"4030",2031,1477,52.056892,0.0352450182802979,102.541382541931,121.230895798019
"4030",2032,1479,54.543755,0.0368788066260987,105.36235983982,126.884184122524
"4030",2033,1481,55.372209,0.0373883923024983,107.259929719654,128.820495778355
"4030",2034,1483,59.192139,0.0399137821982468,112.248315780234,138.120789450584
"4030",2035,1484,62.8243,0.0423344339622642,118.000926525104,147.573546343096
"4030",2036,1486,65.466973,0.044055836473755,123.414979707581,154.821009910698
"4030",2037,1487,67.093265,0.0451198823133827,128.031800622399,159.452293897363
"4030",2038,1489,68.987388,0.0463313552719946,133.494232332154,164.989513331188
"4030",2039,1491,70.915035,0.0475620623742455,139.53697664664,170.807619824068
"4030",2040,1492,74.892913,0.050196322386059,150.34688837862,183.555021405792
"4030",2041,1493,75.53086,0.0505899933020764,155.052855202831,185.645819174084
"4030",2042,1494,78.651658,0.0526450187416332,165.97777127264,196.396816103771
"4030",2043,1496,80.227183,0.0536277961229946,173.884171896755,201.961589012549
"4030",2044,1496,80.011481,0.0534836102941176,177.285534682205,201.17488346091
"4030",2045,1497,81.773834,0.0546251396125585,186.509333916066,207.626872512081
"4030",2046,1497,84.448921,0.0564121048764195,199.479308137124,217.916833102499
"4030",2047,1498,85.401551,0.0570103811748999,207.377542234479,221.622582799412
"4030",2048,1498,85.610633,0.0571499552736983,212.901866949771,222.461477783536
"4030",2049,1497,86.8801,0.0580361389445558,222.733629695639,227.710264618846
"4030",2050,1497,87.348321,0.0583489118236473,229.646327834648,229.646327834648
"4032",2026,1272,37.869907,0.0297719394654088,99.4406484314601,112.406484314601
"4032",2027,1273,39.497938,0.0310274454045562,100.527758059075,116.383694975089
"4032",2028,1275,40.960026,0.0321255105882353,101.864575038082,120.083285931899
"4032",2029,1276,41.9117,0.0328461598746082,103.215768720119,122.544793977033
"4032",2030,1278,44.818225,0.0350690336463224,106.087176024364,130.348704097456
"4032",2031,1279,46.807502,0.0365969523064894,108.913245076921,135.95911331103
"4032",2032,1280,47.849312,0.037382275,111.321364627154,138.988814237398
"4032",2033,1281,49.972896,0.0390108477751756,115.170339406563,145.366453535346
"4032",2034,1282,51.8678,0.0404585023400936,119.31756257475,151.293906436874
"4032",2035,1283,53.716324,0.0418677505845674,123.94346379706,157.299345821852
"4032",2036,1284,53.754239,0.0418646721183801,126.219194785776,157.40883112795
"4032",2037,1285,56.110286,0.0436655922178988,132.543077683518,165.401127187352
"4032",2038,1286,57.790422,0.0449381197511664,138.332037557831,171.330977377875
"4032",2039,1287,57.603949,0.0447583131313131,140.671119438434,170.631692661164
"4032",2040,1287,59.023062,0.045860965034965,146.62585763687,175.801372218993
"4032",2041,1287,60.886016,0.0473084817404817,154.19751180952,182.82643292003
"4032",2042,1287,62.838355,0.0488254506604507,162.742998825159,190.489998321656
"4032",2043,1286,64.399988,0.0500777511664075,170.942322783688,196.904844452458
"4032",2044,1286,64.854262,0.0504309968895801,176.117413573041,198.796662674891
"4032",2045,1285,66.43903,0.0517035252918288,185.427975225836,205.603661816414
"4032",2046,1283,67.393026,0.0525276897895557,193.127593229589,209.914815564223
"4032",2047,1282,69.5101,0.0542200468018721,205.90525653092,219.583387640473
"4032",2048,1280,69.588353,0.05436590078125,210.950007270068,220.108115967641
"4032",2049,1278,68.509173,0.0536065516431925,210.894641386978,215.293133908548
"4032",2050,1276,70.476733,0.0552325493730407,224.628529319294,224.628529319294
"4034",2026,2102,65.24134,0.0310377450047574,149.328680516111,170.286805161111
"4034",2027,2094,65.294293,0.0311816107927412,150.203834839422,170.30061701398
"4034",2028,2086,67.549711,0.0323824117929051,151.94461189291,175.254925102341
"4034",2029,2078,70.974741,0.0341553132820019,154.685140115842,183.165365251019
"4034",2030,2071,73.26386,0.0353760791887977,157.420340107923,188.681360431694
"4034",2031,2065,74.807543,0.0362264130750605,160.085657117044,192.515329102762
"4034",2032,2059,77.701736,0.0377376085478388,164.215561355442,199.970958016745
"4034",2033,2053,80.499273,0.039210556746225,168.930751523548,207.498624892547
"4034",2034,2049,83.118578,0.0405654358223524,174.132197639728,214.830494099321
"4034",2035,2045,87.315806,0.0426972156479218,182.06455632854,227.147557322378
"4034",2036,2042,88.812691,0.0434929926542605,187.257708343943,231.753070197775
"4034",2037,2039,92.123287,0.0451806213830309,195.804943575363,242.229158195831
"4034",2038,2035,93.452353,0.0459225321867322,201.811950377534,246.658091595516
"4034",2039,2032,97.004915,0.0477386392716535,212.626560415882,258.704783686608
"4034",2040,2029,100.583891,0.0495731350418926,224.796459681703,271.474335490725
"4034",2041,2025,101.43421,0.0500909679012346,231.643428529731,274.763665705254
"4034",2042,2021,103.763033,0.0513424210786739,242.668551747717,283.669359639596
"4034",2043,2017,105.634635,0.0523721541893902,253.2812392997,291.110154982644
"4034",2044,2012,108.455845,0.053904495526839,267.657193737168,302.686701596346
"4034",2045,2006,111.619174,0.0556426590229312,284.574366325837,316.322297016415
"4034",2046,2001,112.048453,0.0559962283858071,292.832992912648,318.568226956056
"4034",2047,1995,112.388409,0.0563350421052632,301.016137851929,320.539310255695
"4034",2048,1988,113.938302,0.0573130291750503,314.409603480251,327.983355113785
"4034",2049,1981,113.710171,0.0574003891973751,320.82967379117,327.602258484332
"4034",2050,1974,116.51498,0.0590248125633232,341.119043740524,341.119043740524
"4036",2026,3666,102.926785,0.0280760460992908,345.421162472958,367.211624729583
"4036",2027,3667,108.485417,0.0295842424325061,348.447418839424,382.617591559448
"4036",2028,3670,112.997234,0.0307894370572207,352.210075574329,395.629003281882
"4036",2029,3672,115.995541,0.0315891996187364,356.070344789318,404.507504890909
"4036",2030,3674,118.992365,0.0323876878062058,360.642715971771,413.570863887085
"4036",2031,3675,125.021852,0.0340195515646258,368.692858092947,432.36646293199
"4036",2032,3677,131.331903,0.0357171343486538,378.731877585871,452.944238725757
"4036",2033,3678,134.502248,0.0365693985861881,386.732383404353,463.641057667181
"4036",2034,3679,138.706193,0.0377021454199511,397.082964542784,478.20741135696
"4036",2035,3679,143.12732,0.0389038651807556,409.070730149112,494.0188117694
"4036",2036,3679,148.203559,0.0402836528948084,423.663966510317,512.818876863825
"4036",2037,3679,152.747641,0.0415187934221256,438.967751369224,530.25414901312
"4036",2038,3679,155.881007,0.042370483011688,452.791395653989,542.62071937089
"4036",2039,3678,157.701721,0.0428770312669929,464.59055452367,549.962645997737
"4036",2040,3677,162.772939,0.0442678648354637,485.441956414015,570.907130262424
"4036",2041,3676,166.13627,0.0451948503808488,503.493642271829,585.254554372572
"4036",2042,3674,169.924,0.0462504082743604,524.223249326822,601.890356181174
"4036",2043,3672,172.61916,0.0470095751633987,542.901239714347,614.052528426233
"4036",2044,3670,177.398559,0.0483374820163488,570.213953921806,636.179295382976
"4036",2045,3667,180.334663,0.0491777101172621,592.666870872901,650.282302612802
"4036",2046,3665,182.941551,0.0499158392905866,615.037345119776,663.04393543503
"4036",2047,3661,185.84489,0.0507634225621415,640.038765614332,677.691566889388
"4036",2048,3658,188.335583,0.0514859439584472,664.446606486028,690.50984484976
"4036",2049,3654,191.772268,0.0524828319649699,694.910086912303,708.620869519276
"4036",2050,3650,193.760459,0.053085057260274,719.478637603737,719.478637603737
"4201",2026,6712,211.556173,0.0315190960965435,327.359451021023,420.594510210231
"4201",2027,6708,217.996721,0.0324980204233751,332.761779138857,431.631121009867
"4201",2028,6707,228.985366,0.0341412503354704,340.484346089537,451.196263368785
"4201",2029,6707,236.789807,0.0353048765468913,348.58476457037,465.634186213507
"4201",2030,6707,246.313706,0.0367248704338751,358.720099862828,483.88039945131
"4201",2031,6709,255.442887,0.0380746589655686,370.198018577749,502.036586357386
"4201",2032,6711,266.02601,0.0396402935479064,384.251012715958,523.926192972177
"4201",2033,6714,279.081119,0.0415670418528448,402.268428296239,552.223250472384
"4201",2034,6717,287.415135,0.0427892117016525,418.621133378005,571.052833445012
"4201",2035,6720,295.864633,0.0440274751488095,436.779473486617,590.781653683697
"4201",2036,6723,305.542176,0.0454472967425257,458.171459866906,614.203073404012
"4201",2037,6726,314.678504,0.0467853856675587,481.072636738116,637.141730220713
"4201",2038,6729,324.060921,0.048158852875613,506.513605969966,661.570192672665
"4201",2039,6731,329.953085,0.0490199205170108,528.71882060138,677.372460598093
"4201",2040,6732,336.499522,0.0499850745692216,553.5035326107,695.40565217712
"4201",2041,6733,343.235679,0.0509781195603743,580.315994727167,714.458105248554
"4201",2042,6734,350.06148,0.0519841817641818,609.103855950377,734.291222786253
"4201",2043,6734,357.051743,0.0530222368577369,640.184721591088,755.216571648933
"4201",2044,6733,359.210975,0.0533508057329571,661.758931500036,761.850234193595
"4201",2045,6733,364.077413,0.0540735798306847,690.670604441126,776.902282389078
"4201",2046,6732,368.214739,0.0546961882055853,719.040818840497,789.989198635879
"4201",2047,6731,375.644988,0.0558081990788887,758.09551045907,814.009025869375
"4201",2048,6730,379.713981,0.056421096731055,789.215667977053,827.503424840057
"4201",2049,6729,383.705354,0.057022641402883,821.314420736955,840.963034531901
"4201",2050,6727,390.29277,0.0580188449531738,863.692167540957,863.692167540957
"4202",2026,24781,499.030679,0.0201376328235342,1221.28269229237,1295.82692292369
"4202",2027,24929,515.235729,0.0206681266396566,1228.04525095396,1322.42000693791
"4202",2028,25078,538.372388,0.0214679156232554,1238.62676504863,1359.43865742076
"4202",2029,25227,561.353882,0.0222521061561026,1252.06904368957,1396.85432324502
"4202",2030,25373,586.541809,0.0231167701493714,1269.30237284857,1438.20949139429
"4202",2031,25515,607.590899,0.0238130863805605,1287.97327780038,1473.7766184361
"4202",2032,25653,628.790739,0.0245113920009356,1309.53228692136,1510.02242129648
"4202",2033,25787,651.65746,0.02527077442122,1334.95748741619,1549.43444804467
"4202",2034,25919,675.400883,0.0260581381611945,1364.16562971392,1590.91407428479
"4202",2035,26047,701.663802,0.0269383730180059,1398.64081729033,1637.32186809218
"4202",2036,26174,723.735891,0.0276509471613051,1433.56559061362,1677.34861181815
"4202",2037,26297,741.803817,0.0282086860478382,1468.15655973806,1710.86645802548
"4202",2038,26415,763.818638,0.0289160945674806,1509.32259758323,1751.76835924224
"4202",2039,26528,786.501028,0.0296479579312425,1554.60880160944,1794.46178997351
"4202",2040,26637,809.492271,0.030389768780268,1603.86333260963,1838.38133217541
"4202",2041,26742,827.034212,0.0309264158252935,1650.00749432403,1872.63395369665
"4202",2042,26842,842.34655,0.0313816612025929,1695.95972441981,1902.94246345687
"4202",2043,26938,860.146836,0.031930612369144,1747.93673311856,1938.3379432116
"4202",2044,27031,887.092416,0.0328175952055048,1816.95296414019,1992.29414727766
"4202",2045,27119,909.990275,0.0335554509753309,1884.20847103366,2039.10273357989
"4202",2046,27204,929.070488,0.0341519808851639,1948.92260960699,2078.79130541999
"4202",2047,27284,950.491509,0.0348369560548307,2021.44344004026,2123.92218596086
"4202",2048,27360,967.500974,0.0353618777046784,2089.26844324855,2160.31723594438
"4202",2049,27431,996.897632,0.0363420083846743,2186.23793953051,2224.15630081092
"4202",2050,27498,1023.804568,0.0372319647974398,2283.95175536925,2283.95175536925
"4203",2026,45810,1090.940843,0.0238144693953285,1933.89142022739,1986.91420227395
"4203",2027,45960,1138.358208,0.0247684553524804,1944.16546711623,2045.56703357255
"4203",2028,46105,1183.345824,0.0256663230452229,1958.5382422224,2102.50424127084
"4203",2029,46244,1231.762591,0.0266361601721304,1978.34932520724,2164.93800097523
"4203",2030,46380,1279.218993,0.0275812633247089,2002.89237715371,2227.56950861484
"4203",2031,46513,1331.613885,0.0286288539763077,2034.43603540728,2298.21229706881
"4203",2032,46642,1385.031289,0.0296949378028386,2072.31943164991,2372.05978969204
"4203",2033,46769,1436.691739,0.030718889413928,2115.54529291786,2445.36632529065
"4203",2034,46894,1488.568193,0.0317432548513669,2165.13619045724,2520.84047614311
"4203",2035,47020,1536.490494,0.032677381837516,2218.64917711759,2592.34097626877
"4203",2036,47147,1588.770237,0.0336982254862451,2281.48168257408,2672.17196331386
"4203",2037,47271,1638.859182,0.0346694417719109,2349.56666228959,2750.56909715041
"4203",2038,47392,1689.24342,0.0356440627110061,2424.83067643099,2831.32850260179
"4203",2039,47507,1735.566752,0.0365328636200981,2503.34485747855,2907.31039570816
"4203",2040,47616,1780.744412,0.037398026125672,2587.39274505603,2983.02839208965
"4203",2041,47719,1826.255166,0.0382710275990696,2678.5906360192,3060.96699776483
"4203",2042,47816,1862.936636,0.0389605286096704,2765.8807305768,3124.97247225257
"4203",2043,47906,1906.562688,0.0397979937377364,2868.04600585939,3202.63865201274
"4203",2044,47990,1945.302937,0.040535589435299,2970.33882903076,3272.95332778162
"4203",2045,48067,1986.500558,0.041327741652277,3082.77127305317,3349.25695145005
"4203",2046,48138,2027.316816,0.042114687274087,3201.6575107035,3426.42060082765
"4203",2047,48202,2059.996044,0.0427367338284718,3313.59696556664,3489.23601753988
"4203",2048,48258,2096.33753,0.0434402074267479,3438.0133323575,3560.44684579189
"4203",2049,48308,2130.888305,0.0441104642088267,3565.587998566,3629.39012838026
"4203",2050,48350,2167.502439,0.0448294196277146,3703.93174245648,3703.93174245648
"4204",2026,116938,2243.702614,0.0191871129487421,3905.36571060957,4430.6571060957
"4204",2027,117726,2322.182975,0.0197253195980497,3940.35873185234,4525.97259528971
"4204",2028,118519,2404.598772,0.0202887197158262,3983.40908127827,4626.48046444728
"4204",2029,119311,2497.034955,0.0209287907653108,4036.50613456187,4738.79357440879
"4204",2030,120099,2590.460617,0.0215693770722487,4098.63134414582,4853.52537658329
"4204",2031,120878,2681.200926,0.0221810497030063,4168.87414873761,4966.56225647864
"4204",2032,121643,2783.578365,0.0228831775359042,4252.24022765886,5093.89300818111
"4204",2033,122397,2886.345776,0.0235818343260047,4345.91648011129,5223.32132444493
"4204",2034,123140,2995.754655,0.0243280384521683,4453.10144324972,5362.2536081243
"4204",2035,123871,3095.458931,0.0249893754874022,4566.47652979933,5491.51778239847
"4204",2036,124591,3196.669458,0.0256573063704441,4691.17450228196,5624.20947848833
"4204",2037,125294,3302.175127,0.0263554130844254,4829.38037077984,5763.8397478631
"4204",2038,125970,3402.265272,0.0270085359371279,4975.21410521192,5898.29837311258
"4204",2039,126620,3505.180889,0.0276826795845838,5134.16276587331,6037.91534616734
"4204",2040,127246,3601.508547,0.0283035108922874,5299.24846494253,6170.59754390804
"4204",2041,127847,3704.373766,0.0289750542914578,5481.03673164495,6313.470538332
"4204",2042,128424,3805.428817,0.0296317574363047,5673.09565755707,6455.70808222439
"4204",2043,128977,3895.332864,0.0302017636012622,5865.77254480488,6584.31870482017
"4204",2044,129506,3998.009071,0.0308712265918181,6083.04838332591,6732.22372042053
"4204",2045,130013,4101.139403,0.0315440717697461,6313.58900404785,6882.80185113582
"4204",2046,130494,4207.235101,0.0322408317700431,6560.87566135849,7039.79489571588
"4204",2047,130951,4309.931542,0.0329125515803621,6817.52800792669,7194.07381174838
"4204",2048,131382,4399.594174,0.0334870391225586,7069.57951218856,7330.86974290655
"4204",2049,131789,4502.6306,0.0341654508342881,7353.25894383947,7489.86643515789
"4204",2050,132172,4611.736254,0.0348919306207064,7660.81063838938,7660.81063838938
"4205",2026,23095,546.359527,0.02365704814895,1144.70975405003,1223.09754050032
"4205",2027,23125,566.786833,0.0245097008864865,1152.12615018485,1253.28109225345
"4205",2028,23155,587.05262,0.0253531686460808,1161.88041816076,1283.88810377577
"4205",2029,23186,611.614792,0.0263786246873113,1175.48090610708,1321.79249932742
"4205",2030,23218,633.678006,0.0272925319148936,1191.19229859322,1356.76919437287
"4205",2031,23250,658.076801,0.0283043785376344,1210.85516159761,1396.36577946996
"4205",2032,23282,688.127657,0.0295562089597114,1236.90639717775,1446.48122208539
"4205",2033,23314,712.347019,0.0305544745217466,1263.65190903791,1488.14319734596
"4205",2034,23346,737.09828,0.0315727867728947,1294.33330206956,1531.8332551739
"4205",2035,23378,760.820987,0.0325443146120284,1327.97825720073,1574.80744503024
"4205",2036,23411,785.455555,0.0335507050104652,1366.17643087334,1620.58195973335
"4205",2037,23445,815.954216,0.0348029096182555,1414.23053863078,1678.88885586493
"4205",2038,23476,839.947714,0.0357789961662975,1460.56492759339,1726.11805016979
"4205",2039,23506,862.608506,0.0366973753935166,1509.54859611074,1771.8273976353
"4205",2040,23535,881.813823,0.0374681887826641,1558.13556494873,1811.41690391797
"4205",2041,23561,905.002677,0.0384110469419804,1615.84592410567,1860.29573449912
"4205",2042,23586,927.04416,0.0393048486390232,1676.31252198054,1907.87503140078
"4205",2043,23610,945.423952,0.0400433694197374,1735.12979082319,1948.37937738738
"4205",2044,23630,964.23864,0.0408056978417266,1798.3826496595,1990.68728988322
"4205",2045,23649,978.660529,0.0413827446826504,1857.21695951855,2023.65164248437
"4205",2046,23665,999.767398,0.0422466679907036,1932.3943915553,2072.93457830035
"4205",2047,23678,1020.536899,0.0431006376805473,2011.58600877611,2122.57578453646
"4205",2048,23688,1035.240217,0.0437031499915569,2081.70928320948,2158.38841428052
"4205",2049,23695,1053.480522,0.0444600346908631,2163.67706264431,2203.71642872136
"4205",2050,23699,1070.188701,0.0451575467741255,2246.0986864654,2246.0986864654
"4206",2026,9497,252.665205,0.0266047388649047,670.726112412772,776.261124127724
"4206",2027,9483,260.797391,0.0275015702836655,677.585032170922,794.163870333979
"4206",2028,9469,268.64084,0.0283705607772732,685.751491389883,811.865665085046
"4206",2029,9456,275.943483,0.0291818404187817,695.072372305244,828.752340259971
"4206",2030,9444,286.590084,0.0303462604828462,707.801185888268,854.204743553074
"4206",2031,9432,297.164016,0.0315059389312977,722.630769514655,880.324415703147
"4206",2032,9420,305.095544,0.0323880619957537,737.471467566201,900.450669434466
"4206",2033,9408,313.741781,0.0333484035926871,754.695546655933,922.98771491292
"4206",2034,9396,321.116936,0.0341759191145168,772.476722006159,942.691805015398
"4206",2035,9385,329.225331,0.0350799500266383,792.83737961232,964.914010542446
"4206",2036,9374,336.868574,0.0359364811179859,814.510074217423,986.389629931416
"4206",2037,9363,345.688722,0.0369207222044217,839.827246437315,1011.83365158501
"4206",2038,9352,351.865417,0.0376246168733961,863.097245500265,1030.08590090957
"4206",2039,9340,359.467458,0.0384868798715203,890.509253855932,1053.05830443563
"4206",2040,9328,364.736082,0.0391012094768439,915.462816406974,1069.34050625116
"4206",2041,9316,369.745406,0.0396892878917991,941.292131724822,1085.10133090539
"4206",2042,9303,376.110028,0.0404288969149737,971.549626497788,1105.49946642541
"4206",2043,9292,381.099582,0.0410137303056393,1000.32351453757,1121.81154513569
"4206",2044,9280,386.745823,0.0416751964439655,1032.24280999398,1140.60362579869
"4206",2045,9267,389.65889,0.0420480079853243,1058.39112944774,1150.55831316644
"4206",2046,9255,397.042364,0.042900309454349,1098.35348110641,1175.88644836048
"4206",2047,9242,403.026196,0.0436081146937892,1136.42998484287,1196.94927869619
"4206",2048,9229,406.994381,0.0440995103478167,1169.85031765855,1211.27061368492
"4206",2049,9215,413.4438,0.0448663917525773,1213.20903982913,1234.80159982248
"4206",2050,9200,418.771943,0.0455186894565217,1254.75217283176,1254.75217283176
"4207",2026,8765,250.176237,0.0285426397033657,483.990444786265,492.904447862655
"4207",2027,8744,257.597382,0.0294599018755718,485.899242920806,504.085403060409
"4207",2028,8724,263.470487,0.0302006518798716,488.270751930233,513.118582458476
"4207",2029,8705,274.240361,0.0315037749569213,493.069024449492,530.383644468196
"4207",2030,8686,285.072681,0.0328197882799908,499.354584986422,548.41833994569
"4207",2031,8668,293.679962,0.0338809370096908,506.066097688599,563.229905003822
"4207",2032,8651,302.415258,0.0349572602011328,514.1166527688,578.743546980922
"4207",2033,8634,311.239869,0.0360481664350243,523.56991078435,594.916995267172
"4207",2034,8618,321.896842,0.0373516873984683,535.856448849792,615.141122124481
"4207",2035,8604,334.242759,0.0388473685495119,551.475875713204,639.516287344465
"4207",2036,8591,342.85164,0.0399082341985799,565.72250443303,657.152640911643
"4207",2037,8578,350.341406,0.0408418519468408,580.350337407923,672.951877869118
"4207",2038,8565,356.002334,0.0415647792177466,594.215703844592,685.210370626531
"4207",2039,8553,366.953247,0.0429034545773413,616.068596311056,709.499738401798
"4207",2040,8541,374.30121,0.0438240498770636,635.113494305943,726.381590889508
"4207",2041,8528,379.426177,0.0444918125,652.272002332955,738.504909181818
"4207",2042,8515,387.669317,0.0455278117439812,675.745198084805,758.350282978294
"4207",2043,8502,392.482056,0.0461634975299929,694.909130502736,770.334414240998
"4207",2044,8489,400.792683,0.047213179762045,721.95146146149,791.324466401922
"4207",2045,8475,409.3727,0.0483035634218289,751.6812510902,813.6846167264
"4207",2046,8460,411.492954,0.0486398290780142,769.170775695952,819.671500818767
"4207",2047,8445,418.715637,0.0495814845470693,799.253678769033,839.342173260882
"4207",2048,8429,421.157091,0.0499652498517025,819.237415144776,846.499908264622
"4207",2049,8412,429.462585,0.0510535645506419,855.535490916363,870.049860692326
"4207",2050,8394,436.790829,0.0520360768406004,891.58769563516,891.58769563516
"4211",2026,2359,67.987491,0.0288204709622722,203.57145847476,172.714584747597
"4211",2027,2360,70.056588,0.0296849949152542,202.858361173208,176.878990350603
"4211",2028,2362,73.527619,0.0311293899237934,202.990302728989,184.087444165653
"4211",2029,2363,76.002106,0.032163396529835,203.258480432989,189.39284909642
"4211",2030,2365,80.939307,0.0342238084566596,205.356355105175,200.425420420698
"4211",2031,2365,82.651141,0.0349476283298097,206.24992882429,204.391056780139
"4211",2032,2367,85.918949,0.0362986687790452,208.684631507664,212.183481562044
"4211",2033,2368,89.160938,0.0376524231418919,211.783560880981,220.1960300165
"4211",2034,2369,91.72895,0.0387205360911777,214.900434403364,226.751086008409
"4211",2035,2370,95.482773,0.0402880898734177,219.984751631278,236.679432300064
"4211",2036,2370,99.274658,0.041888041350211,226.073580941167,247.154907244561
"4211",2037,2371,103.145463,0.0435029367355546,233.295040748723,258.307396582875
"4211",2038,2371,104.145558,0.043924739772248,236.850462652369,261.273568458852
"4211",2039,2371,107.001202,0.0451291446646984,243.972496832223,269.931909501657
"4211",2040,2371,111.057743,0.0468400434415858,254.329348860344,282.72695817655
"4211",2041,2371,111.740719,0.0471280974272459,258.635296701491,284.940070492816
"4211",2042,2370,115.855291,0.0488840890295359,271.179501392603,298.685001989432
"4211",2043,2369,117.459062,0.0495817062051499,278.722182712132,304.250417236789
"4211",2044,2368,118.832457,0.0501826254222973,286.134728345885,309.109326897917
"4211",2045,2366,121.857852,0.0515037413355875,298.887916968717,320.092820884574
"4211",2046,2365,122.178962,0.0516612947145877,304.17624326663,321.324992078389
"4211",2047,2363,125.694213,0.0531926419805332,320.281492665041,334.641118495821
"4211",2048,2360,128.174589,0.0543112665254237,334.179202279442,344.491029491288
"4211",2049,2358,129.538666,0.0549358210347752,344.702518139777,350.067551314054
"4211",2050,2355,132.447098,0.0562408059447983,362.193053412276,362.193053412276
"4212",2026,2141,47.574006,0.0222204605324615,136.021205229926,127.212052299262
"4212",2027,2150,50.289289,0.0233903669767442,136.29283976318,131.857016459487
"4212",2028,2158,50.153698,0.0232408239110287,136.092274012821,131.812994358977
"4212",2029,2167,53.252942,0.0245745002307337,137.048544194224,137.228443266938
"4212",2030,2176,55.443649,0.0254796181066176,138.054048823968,141.216195295872
"4212",2031,2185,56.871927,0.0260283418764302,138.990128470733,143.922185985158
"4212",2032,2194,58.818291,0.0268087014585232,140.445036106895,147.600111098138
"4212",2033,2203,61.339655,0.0278436926917839,142.588446864089,152.416405142315
"4212",2034,2212,62.621129,0.0283097328209765,144.192765161901,154.981912904753
"4212",2035,2222,66.717682,0.0300259594959496,148.412443546541,163.085585249236
"4212",2036,2231,68.570055,0.0307351210219632,151.211905302914,166.919800637714
"4212",2037,2241,69.115411,0.0308413257474342,152.964730996379,168.150694627081
"4212",2038,2250,72.733357,0.0323259364444444,158.311785242186,175.748700440338
"4212",2039,2258,76.334641,0.0338063069087688,164.36851258586,183.584702273805
"4212",2040,2266,78.890584,0.0348149090909091,169.708962165731,189.334339465169
"4212",2041,2274,81.272188,0.0357397484608619,175.305344844094,194.819388443915
"4212",2042,2281,83.911749,0.0367872639193336,181.827647891844,201.039496988349
"4212",2043,2287,86.544639,0.0378419934411893,188.92447708754,207.406070627173
"4212",2044,2293,88.890298,0.038765938944614,196.067889372102,213.216631447874
"4212",2045,2298,92.734158,0.0403542898172324,206.931134041762,223.0690880514
"4212",2046,2302,95.201843,0.0413561437880104,215.710181433734,229.600213451451
"4212",2047,2306,97.956787,0.0424790923677363,225.836755027989,237.097752144213
"4212",2048,2310,100.872882,0.0436679142857143,237.155622899544,245.276349080588
"4212",2049,2313,101.790393,0.0440079520103761,243.708406983987,247.865877385961
"4212",2050,2315,107.496539,0.0464347900647948,264.924145940838,264.924145940838
"4213",2026,6163,159.411175,0.0258658404997566,383.851199985317,409.511999853173
"4213",2027,6175,166.291778,0.0269298425910931,386.678555740585,422.298587204253
"4213",2028,6188,172.661701,0.027902666612799,390.358914580345,434.479511887688
"4213",2029,6202,177.781842,0.0286652437923251,394.503255530481,444.544731908146
"4213",2030,6216,185.759176,0.0298840373230373,400.873138433115,460.492553732459
"4213",2031,6231,193.178784,0.0310028541165142,408.254216552445,475.797274965027
"4213",2032,6247,201.866004,0.0323140713942692,417.80752337191,494.253918067415
"4213",2033,6263,210.971404,0.0336853590930864,429.306266205293,514.258665393912
"4213",2034,6278,215.145798,0.0342697989805671,438.084102866473,523.710257166184
"4213",2035,6294,223.299797,0.0354782009850651,451.657618389279,542.503127746923
"4213",2036,6310,230.181592,0.0364788576862124,465.462331448908,558.815434629281
"4213",2037,6325,236.800555,0.0374388229249012,480.368607462754,574.889965780983
"4213",2038,6340,244.190731,0.038515888170347,497.765659727294,593.301199504171
"4213",2039,6354,251.635812,0.0396027403210576,516.926640415603,612.36449432443
"4213",2040,6367,256.545292,0.0402929624626983,533.61851232934,625.189619726944
"4213",2041,6379,260.886478,0.0408977077911898,550.405066795973,636.705761201469
"4213",2042,6390,266.149318,0.041650910485133,569.958609165774,650.94087023682
"4213",2043,6401,271.68585,0.0424442821434151,591.346996598056,666.216266573635
"4213",2044,6412,276.194329,0.043074599033063,611.830090917282,678.845278602944
"4213",2045,6421,280.357373,0.043662571717801,632.634602927883,690.704126680471
"4213",2046,6430,285.580665,0.0444137892690513,657.148890257032,705.881047361214
"4213",2047,6438,290.45849,0.0451162612612613,682.152641004218,720.326919441372
"4213",2048,6446,295.464343,0.0458368512255662,708.84578863945,735.427879610217
"4213",2049,6453,299.41506,0.0463993584379358,733.777757070697,747.522345008516
"4213",2050,6459,302.476125,0.0468301788202508,756.994003648399,756.994003648399
"4214",2026,6399,116.226608,0.0181632455071105,294.658304165591,327.583041655914
"4214",2027,6452,121.563811,0.0188412602293862,297.244447175724,336.414161277991
"4214",2028,6504,129.36481,0.0198900384378844,301.13091225455,348.890927168856
"4214",2029,6553,136.440882,0.0208211326110179,305.766951606495,360.491536971739
"4214",2030,6600,140.983888,0.0213611951515152,310.355957171253,368.423828685014
"4214",2031,6645,147.229586,0.0221564463506396,316.302099988354,379.007304307319
"4214",2032,6689,151.563843,0.0226586699058155,322.115135406808,386.738878174794
"4214",2033,6731,161.48266,0.0239908869410192,331.765749245606,403.457239298223
"4214",2034,6773,170.762688,0.025212267532851,342.448437176804,419.621092942009
"4214",2035,6814,177.535862,0.026054573231582,352.642506696245,431.897158162845
"4214",2036,6855,182.368922,0.0266037814733771,362.251674820196,441.003525937255
"4214",2037,6895,188.770093,0.0273778234952864,374.009048247424,452.96887462912
"4214",2038,6934,197.133438,0.0284299737525238,388.730161399423,468.691202544405
"4214",2039,6971,206.430597,0.0296127667479558,405.869338605118,486.522278476797
"4214",2040,7007,210.876099,0.0300950619380619,418.788168102807,495.461068964491
"4214",2041,7041,215.762295,0.0306437004686834,432.983117032571,505.314138917089
"4214",2042,7074,223.0143,0.0315259117896522,451.26641108964,519.952015842343
"4214",2043,7106,229.696333,0.0323242799043062,470.001828262958,533.714343407401
"4214",2044,7136,239.408855,0.0335494471692825,494.856218061017,554.040281369055
"4214",2045,7164,243.499475,0.0339893181183696,511.89965320232,562.876496249009
"4214",2046,7191,249.599487,0.0347099828952858,533.358617986882,576.12778586692
"4214",2047,7216,258.56273,0.0358318639135255,561.649029450796,595.956652902305
"4214",2048,7240,265.862135,0.0367212893646409,588.396023855952,612.509214979408
"4214",2049,7262,272.938837,0.0375845272652162,616.22424481513,628.895319288446
"4214",2050,7282,281.350885,0.0386364851689096,648.842673725461,648.842673725461
"4215",2026,11554,256.489033,0.0221991546650511,494.794477975656,537.944779756565
"4215",2027,11637,271.227175,0.0233073107330068,499.392312032228,558.307723870751
"4215",2028,11718,284.014651,0.0242374680832907,505.142502287036,576.528584497348
"4215",2029,11796,297.246445,0.0251989187012547,512.454587483613,595.66864698171
"4215",2030,11872,310.631563,0.0261650575303235,521.347914958343,615.391659833371
"4215",2031,11946,324.095576,0.027130049891177,531.864461347427,635.61551773018
"4215",2032,12018,338.661335,0.0281795086536861,544.558405664767,657.872017430054
"4215",2033,12090,356.167353,0.0294596652605459,560.741374989732,685.148620661329
"4215",2034,12161,367.44346,0.0302149050242579,575.362502921398,703.406257303494
"4215",2035,12232,379.547794,0.031029087148463,592.059505995818,723.278870847583
"4215",2036,12303,392.511432,0.0319037171421604,611.080217846547,744.905721782205
"4215",2037,12374,405.609031,0.03277913617262,632.049663462294,767.170075048379
"4215",2038,12443,419.60659,0.0337223008920678,655.768254887407,791.396827068014
"4215",2039,12510,430.549261,0.034416407753797,678.439902705109,810.748770561887
"4215",2040,12576,441.999464,0.0351462678117048,703.305119108267,831.288190573228
"4215",2041,12639,453.701267,0.0358969275259119,730.223901474001,852.602115432454
"4215",2042,12700,464.34334,0.0365624677165354,757.603675554197,872.290965077424
"4215",2043,12757,476.410364,0.0373450155992788,788.661137831282,894.964254686485
"4215",2044,12812,487.372388,0.0380403050265376,820.071997676874,915.899351841127
"4215",2045,12864,497.641952,0.0386848532338308,852.21424338188,935.802145700776
"4215",2046,12913,508.779663,0.0394005779447069,887.581719666129,957.74319960721
"4215",2047,12958,519.828406,0.0401164073159438,924.772823513442,979.884871564442
"4215",2048,13000,531.104063,0.0408541586923077,964.423229407503,1002.88997773784
"4215",2049,13039,544.268156,0.041741556561086,1010.09035933701,1030.3536200904
"4215",2050,13075,554.078328,0.0423769275717017,1051.12172350742,1051.12172350742
"4216",2026,5425,111.77432,0.0206035612903226,267.370664476281,324.706644762814
"4216",2027,5459,117.674996,0.0215561450815168,271.212997916797,335.276348485797
"4216",2028,5492,124.991456,0.022758823015295,276.306323967067,348.464708383238
"4216",2029,5525,129.353502,0.0234123985520362,281.360819854816,356.815622846194
"4216",2030,5557,134.3297,0.0241730610041389,287.337073993256,366.348295973024
"4216",2031,5588,141.989984,0.0254098038654259,295.480860665944,380.933428403283
"4216",2032,5619,147.83734,0.0263102580530344,303.736801973605,392.497852226477
"4216",2033,5649,156.276604,0.0276644722959816,314.768303262208,409.326353826781
"4216",2034,5679,159.982491,0.0281708911780243,323.47195508983,417.179887724574
"4216",2035,5709,165.495418,0.0289885125240848,334.398918777001,428.768957204575
"4216",2036,5739,170.773241,0.0297566197943893,346.061847073484,440.077572786282
"4216",2037,5769,176.4808,0.0305912289824926,359.136525760509,452.485903922945
"4216",2038,5798,183.845594,0.0317084501552259,375.247826265979,468.723320483599
"4216",2039,5827,188.588329,0.0323645665007723,389.373896137232,479.508759382522
"4216",2040,5855,192.770241,0.0329240377455167,403.603185648143,489.165097037029
"4216",2041,5882,194.847123,0.0331259984699082,415.438503102342,494.114721663912
"4216",2042,5907,201.04348,0.0340347858472998,434.301077211565,508.572967445093
"4216",2043,5933,205.482731,0.0346338666779033,451.394854662232,519.162514796247
"4216",2044,5957,210.37917,0.0353162951149908,470.235364386475,530.981115337387
"4216",2045,5981,214.448804,0.0358550081926099,488.460547873686,540.951443536844
"4216",2046,6003,219.872805,0.0366271539230385,510.397377075943,554.408678912874
"4216",2047,6024,224.647248,0.0372920398406374,532.088413054775,566.451733019465
"4216",2048,6044,231.310812,0.0382711469225678,559.401658568384,583.596387641496
"4216",2049,6062,236.288449,0.0389786290003299,584.065040180052,596.651989797457
"4216",2050,6079,241.729126,0.0397646201677908,611.191441497541,611.191441497541
"4217",2026,1816,49.94505,0.0275027808370044,130.754987230788,128.549872307883
"4217",2027,1821,51.227014,0.0281312542559034,131.015878228502,131.115478025472
"4217",2028,1825,53.829492,0.0294956120547945,131.935748309297,136.347133195984
"4217",2029,1828,54.982991,0.0300782226477024,132.645204864821,138.742140540334
"4217",2030,1832,57.527746,0.0314016080786026,134.279243162015,144.11697264806
"4217",2031,1835,59.413073,0.0323776964577657,135.950124625547,148.217824784511
"4217",2032,1837,59.571562,0.0324287218290691,136.714946962655,148.584452192785
"4217",2033,1840,61.413562,0.0333769358695652,138.864977640221,152.696490041989
"4217",2034,1842,63.673321,0.0345674923995657,141.747592800643,157.868982001607
"4217",2035,1844,65.81707,0.0356925542299349,144.968234325144,162.927392743187
"4217",2036,1846,67.068878,0.0363320032502709,147.602133835037,165.951860705342
"4217",2037,1848,69.288504,0.0374937792207792,151.725065249436,171.439151706216
"4217",2038,1850,71.318279,0.0385504210810811,156.082403801672,176.604370548494
"4217",2039,1852,72.97312,0.0394023326133909,160.327762248346,180.919595316334
"4217",2040,1854,75.191326,0.0405562707659115,165.913436742813,186.861498788501
"4217",2041,1855,75.986027,0.0409628177897574,169.445614816816,189.031116704627
"4217",2042,1857,77.213551,0.0415797259019925,173.99503321608,192.421476022972
"4217",2043,1859,78.278412,0.0421078063474987,178.496486401286,195.402015459371
"4217",2044,1861,79.856896,0.0429107447608812,184.405496566458,199.910318150269
"4217",2045,1862,80.081536,0.0430083437164339,187.50682437638,200.546860770929
"4217",2046,1864,82.645972,0.0443379678111588,196.551627297706,208.119561526713
"4217",2047,1865,81.961693,0.0439472884718499,197.598647878076,206.040730003466
"4217",2048,1867,83.167801,0.04454622442421,203.735474557192,209.632945467234
"4217",2049,1868,83.900172,0.0449144389721627,208.814500790683,211.846234587723
"4217",2050,1869,86.686158,0.046381036918138,220.543478051386,220.543478051386
"4218",2026,1434,22.545348,0.015722,72.5783965077903,68.7839650779032
"4218",2027,1447,24.087812,0.0166467256392536,72.7479359869002,71.1668071774559
"4218",2028,1460,25.146467,0.0172236075342466,72.9888463333972,72.93626476227
"4218",2029,1472,24.761074,0.0168213817934783,72.9446321246452,72.7394452924481
"4218",2030,1484,28.143748,0.0189647897574124,74.1782450322188,77.7129801288753
"4218",2031,1496,30.252856,0.0202224973262032,75.3156414374332,81.0544049997676
"4218",2032,1507,32.081762,0.021288495023225,76.588245214734,84.0407545068739
"4218",2033,1517,34.436432,0.0227003506921556,78.3991148329309,87.8941098839474
"4218",2034,1528,35.057744,0.0229435497382199,79.4464707296176,89.1161768240441
"4218",2035,1538,36.534,0.0237542262678804,81.1766635638433,91.6895167173561
"4218",2036,1548,38.80548,0.0250681395348837,83.747812697931,95.6269741009074
"4218",2037,1558,40.396716,0.0259285725288832,86.0752322083653,98.5126482114445
"4218",2038,1568,42.361362,0.027016174744898,89.0089434876111,102.107169977475
"4218",2039,1577,42.849286,0.0271713925174382,90.6988033903825,103.12562279214
"4218",2040,1586,46.468745,0.0292993348045397,96.0397380555687,109.86358088891
"4218",2041,1595,48.754151,0.030566865830721,100.390177186889,114.343663678323
"4218",2042,1604,49.545652,0.0308888104738155,103.096729838268,115.995328340382
"4218",2043,1612,50.525385,0.031343290942928,106.199914362453,118.016833033835
"4218",2044,1620,52.010681,0.0321053586419753,110.257730793486,121.074491346433
"4218",2045,1628,54.181688,0.0332811351351351,115.743280623242,125.60711461322
"4218",2046,1635,56.140302,0.034336576146789,121.282658064624,129.803127134851
"4218",2047,1642,57.623599,0.0350935438489647,126.301019599108,133.057486872235
"4218",2048,1648,59.283595,0.0359730552184466,131.979061371769,136.76114742894
"4218",2049,1654,60.266521,0.0364368325272068,136.51831824239,138.993057914171
"4218",2050,1659,61.233522,0.0369098987341772,141.209938859495,141.209938859495
"4219",2026,3634,89.564061,0.0246461367638965,227.69722238805,242.972223880497
"4219",2027,3640,90.077367,0.0247465293956044,228.479902702241,244.035656016295
"4219",2028,3645,94.097742,0.0258155670781893,230.470491045829,251.545663119022
"4219",2029,3649,99.423477,0.0272467736366128,233.600904462008,261.768962174153
"4219",2030,3654,99.498466,0.0272300125889436,235.002186898639,262.008747594555
"4219",2031,3658,103.205524,0.0282136478950246,238.469793125453,269.373193479838
"4219",2032,3662,107.460995,0.0293448921354451,242.917249185124,278.053074415767
"4219",2033,3667,109.953242,0.0299845219525498,246.769609122499,283.295473441375
"4219",2034,3671,112.63483,0.0306823290656497,251.204938261024,289.012345652559
"4219",2035,3676,116.514062,0.0316958819368879,257.261973089587,297.455938490485
"4219",2036,3681,120.714917,0.0327940551480576,264.402656534087,306.847697966499
"4219",2037,3687,124.532892,0.033776211554109,271.934613041962,315.62851325261
"4219",2038,3693,125.764192,0.0340547500676956,276.894123176514,318.534769411844
"4219",2039,3698,127.444051,0.0344629667387777,282.699700981978,322.510129331027
"4219",2040,3704,129.479088,0.0349565572354212,289.36148247051,327.378371952817
"4219",2041,3709,132.376264,0.035690553788083,297.814128786885,334.398684961336
"4219",2042,3715,135.525972,0.0364807461641992,307.326701441777,342.181002059682
"4219",2043,3720,138.459416,0.0372202731182796,317.132635352486,349.569675054218
"4219",2044,3726,138.872173,0.0372711146001074,322.577158052791,350.615687810053
"4219",2045,3731,141.096045,0.0378172192441705,331.880629017124,356.314620328768
"4219",2046,3736,144.594302,0.038702971627409,344.532520048909,365.450023586952
"4219",2047,3741,146.779369,0.0392353298583267,354.90988524002,371.250574918332
"4219",2048,3745,150.136982,0.0400899818424566,368.76965971058,380.345578065491
"4219",2049,3749,150.891993,0.0402485977594025,376.525477876004,382.39010688416
"4219",2050,3753,153.880718,0.0410020564881428,390.685493934069,390.685493934069
"4220",2026,1147,34.779892,0.0303224864864865,65.0023134436208,92.0231344362083
"4220",2027,1154,36.356551,0.0315048102253033,66.6194155108602,95.5957491698926
"4220",2028,1160,38.384335,0.0330899439655172,68.7034842761868,100.305624435353
"4220",2029,1167,39.392584,0.0337554275921165,70.6583503309419,102.745178027962
"4220",2030,1174,41.107549,0.0350149480408859,73.2365506023844,106.946202409538
"4220",2031,1180,41.334053,0.0350288584745763,75.0908118410235,107.533258577473
"4220",2032,1187,44.65849,0.0376229907329402,79.5629924457143,116.039976756044
"4220",2033,1193,47.684956,0.0399706253143336,84.5759242250095,124.278411655199
"4220",2034,1199,49.288793,0.0411082510425354,88.7238292136258,128.809573034064
"4220",2035,1205,52.414757,0.0434977236514523,95.2954892784851,138.10397549368
"4220",2036,1210,52.588526,0.0434615917355372,98.3571910761069,138.541454897067
"4220",2037,1215,55.224544,0.0454522995884774,105.468137471102,146.815877992393
"4220",2038,1220,57.493144,0.0471255278688525,112.737803452869,154.250551732489
"4220",2039,1224,59.386055,0.0485180187908497,119.986747684969,160.700847123351
"4220",2040,1227,59.473306,0.0484705020374898,123.80478242931,160.887651886895
"4220",2041,1230,61.170118,0.0497318032520325,131.484675864522,166.882529606825
"4220",2042,1233,62.098601,0.0503638288726683,137.723336727472,170.17619532496
"4220",2043,1235,63.174321,0.0511532963562753,144.698807549335,174.133976338082
"4220",2044,1237,64.115107,0.05183112934519,151.625427833659,177.645713333754
"4220",2045,1239,63.977374,0.0516362986279257,155.435076253795,176.997016927748
"4220",2046,1241,65.734647,0.0529690950846092,165.526047057517,183.795349479431
"4220",2047,1242,65.512201,0.0527473438003221,169.247837163955,182.842633424174
"4220",2048,1243,65.944158,0.0530524199517297,175.319198598346,184.507241727942
"4220",2049,1244,63.693194,0.0512003167202572,171.365372252639,175.626360781962
"4220",2050,1245,64.558504,0.0518542200803213,178.906382461948,178.906382461948
"4221",2026,1161,32.022989,0.0275822472006891,71.3786878450519,65.7868784505188
"4221",2027,1161,33.701032,0.0290275900086133,71.5066101937998,68.411710500362
"4221",2028,1161,35.304465,0.030408669250646,71.8280844968671,71.0176256963833
"4221",2029,1161,35.75093,0.0307932213608958,71.949155846349,71.7607333945836
"4221",2030,1162,39.365401,0.0338772814113597,73.5189475288167,78.0757901152667
"4221",2031,1163,41.454185,0.0356441831470335,74.8667219202128,81.9712066790011
"4221",2032,1163,42.928785,0.0369121109200344,76.1708529504168,84.8333936935903
"4221",2033,1164,43.579253,0.037439220790378,77.120849712586,86.1264819657546
"4221",2034,1164,43.234583,0.0371431125429553,77.3755653869523,85.4389134673807
"4221",2035,1164,46.581907,0.0400188204467354,80.9054583630588,92.3553334012773
"4221",2036,1163,48.429043,0.0416414815133276,83.5992127465537,96.4193952559025
"4221",2037,1163,50.020933,0.043010260533104,86.3801602091081,100.058849188504
"4221",2038,1162,49.63949,0.0427190103270224,86.9532621656869,99.187749392158
"4221",2039,1161,52.044337,0.0448271636520241,91.3417613579272,104.922146992216
"4221",2040,1159,54.42844,0.0469615530629853,96.35693135452,110.971090167232
"4221",2041,1158,55.683465,0.0480858937823834,100.024844417055,114.301651950271
"4221",2042,1156,56.607341,0.0489682880622837,103.403724535355,116.862463621936
"4221",2043,1153,54.315059,0.0471075967042498,100.639995446579,110.833892130954
"4221",2044,1151,56.244793,0.0488660234578627,106.127397854245,116.035352069994
"4221",2045,1149,55.975276,0.0487165152306353,107.2347896954,115.365895009723
"4221",2046,1146,56.497227,0.0492995,110.160646833518,116.894878627668
"4221",2047,1143,56.233099,0.0491978118985127,111.288199176239,116.268393438016
"4221",2048,1140,55.11765,0.0483488157894737,110.228987668979,113.328635317815
"4221",2049,1138,54.984752,0.0483170052724077,111.493725722195,113.032442308774
"4221",2050,1135,55.068606,0.0485185955947137,113.351316287778,113.351316287778
"4222",2026,1067,17.931619,0.016805641049672,38.2388090033269,40.3880900332686
"4222",2027,1077,18.29478,0.0169867966573816,38.4079633802167,40.9670064015761
"4222",2028,1087,19.387292,0.0178355952161914,38.7539662470973,42.3083785548417
"4222",2029,1097,21.343739,0.0194564621695533,39.4051890201028,44.6126542122484
"4222",2030,1105,22.241241,0.0201278199095023,39.9405281098858,45.7621124395433
"4222",2031,1113,24.045243,0.0216039919137466,40.8670997859522,47.9725209946162
"4222",2032,1120,25.704681,0.0229506080357143,41.921564742274,50.0663530531506
"4222",2033,1127,25.542087,0.0226637861579414,42.3462453110774,49.9896422374549
"4222",2034,1134,28.941736,0.0255218130511464,44.5383995918976,54.3459989797439
"4222",2035,1140,29.446222,0.0258300192982456,45.4774196218699,55.0912448499884
"4222",2036,1147,30.63426,0.026708160418483,46.9123671683408,56.7628782491385
"4222",2037,1153,32.548533,0.0282294301821336,48.9974883694756,59.4585138916596
"4222",2038,1159,32.405403,0.0279597955133736,49.7333076731556,59.3332866784648
"4222",2039,1165,35.177065,0.0301949055793991,52.8991068660245,63.3601818996161
"4222",2040,1170,37.227846,0.0318186717948718,55.8070824004815,66.4913318407704
"4222",2041,1176,37.983346,0.0322987636054422,57.6805556393128,67.706499078208
"4222",2042,1181,38.850771,0.0328965038103302,59.7724285537317,69.1034693624738
"4222",2043,1186,40.570839,0.0342081273187184,63.0042956997607,71.9041297623874
"4222",2044,1190,41.28263,0.0346912857142857,65.1997145214337,73.096405834108
"4222",2045,1194,42.737085,0.0357932035175879,68.519672904578,75.562674344096
"4222",2046,1198,45.321657,0.0378310993322204,73.7982332517325,80.11556853145
"4222",2047,1202,47.129595,0.0392093136439268,78.3266858595639,83.4385192783819
"4222",2048,1206,47.870015,0.0396932131011609,81.3084617816224,84.8199586828351
"4222",2049,1209,48.081295,0.0397694747725393,83.4364150118502,85.2066649473769
"4222",2050,1211,49.635772,0.0409874252683732,88.2082891608201,88.2082891608201
"4223",2026,15266,285.772126,0.0187195156557055,683.298917670781,784.989176707811
"4223",2027,15360,298.713688,0.0194475057291667,690.361909582884,805.541160602793
"4223",2028,15453,308.739376,0.0199792516663431,698.279352919787,822.16773097021
"4223",2029,15544,322.202887,0.020728441006176,708.539795024236,843.951976584642
"4223",2030,15632,333.517507,0.021335562116172,719.69828893007,862.793155720282
"4223",2031,15718,344.819838,0.0219378952792976,732.317643943753,881.800500673923
"4223",2032,15803,362.327094,0.022927741188382,749.559574325523,910.644844078533
"4223",2033,15887,376.503103,0.0236988168313716,767.262893502383,934.794188972092
"4223",2034,15970,392.19641,0.0245583224796493,787.918612179016,961.796530447541
"4223",2035,16052,404.326381,0.0251885360702716,808.223537529599,983.36808578194
"4223",2036,16134,417.957745,0.0259054013263915,831.485144165562,1007.75819824329
"4223",2037,16215,435.513255,0.0268586651248844,860.23719916369,1039.29209592915
"4223",2038,16293,445.970328,0.0273718976247468,884.795324772763,1058.90059049593
"4223",2039,16369,458.967414,0.0280388181318346,913.591456418779,1083.21950028728
"4223",2040,16442,474.886602,0.0288825326602603,947.740886643771,1113.18541863003
"4223",2041,16512,487.5399,0.0295263989825581,980.446341256767,1137.57938302908
"4223",2042,16580,505.430309,0.030484337092883,1022.18945769684,1172.27065385263
"4223",2043,16644,517.726917,0.0311059190699351,1059.01295095171,1196.76332332435
"4223",2044,16705,531.184617,0.0317979417539659,1099.69278303072,1223.86165552351
"4223",2045,16763,547.252599,0.0326464594046412,1147.02404937189,1256.64498384232
"4223",2046,16817,559.849765,0.0332907037521556,1191.24036212973,1282.87101427027
"4223",2047,16867,578.589584,0.0343030523507441,1249.25823033349,1322.43180882647
"4223",2048,16913,591.07902,0.0349482067049016,1298.59412145355,1349.39905022006
"4223",2049,16956,605.956724,0.0357370089643784,1355.39987758699,1382.02584684362
"4223",2050,16994,623.856433,0.0367103938448864,1422.10379378853,1422.10379378853
"4224",2026,855,21.631842,0.0253004,58.5222755775425,54.2227557754245
"4224",2027,848,21.594418,0.0254651155660377,58.3151321258091,54.019142733157
"4224",2028,842,22.375829,0.0265746187648456,58.3476412367906,55.2722356388032
"4224",2029,837,22.232783,0.0265624647550777,58.1342627698878,54.9259424465308
"4224",2030,832,23.229258,0.02791978125,58.410276823872,56.6411072954878
"4224",2031,828,24.399318,0.0294677753623188,58.9370255714798,58.780958509495
"4224",2032,824,24.892531,0.0302093822815534,59.2220232527985,59.6831484701494
"4224",2033,821,25.605544,0.0311882387332521,59.7476733835697,61.0625472650198
"4224",2034,817,26.62023,0.0325829008567931,60.6411527521512,63.1028818803779
"4224",2035,815,26.172785,0.0321138466257669,60.3799721772236,62.1542221193683
"4224",2036,812,27.56418,0.0339460344827586,61.8851783029014,65.0740595850556
"4224",2037,810,28.685993,0.0354148061728395,63.3801318317281,67.5465986960548
"4224",2038,808,30.89272,0.0382335643564356,66.5471724271719,72.722131685767
"4224",2039,806,32.251378,0.0400141166253102,69.0604023043817,76.1240890287348
"4224",2040,805,34.132661,0.0424008211180124,72.8148024813939,81.1036839702302
"4224",2041,803,34.030826,0.0423796089663761,73.4794307600274,80.8557445434376
"4224",2042,802,35.660931,0.0444650012468828,77.5112956437822,85.444708062546
"4224",2043,800,37.196597,0.04649574625,81.8978635240311,90.0479505410591
"4224",2044,798,37.168321,0.046576843358396,83.0406751786265,90.0202260369375
"4224",2045,797,39.076935,0.0490300313676286,89.1278121564362,96.0803841925368
"4224",2046,795,40.5304,0.0509816352201258,94.7325913243944,101.038342734582
"4224",2047,793,41.556579,0.0524042610340479,99.5950667966489,104.740920334252
"4224",2048,791,43.895769,0.0554940189633375,109.496276565691,113.590569260206
"4224",2049,788,45.186117,0.057342788071066,116.718045171819,118.966800178514
"4224",2050,786,46.910062,0.0596820127226463,126.421686583619,126.421686583619
"4225",2026,10460,225.022395,0.0215126572657744,477.306069285519,489.060692855195
"4225",2027,10499,234.731234,0.0223574849033241,479.607895254466,502.239238214295
"4225",2028,10538,244.172375,0.0231706561966218,482.881702654534,515.324015168766
"4225",2029,10578,254.932394,0.0241002452259406,487.573055640667,530.46143830902
"4225",2030,10618,265.923964,0.0250446377848936,493.563639052958,546.254556211832
"4225",2031,10658,274.000303,0.0257084164946519,499.647831837524,558.253328130516
"4225",2032,10696,286.585261,0.0267936855833957,508.807469504507,576.946060013867
"4225",2033,10733,295.595276,0.0275407878505544,517.603781279971,590.769051806816
"4225",2034,10770,308.027134,0.0286004766945218,529.622458171767,610.056145429417
"4225",2035,10806,318.684642,0.0294914530816213,542.07871489083,627.037062607612
"4225",2036,10842,327.714003,0.0302263422800221,554.73896311111,641.766238128653
"4225",2037,10876,337.618503,0.0310425251011401,569.357050120275,658.160097795659
"4225",2038,10909,346.241186,0.0317390398753323,584.196889965973,672.721618119951
"4225",2039,10940,360.072019,0.0329133472577697,605.498124578859,696.422339708696
"4225",2040,10970,368.686315,0.033608597538742,623.249270188539,711.598832301663
"4225",2041,10998,375.467498,0.0341396161120204,640.130277897649,723.743815694564
"4225",2042,11024,384.005316,0.0348335736574746,660.247657391265,739.210939130379
"4225",2043,11049,390.213595,0.035316643587655,678.546142255422,750.638836956504
"4225",2044,11072,401.959925,0.0363041839776012,705.849507944408,772.58001025085
"4225",2045,11093,407.164605,0.0367046430181195,725.016281946604,782.481577780436
"4225",2046,11112,413.612079,0.0372221093412527,747.046452238542,794.878179104167
"4225",2047,11130,419.792293,0.0377171871518419,769.680064941063,806.907115426549
"4225",2048,11146,426.898378,0.038300590166876,795.059664808806,820.929367360871
"4225",2049,11160,438.071585,0.0392537262544803,829.66406040528,843.443179641849
"4225",2050,11172,446.419784,0.039958806301468,860.619827223305,860.619827223305
"4226",2026,1623,41.06365,0.025301078250154,84.1256109352931,94.2561093529305
"4226",2027,1619,41.502143,0.0256344305126621,84.6329588977729,94.876064711076
"4226",2028,1616,44.887685,0.0277770327970297,86.0371319324023,100.355039613728
"4226",2029,1613,43.818871,0.0271660700557967,86.2992261566442,98.5257701489141
"4226",2030,1610,46.019409,0.0285834838509317,87.7972522954877,102.189009181951
"4226",2031,1607,48.084067,0.0299216347230865,89.5437652548251,105.760922625479
"4226",2032,1604,47.874576,0.0298469925187032,90.2638839287877,105.350412088577
"4226",2033,1602,48.899274,0.0305238913857678,91.7597149888013,107.16473100359
"4226",2034,1599,51.515254,0.0322171694809256,94.5923316367155,111.980829091789
"4226",2035,1596,51.24864,0.0321106766917293,95.4464394442011,111.449004443888
"4226",2036,1594,54.485468,0.0341815984943538,99.4954409860563,117.727244181171
"4226",2037,1591,55.6977,0.0350079824010057,102.046446859107,120.163798749477
"4226",2038,1589,55.786057,0.0351076507237256,103.535329874886,120.336963408883
"4226",2039,1587,56.861506,0.0358295563957152,106.23982688395,122.557152142894
"4226",2040,1585,58.580896,0.0369595558359621,110.002851354817,126.204562167707
"4226",2041,1582,59.390756,0.0375415651074589,112.789908674414,127.965899885909
"4226",2042,1580,60.663199,0.0383944297468354,116.452248297605,130.788926139436
"4226",2043,1578,61.53475,0.0389954055766793,119.702192797918,132.765685149719
"4226",2044,1576,62.639225,0.039745701142132,123.546405081432,135.317942040557
"4226",2045,1573,63.882889,0.0406121354100445,127.90314069565,138.265403933108
"4226",2046,1570,65.767177,0.041889921656051,133.879662855277,142.858426888561
"4226",2047,1568,66.904518,0.0426686977040816,138.660500135686,145.716056490914
"4226",2048,1565,67.280339,0.0429906319488818,141.931928841751,146.710193342433
"4226",2049,1562,67.980182,0.0435212432778489,146.089269128968,148.547292601525
"4226",2050,1559,72.546044,0.0465337036561899,160.858392990558,160.858392990558
"4227",2026,5764,148.384157,0.0257432611034004,282.563008099465,296.630080994648
"4227",2027,5753,152.626236,0.0265298515557101,283.947364910399,302.43538116654
"4227",2028,5742,157.582152,0.0274437742946708,285.973116908097,309.41781090341
"4227",2029,5731,161.791869,0.0282310013959169,288.326256939703,315.47650324566
"4227",2030,5721,168.108702,0.0293844960671211,291.97857338104,324.91429352416
"4227",2031,5710,174.186397,0.0305054985989492,296.318193003105,334.280671315148
"4227",2032,5699,177.250627,0.0311020577294262,299.872110935531,339.068033647788
"4227",2033,5689,182.627049,0.0321017839690631,305.199653813681,347.757665692914
"4227",2034,5679,186.800681,0.0328932349005107,310.465496295748,354.663740739371
"4227",2035,5669,193.169854,0.0340747669783031,317.988582014725,365.545330319371
"4227",2036,5661,198.668186,0.0350941858328917,325.765190625475,375.242506579947
"4227",2037,5653,203.410066,0.0359826757473908,333.702122393197,383.833409547702
"4227",2038,5645,206.848753,0.036642826040744,341.060527865055,390.200959754646
"4227",2039,5638,213.911887,0.0379410938275984,353.060525729493,403.656214007648
"4227",2040,5632,218.667611,0.0388259252485795,363.500637050512,413.001019280819
"4227",2041,5626,224.53543,0.0399103146107359,376.300918818999,424.850443500375
"4227",2042,5620,229.542045,0.0408437802491103,388.980278905508,435.257541293583
"4227",2043,5614,233.9334,0.0416696473102957,401.67136249244,444.622186430427
"4227",2044,5608,241.693047,0.0430979042439372,421.007208319916,461.654462348278
"4227",2045,5601,247.35298,0.0441622888769863,438.264104255602,474.555820622279
"4227",2046,5594,251.298679,0.0449228957811941,453.398821775604,483.822143265417
"4227",2047,5585,256.962241,0.0460093538048344,473.108738394858,497.460550304065
"4227",2048,5576,261.731469,0.0469389291606887,492.191021416765,509.314617747854
"4227",2049,5566,269.576381,0.0484326951131872,520.065129034989,529.379354841547
"4227",2050,5555,276.715026,0.0498136860486049,548.456923070123,548.456923070123
"4228",2026,1750,48.754961,0.0278599777142857,98.2592943753545,100.592943753545
"4228",2027,1752,49.214531,0.0280904857305936,98.4590086667795,101.338244849305
"4228",2028,1753,50.642023,0.0288887752424415,98.9819193048648,103.61096745637
"4228",2029,1754,53.757922,0.0306487582668187,100.27980752033,108.728505978025
"4228",2030,1756,55.292333,0.0314876611617312,101.338147475947,111.352589903788
"4228",2031,1757,56.336488,0.0320640227660785,102.360764553024,113.167876706171
"4228",2032,1759,57.937172,0.0329375622512791,103.852466877325,116.007590391771
"4228",2033,1760,61.638808,0.03502205,106.994069504997,122.81122622068
"4228",2034,1761,62.631073,0.0355656291879614,108.680977832257,124.702444580643
"4228",2035,1763,65.106564,0.0369294180374362,111.798289045698,129.538946390167
"4228",2036,1765,65.507461,0.0371147087818697,113.36054247774,130.337984163663
"4228",2037,1767,69.351674,0.039248259196378,118.624748620819,138.243411943061
"4228",2038,1769,71.553867,0.0404487659694743,122.734176205078,142.971229463779
"4228",2039,1772,73.183613,0.0413000073363431,126.524263334609,146.551937590825
"4228",2040,1774,75.454337,0.0425334481397971,131.561620727966,151.698593164746
"4228",2041,1776,77.088957,0.0434059442567567,136.093133426301,155.499069322718
"4228",2042,1778,78.030665,0.0438867632170979,139.799484018895,157.713548598422
"4228",2043,1780,79.446516,0.0446328741573034,144.545235619482,161.112183890824
"4228",2044,1782,79.96166,0.0448718630751964,147.863513807953,162.340017816714
"4228",2045,1783,81.919768,0.0459449063376332,154.239842802309,167.21826806438
"4228",2046,1784,83.10154,0.0465815807174888,159.387420456146,170.220494654289
"4228",2047,1785,84.076517,0.0471016901960784,164.323493297789,172.730696673565
"4228",2048,1785,85.427219,0.0478583859943978,170.43229941809,176.305188560097
"4228",2049,1785,86.661883,0.0485500745098039,176.57587358932,179.637271261631
"4228",2050,1785,88.492969,0.0495758929971989,184.695269538627,184.695269538627
"4601",2026,293310,5925.647826,0.0202026791653882,8908.98671185384,9331.86711853843
"4601",2027,294675,6101.384416,0.0207054701484687,8950.24266499429,9503.76483632208
"4601",2028,296054,6292.17972,0.021253486593662,9007.06369049811,9690.9353742749
"4601",2029,297442,6487.12419,0.0218097114395412,9079.1904342046,9884.07263155106
"4601",2030,298834,6705.995115,0.0224405359329929,9171.83793364107,10101.3517345643
"4601",2031,300221,6933.269881,0.0230938871064982,9283.85101569554,10329.3078806802
"4601",2032,301586,7175.188985,0.0237915187873442,9418.42570836848,10574.0791026722
"4601",2033,302925,7422.681186,0.0245033628323843,9574.55341926247,10827.664604862
"4601",2034,304239,7651.999937,0.0251512788860074,9744.01456014866,11067.0364003716
"4601",2035,305519,7888.077821,0.0258186162595452,9935.70282638562,11316.1778888814
"4601",2036,306761,8128.349629,0.0264973371093457,10149.657208875,11572.857281842
"4601",2037,307945,8375.344152,0.0271975325204176,10388.1309464342,11839.8164808472
"4601",2038,309054,8626.332963,0.02791205732008,10650.8827208872,12114.5140379767
"4601",2039,310089,8857.988661,0.0285659557772123,10924.2117126986,12372.1475960826
"4601",2040,311056,9090.535224,0.029224754462219,11219.520939187,12634.0335026992
"4601",2041,311958,9309.096546,0.0298408649433578,11526.4124168925,12883.7545915359
"4601",2042,312801,9532.119972,0.0304734319007932,11857.7737899361,13141.6768427659
"4601",2043,313592,9768.468839,0.0311502488552004,12222.4229398808,13418.5056811944
"4601",2044,314340,10004.639218,0.0318274454985048,12610.9428047723,13699.3455545449
"4601",2045,315048,10242.684516,0.0325115046469109,13025.9052411996,13986.8064507072
"4601",2046,315722,10462.995484,0.0331398999246172,13447.9125884714,14257.1912805546
"4601",2047,316362,10697.056429,0.0338127095826932,13908.9068427472,14548.6555974617
"4601",2048,316971,10938.301129,0.034508838754965,14404.5437021462,14853.9391374554
"4601",2049,317548,11187.352171,0.0352304286942446,14937.7803461719,15174.4990609578
"4601",2050,318096,11431.229431,0.0359364136329913,15493.9664463024,15493.9664463024
"4602",2026,16599,415.227113,0.0250151884450871,879.992480172473,978.924801724732
"4602",2027,16553,425.508666,0.0257058337461487,886.274647643873,994.63380104635
"4602",2028,16508,441.393769,0.0267381735522171,895.43189428824,1020.0393959328
"4602",2029,16465,457.58074,0.0277911169146675,906.781836174489,1046.79687611524
"4602",2030,16425,473.768967,0.0288443815525114,920.363629049954,1074.45451619982
"4602",2031,16386,488.053903,0.0297848103869157,935.280303568253,1099.54018632436
"4602",2032,16350,503.842722,0.0308160686238532,953.234165555867,1128.18204786421
"4602",2033,16316,524.453087,0.0321434841260113,977.033871263421,1167.02447245082
"4602",2034,16285,544.278209,0.0334220576604237,1003.73045312556,1205.8261328139
"4602",2035,16257,562.030244,0.0345715841791228,1032.09911126773,1241.79796861197
"4602",2036,16232,582.549934,0.0358889806554953,1066.55292356536,1284.90089171654
"4602",2037,16208,597.316947,0.0368532173617966,1098.56367876372,1316.92912929506
"4602",2038,16185,618.50605,0.0382147698486253,1141.48747900813,1364.43178001478
"4602",2039,16162,637.222957,0.0394272340675659,1185.63405215839,1407.95157814194
"4602",2040,16138,654.392868,0.040549812120461,1231.6475491491,1449.23607863856
"4602",2041,16114,673.816139,0.041815572731786,1285.39493420272,1497.52065540033
"4602",2042,16089,688.59491,0.0427991118155261,1335.57719348943,1535.53884784204
"4602",2043,16063,704.33893,0.0438485295399365,1391.31999408355,1577.23050045227
"4602",2044,16034,719.813569,0.044892950542597,1450.65901598835,1619.52776256561
"4602",2045,16003,734.897455,0.0459224804724114,1513.37424604997,1662.07599513843
"4602",2046,15971,748.579002,0.046871141569094,1576.96439692653,1701.8992905018
"4602",2047,15936,758.547576,0.0475996219879518,1634.90207747118,1731.98825630556
"4602",2048,15900,766.108725,0.0481829386792453,1689.08455318198,1755.57789533187
"4602",2049,15861,777.314284,0.0490078988714457,1756.25048239559,1790.8186830084
"4602",2050,15820,786.456941,0.0497128281289507,1820.60001544807,1820.60001544807
"4611",2026,3929,117.891497,0.03000547136676,175.185327990114,194.85327990114
"4611",2027,3931,120.662602,0.0306951416942254,176.523591932826,198.626123147825
"4611",2028,3933,125.895036,0.0320099252479024,178.762251228069,205.927149874678
"4611",2029,3936,127.982653,0.0325159179369919,180.634337798582,208.92629552274
"4611",2030,3939,133.02656,0.0337716577811627,183.828699288533,216.31479715413
"4611",2031,3941,137.693155,0.0349386335955341,187.481460698855,223.370298082974
"4611",2032,3943,142.05667,0.0360275602333249,191.579950009627,230.169076952697
"4611",2033,3945,148.380468,0.0376122859315589,197.424969757295,240.379226916677
"4611",2034,3947,152.042994,0.0385211537876868,202.39650448904,246.491261222599
"4611",2035,3948,157.805371,0.0399709652988855,209.497115690835,256.421978721909
"4611",2036,3949,161.458599,0.0408859455558369,215.711408633222,262.918755017309
"4611",2037,3950,165.812561,0.0419778635443038,223.160611620576,270.874364137708
"4611",2038,3951,171.621936,0.0434375945330296,232.874679599634,281.863053817516
"4611",2039,3952,174.772698,0.0442238608299595,240.562018970419,287.999181226246
"4611",2040,3951,179.313244,0.0453842682865097,250.571145385036,297.113832616058
"4611",2041,3952,184.972917,0.0468048879048583,262.993888047396,308.839831014937
"4611",2042,3952,188.79769,0.0477726948380567,273.826261145633,317.037515922333
"4611",2043,3951,192.9147,0.0488268033409264,285.93442431643,326.131422801939
"4611",2044,3950,194.855953,0.0493306210126582,295.082570934876,330.525897980485
"4611",2045,3949,198.326025,0.0502218346416814,307.4774851678,338.510750975753
"4611",2046,3946,201.552321,0.0510776282311201,320.203666100563,346.180783647721
"4611",2047,3944,203.496979,0.0515965971095335,330.88647315114,350.900251437904
"4611",2048,3940,207.022296,0.0525437299492386,345.649135856346,359.647714439293
"4611",2049,3936,206.771818,0.0525334903455285,352.201156893806,359.183020149408
"4611",2050,3931,209.845581,0.0533822388705164,367.063731075654,367.063731075654
"4612",2026,5956,125.892127,0.0211370260241773,248.332410212949,269.324102129489
"4612",2027,5995,132.606242,0.0221194732276897,250.45411387657,278.393555465966
"4612",2028,6033,135.923227,0.0225299564064313,252.5254796402,283.288455086859
"4612",2029,6071,144.198884,0.0237520810410147,256.340489176688,294.661125537354
"4612",2030,6107,148.016592,0.0242372018994596,259.58160119219,300.326404768758
"4612",2031,6142,158.419258,0.0257927805275155,265.848330697453,315.037671991142
"4612",2032,6177,165.659756,0.0268188045977012,271.920601244817,325.755696137899
"4612",2033,6211,173.270793,0.0278974066977942,279.079201703633,337.25297021692
"4612",2034,6244,183.094046,0.0293231976297245,288.554342802243,352.385857005608
"4612",2035,6278,188.456325,0.0300185289901242,296.328453026446,361.036464060447
"4612",2036,6311,198.780486,0.0314974625257487,308.585182609414,377.758279177714
"4612",2037,6344,206.629561,0.0325708639659521,320.276018305727,390.928816206297
"4612",2038,6377,213.485127,0.0334773603575349,332.198205520267,402.72401003685
"4612",2039,6408,222.447828,0.0347140805243446,347.319287729419,418.458362092628
"4612",2040,6438,227.848804,0.0353912401366884,359.871681038875,428.1946896622
"4612",2041,6466,235.867437,0.0364781065573771,376.444436100912,442.897262039112
"4612",2042,6493,242.745233,0.0373856819651933,392.8656257432,455.808036776001
"4612",2043,6517,248.334352,0.0381056240601504,408.615698390338,466.495862224187
"4612",2044,6539,253.43358,0.0387572381098027,424.559921560836,476.399898788175
"4612",2045,6560,255.692071,0.038977449847561,436.764628836127,480.787235490618
"4612",2046,6578,259.499921,0.0394496687442992,451.962213796145,488.308486818994
"4612",2047,6595,264.763062,0.0401460291129644,470.43649188631,498.886188040913
"4612",2048,6610,267.814402,0.0405165509833586,485.63152061217,505.061103364508
"4612",2049,6623,273.381416,0.0412775805526197,506.440287089748,516.587311262076
"4612",2050,6635,273.782532,0.0412633808590806,517.324418045163,517.324418045163
"4613",2026,11660,266.819695,0.0228833357632933,433.730972800854,503.309728008536
"4613",2027,11653,274.779643,0.0235801633055865,437.90550189094,512.585468297748
"4613",2028,11647,286.741692,0.0246193605220228,443.664086472248,526.937636984275
"4613",2029,11642,299.967627,0.0257659875450953,450.929588582593,543.31571097691
"4613",2030,11638,312.607948,0.0268609682075958,459.367048448319,559.468193793278
"4613",2031,11634,326.368879,0.0280530238095238,469.589778817162,577.616621972737
"4613",2032,11631,338.964142,0.0291431641303413,480.847624788376,594.761922425771
"4613",2033,11628,353.712164,0.030419002751978,494.694560555948,615.502236016409
"4613",2034,11625,368.814223,0.0317259546666667,510.600973075775,637.502432689438
"4613",2035,11623,384.28056,0.033062080357911,528.754505960179,660.867442194695
"4613",2036,11622,397.960455,0.034241994062984,547.721945310548,682.256726969576
"4613",2037,11621,412.808282,0.0355226126839343,569.633708621307,706.260894870842
"4613",2038,11620,425.130939,0.0365861393287435,591.454249791929,726.825908712599
"4613",2039,11618,434.479789,0.0373971242038217,612.137614801398,742.829982640677
"4613",2040,11615,447.237505,0.0385051661644425,638.031089843774,765.249743750039
"4613",2041,11612,459.391318,0.0395617738546331,665.327658297575,787.249295543509
"4613",2042,11608,468.063481,0.040322491471399,690.145910945437,803.351301350624
"4613",2043,11604,476.509037,0.0410642051878663,716.103704276456,819.360954951127
"4613",2044,11598,482.966216,0.0416421983100535,740.534348066692,831.850771698958
"4613",2045,11592,492.489617,0.042485301673568,770.998119016648,850.613069558951
"4613",2046,11585,500.930363,0.0432395652136383,801.389121248294,867.63426029211
"4613",2047,11576,507.811314,0.0438675979612992,830.544321039134,881.824587086348
"4613",2048,11566,514.912303,0.0445194797682864,861.4416187056,896.747695897945
"4613",2049,11554,520.647385,0.0450620897524667,890.956761504901,909.071960005092
"4613",2050,11542,532.845764,0.0461658086986657,935.668641799766,935.668641799766
"4614",2026,18861,422.869467,0.0224203100047718,685.846076978279,774.460769782793
"4614",2027,18906,446.124354,0.023596972072358,693.246974495475,801.432541785276
"4614",2028,18949,462.594879,0.0244126275265186,701.407803283793,821.187447335958
"4614",2029,18990,479.627914,0.0252568675092154,711.272363642817,841.987593613258
"4614",2030,19030,501.628207,0.0263598637414609,724.333229792951,869.332919171803
"4614",2031,19070,518.386035,0.027183326428946,737.75399118349,890.796491073008
"4614",2032,19108,543.324667,0.0284344079443165,756.377801642141,923.316312745049
"4614",2033,19145,564.802785,0.0295013207103682,776.126385569236,952.210718811687
"4614",2034,19181,583.825507,0.0304376991293468,796.996389169439,978.490972923598
"4614",2035,19217,607.169675,0.0315954454389343,822.797066584876,1011.536152194
"4614",2036,19253,624.836664,0.0324539897158884,847.597908989448,1037.25875576726
"4614",2037,19288,649.790876,0.0336888674823725,880.214080969505,1074.46649945269
"4614",2038,19320,668.502566,0.0346015820910973,910.943579228035,1103.17014405097
"4614",2039,19349,687.421741,0.0355275074164039,944.409323253583,1132.86693319759
"4614",2040,19375,704.383046,0.0363552539870968,978.558306594054,1160.09329055049
"4614",2041,19399,720.519967,0.037142119026754,1014.22984673256,1186.53561770953
"4614",2042,19419,740.338636,0.0381244469849117,1056.63586840813,1219.76552629733
"4614",2043,19438,754.463591,0.0388138486984258,1094.86865787446,1243.95750220266
"4614",2044,19454,771.689733,0.0396674068572016,1139.51300713302,1274.08129952648
"4614",2045,19468,785.532146,0.0403499150400657,1182.00245378188,1298.77225080846
"4614",2046,19480,801.084075,0.0411234124743326,1229.40916261999,1327.06960308235
"4614",2047,19489,817.918179,0.0419681963671815,1281.62374636658,1358.39295365249
"4614",2048,19496,832.116355,0.0426813887464095,1332.16652110378,1385.36921200409
"4614",2049,19500,845.7684,0.0433727384615385,1384.23510459198,1411.82868009557
"4614",2050,19501,863.568078,0.0442832715245372,1447.13257889319,1447.13257889319
"4615",2026,3186,72.246925,0.0226763731952291,155.76921383655,162.692138365496
"4615",2027,3197,75.324271,0.0235609230528621,156.678863442427,167.20991594492
"4615",2028,3208,80.395555,0.0250609585411471,158.454186417396,174.738208099404
"4615",2029,3219,83.769837,0.0260235591798695,160.305290595695,179.966073391508
"4615",2030,3229,87.449615,0.0270825689067823,162.693744879083,185.774979516331
"4615",2031,3239,91.125732,0.0281339092312442,165.559799545041,191.729737547969
"4615",2032,3249,95.903934,0.0295179852262235,169.515710703335,199.66372524103
"4615",2033,3259,102.668286,0.0315030027615833,175.421062008954,211.333964162632
"4615",2034,3268,108.037832,0.0330593121175031,181.414327680367,221.035819200918
"4615",2035,3277,112.261765,0.0342574809276778,187.353550071688,228.95097159243
"4615",2036,3284,118.003258,0.0359327825822168,195.415031469625,240.084276778158
"4615",2037,3291,122.322993,0.0371689434822242,203.063734552502,248.782896687809
"4615",2038,3297,129.667524,0.0393289426751592,215.083859073027,264.243380132776
"4615",2039,3302,132.759587,0.0402058107207753,223.150453659275,271.000772186
"4615",2040,3306,136.996647,0.0414387921960073,233.460968576959,280.537549723135
"4615",2041,3310,139.466234,0.042134813897281,241.932578728154,286.218986759477
"4615",2042,3312,143.735952,0.0433985362318841,253.950692382758,296.358131975369
"4615",2043,3314,148.220599,0.0447255881110441,267.382328815647,307.38281873308
"4615",2044,3314,151.433256,0.0456950078455039,279.430594039952,315.555605212841
"4615",2045,3314,154.347011,0.0465742338563669,291.626559780469,323.155765883655
"4615",2046,3314,154.621008,0.0466569124924562,298.547830484778,323.879800570327
"4615",2047,3313,156.310762,0.0471810329006942,308.89995217515,328.408396817071
"4615",2048,3311,159.812681,0.0482671945031712,324.277881204927,338.003114816137
"4615",2049,3309,160.567957,0.0485246168026594,333.217444305042,340.160981096148
"4615",2050,3306,162.77906,0.049237465214761,346.4740279621,346.4740279621
"4616",2026,2845,97.442121,0.0342503061511424,169.798650515378,203.986505153777
"4616",2027,2852,101.53636,0.035601809256662,172.339826289539,212.107827560287
"4616",2028,2860,104.573386,0.036564120979021,175.155334484686,218.316197055348
"4616",2029,2866,108.633652,0.0379042749476622,178.931947743032,226.856224673093
"4616",2030,2872,112.306769,0.0391040282033426,183.208775833644,234.835103334577
"4616",2031,2877,114.997022,0.0399711581508516,187.51389093079,240.83092497666
"4616",2032,2882,119.100341,0.0413255867453158,193.383999514938,250.258460045964
"4616",2033,2886,124.886948,0.0432733707553708,201.587814048376,264.17328013345
"4616",2034,2889,127.323631,0.044071869505019,207.690391871769,270.225979679422
"4616",2035,2891,133.250015,0.0460913230716015,218.327805386767,285.606412312611
"4616",2036,2892,136.454759,0.0471835266251729,226.932078275746,294.278059527886
"4616",2037,2893,137.89858,0.0476662910473557,233.779131995453,298.251964869178
"4616",2038,2893,143.588399,0.0496330449360525,247.70823666902,314.56043030731
"4616",2039,2892,144.447847,0.0499473883125864,254.79401340577,317.138746222587
"4616",2040,2890,149.10716,0.0515941730103806,269.353842911929,331.366148659087
"4616",2041,2889,149.968078,0.0519100304603669,277.363458352207,334.095786192011
"4616",2042,2887,150.890385,0.052265460685833,285.764488590285,337.09212655755
"4616",2043,2885,151.488293,0.0525089403812825,293.65097293379,339.086064994969
"4616",2044,2883,151.362702,0.0525018043704475,299.908800912383,338.785549564366
"4616",2045,2881,152.341187,0.052877885109337,309.01184978257,342.014584347778
"4616",2046,2879,153.215349,0.0532182525182355,318.099517525587,344.940608853632
"4616",2047,2877,153.695052,0.0534219854014599,326.288880682239,346.607189501114
"4616",2048,2876,154.621982,0.0537628588317107,335.921156483076,349.698547549271
"4616",2049,2874,154.91447,0.0539020424495477,343.845387775861,350.774428858037
"4616",2050,2873,155.798606,0.0542285436825618,353.765171059434,353.765171059434
"4617",2026,12594,388.16553,0.0308214649833254,572.90072681639,644.007268163905
"4617",2027,12560,400.661184,0.0318997757961783,578.240121290035,661.291791200256
"4617",2028,12527,414.623934,0.0330984221282031,585.353387924323,681.305073853276
"4617",2029,12495,431.28739,0.0345167979191677,594.997136827629,706.162996835901
"4617",2030,12465,445.069705,0.0357055519454473,605.626148666699,727.504594666794
"4617",2031,12436,456.709999,0.0367248310550016,617.070980919466,746.116455372054
"4617",2032,12407,470.526298,0.0379242603369066,631.280782857986,768.940870332263
"4617",2033,12379,483.240703,0.0390371357137087,646.804854649042,790.668564549081
"4617",2034,12353,498.82176,0.0403806168542055,666.291740501883,818.229351254708
"4617",2035,12328,513.050624,0.0416166956521739,687.218885464954,844.357452491322
"4617",2036,12305,523.836979,0.0425710669646485,707.423024736273,864.837946813206
"4617",2037,12283,538.480579,0.0438395000407067,733.329328826431,893.447470880841
"4617",2038,12261,549.984692,0.044856430307479,758.4559758269,916.738137867091
"4617",2039,12239,564.215068,0.0460997686085464,789.081530352856,946.415370813371
"4617",2040,12217,574.945459,0.0470611000245559,817.887618160232,969.620189056372
"4617",2041,12194,582.6442,0.047781220272265,844.472184825043,986.844807283083
"4617",2042,12171,594.13601,0.0488157102949634,878.568570698927,1012.95510099847
"4617",2043,12146,601.07366,0.0494873752675778,907.510749019803,1029.42135460312
"4617",2044,12121,610.828932,0.0503942687897038,943.0708055301,1052.83329745819
"4617",2045,12096,617.8038,0.0510750496031746,975.477240531962,1070.2027575778
"4617",2046,12069,626.085401,0.0518754992957163,1012.27245316223,1091.20288607321
"4617",2047,12041,633.18878,0.0525860626193838,1048.52201788455,1109.81354127837
"4617",2048,12013,641.170622,0.0533730643469575,1088.61787254262,1131.07337572175
"4617",2049,11984,651.678023,0.0543790072596796,1137.19602128368,1159.48937276227
"4617",2050,11954,659.574276,0.0551760311192906,1181.81060102525,1181.81060102525
"4618",2026,10541,362.710845,0.03440952898207,660.678945450891,774.789454508909
"4618",2027,10494,368.638662,0.0351285174385363,667.042880769531,786.493678323863
"4618",2028,10449,375.552472,0.0359414749736817,674.695415986286,800.545234207346
"4618",2029,10404,386.321874,0.0371320524798155,685.230937292121,823.204410786453
"4618",2030,10360,397.834161,0.0384009807915058,698.092047201071,848.368188804283
"4618",2031,10316,409.259331,0.0396722887747189,713.073245449396,874.341723302246
"4618",2032,10272,418.996554,0.0407901629672897,729.041788866661,897.359350358958
"4618",2033,10229,426.554422,0.0417005007332095,745.112416213639,915.89632058935
"4618",2034,10187,435.393944,0.0427401535290076,764.067876376047,938.169690940117
"4618",2035,10147,445.634683,0.0439178755297132,786.581075975046,964.756745085819
"4618",2036,10108,456.274556,0.0451399442026118,812.051574018029,993.371734774798
"4618",2037,10071,464.452724,0.046117835766061,836.745521549441,1016.28394448671
"4618",2038,10034,471.836628,0.0470237819413992,862.328266041141,1037.68775643844
"4618",2039,9999,481.394154,0.0481442298229823,893.522695062037,1065.91097031836
"4618",2040,9963,488.912079,0.0490727771755495,923.691509633365,1089.10641541338
"4618",2041,9929,494.845179,0.0498383703293383,952.827924126362,1108.11762132281
"4618",2042,9894,501.908841,0.0507286073377805,986.200460213124,1131.14351459018
"4618",2043,9860,505.941668,0.0513125423935091,1014.69668110968,1145.21583879279
"4618",2044,9826,515.381816,0.0524508259719113,1057.95855133128,1176.97877591132
"4618",2045,9792,522.917712,0.0534025441176471,1099.35589844827,1203.51495193633
"4618",2046,9758,531.064229,0.0544234708956753,1145.20086658549,1232.94219598292
"4618",2047,9724,535.280606,0.0550473679555738,1181.89509895732,1249.57194248712
"4618",2048,9690,539.478781,0.0556737648090815,1220.10898689841,1266.49620205234
"4618",2049,9655,544.033916,0.0563473760745728,1261.24951386243,1285.14235206487
"4618",2050,9620,550.132958,0.0571863781704782,1309.89708507261,1309.89708507261
"4619",2026,896,28.22519,0.031501328125,35.8332696363399,43.3326963633993
"4619",2027,895,28.071622,0.0313649407821229,36.1171641273528,43.1248300171111
"4619",2028,896,29.272254,0.0326699263392857,36.7019322769555,44.7253272968886
"4619",2029,896,30.787241,0.0343607600446429,37.511732376652,46.8199170665978
"4619",2030,896,30.583286,0.0341331316964286,37.8830794475764,46.5323177903058
"4619",2031,897,31.445556,0.0350563612040134,38.6693886976649,47.7630911223125
"4619",2032,898,33.620233,0.0374390122494432,40.2006154712096,51.0018937575679
"4619",2033,898,34.379766,0.0382848173719376,41.228854049073,52.1830456526153
"4619",2034,899,35.002026,0.0389344004449388,42.2671425394819,53.1678563487048
"4619",2035,899,35.06842,0.0390082536151279,42.9949848943473,53.2742511870796
"4619",2036,899,35.551426,0.0395455239154616,44.0509788344654,54.0546922830851
"4619",2037,899,38.571151,0.0429045061179088,47.4024465672235,59.1998957409239
"4619",2038,899,38.748917,0.0431022436040044,48.484687164266,59.5176130259382
"4619",2039,899,38.996037,0.043377126807564,49.6652454762614,59.9621199595939
"4619",2040,899,39.992253,0.0444852647385984,51.7424906965133,61.7879851144213
"4619",2041,899,40.762292,0.0453418153503893,53.7072263976134,63.2373228643221
"4619",2042,898,42.848161,0.0477151013363029,57.6506897260454,67.3581281800648
"4619",2043,898,43.208244,0.0481160846325167,59.4062520799926,68.093223159312
"4619",2044,897,43.574541,0.0485780836120401,61.2518414396047,68.8733437930383
"4619",2045,897,44.638029,0.0497636889632107,64.3471230244463,71.1195360300878
"4619",2046,896,46.240129,0.0516072868303571,68.7240757156234,74.6753831948511
"4619",2047,895,47.0191,0.0525353072625698,71.8219768109584,76.4895513362912
"4619",2048,895,47.4226,0.0529861452513967,74.2465655854982,77.42871955189
"4619",2049,893,46.807686,0.0524162217245241,74.5327704681888,76.0730082786378
"4619",2050,892,48.835241,0.0547480280269058,80.9387043787632,80.9387043787632
"4620",2026,1099,35.464356,0.0322696596906278,78.6697899959461,75.6978999594613
"4620",2027,1104,37.114464,0.0336181739130435,78.9820311799441,78.8693176723209
"4620",2028,1108,37.895652,0.0342018519855596,79.2477322684674,80.4156129626706
"4620",2029,1113,39.456604,0.0354506774483378,79.9681127557545,83.5558247329624
"4620",2030,1117,42.003886,0.0376041951656222,81.4724063051879,88.8896252207514
"4620",2031,1121,43.690659,0.0389747181088314,82.9041237316599,92.5795608057736
"4620",2032,1125,44.367784,0.0394380302222222,83.9017973006699,94.0824532328304
"4620",2033,1128,46.836663,0.0415218643617021,86.5426506473757,99.8073121306916
"4620",2034,1131,49.182915,0.0434862201591512,89.6151602144942,105.537900536236
"4620",2035,1133,49.667517,0.0438371729920565,91.133485577037,106.733681318942
"4620",2036,1136,50.51754,0.0444696654929577,93.18552879972,108.864271157305
"4620",2037,1139,50.241896,0.0441105320456541,93.9116024685082,108.09580969465
"4620",2038,1142,52.446811,0.0459254036777583,98.1607933419319,113.83780607624
"4620",2039,1144,53.432784,0.046706979020979,101.016840862413,116.475473808363
"4620",2040,1147,53.709639,0.0468261891891892,102.848976193783,117.158361910053
"4620",2041,1150,54.356745,0.0472667347826087,105.416489667007,118.87394666718
"4620",2042,1153,54.632897,0.0473832584562012,107.392399285186,119.560570407409
"4620",2043,1156,55.938113,0.0483893711072664,111.583580510219,123.181126115551
"4620",2044,1159,57.553768,0.0496581259706644,116.832351088178,127.815936887972
"4620",2045,1162,58.649448,0.0504728468158348,121.253456738537,131.00425444743
"4620",2046,1165,61.122647,0.052465791416309,129.679162981272,138.622544683849
"4620",2047,1168,60.799555,0.0520544135273973,130.865937938314,137.440493451621
"4620",2048,1170,61.351287,0.0524369974358974,134.600848164881,139.109025043114
"4620",2049,1172,61.763657,0.0526993660409556,138.039731012601,140.339980272832
"4620",2050,1173,63.857591,0.0544395490196078,147.234323337942,147.234323337942
"4621",2026,15771,470.682898,0.0298448353306702,676.60329906586,772.032990658598
"4621",2027,15797,483.981287,0.0306375442805596,683.060777302533,790.078380382058
"4621",2028,15824,492.091343,0.0310977845677452,689.686278498287,801.350162847357
"4621",2029,15851,506.096603,0.0319283706390764,698.930981368634,820.969324087689
"4621",2030,15878,518.954201,0.0326838519334929,709.339557372259,839.358229489037
"4621",2031,15904,533.899788,0.0335701576961771,722.104687103124,861.146737749995
"4621",2032,15929,552.150197,0.0346632052859564,738.280273407238,888.400841253039
"4621",2033,15954,566.488807,0.0355076348878024,754.583402577332,910.36800710988
"4621",2034,15977,581.855041,0.0364182913563247,773.373172193146,934.432930482865
"4621",2035,15999,596.402088,0.0372774603412713,793.634644485201,957.736330251887
"4621",2036,16021,615.17991,0.0383983465451595,819.233981956638,988.597856750816
"4621",2037,16040,633.496889,0.0394948185162095,847.213373858594,1019.5870709436
"4621",2038,16057,647.377567,0.0403174669614498,873.708003610383,1043.65091565524
"4621",2039,16072,661.114383,0.041134543491787,902.167653707116,1067.98749567169
"4621",2040,16086,676.99143,0.0420857534502051,935.248589314314,1096.7977429029
"4621",2041,16097,690.678493,0.0429072804249239,968.251116779341,1122.22810079901
"4621",2042,16107,704.465046,0.0437365770162041,1003.6924384738,1148.41776924829
"4621",2043,16114,713.499084,0.0442782105001862,1034.66563793189,1165.8856107551
"4621",2044,16121,722.005987,0.0447866749581292,1066.33143702018,1182.55669292927
"4621",2045,16125,735.087029,0.045586792496124,1106.98269038227,1208.74792662433
"4621",2046,16129,743.165371,0.0460763451546903,1141.29975807271,1225.17618596789
"4621",2047,16130,754.100167,0.0467514052696838,1182.38923438798,1247.84702466251
"4621",2048,16130,760.262679,0.0471334580905146,1216.20741864842,1260.81883097126
"4621",2049,16128,769.449312,0.0477089107142857,1257.41129993596,1280.45329863477
"4621",2050,16125,781.607569,0.0484717872248062,1306.9265477668,1306.9265477668
"4622",2026,8273,261.672897,0.0316297470083404,495.551304877213,536.513048772125
"4622",2027,8264,269.369333,0.0325955146418199,499.129612339034,550.124453374796
"4622",2028,8254,279.104422,0.0338144441482917,504.455837734841,567.89050134195
"4622",2029,8246,287.392655,0.0348523714528256,510.657472549144,583.505753172441
"4622",2030,8238,295.458863,0.0358653633163389,518.036317532971,599.145270131882
"4622",2031,8230,306.096629,0.0371927860267315,528.220291307318,620.461882808064
"4622",2032,8221,314.450161,0.0382496242549568,538.700163000793,637.769732310131
"4622",2033,8212,324.179364,0.039476298587433,551.747862328466,658.580309871631
"4622",2034,8202,330.460173,0.0402901942209217,563.572300019017,672.430750047542
"4622",2035,8192,342.385603,0.0417951175537109,582.233979331493,699.534809900555
"4622",2036,8183,352.659204,0.0430965665403886,601.590244642287,723.821567667973
"4622",2037,8173,359.646223,0.044004187324116,619.083093293039,740.918230815685
"4622",2038,8161,367.389385,0.04501769207205,639.174445925991,760.408083501802
"4622",2039,8150,375.978605,0.0461323441717791,662.34119868278,782.644593502604
"4622",2040,8138,383.31125,0.0471014069796019,685.539394914437,802.263031863098
"4622",2041,8125,389.426183,0.0479293763692308,708.38997366364,819.135809303607
"4622",2042,8113,395.65322,0.0487678072229755,732.990916492904,836.701309275578
"4622",2043,8100,402.43242,0.0496830148148148,760.419001966315,856.313900971274
"4622",2044,8087,407.142341,0.0503452876221096,785.038240967499,870.404181893548
"4622",2045,8074,409.94618,0.0507736165469408,806.363062661155,879.139154044498
"4622",2046,8060,416.026413,0.0516161802729529,836.831546232891,897.86064262693
"4622",2047,8047,420.444211,0.0522485660494594,864.539214569743,911.889255853231
"4622",2048,8032,423.89397,0.0527756436752988,890.848364178935,923.268501815065
"4622",2049,8018,428.498314,0.0534420446495385,921.6567180244,938.435551194182
"4622",2050,8002,431.714456,0.0539508192951762,949.55036065408,949.55036065408
"4623",2026,2541,69.421201,0.0273204254230618,114.615254983969,120.152549839685
"4623",2027,2545,72.936768,0.0286588479371316,115.482462037767,124.781542092848
"4623",2028,2550,73.793527,0.0289386380392157,116.096007409542,125.977185197382
"4623",2029,2555,75.366328,0.0294975843444227,117.006553839351,128.148488655771
"4623",2030,2561,77.885448,0.0304121233893011,118.417232478606,131.668929914426
"4623",2031,2566,82.678708,0.0322208526890101,121.056925321172,138.545827204078
"4623",2032,2572,87.458456,0.034004065318818,124.314638237348,145.737348422609
"4623",2033,2578,90.911741,0.0352644456943367,127.465796040117,151.147023558943
"4623",2034,2584,95.578888,0.03698873374613,131.895008028808,158.73752007202
"4623",2035,2589,99.380916,0.0383858308227115,136.388865935057,165.174550708701
"4623",2036,2594,102.685843,0.0395859070932922,141.054954750396,170.957799474517
"4623",2037,2600,106.826531,0.0410871273076923,147.035636268245,178.459778084381
"4623",2038,2604,109.095695,0.041895428187404,151.77844335196,182.688078821746
"4623",2039,2608,114.850563,0.0440377925613497,160.937112615362,193.892957643169
"4623",2040,2612,116.330886,0.0445370926493109,165.770450530766,196.832720849225
"4623",2041,2615,117.954547,0.0451069013384321,171.05568524531,200.121789049525
"4623",2042,2618,121.237659,0.0463092662337662,179.085570093868,206.979385848383
"4623",2043,2621,123.86108,0.0472571842808088,186.71921597467,212.602326745316
"4623",2044,2623,125.077816,0.047685023255814,192.463262866614,215.242919827889
"4623",2045,2625,127.68223,0.0486408495238095,200.980556963295,221.052993185594
"4623",2046,2627,129.036548,0.0491193559192996,207.589621515662,224.105437077249
"4623",2047,2629,131.185582,0.0498994225941423,216.117604819368,229.062089937316
"4623",2048,2631,134.011706,0.0509356541239073,226.625536816159,235.75733709855
"4623",2049,2632,133.358902,0.0506682758358663,229.640662059893,234.146142399889
"4623",2050,2633,135.953612,0.0516344899354349,240.442152143071,240.442152143071
"4624",2026,26236,549.051076,0.0209273927427962,1066.61690513953,1198.16905139529
"4624",2027,26491,575.551378,0.021726298667472,1077.33606052091,1236.26225833388
"4624",2028,26739,604.630285,0.0226122998242268,1091.57174490018,1278.12425657243
"4624",2029,26980,632.363509,0.0234382323573017,1108.69527435701,1318.80129109182
"4624",2030,27216,655.651295,0.024090656047913,1127.50998959886,1354.03995839546
"4624",2031,27445,682.90752,0.0248827662597923,1150.61998566904,1395.02603710971
"4624",2032,27668,716.008916,0.0258785931762325,1179.6555240975,1444.78622799231
"4624",2033,27888,749.765679,0.0268848852194492,1213.12656415237,1496.48707352379
"4624",2034,28103,778.65434,0.0277071608013379,1247.98639683017,1541.96599207542
"4624",2035,28316,807.587381,0.0285205318900975,1286.60455001746,1588.23897146847
"4624",2036,28527,838.711051,0.0294006047253479,1330.65840915635,1638.64928243443
"4624",2037,28734,869.786464,0.0302702882995754,1378.90146043712,1689.85650816999
"4624",2038,28937,904.59929,0.0312609907730587,1434.82728014403,1748.04960026188
"4624",2039,29133,933.948991,0.0320581124841245,1490.43694526394,1798.27565151309
"4624",2040,29325,962.015717,0.0328053100426257,1548.94435030017,1847.11096048027
"4624",2041,29511,992.270928,0.0336237649689946,1614.10983688068,1900.46767831046
"4624",2042,29690,1015.191108,0.034193031593129,1674.78003715854,1941.68576736934
"4624",2043,29862,1043.600611,0.0349474452816288,1746.15362676833,1993.22525663502
"4624",2044,30028,1072.904286,0.0357301280804582,1823.29714021069,2047.2221164009
"4624",2045,30186,1098.672075,0.0363967426952892,1899.81651130989,2095.46647545833
"4624",2046,30336,1124.326177,0.0370624399063819,1980.34473874329,2144.17028087446
"4624",2047,30478,1144.743685,0.037559672058534,2056.11517948333,2183.39738533333
"4624",2048,30612,1171.89474,0.0382822010976088,2147.48642178094,2236.30964516858
"4624",2049,30738,1198.768372,0.0389995566399896,2243.13577947275,2289.54366698467
"4624",2050,30857,1226.460671,0.0397465946462715,2345.35754247495,2345.35754247495
"4625",2026,5231,120.528824,0.0230412586503537,208.657012474286,322.570124742857
"4625",2027,5248,124.107661,0.0236485634527439,214.285073882802,328.982355511286
"4625",2028,5264,130.264548,0.0247463047112462,221.18911961545,339.937826374001
"4625",2029,5278,138.648075,0.0262690555134521,229.826733346326,355.184627512121
"4625",2030,5292,144.760931,0.0273546732804233,238.686824402175,366.747297608702
"4625",2031,5306,149.073822,0.0280953301922352,247.509698108396,375.16416733355
"4625",2032,5318,154.509968,0.029054149680331,257.717313980929,385.899427633627
"4625",2033,5330,160.002313,0.030019195684803,268.864951209939,397.006761958453
"4625",2034,5342,168.924908,0.0316220344440285,283.817685648122,415.544214120305
"4625",2035,5353,174.841184,0.0326622798430786,297.627560155124,428.291566068854
"4625",2036,5364,181.347099,0.0338081840044743,313.178894220857,442.692408886016
"4625",2037,5374,184.576614,0.034346225158169,326.187512234008,450.024414115138
"4625",2038,5385,191.494619,0.0355607463324048,344.50937125839,466.017038651618
"4625",2039,5396,196.615969,0.0364373552631579,361.781956943785,478.1820543724
"4625",2040,5406,205.702954,0.0380508608953015,386.284663193503,500.455461109604
"4625",2041,5417,208.119598,0.0384197153405944,401.710081201253,506.505782945288
"4625",2042,5427,212.481119,0.0391525924083287,421.125578849948,517.607969785641
"4625",2043,5438,213.498438,0.039260470393527,435.07822612534,520.173865932664
"4625",2044,5448,220.759599,0.0405212186123348,461.996985529687,539.2219168125
"4625",2045,5457,226.053748,0.0414245460875939,486.454364784727,553.482295119664
"4625",2046,5466,231.077824,0.0422754892060007,511.61626455085,567.313252412764
"4625",2047,5473,233.631245,0.0426879672939887,531.845647900373,574.41763143704
"4625",2048,5480,234.583615,0.0428072290145985,548.436154884667,577.012059334775
"4625",2049,5486,238.479254,0.0434705165876777,573.404637413178,588.108714195509
"4625",2050,5491,243.97345,0.0444315152067019,604.158052194788,604.158052194788
"4626",2026,40136,709.127951,0.0176681271427148,1430.18809963391,1476.88099633915
"4626",2027,40495,744.814737,0.018392758044203,1438.0085357612,1519.60753280876
"4626",2028,40849,781.161718,0.019123154006218,1449.2374818712,1563.49989640688
"4626",2029,41195,822.673427,0.0199702251972327,1465.01675388604,1613.31413593431
"4626",2030,41536,866.786192,0.020868311633282,1485.42442150659,1666.69768602636
"4626",2031,41869,910.803503,0.0217536483555853,1510.0450052421,1720.80871388557
"4626",2032,42196,960.923717,0.0227728627595033,1541.27212983909,1782.76039950491
"4626",2033,42517,1005.570249,0.0236510160406426,1575.26840325084,1839.53352620921
"4626",2034,42831,1050.924743,0.0245365446288903,1614.23007282086,1898.07518205215
"4626",2035,43139,1101.597663,0.02553600368576,1660.8782541328,1964.15029516069
"4626",2036,43442,1146.736351,0.0263969511302426,1709.80192368627,2024.58299723425
"4626",2037,43737,1195.220827,0.0273274533461371,1765.97845403883,2090.32381275869
"4626",2038,44022,1243.000822,0.0282359007314525,1827.22782099002,2156.32331089094
"4626",2039,44298,1284.854002,0.029004785814258,1889.40477346194,2215.47621014798
"4626",2040,44566,1335.957314,0.029977052326886,1964.57384086548,2288.31814538477
"4626",2041,44825,1380.11105,0.0307888689347462,2039.63732868665,2352.75445839495
"4626",2042,45075,1418.855561,0.0314776608097615,2114.78088224856,2410.40126035508
"4626",2043,45316,1461.552525,0.0322524610512843,2199.11601820379,2474.64883824243
"4626",2044,45547,1501.63704,0.0329689560234483,2286.00470359588,2535.97381109146
"4626",2045,45767,1546.535715,0.0337915029387987,2384.23452230795,2605.59633514825
"4626",2046,45976,1589.213421,0.034566152362102,2485.76621808601,2672.96025657178
"4626",2047,46173,1630.79407,0.0353192140428389,2591.7920360905,2739.69525193296
"4626",2048,46359,1670.646698,0.0360371599473673,2701.23350133322,2804.71189333321
"4626",2049,46533,1712.513448,0.0368021285539295,2819.7982236928,2874.14101162889
"4626",2050,46696,1759.624708,0.037682557563817,2953.77120179424,2953.77120179424
"4627",2026,30809,543.986997,0.0176567560453114,792.708867346562,889.088673465615
"4627",2027,31053,570.372396,0.0183677066950053,800.08711688557,913.542668258693
"4627",2028,31291,600.004801,0.0191749960371992,809.804309191947,940.881766811127
"4627",2029,31523,626.680158,0.0198800925673318,821.125999711477,966.122351583424
"4627",2030,31749,658.908874,0.0207536890610728,835.583223822331,996.332895289322
"4627",2031,31972,686.707356,0.0214783984736645,851.347190889688,1023.20762048587
"4627",2032,32190,716.537177,0.022259620285803,869.815419526479,1052.2012908507
"4627",2033,32406,752.519782,0.023221618897735,892.637637469603,1087.20727577821
"4627",2034,32619,781.133828,0.0239472034090561,915.623848552761,1116.0596213819
"4627",2035,32833,818.518563,0.0249297524746444,944.601413661179,1153.6603740827
"4627",2036,33046,847.216571,0.0256374923137445,972.761816517443,1183.60382424725
"4627",2037,33259,876.447747,0.0263521978111188,1003.65778095089,1214.50298722126
"4627",2038,33468,908.9608,0.0271591012310267,1038.9172630346,1249.12229642655
"4627",2039,33675,937.309826,0.0278339963177431,1074.58672343468,1280.01995478243
"4627",2040,33877,970.411868,0.0286451535850282,1115.9280396071,1316.28486337137
"4627",2041,34076,995.847463,0.0292243063446414,1154.94580051309,1344.93705737824
"4627",2042,34268,1021.752541,0.0298165209816739,1196.65989089074,1374.37127270105
"4627",2043,34454,1047.181067,0.0303935992047367,1240.41956026202,1403.58584442308
"4627",2044,34632,1071.475551,0.0309388874740125,1285.60738676539,1431.81598292309
"4627",2045,34802,1103.316344,0.031702670651112,1340.10760140883,1468.9016632724
"4627",2046,34963,1131.294762,0.0323569133655579,1394.05417337183,1502.06373337863
"4627",2047,35115,1157.452425,0.0329617663391713,1448.95341941234,1533.49681060546
"4627",2048,35258,1184.515572,0.0335956540926882,1507.56020684004,1566.38941280004
"4627",2049,35391,1213.623869,0.0342918784154164,1571.45262111774,1602.21051544701
"4627",2050,35514,1249.362762,0.035179443656023,1646.87402035689,1646.87402035689
"4628",2026,3826,121.897704,0.0318603512807109,169.59243116176,201.924311617599
"4628",2027,3821,123.324247,0.0322753852394661,171.21657738638,203.938744628221
"4628",2028,3816,127.061471,0.0332970311844864,173.592018528248,209.382963018559
"4628",2029,3813,127.199976,0.0333595531077891,175.259205674519,209.572732585972
"4628",2030,3810,128.180441,0.0336431603674541,177.25540811394,211.02163245576
"4628",2031,3808,132.522838,0.0348011654411765,180.842683246085,217.62672433421
"4628",2032,3806,133.772362,0.0351477566999475,183.407871953818,219.562682934826
"4628",2033,3804,139.333291,0.0366280996319664,188.627011702346,228.419342627161
"4628",2034,3803,141.261298,0.0371447010255062,192.23001864576,231.575046614401
"4628",2035,3802,143.9956,0.0378736454497633,196.680854350297,236.127667086393
"4628",2036,3801,148.524263,0.0390750494606682,202.987643839431,243.868723872487
"4628",2037,3800,151.161556,0.0397793568421053,208.279824946652,248.497219408102
"4628",2038,3800,156.160364,0.0410948326315789,216.327862583442,257.505204697168
"4628",2039,3799,159.02045,0.0418585022374309,222.878496534685,262.814462186697
"4628",2040,3798,164.181593,0.043228434175882,232.669622119015,272.671395390424
"4628",2041,3798,166.735637,0.0439009049499737,239.988176133534,277.680265861939
"4628",2042,3797,168.712222,0.0444330318672636,246.944322254486,281.634746077836
"4628",2043,3796,170.938232,0.0450311464699684,254.615197340481,286.156199783703
"4628",2044,3795,174.845252,0.046072530171278,265.401400261228,294.25987130481
"4628",2045,3793,178.494619,0.0470589557078829,276.551638945703,302.063555625481
"4628",2046,3791,181.422605,0.0478561342653653,287.116293349622,308.489756881908
"4628",2047,3788,182.881278,0.0482791124604013,295.39321363756,311.795170295842
"4628",2048,3785,181.813714,0.048035327344782,298.73667821314,309.499111581773
"4628",2049,3781,183.745218,0.0485969896852684,308.361874189114,313.908440715963
"4628",2050,3777,184.258478,0.0487843468361133,315.170699346797,315.170699346797
"4629",2026,398,9.31005,0.0233920854271357,13.483144768214,17.8314476821399
"4629",2027,401,9.387549,0.0234103466334165,13.6840265353489,17.9747384389013
"4629",2028,404,9.21473,0.0228087376237624,13.8429218242489,17.8166961385649
"4629",2029,408,9.844776,0.0241293529411765,14.2001872979627,18.647940225707
"4629",2030,411,9.928399,0.0241566885644769,14.449740602655,18.7989624106202
"4629",2031,414,10.661443,0.0257522777777778,14.9469399724041,19.7719651214055
"4629",2032,417,10.543656,0.0252845467625899,15.1660226325787,19.664685023319
"4629",2033,421,10.794048,0.0256390688836105,15.5537232897075,20.0447539026413
"4629",2034,424,10.725379,0.0252957051886792,15.800331151528,20.0008278788201
"4629",2035,428,10.391939,0.0242802313084112,15.9059237636706,19.6421114598186
"4629",2036,432,12.183231,0.0282019236111111,17.296874088453,22.0460507125326
"4629",2037,435,12.870582,0.0295875448275862,18.1493867911973,23.0475839828239
"4629",2038,439,13.740035,0.0312984851936219,19.2491374332899,24.3620680605271
"4629",2039,442,13.624226,0.0308240407239819,19.5891384658426,24.2155548354767
"4629",2040,444,13.092358,0.0294872927927928,19.5379243259517,23.4606789215227
"4629",2041,447,14.536171,0.0325193982102908,21.3736851650767,25.6395247774742
"4629",2042,450,15.451655,0.0343370111111111,22.8793137973636,27.1133054248052
"4629",2043,452,15.188687,0.0336032898230089,23.102464223186,26.6982565738115
"4629",2044,454,14.607422,0.0321749383259912,22.9195023867531,25.7993579183911
"4629",2045,457,14.655195,0.0320682603938731,23.4771508943415,25.8949549468819
"4629",2046,459,15.589488,0.0339640261437909,25.2210953135871,27.3777591924554
"4629",2047,460,16.782509,0.0364837152173913,27.5319808426719,29.3740629213204
"4629",2048,462,17.249255,0.0373360497835498,28.901067092721,30.1903428029416
"4629",2049,464,17.818773,0.0384025280172414,30.5262667445853,31.2091083060627
"4629",2050,465,18.030371,0.0387749913978495,31.5932962488822,31.5932962488822
"4630",2026,8128,202.311615,0.0248907006643701,265.221761975388,258.217619753879
"4630",2027,8168,211.897828,0.0259424373163565,266.135019706114,266.981961499008
"4630",2028,8208,219.683218,0.0267645246101365,267.457145698624,274.326546849282
"4630",2029,8248,227.413645,0.0275719744180407,269.347900642785,281.754826554285
"4630",2030,8287,238.766844,0.0288122172076747,272.688039369534,292.752157478135
"4630",2031,8325,244.756188,0.0294001427027027,275.433551140303,298.812351792358
"4630",2032,8363,254.479407,0.0304292008848499,279.862988586849,308.655349497996
"4630",2033,8399,268.060836,0.031915803786165,286.558205863001,322.712292035866
"4630",2034,8434,275.122474,0.0326206395541854,291.719653812347,330.299134530867
"4630",2035,8469,286.907727,0.0338774031172512,299.751824230751,343.147026813145
"4630",2036,8503,297.147215,0.0349461619428437,308.102715906224,354.637296644682
"4630",2037,8537,306.566795,0.0359103660536488,316.978708441097,365.470650616774
"4630",2038,8569,317.104536,0.0370060142373673,327.53576509774,377.883209268619
"4630",2039,8600,322.703063,0.0375236119767442,335.678229466565,384.601241645217
"4630",2040,8631,335.412662,0.0388613905688796,349.888205590158,400.221128944252
"4630",2041,8660,343.573779,0.0396736465357968,361.726459628977,410.492769251286
"4630",2042,8688,349.445183,0.0402215910451197,372.381593568096,417.97370509728
"4630",2043,8714,356.590812,0.0409215988065183,384.917368178805,427.243889056007
"4630",2044,8740,363.207463,0.0415569179633867,397.712606223823,435.951749966223
"4630",2045,8764,373.056315,0.0425669003879507,414.902755879319,449.264930313008
"4630",2046,8787,378.302729,0.0430525468305451,427.843846294153,456.404525051944
"4630",2047,8808,385.893503,0.0438117056085377,444.382025756292,466.993831838076
"4630",2048,8828,390.718557,0.0442590118939737,458.174184419913,473.755875048554
"4630",2049,8846,396.953047,0.0448737335518879,474.561414401407,482.687183793669
"4630",2050,8863,406.135827,0.0458237421866185,496.212498477052,496.212498477052
"4631",2026,29972,657.866411,0.0219493664420125,1096.40828362787,1208.08283627866
"4631",2027,30155,693.176061,0.0229871020063008,1106.83676539042,1250.0855664758
"4631",2028,30335,724.059457,0.023868780517554,1119.68618750042,1287.92107143099
"4631",2029,30512,756.703115,0.0248001807485579,1135.95867241987,1328.51139962292
"4631",2030,30685,791.578051,0.0257969056868177,1156.14529678418,1372.58118713671
"4631",2031,30855,825.390195,0.0267506140009723,1179.53045559406,1416.27984554457
"4631",2032,31021,864.939575,0.0278823885432449,1208.86392316626,1468.19668666542
"4631",2033,31182,906.530329,0.0290722317041883,1243.54453834749,1524.12286440688
"4631",2034,31341,944.074686,0.0301226727290131,1280.83110463885,1576.07776159711
"4631",2035,31498,982.173512,0.0311820913073846,1322.89878539389,1630.05436661461
"4631",2036,31653,1017.114613,0.0321332768773892,1367.47981995075,1680.79962094894
"4631",2037,31806,1057.877318,0.0332603067974596,1420.83679024711,1741.24251755534
"4631",2038,31955,1095.458026,0.0342812713503364,1476.93138226035,1798.42069501882
"4631",2039,32098,1128.56875,0.0351600956445884,1533.99997821722,1849.95740973144
"4631",2040,32237,1160.35559,0.0359945277165989,1594.25759273182,1900.4121483709
"4631",2041,32371,1190.13576,0.0367654925705106,1656.76750589808,1948.55472588389
"4631",2042,32499,1220.171363,0.0375448894735223,1723.77888875738,1997.96984108196
"4631",2043,32620,1245.595063,0.0381850111281422,1789.38906818553,2040.45975347191
"4631",2044,32734,1272.689653,0.0388797474491355,1860.90752966372,2086.46132859835
"4631",2045,32842,1296.466044,0.0394758554290238,1931.76024387993,2127.39722323683
"4631",2046,32943,1316.505837,0.0399631435206265,2000.53237313888,2162.27338016339
"4631",2047,33036,1339.275057,0.0405398673265529,2076.66356897693,2202.49416222753
"4631",2048,33124,1363.324678,0.0411582139234392,2158.51275054868,2245.63540599857
"4631",2049,33205,1386.491176,0.0417554939316368,2242.67477845564,2287.81795164222
"4631",2050,33281,1411.435373,0.0424096443316006,2334.01912879976,2334.01912879976
"4632",2026,2974,85.286323,0.0286773110289173,106.212635370888,108.126353708879
"4632",2027,3001,90.41642,0.0301287637454182,107.028509274268,113.480067449222
"4632",2028,3028,94.703136,0.0312758044914135,108.119591690561,118.111952517494
"4632",2029,3054,97.914394,0.0320610327439424,109.333119374671,121.685267645513
"4632",2030,3079,99.974448,0.0324697784995128,110.511573481004,124.046293924014
"4632",2031,3103,106.778685,0.03441143570738,113.405828969477,131.759405111223
"4632",2032,3127,112.820057,0.0360793274704189,116.695919583807,138.910521796328
"4632",2033,3149,115.588288,0.0367063474118768,119.152353913359,142.282355623058
"4632",2034,3170,117.706532,0.0371313981072555,121.555472791422,144.888681978556
"4632",2035,3191,120.720003,0.0378314017549358,124.654313313802,148.638430431547
"4632",2036,3211,124.750306,0.0388509205854874,128.683730915783,153.755222980596
"4632",2037,3229,127.560678,0.0395047005264788,132.3310959334,157.377748162733
"4632",2038,3248,130.814467,0.0402753900862069,136.602519440306,161.64094443692
"4632",2039,3265,132.464556,0.04057107381317,139.953211871586,163.792701058019
"4632",2040,3282,132.6352,0.0404129189518586,142.213860683054,163.942177092886
"4632",2041,3299,136.050044,0.0412397829645347,147.420384121824,168.521334523508
"4632",2042,3315,138.12794,0.0416675535444947,151.717601839957,171.310859771368
"4632",2043,3330,138.959428,0.041729557957958,154.951629282292,172.375090552261
"4632",2044,3345,139.626047,0.0417417180866966,158.086633044886,173.208558767595
"4632",2045,3360,141.387143,0.0420795068452381,162.536521670492,175.583411286759
"4632",2046,3374,142.300866,0.042175716064019,166.158561167012,176.774777843544
"4632",2047,3388,145.315507,0.0428912358323495,172.544583981187,180.979812936549
"4632",2048,3401,147.769589,0.043448864745663,178.55449722511,184.437294297416
"4632",2049,3414,149.824148,0.0438852220269479,184.291760731165,187.342089071341
"4632",2050,3426,150.73736,0.0439980618797431,188.575698056473,188.575698056473
"4633",2026,539,19.449595,0.0360845918367347,24.4265487214302,19.2654872143021
"4633",2027,538,19.917653,0.0370216598513011,24.2745156717245,19.7237503398145
"4633",2028,538,20.003462,0.037181156133829,24.0915905810099,19.8090890343423
"4633",2029,537,19.766877,0.0368098268156425,23.8470866247277,19.574525292836
"4633",2030,537,22.204276,0.0413487448789572,24.2833722361086,22.1334889444343
"4633",2031,537,22.676285,0.0422277188081937,24.329095645056,22.6664196349773
"4633",2032,537,23.093253,0.0430041955307263,24.3980577450634,23.1478699848106
"4633",2033,538,23.09907,0.0429350743494424,24.3285142779248,23.1476255942752
"4633",2034,538,24.093881,0.0447841654275093,24.7342836278899,24.3357090697249
"4633",2035,539,24.579668,0.0456023525046382,24.968035606948,24.926938530167
"4633",2036,540,25.459803,0.0471477833333333,25.4940211375997,26.04004450021
"4633",2037,541,26.174502,0.0483817042513863,26.0118535393217,26.9743483694081
"4633",2038,541,27.036795,0.0499755914972274,26.739987970471,28.1636144917654
"4633",2039,542,28.025032,0.0517067011070111,27.6844620429064,29.5692970943088
"4633",2040,542,28.561031,0.0526956291512915,28.3572052156461,30.3715283450337
"4633",2041,543,29.382139,0.0541107532228361,29.3829162868446,31.615722697124
"4633",2042,543,30.637739,0.0564230920810313,31.0605031199583,33.6578615999404
"4633",2043,542,31.43078,0.05799036900369,32.4132177009607,35.0518206114722
"4633",2044,542,30.885564,0.0569844354243542,32.0604509409177,34.1102592786035
"4633",2045,542,32.246354,0.0594951180811808,34.3510748470967,36.5090151964267
"4633",2046,541,31.683146,0.0585640406654344,33.9544865379526,35.5346900446502
"4633",2047,540,31.941221,0.0591504092592593,34.7948685351696,36.0364715889234
"4633",2048,539,31.528349,0.0584941539888683,34.5611816733443,35.3364126198317
"4633",2049,538,32.80516,0.0609761338289963,37.2448355690026,37.721907084678
"4633",2050,537,31.479585,0.0586212011173184,35.3265738482211,35.3265738482211
"4634",2026,1667,56.946079,0.0341608152369526,98.8765815985317,106.765815985317
"4634",2027,1669,57.78799,0.0346243199520671,99.4084814342386,108.243501339917
"4634",2028,1672,58.491161,0.0349827517942584,100.011675100692,109.495286289667
"4634",2029,1674,60.72565,0.0362757765830347,101.300375780745,113.531180144681
"4634",2030,1676,61.75674,0.0368476968973747,102.360051768498,115.440207073993
"4634",2031,1679,62.153432,0.0370181250744491,103.227205879435,116.181585667599
"4634",2032,1681,65.372729,0.0388891903628792,105.917982404725,122.363022783771
"4634",2033,1683,67.406683,0.0400515050505051,108.303807444703,126.424296399182
"4634",2034,1686,69.595267,0.0412783315539739,111.170452341653,130.926130854132
"4634",2035,1689,71.166061,0.0421350272350503,113.853325542079,134.236172667609
"4634",2036,1691,74.516668,0.044066628030751,118.71430396737,141.609060983936
"4634",2037,1694,76.297784,0.0450400141676505,122.419471846363,145.647749944122
"4634",2038,1697,76.055839,0.0448178190925162,123.86692004584,145.030763719709
"4634",2039,1699,81.425326,0.0479254420247204,133.217345645802,157.944418120514
"4634",2040,1702,80.960144,0.047567652173913,134.686452426269,156.698323882031
"4634",2041,1704,83.541555,0.0490267341549296,141.196721732795,163.202598841955
"4634",2042,1705,86.568552,0.0507733442815249,149.24301117459,171.204301677986
"4634",2043,1706,85.073441,0.0498671987104338,149.001095142396,167.154027311724
"4634",2044,1707,87.000983,0.0509671839484476,155.587811457872,172.306853494028
"4634",2045,1707,90.208336,0.0528461253661394,165.678949719634,181.297168885703
"4634",2046,1707,90.096935,0.0527808640890451,168.530605351305,180.977182766241
"4634",2047,1707,91.703296,0.0537219074399531,175.78618543114,185.646406119594
"4634",2048,1706,90.951877,0.0533129407971864,177.082908119313,183.495035804663
"4634",2049,1705,93.967595,0.0551129589442815,188.998749356228,192.544155175302
"4634",2050,1703,93.452434,0.0548751814445097,191.084446349457,191.084446349457
"4635",2026,2253,67.465348,0.0299446728806036,156.239819039858,158.398190398581
"4635",2027,2256,70.327248,0.0311734255319149,157.096326665507,163.97328484005
"4635",2028,2259,71.602094,0.031696367419212,157.843109255965,166.532052891227
"4635",2029,2263,75.646498,0.0334275289438798,160.00149475672,174.830563561035
"4635",2030,2267,77.425202,0.034153154830172,161.653412010987,178.613648043947
"4635",2031,2272,78.913885,0.0347332240316901,163.429145147211,181.840504859863
"4635",2032,2276,81.956241,0.0360088932337434,166.582212941045,188.560655203215
"4635",2033,2281,86.355915,0.0378587965804472,171.471012333417,198.678654712874
"4635",2034,2285,88.315773,0.0386502288840263,174.934733045744,203.336832614359
"4635",2035,2289,91.582596,0.040009871559633,180.20648855193,211.329116690126
"4635",2036,2293,92.078763,0.0401564600959442,182.856544159153,212.540092966637
"4635",2037,2297,93.967819,0.0409089329560296,187.412148517155,217.291997106645
"4635",2038,2300,96.96753,0.0421597956521739,193.987890122687,225.068891132158
"4635",2039,2303,99.694451,0.0432889496309162,200.85971471777,232.356961221736
"4635",2040,2305,101.708922,0.0441253457700651,207.177485604414,237.883976967063
"4635",2041,2307,103.090248,0.0446858465539662,212.79628783474,241.730245788286
"4635",2042,2309,102.622804,0.0444446964053703,215.055960340859,240.365657629799
"4635",2043,2310,105.767196,0.0457866649350649,224.857063854224,249.365510310812
"4635",2044,2311,108.597098,0.0469913881436608,234.850808726745,257.742979002252
"4635",2045,2312,109.158257,0.0472137789792388,240.021788722606,259.411432273977
"4635",2046,2312,110.908125,0.0479706423010381,248.463762806152,264.780897419003
"4635",2047,2312,112.580158,0.0486938399653979,257.188605017389,270.015329597059
"4635",2048,2311,115.025157,0.0497728935525746,268.755803906404,277.898166385301
"4635",2049,2311,116.804901,0.0505430121159671,278.961371834542,283.752074633291
"4635",2050,2309,117.529657,0.0509006743178865,286.26459647826,286.26459647826
"4636",2026,803,26.062335,0.0324562079701121,29.9877068571936,38.8770685719364
"4636",2027,804,28.354065,0.03526625,30.7877530834102,42.0018406066198
"4636",2028,805,28.768962,0.0357378409937888,31.3790128128848,42.5943589307701
"4636",2029,807,29.697144,0.0367994349442379,32.1758160290984,43.9450166075217
"4636",2030,808,30.414838,0.0376421262376238,33.0036649990656,45.0146599962623
"4636",2031,809,31.218848,0.0385894289245983,33.9567943558373,46.2410238463905
"4636",2032,810,33.773266,0.0416953901234568,35.9416719050779,50.3589904771629
"4636",2033,811,35.602048,0.0438989494451295,37.8885608204699,53.5201677806067
"4636",2034,812,35.958918,0.044284381773399,39.0592642666522,54.1481606666304
"4636",2035,813,35.954398,0.0442243517835178,39.9929843864492,54.1268214547411
"4636",2036,813,38.59107,0.0474674907749078,43.2943170577932,59.0932990690383
"4636",2037,814,39.886933,0.0490011461916462,45.7453765736516,61.6739055095642
"4636",2038,814,40.325154,0.0495395012285012,47.4685791329285,62.5792347871428
"4636",2039,814,40.116082,0.049282656019656,48.4730770369709,62.1456630416527
"4636",2040,813,39.855101,0.0490222644526445,49.3958508513358,61.6333613621373
"4636",2041,813,42.847902,0.0527034464944649,54.8979332094105,68.0912199387329
"4636",2042,812,43.780569,0.0539169568965517,57.8949395744471,70.278485106353
"4636",2043,811,43.454583,0.0535814833538841,58.9110960304164,69.5574183463274
"4636",2044,809,44.026765,0.054421217552534,61.5353713494685,70.9811243218948
"4636",2045,808,44.180204,0.0546784702970297,63.4408792766729,71.3887744943667
"4636",2046,806,44.934658,0.0557501960297767,66.6619773521692,73.3082086496109
"4636",2047,805,45.088668,0.0560107677018634,68.702763221253,73.7355078549329
"4636",2048,803,44.538486,0.0554651133250311,69.2133731550026,72.4739169243271
"4636",2049,801,44.732834,0.0558462347066167,71.3914670610281,73.0430826608084
"4636",2050,800,45.826177,0.05728272125,75.8444176966248,75.8444176966248
"4637",2026,1290,49.031692,0.0380090635658915,74.9886435955684,74.8864359556842
"4637",2027,1286,51.585718,0.0401133110419907,75.5541140632658,79.0299204601149
"4637",2028,1283,51.513789,0.0401510436477007,75.6870727923455,78.9261302419745
"4637",2029,1280,52.290627,0.04085205234375,76.1156251614527,80.2500007597776
"4637",2030,1278,53.657324,0.041985386541471,76.9051900248894,82.6207600995577
"4637",2031,1276,57.790476,0.04529034169279,79.3732771956328,90.2113989413316
"4637",2032,1275,59.210206,0.046439377254902,80.8462294325993,92.9883982541518
"4637",2033,1273,60.282355,0.0473545600942655,82.3120720966167,95.1712333699771
"4637",2034,1271,60.985824,0.0479825523210071,83.6603151944633,96.6507879861582
"4637",2035,1269,61.951928,0.0488194862096139,85.373040581626,98.7098070437165
"4637",2036,1267,63.11369,0.0498134885556432,87.4649365344381,101.241971651449
"4637",2037,1266,65.688155,0.05188637835703,91.4003027132723,107.000590660044
"4637",2038,1264,65.696492,0.0519750727848101,92.648591241546,107.088347711902
"4637",2039,1262,66.24295,0.0524904516640254,94.6348058474537,108.420946123326
"4637",2040,1260,66.893903,0.0530903992063492,96.8883881160303,110.021420985648
"4637",2041,1258,67.050188,0.0532990365659777,98.4981490393851,110.468904210393
"4637",2042,1256,67.960195,0.0541084355095541,101.415483405684,112.736404865263
"4637",2043,1254,68.141096,0.0543389920255183,103.21788450419,113.261538310765
"4637",2044,1252,67.827828,0.0541755814696486,104.12590252679,112.581809711988
"4637",2045,1250,70.695858,0.0565566864,111.469257450311,119.885239938844
"4637",2046,1249,71.450939,0.0572065164131305,114.877815528741,121.915077092636
"4637",2047,1247,72.661891,0.0582693592622293,119.616910914215,125.272575677988
"4637",2048,1245,72.361204,0.0581214489959839,120.854010681484,124.571903439442
"4637",2049,1242,73.294836,0.0590135555555556,125.347601404017,127.309196263914
"4637",2050,1240,74.498333,0.0600793008064516,130.82434224051,130.82434224051
"4638",2026,3851,130.052515,0.033771102311088,231.404248834613,244.042488346126
"4638",2027,3829,132.623455,0.0346365774353617,232.530004583532,248.400033334777
"4638",2028,3810,136.835265,0.0359147677165354,234.527048610212,255.86884920121
"4638",2029,3792,141.107022,0.0372117674050633,237.173885290357,263.759460189915
"4638",2030,3776,145.243477,0.0384649038665254,240.427141621263,271.708566485054
"4638",2031,3760,150.912801,0.0401363832446808,245.260423263446,283.079733090248
"4638",2032,3745,155.10941,0.0414177329773031,250.117927750316,291.901316154817
"4638",2033,3731,160.927826,0.0431326255695524,257.052549642016,304.62772315039
"4638",2034,3717,165.678347,0.0445731361312887,264.220847039177,315.552117597943
"4638",2035,3704,172.050802,0.0464500005399568,274.11601931927,330.836615586903
"4638",2036,3691,178.122445,0.0482585871037659,285.202938742238,346.216713141555
"4638",2037,3678,180.603104,0.0491036171832518,293.027091494688,352.979690721343
"4638",2038,3666,187.299354,0.0510909312602291,307.699945497076,371.272628176502
"4638",2039,3653,192.326309,0.0526488664111689,321.586107220044,385.891246331989
"4638",2040,3640,195.5334,0.053717967032967,333.630119572367,395.808191315787
"4638",2041,3627,200.189682,0.0551942878411911,349.564423815765,410.47460198606
"4638",2042,3614,202.573996,0.0560525722191478,362.031796443807,418.616852062581
"4638",2043,3600,207.999095,0.0577775263888889,382.608961865441,436.927405919243
"4638",2044,3586,210.089909,0.0585861430563302,396.516225166447,444.85964537606
"4638",2045,3571,212.997407,0.0596464315317838,413.541642860012,455.897406596938
"4638",2046,3555,214.289646,0.0602783814345992,426.932423689324,461.685204340381
"4638",2047,3539,217.407684,0.0614319536592258,446.714452829619,474.185298962951
"4638",2048,3523,223.041682,0.0633101566846438,476.661316562909,496.660882770712
"4638",2049,3506,223.618491,0.0637816574443811,490.46498234015,500.612968665091
"4638",2050,3489,226.483934,0.0649137099455431,513.687908462684,513.687908462684
"4639",2026,2501,93.979029,0.037576580967613,137.284046643825,157.840466438247
"4639",2027,2486,96.059094,0.0386400217216412,138.640419757812,161.475780056816
"4639",2028,2471,98.596956,0.0399016414407123,140.438533726338,166.077335579074
"4639",2029,2457,101.245485,0.0412069536019536,142.666040244029,171.075483501311
"4639",2030,2443,102.427197,0.0419268100695866,144.611928411449,173.447713645795
"4639",2031,2429,104.691591,0.0431006961712639,147.368698721804,178.021560771493
"4639",2032,2415,108.142626,0.0447795552795031,151.322981232449,185.224557638305
"4639",2033,2401,111.876795,0.0465959162848813,156.181286169381,193.431134260362
"4639",2034,2387,115.962547,0.0485808743192292,162.167358009543,202.918395023858
"4639",2035,2373,116.23883,0.0489839148756848,165.161740888221,203.94112203022
"4639",2036,2359,119.993291,0.050866168291649,172.209195111062,213.335147602235
"4639",2037,2346,121.539589,0.0518071564364876,177.349362353374,217.632902152924
"4639",2038,2332,122.956765,0.0527258855060034,182.729874384465,221.781589789937
"4639",2039,2318,125.936868,0.0543299689387403,190.949418226066,230.233052299686
"4639",2040,2303,127.999349,0.0555793960052106,198.507306917841,236.611691068546
"4639",2041,2289,129.281795,0.0564795958934032,205.20793768099,240.974245556212
"4639",2042,2275,130.57066,0.0573936967032967,212.350289938446,245.50041419778
"4639",2043,2260,129.970094,0.0575088911504425,215.861993810635,244.643381438149
"4639",2044,2246,131.457307,0.0585295222617987,224.077322213669,249.938480275702
"4639",2045,2233,131.725775,0.0589904948499776,229.747179551574,251.611913294244
"4639",2046,2219,132.127356,0.0595436484903109,235.985428590213,253.806386576721
"4639",2047,2206,130.868569,0.0593239206708976,237.793074701097,250.823182761799
"4639",2048,2193,133.256617,0.0607645312357501,249.940952441536,259.260489125985
"4639",2049,2181,130.825549,0.0599842040348464,248.048209783214,252.452685489053
"4639",2050,2168,132.648138,0.061184565498155,259.23570856742,259.23570856742
"4640",2026,12413,275.737253,0.0222135868041569,476.0533168748,485.533168747996
"4640",2027,12496,287.141279,0.0229786554897567,478.301045575938,499.007604188639
"4640",2028,12580,295.844892,0.0235170820349762,481.079029960746,509.737314061404
"4640",2029,12663,307.290874,0.02426683045092,485.331765988671,523.620075240803
"4640",2030,12745,322.239406,0.0252835940368772,491.679228875197,541.716915500788
"4640",2031,12825,334.606409,0.0260901683430799,498.618024307738,557.149649766046
"4640",2032,12903,349.015513,0.0270491756180733,507.590919447455,575.279752146017
"4640",2033,12977,359.586373,0.0277095147568776,516.330024471171,589.013860610126
"4640",2034,13049,370.665086,0.0284056315426469,526.419222125938,603.548055314845
"4640",2035,13117,386.401739,0.0294580879011969,540.286224807229,624.225656702238
"4640",2036,13181,395.862661,0.0300328245960094,552.000527180937,637.106373012498
"4640",2037,13240,407.998672,0.0308156096676737,566.5647419313,653.662911085464
"4640",2038,13293,417.062672,0.0313746085909877,580.207011598367,666.285475633395
"4640",2039,13342,426.253367,0.0319482361714885,594.971225709486,679.206341633168
"4640",2040,13386,436.086261,0.0325777873151053,611.349006933964,693.158411094342
"4640",2041,13426,443.936869,0.0330654602264263,627.022590197538,704.46806067553
"4640",2042,13463,450.922821,0.0334934874099383,642.749145147207,714.641635924581
"4640",2043,13498,459.96908,0.0340768321232775,661.516050304894,727.903119057484
"4640",2044,13531,462.839961,0.034205894686276,674.358171874197,732.236350805416
"4640",2045,13561,471.296494,0.0347538156478136,694.232971438573,744.825195616705
"4640",2046,13589,477.677578,0.0351517829126499,712.529701874631,754.446708087802
"4640",2047,13616,487.658659,0.0358151189042303,736.494620265474,769.641825651238
"4640",2048,13641,495.297818,0.0363094947584488,758.459456462105,781.442655634708
"4640",2049,13664,500.012735,0.0365934378659251,777.032213904861,788.799702758297
"4640",2050,13684,507.165922,0.0370626952645425,800.052431226184,800.052431226184
"4641",2026,1863,46.320429,0.0248633542673108,78.181504673034,79.8150467303403
"4641",2027,1874,47.471375,0.0253315768409819,78.4551733070658,81.310351324115
"4641",2028,1886,48.922305,0.025939716330859,78.9081154066353,83.1892308950586
"4641",2029,1897,48.822823,0.0257368597785978,79.1084477608244,83.2162247568207
"4641",2030,1909,51.536362,0.0269965227867994,80.161821325437,86.6472853017479
"4641",2031,1921,54.583444,0.0284140780843311,81.6232619665624,90.6026503184779
"4641",2032,1933,56.648942,0.029306229694775,83.0040547490366,93.3970915354973
"4641",2033,1945,58.639485,0.0301488354755784,84.5775552724095,96.1449800618194
"4641",2034,1957,58.459964,0.0298722350536536,85.2066266955765,96.0165667389413
"4641",2035,1969,62.270309,0.0316253473844591,88.1938383835784,101.300202019608
"4641",2036,1982,65.066411,0.0328286634712412,90.9889059065372,105.345065066394
"4641",2037,1994,66.567338,0.0333838204613842,93.1636193119242,107.587549876925
"4641",2038,2005,69.898337,0.0348620134663342,97.0286025003477,112.597459091541
"4641",2039,2016,70.139442,0.0347913898809524,98.561897781628,112.998974947452
"4641",2040,2026,74.005012,0.0365276465942744,103.639995291136,119.023992465817
"4641",2041,2036,76.486389,0.0375669887033399,107.828645275109,123.02437022658
"4641",2042,2045,77.521312,0.0379077320293398,110.699235716728,124.713193881041
"4641",2043,2053,80.236713,0.0390826658548466,115.794632029844,129.246958684534
"4641",2044,2060,81.770522,0.0396944281553398,119.736156579138,131.853105263403
"4641",2045,2067,82.588486,0.0399557261731979,122.882690265702,133.240234173172
"4641",2046,2073,85.010763,0.0410085687409551,128.566530563708,137.490035957304
"4641",2047,2079,86.958962,0.0418273025493026,133.892958674495,140.977981605065
"4641",2048,2084,88.143891,0.042295533109405,138.235577419898,143.119543156646
"4641",2049,2088,91.401457,0.0437746441570881,146.579952014021,149.251898196385
"4641",2050,2093,94.281388,0.0450460525561395,154.847795713665,154.847795713665
"4642",2026,2087,62.948169,0.0301620359367513,105.791344915948,112.913449159483
"4642",2027,2085,64.890384,0.0311224863309352,106.481759077243,115.776429652678
"4642",2028,2083,68.532521,0.0329008742198752,107.864671452163,121.369551155217
"4642",2029,2082,70.911292,0.0340592180595581,109.28724055589,125.175249674778
"4642",2030,2080,74.663738,0.0358960278846154,111.607480920615,131.429923682461
"4642",2031,2079,77.941163,0.0374897368927369,114.245388678458,137.157873664203
"4642",2032,2078,79.837726,0.0384204648700674,116.566626276413,140.58961931204
"4642",2033,2076,81.682642,0.0393461666666667,119.144103852006,144.018217522774
"4642",2034,2075,87.546447,0.0421910587951807,125.18879962203,155.471999055075
"4642",2035,2073,90.451511,0.0436331456825856,129.720987137455,161.505113457039
"4642",2036,2071,94.09082,0.0454325543215838,135.591327808793,169.402795386932
"4642",2037,2069,96.978214,0.0468720222329628,141.368892968681,175.963693597426
"4642",2038,2066,100.508151,0.0486486694094869,148.650828806436,184.365143284429
"4642",2039,2062,102.486076,0.0497022677012609,154.544802423707,189.331578593544
"4642",2040,2058,105.676779,0.0513492609329446,162.862078300611,197.579325280978
"4642",2041,2054,108.006835,0.052583658714703,170.518351645018,203.895625124555
"4642",2042,2049,108.140796,0.0527773528550512,174.627965267923,204.468521811319
"4642",2043,2044,111.037178,0.0543234726027397,184.419281111829,212.687160829599
"4642",2044,2038,112.920235,0.0554073773307164,192.867112686322,218.376919595254
"4642",2045,2032,114.890223,0.0565404640748032,202.106460623945,224.515643844856
"4642",2046,2026,115.757979,0.0571362186574531,209.118106949832,227.491890529215
"4642",2047,2020,116.108273,0.0574793430693069,214.992012493535,228.934661964547
"4642",2048,2014,117.545232,0.0583640675273088,224.127945059411,233.786967631796
"4642",2049,2008,118.367828,0.0589481215139442,231.862153688434,236.80483500097
"4642",2050,2002,118.90837,0.0593947902097902,238.969172957703,238.969172957703
"4643",2026,4807,166.488613,0.03463461888912,285.200364747144,332.003647471438
"4643",2027,4762,169.757101,0.0356482782444351,287.981186405176,338.04499203764
"4643",2028,4719,170.991689,0.0362347296037296,290.561736331393,340.352779036533
"4643",2029,4678,176.787842,0.0377913300555793,295.282084765139,351.915693012418
"4643",2030,4638,180.370627,0.0388897427770591,299.859065122214,359.436260488857
"4643",2031,4600,186.314263,0.0405031006521739,306.566386530905,372.404822716191
"4643",2032,4562,189.645039,0.0415705916264796,312.550732163053,380.156098963239
"4643",2033,4525,192.661386,0.042577101878453,318.964188655203,387.487416979871
"4643",2034,4490,197.276973,0.0439369650334076,327.562796822724,398.906992056809
"4643",2035,4456,202.91728,0.0455379892280072,338.371390247894,413.420320566614
"4643",2036,4422,208.274197,0.0470995470375396,350.290158964424,427.979282030366
"4643",2037,4389,212.641267,0.0484486823877876,362.299840783559,440.585055187433
"4643",2038,4357,215.118049,0.0493729742942392,372.649492598415,448.453622906209
"4643",2039,4324,218.596201,0.0505541630434783,385.46617837551,459.51689936257
"4643",2040,4292,226.941992,0.0528755806150979,408.560785062698,485.697256100316
"4643",2041,4260,229.979025,0.0539856866197183,423.617980139959,496.781856815032
"4643",2042,4229,233.137204,0.0551282109245685,440.059966234252,508.657094620359
"4643",2043,4198,234.839245,0.0559407444020962,454.16580473548,516.157023370143
"4643",2044,4167,240.135431,0.0576278932085433,478.621881099442,536.286298192829
"4643",2045,4136,244.284474,0.0590629772727273,502.122121006945,553.381072008548
"4643",2046,4106,249.851179,0.0608502627861666,532.108937673298,576.59875020388
"4643",2047,4075,250.739404,0.0615311420858896,548.814928485267,582.890060265089
"4643",2048,4045,250.32789,0.0618857577255871,561.366090231622,584.179557007159
"4643",2049,4015,255.487432,0.0636332333748443,595.636380947907,607.93390228354
"4643",2050,3984,259.771049,0.0652035765562249,629.434861373968,629.434861373968
"4644",2026,5036,150.684284,0.0299214225575854,387.89762549736,341.976254973602
"4644",2027,5032,156.940233,0.0311884405802862,387.586242070662,353.627215059361
"4644",2028,5029,162.621148,0.03233667687413,388.02536680218,364.573524583883
"4644",2029,5025,166.872964,0.0332085500497512,388.74640416853,372.983078440144
"4644",2030,5022,173.162785,0.0344808412982875,391.205409445587,385.821637782347
"4644",2031,5018,178.028796,0.0354780382622559,393.880379143204,396.062188324189
"4644",2032,5015,186.383107,0.0371651260219342,399.929260803988,414.320802473808
"4644",2033,5011,191.952564,0.0383062390740371,405.316814508121,426.977419332747
"4644",2034,5007,197.853953,0.0395154689434791,412.132985045564,440.83246261391
"4644",2035,5003,202.878289,0.0405513270037977,419.252566427621,453.005866120277
"4644",2036,4998,210.24971,0.042066768707483,430.289106948876,471.503383050266
"4644",2037,4993,214.19902,0.0428998638093331,438.496943931703,481.774524744786
"4644",2038,4987,220.799374,0.0442749897734109,451.544546273003,499.444629587277
"4644",2039,4980,226.959557,0.0455742082329317,465.61240049227,516.595575305992
"4644",2040,4973,231.428363,0.0465369722501508,478.306328472279,529.490125555646
"4644",2041,4965,238.14546,0.0479648459214502,496.661776333641,549.470605786627
"4644",2042,4958,242.425702,0.0488958656716418,511.789733721911,562.69961960273
"4644",2043,4950,245.446135,0.0495850777777778,525.286034988406,572.370894899534
"4644",2044,4942,252.702592,0.0511336689599352,550.254556326141,595.909104936956
"4644",2045,4934,256.671731,0.0520210237130118,568.8313223904,609.407781403569
"4644",2046,4925,262.293117,0.0532574856852792,593.60005713462,629.0000672172
"4644",2047,4916,265.25732,0.0539579576891782,612.096072553535,639.868814144828
"4644",2048,4906,265.958151,0.054210793110477,624.206074177227,642.952512624029
"4644",2049,4895,271.30521,0.0554249662921348,652.822260561491,662.945205778173
"4644",2050,4883,272.611884,0.0558287700184313,668.588189533647,668.588189533647
"4645",2026,2889,103.867355,0.0359527016268605,174.494484696143,205.944846961426
"4645",2027,2879,106.327255,0.0369320093782563,176.46495917893,210.745157664948
"4645",2028,2870,110.113951,0.0383672303135889,179.296529639355,218.408740796315
"4645",2029,2861,111.829744,0.0390876420831877,181.83989224136,222.011257606401
"4645",2030,2852,114.087237,0.0400025375175316,184.965530937471,226.862123749884
"4645",2031,2843,117.619647,0.0413716661976785,189.309314831539,234.684573327092
"4645",2032,2833,122.319004,0.0431764927638546,195.234540285402,245.567816262775
"4645",2033,2824,123.537045,0.0437454125354108,199.125134626347,248.586578279579
"4645",2034,2815,125.295706,0.0445100198934281,203.790548549893,252.976371374733
"4645",2035,2806,128.951146,0.0459555046329294,210.913042930841,262.229812413351
"4645",2036,2798,131.307305,0.0469289867762688,217.295434670684,268.464072990913
"4645",2037,2789,135.681358,0.0486487479383291,227.043064920742,280.35232179657
"4645",2038,2781,136.386922,0.0490424027328299,232.348581636082,282.542875701968
"4645",2039,2773,140.093773,0.0505206538045438,242.811265017269,293.231940454926
"4645",2040,2765,142.000763,0.0513565146473779,251.048014163271,299.076822661234
"4645",2041,2757,144.068967,0.0522557007616975,260.14532160372,305.558976005615
"4645",2042,2749,146.082842,0.0531403572208076,269.739366940559,312.056238486513
"4645",2043,2740,145.194922,0.0529908474452555,273.349044748098,309.778365760133
"4645",2044,2732,148.50539,0.0543577562225476,286.875252604759,320.516454973882
"4645",2045,2723,150.858688,0.055401648182152,299.063223254495,328.616274774763
"4645",2046,2714,150.257911,0.0553640055268976,303.767089660955,327.196576071712
"4645",2047,2705,152.278343,0.0562951360443623,316.049002760015,334.435496067622
"4645",2048,2695,151.182168,0.056097279406308,319.387927474022,331.419381052997
"4645",2049,2686,152.812195,0.0568921053611318,331.252647092054,337.496256719018
"4645",2050,2677,154.049548,0.0575455913335824,342.368324397168,342.368324397168
"4646",2026,2901,81.192082,0.0279876187521544,203.6344639474,218.344639474005
"4646",2027,2909,85.077568,0.0292463279477484,205.373588087699,226.53518609236
"4646",2028,2917,85.365751,0.0292649129242372,206.422684521638,227.27248298079
"4646",2029,2925,88.462942,0.0302437408547009,208.803131754819,234.014737669736
"4646",2030,2933,90.724255,0.0309322383225367,211.267247139866,239.068988559465
"4646",2031,2942,91.979441,0.0312642559483345,213.49064774631,241.967470421949
"4646",2032,2950,96.444169,0.0326929386440678,218.312464619209,252.192198828336
"4646",2033,2957,98.286361,0.0332385393980386,221.774999065794,256.551721560811
"4646",2034,2965,100.639648,0.0339425456998314,226.078015043932,262.195037609831
"4646",2035,2972,100.374385,0.0337733462314939,228.080734436599,261.613107283656
"4646",2036,2979,103.288021,0.0346720446458543,233.676168370033,268.686670252701
"4646",2037,2986,107.297387,0.035933485264568,241.294839981936,278.672858501339
"4646",2038,2993,107.705002,0.0359856338122285,244.746394805578,279.720717828324
"4646",2039,2998,108.884282,0.0363189733155437,249.427470210307,282.727608868607
"4646",2040,3004,109.330768,0.0363950625832224,253.173453341773,283.877525346837
"4646",2041,3009,111.047104,0.0369049863742107,259.175154156412,288.302119481377
"4646",2042,3013,111.74822,0.0370886890142715,263.687125053388,290.124464361982
"4646",2043,3017,114.016536,0.0377913609545907,271.38999985108,296.088135391295
"4646",2044,3021,113.829466,0.0376793995365773,274.527231562847,295.583524597222
"4646",2045,3024,114.875002,0.0379877652116402,280.290140842519,298.357096421562
"4646",2046,3026,114.977808,0.0379966318572373,284.132173845913,298.626086877544
"4646",2047,3028,114.341826,0.037761501321004,286.248229005889,296.927581978466
"4646",2048,3030,116.943566,0.0385952363036304,296.262565468725,303.905476182405
"4646",2049,3031,116.968225,0.0385906384031673,300.144143213934,303.96794100149
"4646",2050,3032,115.653696,0.0381443588390501,300.417111723787,300.417111723787
"4647",2026,22037,479.183512,0.0217444984344511,1119.14764428986,1174.47644289858
"4647",2027,22076,493.040941,0.0223337987407139,1124.3400950633,1195.47341864218
"4647",2028,22112,514.67095,0.0232756399240232,1133.18503050701,1228.34303146861
"4647",2029,22147,535.233186,0.0241672996794148,1144.3103700022,1260.34291765739
"4647",2030,22179,558.539885,0.0251832762973984,1159.08917898748,1297.35671594991
"4647",2031,22210,581.318127,0.0261737112561909,1176.67310919601,1334.47168416004
"4647",2032,22240,606.918726,0.0272895110611511,1198.88118009496,1377.24978490756
"4647",2033,22268,629.858932,0.0282853840488593,1223.07769693389,1416.66261223142
"4647",2034,22296,658.503037,0.0295345818532472,1254.69105940915,1467.22764852288
"4647",2035,22324,682.107742,0.0305549069163232,1286.77931726791,1510.20986804094
"4647",2036,22353,707.969641,0.0316722426967297,1324.66275911071,1558.60580865414
"4647",2037,22381,732.810798,0.0327425404584246,1365.88356927788,1606.43135468854
"4647",2038,22406,758.046398,0.0338322948317415,1411.85476152772,1656.37229368677
"4647",2039,22427,786.978615,0.0350906770856557,1466.89306133471,1715.3711682293
"4647",2040,22446,807.080558,0.0359565427247616,1515.83651893077,1757.53843028924
"4647",2041,22460,828.155669,0.0368724696794301,1569.98021652072,1802.7814588992
"4647",2042,22471,847.708807,0.0377245697565751,1625.92493032022,1845.74990045746
"4647",2043,22478,869.549162,0.0386844542219059,1689.67068716905,1894.92635548346
"4647",2044,22482,892.106628,0.0396809282092341,1759.41259644294,1947.0807696038
"4647",2045,22481,911.016876,0.0405238590810017,1827.1302850841,1991.92958164197
"4647",2046,22477,924.545069,0.0411329389598256,1887.9301125918,2024.68248540212
"4647",2047,22470,939.133975,0.0417950144637294,1954.04211414011,2060.65308635506
"4647",2048,22459,952.440007,0.0424079436751414,2020.51877830034,2094.10138194631
"4647",2049,22445,966.765981,0.0430726656716418,2092.62566479966,2130.79289849315
"4647",2050,22427,981.793275,0.0437772896508673,2170.08245978373,2170.08245978373
"4648",2026,3372,132.653282,0.0393396447212337,225.852822406307,224.528224063071
"4648",2027,3353,135.904745,0.0405322830301223,226.630897498252,230.588345441835
"4648",2028,3335,136.605214,0.0409610836581709,227.054912926313,232.028073864645
"4648",2029,3318,139.088675,0.0419194318866787,228.318820274545,236.912095409622
"4648",2030,3302,142.9288,0.043285523924894,230.662811774704,244.651247098816
"4648",2031,3288,146.284453,0.0444904054136253,233.385969286527,251.690327953136
"4648",2032,3275,149.496536,0.0456477972519084,236.618917780378,258.673593170393
"4648",2033,3263,151.972593,0.0465744998467668,239.873787401031,264.272516968361
"4648",2034,3251,155.735282,0.0479038086742541,244.778967899887,272.947419749717
"4648",2035,3240,157.414651,0.0485847688271605,248.349479074066,277.084523597865
"4648",2036,3230,161.056918,0.0498628229102167,254.477574833695,285.952789123569
"4648",2037,3221,163.969433,0.0509063747283452,260.504496079248,293.325846008289
"4648",2038,3211,167.245571,0.0520851980691373,267.743018738939,301.896397707162
"4648",2039,3202,170.386998,0.0532126789506558,275.573111643319,310.379764499267
"4648",2040,3193,171.832655,0.0538154259317256,281.374116424199,314.598586278718
"4648",2041,3184,173.995686,0.0546468863065327,288.839764789032,320.852475153256
"4648",2042,3175,175.403245,0.0552451165354331,295.418094270212,325.168706100303
"4648",2043,3166,175.840709,0.0555403376500316,300.375763014966,326.848492223683
"4648",2044,3157,178.883063,0.0566623576179918,311.226694081629,335.969927847263
"4648",2045,3147,180.261146,0.0572803133142676,319.075856802076,340.554900679479
"4648",2046,3138,181.760062,0.0579222632249841,327.603346402297,345.533348708584
"4648",2047,3129,183.824103,0.058748514860978,338.122355578271,352.335048538897
"4648",2048,3120,185.412495,0.0594270817307692,347.946735681348,357.8343088447
"4648",2049,3110,187.293674,0.0602230463022508,359.263797889766,364.455893911445
"4648",2050,3101,187.114792,0.0603401457594324,364.554911462237,364.554911462237
"4649",2026,9344,272.60242,0.029174060359589,443.047730380063,479.477303800631
"4649",2027,9339,278.744641,0.0298473756290823,445.742311676527,488.034994011104
"4649",2028,9335,290.475944,0.0311168659882164,450.529127269819,504.88072725611
"4649",2029,9332,300.229221,0.0321720125375054,456.072637499852,519.341823528717
"4649",2030,9329,309.494481,0.033175525887019,462.617735812713,533.470943250854
"4649",2031,9326,317.042346,0.0339955335620845,469.552384779314,545.269164449789
"4649",2032,9323,325.122943,0.0348732106618041,477.73965791156,558.198947420184
"4649",2033,9318,338.731354,0.0363523668169135,490.362799717516,580.690481979355
"4649",2034,9313,348.136284,0.0373817549661763,502.111247820544,596.77811955136
"4649",2035,9309,360.775533,0.0387555626812762,517.803561565895,619.122426436332
"4649",2036,9304,367.782014,0.0395294512037833,530.622340758106,631.889138438118
"4649",2037,9299,378.019713,0.0406516521131304,547.664461235057,651.028217044013
"4649",2038,9292,390.869957,0.0420652127636677,569.301731244673,675.912238626679
"4649",2039,9286,401.390565,0.0432253462201163,590.589439459909,697.024577804101
"4649",2040,9278,411.794951,0.0443840214485881,613.757993009085,718.612788814536
"4649",2041,9270,418.556873,0.0451517662351672,633.821732355671,733.070539404786
"4649",2042,9260,427.146426,0.0461281237580994,658.023702427539,751.891003467913
"4649",2043,9249,436.508867,0.0471952499729701,685.330402778486,773.007325801336
"4649",2044,9238,444.218235,0.0480859747780905,711.745647528591,790.929867778828
"4649",2045,9224,451.41763,0.0489394655247181,738.965833891096,808.188718635195
"4649",2046,9209,459.349202,0.049880464979911,769.387247267259,827.690879137952
"4649",2047,9193,464.771877,0.0505571496791037,796.24249899396,841.526759429814
"4649",2048,9175,469.848602,0.051209656893733,823.656835450888,854.845227514473
"4649",2049,9155,475.541534,0.0519433679956308,853.925966680757,870.091913434552
"4649",2050,9135,482.195446,0.0527854894362343,888.208963376232,888.208963376232
"4650",2026,5742,177.455843,0.0309048838383838,424.994170313912,397.941703139117
"4650",2027,5734,182.057047,0.0317504441925358,425.05580383107,406.587664225967
"4650",2028,5727,189.938437,0.0331654333857168,426.940746652034,421.94712372591
"4650",2029,5720,195.395821,0.0341601085664336,429.048134104057,432.9323957838
"4650",2030,5714,203.183163,0.0355588314665733,433.291637616053,449.166550464211
"4650",2031,5708,210.109975,0.0368097363349685,438.392564277564,464.148049661091
"4650",2032,5702,218.132201,0.03825538425114,445.603210965944,482.163726049057
"4650",2033,5696,226.721775,0.0398036824087079,454.923527208894,502.271799196949
"4650",2034,5690,233.292306,0.0410004052724077,464.10487418585,518.262185464625
"4650",2035,5684,243.27324,0.0427996551724138,478.555018091118,543.554327065413
"4650",2036,5677,247.334467,0.0435678116963185,487.98837913277,554.291324490042
"4650",2037,5669,256.656316,0.045273648968072,505.72971969508,579.667745746498
"4650",2038,5661,261.52742,0.0461980957428016,519.034566108777,593.517392925048
"4650",2039,5651,266.833417,0.0472187961422757,534.376606235429,609.066563804986
"4650",2040,5640,274.388168,0.0486503843971631,555.437202947278,631.899524715645
"4650",2041,5629,276.463761,0.0491141874222775,567.545527323366,638.634758223949
"4650",2042,5617,279.515512,0.0497624197970447,582.387882161559,648.554117373655
"4650",2043,5604,282.362815,0.0503859412919343,597.674198305234,658.066709566419
"4650",2044,5592,285.270513,0.0510140402360515,613.935995764936,667.91741389024
"4650",2045,5579,289.241383,0.0518446644559957,633.982471599156,681.516888122038
"4650",2046,5566,289.740782,0.0520554764642472,645.446905199469,683.819888469964
"4650",2047,5552,291.306882,0.0524688188040346,660.324897626021,689.774532536362
"4650",2048,5539,291.344996,0.0525988438346272,670.891818271458,690.585749482657
"4650",2049,5525,291.484884,0.0527574450678733,681.911267211538,691.803913986014
"4650",2050,5511,295.909489,0.0536943365995282,707.774739100441,707.774739100441
"4651",2026,6968,185.353634,0.0266006937428243,385.051962318241,421.519623182407
"4651",2027,6960,188.716496,0.0271144390804598,387.315606407433,426.93168296315
"4651",2028,6953,195.870568,0.0281706555443693,391.127631302432,438.872178871038
"4651",2029,6945,202.532543,0.0291623532037437,395.725000642511,450.294120670639
"4651",2030,6938,209.822038,0.0302424384548861,401.546545406626,463.186181626503
"4651",2031,6930,216.793361,0.0312833132756133,408.275921745212,475.872771287692
"4651",2032,6923,223.680198,0.0323097209302326,416.030246529237,488.785373936114
"4651",2033,6916,233.088853,0.0337028416714864,426.695378598562,507.056216823621
"4651",2034,6909,239.843972,0.0347147158778405,436.843621519283,520.609053798207
"4651",2035,6902,246.247982,0.0356777719501594,447.857748718686,533.817711356996
"4651",2036,6896,253.827891,0.0368079888341067,461.238426840757,549.923003875278
"4651",2037,6889,263.922423,0.0383107015532008,478.975526240785,572.171758518605
"4651",2038,6883,270.702482,0.0393291416533488,494.65887402575,587.652498228637
"4651",2039,6877,275.239212,0.0400231513741457,508.648762739451,598.274489769278
"4651",2040,6871,281.069116,0.0409065807014991,525.511900754679,612.219041207486
"4651",2041,6864,286.428212,0.0417290518648019,542.891239321852,625.364134825438
"4651",2042,6857,294.19977,0.0429050269797287,565.752871969665,644.932674242378
"4651",2043,6850,299.906942,0.0437820353284672,586.579629805279,659.752040413937
"4651",2044,6842,303.120958,0.0443029754457761,603.688329355163,668.339779813114
"4651",2045,6834,308.387776,0.0451255159496635,626.040496783801,682.588303733909
"4651",2046,6826,311.343083,0.0456113511573396,644.342448611479,690.814645425269
"4651",2047,6817,318.416119,0.0467091270353528,673.619600272534,710.712225659193
"4651",2048,6807,322.852266,0.0474294499779639,697.94455006435,723.642756826324
"4651",2049,6796,326.660752,0.0480666203649205,721.765645240942,735.042228821758
"4651",2050,6785,332.032679,0.0489362828297716,751.332811328876,751.332811328876
"5001",2026,216520,3791.501211,0.0175110900193977,6252.49999112829,7003.9999112829
"5001",2027,217909,3950.263275,0.0181280409482858,6306.31266426936,7167.63755832263
"5001",2028,219279,4108.384936,0.018735879568951,6372.58730276726,7332.3560158129
"5001",2029,220623,4280.246533,0.0194007267284009,6454.23137553084,7511.26529661571
"5001",2030,221934,4458.289846,0.0200883589085043,6551.21419517668,7697.85678070672
"5001",2031,223207,4631.245696,0.0207486579542756,6661.38164988735,7881.63182569513
"5001",2032,224429,4826.191049,0.0215043111585401,6792.85342102494,8088.54898776905
"5001",2033,225604,5013.100034,0.0222207941082605,6937.90917364364,8290.12875487901
"5001",2034,226737,5203.557473,0.0229497500319754,7100.51870882966,8497.79677207416
"5001",2035,227826,5384.917068,0.023636095388586,7275.75618635626,8698.72842595717
"5001",2036,228875,5563.273157,0.0243070372779902,7465.72177696723,8898.9405830889
"5001",2037,229870,5747.687655,0.0250040790664289,7675.16776173995,9107.86392534624
"5001",2038,230801,5920.800152,0.0256532690586263,7894.82882595682,9306.87059264876
"5001",2039,231674,6099.142328,0.0263263997168435,8134.10168779838,9513.8539366781
"5001",2040,232494,6257.680357,0.0269154488158834,8376.488470512,9700.98155281921
"5001",2041,233266,6410.687954,0.0274823075544657,8629.98419597793,9883.69312600442
"5001",2042,233995,6567.351521,0.0280662044958226,8901.47095967946,10072.5299423992
"5001",2043,234685,6721.199063,0.0286392358395296,9186.22411908381,10260.1513479102
"5001",2044,235342,6887.818977,0.029267274761836,9498.61934978627,10465.2830319823
"5001",2045,235969,7040.646204,0.0298371659158618,9814.92291199383,10656.2897378386
"5001",2046,236568,7193.110178,0.0304060996330865,10147.1195775629,10849.1406794858
"5001",2047,237142,7345.150807,0.0309736394523113,10495.4115294882,11043.8298923811
"5001",2048,237691,7489.825266,0.0315107650941769,10851.8256905368,11231.5142600398
"5001",2049,238217,7661.791044,0.0321630741886599,11258.5941698762,11456.8900466246
"5001",2050,238720,7823.469386,0.0327725761813003,11672.0727817528,11672.0727817528
"5006",2026,24038,695.736863,0.0289432092104168,1920.67368970533,1854.73689705331
"5006",2027,24044,716.162376,0.0297854922641823,1923.87272135364,1897.98342802645
"5006",2028,24047,737.086552,0.0306519130037011,1930.67141061304,1943.26520350308
"5006",2029,24048,761.32205,0.0316584352129075,1942.66694479456,1997.02091668028
"5006",2030,24046,782.861053,0.0325568099891874,1957.50233580565,2046.00934322261
"5006",2031,24042,809.62931,0.0336756222444056,1979.91370614323,2108.56941267209
"5006",2032,24036,832.918152,0.0346529435846231,2004.88050334816,2164.5553949174
"5006",2033,24028,856.361271,0.035640139462294,2034.7333325254,2222.43677938041
"5006",2034,24021,880.996659,0.0366761025352816,2070.79000738593,2284.97501846483
"5006",2035,24013,903.946907,0.037644063923708,2110.3739866059,2344.85482652776
"5006",2036,24006,930.162623,0.0387470891860368,2159.42843121016,2415.21774991612
"5006",2037,23998,950.427211,0.0396044341611801,2206.3387479969,2471.09999609151
"5006",2038,23987,966.962587,0.04031194342769,2252.34956436385,2517.72648066154
"5006",2039,23974,984.221149,0.0410536893718195,2303.64540908532,2567.39644099629
"5006",2040,23959,1002.878928,0.0418581296381318,2361.92085754068,2622.27337206509
"5006",2041,23942,1020.369117,0.0426183742795088,2422.81897102662,2674.89656004018
"5006",2042,23923,1037.303144,0.0433600779166492,2487.28414156429,2726.97734509184
"5006",2043,23903,1049.940287,0.0439250423377819,2546.53111633161,2766.68625943269
"5006",2044,23881,1062.032935,0.0444718786901721,2607.95355923377,2805.35943126937
"5006",2045,23857,1076.606993,0.0451275094521524,2679.33582864791,2852.72101987435
"5006",2046,23832,1090.19652,0.0457450704934542,2752.30437261918,2897.76985014021
"5006",2047,23805,1103.997408,0.0463767027095148,2830.05573233092,2944.4008251616
"5006",2048,23777,1114.36111,0.0468671871977121,2901.32583225165,2980.24414297475
"5006",2049,23748,1123.712158,0.0473181808152265,2972.47601934025,3013.16989022363
"5006",2050,23717,1136.451477,0.0479171681494287,3058.42553592882,3058.42553592882
"5007",2026,14908,397.742613,0.026679810370271,655.712758347753,743.127583477534
"5007",2027,14893,409.807654,0.0275167967501511,661.591308375621,759.39133364088
"5007",2028,14882,421.821447,0.0283444057922322,668.753826510428,776.021865773872
"5007",2029,14872,435.787179,0.0293025268289403,677.848693340826,795.876203956827
"5007",2030,14862,449.046766,0.0302144237653075,688.304370027476,815.217480109903
"5007",2031,14853,465.268004,0.0313248504679189,701.655519221023,839.584414681819
"5007",2032,14844,483.661319,0.032582950619779,718.196374963767,868.142692196205
"5007",2033,14835,497.020318,0.0335032233232221,734.268982808733,889.500642230987
"5007",2034,14826,511.154549,0.0344769019964926,752.680872566089,912.702181415224
"5007",2035,14818,524.264879,0.0353802725738966,772.346071759999,934.791021165712
"5007",2036,14811,541.172972,0.0365385842954561,797.101853435643,964.10916512767
"5007",2037,14804,557.092098,0.0376311873817887,823.622033875447,992.579578293555
"5007",2038,14795,571.636382,0.0386371329503211,851.347150185798,1019.35845488327
"5007",2039,14786,582.278615,0.0393804013932098,877.147344040521,1039.44228772855
"5007",2040,14775,592.491836,0.0401009702876481,904.204371130941,1059.12699380951
"5007",2041,14763,604.771189,0.0409653315044368,935.723952549508,1083.31917365963
"5007",2042,14750,615.712141,0.041743196,967.577851386701,1105.39693055243
"5007",2043,14736,627.371943,0.0425741003664495,1002.55739334891,1129.46765199853
"5007",2044,14720,634.442943,0.0431007434103261,1032.29116142642,1144.44020829215
"5007",2045,14703,643.795031,0.0437866442902809,1067.31410314091,1164.54043463497
"5007",2046,14685,650.102253,0.0442698163432074,1098.56285427946,1178.4268873876
"5007",2047,14665,658.576162,0.0449080233208319,1135.3042311153,1197.32871111583
"5007",2048,14645,668.264621,0.0456309061795835,1176.32380091314,1219.3230280142
"5007",2049,14623,674.668969,0.0461375209601313,1212.2409818614,1234.30231881704
"5007",2050,14601,680.900784,0.0466338459009657,1249.11483276127,1249.11483276127
"5014",2026,5468,109.778127,0.0200764679956108,223.186246674427,215.862466744271
"5014",2027,5516,112.569917,0.020407889231327,223.411459690949,219.719706843264
"5014",2028,5562,117.276763,0.0210853583243438,224.289167823399,225.652387562282
"5014",2029,5607,120.798125,0.021544163545568,225.343166542614,230.320783729947
"5014",2030,5650,124.540485,0.0220425637168142,226.809857313142,235.239429252567
"5014",2031,5691,128.315987,0.0225471774732033,228.658993616874,240.205195189128
"5014",2032,5731,131.993593,0.0230315116035596,230.852849701203,245.085691388318
"5014",2033,5770,137.99717,0.0239163206239168,234.416356356876,252.7347761569
"5014",2034,5807,144.428006,0.0248713631823661,238.806684277082,261.016710692704
"5014",2035,5843,149.618547,0.0256064602087969,243.212003115215,267.913149977635
"5014",2036,5878,152.517518,0.0259471789724396,246.807213126089,272.015185528609
"5014",2037,5912,157.712202,0.0266766241542625,252.210221378981,279.044334398013
"5014",2038,5945,163.775302,0.027548410765349,258.816299247665,287.302362268482
"5014",2039,5977,170.892819,0.028591738162958,266.959552135395,297.122641932587
"5014",2040,6007,175.858435,0.0292755843182953,274.120655986904,304.193049579047
"5014",2041,6036,179.16928,0.0296834459907223,280.348868847099,309.05489637298
"5014",2042,6063,184.444088,0.0304212581230414,288.889733766183,316.699619665976
"5014",2043,6090,192.702544,0.0316424538587849,301.290891842884,328.801209278487
"5014",2044,6115,199.982179,0.0327035452166803,313.722676848165,339.771195933117
"5014",2045,6139,204.577909,0.0333243050985503,323.843895695802,346.884794702525
"5014",2046,6162,209.869247,0.0340586249594288,335.49837226528,355.174555606212
"5014",2047,6183,216.62531,0.0350356315704351,349.96802180263,365.935799214231
"5014",2048,6203,222.591068,0.0358844217314203,364.278051856482,375.651947952953
"5014",2049,6222,229.57177,0.0368967807778849,381.148329129759,387.270991303645
"5014",2050,6240,234.294931,0.0375472645833333,395.290622251975,395.290622251975
"5020",2026,951,35.080668,0.036888189274448,62.2976708605906,64.9767086059061
"5020",2027,950,37.261164,0.0392222778947368,62.9819801573226,69.1416738714371
"5020",2028,949,38.719661,0.0408004857744995,63.7646048385473,72.0834562202703
"5020",2029,948,40.812667,0.0430513364978903,65.0878712992316,76.5311590552073
"5020",2030,947,42.133203,0.0444912386483633,66.3722549879585,79.4890199518339
"5020",2031,946,43.460112,0.0459409217758985,67.9176036270199,82.5829691374607
"5020",2032,945,45.440127,0.0480847904761905,70.2630221819313,87.4246836367117
"5020",2033,945,46.020317,0.0486987481481481,71.7475307996172,88.8897401368751
"5020",2034,944,48.137467,0.0509930794491525,74.994058148552,94.4851453713801
"5020",2035,943,48.699301,0.0516429490986214,76.9012880430292,96.0600869554953
"5020",2036,941,50.13953,0.0532832412327311,80.1489608459409,100.208338623034
"5020",2037,940,51.582892,0.0548754170212766,83.7865666225332,104.510373897626
"5020",2038,938,53.50116,0.0570374840085288,88.7154487084437,110.573543106261
"5020",2039,936,53.267487,0.0569097083333333,90.1746256331052,109.956809588264
"5020",2040,933,53.748654,0.0576084180064309,93.0606750970026,111.697080155204
"5020",2041,930,56.067992,0.0602881634408602,100.235661986873,119.714206772638
"5020",2042,928,56.256839,0.06062159375,102.977859089744,120.539798699634
"5020",2043,925,55.874111,0.0604044443243243,104.366392789634,119.445956324927
"5020",2044,923,57.169568,0.0619388602383532,110.237834194133,124.242366702108
"5020",2045,920,57.492614,0.0624919717391304,113.761620327153,125.706609633419
"5020",2046,918,58.28339,0.0634895315904139,118.836538590157,128.86651598842
"5020",2047,915,57.87524,0.0632516284153005,120.238536624645,127.620886337628
"5020",2048,913,58.452476,0.0640224271631983,124.924769455416,130.026777789638
"5020",2049,911,58.912856,0.064668338090011,129.404161744975,132.030297916857
"5020",2050,909,59.202735,0.0651295214521452,133.395350205351,133.395350205351
"5021",2026,6958,199.862316,0.0287241040528888,334.854474746747,333.544747467473
"5021",2027,6963,206.477883,0.0296535807841448,336.002224716922,342.288907032158
"5021",2028,6968,214.790375,0.0308252547359357,338.25019656672,353.572551809831
"5021",2029,6973,223.414537,0.0320399450738563,341.513867867271,365.653495845979
"5021",2030,6977,229.55507,0.0329016869714777,344.874447259103,374.497789036411
"5021",2031,6980,240.830086,0.0345028776504298,351.173142531619,391.254408805632
"5021",2032,6983,248.737641,0.0356204555348704,357.244490610033,403.444586492409
"5021",2033,6985,256.599278,0.036735759198282,364.336884756997,415.929337260682
"5021",2034,6987,266.687725,0.0381691319593531,374.003277198443,432.508192996108
"5021",2035,6988,273.933456,0.039200551803091,383.045065843752,444.817293357148
"5021",2036,6988,282.117572,0.0403717189467659,393.968783288965,459.144806924137
"5021",2037,6989,289.953305,0.0414870947202747,405.871744668855,473.28633106118
"5021",2038,6988,298.952868,0.0427808912421294,420.296767404126,490.085031643866
"5021",2039,6987,305.720537,0.0437556228710462,433.76809019346,503.115898201634
"5021",2040,6985,308.648928,0.0441873912670007,443.678010702039,508.884817123262
"5021",2041,6983,315.723825,0.0452132070743234,459.592069675534,523.063501397032
"5021",2042,6981,321.164632,0.046005533877668,474.474932678526,534.249903826466
"5021",2043,6978,326.887135,0.046845390513041,490.833537333416,546.29971163853
"5021",2044,6976,332.430919,0.0476535147649083,507.996732686263,558.22159056292
"5021",2045,6972,335.628712,0.0481395169248422,522.110181397218,565.289454027345
"5021",2046,6969,339.913031,0.0487750080355862,538.872661862723,574.850190426733
"5021",2047,6964,345.23068,0.0495736186099943,558.641827542594,586.990791597289
"5021",2048,6959,349.825177,0.0502694606983762,578.018239416012,597.722420990283
"5021",2049,6954,355.770464,0.0511605498993385,601.492403306149,611.875224214181
"5021",2050,6947,361.050532,0.0519721508564848,624.836662603559,624.836662603559
"5022",2026,2452,79.662915,0.0324889539151713,134.039974778088,188.39974778088
"5022",2027,2452,81.240203,0.0331322198205546,136.759982905504,191.708966585484
"5022",2028,2452,84.141003,0.0343152540783034,140.240806594476,197.947466254147
"5022",2029,2453,89.513475,0.0364914288626172,145.434292179992,210.043727905844
"5022",2030,2454,91.827099,0.0374193557457213,149.868547408674,215.474189634696
"5022",2031,2455,96.100995,0.0391450081466395,156.137636483226,225.870039941656
"5022",2032,2456,98.506957,0.0401086958469055,161.778550366571,231.93400112791
"5022",2033,2457,101.894189,0.0414709763939764,168.869789941371,240.744248114128
"5022",2034,2457,105.316575,0.0428638888888889,176.79786318697,249.994657967425
"5022",2035,2457,107.935462,0.043929776963777,184.574275100716,257.312628801637
"5022",2036,2457,113.014207,0.0459968282458282,196.457146703814,272.120308850136
"5022",2037,2456,114.931326,0.0467961425081433,204.85398876955,277.95900247717
"5022",2038,2454,115.644952,0.0471250823145884,211.719141916889,280.216621667072
"5022",2039,2451,117.523252,0.0479491032231742,220.934774765823,286.186850665231
"5022",2040,2449,120.108888,0.0490440538995508,232.097204670452,294.555527472723
"5022",2041,2446,120.805508,0.0493890057236304,239.932410713598,296.954582209204
"5022",2042,2443,124.278251,0.0508711629144494,254.512077131535,308.731538759336
"5022",2043,2440,126.494959,0.0518421963114754,267.066547798107,316.564810573705
"5022",2044,2438,124.838435,0.0512052645611157,269.746470207375,310.898671235323
"5022",2045,2435,127.09168,0.0521937084188912,283.135822849187,318.936397352845
"5022",2046,2433,127.67639,0.0524769379367037,292.157947927198,321.12699756141
"5022",2047,2430,129.763613,0.0534006637860082,306.255906520799,328.851725657239
"5022",2048,2428,129.387646,0.0532898047775947,312.626793086638,327.596533066636
"5022",2049,2426,129.60135,0.0534218260511129,320.979833020937,328.49852781396
"5022",2050,2424,132.509183,0.0546655045379538,339.465535933018,339.465535933018
"5025",2026,5659,170.725899,0.0301689165930376,260.02949832136,368.294983213596
"5025",2027,5672,175.680083,0.030973216325811,265.774057723334,377.265874351521
"5025",2028,5686,180.742582,0.0317872989799508,272.259128937073,386.623593926131
"5025",2029,5700,187.330258,0.0328649575438597,280.097692228329,399.047963427432
"5025",2030,5714,194.892048,0.0341078137906895,289.428747243713,413.714988974851
"5025",2031,5727,201.749765,0.035227826960014,299.583255705969,427.42001984685
"5025",2032,5740,208.404809,0.0363074580139373,310.755666235174,441.094357646691
"5025",2033,5753,214.316817,0.0372530535372849,322.513786853215,453.555274077836
"5025",2034,5765,220.757428,0.0382927021682567,335.789430004805,467.473575012012
"5025",2035,5776,228.901865,0.0396298242728532,351.962332253713,485.628188008487
"5025",2036,5787,235.015324,0.0406109078970105,367.532505007073,499.647378962259
"5025",2037,5796,240.638426,0.0415180169082126,383.742854537572,512.864106414775
"5025",2038,5805,244.616531,0.042138937295435,398.901743562751,522.366806477729
"5025",2039,5812,250.470264,0.0430953654507915,417.619194374378,536.713522339367
"5025",2040,5819,256.975897,0.0441615220828321,438.683648118275,553.09383698924
"5025",2041,5824,259.981129,0.0446396169299451,455.216495284247,560.779615523392
"5025",2042,5829,263.441051,0.0451948963801681,473.232650744385,569.760929634836
"5025",2043,5833,267.75947,0.0459042465283731,493.7389113869,581.205303575457
"5025",2044,5836,271.136865,0.0464593668608636,513.288798316757,590.308126860332
"5025",2045,5839,278.20151,0.0476454033224867,542.027930141554,609.88052940499
"5025",2046,5841,279.668153,0.047880183701421,559.082167998949,613.979021175233
"5025",2047,5843,284.268964,0.0486512004107479,584.488843177649,627.142358510028
"5025",2048,5844,286.009186,0.0489406546885695,603.369828522799,632.183598403026
"5025",2049,5845,290.669137,0.0497295358426005,631.016229120861,645.938939346349
"5025",2050,5845,294.059293,0.0503095454234388,656.160293264023,656.160293264023
"5026",2026,1899,70.638011,0.0371974781463928,95.6843400034403,128.843400034403
"5026",2027,1894,71.324523,0.0376581430834213,97.2410311758001,130.116590369455
"5026",2028,1888,74.682612,0.039556468220339,99.7951125231705,136.543500132403
"5026",2029,1883,77.042669,0.040914853425385,102.472524535128,141.282468400601
"5026",2030,1878,78.842224,0.0419820149094782,105.259256432409,145.037025729637
"5026",2031,1872,82.208973,0.0439150496794872,109.347706807422,152.339849764945
"5026",2032,1868,82.915373,0.0443872446466809,112.140189280384,153.969813170412
"5026",2033,1863,85.362826,0.0458200891035963,116.516047326469,159.630475383363
"5026",2034,1859,87.376419,0.0470018391608392,120.986193388372,164.465483470931
"5026",2035,1855,88.824989,0.0478840911051213,125.284125186902,168.078000427204
"5026",2036,1851,89.003668,0.0480840994057266,128.397368097527,168.626038100057
"5026",2037,1848,91.721828,0.0496330238095238,134.825218226271,175.561401417114
"5026",2038,1846,92.366341,0.0500359377031419,138.911993643828,177.294533897869
"5026",2039,1843,93.277146,0.05061158220293,143.574343018496,179.786115776164
"5026",2040,1841,93.753363,0.0509252379141771,147.701425551473,181.122280882357
"5026",2041,1839,95.022697,0.0516708520935291,153.356910935133,184.614205185106
"5026",2042,1836,95.333777,0.0519247151416122,157.508768921853,185.583955602647
"5026",2043,1834,95.567236,0.0521086346782988,161.551422413205,186.307013441634
"5026",2044,1831,98.473101,0.053781049153468,171.52748844136,194.616114117884
"5026",2045,1828,99.708669,0.0545452237417943,178.416027597151,198.358187811878
"5026",2046,1825,100.424018,0.0550268591780822,184.336657936808,200.631362278597
"5026",2047,1822,100.507838,0.0551634676180022,188.776201476577,201.043607297551
"5026",2048,1818,101.185596,0.0556576435643564,194.955891432168,203.303666413155
"5026",2049,1814,102.697204,0.0566136736493936,203.817950937579,208.174494480602
"5026",2050,1810,103.532546,0.0572003016574586,211.040154335101,211.040154335101
"5027",2026,6192,168.426493,0.0272006610142119,332.701764450645,402.01764450645
"5027",2027,6211,172.576087,0.0277855557881179,336.644387560423,409.686454984896
"5027",2028,6231,176.498455,0.0283258634248114,341.110674837749,417.060999072854
"5027",2029,6250,182.173124,0.02914769984,346.832946853119,427.743279308794
"5027",2030,6269,189.10127,0.0301645031105439,354.004112472874,441.016449891498
"5027",2031,6287,194.446751,0.0309283841259742,361.375403960423,451.523144210166
"5027",2032,6304,202.021663,0.0320465835977157,371.038633793121,466.657334748064
"5027",2033,6320,206.352702,0.0326507439873418,379.576429671932,475.555668060502
"5027",2034,6335,211.662015,0.0334115256511444,389.641075696084,486.602689240211
"5027",2035,6350,218.029359,0.0343353321259843,401.608691287698,500.105580086166
"5027",2036,6363,225.026168,0.0353647914505736,415.38792348269,515.290365226715
"5027",2037,6377,231.951298,0.0363731061627725,430.428126658332,530.713417869916
"5027",2038,6389,234.909417,0.0367677910471122,441.832737788591,537.423159615619
"5027",2039,6401,239.302867,0.037385231526324,455.722974518357,547.507190669544
"5027",2040,6413,245.912375,0.0383459184469047,473.740677784563,562.985084455301
"5027",2041,6424,252.189853,0.0392574490971357,492.63817664072,578.03875719354
"5027",2042,6435,256.218619,0.0398164132090132,508.999290882852,587.856129832646
"5027",2043,6445,261.788001,0.0406187743987587,529.064014786838,601.696969202493
"5027",2044,6455,266.526376,0.0412899110766847,548.725829928793,613.678490230701
"5027",2045,6464,272.095904,0.0420940445544555,571.234022903051,628.057258957601
"5027",2046,6472,279.655827,0.0432101092398022,599.653543362731,648.12181572086
"5027",2047,6479,284.101382,0.0438495727735762,622.446829508819,660.151357193035
"5027",2048,6486,289.571328,0.0446455948196115,648.989552264213,675.258975420771
"5027",2049,6491,293.336721,0.0451912988753659,672.30456392904,685.835910575626
"5027",2050,6495,300.208817,0.0462215268668206,705.665568831185,705.665568831185
"5028",2026,17467,380.197524,0.0217666184233125,727.090330521126,817.90330521126
"5028",2027,17581,387.840714,0.0220602192139241,732.511392494406,829.810127232045
"5028",2028,17695,403.406669,0.022797777281718,740.630739819002,852.032798965723
"5028",2029,17809,422.403615,0.0237185476444494,751.459755989661,879.163557598403
"5028",2030,17920,436.085592,0.0243351334821429,762.632997394253,899.531989577012
"5028",2031,18030,452.259467,0.0250837197448697,776.391779905535,923.580104019251
"5028",2032,18136,464.81351,0.0256293289589766,790.395478210663,942.832240648192
"5028",2033,18238,479.29262,0.0262798892422415,806.892490094316,964.979283018804
"5028",2034,18339,500.992011,0.0273183930966792,829.394794779691,997.986986949228
"5028",2035,18438,513.822328,0.027867573923419,848.863229495891,1018.40166741918
"5028",2036,18535,530.316778,0.0286116416509307,872.604259672382,1044.58791509975
"5028",2037,18631,539.320347,0.0289474717943213,892.575719018176,1059.58676881595
"5028",2038,18724,556.579806,0.0297254756462294,920.796746593684,1087.53953926124
"5028",2039,18814,572.937777,0.030452736100776,950.526760934793,1114.49235903795
"5028",2040,18902,586.18039,0.0310115538038303,979.357007521191,1136.77121203391
"5028",2041,18986,600.836201,0.0316462762561888,1011.55433115746,1161.61031118107
"5028",2042,19067,611.46758,0.0320694173178791,1041.10324341162,1180.00463344517
"5028",2043,19144,627.734976,0.0327901679899707,1079.19476860607,1208.1115506523
"5028",2044,19217,644.894236,0.0335585281781756,1120.93405373913,1238.20523063114
"5028",2045,19286,659.193611,0.0341799030903246,1161.21735413214,1263.72905123956
"5028",2046,19351,673.938389,0.0348270574647305,1204.38668309404,1290.39609775769
"5028",2047,19412,688.536114,0.0354696123016691,1249.65580087978,1317.17555028708
"5028",2048,19468,703.668313,0.0361448691699199,1298.21693343998,1345.34263074592
"5028",2049,19520,722.073676,0.0369914793032787,1355.3359378465,1380.20616919117
"5028",2050,19568,738.53206,0.0377418264513491,1411.98969121541,1411.98969121541
"5029",2026,8915,159.351236,0.0178745076836792,199.347500848582,247.475008485821
"5029",2027,9023,165.646145,0.0183582117920869,202.21893818744,253.774095908656
"5029",2028,9127,173.150394,0.0189712275665608,205.723987162492,260.9942123571
"5029",2029,9227,179.945308,0.019502038365666,209.655367011633,267.672315348861
"5029",2030,9323,189.689211,0.020346370374343,214.677431179405,276.709724717618
"5029",2031,9416,197.159376,0.0209387612574342,219.871405413393,283.987497090061
"5029",2032,9506,206.859817,0.0217609738060173,226.225165590547,293.154355663221
"5029",2033,9593,216.004724,0.0225169106640259,233.133034047363,301.953197372036
"5029",2034,9678,223.767603,0.023121265034098,240.261253244006,309.653133110016
"5029",2035,9762,235.89486,0.0241646035648433,249.688320117737,321.287588840541
"5029",2036,9845,245.061271,0.0248919523616049,258.819417740445,330.461932085147
"5029",2037,9927,252.19035,0.0254044877606528,267.733125368929,337.869512914983
"5029",2038,10008,262.463202,0.0262253399280576,278.853789790711,348.279617801293
"5029",2039,10088,270.670531,0.0268309408207772,289.6837699565,356.865991415319
"5029",2040,10165,281.180923,0.0276616746679784,302.604724667959,367.767559468734
"5029",2041,10241,290.372902,0.0283539597695538,315.585919448906,377.525916149293
"5029",2042,10313,298.126299,0.0289078152816833,328.345961565856,385.922802236938
"5029",2043,10383,307.979725,0.0296619209284407,343.384289147713,396.554968335882
"5029",2044,10450,318.737184,0.0305011659330144,360.070444036447,408.284443917996
"5029",2045,10513,327.940898,0.0311938455245886,376.422497831995,418.519997331686
"5029",2046,10573,336.495278,0.031825903527854,393.046090476318,428.171871148609
"5029",2047,10630,347.340268,0.032675472060207,412.763902620456,440.494538163894
"5029",2048,10683,358.399121,0.0335485463821024,433.831708735389,453.277522957178
"5029",2049,10733,367.32995,0.0342243501350974,453.688624451468,463.80636306646
"5029",2050,10780,379.075107,0.0351646666975881,477.846613958797,477.846613958797
"5031",2026,14995,264.940553,0.0176685930643548,605.808511193212,631.085111932124
"5031",2027,15121,278.599249,0.0184246576945969,609.400119083965,649.546320610652
"5031",2028,15244,289.969365,0.0190218686040409,613.937818956506,665.501822608603
"5031",2029,15364,303.76783,0.0197714026295236,620.316248660513,684.488228990652
"5031",2030,15483,318.284335,0.0205570196344378,628.403943071293,704.615772285173
"5031",2031,15598,335.46626,0.021507004744198,639.035173427357,728.339733660374
"5031",2032,15710,351.237127,0.0223575510502864,650.987733168705,750.654563596015
"5031",2033,15819,364.347188,0.0230322515961818,663.462887381436,769.794172086721
"5031",2034,15925,377.925054,0.0237315575510204,677.704585641929,789.761464104821
"5031",2035,16029,393.516687,0.0245502955268576,694.758152505585,812.732920012765
"5031",2036,16131,410.949879,0.0254757844522968,714.93542896042,838.653534653516
"5031",2037,16231,427.219071,0.0263211799026554,736.447693398587,863.385743216755
"5031",2038,16326,440.290433,0.0269686655028788,757.43675996176,883.794109021381
"5031",2039,16418,454.529057,0.0276848006456328,781.113143714751,906.171308450641
"5031",2040,16507,468.122212,0.0283590120554916,806.039707134341,927.863531414945
"5031",2041,16592,484.785921,0.0292180521335583,835.923309233598,954.582353560148
"5031",2042,16674,500.058322,0.029990303586422,866.594929442267,979.564184917524
"5031",2043,16752,513.781908,0.0306698846704871,897.570659047832,1002.41784277672
"5031",2044,16825,526.413302,0.0312875662407132,929.089702619376,1023.76090660565
"5031",2045,16895,543.355,0.0321606984314886,968.305260985017,1052.60647505848
"5031",2046,16959,560.409611,0.0330449679226369,1010.31121451345,1082.18966413347
"5031",2047,17018,574.940091,0.0337842338112587,1051.1027454068,1107.90450186682
"5031",2048,17072,587.409364,0.034407764995314,1090.78763385103,1130.33798254166
"5031",2049,17121,601.665829,0.0351419793820454,1135.58662176377,1156.33674988443
"5031",2050,17166,621.737804,0.0362191427239893,1193.67811706734,1193.67811706734
"5032",2026,4058,126.497437,0.0311723600295712,215.203830848203,235.038308482035
"5032",2027,4065,129.095435,0.0317577945879459,216.603124025368,239.204538366314
"5032",2028,4074,134.306417,0.0329667199312715,219.074074539393,247.708997367959
"5032",2029,4083,138.809854,0.0339970252265491,221.9839272369,255.277304644236
"5032",2030,4092,142.110693,0.0347289083577713,224.989757105692,260.959028422768
"5032",2031,4102,147.480203,0.0359532430521697,229.505849470256,270.411650331327
"5032",2032,4112,151.92824,0.0369475291828794,234.276305551635,278.465555543492
"5032",2033,4122,156.909983,0.0380664684619117,240.088484687789,287.726854311141
"5032",2034,4133,161.229394,0.0390102574401161,246.18394460445,295.959861511124
"5032",2035,4143,165.657035,0.0399848020757905,253.077762256685,304.606313729565
"5032",2036,4153,168.940619,0.0406791762581267,259.614110897568,311.134970310669
"5032",2037,4162,174.502233,0.0419274947140798,269.131782111962,322.525428511145
"5032",2038,4171,179.771206,0.0431002651642292,279.356573524164,333.64831549848
"5032",2039,4179,183.60613,0.0439354223498445,288.747234087289,341.931462276236
"5032",2040,4186,187.016979,0.0446767747252747,298.279271683598,349.446834693757
"5032",2041,4193,189.97552,0.0453077796327212,307.778082670828,356.061256861627
"5032",2042,4200,195.359862,0.0465142528571429,321.846864704002,368.495521005718
"5032",2043,4206,198.239243,0.0471324876367095,332.658953476096,375.249428442165
"5032",2044,4212,202.104486,0.0479830213675214,345.940975428249,384.536742488064
"5032",2045,4218,206.58085,0.0489760194404931,361.342714136008,395.575648167394
"5032",2046,4222,209.832242,0.0496997257224064,375.166278675133,403.783857264863
"5032",2047,4226,213.726378,0.0505741547562707,391.251731769486,413.847021712097
"5032",2048,4229,217.222301,0.0513649328446441,407.343612795535,423.1012030222
"5032",2049,4232,220.682777,0.0521462138468809,424.221507087428,432.450916454471
"5032",2050,4233,224.231787,0.0529723097094259,442.334540929388,442.334540929388
"5033",2026,741,32.590768,0.0439821430499325,30.5553381234646,44.5533812346458
"5033",2027,740,32.072322,0.0433409756756757,31.0250602283861,43.7277107518992
"5033",2028,738,32.30849,0.0437784417344173,31.6475761318175,44.1290064675284
"5033",2029,737,33.534597,0.0455014884667571,32.6493299533971,46.1733174277511
"5033",2030,735,34.365828,0.0467562285714286,33.6597163859914,47.6388655439658
"5033",2031,734,34.679173,0.0472468297002725,34.5228881405387,48.2100457062217
"5033",2032,733,34.824967,0.0475101869031378,35.3338599182305,48.4887997484016
"5033",2033,731,35.259719,0.0482349097127223,36.3640022509433,49.3144889681194
"5033",2034,730,36.19374,0.0495804657534247,37.829517375112,51.07379343778
"5033",2035,730,37.890975,0.0519054452054794,40.1087312109534,54.3913856250362
"5033",2036,729,37.74234,0.0517727572016461,40.9330150841358,54.1221370192333
"5033",2037,729,37.386836,0.05128509739369,41.5113556115718,53.4124011933109
"5033",2038,729,38.709675,0.0530996913580247,43.9057996674886,56.1014539408883
"5033",2039,729,40.710471,0.0558442674897119,47.4639990628372,60.4280835112122
"5033",2040,729,41.752199,0.0572732496570645,50.1320512498877,62.8112819998203
"5033",2041,728,41.718762,0.0573059917582418,51.3797390936125,62.7807382545095
"5033",2042,728,42.103054,0.0578338653846154,53.2789708593415,63.6842440847735
"5033",2043,727,42.740699,0.058790507565337,55.7455247365302,65.2651182868206
"5033",2044,727,44.40146,0.0610749105914718,60.3318825015921,69.4282354859253
"5033",2045,726,46.161074,0.0635827465564738,65.7272301376431,74.2027447847916
"5033",2046,725,46.236375,0.0637743103448276,67.6629090454485,74.4857753475865
"5033",2047,723,47.92743,0.0662896680497925,73.8311894343301,79.5140162640339
"5033",2048,722,47.722152,0.066097163434903,75.242000012133,78.9913513644681
"5033",2049,720,48.039732,0.06672185,78.1990219154578,80.1158669251509
"5033",2050,718,49.43376,0.0688492479108635,84.6291075411141,84.6291075411141
"5034",2026,2456,74.24152,0.0302286319218241,147.765289825188,154.652898251877
"5034",2027,2471,77.138835,0.0312176588425739,148.762655291156,159.819311208409
"5034",2028,2487,81.214967,0.0326557969441094,150.541906183046,167.239463903118
"5034",2029,2501,83.804185,0.0335082706917233,152.335208408408,172.106863098391
"5034",2030,2515,87.320284,0.0347197948310139,154.96002758981,178.84011035924
"5034",2031,2529,88.368661,0.0349421356267299,156.752357542681,180.921243626717
"5034",2032,2542,92.749497,0.036486820220299,160.850244353491,189.616136472281
"5034",2033,2554,95.830535,0.0375217443226312,164.734846652192,195.923714902597
"5034",2034,2566,100.013519,0.0389764298519096,170.099972865194,204.749932162984
"5034",2035,2578,101.577144,0.0394015298681148,173.726080638812,208.088184317284
"5034",2036,2588,107.6759,0.0416058346213292,182.501042886131,221.739037655012
"5034",2037,2598,109.496293,0.0421463791377983,187.424344811468,225.87677036384
"5034",2038,2608,111.903497,0.0429077825920245,193.457388803796,231.467979643266
"5034",2039,2616,116.669692,0.0445985061162079,203.429791101953,243.050708258643
"5034",2040,2624,115.962053,0.0441928555640244,205.832286447345,241.131658315752
"5034",2041,2632,120.580225,0.0458131553951368,217.033564873288,252.711041318171
"5034",2042,2639,123.586876,0.046830949602122,226.422704196999,260.461005995713
"5034",2043,2645,125.387292,0.0474054034026465,234.131363570208,265.144221790113
"5034",2044,2650,127.174585,0.0479904094339623,242.236276903386,269.885518585014
"5034",2045,2655,128.651711,0.0484563883239171,250.04689774957,273.826951076394
"5034",2046,2660,131.633519,0.0494862853383459,261.833611495803,282.098366465651
"5034",2047,2664,134.379634,0.0504428055555556,273.853139290248,289.933114693237
"5034",2048,2668,134.420543,0.0503825123688156,279.177816951392,289.894937244748
"5034",2049,2672,137.342099,0.0514004861526946,292.761879827987,298.440914106999
"5034",2050,2675,137.965644,0.051575941682243,300.198359921188,300.198359921188
"5035",2026,24627,572.155912,0.0232328709140374,1206.69857114522,1356.98571145221
"5035",2027,24757,595.551255,0.0240558732883629,1218.17099547849,1394.87996711627
"5035",2028,24886,621.567231,0.0249765824559994,1233.31814308297,1437.53224618841
"5035",2029,25013,646.415471,0.0258431803861992,1251.44699558785,1479.16233217811
"5035",2030,25140,670.562147,0.0266731164280032,1272.61228376945,1520.44913507778
"5035",2031,25265,696.874014,0.0275825851573323,1298.12664885073,1566.09269165472
"5035",2032,25388,724.172032,0.0285241859146053,1327.91160875614,1614.34341155735
"5035",2033,25510,749.498303,0.0293805685221482,1360.42664857296,1660.14247882196
"5035",2034,25631,775.802522,0.0302681331980804,1397.43069988027,1708.57674970068
"5035",2035,25751,802.220274,0.0311529755737641,1438.58183197537,1758.18704451514
"5035",2036,25871,829.220995,0.032052143133238,1484.45260264493,1809.90021609458
"5035",2037,25989,854.028594,0.0328611564123283,1532.56024416414,1858.4102325154
"5035",2038,26104,878.845277,0.0336670731305547,1584.79105267887,1907.80191396158
"5035",2039,26216,903.497643,0.0344635963915166,1641.0509742008,1957.74633906519
"5035",2040,26324,927.812745,0.035245887593071,1701.17668716993,2007.88269947189
"5035",2041,26429,950.263123,0.0359553188921261,1763.04775673486,2054.97774601488
"5035",2042,26530,972.128569,0.0366426147380324,1828.09730096361,2101.56757280516
"5035",2043,26627,996.472347,0.0374233802906824,1901.17378792184,2154.30344124995
"5035",2044,26720,1019.554282,0.0381569716317365,1976.7684472979,2205.18509328761
"5035",2045,26808,1042.315666,0.0388807693971949,2056.30539787255,2256.22202815084
"5035",2046,26891,1067.3547,0.0396918931984679,2144.93100209179,2313.44823775505
"5035",2047,26969,1087.774217,0.0403342436501168,2229.13241512034,2360.85342548771
"5035",2048,27041,1114.509849,0.0412155559705632,2331.73320288327,2424.30616527921
"5035",2049,27108,1139.006342,0.0420173506713885,2435.12460206451,2483.6359501969
"5035",2050,27170,1164.4752,0.0428588590357011,2546.67020887066,2546.67020887066
"5036",2026,2680,78.807249,0.0294056899253731,178.583420629499,219.834206294986
"5036",2027,2693,81.735043,0.0303509257333828,181.236010731102,226.625532589833
"5036",2028,2705,85.444094,0.0315874654343808,184.742136982946,235.383639902548
"5036",2029,2718,87.665463,0.0322536655629139,188.198970100371,240.818682825277
"5036",2030,2730,89.355865,0.0327310860805861,191.757016787146,245.028067148585
"5036",2031,2742,94.883915,0.0346039077315828,198.409626634584,258.903049163769
"5036",2032,2753,97.642735,0.035467756992372,203.929771080759,266.091603325413
"5036",2033,2765,100.062473,0.0361889594936709,209.713507026049,272.520019382204
"5036",2034,2776,103.523752,0.0372924178674352,217.159923091147,281.899807727867
"5036",2035,2787,103.634588,0.0371849974883387,221.335357677655,282.195103263211
"5036",2036,2798,107.750492,0.0385098255897069,230.835237561676,293.653131708792
"5036",2037,2809,112.356091,0.0399986084015664,242.127048083794,306.930825529355
"5036",2038,2819,114.059011,0.0404608056048244,249.84577812877,311.901414779582
"5036",2039,2829,117.655823,0.0415891915871333,261.370564816542,322.71585500688
"5036",2040,2838,119.519875,0.0421141208597604,270.484671418374,328.375474269399
"5036",2041,2846,123.931062,0.0435456999297259,285.506939837463,342.312362018812
"5036",2042,2854,126.43853,0.0443022179397337,297.463643197724,350.376633139605
"5036",2043,2860,128.313453,0.0448648437062937,308.594830313057,356.501464831264
"5036",2044,2867,131.415207,0.045837184164632,323.501371036163,366.904994885371
"5036",2045,2873,133.049714,0.046310377305952,335.210207946709,372.412563626719
"5036",2046,2879,137.643575,0.0478095085098993,356.448838163388,388.645691956927
"5036",2047,2883,140.755313,0.0488225157821714,374.579545670411,400.005121882154
"5036",2048,2887,142.439377,0.0493381977831659,388.776376331957,406.19067711563
"5036",2049,2891,146.914022,0.050817717744725,414.022498034177,423.374023931612
"5036",2050,2893,147.582827,0.0510137666781887,425.9212060703,425.9212060703
"5037",2026,20514,489.883881,0.0238804660719509,1077.87763249464,1193.77632494639
"5037",2027,20609,511.15394,0.0248024620311514,1087.63424433874,1229.61268609989
"5037",2028,20702,533.616104,0.0257760653076997,1100.5505270438,1268.14586882174
"5037",2029,20794,551.846808,0.0265387519476772,1115.01230808452,1300.3520380448
"5037",2030,20885,566.775264,0.0271379106535791,1130.59936023393,1327.39744093572
"5037",2031,20973,589.620675,0.0281133206980403,1152.30062769338,1368.65435719437
"5037",2032,21059,612.099674,0.0290659420675246,1177.17849050014,1410.16458615429
"5037",2033,21142,638.846954,0.0302169593226752,1208.37813910271,1460.52590097298
"5037",2034,21223,657.622423,0.030986308391839,1237.7896407719,1496.97410192975
"5037",2035,21301,676.675541,0.0317673133186235,1270.44018913516,1534.57757516608
"5037",2036,21377,698.078756,0.0326555997567479,1308.45262698875,1577.53184629211
"5037",2037,21449,720.392857,0.0335863143736305,1351.09223709096,1623.22875529944
"5037",2038,21518,746.024458,0.0346697861325402,1401.55455737151,1676.91737703911
"5037",2039,21582,761.477952,0.0352830113983875,1443.9705726202,1710.05629382162
"5037",2040,21642,778.866178,0.0359886414379447,1491.7993673725,1747.87898779601
"5037",2041,21698,797.744167,0.0367657925615264,1545.08501109455,1789.65662052008
"5037",2042,21750,815.396907,0.0374895129655172,1600.10509193767,1829.43584562524
"5037",2043,21799,832.879475,0.0382072331299601,1658.33908030848,1869.52756651998
"5037",2044,21843,843.870706,0.0386334617955409,1708.28055268834,1895.03942282367
"5037",2045,21884,857.600444,0.0391884684701152,1765.6472305892,1927.33505303286
"5037",2046,21920,875.583317,0.0399444943886861,1834.60680995034,1970.41977641216
"5037",2047,21952,888.267457,0.0404640787627551,1895.91815344568,2001.24580669936
"5037",2048,21980,899.917907,0.0409425799363057,1957.55218181146,2029.92127763401
"5037",2049,22005,909.599528,0.0413360385366962,2016.90277807274,2053.98989929635
"5037",2050,22026,925.033736,0.0419973547625533,2093.08502573341,2093.08502573341
"5038",2026,14876,382.366661,0.0257035937752084,583.937729100711,700.377291007114
"5038",2027,14891,401.076547,0.0269341580149083,592.151593839949,724.829773381444
"5038",2028,14907,419.608134,0.0281483956530489,602.299462537335,749.854071641915
"5038",2029,14924,436.336361,0.0292372260117931,613.959924493856,773.164350559323
"5038",2030,14940,463.793708,0.0310437555555556,631.445645826839,812.782583307358
"5038",2031,14955,479.995062,0.0320959586760281,647.505059074603,837.104553302968
"5038",2032,14969,503.092365,0.0336089494956243,669.122731087067,872.916095652512
"5038",2033,14983,523.847778,0.03496280971768,692.563067290949,906.346392526755
"5038",2034,14995,540.311944,0.0360328072024008,716.091373192305,933.728432980762
"5038",2035,15006,562.098498,0.03745824990004,746.075377747627,971.172291994576
"5038",2036,15016,576.277469,0.0383775618673415,773.020467676424,996.306247739841
"5038",2037,15023,595.354207,0.0396295152100113,806.816088658095,1031.12895347921
"5038",2038,15027,608.545215,0.0404967867837892,837.696721325612,1055.90312968293
"5038",2039,15028,621.585186,0.0413618036997604,870.619522142845,1080.99067598782
"5038",2040,15027,636.140035,0.0423331360218274,907.697491025843,1109.71598564135
"5038",2041,15023,642.2353,0.0427501364574319,936.046985957417,1122.01431842629
"5038",2042,15017,651.436718,0.0433799505893321,969.895622549484,1140.85088935641
"5038",2043,15009,658.467018,0.0438714783130122,1002.08016388742,1155.51547645752
"5038",2044,15000,666.724251,0.0444482834,1037.54594863833,1172.99477243655
"5038",2045,14990,678.640183,0.0452728607738492,1080.98274031178,1198.67106499912
"5038",2046,14979,683.151356,0.0456072739168169,1113.03076756584,1208.68325595981
"5038",2047,14968,689.93956,0.0460943051843934,1150.38114691447,1223.82382750926
"5038",2048,14956,698.556313,0.046707429326023,1192.88391164149,1243.30693150431
"5038",2049,14943,706.327505,0.047268119186241,1235.34012357657,1261.22350501462
"5038",2050,14929,719.542772,0.0481976536941523,1292.14843140776,1292.14843140776
"5041",2026,1935,69.5261,0.0359308010335917,135.284047632356,155.840476323556
"5041",2027,1927,71.299296,0.0370001536066424,136.67869383525,159.754136983639
"5041",2028,1918,74.982336,0.0390940229405631,139.174109820197,168.280627543983
"5041",2029,1910,78.457949,0.0410774602094241,142.31213106523,176.82179324814
"5041",2030,1902,78.345888,0.0411913186119874,143.906174603561,176.624698414243
"5041",2031,1894,80.909606,0.0427189049630412,147.463244789598,183.306938398602
"5041",2032,1887,82.646459,0.0437978055113937,150.888553330782,188.041702556253
"5041",2033,1879,84.48433,0.0449623895689196,154.837427408252,193.241179057246
"5041",2034,1872,86.352344,0.0461283888888889,159.277829067505,198.694572668762
"5041",2035,1864,88.187206,0.047310732832618,164.184922783563,204.279823505286
"5041",2036,1857,89.338076,0.0481088185245019,168.604590112881,207.957031816591
"5041",2037,1850,91.929674,0.0496917156756757,175.661937585685,216.24280504524
"5041",2038,1843,92.844026,0.050376574064026,180.550487674881,219.455432136147
"5041",2039,1836,94.553746,0.0514998616557734,187.268205193496,225.371413095312
"5041",2040,1829,96.155147,0.0525725243302351,194.329104989851,231.126567983762
"5041",2041,1822,96.583689,0.0530097085620198,199.23865128352,232.982869861917
"5041",2042,1815,96.701659,0.0532791509641873,203.550674590377,233.786677986253
"5041",2043,1808,99.594418,0.0550854081858407,215.271405194621,244.55444772152
"5041",2044,1801,101.790309,0.0565187723486952,226.190021270422,253.245188736028
"5041",2045,1794,101.082991,0.0563450340022297,228.937827420537,251.077326056046
"5041",2046,1787,103.23535,0.0577702014549524,240.894159683998,259.934305510586
"5041",2047,1780,104.190318,0.0585338865168539,249.55015029733,264.324113011076
"5041",2048,1772,104.417306,0.0589262449209932,255.974781134592,265.945709334694
"5041",2049,1765,108.889014,0.0616934923512748,279.780674830974,285.499402421792
"5041",2050,1757,108.70419,0.061869203187251,285.560331730758,285.560331730758
"5042",2026,1249,46.758169,0.03743648438751,112.880832226666,129.808322266662
"5042",2027,1239,47.774327,0.0385587788539144,113.989378908828,132.740937518749
"5042",2028,1230,47.06235,0.0382620731707317,114.451454692268,130.72259824153
"5042",2029,1221,49.836164,0.0408158591318591,116.961444344406,139.053855738382
"5042",2030,1213,52.563696,0.0433336323165705,120.221462784431,147.885851137725
"5042",2031,1204,54.895817,0.0455945323920266,123.952622978752,156.052601665223
"5042",2032,1196,55.281727,0.0462221797658863,126.168356387653,157.671865808164
"5042",2033,1188,55.911706,0.0470637255892256,128.844361656946,160.225825260541
"5042",2034,1180,58.702265,0.0497476822033898,135.05578388059,171.139459701474
"5042",2035,1172,59.609301,0.050861178327645,139.078976438896,175.18051757462
"5042",2036,1164,60.853208,0.0522793883161512,144.152023747587,180.793734205446
"5042",2037,1156,63.273892,0.0547352006920415,152.45746993224,191.892624258029
"5042",2038,1149,64.071191,0.0557625683202785,157.810070691267,196.109219438667
"5042",2039,1141,64.002325,0.0560931858019281,161.227992971266,196.494456121303
"5042",2040,1133,66.787548,0.0589475269196823,173.368641772146,210.789826835434
"5042",2041,1126,66.426276,0.0589931403197158,176.419437041063,209.746320061982
"5042",2042,1118,67.949411,0.0607776484794275,186.293906683853,218.562723834075
"5042",2043,1111,69.674942,0.0627137191719172,197.936723918686,228.880303618557
"5042",2044,1103,69.306162,0.0628342357207616,201.655388705526,227.974695103904
"5042",2045,1096,69.325682,0.0632533594890511,206.966422821939,229.112520396233
"5042",2046,1089,69.554626,0.0638701799816345,213.409765431168,231.482076977844
"5042",2047,1082,69.32782,0.0640737707948244,217.735288898388,231.265114251705
"5042",2048,1075,69.615903,0.0647589795348837,224.840126269946,234.07040677832
"5042",2049,1069,69.327408,0.0648525799812909,228.76616450385,233.354456627376
"5042",2050,1063,69.098591,0.0650033781749765,232.993826050997,232.993826050997
"5043",2026,446,15.73162,0.0352726905829596,24.1447852839448,25.4478528394481
"5043",2027,445,15.975077,0.0358990494382022,24.25093193848,25.8249595525816
"5043",2028,444,16.877234,0.0380117882882883,24.5746067255816,27.2834670033235
"5043",2029,443,17.153231,0.038720611738149,24.7967407994538,27.7493684680179
"5043",2030,441,18.744183,0.0425038163265306,25.6507250400581,30.6029001602322
"5043",2031,440,19.072757,0.043347175,26.0810865623916,31.2385619561448
"5043",2032,439,20.036488,0.0456412027334852,26.9784021283799,33.1643142411689
"5043",2033,437,19.669877,0.0450111601830664,27.0649284775245,32.4549751104125
"5043",2034,437,20.729204,0.0474352494279176,28.2623989750412,34.6559974376031
"5043",2035,436,21.158492,0.0485286513761468,29.0817177596266,35.6153548791465
"5043",2036,435,19.995421,0.0459664850574713,28.3475618851247,33.1527618634203
"5043",2037,434,21.495632,0.0495291059907834,30.3679030283961,36.4251766407728
"5043",2038,433,22.759628,0.0525626512702079,32.4982291850949,39.4513257910816
"5043",2039,432,21.697449,0.0502255763888889,31.6065661220926,36.9473465907959
"5043",2040,432,22.264323,0.0515377847222222,32.9270599795501,38.2832959672801
"5043",2041,431,23.226766,0.0538904083526682,35.0678120919147,40.7061314594939
"5043",2042,430,23.559589,0.0547897418604651,36.3287230465733,41.6124614951048
"5043",2043,429,24.846446,0.0579171235431235,39.6226214357035,45.1832155060386
"5043",2044,428,24.470339,0.0571736892523365,39.6393605175624,44.1798200226611
"5043",2045,427,24.01658,0.0562449180327869,39.4231141825062,42.9822943784692
"5043",2046,426,23.647305,0.0555101056338028,39.331556276493,42.0371250311682
"5043",2047,425,24.307848,0.0571949364705882,41.657155894679,43.895386923582
"5043",2048,424,24.933719,0.0588059410377358,44.113231851722,45.7440344342941
"5043",2049,423,24.696446,0.0583840330969267,44.3260018045429,45.1179239527719
"5043",2050,422,25.005629,0.0592550450236967,46.0851110728292,46.0851110728292
"5044",2026,863,34.539235,0.0400222885283893,71.9932863656772,89.9328636567715
"5044",2027,869,35.716367,0.0411005373993096,73.1955242873628,93.2401766353656
"5044",2028,875,35.762115,0.0408709885714286,74.077920659691,93.3024037696627
"5044",2029,880,35.868497,0.0407596556818182,75.0050548542925,93.5531993143176
"5044",2030,885,36.173944,0.0408745129943503,76.0944300802491,94.3777203209965
"5044",2031,890,36.420264,0.0409216449438202,77.1967266418231,95.0320926672107
"5044",2032,895,38.21873,0.0427024916201117,79.8428224008598,100.285607387261
"5044",2033,900,38.990121,0.0433223566666667,81.8001823370475,102.552227136683
"5044",2034,904,39.328336,0.043504796460177,83.4071877523139,103.517969380785
"5044",2035,909,39.438942,0.0433871749174917,84.7698429918303,103.759641124184
"5044",2036,913,38.233941,0.0418772628696605,84.270251676681,100.042635108802
"5044",2037,917,39.640679,0.0432286575790622,87.5401293111731,104.224642558387
"5044",2038,921,41.944211,0.0455420314875136,92.7941423797473,111.443895235904
"5044",2039,925,42.360959,0.0457956313513514,95.0856006247684,112.698894680457
"5044",2040,929,42.242296,0.0454707168998924,96.3719563417166,112.195130146747
"5044",2041,932,42.92807,0.046060160944206,99.3936374479007,114.367754638341
"5044",2042,935,43.041292,0.0460334673796791,101.257112196574,114.653017423677
"5044",2043,939,45.219057,0.0481566102236422,108.316629167931,121.954751414144
"5044",2044,941,45.788254,0.0486591434643996,111.763464792347,123.888341667544
"5044",2045,944,45.341644,0.0480314025423729,112.403813867108,122.189309374902
"5044",2046,947,46.108633,0.0486891583949314,116.562673631935,124.77961603757
"5044",2047,949,46.596156,0.0491002697576396,120.092654058654,126.442427108342
"5044",2048,952,48.866562,0.0513304222689076,129.87998198082,134.73511565494
"5044",2049,954,49.7763,0.0521764150943396,135.590291914184,138.145757832919
"5044",2050,956,49.784542,0.0520758807531381,138.059154246448,138.059154246448
"5045",2026,2400,77.917654,0.0324656891666667,138.552598504744,161.52598504744
"5045",2027,2413,77.840067,0.0322586270203067,139.505317854578,161.493220760567
"5045",2028,2426,79.020232,0.0325722308326463,140.855796532671,163.747408758118
"5045",2029,2437,81.794872,0.0335637554370127,143.004945670642,168.964450214788
"5045",2030,2447,85.271646,0.0348474237842256,145.914136166409,175.656544665637
"5045",2031,2456,87.151433,0.0354851111563518,148.46952207497,179.372250695548
"5045",2032,2465,89.64021,0.0363651967545639,151.720205626268,184.36986346544
"5045",2033,2472,91.24556,0.0369116343042071,154.722611547589,187.648583579556
"5045",2034,2479,94.700369,0.0382010363049617,159.545545681012,194.863864202531
"5045",2035,2485,95.962271,0.0386166080482897,162.926040111316,197.545234540152
"5045",2036,2491,98.803764,0.03966429706945,168.166254273526,203.718430049528
"5045",2037,2497,102.877487,0.0412004353223869,175.40070279051,212.879420079044
"5045",2038,2503,105.110093,0.0419936448262085,181.112233449389,218.022242635253
"5045",2039,2508,108.366641,0.043208389553429,188.734241835307,225.760411634566
"5045",2040,2512,108.371997,0.0431417185509554,192.070477760959,225.712764417534
"5045",2041,2517,111.248889,0.0441990023837902,200.082401678673,232.728153477242
"5045",2042,2520,113.135007,0.0448948440476191,207.005146872332,237.435924103332
"5045",2043,2523,114.93342,0.0455542687277051,214.174934524016,241.999911219005
"5045",2044,2526,119.39041,0.0472646120348377,227.270611738534,253.768531275527
"5045",2045,2529,118.947768,0.0470335183867141,230.644523146822,252.485566949935
"5045",2046,2530,122.033249,0.048234485770751,242.191814588517,260.931546574725
"5045",2047,2532,122.908201,0.0485419435229068,248.996680681867,263.320203585202
"5045",2048,2532,122.642853,0.0484371457345972,253.081218203889,262.57428995015
"5045",2049,2532,126.703787,0.0500409901263823,269.041342378393,274.224771302227
"5045",2050,2532,124.719635,0.0492573597946288,268.469205123953,268.469205123953
"5046",2026,1137,42.919112,0.0377476798592788,148.839858561067,156.398585610668
"5046",2027,1125,43.677827,0.0388247351111111,149.557318864311,159.325955376804
"5046",2028,1114,45.049741,0.0404396238779174,150.943075526085,164.817574434769
"5046",2029,1103,45.818866,0.0415402230281052,152.276560247895,168.124989401859
"5046",2030,1092,45.49768,0.0416645421245421,152.752345315808,167.009381263233
"5046",2031,1081,47.794992,0.044213683626272,156.377104430744,177.137754541717
"5046",2032,1071,49.610525,0.046321685340803,160.286454550346,185.804475539526
"5046",2033,1062,50.776361,0.047812016007533,163.887530833936,191.827671266029
"5046",2034,1052,52.250272,0.0496675589353612,168.723753436303,199.809383590758
"5046",2035,1043,53.434993,0.0512320162991371,173.667805653302,206.669270064691
"5046",2036,1035,53.535639,0.0517252550724638,176.424280164543,207.840589820091
"5046",2037,1027,54.281962,0.0528548802336904,181.126783098881,212.637625558793
"5046",2038,1019,55.041028,0.0540147477919529,186.340680430912,217.710328056204
"5046",2039,1012,55.581897,0.0549228231225296,191.237230692632,221.595286285331
"5046",2040,1004,55.384048,0.0551633944223108,193.799893315001,221.279829304002
"5046",2041,997,56.376499,0.0565461374122367,201.077818672066,228.117462146515
"5046",2042,990,55.918159,0.0564829888888889,202.690279463323,226.128970661891
"5046",2043,983,55.032932,0.0559846714140387,202.22230265053,221.521766305803
"5046",2044,976,55.509315,0.0568742981557377,207.911437278758,225.305080359688
"5046",2045,969,53.946403,0.0556722425180599,203.678897478436,216.527873819614
"5046",2046,963,53.651371,0.0557127424714434,205.309702388664,215.423179280781
"5046",2047,956,54.632323,0.0571467813807531,213.960719781558,222.321937782038
"5046",2048,950,53.953119,0.0567927568421053,213.50811537313,218.819584187168
"5046",2049,944,53.478276,0.0566507161016949,214.030534714921,216.603152950567
"5046",2050,938,52.801797,0.05629189445629,213.146095061849,213.146095061849
"5047",2026,3912,97.726472,0.0249812044989775,142.891999969328,195.919999693277
"5047",2027,3921,99.930791,0.0254860471818414,145.53498953056,199.072651131343
"5047",2028,3929,104.636273,0.0266317823873759,149.033404280093,205.762310171958
"5047",2029,3937,108.052714,0.0274454442468885,152.676709596875,210.772751044117
"5047",2030,3944,112.714834,0.0285788118661258,157.181413678532,217.725654714128
"5047",2031,3951,115.663395,0.0292744608959757,161.5117105305,222.258123584348
"5047",2032,3957,120.483522,0.0304481986353298,167.153959445928,229.781413679777
"5047",2033,3962,123.605834,0.0311978379606259,172.448157036368,234.788019410671
"5047",2034,3967,127.761344,0.0322060357953113,178.835307032445,241.588267581112
"5047",2035,3972,133.84123,0.0336961807653575,187.246565111979,251.849291684524
"5047",2036,3976,137.707169,0.0346345998490946,194.754688878552,258.588818691688
"5047",2037,3980,140.367966,0.0352683331658291,201.742927128168,263.327662689109
"5047",2038,3984,144.379087,0.0362397306726908,210.488399730133,270.615272236605
"5047",2039,3988,146.023477,0.0366157163991976,217.286570890257,273.657993004693
"5047",2040,3991,151.742011,0.0380210501127537,229.17655843879,284.482493502064
"5047",2041,3994,156.167397,0.0391005,240.441228902102,293.137704003173
"5047",2042,3996,157.147719,0.039326256006006,247.65755522297,295.0822217471
"5047",2043,3998,160.845914,0.0402315942971486,259.096299555109,302.554304481504
"5047",2044,3999,162.0446,0.04052128032008,267.20958143077,305.012363136477
"5047",2045,3999,168.858042,0.0422250667666917,285.20711922343,319.408762121144
"5047",2046,3999,171.132304,0.0427937744436109,296.259270020149,324.363847082528
"5047",2047,3999,172.489888,0.0431332553138285,305.942962589213,327.358267706156
"5047",2048,3997,174.466466,0.0436493535151364,317.187757328604,331.797575490383
"5047",2049,3995,175.526764,0.0439366117647059,326.82451735228,334.220277768603
"5047",2050,3993,179.804726,0.0450299839719509,344.087419053768,344.087419053768
"5049",2026,1150,35.545888,0.030909467826087,63.3042186574566,75.0421865745655
"5049",2027,1154,36.560916,0.0316819029462738,64.0479637670366,76.8942819420841
"5049",2028,1158,39.20773,0.0338581433506045,65.4724826420573,81.8427579546131
"5049",2029,1162,41.434243,0.0356576962134251,67.1478047168099,86.2249633732233
"5049",2030,1166,42.845719,0.0367458996569468,68.7770745370053,89.1082981480211
"5049",2031,1171,45.525244,0.0388772365499573,71.4314898424911,94.8051820608387
"5049",2032,1174,45.899504,0.0390966814310051,72.9246603748322,95.6143396148684
"5049",2033,1177,47.812654,0.0406224757858963,75.7389876203563,99.9006555044312
"5049",2034,1180,49.981523,0.0423572228813559,79.1881967585202,104.970491896301
"5049",2035,1182,50.767307,0.0429503443316413,81.621960643835,106.850195757337
"5049",2036,1184,53.771157,0.0454148285472973,86.896947419348,114.414626145996
"5049",2037,1185,55.19845,0.046580970464135,90.7940833985774,118.183577363078
"5049",2038,1186,56.760751,0.0478589806070826,95.2457507988119,122.446819634203
"5049",2039,1187,57.658589,0.0485750539174389,98.9823301866149,124.948647126153
"5049",2040,1187,60.591706,0.0510460876158383,106.745018993404,133.592030389447
"5049",2041,1187,62.01065,0.0522414911541702,112.340400221293,137.98550976799
"5049",2042,1186,61.779465,0.0520906112984823,114.715134532062,137.307335045804
"5049",2043,1185,64.062574,0.0540612438818565,122.997452803958,144.708410581638
"5049",2044,1184,66.779936,0.056401972972973,133.333961143934,154.043820830883
"5049",2045,1183,68.522726,0.0579228453085376,141.935608822108,160.382287781056
"5049",2046,1181,68.203819,0.0577509051651143,144.762531686303,159.367684336827
"5049",2047,1180,69.588593,0.0589733838983051,153.048675216545,164.590056582023
"5049",2048,1177,70.464408,0.0598678062871708,160.230240581408,168.194854682603
"5049",2049,1175,72.834448,0.0619867642553191,173.478153850557,177.821458546033
"5049",2050,1172,73.680298,0.0628671484641638,181.645038116536,181.645038116536
"5052",2026,544,20.415554,0.0375285919117647,31.1324186581023,41.3241865810231
"5052",2027,546,21.910707,0.0401295,31.9939446584468,44.5014156977946
"5052",2028,548,23.255469,0.0424369872262774,33.0700543514353,47.5431677224876
"5052",2029,549,24.336071,0.0443279981785064,34.277932925575,50.1314490615293
"5052",2030,551,25.51769,0.0463115970961888,35.7723652545165,53.0894610180659
"5052",2031,552,26.068799,0.0472260851449275,37.0491568383291,54.5188063941882
"5052",2032,554,26.761272,0.0483055451263538,38.5600828304976,56.3387164015309
"5052",2033,555,25.869131,0.0466110468468468,38.6674038806907,53.910079670871
"5052",2034,557,26.896662,0.0482884416517056,40.6470325670943,56.6175814177357
"5052",2035,558,28.330233,0.0507710268817204,43.4145261375066,60.6617740285865
"5052",2036,559,27.04239,0.0483763685152057,42.8042305560575,56.9562748548579
"5052",2037,560,28.326058,0.0505822464285714,45.6665599770476,60.5688975161904
"5052",2038,561,29.442838,0.0524827771836007,48.6341509512525,63.8802744568226
"5052",2039,562,28.512234,0.050733512455516,48.2328364621359,61.0346152546994
"5052",2040,562,28.101828,0.0500032526690391,48.6499857174918,59.8399771479869
"5052",2041,563,27.762751,0.0493121687388988,49.1035009119416,58.8354730746288
"5052",2042,563,29.270639,0.0519904777975133,53.2815659878491,63.2593799826416
"5052",2043,564,30.023743,0.0532335868794326,56.2110785557965,65.540445499385
"5052",2044,564,29.562863,0.0524164237588652,56.4326417887,64.1066345660645
"5052",2045,565,29.460049,0.0521416796460177,57.4173781755827,63.7444654468711
"5052",2046,565,29.647289,0.0524730778761062,59.1710308090926,64.3188597754031
"5052",2047,565,30.531962,0.0540388707964602,62.9294003353373,67.1035496736195
"5052",2048,566,30.997877,0.0547665671378092,65.6676094726365,68.5595778082557
"5052",2049,566,29.574741,0.0522521925795053,62.7717766890124,64.0485991574155
"5052",2050,566,30.039239,0.0530728604240283,65.4873244567988,65.4873244567988
"5053",2026,6923,183.370667,0.0264871684240936,359.274827283736,388.748272837363
"5053",2027,6939,192.280363,0.0277100969880386,362.429653903115,402.761119295385
"5053",2028,6955,202.550026,0.0291229368799425,367.099804985145,419.42745705797
"5053",2029,6971,211.413077,0.0303275106871324,372.644214066585,434.32571325452
"5053",2030,6988,219.513161,0.0314128736405266,379.091499738794,448.365998955175
"5053",2031,7003,229.076541,0.03271120105669,387.452625480407,465.40043645359
"5053",2032,7017,239.636742,0.0341508824283882,397.880368604423,484.862672628993
"5053",2033,7030,249.267078,0.0354576213371266,409.378370661943,503.250677688118
"5053",2034,7042,256.824877,0.0364704454700369,420.848606566583,518.121516416457
"5053",2035,7052,267.862794,0.0379839469653999,436.743058457746,540.555562189134
"5053",2036,7061,276.311996,0.0391321336921116,452.107449031418,558.33147164509
"5053",2037,7069,285.254505,0.0403528794737587,469.643312623247,577.743049020969
"5053",2038,7075,295.948267,0.041830143745583,491.203291943918,601.82416717076
"5053",2039,7080,301.472478,0.0425808584745763,507.935097236209,614.612931465888
"5053",2040,7084,307.108657,0.0433524360530774,525.961917973172,627.939068757076
"5053",2041,7087,313.409376,0.0442231375758431,546.261313830595,643.186888800898
"5053",2042,7089,320.245205,0.0451749478064607,568.911804623987,660.15972089141
"5053",2043,7090,324.170035,0.0457221488011283,587.65267839914,670.105326642902
"5053",2044,7090,327.833565,0.0462388667136812,606.746507032185,679.543880041529
"5053",2045,7089,330.514535,0.0466235766680773,624.580417543824,686.560513900091
"5053",2046,7087,333.796746,0.0470998653873289,644.38214784087,695.273115106906
"5053",2047,7085,336.991899,0.0475641353563867,664.732137273921,703.867196928361
"5053",2048,7081,343.144864,0.0484599440756955,693.38111282939,720.736338193935
"5053",2049,7076,345.327263,0.0488026092425099,713.02876289977,726.93897444132
"5053",2050,7071,348.391912,0.0492705292037901,735.684732213642,735.684732213642
"5054",2026,10040,300.13466,0.029893890438247,451.532141044439,483.321410444393
"5054",2027,10031,312.181014,0.0311216243644701,455.040786574959,499.205720545153
"5054",2028,10023,321.567284,0.0320829376434201,459.192594669863,511.957683827788
"5054",2029,10016,332.415013,0.0331883998602236,464.817321705782,527.140337438975
"5054",2030,10011,346.342648,0.0345962089701329,472.835673759453,547.342695037811
"5054",2031,10006,356.927928,0.0356713899660204,481.127209401855,563.225076180365
"5054",2032,10001,370.351929,0.0370314897510249,492.217977235061,584.055314569417
"5054",2033,9997,380.179403,0.0380293491047314,503.02971502215,599.806110405931
"5054",2034,9993,390.984384,0.039125826478535,515.851245349118,617.628113372796
"5054",2035,9989,402.475563,0.0402918773651016,530.765552945496,637.178406732563
"5054",2036,9986,412.1229,0.0412700680953335,545.887390991279,654.078717876376
"5054",2037,9984,422.090703,0.0422767130408654,562.806089218272,672.011881401507
"5054",2038,9982,430.522343,0.0431298680625125,579.765720622438,687.574037495341
"5054",2039,9979,437.82047,0.0438741827838461,596.847057308736,701.356693291466
"5054",2040,9977,446.045774,0.0447074044301894,616.257025316499,717.211240506398
"5054",2041,9974,450.461061,0.0451635312813315,632.110766877555,725.903044343479
"5054",2042,9972,457.761725,0.0459047056758925,652.725608246794,740.465154638278
"5054",2043,9970,462.352984,0.046374421664995,670.569820064556,749.789586528211
"5054",2044,9967,467.870538,0.0469419622755092,690.705308117889,761.168139506954
"5054",2045,9964,475.65707,0.0477375622240064,715.722216249445,777.504266153163
"5054",2046,9961,479.167915,0.0481043986547535,734.472743722139,785.026757320163
"5054",2047,9957,486.25185,0.048835176257909,760.744902217439,800.388622216833
"5054",2048,9953,492.279736,0.0494604376569878,786.294231394543,813.723493399506
"5054",2049,9948,498.275798,0.0500880375954966,813.027748421963,827.249608750092
"5054",2050,9943,506.400514,0.0509303544201951,845.902573592483,845.902573592483
"5055",2026,5759,185.032103,0.0321292069803785,296.763539564255,438.63539564255
"5055",2027,5739,192.92538,0.0336165499215891,304.934557148083,455.069506531514
"5055",2028,5720,196.620677,0.0343742442307692,312.843256874436,462.961467853922
"5055",2029,5702,204.654257,0.0358916620484041,323.469273009425,480.855402397294
"5055",2030,5684,209.583238,0.036872490851513,333.808551163122,492.23420465249
"5055",2031,5667,216.763668,0.0382501619904711,346.667571676066,509.40894496023
"5055",2032,5649,224.655368,0.0397690508054523,361.633659811271,529.103568650065
"5055",2033,5632,229.108314,0.0406797432528409,375.132817859051,540.676738921521
"5055",2034,5614,235.62119,0.0419702867830424,391.843497722756,558.108744306889
"5055",2035,5597,240.37086,0.0429463748436663,408.013273260261,571.316053166311
"5055",2036,5579,245.336071,0.0439749186234092,425.664360865867,585.556549191298
"5055",2037,5561,252.495671,0.0454047241503327,447.921176667336,606.699856911874
"5055",2038,5543,253.121749,0.0456651179866498,461.407498781457,609.013634148104
"5055",2039,5525,258.666951,0.0468175476923077,483.846591519557,626.270794075843
"5055",2040,5506,263.271209,0.0478153303668725,506.127131010165,641.203409616265
"5055",2041,5488,265.675789,0.0484103114067055,525.120395913261,649.483616472846
"5055",2042,5471,269.740298,0.049303655273259,548.623676365325,663.31953766475
"5055",2043,5453,271.709568,0.0498275386026041,568.31484742023,670.579454129126
"5055",2044,5436,272.549947,0.0501379593451067,585.675491167653,674.129666022778
"5055",2045,5419,276.350699,0.0509966228086363,611.544625783534,687.824154810503
"5055",2046,5402,280.192621,0.0518683119215105,638.881804864515,702.037417487664
"5055",2047,5386,281.506634,0.052266363535091,659.554899781933,707.540732148658
"5055",2048,5369,283.324067,0.0527703607748184,682.445969606441,714.995642817774
"5055",2049,5353,286.883485,0.0535930291425369,712.120573122615,728.917478568951
"5055",2050,5337,287.647301,0.0538968148772719,732.739442521395,732.739442521395
"5056",2026,5300,139.327689,0.0262882432075472,245.312187408729,257.121874087293
"5056",2027,5344,142.755615,0.0267132513098802,246.510240230293,262.25629258395
"5056",2028,5387,149.267646,0.0277088631891591,248.827909470627,271.58805411787
"5056",2029,5429,152.637678,0.0281152473752072,250.955755992127,276.732969374716
"5056",2030,5470,159.786027,0.029211339488117,254.80486045232,287.21944180928
"5056",2031,5510,168.330994,0.0305500896551724,260.098994829043,299.996503753192
"5056",2032,5549,171.753574,0.0309521668769148,263.96346293073,305.426039786863
"5056",2033,5587,179.564623,0.0321397213173438,270.666791850862,317.563563726515
"5056",2034,5623,184.321606,0.0327799406011026,276.478752741603,325.196881854008
"5056",2035,5658,188.064066,0.0332386118769883,282.197703899373,331.309037484282
"5056",2036,5692,195.198039,0.0342934010892481,291.002870797225,342.953412204685
"5056",2037,5725,199.411865,0.0348317668122271,298.327728620028,350.005324136639
"5056",2038,5756,204.255824,0.035485723419041,306.801902977827,358.185278141504
"5056",2039,5785,209.123778,0.0361493133967156,315.977359957223,366.514655246337
"5056",2040,5813,213.326328,0.0366981469120936,325.125531287818,373.800850060508
"5056",2041,5839,219.136825,0.0375298552834389,336.764419151724,384.02176475732
"5056",2042,5865,221.04337,0.0376885541346974,344.374628064422,387.392325806317
"5056",2043,5889,227.154995,0.0385727619290202,357.869862248542,398.399813218362
"5056",2044,5912,229.684567,0.0388505695196211,367.205441868277,402.974763701002
"5056",2045,5935,234.731776,0.0395504256107835,380.726923155981,412.279290038131
"5056",2046,5957,240.829971,0.0404280629511499,396.792492167969,423.755873138787
"5056",2047,5977,246.098789,0.0411742996486532,412.495774342261,433.854393625083
"5056",2048,5997,251.918424,0.0420074077038519,430.141760919942,445.234336129667
"5056",2049,6016,257.416185,0.042788594581117,448.233025012168,456.190155856798
"5056",2050,6034,264.562657,0.0438453193569771,470.832072626168,470.832072626168
"5057",2026,10449,281.935939,0.0269820977126998,371.149914259018,489.499142590177
"5057",2027,10492,294.114149,0.0280322292222646,378.306776966337,505.685650664272
"5057",2028,10534,301.29054,0.0286017220429087,385.579501517033,515.5971515259
"5057",2029,10573,311.364171,0.0294489899744633,394.446283971807,529.51192457321
"5057",2030,10611,319.111578,0.030073657336726,403.619274295623,540.477097182493
"5057",2031,10647,330.28127,0.0310210641495257,415.039500576508,556.398262874811
"5057",2032,10681,342.519429,0.0320681049527198,428.271895306501,574.221216327696
"5057",2033,10714,350.831415,0.0327451386036961,440.885117145512,586.648599022104
"5057",2034,10744,358.31549,0.0333502876023827,454.002878174603,598.007195436508
"5057",2035,10774,365.438601,0.0339185633005383,467.800615195593,608.972834732784
"5057",2036,10803,376.504277,0.0348518260668333,485.411107296665,626.233910098242
"5057",2037,10831,387.749959,0.0358000146800849,504.667435890559,644.180362713285
"5057",2038,10859,395.170726,0.0363910789207109,522.044048131371,656.261905693402
"5057",2039,10885,402.669093,0.036993026458429,540.50083730239,668.639723067897
"5057",2040,10911,408.471841,0.0374367006690496,558.209197608061,678.334716172897
"5057",2041,10936,418.930522,0.0383074727505486,581.994418331194,696.104782386708
"5057",2042,10959,430.100287,0.0392463077835569,608.266338443637,715.523340633767
"5057",2043,10981,437.190993,0.03981340433476,630.912172352153,728.050403189361
"5057",2044,11002,444.341266,0.0403873173968369,654.718957735508,740.863171271624
"5057",2045,11021,453.873359,0.0411825931403684,683.237251536737,758.292001891368
"5057",2046,11039,460.755483,0.041738878793369,709.095896742761,771.053996167954
"5057",2047,11055,470.874653,0.0425938175486205,741.621544564917,790.24962767878
"5057",2048,11070,477.191064,0.0431066905149051,769.055454367277,802.38427499165
"5057",2049,11084,487.194014,0.0439547107542404,804.652192615514,822.054226094041
"5057",2050,11096,494.632581,0.0445775577685652,836.93641785008,836.93641785008
"5058",2026,4132,137.361072,0.0332432410454985,176.960795523166,212.607955231657
"5058",2027,4131,140.260034,0.0339530462357783,179.005992991874,216.67994903181
"5058",2028,4130,143.801397,0.0348187401937046,181.533652196041,221.76372683452
"5058",2029,4131,147.605751,0.0357312396514161,184.552474607853,227.364586389895
"5058",2030,4132,154.560867,0.0374058245401742,189.241379909008,237.96551963603
"5058",2031,4133,159.068789,0.0384874882651827,193.727394175364,245.095284088221
"5058",2032,4134,161.94105,0.0391729680696662,197.942421650867,249.745912771897
"5058",2033,4134,164.443116,0.0397782089985486,202.315820271246,253.87122833447
"5058",2034,4134,170.40262,0.0412197919690373,209.38942991646,263.97357479115
"5058",2035,4133,176.107216,0.0426100208081297,217.200773052737,274.030338406257
"5058",2036,4131,179.642743,0.0434865027838296,224.050021269837,280.47372898913
"5058",2037,4129,183.405064,0.04441876095907,231.682428487752,287.502299488296
"5058",2038,4126,186.784562,0.045270131362094,239.545114413309,293.991117115107
"5058",2039,4122,190.597791,0.04623915356623,248.500803125968,301.512005320797
"5058",2040,4119,195.525822,0.0474692454479243,259.558503115922,311.493604985476
"5058",2041,4115,197.435717,0.0479795181044958,267.418997287954,315.519241189364
"5058",2042,4112,200.838834,0.0488421288910506,277.816442265106,322.737774664437
"5058",2043,4109,203.940602,0.0496326605013385,288.402385373071,329.47781067535
"5058",2044,4106,208.7565,0.0508418168533853,302.573488011033,340.191597433591
"5058",2045,4103,209.57566,0.0510786400194979,310.417513246688,342.129247072847
"5058",2046,4100,213.331712,0.0520321248780488,324.145063728183,350.817722033157
"5058",2047,4098,216.225936,0.0527637715959004,336.88600295605,357.660285020902
"5058",2048,4095,218.820109,0.0534359240537241,349.638548641231,363.960593125655
"5058",2049,4092,221.216682,0.0540607727272727,362.514078718515,369.897744123133
"5058",2050,4089,223.161454,0.0545760464661286,374.818161620116,374.818161620116
"5059",2026,18286,488.877652,0.0267350788581428,746.659873661906,770.598736619064
"5059",2027,18315,504.676629,0.0275553714987715,750.20816007036,789.150255057162
"5059",2028,18344,523.238953,0.0285237109136502,755.793504738787,811.391455650213
"5059",2029,18372,539.502193,0.0293654579251034,762.563639765765,831.358304780072
"5059",2030,18400,556.296295,0.0302334942934783,771.105226645978,852.420906583911
"5059",2031,18429,577.160922,0.031318081393456,782.870323418967,879.201124935536
"5059",2032,18457,599.991093,0.0325075089667877,797.7381958775,909.348295007692
"5059",2033,18484,621.603144,0.0336292547067734,814.598582819175,938.754711225309
"5059",2034,18511,643.737975,0.0347759696936956,834.306092346484,969.76523086621
"5059",2035,18539,659.617962,0.035580018447597,852.7635029465,992.602292449144
"5059",2036,18567,681.318956,0.0366951557063608,877.268966652251,1024.56624558369
"5059",2037,18595,703.508497,0.0378332076902393,905.03430590738,1058.21327981928
"5059",2038,18621,723.315668,0.0388440829171366,933.799372020922,1089.08976731077
"5059",2039,18644,743.060161,0.0398551899270543,965.306364511281,1120.69168427452
"5059",2040,18666,754.754306,0.0404347104896603,991.346123353553,1139.75379736569
"5059",2041,18687,772.632839,0.0413460073312998,1025.9154699499,1169.53278483003
"5059",2042,18705,791.11091,0.0422940876770917,1063.96382251325,1201.09117501893
"5059",2043,18720,806.18771,0.0430655827991453,1100.52320707942,1227.42129773481
"5059",2044,18734,818.157768,0.0436723480303192,1135.12741162195,1248.6805311251
"5059",2045,18745,830.044784,0.0442808633769005,1171.50838805035,1270.16416990812
"5059",2046,18754,844.435205,0.0450269385197824,1213.79380241771,1296.69859107966
"5059",2047,18761,855.36685,0.0455928175470391,1252.71971774567,1317.20531576976
"5059",2048,18765,868.142741,0.0462639350386358,1296.81582539353,1341.63873015516
"5059",2049,18767,878.79271,0.0468264885170779,1339.18133605695,1362.37021927995
"5059",2050,18767,890.595487,0.0474553997442319,1385.76152714158,1385.76152714158
"5060",2026,9428,236.305652,0.0250642397114977,446.386307689739,512.86307689739
"5060",2027,9423,243.595903,0.0258512048179985,450.636283394279,523.627515594758
"5060",2028,9420,248.439271,0.0263735956475584,455.085189380537,530.915367888782
"5060",2029,9417,256.152969,0.0272011223319528,461.050958201411,542.769215065463
"5060",2030,9415,263.946662,0.0280346959107807,468.009363482333,555.03745392933
"5060",2031,9412,270.047341,0.0286918126859329,475.17278455641,564.818381065775
"5060",2032,9410,280.817018,0.0298424036131775,485.657866893675,582.562667365154
"5060",2033,9407,288.756014,0.0306958662697991,495.908048753134,595.987720698301
"5060",2034,9403,299.102103,0.0318092207806019,508.984512341349,613.961280853374
"5060",2035,9400,307.937901,0.0327593511702128,522.45551867403,629.755471254925
"5060",2036,9396,314.790552,0.0335026130268199,535.558243867848,642.280513405996
"5060",2037,9392,325.901432,0.0346998969335605,553.879289065882,663.154710372453
"5060",2038,9387,332.3668,0.0354071375306275,569.136960274536,675.612655044611
"5060",2039,9381,340.626886,0.0363102959172796,587.573244541739,691.890629007216
"5060",2040,9375,349.860358,0.0373184381866667,608.735591883929,710.576947014286
"5060",2041,9367,354.660018,0.0378627114337568,625.498963046806,720.507868749896
"5060",2042,9360,363.798517,0.0388673629273504,649.572183719732,739.817405313902
"5060",2043,9352,370.267028,0.0395922827202737,671.189420622193,753.833112708057
"5060",2044,9343,377.497007,0.0404042606229263,695.403806244048,769.843620960062
"5060",2045,9334,388.373066,0.0416084278980073,727.912154794991,794.584190516912
"5060",2046,9323,393.119129,0.0421665911187386,750.720392417814,805.729873432722
"5060",2047,9312,399.454319,0.0428967266967354,777.88563255515,820.842966259323
"5060",2048,9301,406.351429,0.0436890043006128,807.74772996997,837.646194562129
"5060",2049,9288,413.838451,0.0445562501076658,840.693782774334,856.344189895412
"5060",2050,9274,421.190024,0.0454162199698081,875.191072653769,875.191072653769
"5061",2026,1900,64.286691,0.0338351005263158,101.75425281651,117.542528165101
"5061",2027,1889,64.652035,0.0342255346744309,102.48924936174,118.103631721742
"5061",2028,1879,64.89814,0.0345386588610963,103.233716239064,118.478378508935
"5061",2029,1869,68.015581,0.036391429106474,105.080636930547,123.908879673164
"5061",2030,1860,68.706168,0.0369388,106.288220799201,125.152883196806
"5061",2031,1850,71.164484,0.0384672886486487,108.549766064234,129.738316745161
"5061",2032,1841,73.967644,0.0401779706681152,111.448506969898,135.226175291994
"5061",2033,1832,74.171081,0.0404863979257642,112.938804493084,135.693253774024
"5061",2034,1823,77.553849,0.0425418809654416,117.10094643027,142.752366075676
"5061",2035,1814,78.077936,0.0430418610804851,119.242617659447,143.983126078736
"5061",2036,1806,80.829244,0.0447559490586932,123.824076438525,150.155950396894
"5061",2037,1797,82.365004,0.0458347267668336,127.590369180482,153.834866693624
"5061",2038,1789,81.591299,0.0456072101732812,128.715348900691,152.209725273984
"5061",2039,1781,85.507839,0.0480111392476137,136.258831173825,161.717159444809
"5061",2040,1772,85.957566,0.0485087844243792,139.426271970067,163.082035152107
"5061",2041,1764,86.821699,0.0492186502267574,143.390728594059,165.495439387259
"5061",2042,1756,86.860323,0.0494648764236902,146.092613552137,165.846590788767
"5061",2043,1748,85.822593,0.0490975932494279,146.800156942349,163.457839921829
"5061",2044,1740,86.741281,0.0498513109195402,151.199196799823,166.063479741707
"5061",2045,1732,87.477673,0.0505067396073903,155.460299720096,168.258830424733
"5061",2046,1725,88.193272,0.0511265344927536,159.851898463491,170.413998192343
"5061",2047,1718,88.127975,0.05129684225844,162.574689917534,170.506692864827
"5061",2048,1710,87.33998,0.0510760116959064,163.548670657506,168.701265575683
"5061",2049,1703,89.75686,0.0527051438637698,172.751040229732,175.585496342579
"5061",2050,1696,90.187504,0.0531765943396226,177.109607173693,177.109607173693
"5501",2026,79105,1338.776797,0.0169240477466658,2612.55798694755,2680.57986947551
"5501",2027,79458,1402.449417,0.0176501978026127,2624.38610246504,2745.98983610935
"5501",2028,79801,1473.00966,0.0184585363591935,2642.42412983313,2818.85217047503
"5501",2029,80133,1544.729013,0.0192770645426978,2666.4115098234,2893.99534034542
"5501",2030,80456,1625.40778,0.0202024433230586,2698.59077703137,2979.36310812548
"5501",2031,80767,1692.733793,0.0209582353312615,2733.71328094665,3052.69836851008
"5501",2032,81065,1767.713496,0.021806124665392,2777.28145396539,3135.09678143197
"5501",2033,81351,1846.063687,0.0226925752234146,2828.86654763582,3222.56289002984
"5501",2034,81625,1926.296255,0.0235993415620214,2888.50527490328,3313.76318725821
"5501",2035,81888,2009.870996,0.0245441456135209,2957.43173621433,3410.55825420419
"5501",2036,82140,2077.682837,0.0252944099951303,3025.96462564933,3491.24131715649
"5501",2037,82376,2152.139204,0.0261258036806837,3105.17993378233,3580.96084640455
"5501",2038,82593,2228.558349,0.0269824119356362,3193.29006829827,3674.61830599685
"5501",2039,82789,2306.29272,0.0278574776842334,3290.39334654793,3771.62697284754
"5501",2040,82966,2380.230834,0.0286892321432876,3392.97112897698,3865.75380636317
"5501",2041,83126,2442.590764,0.029384197050261,3493.91646574328,3946.76070300873
"5501",2042,83269,2507.734228,0.0301160603345783,3604.35742925178,4032.65347035969
"5501",2043,83396,2572.462332,0.0308463515276512,3721.89779009137,4119.43768147982
"5501",2044,83509,2638.234809,0.031592221305488,3848.21547779113,4209.14900360146
"5501",2045,83607,2705.757424,0.032362809621204,3984.55413962861,4302.91278723522
"5501",2046,83692,2759.324695,0.0329699934880275,4112.61581331223,4378.66566272028
"5501",2047,83763,2821.8773,0.0336888280028175,4258.84510167985,4468.4874385125
"5501",2048,83822,2876.785868,0.0343201768986662,4402.93274256181,4548.7110730398
"5501",2049,83869,2930.305426,0.0349390767268001,4552.28226402787,4628.1504041848
"5501",2050,83907,2989.995067,0.0356346319973304,4718.25061978071,4718.25061978071
"5503",2026,24577,629.365406,0.025607901940839,1235.40841002416,1437.0841002416
"5503",2027,24607,653.32524,0.0265503815987321,1249.16494616801,1476.0177903128
"5503",2028,24635,679.222528,0.0275714442053988,1266.56905441859,1519.10888239194
"5503",2029,24664,704.373768,0.0285587807330522,1287.1821848834,1562.09263474543
"5503",2030,24691,727.723547,0.0294732310153497,1310.49864358306,1602.99457433224
"5503",2031,24716,758.723971,0.0306976845363327,1341.13672149861,1658.69294434301
"5503",2032,24738,785.111137,0.0317370497615005,1373.72560942572,1707.54033669453
"5503",2033,24759,811.277583,0.0327669769780686,1410.31051257014,1757.30486226247
"5503",2034,24778,836.747909,0.0337697921139721,1450.61831910363,1807.04579775907
"5503",2035,24795,859.99785,0.0346843254688445,1493.26638249638,1853.60887427744
"5503",2036,24810,887.754973,0.0357821432083837,1544.39491999437,1910.67351577761
"5503",2037,24823,910.18846,0.0366671417636869,1594.82444696717,1958.02331115546
"5503",2038,24833,928.946594,0.0374077475133894,1645.01245671898,1998.47719403452
"5503",2039,24838,948.220888,0.0381762174088091,1699.38817990037,2040.8947742985
"5503",2040,24840,967.481888,0.038948546215781,1757.48661775791,2084.17858841265
"5503",2041,24838,985.106248,0.0396612548514373,1816.93904582542,2124.6061069063
"5503",2042,24833,1000.646078,0.0402950138122659,1876.55322813829,2160.9331830547
"5503",2043,24825,1013.790657,0.0408374887009063,1935.15427894354,2192.1922426353
"5503",2044,24814,1024.864998,0.041301885951479,1992.60335005718,2218.93980652539
"5503",2045,24800,1039.129929,0.0419004003629032,2058.73883923781,2253.90934060038
"5503",2046,24783,1049.978765,0.0423668952507767,2120.7882920023,2280.98622588506
"5503",2047,24765,1061.257618,0.0428531240864123,2186.16811891002,2309.52745792678
"5503",2048,24743,1073.686368,0.0433935403144324,2256.84264559524,2341.47853577863
"5503",2049,24720,1084.018251,0.0438518709951456,2325.17373501424,2368.50517923558
"5503",2050,24695,1091.426452,0.0441962523587771,2388.26977963727,2388.26977963727
"5510",2026,2890,80.182069,0.0277446605536332,246.704630494875,253.046304948746
"5510",2027,2898,83.776465,0.028908373015873,248.181724374886,261.86708636281
"5510",2028,2905,88.796044,0.0305666244406196,250.996394415583,274.550825231904
"5510",2029,2912,92.154795,0.031646564217033,253.942467099691,283.376315763249
"5510",2030,2919,96.455644,0.0330440712572799,258.252221118746,295.008884474985
"5510",2031,2925,98.485434,0.0336702338461538,261.717190893303,300.668490063661
"5510",2032,2930,103.044255,0.0351686877133106,267.986228250497,313.649933078452
"5510",2033,2935,107.51991,0.0366337001703577,275.324385243615,326.894855844454
"5510",2034,2940,110.329671,0.0375270989795918,281.786839925469,335.467099813672
"5510",2035,2944,113.7278,0.0386303668478261,289.796752958586,346.10686390534
"5510",2036,2947,117.677523,0.0399312938581608,299.616717043267,358.877299038458
"5510",2037,2949,119.537521,0.0405349342149881,307.006469653783,365.037013958602
"5510",2038,2951,123.863142,0.0419732775330396,319.582912529044,379.78711368917
"5510",2039,2951,126.792473,0.0429659345984412,330.676565440629,390.130324154262
"5510",2040,2951,127.541535,0.0432197678752965,337.762574613706,392.820119381929
"5510",2041,2949,130.663089,0.0443075920651068,350.863755804063,404.284914421228
"5510",2042,2947,133.614466,0.0453391469290804,364.615599268417,415.450856097739
"5510",2043,2945,134.067514,0.0455237738539898,372.296105815331,417.248957037736
"5510",2044,2942,135.837099,0.0461716855880353,384.104007893393,424.198719862443
"5510",2045,2938,139.547478,0.0474974397549353,402.89403593862,439.100351924455
"5510",2046,2934,139.207167,0.0474462055214724,409.110593330836,437.894815683337
"5510",2047,2930,140.42816,0.0479276996587031,420.868226502618,443.034621411401
"5510",2048,2925,142.144057,0.0485962588034188,435.028738249221,450.35539270186
"5510",2049,2920,141.415255,0.0484298818493151,440.006646188641,447.565346689497
"5510",2050,2915,143.414504,0.0491988006861063,456.195945947217,456.195945947217
"5512",2026,4243,147.359109,0.0347299337732736,301.815756547816,354.157565478161
"5512",2027,4251,152.634265,0.0359054963537991,305.665944243535,366.297776316619
"5512",2028,4259,160.343601,0.0376481805588166,311.524869938808,384.713542507476
"5512",2029,4266,167.399044,0.0392402822315987,318.592114340284,402.315832189571
"5512",2030,4272,174.187557,0.0407742408707865,326.990606616336,419.962426465343
"5512",2031,4277,176.696005,0.0413130710778583,333.55653019797,426.631409384244
"5512",2032,4282,181.716762,0.0424373568425969,342.906870531227,440.328832403775
"5512",2033,4286,188.617527,0.0440078224451703,355.406574230626,459.880204774141
"5512",2034,4289,197.113853,0.0459579979016088,371.659304649837,485.148261624592
"5512",2035,4291,200.275078,0.0466732878116989,383.002948109136,494.86388139231
"5512",2036,4294,203.360735,0.0473592768979972,395.033343222397,504.491248889256
"5512",2037,4295,207.290856,0.0482632959254948,409.318448477794,517.109167761549
"5512",2038,4296,213.531884,0.0497048147113594,428.995965616394,537.810846575261
"5512",2039,4296,220.320739,0.0512850882216015,451.872788273573,561.315384295443
"5512",2040,4295,220.602498,0.0513626305005821,462.477420250397,562.363872400636
"5512",2041,4293,223.133666,0.0519761625902632,478.528743140955,571.515083986347
"5512",2042,4290,225.266348,0.0525096382284382,494.395919321361,579.422741887659
"5512",2043,4287,227.71174,0.0531168042920457,511.801692639541,588.612464595988
"5512",2044,4284,231.152137,0.0539570814659197,532.942794702345,601.732638325607
"5512",2045,4280,233.751351,0.054614801635514,552.725365426197,611.96968052455
"5512",2046,4275,233.644289,0.0546536348538012,564.512986326125,611.897630971912
"5512",2047,4271,235.497517,0.0551387302739405,583.022196894232,619.405292275191
"5512",2048,4266,236.893876,0.0555306788560713,600.583101189759,625.279028313253
"5512",2049,4261,240.380965,0.0564142137995776,626.77560992534,639.662971351003
"5512",2050,4255,241.517966,0.0567609790834313,644.786218915414,644.786218915414
"5514",2026,1348,58.639058,0.0435007848664688,128.350655028761,131.506550287611
"5514",2027,1349,60.394755,0.0447700185322461,129.128069205632,136.204139677327
"5514",2028,1350,61.570501,0.0456077785185185,130.000499599224,139.431426281281
"5514",2029,1352,63.252865,0.0467846634615385,131.433580321631,144.15802504297
"5514",2030,1353,64.129848,0.0473982616407982,132.6701999959,146.680799983601
"5514",2031,1354,67.574204,0.0499070930576071,136.367423910869,157.10408316824
"5514",2032,1354,66.811426,0.049343741506647,136.686126335796,154.726542571681
"5514",2033,1354,69.346409,0.0512159593796159,140.604109704681,162.769957806018
"5514",2034,1354,71.564153,0.0528538796159527,144.859587796557,170.148969491392
"5514",2035,1354,73.504948,0.054287258493353,149.38519908595,176.8804550536
"5514",2036,1354,75.83774,0.0560101477104874,155.229332259293,185.324910019563
"5514",2037,1353,77.096694,0.0569820354767184,159.838844188856,190.124574027035
"5514",2038,1352,77.462174,0.0572945073964497,162.97878762476,191.597795681382
"5514",2039,1351,79.55047,0.0588826572908956,170.221336259852,199.866104272089
"5514",2040,1349,80.641632,0.0597788228317272,175.794132282792,204.470611652467
"5514",2041,1347,81.602943,0.0605812494432071,181.431046591917,208.650636365157
"5514",2042,1345,82.42388,0.0612816951672862,187.030091840667,212.328702629524
"5514",2043,1343,82.438001,0.0613834705882353,190.390921002181,212.597858986008
"5514",2044,1341,85.296097,0.063606336316182,203.520929756241,225.446360975795
"5514",2045,1338,85.800129,0.0641256569506726,209.352721608415,228.126426594972
"5514",2046,1336,86.97109,0.065098121257485,217.981960548674,233.861130057264
"5514",2047,1333,88.511714,0.0664003855963991,228.915789274266,241.707931576638
"5514",2048,1330,87.496435,0.0657867932330827,229.002137091225,237.191499558081
"5514",2049,1327,88.601634,0.0667683752825923,238.715192070306,243.028770982137
"5514",2050,1324,90.036327,0.0680032681268882,250.721693942352,250.721693942352
"5516",2026,1095,37.919171,0.0346293799086758,79.3006792415295,82.0067924152949
"5516",2027,1096,40.551468,0.0369995145985401,80.1715497251552,87.5203616374925
"5516",2028,1098,40.081842,0.0365044098360656,80.3147457793685,86.5128330249628
"5516",2029,1100,41.026916,0.0372971963636364,81.0294685018182,88.5504400085564
"5516",2030,1102,42.494536,0.0385612849364791,82.1998589848946,91.7994359395785
"5516",2031,1104,44.340212,0.0401632355072464,83.8994806532286,96.0416718373169
"5516",2032,1107,45.013252,0.0406623775971093,85.0491092885772,97.6126439648529
"5516",2033,1109,46.279592,0.0417309215509468,86.851302244573,100.658764812615
"5516",2034,1111,45.561677,0.0410096102610261,86.9561946678905,98.8904866697264
"5516",2035,1113,47.495659,0.0426735480682839,89.7767787003117,103.632637029284
"5516",2036,1115,47.809265,0.042878264573991,91.0629859504178,104.395759895616
"5516",2037,1117,50.278629,0.0450122014324082,95.2984875172839,110.801926862993
"5516",2038,1119,51.381255,0.0459171179624665,98.114062155946,113.752840283538
"5516",2039,1121,53.633655,0.0478444736842105,103.122271849554,120.0591861269
"5516",2040,1123,53.855047,0.0479564087266251,105.023975112896,120.638360180634
"5516",2041,1125,54.694091,0.0486169697777778,108.172238813137,123.033568019829
"5516",2042,1126,56.288365,0.0499896669626998,113.163253593485,127.804647990693
"5516",2043,1128,59.271332,0.0525455070921986,121.924645019068,137.202908500432
"5516",2044,1129,60.155027,0.053281689105403,126.343609459687,140.08852833508
"5516",2045,1130,60.925302,0.053916196460177,130.708804830662,142.64160594543
"5516",2046,1130,62.589259,0.0553887247787611,138.025752185186,148.442061394337
"5516",2047,1131,63.247598,0.0559218373121132,142.663026004094,150.732987046866
"5516",2048,1131,64.009773,0.0565957320954907,147.919726161137,153.507812066094
"5516",2049,1131,65.176664,0.057627465959328,154.898288099032,157.855364258734
"5516",2050,1131,67.045746,0.0592800583554377,165.077126314529,165.077126314529
"5518",2026,961,35.29969,0.0367322476586889,56.6151317900276,62.1513179002765
"5518",2027,957,35.935703,0.037550368861024,57.0008015729154,63.27855689393
"5518",2028,953,37.320049,0.0391605970619098,57.7187435091646,65.8213914809405
"5518",2029,949,38.682383,0.0407612044257113,58.6450672867346,68.4473754669861
"5518",2030,945,38.521889,0.0407639037037037,59.0409631465461,68.1638525861845
"5518",2031,941,38.189262,0.0405837003188098,59.319200979383,67.5450468848106
"5518",2032,937,40.555798,0.0432826019210246,61.3155206649146,72.3554481997371
"5518",2033,934,41.571914,0.0445095438972163,62.7277707096666,74.5593674749424
"5518",2034,931,42.186244,0.0453128292158969,63.9814346056586,75.9535865141465
"5518",2035,928,42.268946,0.0455484331896552,64.8345313028452,76.1932144065034
"5518",2036,926,44.04643,0.0475663390928726,67.5412591138504,80.2973876081062
"5518",2037,924,46.231499,0.0500340898268398,71.2002171912147,85.6589603731019
"5518",2038,922,45.609405,0.0494679013015184,71.4954634571474,84.1735699220862
"5518",2039,921,45.25796,0.0491400217155266,72.061852131783,83.339322777503
"5518",2040,920,46.30215,0.0503284239130435,74.7314804785117,85.9703687656187
"5518",2041,918,47.737497,0.0520016307189542,78.3647257653691,89.7580766269721
"5518",2042,917,48.85753,0.0532797491821156,81.7715974285952,92.816567755136
"5518",2043,916,49.90839,0.0544851419213974,85.3454230702777,95.7904041630884
"5518",2044,915,50.789364,0.0555075016393443,88.8373849327428,98.3708192680552
"5518",2045,914,52.127706,0.0570325010940919,93.7036459151569,102.404487280193
"5518",2046,913,51.910498,0.0568570624315444,94.9366486719699,101.807821967023
"5518",2047,911,53.27556,0.0584803073545554,100.506237679896,106.147873442136
"5518",2048,910,54.503628,0.0598940967032967,106.105184377946,110.167766895076
"5518",2049,908,54.471697,0.0599908557268722,108.180906193723,110.213928512959
"5518",2050,907,56.109895,0.0618631697905182,115.815978809578,115.815978809578
"5520",2026,4225,102.392348,0.0242348752662722,179.07665605044,188.766560504397
"5520",2027,4242,108.865798,0.025663790193305,180.612552004756,197.000378216404
"5520",2028,4257,113.537331,0.0266707378435518,182.402944564342,203.159683224811
"5520",2029,4272,115.17955,0.0269615051498127,183.84088425,205.486514117645
"5520",2030,4286,119.745821,0.0279388289780681,186.421663292194,211.686653168775
"5520",2031,4299,123.314543,0.0286844715050012,189.11412537527,216.657827392245
"5520",2032,4311,127.856816,0.0296582732544653,192.64635087475,223.065694999232
"5520",2033,4321,132.175948,0.0305892034251331,196.592194242678,229.288811703938
"5520",2034,4331,133.523666,0.0308297543292542,199.328312564954,231.320781412385
"5520",2035,4340,138.294294,0.0318650447004608,204.420345324046,238.389360740677
"5520",2036,4348,141.203067,0.0324754063937443,208.783528267697,242.807427931993
"5520",2037,4354,142.084597,0.0326331182820395,211.918632758969,244.18269806628
"5520",2038,4359,145.189508,0.0333079853177334,217.033474439125,248.969953525682
"5520",2039,4363,146.767101,0.0336390330048132,221.146900190933,251.441532239886
"5520",2040,4366,147.799853,0.0338524628950985,224.920173352613,253.07227736418
"5520",2041,4368,150.414467,0.034435546474359,230.480642665429,257.216064400648
"5520",2042,4369,152.064573,0.0348053497367819,235.304263934341,259.863234191916
"5520",2043,4370,152.438774,0.0348830146453089,238.821419354579,260.469721158752
"5520",2044,4371,151.854407,0.0347413422557767,241.187405608071,259.532136268478
"5520",2045,4371,151.565824,0.0346753200640586,243.868343772929,259.068730797451
"5520",2046,4372,155.47094,0.0355605992680695,252.300698712443,265.412586720521
"5520",2047,4373,155.610858,0.0355844632975074,255.784792905168,265.644837076246
"5520",2048,4374,157.120112,0.0359213790580704,261.379381319107,268.139871696332
"5520",2049,4375,158.072934,0.0361309563428571,266.287239724488,269.727002311156
"5520",2050,4377,158.567038,0.0362273333333333,270.5552117239,270.5552117239
"5522",2026,2181,64.919773,0.0297660582301696,107.235543698195,127.355436981953
"5522",2027,2187,67.104168,0.0306832043895748,108.563436426063,130.915901280461
"5522",2028,2192,71.841819,0.0327745524635037,110.925079656838,138.857598039074
"5522",2029,2196,72.781229,0.0331426361566484,112.544590830023,140.503956847167
"5522",2030,2199,77.338651,0.0351699185993633,115.908125388808,148.632501555234
"5522",2031,2202,80.488306,0.0365523642143506,119.234231598546,154.51037077755
"5522",2032,2204,83.578748,0.0379213920145191,123.034004773244,160.489245456136
"5522",2033,2205,87.232455,0.0395612040816327,127.782971654808,167.849576978781
"5522",2034,2206,88.992989,0.0403413368087035,131.603811588821,171.509528972052
"5522",2035,2206,90.259674,0.0409155367180417,135.273295378745,174.196103722846
"5522",2036,2205,95.061873,0.0431119605442177,142.896973664936,184.783102452497
"5522",2037,2205,95.280109,0.0432109337868481,146.142892757045,185.278815135697
"5522",2038,2204,99.056244,0.0449438493647913,153.998865860429,194.088847018962
"5522",2039,2202,98.060994,0.0445326948228883,155.975347226144,191.766548470033
"5522",2040,2201,102.201953,0.0464343266696956,165.502797396856,201.80447583497
"5522",2041,2199,103.875493,0.0472376048203729,171.947681983259,206.053104880391
"5522",2042,2196,104.482481,0.0475785432604736,176.875866238694,207.679808912421
"5522",2043,2194,106.629093,0.0486003158614403,184.878301726336,213.309561662829
"5522",2044,2191,107.430582,0.0490326709265176,190.657300375348,215.525548871417
"5522",2045,2189,107.707767,0.0492040963910461,195.455883199048,216.330317783443
"5522",2046,2186,110.448964,0.0505256010978957,206.066333683192,223.901569039049
"5522",2047,2183,111.798605,0.0512132867613376,213.980947448695,227.795433745008
"5522",2048,2180,113.598655,0.0521094747706422,223.463165526912,233.068287056121
"5522",2049,2176,111.639136,0.05130475,223.02930421815,227.627848538338
"5522",2050,2173,115.71971,0.0532534330418776,239.626347634955,239.626347634955
"5524",2026,6729,179.381143,0.0266579198989449,301.670724839295,397.707248392954
"5524",2027,6754,185.318955,0.0274384002072846,307.047346901545,407.707977465778
"5524",2028,6778,190.385073,0.0280886799940986,312.948953135597,416.422589346267
"5524",2029,6801,198.596594,0.0292010871930598,320.666834763717,430.608634182198
"5524",2030,6824,203.730489,0.0298549954572098,328.195182426974,439.780729707894
"5524",2031,6848,211.114504,0.030828636682243,337.607590618755,453.11335867393
"5524",2032,6870,218.984697,0.0318755017467249,348.406230007221,467.634553868371
"5524",2033,6893,223.776584,0.0324643238067605,358.330201299819,476.738486344327
"5524",2034,6914,232.150137,0.0335768205091119,371.724042346758,492.810105866895
"5524",2035,6934,240.086802,0.0346245748485723,386.135917837706,508.453526486186
"5524",2036,6952,248.692955,0.0357728646432681,402.562022631953,525.867416067269
"5524",2037,6969,255.921933,0.036722906155833,419.066400011986,540.885658559973
"5524",2038,6983,261.255437,0.0374130655878562,434.655819413722,552.19239893404
"5524",2039,6996,267.49815,0.0382358704974271,452.374571501801,565.680121705194
"5524",2040,7007,273.641769,0.0390526286570572,471.146948904182,579.235118246691
"5524",2041,7015,280.88731,0.0400409565217391,492.810532607855,595.619671860912
"5524",2042,7022,286.017891,0.0407316848476218,512.526469684112,607.466385263018
"5524",2043,7026,292.391638,0.0416156615428409,535.504584817811,622.53164043093
"5524",2044,7029,296.817137,0.042227505619576,556.203464798043,633.198019094248
"5524",2045,7031,298.207664,0.0424132646849666,571.776437375314,636.57099984654
"5524",2046,7031,304.393389,0.0432930435215474,597.77568928112,651.912575624847
"5524",2047,7031,306.026948,0.0435253801735173,614.960054106837,656.025413078127
"5524",2048,7030,310.037141,0.0441020115220484,638.106866693666,666.250666695855
"5524",2049,7029,312.914207,0.0445175995162897,659.341134323883,673.692087609229
"5524",2050,7027,316.73012,0.045073305820407,683.707953912322,683.707953912322
"5526",2026,3397,92.769066,0.027309115690315,118.299204766595,138.992047665954
"5526",2027,3394,97.66366,0.0287753859752504,119.917633096906,144.491877068411
"5526",2028,3392,100.731182,0.0296966928066038,121.609330531427,148.05331732244
"5526",2029,3391,104.059604,0.0306869961663226,123.656568962707,152.03091276568
"5526",2030,3390,108.020617,0.0318644887905605,126.22709928466,156.908397138639
"5526",2031,3389,111.723844,0.0329666107996459,129.113533889064,161.612291788049
"5526",2032,3387,115.476731,0.0340941042220254,132.419773639137,166.522380428112
"5526",2033,3386,120.223427,0.0355060327820437,136.647573967382,172.958824737606
"5526",2034,3386,123.24078,0.0363971588895452,140.472641937503,177.181604843756
"5526",2035,3385,128.755462,0.0380370641063515,146.261526362425,185.169203114115
"5526",2036,3385,132.485046,0.0391388614475628,151.518085547459,190.774916942018
"5526",2037,3384,135.789122,0.0401268091016548,156.942425036674,195.887658608144
"5526",2038,3383,139.200289,0.0411469964528525,162.922155673596,201.31301031563
"5526",2039,3381,141.804194,0.0419414948240166,168.621053734668,205.567751037733
"5526",2040,3379,145.294207,0.04299917342409,175.633180025412,211.413088040659
"5526",2041,3376,148.352202,0.0439431877962085,182.708743426021,216.692442907201
"5526",2042,3373,150.865659,0.0447274411503113,189.601526539239,221.145037913198
"5526",2043,3370,155.12843,0.046032175074184,199.257206109296,228.891126927859
"5526",2044,3366,157.097291,0.0466718036244801,206.374466781812,232.612215202337
"5526",2045,3362,159.498412,0.0474415264723379,214.497252702109,237.227387941057
"5526",2046,3357,161.492641,0.0481062380101281,222.398934875007,241.175217500009
"5526",2047,3352,164.845997,0.0491784000596659,233.067810321072,247.907391911067
"5526",2048,3346,166.862359,0.0498692047220562,241.924462733403,252.134554306382
"5526",2049,3340,170.232474,0.0509678065868263,253.906328201761,259.279302027804
"5526",2050,3333,171.759293,0.0515329411941194,262.724339251831,262.724339251831
"5528",2026,1038,37.968917,0.0365789181117534,65.6205671479742,80.2056714797422
"5528",2027,1037,39.65948,0.0382444358727097,66.7257364181063,83.8235375862276
"5528",2028,1037,41.203509,0.0397333741562199,68.0724145295284,87.2709401687336
"5528",2029,1036,42.76061,0.0412747200772201,69.7165406067212,90.9013675610411
"5528",2030,1035,44.826179,0.0433103178743961,71.9894953686631,95.9579814746524
"5528",2031,1035,47.504561,0.0458981265700483,75.1897113978949,102.920735297026
"5528",2032,1034,49.420682,0.0477956305609284,78.3781599027177,108.240492008362
"5528",2033,1033,49.854892,0.0482622381413359,80.4974764238342,109.510279789888
"5528",2034,1032,49.789866,0.0482459941860465,82.1424692169472,109.356173042368
"5528",2035,1031,51.65238,0.0500993016488846,86.2559458982157,114.870733481636
"5528",2036,1030,54.426172,0.0528409436893204,92.3099586687568,123.599912986857
"5528",2037,1028,56.471107,0.054932983463035,98.1054564623513,130.547232121661
"5528",2038,1027,56.895296,0.0553995092502434,101.442715976708,132.077665412196
"5528",2039,1025,55.149469,0.05380436,100.571730509357,126.249754058479
"5528",2040,1023,58.590167,0.0572728905180841,110.504300299801,138.406880479681
"5528",2041,1021,59.376516,0.0581552556317336,115.327403097247,141.475325429807
"5528",2042,1019,60.41952,0.0592929538763494,121.129934037485,145.614191482122
"5528",2043,1016,61.94868,0.0609731102362205,128.856445855438,151.940943532797
"5528",2044,1014,60.958006,0.0601163767258383,129.228363587961,148.165630436079
"5528",2045,1011,62.136328,0.0614602650840752,136.475114394577,153.200140793326
"5528",2046,1008,63.383553,0.0628805089285714,144.522250776692,158.732059737284
"5528",2047,1005,62.517074,0.0622060437810945,145.114415082617,155.396524036751
"5528",2048,1002,64.953994,0.0648243453093812,158.63846467807,166.311853706021
"5528",2049,999,63.796994,0.0638608548548548,157.887364516931,161.545313783824
"5528",2050,996,64.411572,0.0646702530120482,164.627863472256,164.627863472256
"5530",2026,14467,387.419911,0.0267795611391443,736.481641007038,740.81641007038
"5530",2027,14452,396.936599,0.0274658593274287,738.464665772726,753.92484198346
"5530",2028,14438,412.294963,0.0285562379138385,742.957385610478,775.756489202732
"5530",2029,14425,418.9655,0.0290444020797227,746.49060883564,785.367570991247
"5530",2030,14413,432.997862,0.0300421745646292,753.549236669694,806.196946678777
"5530",2031,14402,449.103415,0.0311834061241494,763.271047804262,830.855818449609
"5530",2032,14392,458.987595,0.0318918562395775,771.865278140259,846.354701970026
"5530",2033,14383,477.697961,0.0332126789265105,786.972336564551,876.613342247036
"5530",2034,14375,486.718369,0.0338586691478261,798.232219372502,891.580548431254
"5530",2035,14369,499.468415,0.0347601374486742,813.53499050968,913.222835450698
"5530",2036,14363,514.692543,0.0358346127549955,832.7960170824,939.781088594527
"5530",2037,14358,523.515649,0.0364615997353392,848.511267765721,955.534181006286
"5530",2038,14353,541.497684,0.037727143036299,874.869705393446,988.49037344263
"5530",2039,14346,549.357427,0.0382934216506343,893.020882374441,1003.26958702032
"5530",2040,14339,557.984766,0.0389137852011995,913.350860249216,1019.76137639875
"5530",2041,14330,569.052601,0.0397105792742498,938.288210945404,1041.34069576665
"5530",2042,14320,579.5666,0.0404725279329609,964.409670546925,1062.29952935275
"5530",2043,14309,591.348369,0.0413270227828639,994.362392747117,1086.32188847067
"5530",2044,14296,597.055268,0.0417637988248461,1016.73831835672,1098.24299142803
"5530",2045,14282,603.487223,0.0422550919339028,1041.38285863152,1111.85582600803
"5530",2046,14268,615.126106,0.0431122866554528,1076.71448224084,1136.84056734217
"5530",2047,14252,620.197524,0.0435165256806062,1101.70288726726,1148.05959128706
"5530",2048,14235,631.334671,0.044350872567615,1140.11631879906,1172.88250680979
"5530",2049,14218,635.639246,0.0447066567731045,1166.06272462826,1182.81841519819
"5530",2050,14199,645.02386,0.0454274146066624,1204.51001637193,1204.51001637193
"5532",2026,5527,164.299879,0.0297267738375249,353.076743294605,308.767432946048
"5532",2027,5527,169.608638,0.0306872874977384,352.348836287177,316.900627543106
"5532",2028,5526,175.778903,0.0318094287006877,352.507633313496,326.615047505694
"5532",2029,5526,178.031421,0.0322170504885993,352.10074731927,330.238810914213
"5532",2030,5527,182.985179,0.0331075047946445,353.089160028946,338.356640115785
"5532",2031,5528,184.092264,0.0333017843704776,352.883147984547,340.202253859293
"5532",2032,5529,191.267556,0.0345935170916983,356.170823444979,352.371764446088
"5532",2033,5531,197.723051,0.0357481560296511,360.06278312658,363.690436211254
"5532",2034,5534,199.548116,0.0360585681243224,361.58325451144,366.9581362786
"5532",2035,5538,204.500757,0.0369268250270856,365.855885322204,375.956309307896
"5532",2036,5542,208.046218,0.0375399166365933,369.648751484428,382.523687335637
"5532",2037,5546,214.248405,0.0386311584926073,376.591339608648,394.27578460224
"5532",2038,5551,216.833324,0.0390620291839308,380.693453290855,399.260824165191
"5532",2039,5556,219.411107,0.0394908399928006,385.193037477862,404.286021238914
"5532",2040,5561,223.873428,0.0402577644308578,392.461282853572,413.138052565716
"5532",2041,5565,226.021742,0.0406148682839173,397.386293503155,417.451009061366
"5532",2042,5569,232.077641,0.0416731264140779,408.323622697217,429.890889567452
"5532",2043,5573,234.233021,0.0420299696752198,414.326728301295,434.375224815315
"5532",2044,5576,236.817957,0.0424709392037303,421.416580112097,439.827845305932
"5532",2045,5579,240.647224,0.0431344728445958,431.157417248132,448.039898151547
"5532",2046,5581,245.516936,0.0439915671026698,443.612456981513,458.720537625309
"5532",2047,5583,249.224974,0.044639973849185,454.746521586283,467.010165167643
"5532",2048,5584,254.675681,0.0456081090616046,470.384143610817,479.496371471154
"5532",2049,5584,258.340322,0.0462643843123209,483.212122098702,488.090516466183
"5532",2050,5585,264.759302,0.0474054256042972,503.491330732886,503.491330732886
"5534",2026,2249,81.540431,0.0362563054690974,189.760051849027,178.600518490266
"5534",2027,2266,86.252453,0.0380637480141218,190.72136835016,188.973588001166
"5534",2028,2282,87.673794,0.0384197169149869,191.201339508513,192.150511477215
"5534",2029,2298,88.818231,0.0386502310704961,191.788141773655,194.708902464259
"5534",2030,2313,93.797522,0.0405523225248595,194.833646975892,206.334587903567
"5534",2031,2327,96.651687,0.0415348891276321,197.376353409249,213.178620553909
"5534",2032,2341,98.754595,0.0421847906877403,199.861891836937,218.267359498267
"5534",2033,2354,103.38104,0.0439171792693288,205.143571933035,230.016750160098
"5534",2034,2367,105.37864,0.0445199155048585,208.63659690313,235.091492257825
"5534",2035,2379,108.671602,0.0456795300546448,214.107760976125,243.817739373999
"5534",2036,2391,112.294926,0.0469656737766625,220.796270104756,253.728989694223
"5534",2037,2402,114.779935,0.0477851519567027,226.676990930719,260.613640840428
"5534",2038,2412,117.967641,0.0489086405472637,234.328729152562,269.779507550113
"5534",2039,2421,120.719164,0.0498633473771169,242.039181263966,277.875202151431
"5534",2040,2429,121.174036,0.0498863878139152,245.979593335406,278.96734933665
"5534",2041,2437,123.05919,0.0504961797291752,252.973140161255,284.544362507555
"5534",2042,2443,123.875437,0.0507062779369628,258.110231664756,286.87175952108
"5534",2043,2449,127.417625,0.0520284299714169,269.952893534787,298.054770894627
"5534",2044,2455,128.800029,0.0524643702647658,277.282031110103,302.331653045294
"5534",2045,2460,129.747676,0.0527429577235772,283.820459399385,305.240565414628
"5534",2046,2464,130.710646,0.0530481517857143,290.682145951854,308.273112884535
"5534",2047,2468,131.784688,0.0533973614262561,298.126688642734,311.706128048151
"5534",2048,2472,135.980888,0.0550084498381877,315.993543711393,326.128155363668
"5534",2049,2475,136.216955,0.0550371535353535,321.686075552684,326.777740833958
"5534",2050,2478,137.515465,0.0554945379338176,331.249694879056,331.249694879056
"5536",2026,2641,103.954114,0.0393616486179477,210.003084553715,201.030845537155
"5536",2027,2626,108.149882,0.0411842658035034,210.862237963046,209.998094276698
"5536",2028,2613,109.167235,0.0417785055491772,211.235697519767,212.346842970096
"5536",2029,2600,110.582715,0.0425318134615385,211.986650509865,215.643061222895
"5536",2030,2588,115.594385,0.0446655274343122,215.102549915076,227.410199660303
"5536",2031,2576,121.147126,0.0470291638198758,219.714549427181,241.311476268454
"5536",2032,2565,123.26432,0.0480562651072125,222.717919895168,247.055138138977
"5536",2033,2554,124.349402,0.0486880978856695,225.224162906744,250.23907008757
"5536",2034,2544,128.999917,0.0507075145440252,231.905533563864,263.26383390966
"5536",2035,2533,130.048028,0.0513415033557047,235.35244782718,266.662737890697
"5536",2036,2523,134.180278,0.0531828291716211,243.387442123634,279.184088681334
"5536",2037,2513,136.7028,0.0543982491046558,250.143936630651,287.378412937856
"5536",2038,2503,136.724369,0.0546241985617259,253.344978934073,287.990870789224
"5536",2039,2492,139.160399,0.055842856741573,261.138028403968,296.341324942924
"5536",2040,2482,140.920294,0.056776911361805,268.318642882323,302.709828611716
"5536",2041,2472,143.404293,0.0580114453883495,277.737217289035,311.735422323072
"5536",2042,2462,143.745364,0.0583856068237205,282.844390505236,313.634843578908
"5536",2043,2451,143.396378,0.0585052541819665,286.406736116677,313.246421853121
"5536",2044,2441,144.676125,0.0592692031954117,294.302262029561,318.486789715562
"5536",2045,2431,146.353611,0.0602030485396956,303.870359064175,325.301980386677
"5536",2046,2422,146.581035,0.0605206585466556,309.511627052033,326.896031825921
"5536",2047,2412,147.059739,0.0609700410447761,316.195852056448,329.530537528392
"5536",2048,2403,147.054892,0.0611963761964211,321.369604405329,330.318491249004
"5536",2049,2394,147.872244,0.0617678546365915,329.591114251851,334.21154727465
"5536",2050,2385,147.233082,0.061732948427673,332.640663099303,332.640663099303
"5538",2026,1865,56.557706,0.0303258477211796,141.054434477385,159.54434477385
"5538",2027,1873,58.525468,0.0312469129738388,142.475143174069,164.273768538684
"5538",2028,1880,62.409811,0.0331967079787234,145.094197476471,173.823985579837
"5538",2029,1887,66.004897,0.0349787477477478,148.369881403429,183.09355954555
"5538",2030,1893,70.726408,0.0373620750132066,153.228978458172,195.915913832687
"5538",2031,1899,72.997553,0.0384399963138494,157.214824875388,202.355912610047
"5538",2032,1905,75.085795,0.0394151154855643,161.56303379238,208.42471936117
"5538",2033,1911,80.419443,0.042082387755102,170.078966203835,224.735079182993
"5538",2034,1917,82.997026,0.043295266562337,176.585996154744,232.96499038686
"5538",2035,1922,86.241184,0.0448705431841831,184.827131262907,243.747728600929
"5538",2036,1926,90.519444,0.0469986728971963,195.875872507679,258.738678963534
"5538",2037,1930,91.708527,0.0475173715025907,202.520318685968,262.942085240913
"5538",2038,1933,95.607214,0.0494605349198138,215.215459442289,277.573562622343
"5538",2039,1935,96.568113,0.0499060015503876,222.561033197564,281.231545868195
"5538",2040,1937,99.601848,0.0514206752710377,235.440384010106,293.304614416169
"5538",2041,1938,101.15785,0.0521970330237358,245.455985205744,299.688279555839
"5538",2042,1938,102.549773,0.0529152595459236,255.600170173169,305.571671675956
"5538",2043,1937,102.094289,0.0527074284976768,260.466726902439,303.700646647375
"5538",2044,1936,102.627885,0.053010271177686,268.457865218809,306.042406733947
"5538",2045,1935,103.756669,0.0536210175710594,278.736415679488,310.983280836293
"5538",2046,1933,103.246516,0.0534125794102431,283.426885571638,308.913983025456
"5538",2047,1932,103.282012,0.0534585983436853,289.998379613782,309.139019283135
"5538",2048,1930,104.315161,0.0540493062176166,300.686871800618,313.796618162831
"5538",2049,1929,104.527285,0.0541872913426646,308.214881525304,314.807669117199
"5538",2050,1928,105.292706,0.0546123993775934,318.286041682751,318.286041682751
"5540",2026,1995,75.346923,0.0377678812030075,154.464682863156,212.646828631557
"5540",2027,1992,78.468541,0.0393918378514056,158.156962018777,221.868814682015
"5540",2028,1989,81.822525,0.0411375188536953,162.744487127721,232.254212158405
"5540",2029,1985,80.742997,0.0406765727959698,165.194021203983,228.913040959918
"5540",2030,1981,83.886518,0.0423455416456335,170.752293757078,239.009175028314
"5540",2031,1977,83.821845,0.0423985053110774,174.124775161159,238.868783169248
"5540",2032,1973,88.241076,0.0447243162696401,182.409690129757,253.875969630021
"5540",2033,1969,90.894706,0.0461628776028441,189.840393849641,263.421776136942
"5540",2034,1965,91.767325,0.0467009287531807,195.497373404663,266.743433511657
"5540",2035,1960,92.616134,0.0472531295918367,201.406298395461,270.071539189624
"5540",2036,1957,94.376566,0.048225123147675,209.202421783726,276.847203755213
"5540",2037,1953,95.936131,0.0491224429083461,217.225523230848,283.074191669948
"5540",2038,1949,97.246336,0.0498955033350436,225.257464449658,288.468117181195
"5540",2039,1945,99.088633,0.050945312596401,235.052228807142,296.174006480241
"5540",2040,1942,100.101075,0.0515453527291452,243.34971167595,300.559538681521
"5540",2041,1938,101.055224,0.0521440784313725,251.907249964959,304.841132022579
"5540",2042,1935,102.873343,0.0531645183462532,263.425608633919,312.893726619884
"5540",2043,1932,103.341634,0.0534894585921325,271.286842725864,315.168600306256
"5540",2044,1928,104.590088,0.0542479709543568,282.106359649075,321.040464063322
"5540",2045,1925,104.018166,0.0540354109090909,286.695300638379,318.701908478005
"5540",2046,1921,105.337853,0.0548349052576783,298.44785925439,324.997481475753
"5540",2047,1918,105.214029,0.0548561152241919,304.800206687476,324.676289225325
"5540",2048,1915,105.505874,0.0550944511749347,312.89657936473,326.266572286195
"5540",2049,1912,106.828376,0.0558725815899582,325.763751165626,332.689611600651
"5540",2050,1908,107.534788,0.0563599517819707,336.402451317692,336.402451317692
"5542",2026,2838,80.793725,0.0284685429880197,196.677780157074,238.777801570735
"5542",2027,2829,81.829755,0.02892532873807,198.73500865777,240.98188114742
"5542",2028,2821,84.241064,0.0298621283232896,201.532577530063,246.471871600359
"5542",2029,2813,88.030843,0.031294291859225,205.491167343145,255.487846320684
"5542",2030,2806,92.076006,0.0328139722024234,210.388561051587,265.554244206347
"5542",2031,2798,92.340346,0.0330022680486061,213.318193582799,266.150238548867
"5542",2032,2791,94.498799,0.0338584016481548,217.905323813642,271.708688657359
"5542",2033,2783,97.539282,0.0350482508084801,223.826757748615,279.797952409971
"5542",2034,2776,99.612376,0.0358834207492795,229.390210718938,285.475526797346
"5542",2035,2768,102.823765,0.0371473139450867,236.869946249931,294.559877142699
"5542",2036,2761,102.352598,0.0370708431727635,240.073517709101,293.20740570337
"5542",2037,2754,103.668513,0.0376428877995643,245.826821671215,297.027944724322
"5542",2038,2747,105.910862,0.038555100837277,253.423862408118,303.679749832942
"5542",2039,2740,106.037243,0.0386997237226277,257.855242960608,304.094030571247
"5542",2040,2734,107.424527,0.0392920727871251,264.707847409279,308.332555854846
"5542",2041,2727,109.00854,0.0399737953795379,272.342044973838,313.271011281264
"5542",2042,2721,110.261791,0.0405225251745682,279.681516198896,317.259308855566
"5542",2043,2716,112.556401,0.0414419738586156,289.834364703626,324.656765699832
"5542",2044,2710,112.044907,0.0413449841328413,293.59490818721,323.090204112529
"5542",2045,2705,114.571202,0.0423553426987061,305.291545005289,331.435747698817
"5542",2046,2700,114.561142,0.0424300525925926,310.568891727769,331.492813797375
"5542",2047,2695,117.096811,0.0434496515769944,323.472598278095,340.138138904896
"5542",2048,2690,119.756521,0.0445191527881041,337.668525914722,349.479487475376
"5542",2049,2686,121.728143,0.0453194873417722,350.429600033144,356.602181852617
"5542",2050,2682,121.065854,0.045140139448173,354.346691563795,354.346691563795
"5544",2026,4840,128.634675,0.0265774121900826,281.676623811038,278.766238110378
"5544",2027,4841,136.483282,0.0281932001652551,283.277302100583,291.289469822424
"5544",2028,4841,142.478346,0.0294315938855608,285.363414668916,301.219512393804
"5544",2029,4841,146.163244,0.0301927791778558,287.41669287903,307.490319430729
"5544",2030,4840,151.888144,0.0313818479338843,290.870697474165,317.482789896658
"5544",2031,4840,158.134678,0.0326724541322314,295.446401602153,328.770092529226
"5544",2032,4840,166.00582,0.0342987231404959,302.009008600601,343.566180309541
"5544",2033,4839,172.351291,0.0356171297788799,308.815967427168,355.975082557706
"5544",2034,4838,177.211291,0.0366290390657296,315.513918576422,365.784796441054
"5544",2035,4838,182.977782,0.0378209553534518,323.90322654998,377.778803542811
"5544",2036,4837,188.953488,0.0390641902005375,333.598157970986,390.627700991549
"5544",2037,4836,194.280488,0.0401737981803143,343.733306721538,402.455232627392
"5544",2038,4833,196.890353,0.0407387446720463,351.521939089871,408.403525617946
"5544",2039,4831,202.316394,0.0418787816187125,363.679404957589,421.028774395896
"5544",2040,4827,206.529799,0.0427863681375596,375.214443710681,431.143109937089
"5544",2041,4823,210.371435,0.0436183775658304,387.07106276189,440.597830583985
"5544",2042,4818,214.46959,0.0445142361975924,400.261392705332,450.944846721903
"5544",2043,4813,216.889945,0.0450633586120922,411.226808679722,457.222791430132
"5544",2044,4807,219.020189,0.0455627603494903,422.172571015586,462.867833568499
"5544",2045,4801,222.393037,0.0463222322432826,436.287403802872,471.892189295842
"5544",2046,4794,224.348412,0.0467977496871089,448.012257728846,477.308538504525
"5544",2047,4788,227.391597,0.0474919793233083,462.831832592341,485.754177568835
"5544",2048,4781,230.586591,0.0482297826814474,478.866271948167,494.828402106127
"5544",2049,4774,231.833619,0.0485617132383745,490.442281367023,498.563409212491
"5544",2050,4767,237.599727,0.0498426110761485,515.396096414563,515.396096414563
"5546",2026,1210,46.937551,0.0387913644628099,93.2503539101191,113.503539101191
"5546",2027,1208,46.808975,0.0387491514900662,94.0506469407784,113.186523205661
"5546",2028,1205,50.011237,0.0415031012448133,96.3626528626689,121.643730643822
"5546",2029,1203,49.749023,0.0413541338320864,97.3650382258769,120.95312106295
"5546",2030,1201,50.89255,0.0423751457119067,99.283966390498,124.135865561992
"5546",2031,1199,52.133213,0.0434805779816514,101.549373532834,127.693473157685
"5546",2032,1197,53.027209,0.0443000910609858,103.785498717117,130.339996052668
"5546",2033,1195,54.750638,0.0458164334728033,107.15817408173,135.574273328909
"5546",2034,1193,56.465391,0.0473305875943001,111.004001679365,141.010004198413
"5546",2035,1191,56.937291,0.0478062896725441,113.574135084497,142.598023050279
"5546",2036,1189,56.736592,0.0477179074852817,115.233736641496,142.018392929466
"5546",2037,1187,59.462666,0.0500949165964617,121.85345005655,151.201853768878
"5546",2038,1186,61.852444,0.0521521450252951,128.799269238037,159.725944069158
"5546",2039,1184,63.26439,0.0534327618243243,134.522602794407,165.081026033034
"5546",2040,1183,63.443248,0.0536291191885038,137.762888967669,165.82062234827
"5546",2041,1181,63.886331,0.0540951151566469,141.775073991895,167.641621119841
"5546",2042,1179,65.940061,0.0559288049194232,150.411975477675,175.874250682393
"5546",2043,1178,66.707682,0.0566279134125637,155.960594573872,179.082162134063
"5546",2044,1176,67.954976,0.057784843537415,163.435714100633,184.465437549204
"5546",2045,1174,67.466164,0.0574669199318569,165.403670997396,182.573748919872
"5546",2046,1172,69.443636,0.0592522491467577,176.244090616692,191.287165431402
"5546",2047,1169,68.624169,0.0587033096663815,177.072769389126,187.983402128593
"5546",2048,1167,70.437437,0.0603577009425878,188.362472845677,196.256727400732
"5546",2049,1164,71.705584,0.061602735395189,198.281967483276,202.461784398209
"5546",2050,1162,71.839851,0.0618243123924268,203.329795603386,203.329795603386
"5601",2026,20998,369.815786,0.0176119528526526,941.900014125759,1076.00014125759
"5601",2027,21043,383.249977,0.0182127062205959,950.2353617793,1095.984449304
"5601",2028,21088,400.354733,0.0189849550929439,961.042588434343,1121.52907676767
"5601",2029,21133,416.483558,0.0197077347276771,973.564718073889,1146.1280850536
"5601",2030,21177,436.08743,0.0205925027152099,989.338205699975,1176.3528227999
"5601",2031,21220,449.90057,0.0212017233741753,1005.01054001132,1198.34100873501
"5601",2032,21261,467.82254,0.0220037881567189,1024.50283241624,1227.00871512689
"5601",2033,21301,487.39975,0.0228815431200413,1047.30475078965,1258.87517459215
"5601",2034,21340,508.516686,0.0238292730084349,1073.78110301884,1293.95275754709
"5601",2035,21378,529.440702,0.0247656797642436,1103.10841888855,1329.53352888811
"5601",2036,21415,547.719323,0.0255764334812048,1133.33347383169,1361.3862606983
"5601",2037,21451,566.826763,0.0264242582164002,1167.02037416117,1395.33243738765
"5601",2038,21483,584.395268,0.0272026843550715,1202.09421306374,1427.17129647953
"5601",2039,21511,603.531005,0.0280568548649528,1241.58124748261,1462.4574425236
"5601",2040,21537,624.918571,0.029016045456656,1286.83762209732,1502.74019535571
"5601",2041,21559,643.139319,0.0298315932557169,1331.68988944692,1537.85266331611
"5601",2042,21579,660.696906,0.0306175868205199,1378.76576730265,1572.37966757522
"5601",2043,21595,672.810462,0.0311558445010419,1420.85939202235,1596.63985358963
"5601",2044,21609,688.390692,0.0318566658336804,1470.48635589212,1628.27271728016
"5601",2045,21620,707.103085,0.0327059706290472,1528.24010937683,1666.98782692533
"5601",2046,21629,724.052393,0.0334759994914236,1586.43615793045,1702.80724462406
"5601",2047,21636,741.647505,0.0342784019689407,1649.21203682916,1740.76004149765
"5601",2048,21639,750.489894,0.0346822817135727,1697.65390939343,1760.13936150641
"5601",2049,21641,768.414526,0.0355073483665265,1767.3183956661,1800.05807341932
"5601",2050,21640,786.769989,0.0363572083641405,1841.86263234922,1841.86263234922
"5603",2026,11445,236.737337,0.0206847826124945,521.156424757127,594.564247571274
"5603",2027,11467,243.135101,0.0212030261620302,525.529375439421,604.122730468516
"5603",2028,11487,255.105355,0.0222081792461043,532.051940123754,621.868229278597
"5603",2029,11507,264.828112,0.023014522638394,539.285698001528,636.69740236013
"5603",2030,11526,274.759554,0.0238382399791775,547.782072685933,652.128290743732
"5603",2031,11544,285.547047,0.0247355376819127,557.908948347201,669.205037729396
"5603",2032,11561,294.114252,0.0254402086324712,568.281464462901,683.096813732004
"5603",2033,11577,307.343977,0.026547808326855,582.549693060256,704.861222235189
"5603",2034,11592,317.957009,0.027429003536922,596.924642575626,722.811606439064
"5603",2035,11606,327.117117,0.028185172927796,611.72186732353,738.649982453782
"5603",2036,11619,337.203131,0.0290216998881143,628.621126715459,756.412898348334
"5603",2037,11632,347.108349,0.0298408140474553,646.883955787967,774.23698690335
"5603",2038,11642,357.302851,0.0306908478783714,666.966620654057,792.939310280104
"5603",2039,11651,364.396494,0.0312759843790233,685.267556565534,806.221372877504
"5603",2040,11658,371.707272,0.0318843088008235,704.937131404799,820.099410247678
"5603",2041,11664,382.500498,0.0327932525720165,730.273483109089,840.959974504285
"5603",2042,11668,392.443306,0.0336341537538567,756.331603076923,860.616575824175
"5603",2043,11671,399.444988,0.034225429526176,779.773285621513,874.726488978323
"5603",2044,11674,403.847796,0.0345937807092685,800.307178841952,883.718940441229
"5603",2045,11675,412.370559,0.03532081875803,828.542500418054,901.360000514529
"5603",2046,11675,419.810705,0.0359580903640257,856.436949634374,917.043470158087
"5603",2047,11675,430.046461,0.0368348146466809,891.134355150669,939.066879043007
"5603",2048,11673,437.685006,0.0374955029555384,922.634821794099,955.84845599362
"5603",2049,11671,446.091063,0.0382221800188501,957.356731512531,974.669331441591
"5603",2050,11667,454.008558,0.0389139074312162,992.750793538032,992.750793538032
"5605",2026,10148,224.37673,0.0221104385100512,397.239407330561,498.394073305606
"5605",2027,10174,234.202613,0.0230197182032632,403.34177931251,512.122031363708
"5605",2028,10201,243.146455,0.0238355509263798,410.315679877263,524.946742155791
"5605",2029,10227,249.115375,0.0243585973403735,417.405153463644,533.788957475972
"5605",2030,10252,259.054194,0.0252686494342567,426.609747546807,548.438990187227
"5605",2031,10278,269.222981,0.0261941020626581,437.11104628299,563.777552288659
"5605",2032,10302,279.333839,0.0271145252378179,448.83875726165,579.350022343538
"5605",2033,10326,289.69435,0.0280548469881852,462.005432194359,595.670157777542
"5605",2034,10350,298.020129,0.0287942153623188,475.249730052763,609.124325131907
"5605",2035,10374,309.134415,0.0297989603817235,491.599170831099,627.369533328226
"5605",2036,10398,320.231028,0.0307973675706867,509.522297280447,646.046941643047
"5605",2037,10420,329.458557,0.0316179037428023,527.426607656179,661.954356402301
"5605",2038,10440,339.30548,0.0325005249042146,547.293607802583,679.261105095606
"5605",2039,10457,348.242184,0.0333023031462178,567.710624104975,695.294679327618
"5605",2040,10473,358.144401,0.0341969255227728,590.642251847082,713.427602955331
"5605",2041,10486,370.660458,0.035348126835781,618.486314311231,736.92273858299
"5605",2042,10497,380.279432,0.036227439458893,644.62547682423,755.464966891757
"5605",2043,10505,386.650943,0.0368063724892908,667.711688913057,767.981951068552
"5605",2044,10511,395.957221,0.0376707469317858,696.474080299962,786.61171651608
"5605",2045,10515,405.478484,0.0385619100332858,727.350962648144,806.124261720793
"5605",2046,10518,414.719565,0.0394295079863092,759.588114671464,825.515429025252
"5605",2047,10518,423.15756,0.040231751283514,792.153858930179,843.638150907244
"5605",2048,10517,429.34325,0.0408237377579158,821.845456691956,857.184277504817
"5605",2049,10514,437.277832,0.0415900544036523,856.567313555398,874.901104992621
"5605",2050,10511,444.869571,0.0423241909428218,892.206524963726,892.206524963726
"5607",2026,5691,149.714265,0.0263071982076964,327.884104909782,497.841049097815
"5607",2027,5692,157.162255,0.0276110778285313,337.43725802057,515.816421967785
"5607",2028,5695,161.833765,0.0284168156277436,347.2318960355,527.467977345716
"5607",2029,5697,170.634245,0.0299515964542742,360.220166141778,550.036075961309
"5607",2030,5701,177.051923,0.0310562924048413,373.53248907601,567.12995630404
"5607",2031,5704,181.463404,0.0318133597475456,386.675769860664,579.1765908197
"5607",2032,5706,188.63486,0.0330590361023484,403.33086313461,599.248809644955
"5607",2033,5709,194.840694,0.0341286904887021,420.714354072289,617.177528475281
"5607",2034,5710,202.15883,0.0354043485113835,440.989229946961,638.973074867403
"5607",2035,5712,208.983883,0.0365868142507003,462.556882404604,659.987159781951
"5607",2036,5713,213.498659,0.0373706737265885,482.497773724067,674.258470998035
"5607",2037,5713,220.704521,0.0386319833712585,508.196729180045,697.676544741551
"5607",2038,5712,225.315389,0.0394459714635854,531.252062128114,713.094658414753
"5607",2039,5710,232.005358,0.0406314112084063,559.915349557346,736.089956693355
"5607",2040,5708,237.32154,0.0415770042046251,587.693508488664,754.909613581863
"5607",2041,5705,241.390417,0.0423120801051709,614.197973597194,769.676186561803
"5607",2042,5701,247.614193,0.0434334665848097,647.688883002364,792.841261431948
"5607",2043,5697,249.015555,0.0437099447077409,669.812004207575,798.236615874678
"5607",2044,5692,256.093563,0.0449918417076599,709.439206763049,825.695750661999
"5607",2045,5687,262.456015,0.0461501696852471,749.57548174643,851.246746764837
"5607",2046,5681,264.595223,0.0465754661151206,777.515437872306,860.194632790948
"5607",2047,5674,269.553306,0.0475067511455763,816.710077118763,881.067692528184
"5607",2048,5666,272.510155,0.0480956856689022,850.091481275526,893.963763541109
"5607",2049,5658,278.007715,0.0491353331565924,895.33646929634,918.180747320873
"5607",2050,5649,285.692164,0.0505739359178616,953.122558232475,953.122558232475
"5610",2026,2504,64.676611,0.0258293174920128,150.792820453096,175.928204530962
"5610",2027,2499,67.248945,0.0269103421368547,152.508700158894,180.790546610138
"5610",2028,2494,69.915083,0.0280333131515638,154.649579973139,185.997599846509
"5610",2029,2490,74.849535,0.0300600542168675,158.236472497377,196.171635281772
"5610",2030,2487,77.849589,0.0313026091676719,161.659382751754,202.637531007016
"5610",2031,2484,81.35735,0.0327525563607085,165.967201699086,210.494614605518
"5610",2032,2481,86.088499,0.0346991128577187,171.924933013406,221.615178502788
"5610",2033,2479,89.7807,0.0362164985881404,177.986407016635,230.72112280451
"5610",2034,2476,94.527723,0.0381775941033926,186.002116062517,243.005290156292
"5610",2035,2474,97.747795,0.0395100222312045,193.380245361133,251.726275111161
"5610",2036,2471,102.991831,0.0416802229866451,204.350721386406,266.633097655592
"5610",2037,2468,105.339813,0.0426822581037277,212.386178373461,273.631567557973
"5610",2038,2464,109.913362,0.0446076956168831,224.892196507823,287.803993650587
"5610",2039,2460,114.923965,0.0467170589430894,239.779547663456,304.220506661202
"5610",2040,2455,117.736908,0.0479580073319756,251.733540809678,313.973665295485
"5610",2041,2450,121.293196,0.0495074269387755,266.425309607806,326.75518431367
"5610",2042,2444,123.601396,0.0505734026186579,279.248097950121,335.497282785887
"5610",2043,2437,125.426437,0.0514675572425113,291.614959185918,342.732148048703
"5610",2044,2430,129.689727,0.0533702580246914,312.15283919392,359.810115088929
"5610",2045,2423,130.950825,0.0540449133305819,324.625935263151,365.385766477725
"5610",2046,2415,132.772967,0.0549784542443064,339.674463432977,373.499368744679
"5610",2047,2407,134.769997,0.0559908587453261,356.211794281157,382.604838626656
"5610",2048,2398,135.023668,0.0563067839866556,366.714315161959,384.447908283199
"5610",2049,2390,139.234194,0.0582569849372385,394.338263601396,403.935858287165
"5610",2050,2381,136.988137,0.0575338668626627,394.614525193809,394.614525193809
"5612",2026,2816,64.49865,0.0229043501420455,173.717410554597,225.174105545973
"5612",2027,2805,68.356885,0.0243696559714795,176.988337020722,233.369723787072
"5612",2028,2795,71.132349,0.025449856529517,180.501554538553,239.437454506016
"5612",2029,2785,73.691872,0.0264602771992819,184.404198256783,245.196227090745
"5612",2030,2775,78.548733,0.0283058497297297,190.207797421163,256.831189684653
"5612",2031,2765,82.002107,0.0296571815551537,196.013918733934,265.439717335421
"5612",2032,2755,86.087445,0.0312477114337568,203.137443957212,276.115212176038
"5612",2033,2745,88.144063,0.0321107697632058,209.185729544191,281.615805639147
"5612",2034,2735,92.33934,0.0337620987202925,218.166648091191,293.416620227977
"5612",2035,2725,96.004549,0.0352310271559633,227.588454258849,304.202181163083
"5612",2036,2714,98.058834,0.0361307420781135,235.660649996349,310.443473676525
"5612",2037,2705,103.121171,0.0381224292051756,249.258477849206,326.553127510645
"5612",2038,2694,107.896823,0.040050788047513,264.05873472412,342.652244952945
"5612",2039,2684,110.252724,0.0410777660208644,275.514560165565,351.003506664792
"5612",2040,2674,113.778106,0.0425497778608826,290.44429579027,363.910873264431
"5612",2041,2663,112.923828,0.0424047420202779,295.858414153911,360.993832685148
"5612",2042,2653,117.14409,0.0441553298153034,314.363255590514,377.090365129306
"5612",2043,2642,119.49141,0.0452276343679031,329.207622212042,386.58660638921
"5612",2044,2632,120.878797,0.0459265946048632,341.971429244404,392.479263541167
"5612",2045,2622,123.626489,0.0471496906941266,359.871432928494,404.149455911993
"5612",2046,2611,122.996386,0.0471070034469552,366.890800039517,401.989176517079
"5612",2047,2601,124.611195,0.0479089561707036,382.098296198817,409.237516843737
"5612",2048,2590,125.358014,0.0484007776061776,394.595584326151,412.968199271515
"5612",2049,2580,127.802531,0.0495358647286822,414.601667734151,424.209524918599
"5612",2050,2570,130.622567,0.0508259015564202,437.581805060861,437.581805060861
"5614",2026,960,35.352589,0.0368256135416667,44.9552320411685,53.5523204116854
"5614",2027,964,35.665045,0.0369969346473029,45.3784945685217,54.0254150437944
"5614",2028,967,37.038782,0.0383027735263702,46.1250956971927,56.1434039839585
"5614",2029,971,38.984348,0.0401486591143151,47.2436118346027,59.2640556922478
"5614",2030,974,38.918492,0.0399573839835729,47.7850402490362,59.1401609961447
"5614",2031,978,40.366072,0.0412741022494888,49.0420978896229,61.5377317899928
"5614",2032,981,41.135481,0.0419321926605505,50.1216759833457,62.8359261026022
"5614",2033,984,41.065791,0.0417335274390244,50.7751444512488,62.6900536586175
"5614",2034,986,42.660108,0.0432658296146045,52.5911094971448,65.4777737428621
"5614",2035,989,42.030907,0.0424983892821031,52.8929396507224,64.3267192016511
"5614",2036,991,42.50601,0.042892038345106,54.0449678972014,65.1473008362135
"5614",2037,993,42.367992,0.0426666586102719,54.7018926837664,64.8817418219833
"5614",2038,995,42.767541,0.0429824532663317,55.8637964273847,65.5705389588812
"5614",2039,996,43.546375,0.0437212600401606,57.4903438009338,66.9622873207384
"5614",2040,998,45.565005,0.0456563176352705,60.6905759137752,70.7049214620403
"5614",2041,999,45.673283,0.045719002002002,61.8185744435386,70.8959614242092
"5614",2042,1000,45.704889,0.045704889,62.8578758601181,70.9398226573115
"5614",2043,1002,45.953083,0.0458613602794411,64.1952619050188,71.3834059729069
"5614",2044,1003,47.094595,0.0469537337986042,66.939263724153,73.599049966649
"5614",2045,1005,48.496462,0.0482551860696517,70.316938922379,76.3900786736972
"5614",2046,1006,48.944419,0.0486525039761431,72.2989750229722,77.2929117917321
"5614",2047,1008,49.247324,0.0488564722222222,74.0643762052309,77.8753534706827
"5614",2048,1009,50.10116,0.049654271555996,76.9802637492665,79.6543391883962
"5614",2049,1011,51.872353,0.0513079653808111,81.9860862100511,83.4660635948583
"5614",2050,1012,51.733412,0.0511199723320158,83.1245446024348,83.1245446024348
"5616",2026,1079,27.514568,0.025500063021316,30.4843987148384,43.8439871483838
"5616",2027,1096,28.447387,0.0259556450729927,31.2120131214861,45.0873681562625
"5616",2028,1111,30.044161,0.0270424491449145,32.1620688575591,47.0689649003377
"5616",2029,1125,32.334303,0.0287416026666667,33.4424094469223,49.9054562208109
"5616",2030,1138,33.205711,0.0291790079086116,34.5208507521936,51.0834030087745
"5616",2031,1151,33.797076,0.0293632284969592,35.5910075768984,51.9252437457337
"5616",2032,1163,33.830274,0.0290887996560619,36.5004476461312,52.0783004496346
"5616",2033,1174,35.10868,0.0299051788756388,37.9702559981592,53.7455337880254
"5616",2034,1185,37.863518,0.0319523358649789,40.3360488726246,57.3401221815615
"5616",2035,1196,37.328599,0.0312112031772575,41.1287918922739,56.7229528966261
"5616",2036,1205,37.966055,0.0315070995850622,42.5894553751917,57.6093797372457
"5616",2037,1215,40.116348,0.0330175703703704,45.1497375045923,60.5116829357898
"5616",2038,1224,42.190209,0.034469125,47.92155029023,63.4028187095091
"5616",2039,1233,43.341389,0.0351511670721817,50.1847324809855,65.0591191165711
"5616",2040,1241,44.022572,0.0354734665592264,52.159382313974,66.0550117023584
"5616",2041,1249,43.294687,0.0346634803843075,52.8758906137649,65.0390801717206
"5616",2042,1257,45.599328,0.0362763150357995,56.5636088617971,68.3765840882816
"5616",2043,1264,46.806978,0.0370308370253165,59.3673716281575,70.1760971229254
"5616",2044,1271,48.198087,0.0379213902439024,62.546993766951,72.2864435702594
"5616",2045,1277,50.040411,0.0391859130775254,66.5023169523272,75.1566977874796
"5616",2046,1283,49.272112,0.0384038285268901,67.1888662281045,73.9280779154171
"5616",2047,1289,52.229271,0.0405192172226532,73.0651862936983,78.6509141337446
"5616",2048,1294,51.440085,0.0397527704791345,73.7096847024165,77.3347942728827
"5616",2049,1299,52.853006,0.0406874565050038,77.7245069157474,79.6228643280492
"5616",2050,1303,54.592246,0.0418973491941673,82.5270507006194,82.5270507006194
"5618",2026,1307,43.480871,0.0332676901300689,113.273512113392,133.735121133923
"5618",2027,1311,44.202727,0.0337168016781083,114.407956890495,135.78514102178
"5618",2028,1315,46.579896,0.0354219741444867,116.535830656372,142.633318036409
"5618",2029,1320,47.681604,0.0361224272727273,118.419695601231,145.916214594029
"5618",2030,1324,49.343086,0.0372681918429003,120.992181854883,150.968727419532
"5618",2031,1328,49.896355,0.0375725564759036,122.982290915188,152.677533618044
"5618",2032,1331,51.253586,0.0385075777610819,125.932073367578,156.944841131009
"5618",2033,1335,53.928101,0.0403955812734082,130.818066576232,165.670528486157
"5618",2034,1338,54.388846,0.0406493617339312,133.474953108601,167.187382771503
"5618",2035,1342,56.292568,0.0419467719821162,138.422883879608,173.680877439104
"5618",2036,1345,57.977746,0.0431061308550186,143.593768941629,179.618460929745
"5618",2037,1347,58.877076,0.0437097817371938,147.822633041578,182.849040081129
"5618",2038,1350,58.169566,0.0430885674074074,149.060272899342,180.200496180622
"5618",2039,1352,59.802129,0.0442323439349112,155.146062097729,186.142233357837
"5618",2040,1354,61.885069,0.0457053685376662,162.875489787581,194.00078366013
"5618",2041,1355,60.937565,0.0449723726937269,163.556099076106,190.329960869594
"5618",2042,1357,60.911362,0.0448867811348563,166.418848741757,190.169783916795
"5618",2043,1358,62.020461,0.045670442562592,172.500153753109,194.390038987267
"5618",2044,1360,63.493368,0.0466863,180.055456436588,200.103814756887
"5618",2045,1361,62.478007,0.0459059566495224,180.115659606092,196.065427207497
"5618",2046,1362,61.194122,0.0449296049926579,179.078086318812,191.091866257426
"5618",2047,1363,63.289103,0.046433677916361,189.258452109607,199.17853758829
"5618",2048,1365,64.272014,0.0470857245421245,196.121027446364,203.022732374448
"5618",2049,1366,66.330598,0.048558270863836,207.66719031609,211.43344448425
"5618",2050,1368,66.836027,0.0488567448830409,213.460678552139,213.460678552139
"5620",2026,3113,76.955161,0.0247205785415997,102.643141214212,126.431412142115
"5620",2027,3116,77.960653,0.0250194650192555,103.792426540289,127.581283929372
"5620",2028,3119,81.471741,0.026121109650529,105.524683190485,131.569618231344
"5620",2029,3123,85.725959,0.0274498747998719,107.769629502632,136.562962365328
"5620",2030,3126,87.610069,0.0280262536788228,109.710888087445,138.843552349778
"5620",2031,3130,90.368439,0.0288717057507987,112.14384061235,142.239445608174
"5620",2032,3134,93.110103,0.0297096691129547,114.848802644714,145.688623522196
"5620",2033,3138,98.662498,0.0314412039515615,119.167022185681,152.874543960498
"5620",2034,3142,101.30954,0.0322436473583705,122.572250625451,156.430626563629
"5620",2035,3146,106.06339,0.0337137285441831,127.557361768168,162.988255470099
"5620",2036,3150,108.717324,0.0345134361904762,131.714186088192,166.766707554089
"5620",2037,3154,111.711828,0.0354190957514268,136.450307779435,171.122551764751
"5620",2038,3156,115.075101,0.0364623260456274,141.874451278018,176.135365960032
"5620",2039,3159,117.92518,0.0373299081987971,147.289139717608,180.492152710822
"5620",2040,3160,119.441177,0.0377978408227848,151.781708356049,182.850733369679
"5620",2041,3161,123.107889,0.0389458680797216,158.751719710318,188.681841072178
"5620",2042,3161,127.888337,0.0404581894969946,167.596283016196,196.566118594565
"5620",2043,3161,129.847528,0.0410779905093325,173.67018339433,199.891774094006
"5620",2044,3160,131.304632,0.0415520987341772,179.367413582621,202.40956591306
"5620",2045,3159,133.714851,0.0423282212725546,186.646209828587,206.6414890198
"5620",2046,3157,136.300608,0.0431740918593602,194.599570885894,211.293612806934
"5620",2047,3155,139.460238,0.0442029280507132,203.946714901749,217.123059044224
"5620",2048,3153,141.137365,0.04476288138281,211.276919009262,220.299371901905
"5620",2049,3150,143.156389,0.0454464726984127,219.542698986887,224.200206739623
"5620",2050,3147,145.713855,0.0463024642516683,229.237185836444,229.237185836444
"5622",2026,4101,108.690044,0.0265033026091197,299.47946321384,321.794632138396
"5622",2027,4102,114.807511,0.0279881791808874,302.235161481792,335.07390168576
"5622",2028,4103,122.002216,0.029734880818913,306.516968722152,351.382678412299
"5622",2029,4106,127.841748,0.0311353502191914,311.497977899366,365.22577834996
"5622",2030,4109,133.911964,0.0325899157945972,317.792580350454,380.170321401815
"5622",2031,4111,140.882465,0.0342696339090246,326.051442111546,398.04849430103
"5622",2032,4113,148.657623,0.036143355944566,336.637554838211,418.961707194495
"5622",2033,4115,155.268383,0.037732292345079,347.962888689708,437.587279144022
"5622",2034,4117,162.31391,0.0394252878309449,361.531981874436,458.32995468609
"5622",2035,4118,169.182452,0.0410836454589607,376.839130267351,479.489440611087
"5622",2036,4118,176.53097,0.0428681325886353,394.954080758865,503.219117387084
"5622",2037,4117,182.001561,0.0442073259655089,412.142815703209,521.668908689189
"5622",2038,4116,188.094352,0.0456983362487852,432.312137931427,543.022068966231
"5622",2039,4113,192.917011,0.0469042088499878,451.88299964055,560.630637686043
"5622",2040,4109,198.782346,0.0483773049403748,475.668739931707,582.869983890731
"5622",2041,4104,202.144186,0.0492554059454191,495.196095050568,596.163917057461
"5622",2042,4098,207.760255,0.0506979636408004,522.398072235061,618.997246050087
"5622",2043,4092,209.583169,0.0512177832355816,540.264008617698,626.849503210438
"5622",2044,4085,212.851897,0.0521057275397797,563.600220917215,641.000285054472
"5622",2045,4077,218.210882,0.053522414029924,595.800380233889,664.754314134017
"5622",2046,4068,219.454781,0.0539466029990167,614.854772819557,670.94679155242
"5622",2047,4059,221.963659,0.0546843210150283,639.544229684719,682.965329222219
"5622",2048,4050,223.417725,0.0551648703703704,660.870136701514,690.373120758393
"5622",2049,4041,226.122566,0.0559570814154912,688.516172587908,703.770049441982
"5622",2050,4031,228.569478,0.056702921855619,716.345741695851,716.345741695851
"5624",2026,1356,37.372842,0.027561092920354,127.998190529235,145.981905292348
"5624",2027,1362,39.485838,0.0289910704845815,129.632027454818,152.414745125951
"5624",2028,1368,40.715202,0.0297625745614035,131.305438121408,156.316789265188
"5624",2029,1373,42.78431,0.0311611871813547,133.850082646671,162.941565396097
"5624",2030,1379,43.348676,0.0314348629441624,135.717619053981,164.870476215924
"5624",2031,1384,43.116852,0.0311537947976879,136.986563460635,164.214133776122
"5624",2032,1390,44.058269,0.0316965964028777,139.444335438129,167.367185963473
"5624",2033,1395,47.922147,0.0343527935483871,145.752973672764,180.4909618559
"5624",2034,1400,49.159649,0.035114035,149.56364158637,184.909103965925
"5624",2035,1406,51.638193,0.0367270220483642,155.745272962661,193.989195343225
"5624",2036,1411,51.270561,0.0363363295535081,157.649756687236,192.63106670997
"5624",2037,1416,54.098629,0.0382052464689266,165.639239407766,203.344857381006
"5624",2038,1421,57.052915,0.0401498346235046,175.00058937792,215.091980687127
"5624",2039,1425,57.570317,0.0404002224561404,179.559050801053,217.164341789026
"5624",2040,1429,58.825684,0.0411656291112666,186.20810078948,222.332961263169
"5624",2041,1432,59.587164,0.0416111480446927,191.920652096305,225.502871088762
"5624",2042,1436,62.950898,0.0438376727019499,205.926483366155,240.180690523079
"5624",2043,1439,63.319213,0.0440022328005559,211.370755431025,241.756956516644
"5624",2044,1441,65.044285,0.0451382963219986,221.831395546353,249.653413608198
"5624",2045,1443,67.175489,0.0465526604296604,234.677362725242,259.756754123375
"5624",2046,1445,67.857964,0.0469605287197232,242.453828023372,263.004503556909
"5624",2047,1447,69.015726,0.0476957332411887,252.612825513856,268.662338607162
"5624",2048,1448,70.240666,0.0485087472375691,263.667936346887,274.830201456095
"5624",2049,1449,70.760778,0.048834215320911,271.774123932239,277.453635254274
"5624",2050,1450,72.676071,0.0501214282758621,287.489681480963,287.489681480963
"5626",2026,1233,29.772853,0.0241466772100568,53.5620626517539,67.6206265175385
"5626",2027,1250,30.717823,0.0245742584,54.3857616303733,69.3509936754418
"5626",2028,1267,32.564044,0.0257016921862668,55.582685739453,72.4724899397312
"5626",2029,1282,34.242767,0.0267104266770671,56.9640807513735,75.3603800064634
"5626",2030,1297,36.639016,0.0282490485736315,58.8711398349844,79.4845593399375
"5626",2031,1312,38.451657,0.0293076653963415,60.8380790283734,82.7411444465161
"5626",2032,1325,38.448098,0.0290174324528302,62.0448025649408,82.9070848152026
"5626",2033,1338,40.332968,0.03014422122571,64.4386050140619,86.3133931422397
"5626",2034,1350,41.754319,0.0309291251851852,66.7830372116383,88.9575930290957
"5626",2035,1361,43.298954,0.0318140734753857,69.4372897161845,91.8566622084218
"5626",2036,1372,45.636933,0.0332630706997085,73.0440261421186,96.3032129307759
"5626",2037,1382,46.679248,0.0337765904486252,75.7610120518957,98.3629503451624
"5626",2038,1392,48.221281,0.0346417248563218,79.1822182479861,101.422214996338
"5626",2039,1401,49.030345,0.0349966773733048,81.9997863182336,103.063466073589
"5626",2040,1409,51.023163,0.0362123229240596,86.449681008888,107.119489614221
"5626",2041,1417,51.297629,0.0362015730416373,88.8988308467216,107.696348447882
"5626",2042,1425,52.635469,0.0369371712280702,92.9377587230868,110.482512461553
"5626",2043,1432,54.992611,0.0384026613128492,98.844535035376,115.51801360729
"5626",2044,1440,54.971173,0.0381744256944444,101.172133910335,115.447914723013
"5626",2045,1446,56.024025,0.0387441390041494,105.406107087888,117.730593338939
"5626",2046,1453,58.678151,0.0403841369580179,112.91993345943,123.67050995227
"5626",2047,1459,58.501896,0.0400972556545579,115.208279759544,123.220596912163
"5626",2048,1465,60.719375,0.0414466723549488,122.60550351608,128.330274071437
"5626",2049,1471,61.51416,0.0418179197824609,127.226387265286,130.157285470427
"5626",2050,1477,63.67646,0.0431120243737305,135.347284649649,135.347284649649
"5628",2026,2950,78.111479,0.0264784674576271,141.739710326488,166.397103264879
"5628",2027,2948,80.77579,0.0274002001356852,143.329228588748,170.485298827258
"5628",2028,2947,83.856986,0.0284550342721412,145.363669900522,175.363828002985
"5628",2029,2946,87.547415,0.0297173845892736,148.009581611532,181.398031113093
"5628",2030,2945,90.834851,0.0308437524617997,150.987609558597,186.950438234387
"5628",2031,2945,94.070693,0.0319425103565365,154.408341147076,192.594230076786
"5628",2032,2944,97.286568,0.0330457092391304,158.293583990227,198.364873816083
"5628",2033,2944,99.57162,0.0338218817934783,162.046521965867,202.576612319634
"5628",2034,2944,103.567971,0.0351793379755435,167.463464923877,210.158662309692
"5628",2035,2943,106.888477,0.0363195640502888,172.981769798766,216.672616682893
"5628",2036,2943,110.473535,0.0375377285083248,179.34475100416,223.936317903495
"5628",2037,2942,111.527226,0.0379086424201224,183.648560896998,226.119143213656
"5628",2038,2941,114.76483,0.0390223835430126,190.678369978555,232.960672688281
"5628",2039,2939,116.934237,0.0397870830214359,196.96941773857,237.671349342247
"5628",2040,2937,120.230145,0.0409363789581205,205.259170176461,245.014672282338
"5628",2041,2934,124.730724,0.0425121758691206,216.135309150085,255.430655320883
"5628",2042,2932,124.797257,0.0425638666439291,220.629760561539,255.613943659341
"5628",2043,2929,127.996537,0.0436997395015364,230.690114254993,263.325578650837
"5628",2044,2926,130.918626,0.0447432077922078,240.983730123405,270.591909836652
"5628",2045,2923,133.030916,0.0455117742045843,250.310092202896,275.99703655741
"5628",2046,2920,134.044441,0.0459056304794521,257.718592080677,278.668931859619
"5628",2047,2917,137.741972,0.0472204223517312,271.653395309969,288.468614433768
"5628",2048,2914,138.649841,0.0475805905971174,279.595516309252,290.995152766759
"5628",2049,2910,143.279298,0.0492368721649485,297.736065988816,303.920588040328
"5628",2050,2907,145.446748,0.0500332810457516,310.223427457438,310.223427457438
"5630",2026,943,29.546254,0.0313321887592789,44.0901751620138,62.901751620138
"5630",2027,947,30.222007,0.0319134181626188,45.0484116988911,64.1702669010263
"5630",2028,951,32.33315,0.0339991062039958,46.5822234012738,68.1841337215643
"5630",2029,954,33.119599,0.0347165607966457,47.8948693912722,69.7405618412808
"5630",2030,958,33.133557,0.0345861764091858,48.9465601185943,69.7862404743774
"5630",2031,962,35.98811,0.0374096777546778,51.6725204620347,75.6435494331641
"5630",2032,965,38.618916,0.0400196020725389,54.8160583011404,81.4340255419705
"5630",2033,968,37.810219,0.0390601435950413,55.6274535953625,79.5929754354828
"5630",2034,971,39.206889,0.0403778465499485,58.2955242006034,82.7388105015086
"5630",2035,974,40.724303,0.0418113993839836,61.3717553232835,86.2782978817907
"5630",2036,977,42.148801,0.043141045035824,64.6649360636907,89.7156548709278
"5630",2037,979,43.331814,0.0442613013278856,67.9669218857977,92.667164655215
"5630",2038,980,44.459296,0.0453666285714286,71.4685455056092,95.5791736465622
"5630",2039,982,44.798673,0.0456198299389002,73.979334258366,96.4329093759422
"5630",2040,983,44.772073,0.0455463611393693,75.9620802871196,96.3393284593914
"5630",2041,984,47.323126,0.0480926077235772,82.6235509042258,103.318567402605
"5630",2042,985,47.309218,0.0480296629441624,84.8732494270934,103.247499181562
"5630",2043,985,47.410117,0.0481320984771574,87.3814586625195,103.534181237315
"5630",2044,986,47.62211,0.0482982860040568,90.1325858266199,104.106562356929
"5630",2045,986,49.214352,0.0499131359026369,96.2410286996539,108.758189168805
"5630",2046,986,49.360601,0.0500614614604463,99.1163701555781,109.195729594798
"5630",2047,986,49.376713,0.0500778022312373,101.679085663655,109.2440401844
"5630",2048,986,50.377717,0.0510930192697769,107.016185029929,112.287767599923
"5630",2049,986,50.929576,0.0516527139959432,111.301833974882,114.001905428449
"5630",2050,986,53.170732,0.05392569168357,121.236333721676,121.236333721676
"5632",2026,2162,46.218383,0.0213776054579093,108.306602456628,129.066024566284
"5632",2027,2168,47.380604,0.0218545221402214,109.452053998921,131.10584726488
"5632",2028,2174,49.183598,0.0226235501379945,110.940968139727,134.234103655585
"5632",2029,2180,51.294697,0.0235296775229358,112.788725247988,137.946942343473
"5632",2030,2186,52.593535,0.0240592566331199,114.580952811304,140.323811245216
"5632",2031,2191,55.910311,0.0255181702418987,117.589152748256,146.310096515673
"5632",2032,2197,58.584585,0.0266657191624943,120.735342441019,151.339515203137
"5632",2033,2201,60.594486,0.0275304343480236,123.837076741193,155.205728941223
"5632",2034,2206,63.789242,0.0289162475067996,128.201790511182,161.504476277955
"5632",2035,2210,65.386289,0.0295865561085973,131.707427608661,164.759834534083
"5632",2036,2213,68.05938,0.0307543515589697,136.533972626502,170.28204763474
"5632",2037,2217,71.901076,0.032431698691926,143.163304679902,178.513765229078
"5632",2038,2219,73.842093,0.0332771937809824,148.246159080451,182.811198328093
"5632",2039,2222,76.210739,0.0342982623762376,154.285731360618,188.18847891169
"5632",2040,2224,78.956826,0.0355021699640288,161.373271572755,194.597234516408
"5632",2041,2225,80.669932,0.0362561492134831,167.413041639993,198.698930777348
"5632",2042,2226,81.909815,0.0367968620844564,173.003424783395,201.719178261993
"5632",2043,2227,83.401595,0.0374501998203862,179.315285321292,205.410556367854
"5632",2044,2228,85.792844,0.0385066624775584,187.734922739348,211.464416437868
"5632",2045,2228,88.338655,0.0396493065529623,197.08709903528,218.107198812652
"5632",2046,2227,88.615657,0.0397914939380332,201.922502973783,218.850003498569
"5632",2047,2227,89.218721,0.0400622905253705,207.58333420606,220.460094880068
"5632",2048,2226,93.473464,0.0419916729559748,222.712331883859,232.175493928497
"5632",2049,2225,94.31375,0.042388202247191,229.753972867764,234.575556226248
"5632",2050,2224,96.280452,0.0432915701438849,240.274310667342,240.274310667342
"5634",2026,2021,55.365409,0.0273950564077189,103.596327287871,108.963272878714
"5634",2027,2029,57.837242,0.0285052942336126,104.338164322808,112.732104165875
"5634",2028,2036,58.445946,0.0287062603143418,104.879162414933,113.738070942475
"5634",2029,2043,61.805984,0.0302525619187469,106.401601927613,119.007538482886
"5634",2030,2049,61.523546,0.0300261327476818,106.906931600534,118.627726402137
"5634",2031,2055,64.924155,0.0315932627737226,109.075055416283,124.130627534898
"5634",2032,2061,67.327489,0.0326673891314896,111.178902714128,128.165854505008
"5634",2033,2066,69.376923,0.0335803112294289,113.400564684827,131.691212923661
"5634",2034,2071,72.122,0.0348247223563496,116.412948749174,136.532371872934
"5634",2035,2075,74.896447,0.036094673253012,119.878896226262,141.580334231456
"5634",2036,2079,79.15189,0.0380720971620972,125.16019230237,149.653036426042
"5634",2037,2083,81.98065,0.0393570091214594,129.777003828283,155.24781234787
"5634",2038,2086,82.882674,0.0397328255033557,132.733587669567,157.061068490122
"5634",2039,2088,86.213898,0.0412901810344828,138.826154836158,163.980689082822
"5634",2040,2090,87.189082,0.0417172641148325,142.40393796234,166.046300739745
"5634",2041,2091,88.725958,0.0424323089430894,146.971776483088,169.372492804661
"5634",2042,2092,90.697856,0.0433546156787763,152.516086965131,173.737267093044
"5634",2043,2093,90.711649,0.043340491638796,155.180981497391,173.753873216801
"5634",2044,2093,93.2595,0.0445578117534639,162.345368052436,179.574668454756
"5634",2045,2093,94.862266,0.0453235862398471,168.272868870808,183.335838610225
"5634",2046,2092,93.833278,0.0448533833652008,169.241075231127,180.930676742503
"5634",2047,2092,96.064998,0.0459201711281071,176.867962369931,186.231506895697
"5634",2048,2091,97.235673,0.0465019956958393,182.64000200217,189.097299461805
"5634",2049,2091,96.93242,0.0463569679579149,185.155546440604,188.356411886341
"5634",2050,2090,99.222128,0.0474747023923445,194.049501303743,194.049501303743
"5636",2026,918,31.610867,0.0344344956427015,56.9426618055427,56.4266180554272
"5636",2027,921,32.913841,0.0357370694896851,57.2258678710096,58.6426754255244
"5636",2028,923,32.806233,0.0355430476706392,57.2558805089116,58.4621743366378
"5636",2029,925,33.714996,0.0364486443243243,57.6465972659881,60.0428106634734
"5636",2030,927,35.863427,0.0386876235167206,58.7330636318692,63.9322545274768
"5636",2031,928,35.902153,0.0386876648706897,59.0128717386055,64.0012930038451
"5636",2032,929,37.745868,0.0406306437029064,60.4223014412598,67.5301582807993
"5636",2033,930,37.3343,0.0401444086021505,60.5231034409655,66.7189060440427
"5636",2034,931,38.849203,0.0417284672395274,62.0867257889869,69.7168144724673
"5636",2035,932,40.444284,0.0433951545064378,64.0054539602375,73.0124661948286
"5636",2036,933,41.506306,0.0444869303322615,65.6844692090971,75.2830930717833
"5636",2037,933,42.405796,0.0454510139335477,67.3902098099995,77.2735801170722
"5636",2038,934,42.431366,0.0454297280513919,68.1715143558584,77.311844283379
"5636",2039,935,42.540682,0.0454980556149733,69.0660140629888,77.5378962774277
"5636",2040,936,44.109777,0.0471258301282051,72.0733785750989,81.1174057201582
"5636",2041,936,44.041799,0.0470532040598291,72.8722372426558,80.9580939511786
"5636",2042,937,42.804965,0.0456829935965848,71.7656012051059,78.0937160072941
"5636",2043,938,43.298671,0.0461606300639659,73.3683518449105,79.1943753829295
"5636",2044,938,43.380295,0.0462476492537313,74.3453816517154,79.3811376151167
"5636",2045,939,43.594954,0.0464270010649627,75.5676532628185,79.8524963234689
"5636",2046,939,43.76149,0.0466043556975506,76.7512555389733,80.2367712223216
"5636",2047,940,43.359441,0.046127064893617,76.78340384343,79.2911592602028
"5636",2048,941,44.509101,0.047299788522848,80.0654666777868,81.9356396516614
"5636",2049,942,44.954566,0.0477224692144374,81.9928133476165,82.9665593221989
"5636",2050,942,44.769907,0.047526440552017,82.5274840080073,82.5274840080073
