"kommunenr_2024","år","y2s_predikert","y2s_nedre","y2s_ovre","n_bootstrap_ok"
"0301",2026,6198.29567926014,6194.1498719441,6208.2717523248,60
"0301",2027,6228.15817904101,6219.96113346564,6247.9801501824,60
"0301",2028,6267.16931661328,6253.27848595029,6301.3553476297,60
"0301",2029,6316.58422571802,6294.88994367103,6370.7260547733,60
"0301",2030,6378.14437085469,6345.99549385573,6459.3752010919,60
"0301",2031,6449.91579446107,6405.14307644159,6564.21582200933,60
"0301",2032,6533.60455490162,6473.47181996933,6689.65640567767,60
"0301",2033,6627.01354458975,6549.34382160564,6830.51850824791,60
"0301",2034,6731.8683210425,6633.96011132957,6986.19504142375,60
"0301",2035,6849.31614864431,6728.06949852333,7162.36327412873,60
"0301",2036,6976.69832807137,6829.68645209894,7354.81317162115,60
"0301",2037,7117.21214572829,6940.90872364259,7569.587959954,60
"0301",2038,7263.80024613198,7056.6075449654,7794.87519325506,60
"0301",2039,7418.88149409601,7178.41539658643,8035.12642938247,60
"0301",2040,7584.51361567949,7307.71320689329,8294.22175049441,60
"0301",2041,7759.81108632255,7443.81386977062,8571.51454578884,60
"0301",2042,7943.85708297873,7586.02236935179,8865.08388660593,60
"0301",2043,8140.47613822509,7736.92255382336,9184.15952325551,60
"0301",2044,8349.27131230233,7896.16953772251,9531.23498408113,60
"0301",2045,8573.24007544748,8065.77011039908,9908.63044382854,60
"0301",2046,8810.07565817787,8244.08822396439,10312.2923471145,60
"0301",2047,9057.42820072043,8429.48871981657,10737.9024944167,60
"0301",2048,9317.42970387503,8623.39484176557,11189.9277644941,60
"0301",2049,9595.86708731822,8829.69083450569,11680.2975506126,60
"0301",2050,9897.16923071513,9051.30196374963,12218.5691895445,60
"1101",2026,182.010106083033,181.320381319147,183.831529567964,60
"1101",2027,183.290490563774,182.197994677676,186.139161024443,60
"1101",2028,184.815001395689,183.251853724992,188.877645199548,60
"1101",2029,186.908543056518,184.70879454799,192.635425205153,60
"1101",2030,189.508271180025,186.51975170528,197.322778314045,60
"1101",2031,192.494047481146,188.598628735321,202.745655499116,60
"1101",2032,195.718667874368,190.840975112103,208.658343404767,60
"1101",2033,199.670922828467,193.581643483383,216.034384232955,60
"1101",2034,203.88791478048,196.498559334706,223.993289079587,60
"1101",2035,208.502236462193,199.683980116866,232.779184339915,60
"1101",2036,213.255186485133,202.960768659809,241.882517173756,60
"1101",2037,219.846574866438,207.463658043983,254.827162338106,60
"1101",2038,225.957216608104,211.629079808641,266.891689344572,60
"1101",2039,232.27611936097,215.92382329734,279.472052387361,60
"1101",2040,238.453310647689,220.114903366647,291.823694385291,60
"1101",2041,245.146223902502,224.634484758771,305.362331963655,60
"1101",2042,253.148590721444,229.998669191665,321.858110540847,60
"1101",2043,261.824211428377,235.780690103065,339.994028235177,60
"1101",2044,269.397498773419,240.835136053027,355.769739066441,60
"1101",2045,276.607739744478,245.642699597529,370.805295236452,60
"1101",2046,284.262230136484,250.726481509072,386.920288466726,60
"1101",2047,294.171182188747,257.234406767134,408.360208639799,60
"1101",2048,304.052711107329,263.704279631487,429.89813151004,60
"1101",2049,313.382749738356,269.797349560818,450.309402266863,60
"1101",2050,323.672387145032,276.478063156048,473.143493627833,60
"1103",2026,1365.50889349178,1360.61443642855,1374.6993917809,60
"1103",2027,1374.81253702924,1367.35269567644,1389.57134498358,60
"1103",2028,1386.466108318,1375.92146484759,1408.32016220492,60
"1103",2029,1400.76938641795,1386.53785578463,1431.53499767557,60
"1103",2030,1417.97659349694,1399.37865631194,1459.74515860952,60
"1103",2031,1438.42689762124,1414.68147331327,1493.65145524966,60
"1103",2032,1461.22640463056,1431.76972366535,1531.737786029,60
"1103",2033,1487.91057639886,1451.75851015149,1576.90706725101,60
"1103",2034,1517.48032150974,1473.90223631564,1627.4239866024,60
"1103",2035,1550.75532817048,1498.78344261987,1684.93251201945,60
"1103",2036,1588.2786459186,1526.7720689109,1750.63065869552,60
"1103",2037,1626.20593790535,1555.07093812063,1817.24037434399,60
"1103",2038,1669.84218454195,1587.46759811483,1895.21653581738,60
"1103",2039,1715.59970142622,1621.36382293424,1977.70248244741,60
"1103",2040,1764.98326566107,1657.43644976889,2067.77682637164,60
"1103",2041,1818.64378474921,1695.94157838675,2166.95524108022,60
"1103",2042,1870.52059101662,1733.21346161414,2262.89336708084,60
"1103",2043,1929.36801031315,1775.09257446539,2373.68760715466,60
"1103",2044,1992.12936174884,1819.50772216669,2493.25339249563,60
"1103",2045,2057.48632208666,1865.56093043206,2618.9704452642,60
"1103",2046,2126.82564806095,1914.14891983983,2753.92080470255,60
"1103",2047,2196.08074810523,1962.59292771808,2889.41111100718,60
"1103",2048,2269.84727481166,2013.88803500476,3035.49088043732,60
"1103",2049,2349.02356807591,2068.58803543159,3194.38000493148,60
"1103",2050,2432.08113114028,2125.67319491801,3362.92124041708,60
"1106",2026,418.464076191905,416.861459571148,420.297156594625,60
"1106",2027,421.181782960341,418.711522357256,424.177420861264,60
"1106",2028,424.778570675428,421.256450664021,429.422415217573,60
"1106",2029,428.943263950721,424.237277160488,435.622366907191,60
"1106",2030,434.098354767504,427.948256031087,443.42719467811,60
"1106",2031,440.278456869923,432.408959854597,452.890304891594,60
"1106",2032,446.675327086648,437.051025115585,462.754151888098,60
"1106",2033,454.947828402741,443.02023800804,476.105159711507,60
"1106",2034,463.400158204102,449.139470538107,489.776885843725,60
"1106",2035,473.439710478246,456.372037019351,506.365624244251,60
"1106",2036,484.502162290537,464.325564844746,524.752302368067,60
"1106",2037,495.29430740494,472.113417648918,542.620614414502,60
"1106",2038,508.512513424507,481.558272359679,565.144138320053,60
"1106",2039,522.416685845654,491.471742377379,589.05292966243,60
"1106",2040,537.390918208514,502.102512981373,615.139262938408,60
"1106",2041,552.94109696907,513.118642029518,642.446438707403,60
"1106",2042,568.369562317358,524.055074459557,669.577326415425,60
"1106",2043,585.744180505249,536.276403833977,700.732812690273,60
"1106",2044,604.465134165846,549.379390020238,734.758907844165,60
"1106",2045,623.778366274012,562.858721582922,770.156279459261,60
"1106",2046,643.800078984148,576.787017903382,807.185440365842,60
"1106",2047,664.180948125527,590.936860794021,845.115298322317,60
"1106",2048,685.871148291939,605.917758514704,886.000879117836,60
"1106",2049,710.829197009765,622.981315328771,934.157505826233,60
"1106",2050,736.058166213729,640.189812247754,983.180345624009,60
"1108",2026,691.181817480313,688.357905776896,695.633839513554,60
"1108",2027,697.25137478608,692.890077097194,704.413647490259,60
"1108",2028,704.591367981521,698.392248190449,714.950930320095,60
"1108",2029,713.403813263703,704.987580308796,727.695819157254,60
"1108",2030,723.738485577697,712.85846720155,742.800882818452,60
"1108",2031,735.937613681201,722.158314547051,760.935486420442,60
"1108",2032,749.694282248867,732.646316266434,781.783397161353,60
"1108",2033,765.218092748883,744.457527613979,805.620355875149,60
"1108",2034,782.589557068838,757.64168767429,832.636069033264,60
"1108",2035,801.399215446706,771.91123609234,862.106778189344,60
"1108",2036,822.588260475272,787.900772968206,895.855644791397,60
"1108",2037,845.491569194516,805.139976044968,932.704927489711,60
"1108",2038,870.13895322931,823.630987454464,972.790346037938,60
"1108",2039,896.797867215744,843.543787195523,1016.69231411101,60
"1108",2040,925.48058447236,864.871435318647,1064.51693712278,60
"1108",2041,955.510075543525,887.15040026182,1114.97919232423,60
"1108",2042,988.091067534187,911.168917670476,1170.571220609,60
"1108",2043,1022.10748827667,936.172304404477,1229.11651039034,60
"1108",2044,1058.26459679819,962.609201993703,1292.14368860444,60
"1108",2045,1098.39750961582,991.664045988802,1363.59887327029,60
"1108",2046,1137.59038478155,1020.09591141836,1433.30894027717,60
"1108",2047,1180.91946252369,1051.21037118957,1512.03229415181,60
"1108",2048,1225.42478500505,1083.05494816182,1593.62882557854,60
"1108",2049,1273.2993645523,1117.03567939595,1682.92410107723,60
"1108",2050,1323.55825631488,1152.48942129532,1777.95814737261,60
"1111",2026,62.2854785527186,61.842007350772,62.6928895207752,60
"1111",2027,62.9041660412937,62.2501813186964,63.5829965494615,60
"1111",2028,63.6092147345739,62.692677147009,64.6368027647065,60
"1111",2029,64.5407089755778,63.2700118666491,66.1200518677351,60
"1111",2030,65.6068795499459,63.9224605173503,67.8733993529127,60
"1111",2031,66.9776967487625,64.7515649618072,70.225822438496,60
"1111",2032,68.3123650625941,65.6161387885251,72.554455448901,60
"1111",2033,70.1099059021875,66.8463099189303,75.8209284479871,60
"1111",2034,72.0318391731922,68.2619043304833,79.3856780397196,60
"1111",2035,73.8069124215195,69.4410878971282,82.7026112659352,60
"1111",2036,77.0622446734205,71.5368245097467,89.1144007087447,60
"1111",2037,79.256333401961,72.9304984740454,93.4124098575828,60
"1111",2038,82.2708951486784,74.8406478922738,99.5248403995105,60
"1111",2039,85.5283104037154,76.8944160840935,106.25482821575,60
"1111",2040,88.7975071732392,78.9359483132564,113.134100430111,60
"1111",2041,92.3224338956915,81.1283720600385,120.674753257751,60
"1111",2042,95.5422455462904,83.1116649606694,127.630528818749,60
"1111",2043,99.5672639602204,85.5798304543054,136.568416303254,60
"1111",2044,103.087408865725,87.7156630417939,144.446260477196,60
"1111",2045,106.914289131113,90.0255072158683,153.160185279993,60
"1111",2046,110.365214551416,92.093409798443,161.04724366933,60
"1111",2047,114.928677105803,94.8128350541388,171.829978908878,60
"1111",2048,118.198324093032,96.7382364488832,179.474184363905,60
"1111",2049,122.14292680358,99.0431454019305,188.952559360112,60
"1111",2050,127.138936303609,101.951975353934,201.264491301406,60
"1112",2026,65.1569743182795,64.9770724861866,65.5954027246625,60
"1112",2027,64.639529652219,64.3682919790471,65.3687233621912,60
"1112",2028,64.161660868168,63.7951323889749,65.2170337930445,60
"1112",2029,63.7556921251251,63.2605406364194,65.198725591163,60
"1112",2030,63.484581620275,62.8275066528338,65.436024213629,60
"1112",2031,63.6451048696928,62.7445209484378,66.5242192196273,60
"1112",2032,63.458446365248,62.390696517558,66.9341676335382,60
"1112",2033,63.394198360416,62.1328509100736,67.588201881424,60
"1112",2034,63.5934697053575,62.0781316122161,68.7885457352873,60
"1112",2035,64.2686481837649,62.3896522522493,70.9005957881111,60
"1112",2036,65.1723760662909,62.8610243073705,73.493161632263,60
"1112",2037,65.3073495239019,62.7514002965153,74.5247329060846,60
"1112",2038,66.4414215126759,63.367808686322,77.63119984276,60
"1112",2039,67.8574673678781,64.1815703704033,81.3843677135524,60
"1112",2040,68.6602040887869,64.5512314380024,83.8568055700055,60
"1112",2041,70.3893257546221,65.5821365739077,88.3624604967315,60
"1112",2042,72.1331262298024,66.6153644522753,92.9672258974356,60
"1112",2043,72.9216521774739,66.9671817300328,95.4701363436695,60
"1112",2044,75.1674101719253,68.3450740834347,101.293997005382,60
"1112",2045,77.0385591550054,69.4073128761417,106.314857029548,60
"1112",2046,78.3533662202056,70.0886085221329,110.08207433884,60
"1112",2047,80.678185321875,71.4253488132924,116.270077998134,60
"1112",2048,81.5953574106034,71.8355280871154,119.139523525519,60
"1112",2049,84.7736681495483,73.6799944269029,127.503996651425,60
"1112",2050,85.9987912980531,74.2791387294975,131.158847102151,60
"1114",2026,17.4923063463499,17.4807151844273,18.2272513564932,60
"1114",2027,17.7292059753744,17.70938735953,18.7673099911971,60
"1114",2028,18.0713600002798,18.0319671260125,19.4759809338411,60
"1114",2029,18.4289853979488,18.3676728805152,20.2044017074701,60
"1114",2030,18.8607825122292,18.7577136973054,21.0307625646196,60
"1114",2031,19.1960951106407,19.0721073086102,21.7141205605786,60
"1114",2032,19.7975338128016,19.5990903651781,22.8754895298791,60
"1114",2033,20.5205999901051,20.228336382913,24.2831019845395,60
"1114",2034,21.0694000738466,20.7180851794009,25.3701286344497,60
"1114",2035,21.8186641026293,21.369574188681,26.8468499138596,60
"1114",2036,22.5900127128147,22.0393669522787,28.3679854916757,60
"1114",2037,23.410230794237,22.7487566441797,29.9868598519137,60
"1114",2038,24.3403878012802,23.5456865760688,31.8609750457565,60
"1114",2039,25.4207787702911,24.4610559475239,34.215070569765,60
"1114",2040,26.4101463121433,25.2964198838471,36.3484523340105,60
"1114",2041,27.5604856510287,26.2291688073751,38.8968067977743,60
"1114",2042,28.6757392969373,27.1363582779822,41.3684861304595,60
"1114",2043,29.6694647042279,27.9599485648582,43.4679296767046,60
"1114",2044,31.1920179931957,29.1508261885696,46.765839691185,60
"1114",2045,32.331512139619,30.0740239795142,49.1891351153524,60
"1114",2046,33.8068092143356,31.2273445945168,52.4109163082098,60
"1114",2047,35.1657645447315,32.2981937857079,55.3833007722044,60
"1114",2048,36.2985925979513,33.2124623672191,57.8217988058804,60
"1114",2049,38.4536444573197,34.8411906830081,62.7612538612194,60
"1114",2050,39.5335195122644,35.7227762675019,65.0925010902183,60
"1119",2026,144.608459910961,143.834662060625,146.847555203708,60
"1119",2027,146.443367821573,145.286811370276,149.808318834332,60
"1119",2028,148.737956963248,147.095311485123,153.556253187224,60
"1119",2029,151.454730513008,149.230008528615,158.019850369649,60
"1119",2030,154.348547973006,151.507974844111,162.567476276916,60
"1119",2031,157.577550425779,154.045273671768,167.644101529372,60
"1119",2032,161.331050944682,156.980271045267,173.611937896908,60
"1119",2033,165.720530470368,160.35531122817,181.046164117084,60
"1119",2034,170.60125738183,163.988264485493,189.423161867379,60
"1119",2035,175.697710458335,167.777216295377,198.209429063237,60
"1119",2036,181.177498853421,171.930152505918,207.733890685623,60
"1119",2037,187.007207443782,176.353923495961,217.952935440049,60
"1119",2038,193.556478144125,181.290959242747,229.630826651565,60
"1119",2039,200.994387239252,186.852902027068,243.160453322582,60
"1119",2040,208.238020473442,192.283233130032,256.31235983474,60
"1119",2041,215.54062027503,197.757815174156,269.604876253474,60
"1119",2042,223.682989152077,203.816500937614,284.718264705767,60
"1119",2043,232.483927079576,210.326421545415,301.501892904705,60
"1119",2044,241.9816835137,217.30909574819,319.921846618924,60
"1119",2045,251.071036918915,224.010327084135,337.483508288919,60
"1119",2046,260.182789411655,230.720273804613,355.189902853038,60
"1119",2047,270.423274328501,238.188590534299,375.153380844407,60
"1119",2048,279.924434627678,245.153196746997,393.474730120466,60
"1119",2049,291.825147143253,253.715049011535,417.298999975342,60
"1119",2050,303.608708430549,262.186484462513,440.979146714592,60
"1120",2026,101.287149038402,100.628324798213,104.247882582817,60
"1120",2027,102.49209135145,101.560679360812,106.760275048186,60
"1120",2028,103.959437765674,102.735170065815,109.70207379498,60
"1120",2029,105.699064173586,104.160694971886,113.094934534815,60
"1120",2030,107.7395975027,105.863306466035,116.994171599841,60
"1120",2031,109.777366275029,107.564965239303,120.863698574723,60
"1120",2032,112.222280920304,109.640349159356,125.435044460079,60
"1120",2033,114.866037399095,111.803735747219,130.343069083917,60
"1120",2034,117.862940239224,114.255149889725,135.882129932768,60
"1120",2035,121.136918957181,116.93415152464,141.906974154199,60
"1120",2036,124.551824584042,119.732991459809,148.167254689026,60
"1120",2037,128.156804595322,122.689012957333,154.75967318962,60
"1120",2038,131.990768434159,125.83235008839,161.759684533604,60
"1120",2039,136.252160215432,129.317782464437,169.604850247288,60
"1120",2040,140.864137945013,133.081238465119,178.293523251028,60
"1120",2041,145.347675534156,136.741964087715,186.705499509541,60
"1120",2042,150.316886062543,140.782090305473,196.116192753112,60
"1120",2043,155.3186960985,144.852038218888,205.583742356445,60
"1120",2044,160.912073675478,149.379802888683,216.296142823214,60
"1120",2045,167.125755279272,154.384371451782,228.339587589547,60
"1120",2046,173.516227102795,159.523386641392,240.787135841185,60
"1120",2047,180.581772654683,165.175952106463,254.725804254743,60
"1120",2048,187.965885224992,171.066142531651,269.412682140788,60
"1120",2049,195.993546962089,177.438431106153,285.58177339993,60
"1120",2050,205.604584987789,184.999448622496,305.851833323557,60
"1121",2026,143.257342009844,142.839765714478,144.167184262023,60
"1121",2027,144.5684203548,143.93018377679,146.006936711731,60
"1121",2028,146.260930036693,145.335430568775,148.428496264349,60
"1121",2029,148.270295832885,147.004561478157,151.350817555073,60
"1121",2030,150.534099698987,148.887842337133,154.691735481968,60
"1121",2031,153.30908181757,151.180387317446,158.904487507973,60
"1121",2032,156.380432778285,153.678475471815,163.607179735039,60
"1121",2033,159.67254236482,156.348080872041,168.660550471947,60
"1121",2034,163.63425716614,159.512372697615,174.925709621706,60
"1121",2035,168.042582561952,163.011098457262,181.993527269668,60
"1121",2036,172.888965803595,166.83397673358,189.860072606192,60
"1121",2037,178.021057344774,170.875786191049,198.242154782225,60
"1121",2038,183.394531991725,175.104097287407,207.058813602261,60
"1121",2039,189.710792554673,179.995123112196,217.743362274644,60
"1121",2040,196.548786472591,185.255612715387,229.482633638816,60
"1121",2041,203.252222831281,190.43567997609,240.870171227937,60
"1121",2042,210.796296184761,196.194592340773,253.943117954682,60
"1121",2043,218.438871968923,202.023186068588,267.24337615165,60
"1121",2044,227.119847461958,208.550804200984,282.740310371663,60
"1121",2045,235.42974021583,214.831464512229,297.494495119363,60
"1121",2046,244.692142625435,221.742671195033,314.327896235604,60
"1121",2047,253.95970811594,228.65540703686,331.224871203474,60
"1121",2048,264.208603437653,236.204088232227,350.346002922019,60
"1121",2049,274.795659836517,243.965638690947,370.303764982735,60
"1121",2050,285.801772758286,251.992689801607,391.285250167791,60
"1122",2026,87.2532705911418,86.8868455463747,87.7835283885561,60
"1122",2027,88.0394426130394,87.4823045544073,88.9085445367378,60
"1122",2028,89.121771055716,88.3132216889365,90.4960257990547,60
"1122",2029,90.2963677778498,89.2244653079984,92.2091703535993,60
"1122",2030,91.5887002099732,90.2341880064185,94.0938706014091,60
"1122",2031,93.3147105450247,91.5790745550815,96.6942134871584,60
"1122",2032,95.1486944879203,93.0135051521652,99.4670859746399,60
"1122",2033,97.4930057935909,94.8365797819234,103.1252359002,60
"1122",2034,99.9752846835838,96.7697125471612,107.01500954769,60
"1122",2035,102.522083001695,98.7596890041545,110.99883204988,60
"1122",2036,105.506781907654,101.080928216398,115.761580335582,60
"1122",2037,108.867025487337,103.683622867099,121.210475639883,60
"1122",2038,112.499590943344,106.446357273505,127.161888894818,60
"1122",2039,116.647343409783,109.540445010077,134.093382867127,60
"1122",2040,120.745516356898,112.608342506805,140.929074878014,60
"1122",2041,125.107247921258,115.858124843922,148.279685797844,60
"1122",2042,130.196567387215,119.598294785975,157.070075749991,60
"1122",2043,135.114989730941,123.226634440886,165.584097536008,60
"1122",2044,141.018512858416,127.504403536212,176.186048859611,60
"1122",2045,146.797823611962,131.696182223866,186.583219039961,60
"1122",2046,153.144404888493,136.251677750002,198.236196641778,60
"1122",2047,159.451000135021,140.774552908429,209.866589678779,60
"1122",2048,166.082404667553,145.498099517107,222.268196023666,60
"1122",2049,173.901462301357,150.971258351711,237.354585130671,60
"1122",2050,181.156725258515,156.055861232361,251.322913639806,60
"1124",2026,187.266242889276,186.834067477071,189.848035422656,60
"1124",2027,189.175698861548,188.443967018745,193.085783609659,60
"1124",2028,191.394421491593,190.345884811887,196.795485760178,60
"1124",2029,193.999882038726,192.633852859773,201.115958546431,60
"1124",2030,196.992682816531,195.271139694543,206.057987029023,60
"1124",2031,200.400937732466,198.235492567903,211.679103734501,60
"1124",2032,204.36997362747,201.650738712397,218.110702192552,60
"1124",2033,208.533112146103,205.238043087627,224.684942239816,60
"1124",2034,213.504046751749,209.488398158571,232.551901429274,60
"1124",2035,218.860144291139,214.059248540853,241.160781278431,60
"1124",2036,224.485737591326,218.857100874161,250.194328410907,60
"1124",2037,231.041152986555,224.40348536687,260.812283287339,60
"1124",2038,237.649952837679,230.002046403787,271.560667704666,60
"1124",2039,245.233527616875,236.37798914912,284.491105449952,60
"1124",2040,253.370698574255,243.194576842948,298.948737280738,60
"1124",2041,262.154676716756,250.522752171481,314.790743341695,60
"1124",2042,271.541200611091,258.180369275201,331.954339921214,60
"1124",2043,281.19390650786,265.899757687266,349.739610338403,60
"1124",2044,292.667425482795,274.898824276856,371.597084736872,60
"1124",2045,304.328843991564,284.00639237997,394.004073160194,60
"1124",2046,316.54882697304,293.478057208334,417.802621116432,60
"1124",2047,329.496185352132,303.437322743494,443.436285326964,60
"1124",2048,342.777857003966,313.60766255256,470.027642101234,60
"1124",2049,358.196517750732,325.210539123192,501.880301964775,60
"1124",2050,373.367574435724,336.616913778531,533.414830211387,60
"1127",2026,106.16890565711,105.747152909424,106.803740627045,60
"1127",2027,107.373829424814,106.708980719897,108.452413454133,60
"1127",2028,108.878735373728,107.898725293647,110.571829435085,60
"1127",2029,110.506390200178,109.187418681808,112.884168635244,60
"1127",2030,112.446327139333,110.707458412747,115.734271534576,60
"1127",2031,114.606565966578,112.393940913851,118.97421026378,60
"1127",2032,117.0088510988,114.260037362318,122.638344593328,60
"1127",2033,119.895454233631,116.47127744625,127.183864998641,60
"1127",2034,122.844031560753,118.735325937971,131.801161031558,60
"1127",2035,126.413201771098,121.434171455833,137.578941977051,60
"1127",2036,129.383754082362,123.736175318838,142.187046904813,60
"1127",2037,133.484008176247,126.816422292511,148.955918602476,60
"1127",2038,138.15453209779,130.290251999003,156.841922238015,60
"1127",2039,142.8609816388,133.79235510067,164.814508261957,60
"1127",2040,148.095667253499,137.655608119855,173.851080915243,60
"1127",2041,153.418104513498,141.578449739714,183.092438874125,60
"1127",2042,159.196326037144,145.808057052986,193.286052411255,60
"1127",2043,165.606679461153,150.449744850171,204.851700758402,60
"1127",2044,172.343072177933,155.300415249029,217.168351422337,60
"1127",2045,180.184383912322,160.862532898363,231.94290428576,60
"1127",2046,188.018044587348,166.405100271071,246.823541926608,60
"1127",2047,195.652927512375,171.80649810095,261.371161232155,60
"1127",2048,204.249642781239,177.808878387183,278.185973046959,60
"1127",2049,213.640805769614,184.29996314337,296.949140638844,60
"1127",2050,224.125127578047,191.456235466271,318.439281626184,60
"1130",2026,141.016110756176,140.673366695775,143.02309148825,60
"1130",2027,142.627776905445,142.088350743063,145.693437762146,60
"1130",2028,144.590168971089,143.798592066425,148.961826692043,60
"1130",2029,146.952653447475,145.843927828686,152.929463986423,60
"1130",2030,149.305943028723,147.886650160834,156.865323568829,60
"1130",2031,152.141038403866,150.33006355997,161.662568519478,60
"1130",2032,155.519924956748,153.222250710779,167.45772195476,60
"1130",2033,159.418261867583,156.542251660039,174.317036246145,60
"1130",2034,163.390684127122,159.924445979456,181.378465348898,60
"1130",2035,167.179082061547,163.16246162669,187.918017241351,60
"1130",2036,172.176771694728,167.385563610884,196.751147948225,60
"1130",2037,177.465034702195,171.826073142855,206.173468110611,60
"1130",2038,183.34458672076,176.558584284829,216.786111362522,60
"1130",2039,188.767728765008,180.963070429878,226.508962957147,60
"1130",2040,194.265273783916,185.423526407846,236.387804558032,60
"1130",2041,200.340684515892,190.283605245443,247.462962087208,60
"1130",2042,207.743499532501,196.059772567563,261.289770156893,60
"1130",2043,215.495032712098,202.075986313124,276.066035576703,60
"1130",2044,223.707053071727,208.404886111397,292.027117692553,60
"1130",2045,230.580052560291,213.807607976575,305.078041982604,60
"1130",2046,238.820965622642,220.153719572714,321.189972794241,60
"1130",2047,247.584349567097,226.848005292784,338.556420235153,60
"1130",2048,257.308527982704,234.192663148728,358.17941943096,60
"1130",2049,267.729871301159,241.98934257791,379.558448964504,60
"1130",2050,276.335189553207,248.544300772668,396.825522818916,60
"1133",2026,21.8277250783045,21.5245646796276,22.7256537935112,60
"1133",2027,22.3736924348821,21.8971707463921,23.7428753579528,60
"1133",2028,22.7788354991032,22.1662660225102,24.5360689178236,60
"1133",2029,23.3724405443837,22.5746461874565,25.6295085763045,60
"1133",2030,24.070524316263,23.0596467152302,26.8915813270147,60
"1133",2031,24.8737655256595,23.6210983292391,28.362186309421,60
"1133",2032,25.7724478437522,24.2513542705286,30.0325595447609,60
"1133",2033,26.7656619402043,24.9492680610619,31.8821735772859,60
"1133",2034,27.9806608522217,25.7904638745309,34.2083657979541,60
"1133",2035,29.0721898136145,26.5094979310839,36.3188996175296,60
"1133",2036,30.4229974318196,27.3794814645365,38.9788056700488,60
"1133",2037,31.7433719121347,28.2289956727727,41.5866049561133,60
"1133",2038,33.0980118942787,29.0942507614182,44.2749361203855,60
"1133",2039,34.6970264481188,30.0949015038838,47.5342589747894,60
"1133",2040,36.2987319888574,31.0981591114481,50.8628294748244,60
"1133",2041,37.7518649732503,32.0120159646603,53.8956707348439,60
"1133",2042,39.2323275165844,32.9440677935737,57.0543145912296,60
"1133",2043,40.7362447085517,33.8860286163435,60.2916735813237,60
"1133",2044,42.2173861424099,34.8119005563046,63.4906638682967,60
"1133",2045,43.9169131150511,35.8612820408357,67.2489507916208,60
"1133",2046,45.2281664549567,36.6900453795705,70.0306059049091,60
"1133",2047,46.9425544885319,37.7431571855545,73.8588929092038,60
"1133",2048,48.5662558128353,38.7376369524612,77.4932497483367,60
"1133",2049,50.533746809867,39.9218900067691,82.0416074913492,60
"1133",2050,52.0603831302128,40.862100503657,85.435432590595,60
"1134",2026,48.8645676216813,48.0073234480543,49.1573658665949,60
"1134",2027,50.1404404435814,48.9573521464918,50.6868051391898,60
"1134",2028,51.4805978952751,49.9710239031002,52.3333715601369,60
"1134",2029,53.0746044103024,51.227343755777,54.4148126702374,60
"1134",2030,54.7990813968117,52.6105868441079,56.7483700527706,60
"1134",2031,56.7696474266238,54.2332101015631,59.5434847586633,60
"1134",2032,59.1675061598077,56.2351968842592,63.1477282014561,60
"1134",2033,61.4536115901477,57.9205623508261,66.5788701549156,60
"1134",2034,64.4555755390127,60.0743541448818,71.4099725485661,60
"1134",2035,67.2643829400096,62.0939872017407,75.9235210793963,60
"1134",2036,70.0214684617095,64.07509417279,80.3695249329322,60
"1134",2037,73.6049975057864,66.5693242493089,86.5086947164107,60
"1134",2038,76.8933372535643,68.8804813829456,92.1331150041145,60
"1134",2039,80.3993823013946,71.5765579740263,98.254430616829,60
"1134",2040,83.8769099682028,74.2473210497568,104.373559912566,60
"1134",2041,87.0566066764547,76.6753653566357,109.884262808847,60
"1134",2042,91.5918925888401,80.2016109757638,118.379517841407,60
"1134",2043,94.0481763760229,82.0421319123541,122.345506198123,60
"1134",2044,98.2076540514016,85.2595177894587,130.13296602115,60
"1134",2045,101.409761250072,87.7024438677423,135.789998773552,60
"1134",2046,106.321111958502,91.5244182364557,145.378747849213,60
"1134",2047,109.334974213185,93.8113650211999,150.69958285442,60
"1134",2048,112.712509900361,96.3911942528065,156.873477285573,60
"1134",2049,116.398906127518,99.1574420141529,163.78480718422,60
"1134",2050,119.813702505446,101.69001063257,170.088514273946,60
"1135",2026,58.4302697189398,58.1756563442628,59.049308056208,60
"1135",2027,58.9732467416124,58.6144993681363,59.8482517287903,60
"1135",2028,59.6443453669813,59.1431267178824,60.8683004808537,60
"1135",2029,60.5146972842535,59.8125259463553,62.2403987480015,60
"1135",2030,61.3982131474827,60.4871618716013,63.654814669931,60
"1135",2031,62.1158009711007,61.0390775132317,64.7891888287385,60
"1135",2032,63.4242257731727,62.0090391969444,67.0011252763343,60
"1135",2033,64.7494442754299,62.9830209592865,69.3093584264287,60
"1135",2034,66.1741177726213,64.0246215044995,71.8240086613509,60
"1135",2035,67.8430444434115,65.23124340688,74.8415427406451,60
"1135",2036,69.5175853992425,66.4380895753884,77.8949877794974,60
"1135",2037,71.6254458145931,67.9378111445443,81.8507822460426,60
"1135",2038,73.4937304375498,69.2693758041517,85.3502475280187,60
"1135",2039,76.17096663031,71.1430745476156,90.5708864037333,60
"1135",2040,78.294606451808,72.6326129445951,94.6851612468196,60
"1135",2041,81.1449590930962,74.5894434061512,100.378512610686,60
"1135",2042,84.5889078055773,76.9176530806854,107.465939368272,60
"1135",2043,86.0657875721698,77.9568051671667,110.267430241866,60
"1135",2044,90.0298023278194,80.5997898980086,118.658595220765,60
"1135",2045,92.8482348558049,82.4935453245211,124.544034645937,60
"1135",2046,95.7427395911292,84.4198186324397,130.685500655556,60
"1135",2047,98.4776809485826,86.2363503617128,136.505251721234,60
"1135",2048,100.955078158748,87.8768905640991,141.783219109411,60
"1135",2049,104.128867541266,89.953286056576,148.736541750992,60
"1135",2050,107.769988091147,92.3100622614684,156.888767426358,60
"1144",2026,11.2473883588844,10.8946351048313,11.3909006548325,60
"1144",2027,11.353563739424,10.8660249304385,11.5563985467412,60
"1144",2028,11.5269631690823,10.8966120292266,11.835291205653,60
"1144",2029,11.4286005523563,10.6842946348261,11.641777300703,60
"1144",2030,11.6187828436999,10.7267096169195,11.9368018894855,60
"1144",2031,11.8188617068686,10.7782988359084,12.2501269325872,60
"1144",2032,12.2073792624593,10.999731575775,12.9114754523391,60
"1144",2033,12.0906847398942,10.7637619250463,12.6419918173987,60
"1144",2034,12.0332329225766,10.5805821568046,12.4902465430859,60
"1144",2035,12.5217072482751,10.8869255265204,13.2921245462054,60
"1144",2036,13.0454228980891,11.2255867407835,14.1930916672746,60
"1144",2037,13.2656502489091,11.287746211038,14.5146815726507,60
"1144",2038,13.4719108785928,11.3358318688182,14.8027547460713,60
"1144",2039,13.9704744410156,11.6523820226898,15.6681310733473,60
"1144",2040,14.6823744671306,12.1634193193544,16.9540210389277,60
"1144",2041,15.0418273427943,12.348517295233,17.5285299259001,60
"1144",2042,15.4131513031406,12.5466755568028,18.1376660738931,60
"1144",2043,16.3144553043126,13.2346687194935,19.828207590262,60
"1144",2044,16.949606100526,13.6787243564466,20.9914484970226,60
"1144",2045,17.8598956047911,14.3322340296491,22.7572995296012,60
"1144",2046,18.8620523695332,15.0084847283424,24.747988192305,60
"1144",2047,19.7945983909701,15.631696753092,26.6104607468881,60
"1144",2048,21.3515505100663,16.7310258058878,29.8925416113139,60
"1144",2049,21.8003843785454,16.9865482242954,30.660597550312,60
"1144",2050,23.7823058999189,18.3292176090113,35.063320052148,60
"1145",2026,17.1871032062667,16.9098488118372,17.3810744908803,60
"1145",2027,17.1594811111392,16.7506706798028,17.360025168291,60
"1145",2028,17.3347608768157,16.8465582455499,17.6723811730036,60
"1145",2029,17.4548707430358,16.8690645282522,17.8887018494374,60
"1145",2030,17.6836826431994,17.0244239797709,18.28803630168,60
"1145",2031,17.9032439861878,17.1649863003387,18.6679756141223,60
"1145",2032,17.9520776911389,17.0956477446102,18.7596171573763,60
"1145",2033,18.177726119247,17.2402028250798,19.1443957701872,60
"1145",2034,18.5639174273777,17.5818615874,19.8027402292413,60
"1145",2035,18.934908846236,17.873144766486,20.4393580763835,60
"1145",2036,19.5383064678194,18.2776466263167,21.5243142184751,60
"1145",2037,20.1583349190865,18.6390247565661,22.6514095860126,60
"1145",2038,20.97627491263,19.1907681704747,24.178315497449,60
"1145",2039,21.6913894049258,19.724134154018,25.5285171948828,60
"1145",2040,22.2204037766099,20.0967534399618,26.5089390493934,60
"1145",2041,23.2240841009089,20.7420210626202,28.4624559212434,60
"1145",2042,23.988134980516,21.2240481760919,29.9606000796809,60
"1145",2043,24.6297881244892,21.6290843041907,31.1962955305913,60
"1145",2044,26.0385304960117,22.5143163574921,34.1331115522563,60
"1145",2045,26.3395090967028,22.7078698777059,34.6101901851979,60
"1145",2046,27.1724061603584,23.2336802797422,36.274986822516,60
"1145",2047,27.4967205398291,23.4377150322299,36.8196797696724,60
"1145",2048,29.6867166089305,24.7945469411266,41.6287735413176,60
"1145",2049,30.7477100176165,25.4592073507598,43.8483717175852,60
"1145",2050,31.9405060995405,26.1884596717005,46.456049170544,60
"1146",2026,99.53629447789,99.1140837780292,100.685795192091,60
"1146",2027,100.063554339714,99.4174203212823,101.802840745696,60
"1146",2028,100.874869235143,99.9411971865885,103.360104435207,60
"1146",2029,101.854739899974,100.597291994053,105.177935333377,60
"1146",2030,103.039921976165,101.411502150299,107.25327725943,60
"1146",2031,104.49342518921,102.430317127989,109.896838700477,60
"1146",2032,106.280122377556,103.700123352613,113.146577311539,60
"1146",2033,108.40983220823,105.173071424911,117.039261271012,60
"1146",2034,110.611641983873,106.699090170053,121.108725666161,60
"1146",2035,113.262221555578,108.534707023588,126.080283622117,60
"1146",2036,115.798831506895,110.298632569684,130.825625624345,60
"1146",2037,118.753578765025,112.346303639553,136.363072233334,60
"1146",2038,122.036816747339,114.615551303985,142.633737381376,60
"1146",2039,125.498825630551,117.004306248967,149.334282221836,60
"1146",2040,128.727470982185,119.243457340007,155.542878386077,60
"1146",2041,132.48690609774,121.834118652742,162.892176954971,60
"1146",2042,136.082757643071,124.317995816442,169.904482306479,60
"1146",2043,140.300614717237,127.210916460818,178.277413567633,60
"1146",2044,144.719597085032,130.228349836038,187.13999804052,60
"1146",2045,149.239117273998,133.308132201647,196.260591662295,60
"1146",2046,154.183201261056,136.658298014822,206.373291548229,60
"1146",2047,159.419133984157,140.185047784239,217.2214220784,60
"1146",2048,163.90859103588,143.228481694938,226.406850162288,60
"1146",2049,169.900577790356,147.221599577097,239.122659482834,60
"1146",2050,176.091391178656,151.326483586279,252.408515774254,60
"1149",2026,387.649721695943,386.249177394146,390.749779593648,60
"1149",2027,390.062010122749,387.856898487165,395.069803908525,60
"1149",2028,393.135301394544,389.940283862199,400.559982759615,60
"1149",2029,397.225688097773,392.746787051457,407.888945775663,60
"1149",2030,401.58200444003,395.743029499268,415.71688407109,60
"1149",2031,407.18998674712,399.615930257564,425.880356669509,60
"1149",2032,413.401356690637,403.90729848212,437.213649371268,60
"1149",2033,419.875106009996,408.380979660526,449.075720969788,60
"1149",2034,428.275442559012,414.180131848313,464.683636254684,60
"1149",2035,436.46631791065,419.836225617808,479.937351732996,60
"1149",2036,446.023137440506,426.426323571123,497.920705731271,60
"1149",2037,456.691287060409,433.766605587104,518.197180907739,60
"1149",2038,466.969208908553,440.839219921915,537.763205732491,60
"1149",2039,479.44811762992,449.382956606103,561.910458016198,60
"1149",2040,491.393909519166,457.560570242346,585.06652679454,60
"1149",2041,504.750670935749,466.663820959207,611.283068612334,60
"1149",2042,518.401725749293,475.949236226046,638.243525122114,60
"1149",2043,532.209569624217,485.321736533741,665.666793048173,60
"1149",2044,547.206169846159,495.455847536792,695.792087947538,60
"1149",2045,562.323009888453,505.642232990471,726.353040089843,60
"1149",2046,579.029402962944,516.836013090047,760.593650584324,60
"1149",2047,595.861601657778,528.076673643769,795.338701212723,60
"1149",2048,612.494917048498,539.157088432492,829.842868528398,60
"1149",2049,631.977333543812,552.033891020305,871.031903182822,60
"1149",2050,652.844059772424,565.749617227802,915.714637108191,60
"1160",2026,88.7709541153759,88.3916970235338,89.2377447440644,60
"1160",2027,89.2408005475102,88.6917172026302,89.9422011488344,60
"1160",2028,89.8026703961056,89.0672743120054,90.8107787183052,60
"1160",2029,90.3878891261917,89.455484726079,91.7273283209581,60
"1160",2030,91.4595664308824,90.2216707892598,93.4575196794808,60
"1160",2031,92.635875794301,91.0685782653919,95.3692389820241,60
"1160",2032,94.0192116734475,92.0721981047723,97.6440281898911,60
"1160",2033,95.4519224268592,93.1133074285636,100.011298663469,60
"1160",2034,97.2236657950394,94.4129487834346,103.018279838541,60
"1160",2035,99.2329711002847,95.8814049993037,106.528520810026,60
"1160",2036,101.746614127161,97.6399603954034,111.022886076155,60
"1160",2037,104.269935509568,99.4018761830372,115.569715081586,60
"1160",2038,106.577379945468,101.011902673317,119.726366626236,60
"1160",2039,110.012372262084,103.375779936939,126.149691423286,60
"1160",2040,112.938579854849,105.393096989342,131.596253763437,60
"1160",2041,116.623281600608,107.906913437145,138.695935983501,60
"1160",2042,120.550282133185,110.571574574958,146.406674732226,60
"1160",2043,123.544361725836,112.612982158053,152.182297910827,60
"1160",2044,127.933240127805,115.561123039334,161.028689529308,60
"1160",2045,131.940630364366,118.247261540758,169.128991530688,60
"1160",2046,136.470448660755,121.262029583104,178.465964377116,60
"1160",2047,140.974861111408,124.245693650242,187.843989199575,60
"1160",2048,145.013121455147,126.91651141833,196.242997413554,60
"1160",2049,150.335331166429,130.392581892876,207.702720886424,60
"1160",2050,154.813377805866,133.317783838292,217.290888289327,60
"1505",2026,307.45014327401,305.584991006191,309.976719990716,60
"1505",2027,310.29031985399,307.327045386227,314.552096800499,60
"1505",2028,313.65210476791,309.469254157314,320.075511619208,60
"1505",2029,317.664074020493,312.190613582678,326.786876617473,60
"1505",2030,322.968108814873,315.890690212231,335.892457216297,60
"1505",2031,328.530649641969,319.78394463063,345.520144752408,60
"1505",2032,335.400674083251,324.655595357078,357.671528018124,60
"1505",2033,342.577425622281,329.719247818721,370.47273404016,60
"1505",2034,350.76609168593,335.426394558935,385.31356836286,60
"1505",2035,360.174475942147,341.967164553244,402.665874527306,60
"1505",2036,369.267654523363,348.271908751552,419.469516104868,60
"1505",2037,379.486304679656,355.303021569128,438.643999083184,60
"1505",2038,390.259541924388,362.601735585988,459.089742201191,60
"1505",2039,401.467635717952,370.171773520129,480.560110046982,60
"1505",2040,412.98361636249,377.922760347436,502.816601350443,60
"1505",2041,423.587913674698,385.068528617583,523.216689967791,60
"1505",2042,435.262408931995,392.89165442256,546.021937493868,60
"1505",2043,447.86325716974,401.295307622496,570.959538689488,60
"1505",2044,460.023562563732,409.397245655857,595.050598742884,60
"1505",2045,471.758429335536,417.213419373939,618.286944836047,60
"1505",2046,482.257670160086,424.228670957917,638.836168694781,60
"1505",2047,495.497090789221,432.979402146546,665.591872048624,60
"1505",2048,507.901934266619,441.18680373881,690.554835790476,60
"1505",2049,521.180421452541,449.932496209587,717.594793937097,60
"1505",2050,534.74977365525,458.848740962725,745.39095732437,60
"1506",2026,450.236644627033,448.556485286187,453.712675322456,60
"1506",2027,452.064444637985,449.414558810977,457.743008533047,60
"1506",2028,454.660457843212,450.841800850741,463.085826665537,60
"1506",2029,458.416890662154,453.107203154631,470.485372774,60
"1506",2030,463.305473255574,456.183039379656,479.939124954382,60
"1506",2031,469.305575986697,460.044588950372,491.465310704167,60
"1506",2032,476.193482979766,464.529506372068,504.687637342756,60
"1506",2033,484.359899868869,469.8999228406,520.394901488597,60
"1506",2034,494.011321000434,476.285837273272,539.059916539575,60
"1506",2035,504.136534039995,482.996863723138,558.729312194118,60
"1506",2036,515.964354041223,490.857685985251,581.890649731954,60
"1506",2037,528.496282629392,499.185189805838,606.599476482595,60
"1506",2038,540.424356433605,507.103965469396,630.164006239132,60
"1506",2039,555.07907859954,516.818666357678,659.540407482297,60
"1506",2040,568.592244788411,525.768120580496,686.640414331256,60
"1506",2041,583.714889418771,535.761839241761,717.29703799794,60
"1506",2042,598.713632165872,545.660298771587,747.81895419853,60
"1506",2043,612.480306458932,554.74097596596,775.770785183754,60
"1506",2044,627.501701207977,564.629588246791,806.544526174803,60
"1506",2045,644.019068699864,575.470722467156,840.744677359461,60
"1506",2046,661.077144076676,586.639048694618,876.304287650005,60
"1506",2047,678.243726627285,597.857371605137,912.253388448816,60
"1506",2048,693.713824633178,607.968562935677,944.490320300385,60
"1506",2049,711.657663487548,619.640302113007,982.48840326629,60
"1506",2050,732.153982787203,632.917690957544,1026.50874080806,60
"1508",2026,545.16448373303,543.354601414353,549.830863081,60
"1508",2027,555.126423891596,552.07895092365,562.724074252104,60
"1508",2028,565.894242177036,561.449927231933,576.611725408342,60
"1508",2029,578.151080334802,571.988673436075,592.87480470752,60
"1508",2030,592.42410043832,584.0117802796,612.569344339362,60
"1508",2031,607.412859190974,596.59060031865,633.531341229878,60
"1508",2032,624.924650881341,610.986123805557,659.011783443843,60
"1508",2033,643.428427200111,626.11214555564,686.263124678021,60
"1508",2034,663.614138167742,642.441614156429,716.576735502155,60
"1508",2035,685.550012278443,660.011716197089,750.138595732991,60
"1508",2036,708.053867871969,678.000084593868,784.856445023798,60
"1508",2037,734.211213381461,698.50505626354,826.858648334567,60
"1508",2038,761.23756452748,719.601085493257,870.705428823373,60
"1508",2039,788.407875198556,740.795843041775,914.951571038183,60
"1508",2040,816.427937103181,762.56660313457,960.999011546299,60
"1508",2041,845.14808407214,784.805339811823,1008.57275037761,60
"1508",2042,877.740933654968,809.625650181461,1064.24425798569,60
"1508",2043,910.176462487297,834.320414704746,1119.80528569835,60
"1508",2044,943.150116939318,859.35476992241,1176.67803411088,60
"1508",2045,976.107616826994,884.356903878954,1233.70313953239,60
"1508",2046,1009.69501987298,909.756454047071,1292.2324346604,60
"1508",2047,1047.46553113114,937.873397809938,1359.9799634365,60
"1508",2048,1084.18408293731,965.265098714105,1425.7281106575,60
"1508",2049,1122.79050289008,993.850600866131,1495.87302692181,60
"1508",2050,1162.63243118013,1023.19770013878,1569.04352946122,60
"1511",2026,43.073616601747,42.8904067506273,44.4286238241479,60
"1511",2027,44.0509537687287,43.7296751333492,46.1006108267672,60
"1511",2028,45.1394947248334,44.641788894587,47.9909203539747,60
"1511",2029,46.5704052199014,45.7887179879282,50.5607981304582,60
"1511",2030,47.9856957484132,46.9135652979529,53.204453940607,60
"1511",2031,49.6510825141876,48.2045568270514,56.4040320336168,60
"1511",2032,51.6005378954981,49.6786184840909,60.2666667763912,60
"1511",2033,53.2699992140907,50.9495289366929,63.5796867564268,60
"1511",2034,56.0351348924771,52.9524596677329,69.3726115184678,60
"1511",2035,58.9986385150044,55.0692824435789,75.742612438636,60
"1511",2036,61.6708813201704,56.972519145765,81.5577765140191,60
"1511",2037,64.5993037460182,59.0250941162661,88.0988119546525,60
"1511",2038,67.069154428519,60.7610710113518,93.630225939379,60
"1511",2039,70.7589731378637,63.2745428112745,102.43539801987,60
"1511",2040,74.358787245079,65.6974776680399,111.293584957396,60
"1511",2041,77.6077156174715,67.8851528549593,119.321612756382,60
"1511",2042,80.3434979428352,69.7205007421471,126.11501295079,60
"1511",2043,82.4111050669513,71.1191955438957,131.151632278696,60
"1511",2044,85.0858218414938,72.8946106032853,137.911063175454,60
"1511",2045,88.3634562055419,75.0280750153496,146.49171902752,60
"1511",2046,90.9885529570486,76.7366723753094,153.338000531754,60
"1511",2047,92.6014470443921,77.7997988073127,157.376744154208,60
"1511",2048,92.3991056007248,77.7221989595403,156.291645093572,60
"1511",2049,95.3786062016273,79.625027250718,164.287045294725,60
"1511",2050,98.7236464973679,81.7478537556491,173.401958718272,60
"1514",2026,43.2354516607532,42.7562413537574,43.541096057956,60
"1514",2027,43.8795454565474,43.170875587211,44.4054783458788,60
"1514",2028,44.535685435361,43.5958328197548,45.297468413121,60
"1514",2029,45.2805017042444,44.0848346151933,46.3409383461107,60
"1514",2030,45.9690212835004,44.5364803982465,47.2781018532085,60
"1514",2031,46.9418566814018,45.189798618664,48.7177635202011,60
"1514",2032,48.1918950874799,46.0125496500735,50.6718806400223,60
"1514",2033,49.3633726528116,46.7710323484136,52.4850608353445,60
"1514",2034,50.4393447283535,47.4943730764457,54.1086825691468,60
"1514",2035,51.8316127352111,48.5498593220878,56.3354366860315,60
"1514",2036,53.5681820941192,49.9164832511178,59.2309705260512,60
"1514",2037,55.371942775224,51.3447558269892,62.2726249566425,60
"1514",2038,57.7429784012591,53.2739289240295,66.4775012724689,60
"1514",2039,59.8453936603765,54.9296670972533,70.1731060850308,60
"1514",2040,61.8684101144421,56.5176264723165,73.7347007989802,60
"1514",2041,64.0066007133577,58.2055980165188,77.547427519887,60
"1514",2042,67.6967945716074,61.2338488458435,84.7084093439423,60
"1514",2043,69.6826701422283,62.792052167801,88.2565030751767,60
"1514",2044,72.9423576562947,65.4524447823689,94.5589547053103,60
"1514",2045,75.4001301727467,67.4200831374706,99.1467828099799,60
"1514",2046,77.3046980416116,68.9071796322316,102.53137376707,60
"1514",2047,80.1540739306211,71.1832727000716,108.045170327382,60
"1514",2048,83.0774613591572,73.5235511467433,113.725221651959,60
"1514",2049,87.2790638341936,76.5637840661751,122.354402116898,60
"1514",2050,89.1711351212119,77.986579579857,125.807123111583,60
"1515",2026,98.6832667641813,98.2379713274678,99.6594559883305,60
"1515",2027,100.066386726561,99.3467609827619,101.697346032902,60
"1515",2028,101.572557360788,100.54219997244,103.961119145231,60
"1515",2029,103.338310392537,101.919765896726,106.70321479126,60
"1515",2030,105.301498071414,103.433666089834,109.821291303295,60
"1515",2031,107.799472530703,105.31653427949,113.959968183693,60
"1515",2032,110.496542305032,107.332922960083,118.50755141859,60
"1515",2033,113.604486021414,109.627753388255,123.881082702972,60
"1515",2034,117.058741723727,112.151145242524,129.985910731782,60
"1515",2035,120.372380121023,114.576747599073,135.841718186463,60
"1515",2036,124.818287853903,117.754313789505,144.059210396685,60
"1515",2037,129.116087929001,120.824298921705,152.043270150122,60
"1515",2038,134.119594387046,124.35280494986,161.586291056251,60
"1515",2039,138.53714873675,127.483700183006,169.956893189403,60
"1515",2040,143.108378241185,130.70764667319,178.712088652038,60
"1515",2041,149.889282061905,135.353919466144,192.437348691683,60
"1515",2042,156.47542521779,139.852046488164,205.902745642767,60
"1515",2043,161.511267256352,143.339525138608,215.947302891936,60
"1515",2044,167.210616479162,147.240452740291,227.585953561773,60
"1515",2045,173.525035203842,151.51903382701,240.749144999673,60
"1515",2046,181.747761277531,156.97852412802,258.595947799874,60
"1515",2047,189.438125189768,162.078293482848,275.368920802488,60
"1515",2048,194.595437184807,165.576923619104,286.103400096535,60
"1515",2049,202.564348560605,170.814434975768,303.816069683134,60
"1515",2050,210.656484269963,176.100123702063,322.034496445339,60
"1516",2026,106.885833351817,105.39868016292,107.961291427044,60
"1516",2027,108.751208514859,106.704001500284,110.447788686507,60
"1516",2028,110.903219529627,108.2498501787,113.379691431367,60
"1516",2029,113.365449138565,110.03389554038,116.814188507682,60
"1516",2030,116.29006120997,112.210976709709,121.030850244131,60
"1516",2031,119.572387654266,114.692385229784,125.860788436256,60
"1516",2032,122.980995173299,117.283041112049,130.893518328922,60
"1516",2033,127.040912884204,120.423953902839,137.175951086507,60
"1516",2034,131.110988901268,123.577205812337,143.481464303384,60
"1516",2035,135.98831817454,127.409808937738,151.381600809421,60
"1516",2036,141.052566716804,131.402154031515,159.647541010075,60
"1516",2037,146.249279760124,135.507184186019,168.185772191869,60
"1516",2038,152.380751240792,140.396601575004,178.664871200411,60
"1516",2039,159.113037391266,145.75179805252,190.445050826543,60
"1516",2040,165.926758747092,151.17156464212,202.418972694839,60
"1516",2041,173.671895116192,157.324571991398,216.348905035791,60
"1516",2042,181.050828033859,162.733098381575,229.575347952281,60
"1516",2043,189.05736499276,168.546474617644,244.222075295095,60
"1516",2044,197.771090882865,174.806582320972,260.522597290049,60
"1516",2045,206.58912316849,181.125773812257,277.146505957818,60
"1516",2046,216.510998627832,188.134789756478,296.401666850218,60
"1516",2047,225.736045797422,194.684660436645,314.188993859035,60
"1516",2048,236.363508658452,202.102650715197,335.382681291091,60
"1516",2049,248.34034074436,210.346772073852,359.958756179156,60
"1516",2050,259.95699027961,218.335956221699,383.913000254887,60
"1517",2026,46.7948797770788,46.7442477540612,47.3743057517236,60
"1517",2027,47.2754645407751,47.1746790883573,48.1493470403566,60
"1517",2028,47.92222629295,47.7377052173576,49.1666179068525,60
"1517",2029,48.5955275110545,48.3205103691559,50.2219059817521,60
"1517",2030,49.3732864180839,48.986225560784,51.4308849426428,60
"1517",2031,50.3236087136088,49.7777554021285,52.8995955223929,60
"1517",2032,51.3427620500923,50.6099828574312,54.5710039955073,60
"1517",2033,52.8014686319272,51.7523173237324,57.0439838136172,60
"1517",2034,54.0885995935705,52.7735720806928,59.2226156187281,60
"1517",2035,55.7543921891707,54.0571398929497,62.0530454702398,60
"1517",2036,57.1672945646738,55.163762179993,64.277855542686,60
"1517",2037,59.0379557404111,56.5866873926617,67.1958043594517,60
"1517",2038,61.3000234962855,58.2721160023712,70.7577601230504,60
"1517",2039,63.4811639249922,59.8971601480511,74.5498408102527,60
"1517",2040,65.9409522889134,61.7055109795331,78.9123248125839,60
"1517",2041,68.1822540006241,63.3597671998867,82.9563912211963,60
"1517",2042,70.7039614488418,65.198982482535,87.6177502985082,60
"1517",2043,73.774621179531,67.3956693822687,93.5718280830341,60
"1517",2044,76.1655466670104,69.1340230307168,98.1065877725935,60
"1517",2045,78.465587494442,70.8111871226293,102.4561846226,60
"1517",2046,81.4915835054155,72.9582923325601,108.448172304122,60
"1517",2047,84.225589251156,74.9079507601674,113.831614391438,60
"1517",2048,87.5965760238807,77.2632876519953,120.708106903952,60
"1517",2049,90.4497835686343,79.275759275158,126.451883141871,60
"1517",2050,92.6381681604102,80.8543019037805,130.689654745416,60
"1520",2026,194.895907845036,193.16946387474,195.993990858717,60
"1520",2027,196.062007991383,193.807657787939,197.896798662652,60
"1520",2028,197.4244240293,194.693381762418,200.143164391494,60
"1520",2029,199.262026274701,196.006866621292,203.241662030324,60
"1520",2030,201.736248328564,197.631409179836,207.50506393609,60
"1520",2031,204.405003762425,199.179752239097,212.150792686796,60
"1520",2032,207.636926664222,201.066373567175,217.872235723896,60
"1520",2033,211.497240729985,203.331910580725,224.818514978705,60
"1520",2034,215.566453208414,205.714216345364,232.223976578509,60
"1520",2035,220.791443770342,209.090748843656,241.926679452961,60
"1520",2036,226.201561879721,212.673121491177,252.08688880463,60
"1520",2037,232.374663715608,216.796220055086,263.877797771122,60
"1520",2038,238.70138464475,221.014802367938,276.109528527768,60
"1520",2039,245.677684909646,225.683401911577,289.815981573137,60
"1520",2040,252.907424254344,230.51799119019,304.188928694031,60
"1520",2041,259.946652237322,235.200069607662,318.296188850895,60
"1520",2042,267.443143412005,240.192739637754,333.504171545288,60
"1520",2043,275.833762880608,245.801421768664,350.798178086206,60
"1520",2044,284.424206822444,251.482698708917,368.69305881629,60
"1520",2045,293.781108403029,257.558417346991,388.471370292019,60
"1520",2046,302.118977185782,262.91071989081,406.107135861454,60
"1520",2047,310.776938081542,268.4547172989,424.605405989721,60
"1520",2048,319.973359055402,274.207784002057,444.400759060538,60
"1520",2049,328.092212199007,279.262691286307,461.740154670409,60
"1520",2050,338.713595894111,285.846609004152,484.991405018807,60
"1525",2026,102.377461380912,102.014502020138,103.374804077561,60
"1525",2027,103.090427128389,102.533009102324,104.598541584876,60
"1525",2028,104.216987707961,103.342498659095,106.527666967874,60
"1525",2029,105.1436149623,104.011563024263,108.117904201017,60
"1525",2030,106.466639837368,104.958222948509,110.393859244328,60
"1525",2031,108.134725233349,106.145663001981,113.28113997818,60
"1525",2032,109.505246722814,107.124699970814,115.654132446775,60
"1525",2033,111.60034421322,108.606760690942,119.316877742142,60
"1525",2034,113.768957364933,110.136640546014,123.130056947228,60
"1525",2035,116.029042546187,111.730291047454,127.115971812651,60
"1525",2036,119.083288034425,113.862250823086,132.701020587395,60
"1525",2037,121.585686804793,115.612828889407,137.295900640566,60
"1525",2038,124.757901857065,117.812721990844,143.242099301987,60
"1525",2039,127.249727962268,119.548626747171,147.860587733199,60
"1525",2040,130.984368990681,122.103112314232,155.050612195362,60
"1525",2041,135.122282091216,124.922277831667,163.11349583413,60
"1525",2042,138.727289036748,127.370411883289,170.159896443332,60
"1525",2043,141.815415985335,129.467267582886,176.172080224537,60
"1525",2044,144.842323458,131.520316456339,182.074498785934,60
"1525",2045,149.386079125791,134.561674224767,191.239085983577,60
"1525",2046,154.372394703258,137.873683798518,201.464224286278,60
"1525",2047,157.936972925579,140.246583174464,208.681069439141,60
"1525",2048,163.921723186924,144.174646747098,221.288600411119,60
"1525",2049,168.74065749825,147.338811217101,231.399446518475,60
"1525",2050,172.572714594255,149.854231986644,239.371844431433,60
"1528",2026,83.7907810646723,83.5591353956734,85.8627586266983,60
"1528",2027,84.4549590444947,84.1325400373319,87.6001558928134,60
"1528",2028,85.2279154680385,84.8138237018885,89.5468707067141,60
"1528",2029,86.3980675150873,85.8882903517944,92.2276617231357,60
"1528",2030,87.643432276049,87.0376696309134,95.0711134054296,60
"1528",2031,89.2373983692117,88.5191680245465,98.5988598591711,60
"1528",2032,91.3590954926244,90.2265127144158,103.1811278034,60
"1528",2033,93.5895076967963,91.9888012915505,108.025355319994,60
"1528",2034,96.2515517406904,94.0620458345622,113.776841920479,60
"1528",2035,99.1187515972068,96.2759792161264,120.004524040124,60
"1528",2036,101.749807727157,98.4090709971567,125.812986191377,60
"1528",2037,105.447994347291,101.445297163314,134.395042429077,60
"1528",2038,109.209222792548,104.400054820157,143.456866177579,60
"1528",2039,113.725944044903,107.898874628377,154.545959922392,60
"1528",2040,117.553819954882,110.770910349087,164.066441949908,60
"1528",2041,121.040888448689,113.387779115813,172.81534729191,60
"1528",2042,125.569226763724,116.729536066537,184.361130389771,60
"1528",2043,130.413444606978,120.273431793219,196.907150660729,60
"1528",2044,135.956535256611,124.286914555294,211.509187841635,60
"1528",2045,139.618135669363,126.970035127528,221.151956003642,60
"1528",2046,144.213154269123,130.285884391901,233.470112607319,60
"1528",2047,150.342924267758,134.640456808852,250.252981508473,60
"1528",2048,154.482362102059,137.60385092595,261.595870601375,60
"1528",2049,158.693116312604,140.599544073156,273.258913321787,60
"1528",2050,163.549875370737,144.018610156741,286.916789868391,60
"1531",2026,104.045572122016,103.00662829697,113.767824823747,60
"1531",2027,106.169637599285,105.267151297303,116.694500948715,60
"1531",2028,107.994637130251,106.931282112833,118.983464048527,60
"1531",2029,110.112056493137,108.807313081443,121.600919576331,60
"1531",2030,112.843028225004,110.906225959576,125.025548560795,60
"1531",2031,114.73705242853,112.405025966026,127.370268535478,60
"1531",2032,117.459006101515,114.521727006677,130.803402867179,60
"1531",2033,120.201276020764,116.646525225861,134.275116694834,60
"1531",2034,123.083241828117,118.860623036753,137.942902268432,60
"1531",2035,126.033307113407,121.115258465149,141.711470987732,60
"1531",2036,129.613218933649,123.805271154575,146.327635263299,60
"1531",2037,132.90111313862,126.275722422628,151.199194072141,60
"1531",2038,135.80786238069,128.468028929137,156.232340249791,60
"1531",2039,139.157209366559,130.957019108801,162.179859712643,60
"1531",2040,142.27958275474,133.273304502669,167.770621734483,60
"1531",2041,146.026368167878,136.006832506062,174.678245940454,60
"1531",2042,149.358328666091,138.438532364098,180.903122169796,60
"1531",2043,151.664902301528,140.153767130632,185.126180797743,60
"1531",2044,154.852605951022,142.459382370014,191.21126282327,60
"1531",2045,158.083419980858,144.771938909648,197.498874693187,60
"1531",2046,161.14771026434,146.957290504478,203.524801214831,60
"1531",2047,163.667343373617,148.756407638831,208.496141205754,60
"1531",2048,166.738845534828,150.911598198949,214.298225210903,60
"1531",2049,169.045067311745,152.539944572662,218.518334895345,60
"1531",2050,172.475607895938,154.901333818561,224.985993208607,60
"1532",2026,107.887479986115,107.50596892662,108.760600657709,60
"1532",2027,109.01641800241,108.411929049692,110.426808159634,60
"1532",2028,110.312551037849,109.456654125971,112.337369307966,60
"1532",2029,111.998208765557,110.860098590352,114.881690419549,60
"1532",2030,113.996310408044,112.487321534495,117.93991568253,60
"1532",2031,116.292739445604,114.341483176004,121.491316576611,60
"1532",2032,118.566950818354,116.191116826367,124.96997387017,60
"1532",2033,121.422229259141,118.484530074738,129.46907206421,60
"1532",2034,124.677664260165,121.082262611914,134.68673658385,60
"1532",2035,128.194499083562,123.882576714682,140.373359043984,60
"1532",2036,132.189466640041,127.040943682822,146.975338367992,60
"1532",2037,135.739601633805,129.878998570603,152.710657550794,60
"1532",2038,140.032206111096,133.255585296469,159.886017799607,60
"1532",2039,145.420651631238,137.421465012801,169.304591009988,60
"1532",2040,150.296686682944,141.227553880871,177.693719429559,60
"1532",2041,155.420761176602,145.212619683198,186.601168309111,60
"1532",2042,160.472283790919,149.151141554424,195.357326919195,60
"1532",2043,166.778687257162,153.980487248013,206.742629578537,60
"1532",2044,173.58862332398,159.159234535937,219.254862559351,60
"1532",2045,180.364136476775,164.311654844245,231.744730312256,60
"1532",2046,186.372969787408,168.926398667417,242.612361159803,60
"1532",2047,192.813553135516,173.841929203935,254.439846834236,60
"1532",2048,199.96356977176,179.239981169851,267.897556506354,60
"1532",2049,208.09180013677,185.307764358217,283.601724526076,60
"1532",2050,215.76161019902,191.048531714859,298.368461321971,60
"1535",2026,151.897872978355,151.364945919187,153.555687642873,60
"1535",2027,152.878373683236,151.926255055868,155.641882012332,60
"1535",2028,153.968070326669,152.558202238095,157.997677202008,60
"1535",2029,155.258667295881,153.318198959934,160.754120142649,60
"1535",2030,157.074394302128,154.423875644366,164.473881467601,60
"1535",2031,159.803296372055,156.211862550847,169.954650707357,60
"1535",2032,162.705026238188,158.111257778907,175.860989990234,60
"1535",2033,166.61397895683,160.696702033089,183.900143177219,60
"1535",2034,169.621664245014,162.653951354897,190.172769284353,60
"1535",2035,173.812208197645,165.409180649808,198.969040379245,60
"1535",2036,179.525929321285,169.184249144634,211.110513355135,60
"1535",2037,185.132588235466,172.860148266566,223.213669073298,60
"1535",2038,191.621183603684,177.104750049324,237.431203132859,60
"1535",2039,196.971656365833,180.571049458033,249.252804845934,60
"1535",2040,203.687671775235,184.92235932875,264.314798479574,60
"1535",2041,210.255783444528,189.149587792702,279.220146266104,60
"1535",2042,218.467137607871,194.425026935493,298.183985046248,60
"1535",2043,226.553837586594,199.58955859414,317.091082559716,60
"1535",2044,232.40907440838,203.298920822504,330.7079501239,60
"1535",2045,239.979731605768,208.087206887046,348.676529200249,60
"1535",2046,248.717048333297,213.591916694913,369.755749706231,60
"1535",2047,256.342439320204,218.372268510049,388.190643315332,60
"1535",2048,264.574412324927,223.502780638496,408.387614705805,60
"1535",2049,270.454778657894,227.139635246138,422.62703470138,60
"1535",2050,278.993952262447,232.431799986266,443.860693119768,60
"1539",2026,100.728926743971,100.439890761748,101.375195779572,60
"1539",2027,101.965128015583,101.500236741306,103.029783166581,60
"1539",2028,103.568855531168,102.818274879881,105.345966443089,60
"1539",2029,105.480960573768,104.347700019244,108.241223101699,60
"1539",2030,107.619215687278,106.029826253454,111.577451974683,60
"1539",2031,110.423719937776,108.167365286941,116.194782008004,60
"1539",2032,113.061289450457,110.174430036468,120.565025299728,60
"1539",2033,116.32729842863,112.603359810017,126.196863317985,60
"1539",2034,120.257257247257,115.470588976354,133.215722717658,60
"1539",2035,124.653312614593,118.632032656983,141.290910794626,60
"1539",2036,128.825912650615,121.62477354526,149.021328227032,60
"1539",2037,132.769674791815,124.450694680092,156.356322370629,60
"1539",2038,137.164041882417,127.559477468852,164.724727275038,60
"1539",2039,142.024119166492,130.963203024787,174.169393766101,60
"1539",2040,147.56894552431,134.794166538451,185.229814962247,60
"1539",2041,152.272814629243,138.06413963885,194.528762372095,60
"1539",2042,156.793849921522,141.203690724882,203.487006883683,60
"1539",2043,160.367476634194,143.71698681681,210.379331762359,60
"1539",2044,165.540063281652,147.255849649478,220.920371571983,60
"1539",2045,172.284299200921,151.786477617391,235.169881546135,60
"1539",2046,176.558638802797,154.729465317867,243.780475165743,60
"1539",2047,180.785388272106,157.628264963235,252.34255870487,60
"1539",2048,184.676114216579,160.304878960416,260.157588254285,60
"1539",2049,190.5577168854,164.241335596337,272.680806988831,60
"1539",2050,197.829801614531,169.034000232177,288.64781972424,60
"1547",2026,32.0497041176448,31.8982117497395,32.4755833471438,60
"1547",2027,32.951099573371,32.7086749519932,33.6103201640954,60
"1547",2028,34.0587072765615,33.663532340124,35.083500288253,60
"1547",2029,35.1152784889885,34.5950274240022,36.4585698920831,60
"1547",2030,36.4875670980043,35.752509884992,38.3764085213925,60
"1547",2031,37.7297177294122,36.8224595627776,40.0708861245673,60
"1547",2032,39.0500156780048,37.9515008406534,41.9015978064209,60
"1547",2033,40.8475340780805,39.4145149396792,44.6236835597877,60
"1547",2034,42.6103688045126,40.8580109927919,47.2760975847263,60
"1547",2035,44.2032939329385,42.1863674325348,49.6010988220789,60
"1547",2036,46.003595869868,43.6623848422459,52.3137461113547,60
"1547",2037,47.8364789086981,45.1650642086264,55.0801026939183,60
"1547",2038,49.8270978069433,46.7744401962112,58.1650017085011,60
"1547",2039,51.8080799198016,48.38118194363,61.22328653559,60
"1547",2040,54.2497530401668,50.2980000374965,65.2183770103872,60
"1547",2041,55.9140901838574,51.6954965281395,67.6288491177168,60
"1547",2042,58.2381812666945,53.5346747150228,71.3903846969808,60
"1547",2043,60.6820219035965,55.4560587848865,75.3981650244168,60
"1547",2044,63.0004438178905,57.2902561138851,79.1642268297518,60
"1547",2045,65.2457128658079,59.0788122894546,82.7711076892664,60
"1547",2046,67.3937777458453,60.8063547956036,86.1642677904713,60
"1547",2047,69.2763909540204,62.3584441445318,88.9981966373749,60
"1547",2048,71.7805704769493,64.3188535547193,93.1549099655614,60
"1547",2049,74.2223616904874,66.2403088917799,97.1756951326022,60
"1547",2050,77.975381693986,69.0162151370734,104.042329643461,60
"1554",2026,64.9985746483994,64.5738782742307,65.6291948251655,60
"1554",2027,66.1556499664604,65.4429844585435,67.3245112400892,60
"1554",2028,67.4458297871636,66.4190384971482,69.2592180552245,60
"1554",2029,68.9538546582688,67.5481213743348,71.5981470141692,60
"1554",2030,70.807820305822,68.9151445338837,74.6046318757539,60
"1554",2031,72.7749256535149,70.3598547780134,77.8431599651569,60
"1554",2032,75.1916551198577,72.1065635818435,81.9940028965365,60
"1554",2033,77.4411733211091,73.7430638768846,85.8187636744067,60
"1554",2034,80.4398107462301,75.8748710867207,91.2127149704891,60
"1554",2035,83.2077817259666,77.8546630125926,96.1482780003377,60
"1554",2036,86.2821595035549,80.0359440814325,101.706012497401,60
"1554",2037,90.2325419179825,82.7818299661143,109.168554138048,60
"1554",2038,93.6985413289448,85.2107983647093,115.632742501929,60
"1554",2039,97.6732693489812,87.9649595321282,123.244034554467,60
"1554",2040,101.824335058081,90.8238144738476,131.310053030469,60
"1554",2041,106.026962360212,93.7103079360981,139.5424582867,60
"1554",2042,110.989313711207,97.0678468691349,149.587012950367,60
"1554",2043,113.556639739387,98.9230547411932,154.085035752667,60
"1554",2044,119.323496669805,102.767924634926,166.130896599184,60
"1554",2045,123.774192504902,105.785482815649,175.138333332493,60
"1554",2046,128.592985836253,109.024323062213,185.078949588574,60
"1554",2047,133.127217756227,112.081394427643,194.379211293069,60
"1554",2048,135.809919817558,113.997336080302,199.183497395713,60
"1554",2049,142.713050280124,118.492598184642,214.390198048254,60
"1554",2050,146.798430894813,121.256649943946,222.704372550132,60
"1557",2026,44.5036462568159,44.3572135357555,44.8296016686178,60
"1557",2027,44.3876785336656,44.1763391011811,44.877329298709,60
"1557",2028,44.5372656516627,44.2191208051312,45.3706236867252,60
"1557",2029,44.7341249029465,44.2973697731984,45.948001967739,60
"1557",2030,45.0683289311311,44.4590808384283,46.7705735101441,60
"1557",2031,45.4530138497855,44.6535034723691,47.7307646279751,60
"1557",2032,46.1749318177555,45.0897924871395,49.3606381870433,60
"1557",2033,46.9950293439284,45.5922316311576,51.220024119992,60
"1557",2034,47.9212768000837,46.1672652401631,53.3215521327877,60
"1557",2035,48.7577359638862,46.6754880775639,55.2632952243439,60
"1557",2036,49.7548771134488,47.2946711129361,57.5605116824878,60
"1557",2037,51.0448355291413,48.112838203236,60.5217408649466,60
"1557",2038,52.2096682539875,48.8390594928114,63.25648703278,60
"1557",2039,53.0655693612534,49.3485800723474,65.3466854923865,60
"1557",2040,54.3950924393387,50.1811508003564,68.5440182010502,60
"1557",2041,55.4741093004969,50.8404191718684,71.1783604115245,60
"1557",2042,56.4826350432409,51.447248516995,73.6728981074787,60
"1557",2043,57.837895516394,52.2823346076477,77.007381314147,60
"1557",2044,58.618274784823,52.7288234760218,78.9768711196294,60
"1557",2045,60.0547498974814,53.6058169951035,82.5388827487223,60
"1557",2046,61.121661478458,54.2337596365664,85.239235216168,60
"1557",2047,61.0601052308461,54.1248244193097,85.1754532267755,60
"1557",2048,62.8915932689027,55.2517310838927,89.7528588540762,60
"1557",2049,63.8926174263486,55.8323247665037,92.31646303422,60
"1557",2050,65.490266963767,56.8001030485632,96.3709713477155,60
"1560",2026,41.4029891580434,41.250637235955,41.9112249033021,60
"1560",2027,41.7276845816495,41.4713196331631,42.527192204211,60
"1560",2028,42.1394794351403,41.754854378016,43.3182152729216,60
"1560",2029,42.6593893187375,42.1145938384413,44.3092274301884,60
"1560",2030,43.3141809353737,42.5678632034251,45.5568439830383,60
"1560",2031,44.2537911009707,43.2171600833069,47.359082953624,60
"1560",2032,45.0270491829463,43.7517577345462,48.8511454609716,60
"1560",2033,45.9131179610553,44.3621722305213,50.5735463744019,60
"1560",2034,47.2078619272043,45.2482440333961,53.0534313099491,60
"1560",2035,48.5723827256605,46.1785408957081,55.7388298230093,60
"1560",2036,49.2292106661273,46.6361826604106,56.9900969695415,60
"1560",2037,50.8042347928342,47.7034039696066,60.1540879129951,60
"1560",2038,51.9493397926563,48.4843944877486,62.4308259385013,60
"1560",2039,53.7006257898551,49.6612687450289,66.0150243479954,60
"1560",2040,55.1600374853456,50.6475296850093,68.9814862399415,60
"1560",2041,56.0492223833731,51.258589619155,70.7238681650514,60
"1560",2042,57.8900196808682,52.4899546932363,74.5426642849133,60
"1560",2043,59.8865043811906,53.8158797162329,78.7431262298292,60
"1560",2044,61.6670666684214,54.9998346500082,82.4847989770009,60
"1560",2045,63.7911701884559,56.4022043888566,87.0240465949393,60
"1560",2046,64.6911826110771,57.0202072351868,88.7851983579472,60
"1560",2047,67.5402051070039,58.8772269618502,95.0434478824542,60
"1560",2048,69.677689616113,60.2767764482125,99.6968191387713,60
"1560",2049,71.9396262948778,61.7524014629969,104.665175987922,60
"1560",2050,74.2180828665501,63.2304210103171,109.717896386663,60
"1563",2026,71.1116227414905,70.8186561551699,72.5762728425164,60
"1563",2027,71.3233181288871,70.8638067782807,73.5007972478116,60
"1563",2028,71.6099896837975,70.9611108546333,74.5797502431723,60
"1563",2029,72.0595357882739,71.1726899726368,75.9773150441292,60
"1563",2030,72.8210830685807,71.6047817010705,77.8874954635264,60
"1563",2031,73.4615964120929,71.9439810453184,79.563362628576,60
"1563",2032,74.3982924936294,72.4894899480351,81.750091158147,60
"1563",2033,75.6081905404384,73.2221093452956,84.4184958992782,60
"1563",2034,76.9825495932831,74.0614570145864,87.3931760879933,60
"1563",2035,78.5122167276549,75.000835823882,90.660899666152,60
"1563",2036,80.0905077003703,75.9637064536152,94.0412945353008,60
"1563",2037,82.0604089930056,77.1884636242415,98.2121376720292,60
"1563",2038,84.3235638631054,78.6018083234147,103.147765894825,60
"1563",2039,86.5004895318809,79.9420094796398,108.196880235051,60
"1563",2040,89.6619247915233,81.9374365582571,115.672383348211,60
"1563",2041,92.2233503813343,83.5115390579543,122.008464017063,60
"1563",2042,95.2448472951833,85.3810261340967,129.561945450258,60
"1563",2043,98.2565729756587,87.2295854377806,137.210853560511,60
"1563",2044,101.393916277901,89.1450090078941,145.299540435032,60
"1563",2045,105.020494492272,91.3649030963928,154.77058842297,60
"1563",2046,107.587558381665,92.8761222645581,161.637012359182,60
"1563",2047,111.337016334231,95.1437999487054,171.695827943301,60
"1563",2048,114.303233275175,96.8879789946154,179.81284692415,60
"1563",2049,117.312750169672,98.6449322274344,188.156645051355,60
"1563",2050,120.004511403789,100.181660753438,195.752223385174,60
"1566",2026,75.1538923499807,74.9238697784085,76.5721144737057,60
"1566",2027,75.8546972997966,75.4647186497811,78.0127695244135,60
"1566",2028,76.805098379457,76.1801694098668,79.903078244315,60
"1566",2029,77.8830493787505,76.9329589816017,82.0365643449985,60
"1566",2030,79.1008406152382,77.8263181760937,84.4399121295665,60
"1566",2031,80.6681744608463,78.9617058249632,87.4965048617535,60
"1566",2032,82.1695798034754,80.0397569859945,90.4954292228065,60
"1566",2033,84.3265271946977,81.57738196276,94.9254004362424,60
"1566",2034,86.3899896651836,83.0369242997664,99.2290262702282,60
"1566",2035,88.1121409899088,84.2445623995242,102.879522468583,60
"1566",2036,90.1110802648929,85.6388349629958,107.14456298513,60
"1566",2037,92.6144372795732,87.3744121674461,112.532964925972,60
"1566",2038,95.5916961525808,89.4150721673071,119.012655693959,60
"1566",2039,98.3008841272908,91.2237068057502,124.98945059861,60
"1566",2040,101.356726955648,93.2467356220954,131.802810456187,60
"1566",2041,103.876992497881,94.9057652344865,137.489877083041,60
"1566",2042,106.932658322464,96.9055725030586,144.439243241951,60
"1566",2043,109.66204018411,98.6775872892538,150.719392201734,60
"1566",2044,113.308630372306,101.033033547786,159.172963759134,60
"1566",2045,115.562176570742,102.480193111662,164.44137472939,60
"1566",2046,119.252547945831,104.837506461811,173.140732904442,60
"1566",2047,121.726459354203,106.405848358012,179.020628952288,60
"1566",2048,125.274122553021,108.646858867918,187.517930232934,60
"1566",2049,128.869623027294,110.910075231139,196.185783646771,60
"1566",2050,132.133455130424,112.946070239398,204.137349036625,60
"1573",2026,28.4848347667792,28.423140631896,28.6963974612337,60
"1573",2027,28.7290187296526,28.6301627855593,29.0642360631743,60
"1573",2028,29.1225177545581,28.9424049646907,29.6829614041759,60
"1573",2029,29.6747960301043,29.3620153519901,30.6099792224421,60
"1573",2030,30.0161348708265,29.6313886247679,31.1644285908109,60
"1573",2031,30.5396137332461,30.0276094372213,32.062521139133,60
"1573",2032,31.1258745866424,30.4672943282699,33.0855735007539,60
"1573",2033,31.953516791833,31.0707549907566,34.5645496395994,60
"1573",2034,32.8349565129607,31.7094133039376,36.1380442351868,60
"1573",2035,33.7708738467323,32.3821759334506,37.8380640503271,60
"1573",2036,35.0923597487887,33.3119073204567,40.3482674455493,60
"1573",2037,36.3954971622556,34.2207363097498,42.870868009887,60
"1573",2038,37.3111145641759,34.8705863095026,44.605246605446,60
"1573",2039,38.5974224218677,35.7607653045944,47.14156504042,60
"1573",2040,39.9190835227768,36.670227156999,49.7785855084164,60
"1573",2041,41.5229468473276,37.7560765940443,53.0697205441249,60
"1573",2042,43.010556291814,38.7608761379213,56.1419289312109,60
"1573",2043,44.7889256243736,39.9479340837194,59.9000230295792,60
"1573",2044,46.4443555076973,41.0504419363789,63.4190728677041,60
"1573",2045,47.8465732169176,41.9827484942507,66.4004565167194,60
"1573",2046,49.0099362218216,42.7651708603066,68.8252364846015,60
"1573",2047,51.8476793970185,44.5949522285916,75.2924872682966,60
"1573",2048,52.5504724470302,45.0712714293903,76.6918940492785,60
"1573",2049,54.0757160700225,46.0661361290482,80.0850130234969,60
"1573",2050,56.1039316886868,47.3707450447099,84.7462373871558,60
"1576",2026,41.7786730479194,41.5378105632757,42.5890309291534,60
"1576",2027,42.2872089553372,41.8948795156741,43.5689428058496,60
"1576",2028,42.7554297346945,42.2234000255712,44.4574957182905,60
"1576",2029,43.5363730131958,42.7715951420855,45.940451299146,60
"1576",2030,44.3836433355393,43.3658428599019,47.5569277973854,60
"1576",2031,45.269292174405,43.9862944633863,49.2524630880728,60
"1576",2032,46.2945869882752,44.7013419054013,51.2272265605169,60
"1576",2033,47.2990737224727,45.4015906447017,53.1676738972853,60
"1576",2034,48.8886242831372,46.4982196103301,56.2830594964952,60
"1576",2035,50.4474813519986,47.5686077207259,59.3703198901408,60
"1576",2036,52.064892205584,48.673378213189,62.615398034678,60
"1576",2037,53.9678416520174,49.9645253905266,66.4899977361217,60
"1576",2038,55.1147391958115,50.7513198892827,68.7778565762139,60
"1576",2039,56.7869103572756,51.8813192784383,72.2059911470887,60
"1576",2040,58.8555316993403,53.2684330576342,76.5156428505186,60
"1576",2041,60.7066737830805,54.5070714673287,80.384666501497,60
"1576",2042,62.8167007976267,55.9107191298151,84.8503157485124,60
"1576",2043,64.2223286147061,56.8527319807293,87.7676256202283,60
"1576",2044,65.9477265778149,57.9998209719425,91.4114972742737,60
"1576",2045,68.0944602772353,59.4157622580674,96.02510271774,60
"1576",2046,69.3905606243821,60.2832023973444,98.7136844099592,60
"1576",2047,72.3882127426206,62.2337328027182,105.336835094525,60
"1576",2048,73.6943100260224,63.1006142734738,108.076843447658,60
"1576",2049,75.7901687616555,64.4687226516823,112.659909606475,60
"1576",2050,77.6084612727112,65.6579187718918,116.609791007427,60
"1577",2026,155.700094279703,154.862242757063,157.774711912977,60
"1577",2027,157.15473205238,155.901196023818,160.181529198298,60
"1577",2028,158.976566139623,157.177373388988,163.113622228094,60
"1577",2029,161.044223666961,158.630885349179,166.537954742778,60
"1577",2030,163.646799040802,160.444576450355,170.879956965588,60
"1577",2031,166.371324753863,162.354013026275,175.535187006672,60
"1577",2032,169.617309874022,164.605863521303,181.182069219307,60
"1577",2033,173.343629132109,167.168536099491,187.74787209525,60
"1577",2034,177.16471471897,169.802231202447,194.489142423443,60
"1577",2035,182.019085844325,173.082164906855,203.3146202515,60
"1577",2036,186.946281378706,176.413809435043,212.305387583503,60
"1577",2037,191.669407348614,179.624542356404,220.88941407691,60
"1577",2038,197.142112495991,183.28097887816,231.091415516871,60
"1577",2039,202.362595767126,186.782463832272,240.79567262887,60
"1577",2040,208.405983356306,190.765216372204,252.323555258621,60
"1577",2041,215.301032194342,195.236533262791,265.799114329847,60
"1577",2042,220.854160780732,198.905080932097,276.277609464891,60
"1577",2043,226.619952275742,202.783494184553,287.219317299109,60
"1577",2044,232.504600218409,206.739817026572,298.446295555119,60
"1577",2045,238.982312490195,211.064835549603,311.003350263343,60
"1577",2046,245.603338575558,215.471892158713,323.924469148534,60
"1577",2047,250.746522171435,218.928993119488,333.670625269257,60
"1577",2048,257.841058592043,223.617328530024,347.726950359876,60
"1577",2049,263.036865177972,227.089772430112,357.664695087314,60
"1577",2050,270.450390453475,231.965319642385,372.510732868547,60
"1578",2026,57.4828820794968,57.2509741166879,58.1715060284701,60
"1578",2027,57.8533968664005,57.4754713268292,58.9657965230913,60
"1578",2028,58.382662429939,57.8104351080917,60.059318911339,60
"1578",2029,59.1091812764526,58.2823052878472,61.5311049443706,60
"1578",2030,59.8787374058471,58.7817540428995,63.1022144067362,60
"1578",2031,60.7357255504772,59.3407847269632,64.87205540941,60
"1578",2032,62.0137212494311,60.1909188352471,67.4973884096668,60
"1578",2033,63.6075370631885,61.2553755685472,70.7996499780334,60
"1578",2034,65.0955887816583,62.2420450332712,73.9221324101177,60
"1578",2035,66.0141172689406,62.838903782003,75.8574813135428,60
"1578",2036,68.641311969577,64.5921196176976,81.4673006411636,60
"1578",2037,70.8872305476256,66.0789821557832,86.3305963051731,60
"1578",2038,72.7219102803607,67.2833182467322,90.3305461830043,60
"1578",2039,75.1260801142697,68.8653468384564,95.6361695400337,60
"1578",2040,77.773019989802,70.5915914589731,101.594308241758,60
"1578",2041,80.4613368711163,72.3429235364074,107.688635923699,60
"1578",2042,83.4286625741775,74.257617459955,114.55640361319,60
"1578",2043,86.7290124732047,76.384228259045,122.284129959192,60
"1578",2044,89.955082311722,78.4413690851962,129.96845649385,60
"1578",2045,92.6598117599334,80.158312937792,136.412487188692,60
"1578",2046,96.7588591770582,82.744525793684,146.496190573344,60
"1578",2047,100.51481296319,85.0929367879032,155.85847066017,60
"1578",2048,103.481837145781,86.9367321207266,163.240633669497,60
"1578",2049,106.035047594266,88.5067450590302,169.620105891424,60
"1578",2050,109.495979253577,90.6339905181587,178.462420014858,60
"1579",2026,156.577985575022,156.085969993391,158.167861261088,60
"1579",2027,157.318214862937,156.522656085488,159.902334340019,60
"1579",2028,158.317725394963,157.15769630365,162.07628445653,60
"1579",2029,159.558467724569,157.976287276653,164.602898769125,60
"1579",2030,161.335464805327,159.200071339708,168.32033686238,60
"1579",2031,163.450702911934,160.675557760312,172.707562379982,60
"1579",2032,165.923588913581,162.415255540956,177.831641203486,60
"1579",2033,168.615558693631,164.316252529065,183.424856215307,60
"1579",2034,171.80001961162,166.578031771602,190.068045228332,60
"1579",2035,175.391230018644,169.132790648924,197.621971477124,60
"1579",2036,179.468188341692,172.039483455104,206.173824850831,60
"1579",2037,183.750491279996,175.088609589012,215.208222885578,60
"1579",2038,188.109004350457,178.184556040924,224.474826103487,60
"1579",2039,192.700985177924,181.442702261368,234.304621705327,60
"1579",2040,197.981770765959,185.189235827346,245.709442098206,60
"1579",2041,203.690191204306,189.234564465573,258.141715246006,60
"1579",2042,208.372596256532,192.536301298491,268.356674892841,60
"1579",2043,213.957992236468,196.475093121844,280.666056182856,60
"1579",2044,219.058082845545,200.059020750874,291.942514778135,60
"1579",2045,225.201263465981,204.374023834775,305.683703992521,60
"1579",2046,231.868605730881,209.045172213102,320.752454989988,60
"1579",2047,238.47176374596,213.655995527185,335.788133277898,60
"1579",2048,243.823447946877,217.375606288332,347.949371569955,60
"1579",2049,248.71018183378,220.762132599287,359.050174942817,60
"1579",2050,257.378156232403,226.779934834818,379.315769315425,60
"1804",2026,425.934739979425,424.825034455675,430.482080895619,60
"1804",2027,429.516256270187,427.833942730229,436.711927089586,60
"1804",2028,433.905728334125,431.515463581886,444.267469474014,60
"1804",2029,438.918794224849,435.611716794559,452.84719711126,60
"1804",2030,445.013472193893,440.552879561085,463.313617364662,60
"1804",2031,451.942288544002,446.144131354867,475.256593995953,60
"1804",2032,459.696594228429,452.374532702918,488.685208965188,60
"1804",2033,468.660458829891,459.529033171959,504.337485198615,60
"1804",2034,478.049323703824,467.011477878902,520.790466129527,60
"1804",2035,489.05751746281,475.717074162407,540.32600381471,60
"1804",2036,500.65091083454,484.864701672184,561.009305615644,60
"1804",2037,513.311941975863,494.809682630245,583.790337182571,60
"1804",2038,526.882470191422,505.424370398744,609.057906860262,60
"1804",2039,541.238469691595,516.615601599004,636.129523560427,60
"1804",2040,556.923269227706,528.776336867011,666.134139408125,60
"1804",2041,573.059032040201,541.254998055765,697.259187843629,60
"1804",2042,590.528013788858,554.692217475533,731.482146683442,60
"1804",2043,607.341435724087,567.634271219032,764.439846488935,60
"1804",2044,624.949476778949,581.134719730754,799.323845875626,60
"1804",2045,646.155698884012,597.218969117434,842.479527805463,60
"1804",2046,666.000590587044,612.287254452493,882.846215445379,60
"1804",2047,687.092385924806,628.224865000073,926.311706967287,60
"1804",2048,707.158037385311,643.396647199103,967.656252197066,60
"1804",2049,729.026733458323,659.8291107328,1013.44600803239,60
"1804",2050,755.453945021164,679.476740220369,1070.30910528722,60
"1806",2026,285.100293586431,283.720836091153,287.926352462958,60
"1806",2027,288.04093963578,285.927483537409,292.485341668025,60
"1806",2028,291.65292883484,288.590948772793,298.244676766601,60
"1806",2029,295.566517056831,291.449433584624,304.63776302069,60
"1806",2030,299.825031957549,294.53092180409,311.72130146407,60
"1806",2031,305.441467790569,298.536841723913,321.374417870334,60
"1806",2032,311.452024892615,302.791390275284,331.945346347869,60
"1806",2033,317.84557907387,307.284593977172,343.388065022292,60
"1806",2034,324.962667114468,312.240599872705,356.365590219687,60
"1806",2035,332.740082111194,317.613280045535,370.776485312695,60
"1806",2036,342.274112762157,324.133498416661,388.89227505061,60
"1806",2037,351.780281010833,330.601230629762,407.154538744117,60
"1806",2038,361.378687147201,337.092788166105,425.809402490064,60
"1806",2039,371.593007181416,343.955892544362,445.948459921186,60
"1806",2040,382.362910849433,351.147061798205,467.474185621502,60
"1806",2041,394.763389183296,359.36134363221,492.755896663975,60
"1806",2042,406.104245066837,366.845790601341,515.974554414937,60
"1806",2043,417.15511957102,374.103189193701,538.766174475888,60
"1806",2044,428.764076183718,381.688211156507,562.981317736263,60
"1806",2045,441.559896794234,389.991086882493,590.106870679362,60
"1806",2046,455.374912386072,398.905043536848,619.799695374945,60
"1806",2047,467.461342130335,406.678793713989,645.761177748477,60
"1806",2048,479.301474246994,414.255162098686,671.367426329553,60
"1806",2049,491.066877444255,421.75358121979,696.967221104935,60
"1806",2050,503.488640878641,429.634389093813,724.282127453377,60
"1811",2026,42.8233279584765,42.2594501708973,43.3358624154481,60
"1811",2027,42.5783632182264,41.7729503549347,43.4276180720448,60
"1811",2028,42.2742111623946,41.2368441109047,43.4308952801665,60
"1811",2029,42.1033271574565,40.8136576421364,43.7130219808391,60
"1811",2030,42.0120952166484,40.4582750852733,44.1673446784763,60
"1811",2031,42.2264361766675,40.3621073206144,45.2455254561066,60
"1811",2032,42.6810104328271,40.3790517932833,46.8660087248412,60
"1811",2033,42.6480791428014,40.0334395341002,47.5062185790824,60
"1811",2034,43.2071459214422,40.0922947277167,49.4290547319448,60
"1811",2035,43.6672804680994,40.080411309853,51.1742574770201,60
"1811",2036,43.9008651695801,39.9070770771876,52.461163448547,60
"1811",2037,45.3283172773561,40.5228313871171,56.4961262576906,60
"1811",2038,45.8140923285943,40.5064510348581,58.4369782128701,60
"1811",2039,46.1259470623099,40.3717949697658,59.9965153103762,60
"1811",2040,47.8797845502058,41.1805472505842,65.0533458548826,60
"1811",2041,47.8897388944121,40.8411540018218,65.9377388939342,60
"1811",2042,49.3738135390846,41.4605280560857,70.4820119322524,60
"1811",2043,49.066641604562,40.9132682228982,70.5846084142872,60
"1811",2044,50.7720247353287,41.6667891125584,75.7860164046454,60
"1811",2045,50.9008928732795,41.3935989380477,77.045062613963,60
"1811",2046,49.8929308284158,40.3849958682605,75.4169903190236,60
"1811",2047,51.5947936228219,41.1254338719583,80.7061023700006,60
"1811",2048,51.9234984614565,40.9778546246369,82.5039682156305,60
"1811",2049,52.0208434737946,40.6728689547216,83.7658763057082,60
"1811",2050,51.62304723918,40.0506981103611,83.7369779708622,60
"1812",2026,26.3350227537263,26.1522266989819,27.0534313921718,60
"1812",2027,26.9803795053067,26.7167549394643,28.0789631737944,60
"1812",2028,27.7552403241846,27.3887839270434,29.3463048780754,60
"1812",2029,28.4035725940283,27.9506980084452,30.3842298327587,60
"1812",2030,29.2232258111693,28.6533145576096,31.7401993821028,60
"1812",2031,30.1416737585794,29.4071805451186,33.2891126813526,60
"1812",2032,31.4685384794433,30.4446297644619,35.6218436564026,60
"1812",2033,32.6146514626236,31.3522761075002,37.6233457249494,60
"1812",2034,33.7334472391471,32.2385909613459,39.5786416219822,60
"1812",2035,35.0222420532397,33.2376909610559,41.883961183963,60
"1812",2036,36.2223577657189,34.1769956815013,44.0136050960241,60
"1812",2037,38.1015267434063,35.5760962039062,47.529220642109,60
"1812",2038,39.3772767673666,36.5640070743574,49.829037675799,60
"1812",2039,41.0130694453035,37.7931546070638,52.8808303003678,60
"1812",2040,42.6115112493854,38.9915343881093,55.8795011063407,60
"1812",2041,44.311128929755,40.2551534904514,59.1043534523739,60
"1812",2042,45.6524350825801,41.2791242219482,61.5768057466483,60
"1812",2043,47.5901595867868,42.6966226082561,65.3326815482777,60
"1812",2044,49.1366929784492,43.8488973194313,68.2749014942896,60
"1812",2045,50.7313471929707,45.0363298773066,71.3122687915027,60
"1812",2046,53.7164199896268,47.1248392317232,77.4358387551702,60
"1812",2047,55.1516078484372,48.1987024661487,80.1626827634275,60
"1812",2048,57.2052773664727,49.6662595572612,84.2965233361032,60
"1812",2049,61.0607619720226,52.2947918949025,92.5235708044219,60
"1812",2050,62.0680093357319,53.0828338742433,94.3180527286644,60
"1813",2026,111.273463897962,109.611403725289,112.170809736689,60
"1813",2027,112.510894201414,110.243066380609,114.018949662167,60
"1813",2028,114.045915095651,111.183074132741,116.389200973258,60
"1813",2029,115.866078601753,112.418639796868,119.270027632833,60
"1813",2030,117.950615305778,113.85297566576,122.662637984724,60
"1813",2031,120.335469540457,115.371980537871,126.624649613468,60
"1813",2032,122.929816379373,117.0467011283,131.006892627279,60
"1813",2033,125.705195012758,118.844317981704,135.758931064723,60
"1813",2034,129.238499346345,121.560381746892,141.988942162805,60
"1813",2035,132.760143552709,124.297116643603,148.252951199936,60
"1813",2036,136.792404545768,127.018044012813,155.578942476372,60
"1813",2037,141.752045315605,130.326968462498,164.958122965593,60
"1813",2038,146.33470961062,133.370385992713,173.649252941066,60
"1813",2039,151.12625129752,136.549782566464,182.850204606201,60
"1813",2040,156.022612050714,139.791785891477,192.354242844269,60
"1813",2041,162.744521236917,144.25764722914,205.928187627827,60
"1813",2042,168.071618882095,147.7726130966,216.559924837919,60
"1813",2043,174.645757551253,151.842770697903,230.089088968926,60
"1813",2044,180.743328334899,155.666162174564,242.682866838034,60
"1813",2045,187.66833602104,160.013557314618,257.306364597748,60
"1813",2046,194.391362394654,164.211505101884,271.622272010016,60
"1813",2047,201.482132625085,168.614136933055,286.946182160467,60
"1813",2048,208.174880105165,172.748393584879,301.481401975088,60
"1813",2049,216.771093137337,178.012511366123,320.785650425821,60
"1813",2050,225.141356050411,183.104389070983,339.789587955479,60
"1815",2026,27.2434234528145,26.8653474488861,27.532533064708,60
"1815",2027,27.4742787374163,26.9642714600238,27.990653276864,60
"1815",2028,27.7331493798143,27.1094972442065,28.4994352284717,60
"1815",2029,28.0598144310883,27.336790430432,29.128033299128,60
"1815",2030,28.4683057484889,27.6437562403118,29.9152843805194,60
"1815",2031,29.0798890289716,28.0300540058146,31.1123596152304,60
"1815",2032,29.6774869820009,28.3978121903331,32.3096919943892,60
"1815",2033,30.219083150294,28.7099518971562,33.4134767477559,60
"1815",2034,30.8211707250244,29.0250345724683,34.6443194871731,60
"1815",2035,31.6724823650996,29.4696114014235,36.4087505008995,60
"1815",2036,32.143160633419,29.7001008805721,37.4081857512093,60
"1815",2037,33.6528906819111,30.4901421519385,40.6081911624068,60
"1815",2038,34.0617039072841,30.6799313029882,41.4985235243592,60
"1815",2039,34.3742313585255,30.80845155108,42.2075874057766,60
"1815",2040,36.4683752983968,31.8856973028929,46.7957154085228,60
"1815",2041,37.2802212807379,32.2690159957263,48.6324327233917,60
"1815",2042,38.4960849894104,32.856714877879,51.4042674669066,60
"1815",2043,38.5807205071225,32.8612627145534,51.6021617845388,60
"1815",2044,38.98234328167,33.017779370549,52.5552614510591,60
"1815",2045,41.1650760817364,34.1356337181818,57.6059848272688,60
"1815",2046,41.6742627587239,34.3501761053265,58.8009480997815,60
"1815",2047,43.4578063783215,35.3246073378573,63.0654733025706,60
"1815",2048,44.4382639331541,35.8095557445399,65.4735198019691,60
"1815",2049,45.2098282869391,36.1736050347198,67.3488221689232,60
"1815",2050,45.7287058459261,36.3754496070271,68.654192138793,60
"1816",2026,6.52912821271228,6.33302217044367,6.61415598499213,60
"1816",2027,6.76405240698087,6.489890832245,6.89823576006763,60
"1816",2028,6.95172530163772,6.60372806684524,7.09977262034893,60
"1816",2029,7.21633837757609,6.7872196876885,7.43243638301583,60
"1816",2030,7.54183331300428,7.02527577005519,7.86520721446899,60
"1816",2031,7.98036660366417,7.36678998477515,8.51560926788083,60
"1816",2032,8.71237200522983,7.97653798176969,9.7509135605704,60
"1816",2033,9.20885591057247,8.3358058056394,10.5384272999294,60
"1816",2034,9.38409295913049,8.46984383718122,10.6800732281686,60
"1816",2035,9.78707558129519,8.76504936530839,11.2707959065396,60
"1816",2036,10.6146285603772,9.35411148321931,12.7507133683106,60
"1816",2037,11.5377778956702,10.0069215352679,14.4752899615118,60
"1816",2038,11.9538435331525,10.3103100772873,15.1028707449514,60
"1816",2039,12.5117383152082,10.7089331017202,16.0417643431339,60
"1816",2040,13.53158916044,11.415434607956,18.027928042743,60
"1816",2041,13.9024858918174,11.6901589477962,18.5420434088908,60
"1816",2042,14.8408162883822,12.3380992208252,20.3878968556011,60
"1816",2043,15.0734494856924,12.521965821563,20.5724404072302,60
"1816",2044,15.5655294240856,12.8782597656776,21.3581380739471,60
"1816",2045,15.4731204176481,12.8418364900375,20.8326913832176,60
"1816",2046,16.1818719616594,13.3430231892191,22.1057284277208,60
"1816",2047,17.8231934873283,14.4619922998601,25.5662655893174,60
"1816",2048,16.8359876579683,13.8333260577496,22.9430090358512,60
"1816",2049,16.3288012027297,13.5172526416601,21.5057519793777,60
"1816",2050,17.644914223192,14.4274348150412,24.1282566459915,60
"1818",2026,39.4806943653594,38.2789610197198,39.7363224055269,60
"1818",2027,39.8619558822245,38.1770349678155,40.3259988675733,60
"1818",2028,40.4247405352761,38.2340928476514,41.2339032212312,60
"1818",2029,40.9691980271089,38.2951389243111,42.1148065653596,60
"1818",2030,41.7383925322516,38.5799426373113,43.4120041372789,60
"1818",2031,42.5131773060832,38.8689909905809,44.7182384713945,60
"1818",2032,43.7946697765949,39.6799725353061,47.0200566727146,60
"1818",2033,44.9565230241989,40.3723676918822,49.1059140895999,60
"1818",2034,46.2003921395982,41.1515979374796,51.36405254846,60
"1818",2035,47.4769145984695,41.9693995032114,53.7046622902356,60
"1818",2036,48.540052545614,42.5646706561873,55.6153660510548,60
"1818",2037,50.364639468034,43.9725784697369,59.128985332176,60
"1818",2038,52.4415376277748,45.667231410748,63.2374711860867,60
"1818",2039,53.937031371205,46.7257791298886,66.1060079466977,60
"1818",2040,55.6694261579992,47.8278332007351,69.502946944047,60
"1818",2041,56.5134805193306,48.2370798404697,70.9465774602586,60
"1818",2042,59.7725051258409,50.4991924110869,77.7654710291975,60
"1818",2043,61.8148737463326,51.8170065354171,81.9124422662172,60
"1818",2044,64.1649278506732,53.3696426369733,86.7568540881054,60
"1818",2045,66.795162640602,55.1344825944763,92.3053907321297,60
"1818",2046,68.4933982706947,56.1936436147577,95.7348222113295,60
"1818",2047,70.5569260633519,57.5298475919333,100.02682856228,60
"1818",2048,73.8859889953458,59.5549882679976,107.314544098468,60
"1818",2049,76.7833379503021,61.1275634620267,113.69811431002,60
"1818",2050,78.4150827109662,62.0701408429534,116.99638545867,60
"1820",2026,113.614631015743,112.706463899924,114.515845811369,60
"1820",2027,115.412756609639,114.074293006484,116.983947734068,60
"1820",2028,117.34577105812,115.524869764491,119.696636300131,60
"1820",2029,119.964700978956,117.56795330378,123.65672730205,60
"1820",2030,122.810382588237,119.751575933117,128.056615142452,60
"1820",2031,125.927640202934,122.14002947295,132.998584524322,60
"1820",2032,129.359612916649,124.768630691785,138.569326617697,60
"1820",2033,133.101106129682,127.629802731801,144.785638122559,60
"1820",2034,137.536295762801,131.005453553957,152.416099568711,60
"1820",2035,142.310453119239,134.439571412512,160.794722004659,60
"1820",2036,146.811301166121,137.682012513634,168.615012264119,60
"1820",2037,152.43481454891,141.654330005156,178.771690632378,60
"1820",2038,156.681993586613,144.712367989201,186.192111044231,60
"1820",2039,162.504487082221,148.790491471824,196.950696046411,60
"1820",2040,168.584239856644,153.016493055648,208.364451144689,60
"1820",2041,174.394609590135,157.053150871664,219.293856162205,60
"1820",2042,180.562483085346,161.305142789424,231.133784226934,60
"1820",2043,185.797411002989,164.950801204575,240.974911414089,60
"1820",2044,192.242878712169,169.351169552372,253.604368505098,60
"1820",2045,198.595586209634,173.675764160566,266.123871464759,60
"1820",2046,203.846380955407,177.293096559036,276.197414661421,60
"1820",2047,210.3253107779,181.6724232129,289.148550483203,60
"1820",2048,216.314931978108,185.72695367578,301.062523849654,60
"1820",2049,222.898234269208,190.144262958492,314.414606191274,60
"1820",2050,232.645743091625,196.524030582768,335.305533871431,60
"1822",2026,25.3088734385095,25.1699665681951,25.4802095883726,60
"1822",2027,25.8999120327918,25.6951895793594,26.186125764685,60
"1822",2028,26.5785357922103,26.2938117756471,27.0352080719817,60
"1822",2029,27.2950040123999,26.923867940325,27.9456597903918,60
"1822",2030,28.1137547344496,27.619103598962,29.0298297422111,60
"1822",2031,29.0932896405946,28.4285568081501,30.4015008202438,60
"1822",2032,30.1249600000199,29.2737439232355,31.8744737005186,60
"1822",2033,31.3641398477203,30.2635413360393,33.7352722664385,60
"1822",2034,32.7911475698314,31.3804951931428,35.9670283790899,60
"1822",2035,34.360549354337,32.5913762248774,38.4968632920318,60
"1822",2036,35.589909031535,33.571054619544,40.3712446363336,60
"1822",2037,37.7393971070218,35.1662239482515,44.1040574368635,60
"1822",2038,39.3415347048545,36.392225442689,46.7575848429933,60
"1822",2039,41.2727871604983,37.8348438501232,50.1077113145255,60
"1822",2040,43.1471708705541,39.2358206683919,53.3666504978396,60
"1822",2041,45.2290125414035,40.7707338321329,57.0875767963365,60
"1822",2042,47.795101105136,42.6122393058771,61.9114048542123,60
"1822",2043,49.995917130018,44.2151917665436,65.9626545948405,60
"1822",2044,51.4352761037287,45.3267237031837,68.3276622936899,60
"1822",2045,54.2494914605952,47.3144115698121,73.8118949541843,60
"1822",2046,55.9815124632179,48.6081441461208,76.8630857671237,60
"1822",2047,59.0123801976201,50.7210056333365,82.936236375518,60
"1822",2048,60.6353311629562,51.9402782807978,85.763178932247,60
"1822",2049,62.2036014013226,53.1251613122271,88.4621172913764,60
"1822",2050,64.6478789515846,54.8531978160404,93.2541860407552,60
"1824",2026,214.972715180144,213.813760936526,217.040527431378,60
"1824",2027,216.417704091925,214.658983755738,219.591110297646,60
"1824",2028,218.36777242221,215.78802804246,223.098738139631,60
"1824",2029,220.643927346544,217.092504111233,227.253376606208,60
"1824",2030,223.911832388317,218.959009079634,233.321558081531,60
"1824",2031,227.316195159874,220.940755617029,239.737188411046,60
"1824",2032,230.974002920762,223.400639280866,246.730833716559,60
"1824",2033,234.821009843586,226.001590646031,254.179676816966,60
"1824",2034,239.686776965638,229.401691350996,263.732189274604,60
"1824",2035,246.042941050536,233.926523050251,276.423607875065,60
"1824",2036,251.706972445981,237.882564630935,287.873890963499,60
"1824",2037,257.464049481218,241.8993383761,299.63512719089,60
"1824",2038,263.772990740476,246.327020801866,312.694184292307,60
"1824",2039,270.995764350369,251.246364651746,327.865346692511,60
"1824",2040,279.593743998752,256.787938033367,346.230491859972,60
"1824",2041,287.631373342908,261.932297397005,363.575024728867,60
"1824",2042,294.520326393942,266.295464603885,378.55505279163,60
"1824",2043,303.117280280097,271.734649888128,397.531554485194,60
"1824",2044,310.476845009122,276.349594592912,413.862171760035,60
"1824",2045,320.735278144847,282.784953529305,437.062481573168,60
"1824",2046,330.766263182222,289.030993290016,460.017766967269,60
"1824",2047,340.504791799521,295.056062671871,482.516893107111,60
"1824",2048,351.37365825864,301.751667274418,507.979217612703,60
"1824",2049,360.873128054093,307.552448601325,530.36835103649,60
"1824",2050,374.373687579741,315.806454421052,562.834452003825,60
"1825",2026,18.3255895497314,18.2827078039929,18.5820845378536,60
"1825",2027,18.6286435496061,18.5254534507319,19.0890358345657,60
"1825",2028,18.8613761586429,18.7127544937691,19.4896457297689,60
"1825",2029,19.2574242709555,19.0222861530525,20.162494933579,60
"1825",2030,19.6336258240348,19.3145364507548,20.8110289766149,60
"1825",2031,19.813174647198,19.4577623885186,21.1348474675869,60
"1825",2032,20.3997487517832,19.9049195230859,22.1455960362585,60
"1825",2033,20.8937714067433,20.2792825610923,23.0566405268917,60
"1825",2034,21.3206152625069,20.6019977117197,23.8514158280677,60
"1825",2035,22.076598472562,21.1657362460772,25.3104610277721,60
"1825",2036,22.1436138210395,21.2233806974857,25.389452576913,60
"1825",2037,23.0698110286414,21.9074758618953,27.2548807468697,60
"1825",2038,24.3668846211379,22.8532566617507,29.9926532536195,60
"1825",2039,24.8673603712055,23.2199940180418,31.0131500573515,60
"1825",2040,25.520041145675,23.6963673311105,32.3730848173205,60
"1825",2041,26.0753848569238,24.1016688072535,33.5225020400411,60
"1825",2042,27.0493761661876,24.7999511303303,35.6555099064239,60
"1825",2043,27.9312383177131,25.4294943872048,37.602457799721,60
"1825",2044,28.634415526385,25.9337497934098,39.1315318637191,60
"1825",2045,29.7597528461797,26.7287969241881,41.6987216485038,60
"1825",2046,29.9418112256049,26.8604721195326,42.0225402090483,60
"1825",2047,31.8113364338016,28.1684998951696,46.4461732208178,60
"1825",2048,32.2802782711915,28.4935847445742,47.4982204613685,60
"1825",2049,32.9620605703952,28.9685714771132,49.0649343500557,60
"1825",2050,33.6676160921406,29.4580956605879,50.7024143153713,60
"1826",2026,20.0693242550451,19.95189551195,20.2997760381822,60
"1826",2027,20.2115183241813,20.0261321463816,20.6332954636259,60
"1826",2028,20.3760695047207,20.1099018158842,21.0163517259091,60
"1826",2029,20.5807292967724,20.21522353446,21.4867610992714,60
"1826",2030,20.872813935344,20.3887805819188,22.1468314083888,60
"1826",2031,21.1252705672325,20.5309751892767,22.7302489574881,60
"1826",2032,21.6743678189919,20.8811103847736,23.895675422583,60
"1826",2033,22.0869979232445,21.1251214236897,24.8029781727819,60
"1826",2034,22.6021748129087,21.4301072952959,25.9372981697691,60
"1826",2035,23.2273684005981,21.8034547667696,27.3181611551453,60
"1826",2036,23.2738040683094,21.8009667918923,27.4872240962539,60
"1826",2037,24.1059219131517,22.3036414415993,29.3271068860088,60
"1826",2038,24.186838591869,22.3188874969492,29.5806924964268,60
"1826",2039,24.6829062805209,22.6031866717447,30.7157888960838,60
"1826",2040,24.7884056849681,22.6313889470454,31.0310084118636,60
"1826",2041,25.3877139783558,22.9789976826383,32.3997496046149,60
"1826",2042,26.1718317943809,23.438208266878,34.1984804695501,60
"1826",2043,26.6833124955837,23.7249560389393,35.4007580317818,60
"1826",2044,26.3793209963613,23.4872268255606,34.8321342446833,60
"1826",2045,26.8193888177467,23.7263440663517,35.8831386536519,60
"1826",2046,27.5203765924989,24.1249443471469,37.532174028717,60
"1826",2047,28.5077219670804,24.7009798001346,39.8396374817654,60
"1826",2048,28.9593941970581,24.9363103620037,40.9629095971828,60
"1826",2049,29.507045317449,25.2354779360709,42.2912156229385,60
"1826",2050,29.7630668172506,25.3445354134656,42.9854061813772,60
"1827",2026,32.3871356697168,32.1242472370806,32.6816936397377,60
"1827",2027,32.2952379991322,31.8783581819371,32.8229437127351,60
"1827",2028,32.180441194279,31.6178853022726,32.9326383426036,60
"1827",2029,31.9707707506863,31.2941803350646,32.8678064947758,60
"1827",2030,32.254102989501,31.3205109507639,33.7551879588872,60
"1827",2031,32.3805136386427,31.2318496246665,34.3647007278541,60
"1827",2032,32.6079947114046,31.2095727633913,35.1822710471462,60
"1827",2033,32.8369640039597,31.1851678961276,36.0243321008837,60
"1827",2034,33.151003884687,31.2168458921516,37.0602119548964,60
"1827",2035,33.4832038043063,31.2655263455196,38.1416326072072,60
"1827",2036,34.1778107938075,31.5280400149576,40.0332805553524,60
"1827",2037,35.0688158485467,31.9094994400268,42.4086601295814,60
"1827",2038,35.4539749068309,31.9696132437564,43.6615346308611,60
"1827",2039,35.8719216579272,32.0488127521907,44.9989368288617,60
"1827",2040,37.0172670573494,32.5735570945951,48.0795525672796,60
"1827",2041,37.0465296557468,32.4045779195721,48.5383241483526,60
"1827",2042,38.1215782378888,32.8785778946884,51.5103294496464,60
"1827",2043,39.0172840979236,33.2426379294718,54.0654458717431,60
"1827",2044,40.1219558045072,33.7253367514226,57.1940753590443,60
"1827",2045,40.7046029844192,33.8827431745273,59.0710950314494,60
"1827",2046,41.393273535716,34.1073603740525,61.2034716174897,60
"1827",2047,42.72969493071,34.7185641371588,65.0159326343498,60
"1827",2048,43.3206253636771,34.8795107179493,66.9345742561006,60
"1827",2049,44.9654325073293,35.6659838228348,71.6331261702685,60
"1827",2050,46.2678216088054,36.2433700324484,75.4838110740179,60
"1828",2026,38.8184814768737,38.1490607785636,39.0340197063597,60
"1828",2027,38.8885997879864,37.9576425328659,39.2337428191382,60
"1828",2028,38.985965861007,37.7864520946869,39.4555312780581,60
"1828",2029,39.328873150691,37.8667562240901,40.0753450346146,60
"1828",2030,39.6178000699195,37.8836516612339,40.5856963723041,60
"1828",2031,40.1015074825115,38.0979153354088,41.4175555966767,60
"1828",2032,40.5921616585554,38.3166807144221,42.2592891271706,60
"1828",2033,41.2208801238181,38.6740647229727,43.3261913006745,60
"1828",2034,41.8885560181859,39.0703358434019,44.4566979606569,60
"1828",2035,42.6494808222692,39.5604191908129,45.7406869796667,60
"1828",2036,43.6751289490354,40.3325438103043,47.5098404364657,60
"1828",2037,44.6178228659948,41.0100373208206,49.1090320121471,60
"1828",2038,45.4901399534064,41.6107604201346,50.5742454177244,60
"1828",2039,46.1649596586731,41.9902105372765,51.6424257335571,60
"1828",2040,47.5603021020206,43.1532996229123,54.0862386898748,60
"1828",2041,49.3743890358834,44.4597188363755,57.3732149089333,60
"1828",2042,50.368251063427,45.1026842002133,59.0424133666982,60
"1828",2043,51.5375353211448,45.8803582481462,61.0562863866895,60
"1828",2044,53.2508544286878,47.06376053687,64.1615214777521,60
"1828",2045,54.7390694289584,48.0697288841491,66.8277181237038,60
"1828",2046,56.1568866981299,49.0259777790618,69.3427859984305,60
"1828",2047,58.9670166065581,51.0054168105504,74.7632859040795,60
"1828",2048,60.7346749025468,52.1318970558014,78.0429571551065,60
"1828",2049,61.8470987108068,52.8480213776186,79.9601437093642,60
"1828",2050,63.9947092841359,54.1314353235,84.0522831391276,60
"1832",2026,104.206189323609,103.772924416007,105.250959708152,60
"1832",2027,104.95213440668,104.256577761958,106.664016985177,60
"1832",2028,105.903824178581,104.876549511349,108.481644648068,60
"1832",2029,107.144861782044,105.691720016895,110.878547984369,60
"1832",2030,108.551309090437,106.612991718691,113.642331181333,60
"1832",2031,110.488183663633,107.894892938464,117.479735551237,60
"1832",2032,112.66293769941,109.314934473403,121.861312265998,60
"1832",2033,114.938027252152,110.786010398947,126.512416261315,60
"1832",2034,117.683470431469,112.557764277565,132.204753053532,60
"1832",2035,121.004784233579,114.694743572432,139.204492353191,60
"1832",2036,123.993534331816,116.59633203854,145.593414340743,60
"1832",2037,127.555445504602,118.85355502527,153.333445532833,60
"1832",2038,130.677112216461,120.805576528251,160.207126094304,60
"1832",2039,134.074093758045,122.921073531091,167.777366269793,60
"1832",2040,138.778233828238,125.861089072637,178.423040027099,60
"1832",2041,142.097823493922,127.886754986362,186.03821038834,60
"1832",2042,145.08463009075,129.692162876253,192.926559069803,60
"1832",2043,149.457013108134,132.357838473689,203.169531256447,60
"1832",2044,152.03110747333,133.874916220402,209.216495342405,60
"1832",2045,158.425945319231,137.77915744074,224.533227318492,60
"1832",2046,162.35018974109,140.115749220763,234.002342672364,60
"1832",2047,165.529397205937,141.964000881272,241.759266140478,60
"1832",2048,171.665359603465,145.645568310738,256.889806596713,60
"1832",2049,177.322755608442,149.0051714478,271.013079919956,60
"1832",2050,183.859354337515,152.881507954296,287.55728768451,60
"1833",2026,294.787322495237,293.532456809897,297.940788048316,60
"1833",2027,301.843111520197,299.842225244696,307.091209030242,60
"1833",2028,309.524329741998,306.619771561883,317.400781571695,60
"1833",2029,317.854339490307,313.679206301989,328.940615468457,60
"1833",2030,327.270795504797,321.407626968748,342.541832130898,60
"1833",2031,336.891561353575,329.243875418452,356.610267307239,60
"1833",2032,347.636825938247,337.776931670893,372.87748303986,60
"1833",2033,359.340455920258,347.124322792493,391.085024525176,60
"1833",2034,372.122314077266,357.189035251733,411.512783645736,60
"1833",2035,386.281103320653,368.164255838009,434.81980561964,60
"1833",2036,399.834698668608,378.704523560507,457.074820009899,60
"1833",2037,415.300843740258,390.505964011152,483.360143583271,60
"1833",2038,431.56857942703,402.807240244076,511.511021447113,60
"1833",2039,448.377240525998,415.430084989639,541.01847615896,60
"1833",2040,466.579534603613,428.934736296588,573.716696539283,60
"1833",2041,484.332853918041,442.096408483673,605.731858203251,60
"1833",2042,502.869262968727,455.726305522575,639.6990614359,60
"1833",2043,522.285266915605,469.877063369835,675.890157513195,60
"1833",2044,542.134239384474,484.256219464909,713.34683930424,60
"1833",2045,563.973031375255,499.864238660984,755.60423098933,60
"1833",2046,583.415547241059,513.870350572338,792.783608440234,60
"1833",2047,606.573399529066,530.200096319086,838.799342660245,60
"1833",2048,630.523736457685,546.968418193791,887.083376507726,60
"1833",2049,653.539981790964,563.07160424826,933.625800576095,60
"1833",2050,680.031534899434,581.302361940378,988.849563643003,60
"1834",2026,70.3075562532652,69.235723072537,70.7107762527664,60
"1834",2027,70.6871434894086,69.1757268281496,71.4137604025104,60
"1834",2028,71.1083719105175,69.1516113343307,72.1829654702383,60
"1834",2029,71.7529970903338,69.3197350583888,73.340643307466,60
"1834",2030,72.7008300545256,69.7494029110134,75.033660544884,60
"1834",2031,73.4482942731449,70.0069516520479,76.3874890195884,60
"1834",2032,74.0570698848379,70.1449410918689,77.4948230332986,60
"1834",2033,75.1418104785769,70.69422038699,79.471586110113,60
"1834",2034,76.8990228580821,71.826230012195,82.7324792164698,60
"1834",2035,78.9308841413907,73.1984480595191,86.5463956245044,60
"1834",2036,80.4807016317403,74.1540542926143,89.4812312697694,60
"1834",2037,80.8500642821004,74.0839043051751,90.1312488949876,60
"1834",2038,83.1628774410326,75.6927414727953,94.5466638671495,60
"1834",2039,85.8024730788281,77.4528069172068,99.6814306042135,60
"1834",2040,88.1738630348188,78.9834662780054,104.327853126144,60
"1834",2041,89.3797085564865,79.610209454292,106.622302123975,60
"1834",2042,90.9347516358238,80.502429751746,109.629481273371,60
"1834",2043,92.1498714134187,81.1206816475062,111.94386946498,60
"1834",2044,97.6525090296917,84.1548465641359,123.215272573368,60
"1834",2045,99.7084655402051,85.2301744041535,127.359338388257,60
"1834",2046,101.374688972662,86.0852840295217,130.68779346304,60
"1834",2047,101.752854658792,86.2173642280484,131.242505630446,60
"1834",2048,104.474562555113,87.6472079743262,136.898089965577,60
"1834",2049,108.313443550382,89.6917472341297,145.068914900816,60
"1834",2050,113.136544430484,92.2813702839279,155.492651232946,60
"1835",2026,7.70844979608708,6.50728003856856,8.19273118314312,60
"1835",2027,7.95804745474241,6.75290270943509,8.58449071171903,60
"1835",2028,7.79379319781426,6.57520294706139,8.26855475479481,60
"1835",2029,7.99366299072613,6.76973107515135,8.57430888683459,60
"1835",2030,8.02641161391787,6.79025132064432,8.58330306744727,60
"1835",2031,8.0601686479945,6.81506980878433,8.60586783798391,60
"1835",2032,8.69777236086093,7.46194222033402,9.67972442711195,60
"1835",2033,9.22165090120393,7.9985563348233,10.606964402579,60
"1835",2034,9.28537455262154,8.05416623809497,10.6816811094575,60
"1835",2035,9.56129160978412,8.30641637013293,11.16804608322,60
"1835",2036,9.53483538373817,8.28353047130627,11.0670799920889,60
"1835",2037,9.67214870575584,8.40273257868584,11.2851350868617,60
"1835",2038,10.2449313710566,8.98152712930047,12.3728960309765,60
"1835",2039,10.3788711629399,9.11506241330905,12.6085843598024,60
"1835",2040,10.5976996329985,9.33471091387044,13.0009767695733,60
"1835",2041,11.0200736687111,9.7704758716922,13.842169135902,60
"1835",2042,11.1054944027487,9.84870803420766,13.9622022445893,60
"1835",2043,11.2324864703375,9.97475890865132,14.1904525945085,60
"1835",2044,11.9646816563628,10.5884863444125,15.7321972747907,60
"1835",2045,12.0662701155962,10.6724344214069,15.9117271885693,60
"1835",2046,12.5126800211237,11.0136058768729,16.8882927329016,60
"1835",2047,13.1837481630572,11.5233219127168,18.3842339319597,60
"1835",2048,12.7606608559007,11.213334697484,17.3556851692018,60
"1835",2049,12.7659657595387,11.2207030122601,17.3434364715356,60
"1835",2050,13.1117618184827,11.4833109418309,18.1139169088966,60
"1836",2026,25.0919810586687,24.5622480382915,25.4730447523443,60
"1836",2027,25.499800009702,24.7716736502278,26.0253127331014,60
"1836",2028,26.0336215019503,25.0881242320435,26.8084542500991,60
"1836",2029,26.8445756096746,25.6399801372091,28.10802101226,60
"1836",2030,27.5896945562184,26.1359292683428,29.2995449350025,60
"1836",2031,28.6995991574681,26.941798429539,31.2202890814043,60
"1836",2032,29.5948121867674,27.5652926191185,32.7310091551028,60
"1836",2033,31.0660904731601,28.615192093591,35.4554039994506,60
"1836",2034,32.3646654150639,29.462704601277,37.859512751886,60
"1836",2035,33.5694161555974,30.1942213978776,40.0832282458034,60
"1836",2036,34.9635652802284,31.0174713495136,42.7564867289499,60
"1836",2037,36.4064338797979,31.8679643101879,45.5465410494692,60
"1836",2038,37.84331132133,32.7120884411218,48.3440166056939,60
"1836",2039,39.4758186619207,33.6430186503982,51.6352946935187,60
"1836",2040,40.9835059292741,34.5140557310306,54.6379740858566,60
"1836",2041,42.6440895992839,35.450630326511,58.0475074800403,60
"1836",2042,44.9087543883933,36.6926720693537,62.9128088100488,60
"1836",2043,47.0200325533043,37.8416538385978,67.4945638210488,60
"1836",2044,48.6151315396694,38.7429116172496,70.7960488374138,60
"1836",2045,49.745929472601,39.4042990127209,72.9881609432965,60
"1836",2046,52.2281540499713,40.7212230140875,78.5841757293852,60
"1836",2047,53.869577266942,41.6845747797741,82.089718376819,60
"1836",2048,54.7504473487281,42.1465900395205,83.7137824866198,60
"1836",2049,55.6921579211221,42.7076027949495,85.4568179526905,60
"1836",2050,57.6416967992358,43.9137118792936,89.8272549430426,60
"1837",2026,78.8170574475416,78.5643051422062,79.8825772050591,60
"1837",2027,79.7291465022335,79.3123926103578,81.4385777879893,60
"1837",2028,80.9225578850887,80.2638518219615,83.5611847790484,60
"1837",2029,82.3933592932667,81.4420050005517,86.2670360180027,60
"1837",2030,83.5968107825696,82.4093938470423,88.4815775838076,60
"1837",2031,85.087965773409,83.5356313664934,91.3057934349547,60
"1837",2032,87.2484459944414,85.0761884517979,95.5430626585489,60
"1837",2033,89.8292479399469,86.8712472296883,100.687439155803,60
"1837",2034,92.5039297046272,88.6992156095462,106.10899925327,60
"1837",2035,94.9452156206146,90.3622088407971,111.108868314754,60
"1837",2036,97.9578329782028,92.3687355534586,117.412702356314,60
"1837",2037,101.168096683089,94.4800907198182,124.245742430375,60
"1837",2038,105.547034927075,97.3910876059855,133.833849527229,60
"1837",2039,109.14690212129,99.8194977032128,141.771999813145,60
"1837",2040,112.319680057408,101.953726599884,148.792023673284,60
"1837",2041,116.549618767422,104.764358775369,158.422602920626,60
"1837",2042,119.711702709628,106.868202927205,165.562456826537,60
"1837",2043,124.309499970361,109.883439664488,176.317936120962,60
"1837",2044,128.363673258534,112.535007849363,185.834103812517,60
"1837",2045,133.315863685671,115.743042361213,197.735354632165,60
"1837",2046,137.018739541424,118.137093820794,206.579887397155,60
"1837",2047,139.997260318217,120.054110777742,213.656612405477,60
"1837",2048,146.641778970481,124.282013739765,230.316639047451,60
"1837",2049,151.247655255129,127.200137600009,241.827952639917,60
"1837",2050,157.391355817133,131.065136968847,257.573830949546,60
"1838",2026,47.1972079710034,46.8319535313787,47.4904881906082,60
"1838",2027,47.9740208254209,47.5380871246418,48.543141297101,60
"1838",2028,48.5404801151149,47.9788117788052,49.2433041764764,60
"1838",2029,49.6906237504929,48.8766166084237,50.9055278453417,60
"1838",2030,50.7485956975511,49.6576586991667,52.4103253890123,60
"1838",2031,52.2727185509599,50.7207815751607,54.7158713728388,60
"1838",2032,53.3095772814204,51.5336000063862,56.163700678559,60
"1838",2033,55.138183122527,53.0534526610949,59.0053158486498,60
"1838",2034,57.875165202621,55.3466866386312,63.5928375386157,60
"1838",2035,59.3300082022059,56.5186466649347,65.7833049864625,60
"1838",2036,61.3793020525647,58.0719664254004,69.1067425056535,60
"1838",2037,63.8837499058248,59.9243449726818,73.3510588750205,60
"1838",2038,67.0978162847283,62.2465561440834,79.0423945709819,60
"1838",2039,69.4774889938563,64.0121587124693,83.0868227730377,60
"1838",2040,72.361383679567,66.1046913922684,88.1913257271688,60
"1838",2041,75.3027814581613,68.228352233062,93.4548350886183,60
"1838",2042,76.940837376391,69.5002463356811,96.0046703953348,60
"1838",2043,81.1725033887754,72.4530993683976,104.047584335866,60
"1838",2044,85.3343473849706,75.3433651219261,112.058312464602,60
"1838",2045,87.0225086221791,76.6586462076499,114.665194099377,60
"1838",2046,91.6021526473981,79.7928935965377,123.719356006653,60
"1838",2047,91.961457149665,80.2513311432535,123.427466819962,60
"1838",2048,97.7487747212931,84.1557326644266,135.183647570551,60
"1838",2049,101.489583280969,86.7467201327363,142.479720614652,60
"1838",2050,104.245764087495,88.707186204928,147.593058541737,60
"1839",2026,19.873313813865,19.7809802017415,20.1398052168556,60
"1839",2027,20.3536411558186,20.1783254684264,20.8491940365473,60
"1839",2028,20.8962488092647,20.6157474145634,21.684312045396,60
"1839",2029,21.3344696172898,20.9775867745614,22.3374563176661,60
"1839",2030,22.0402596927999,21.5196866977098,23.5286802975692,60
"1839",2031,22.737192249761,22.0531204891984,24.7242739641074,60
"1839",2032,23.6481959394261,22.7274463958487,26.3857336289896,60
"1839",2033,24.0075025758541,23.0259322803147,26.909781016705,60
"1839",2034,25.464628740984,24.0567621930587,29.7887961620082,60
"1839",2035,25.9636468601384,24.4405506464365,30.6377273051622,60
"1839",2036,27.0637859794057,25.2219594985218,32.8126835402662,60
"1839",2037,28.1719367514723,26.0029580931176,35.0192797214277,60
"1839",2038,28.8515485285358,26.495382738875,36.3067552635558,60
"1839",2039,29.5458259801979,26.9992216840015,37.6206519787529,60
"1839",2040,31.5907513342818,28.3641944131926,42.085977679231,60
"1839",2041,33.1344991216453,29.4015358230571,45.451945946022,60
"1839",2042,33.5226584306173,29.694022551574,46.107100981916,60
"1839",2043,34.5572524630383,30.3926780294599,48.3281003858771,60
"1839",2044,34.8265055933499,30.6101902912091,48.6954038721447,60
"1839",2045,37.0978809372492,32.080075573958,53.9680358489153,60
"1839",2046,38.1629918963852,32.7833018929806,56.3446059908135,60
"1839",2047,38.8093865590238,33.230031776432,57.6585005271643,60
"1839",2048,39.0402110546636,33.4136850123674,57.9552503399909,60
"1839",2049,38.8654506798635,33.3285763181298,57.3218383240182,60
"1839",2050,40.5446369029263,34.4135657067779,61.2207455644089,60
"1840",2026,88.8335183518397,88.449163196355,89.7116729588082,60
"1840",2027,89.4888516559,88.8537474569933,90.9887197280157,60
"1840",2028,90.4113981975824,89.4397736933678,92.7789623628879,60
"1840",2029,91.4997497010948,90.1350699110793,94.9062404482073,60
"1840",2030,92.9252514023044,91.0546636600437,97.7134171094414,60
"1840",2031,94.5175632663175,92.0783516407739,100.892900669246,60
"1840",2032,96.0880716679943,93.0810455552712,104.063365036832,60
"1840",2033,98.2925450120096,94.5006589608836,108.562579008869,60
"1840",2034,100.690230624615,96.035206134658,113.536536915883,60
"1840",2035,103.780914361451,98.0178479002095,120.043419736666,60
"1840",2036,106.546152439186,99.768744511115,125.959048462116,60
"1840",2037,109.582867909314,101.681046771492,132.556196701303,60
"1840",2038,112.59771836864,103.570066868316,139.170198646214,60
"1840",2039,115.471463578765,105.353300678359,145.547266940458,60
"1840",2040,119.566566836091,107.901955399325,154.812930025055,60
"1840",2041,122.685537308258,109.813296772253,161.92001834341,60
"1840",2042,125.683594226326,111.637471055721,168.803483039162,60
"1840",2043,129.509872027066,113.973438847309,177.715308013401,60
"1840",2044,132.221871904978,115.597160937824,184.031269740657,60
"1840",2045,135.372079600933,117.486823031725,191.448587499976,60
"1840",2046,137.83708968822,118.932366927826,197.280057315077,60
"1840",2047,140.671893550933,120.606861421795,204.024184675616,60
"1840",2048,144.937248919272,123.162034483288,214.333666105018,60
"1840",2049,147.551483208453,124.673496377743,220.666810606424,60
"1840",2050,151.76278515013,127.171407531424,230.992411089286,60
"1841",2026,88.8309219041088,88.552812562737,90.9585255060544,60
"1841",2027,89.4344312134015,88.9847280120821,92.6055938908669,60
"1841",2028,90.3392625759549,89.6431670401984,94.8180156445349,60
"1841",2029,91.3426427434432,90.3740828134329,97.2291124029171,60
"1841",2030,92.4762509219115,91.2014501288921,99.8998366887693,60
"1841",2031,93.8566936245203,92.2523594333564,103.052626195446,60
"1841",2032,95.5311288952092,93.4003987551308,106.794537169975,60
"1841",2033,97.6209207819553,94.8075938456239,111.37709780215,60
"1841",2034,99.5379109235259,96.0953530939772,115.650353501672,60
"1841",2035,101.797618925936,97.5836607611648,120.638256397452,60
"1841",2036,103.926215654316,98.9816357591485,125.389916329063,60
"1841",2037,106.528528559781,100.665232113124,131.143492602083,60
"1841",2038,109.45615188432,102.539323517309,137.613398424589,60
"1841",2039,112.22556783374,104.362064014192,143.811923866898,60
"1841",2040,115.245197561185,106.362711332705,150.576166488721,60
"1841",2041,118.236389831995,108.333920045292,157.61567087388,60
"1841",2042,121.186706344933,110.270142324572,164.659273662622,60
"1841",2043,124.810227475335,112.63896917869,173.395501936915,60
"1841",2044,127.945526068028,114.676161452464,181.016165138478,60
"1841",2045,130.650384983837,116.423348549335,187.627984693102,60
"1841",2046,135.117862027621,119.313797665484,198.658052001456,60
"1841",2047,139.368520459172,122.049157923554,209.255570314686,60
"1841",2048,143.084118168131,124.423208681495,218.59708410722,60
"1841",2049,146.552987797978,126.628872685268,227.369168580627,60
"1841",2050,149.612166230572,128.559190860625,235.153037982607,60
"1845",2026,15.8976994154666,15.8270846757964,16.4764615797289,60
"1845",2027,16.37130821804,16.2745869623797,17.2462164420312,60
"1845",2028,16.9485135359335,16.8168948041018,18.1856348356701,60
"1845",2029,17.4665843504389,17.3014004464594,19.0341251111718,60
"1845",2030,18.068644335946,17.8505650689976,20.0240160556718,60
"1845",2031,18.6931581738676,18.4106477761836,21.0526661083896,60
"1845",2032,19.5948204717534,19.1724940487227,22.5573345477818,60
"1845",2033,20.5387327440504,19.9610139789558,24.1447233838329,60
"1845",2034,21.7277427193438,20.9162780388586,26.1686161314923,60
"1845",2035,22.0096995579537,21.2280191953527,26.600163261519,60
"1845",2036,23.2934175715089,22.2070739528864,28.8034640826879,60
"1845",2037,24.7274721139938,23.2355721533648,31.3369668117606,60
"1845",2038,25.460928467316,23.850859180346,32.5741520331118,60
"1845",2039,27.3917637536117,25.1457394617769,36.1604744236725,60
"1845",2040,27.371358333488,25.3267807516394,35.9264134552474,60
"1845",2041,28.6723990359962,26.2577348706548,38.2886869100927,60
"1845",2042,30.0923798825646,27.2522064701373,40.8991447648017,60
"1845",2043,31.2636384610845,28.1032991788518,43.0308395420944,60
"1845",2044,32.7501079435846,29.12797441025,45.9659280981618,60
"1845",2045,32.3613517186251,29.0979005482748,44.8113494790588,60
"1845",2046,33.835554545545,30.1105615558674,47.6063855610428,60
"1845",2047,35.1356769251156,31.0220402982409,50.1559645675887,60
"1845",2048,35.8012885231202,31.5784476875714,51.2641664851848,60
"1845",2049,37.8269678417645,32.886458908677,55.5119755080151,60
"1845",2050,38.4563801374388,33.414478425975,56.554108591423,60
"1848",2026,45.7347122369344,45.3105917855977,46.1884867179429,60
"1848",2027,46.6698776819422,45.9998891387793,47.4984109674191,60
"1848",2028,47.684023641784,46.7338172872473,48.9617753685145,60
"1848",2029,48.7831987730876,47.523414293113,50.5849764705149,60
"1848",2030,50.3178043553949,48.5866513936891,53.0520771437573,60
"1848",2031,52.0944823269841,49.7961771562584,56.0252982234194,60
"1848",2032,53.9168134162415,51.0995819620618,59.0970828034408,60
"1848",2033,56.1295813650916,52.8654457669729,62.9829680171752,60
"1848",2034,57.8734241866281,54.2158850905302,65.9431577582113,60
"1848",2035,60.1710898293464,55.8541293256157,70.0797775617763,60
"1848",2036,63.5002274407019,58.1450235929009,76.4837360685186,60
"1848",2037,65.8272433397442,59.7720247016964,80.7837061933582,60
"1848",2038,67.838984359033,61.188201796442,84.4200305313688,60
"1848",2039,70.3362459962347,62.9170872897073,89.148977362301,60
"1848",2040,72.6406227173827,64.5140877123014,93.4852623860787,60
"1848",2041,76.3415063897962,67.0038284331676,101.034635523388,60
"1848",2042,78.5075247024817,68.50024172881,105.124480901271,60
"1848",2043,81.4061765516059,70.4605498488189,110.936165320317,60
"1848",2044,83.4612201115431,71.8808016370645,114.797715831773,60
"1848",2045,86.0146094968332,73.6148411752609,119.844048871926,60
"1848",2046,88.7888172777124,75.4822799317182,125.435298391785,60
"1848",2047,90.7118060645743,76.8112051541908,129.020455632076,60
"1848",2048,93.0781918525217,78.4158004795396,133.67308970794,60
"1848",2049,96.5045797013117,80.6799000434346,140.890350248432,60
"1848",2050,98.5570333318903,82.0825643517278,144.820600427842,60
"1851",2026,30.3733024765613,30.2301847808288,30.8501338747441,60
"1851",2027,31.028968127279,30.8034824306611,31.7692096346095,60
"1851",2028,31.6891914609981,31.3831127133898,32.6920561597705,60
"1851",2029,32.6205430591302,32.1628465192979,34.0891281150342,60
"1851",2030,33.8101350256399,33.1217783958366,35.9838102467589,60
"1851",2031,34.7748530248952,33.9211632765868,37.4636367544207,60
"1851",2032,36.1626479391189,35.0171210214962,39.760738595821,60
"1851",2033,37.4175969429314,36.0201529100102,41.8083923291642,60
"1851",2034,38.9660289514826,37.2269932272741,44.4424215746753,60
"1851",2035,40.3635909030361,38.3273972811657,46.7895772753079,60
"1851",2036,41.9744678972366,39.5714828352401,49.5847781656609,60
"1851",2037,43.9193463070388,41.044882234707,53.0743123838562,60
"1851",2038,44.9362730303555,41.882379942548,54.6560875675521,60
"1851",2039,46.8087998636863,43.2997666872084,58.0303500080323,60
"1851",2040,49.1632265319708,45.0388606565815,62.4534525315152,60
"1851",2041,50.812281891381,46.2991929822821,65.3941695334099,60
"1851",2042,52.8989693713979,47.8460092897051,69.3117634287785,60
"1851",2043,54.7503457805187,49.2394978542297,72.7097625083543,60
"1851",2044,57.5163660259197,51.2305133697588,78.1773483322154,60
"1851",2045,59.6919674435505,52.8232589531163,82.3747813696436,60
"1851",2046,61.9734389286435,54.4828078427412,86.8318946937911,60
"1851",2047,64.9913833848786,56.6183635292722,93.0147345553083,60
"1851",2048,66.2433317736387,57.5977392703518,95.1480751151327,60
"1851",2049,68.5000346937246,59.2276737511037,99.6246327988395,60
"1851",2050,70.9496951754828,60.9796399617539,104.572710395514,60
"1853",2026,30.0679095783554,29.871337142841,30.7104690982594,60
"1853",2027,30.6521090901331,30.3435641893262,31.6574175395402,60
"1853",2028,31.4909816587274,31.0117164757128,33.0513912804234,60
"1853",2029,32.4056040894024,31.7380357606089,34.5839926787921,60
"1853",2030,33.5614611867506,32.628636495181,36.6122926072883,60
"1853",2031,34.6631715670372,33.468302034712,38.5695913575626,60
"1853",2032,36.1299665390932,34.5520831105132,41.2585071737408,60
"1853",2033,37.4356328679875,35.5244220458467,43.6053215270964,60
"1853",2034,39.7517856591624,37.1621629286649,48.047742066541,60
"1853",2035,41.9923038139102,38.7409663280968,52.4348883734899,60
"1853",2036,43.7582043879882,40.0053851090875,55.8369519647661,60
"1853",2037,45.7178752003517,41.3907634161,59.677793478644,60
"1853",2038,47.2632907378714,42.507322893115,62.6220676734258,60
"1853",2039,50.1881001896796,44.492354600169,68.6951583223351,60
"1853",2040,52.5022360263399,46.081712334522,73.4460765977898,60
"1853",2041,54.347685414035,47.3843589749231,77.0993002296736,60
"1853",2042,55.0936248829753,47.9963829460368,78.2222091004466,60
"1853",2043,57.2416838627413,49.4728705356877,82.6307300687509,60
"1853",2044,59.1528100075386,50.8084687017338,86.4689556354803,60
"1853",2045,60.8936023319476,52.0293034920752,89.9442566248616,60
"1853",2046,62.1017923849383,52.9289486037264,92.1372989307226,60
"1853",2047,63.0628216704425,53.6655883287426,93.7891108994417,60
"1853",2048,63.7243895890203,54.2146690254989,94.7517907329964,60
"1853",2049,64.8939004361025,55.0783158791912,96.9022929131607,60
"1853",2050,67.9672617891832,57.134049976604,103.456510197281,60
"1856",2026,7.97205809837124,7.93538335486141,8.1153979470549,60
"1856",2027,7.96308684998324,7.91197393469046,8.16635447907019,60
"1856",2028,7.99170900822045,7.92123467282381,8.29228385415981,60
"1856",2029,7.87803160433928,7.80181834620863,8.14649261632041,60
"1856",2030,7.92392259200328,7.82995317063227,8.3062464241598,60
"1856",2031,7.93265172069775,7.82174890935603,8.39478262795599,60
"1856",2032,7.9264737629691,7.79997854284567,8.4594280746388,60
"1856",2033,8.05920126820634,7.88902756430883,8.77866087552564,60
"1856",2034,8.26660112400088,8.00174125236811,9.24777491634016,60
"1856",2035,8.49084731532532,8.1237088735675,9.76169194781288,60
"1856",2036,8.69745712009105,8.25031714341455,10.2500923471652,60
"1856",2037,8.63194682045437,8.18192816616602,10.1913853115998,60
"1856",2038,8.77986532695005,8.26794510376209,10.5568830538345,60
"1856",2039,9.25276375232923,8.58090271878428,11.6078772195479,60
"1856",2040,9.73748627746416,8.88335565525481,12.715706455687,60
"1856",2041,10.4497803433085,9.33258586931255,14.3908563224898,60
"1856",2042,10.5490235422528,9.37879002689108,14.6740799290056,60
"1856",2043,10.7716847206269,9.50417822178228,15.2554362978267,60
"1856",2044,11.3598060220356,9.85627124317049,16.757209681469,60
"1856",2045,12.4447359668042,10.5167559467945,19.5650474176166,60
"1856",2046,13.1440922210033,10.9308921996164,21.444964264112,60
"1856",2047,13.6686781000711,11.2297994341229,22.9080099695288,60
"1856",2048,14.0195546449317,11.4276337295691,23.8762720982304,60
"1856",2049,14.7600549161452,11.8524654808178,25.9785517745136,60
"1856",2050,14.6788223347327,11.7889900026892,25.742802116848,60
"1857",2026,6.48915881182084,6.32511978256421,6.70180335504793,60
"1857",2027,6.7043396582986,6.47327129549651,7.0238349800981,60
"1857",2028,6.92682518160401,6.62223357095523,7.35817442305554,60
"1857",2029,7.2940095687337,6.86163090930122,7.97604782224314,60
"1857",2030,7.64758259265581,7.09231298094243,8.57218021078857,60
"1857",2031,7.85537261621324,7.23181131406381,8.87867902395959,60
"1857",2032,8.22868637211958,7.48051491206696,9.51625504568193,60
"1857",2033,8.54417543537079,7.69396188998923,10.0416769064187,60
"1857",2034,9.04836451316688,8.04475719578298,10.9624799017324,60
"1857",2035,9.41295772071697,8.2936939000055,11.5948096345238,60
"1857",2036,9.73355324167159,8.51145592401167,12.1272196520312,60
"1857",2037,10.2071655775739,8.83934966099557,12.9949011793587,60
"1857",2038,10.8381631567169,9.28150612749391,14.2045316256459,60
"1857",2039,11.3053209849309,9.6041424723963,15.0686735436229,60
"1857",2040,11.917964697058,10.0311444555301,16.2634557132989,60
"1857",2041,12.4483697195965,10.3999825145722,17.2667500202596,60
"1857",2042,12.7322232074465,10.5908633005364,17.7193637582583,60
"1857",2043,13.6258589091843,11.2181634587774,19.5762878995636,60
"1857",2044,14.2956279017373,11.6846065638949,20.946139350322,60
"1857",2045,14.8141538662451,12.043066204838,21.9556041356954,60
"1857",2046,15.5291516307222,12.5410953816551,23.452188713114,60
"1857",2047,16.2168071545295,13.019319736521,24.8891465540428,60
"1857",2048,16.9399232349566,13.5223461209904,26.4224604984551,60
"1857",2049,17.414799721785,13.8495034989218,27.3300016246228,60
"1857",2050,18.8108266577074,14.8223807094763,30.6412018643074,60
"1859",2026,19.7693107563502,19.6431102861587,20.0394787299177,60
"1859",2027,20.0586980837623,19.8855976942622,20.4288547912389,60
"1859",2028,20.4011258884559,20.1665064385017,20.9134502619387,60
"1859",2029,20.9195312152964,20.5731485184406,21.7225873241477,60
"1859",2030,21.4471966506093,20.9870903697665,22.5502864566892,60
"1859",2031,21.8373053222284,21.3029004319315,23.1217025326939,60
"1859",2032,22.3332979447072,21.6949615927331,23.8882900069731,60
"1859",2033,23.0480837896456,22.2376460319494,25.0839130275737,60
"1859",2034,23.6489734052906,22.7030444414134,26.0555228392181,60
"1859",2035,24.2934566777624,23.1990057568009,27.1130623333974,60
"1859",2036,24.9011278429837,23.6674783574088,28.1060372191272,60
"1859",2037,25.7084825665676,24.2728886421325,29.5016146749338,60
"1859",2038,27.3391619404979,25.438415583822,32.6005077717441,60
"1859",2039,28.0095850776033,25.9459338505008,33.742565832135,60
"1859",2040,29.4903287014843,26.9991225831879,36.6075344540861,60
"1859",2041,29.9141957645413,27.3420614397138,37.2195888212347,60
"1859",2042,31.3711124314311,28.371865114703,40.0795960902791,60
"1859",2043,32.3986430716427,29.1149503121255,42.0158371472953,60
"1859",2044,33.1400882301172,29.6639987682648,43.3394327567866,60
"1859",2045,35.8408351730548,31.4985754161585,49.1012835031777,60
"1859",2046,36.8019365456881,32.1889019051811,50.9419698723509,60
"1859",2047,38.7622873795512,33.5226760092961,55.1441658043744,60
"1859",2048,40.2532057859158,34.5503429567312,58.269792751473,60
"1859",2049,42.116538204686,35.8058613469091,62.3549412954183,60
"1859",2050,42.9803538653226,36.4229971461262,64.018345799987,60
"1860",2026,115.475697986929,114.871211918592,117.664335784134,60
"1860",2027,116.411638619213,115.491057368534,119.710856802023,60
"1860",2028,117.529010956367,116.249782470578,122.081789881302,60
"1860",2029,118.687601623787,117.041658598225,124.524709224218,60
"1860",2030,120.257084396017,118.142842257815,127.725770655671,60
"1860",2031,121.919842133296,119.315185695276,131.102847766551,60
"1860",2032,124.060996099431,120.84372880654,135.390400835365,60
"1860",2033,126.493743343431,122.589800344612,140.2449355774,60
"1860",2034,129.146619776681,124.397236833843,145.54361854542,60
"1860",2035,132.041064583176,126.360826727712,151.33120837047,60
"1860",2036,134.918537549275,128.311048154288,157.10569843516,60
"1860",2037,138.508623297829,130.72433080845,164.31734488466,60
"1860",2038,142.783389791568,133.574536837585,172.954606734906,60
"1860",2039,146.71282280202,136.193081302654,180.943909156896,60
"1860",2040,150.987598830667,139.027056002539,189.68420110947,60
"1860",2041,154.220919328309,141.190046228993,196.293867440247,60
"1860",2042,159.277830706548,144.549793808334,206.750511926335,60
"1860",2043,164.416842201422,148.052478497591,217.455237376001,60
"1860",2044,168.967869095667,151.143305299226,226.96481350303,60
"1860",2045,173.670920243859,154.331571999547,236.840857793931,60
"1860",2046,178.077407470872,157.30970245966,246.120634593462,60
"1860",2047,182.592304078681,160.355568845474,255.669492354459,60
"1860",2048,188.84694210582,164.569237208717,269.091188384339,60
"1860",2049,193.681714236489,167.812781354569,279.448460913232,60
"1860",2050,199.051796198723,171.408251105047,291.257780492426,60
"1865",2026,120.820698805513,120.45804758867,121.531742650704,60
"1865",2027,122.726365244319,122.144124755224,124.026393075994,60
"1865",2028,124.825622495749,123.98945732027,126.856328852492,60
"1865",2029,127.403502433655,126.168243833794,130.529327094444,60
"1865",2030,130.190484080129,128.489630576746,134.564162764695,60
"1865",2031,133.471155049555,131.166164863164,139.500120251289,60
"1865",2032,137.04541588019,134.042570133455,144.99812381896,60
"1865",2033,140.430115345545,136.777567827348,150.160886661984,60
"1865",2034,144.73787059948,140.15205547101,157.075607013405,60
"1865",2035,149.185578949061,143.616401710849,164.301896331492,60
"1865",2036,154.483000192191,147.657049598768,173.231228429839,60
"1865",2037,159.179272898179,151.277891844598,181.065345635111,60
"1865",2038,163.712235002277,154.786579029493,188.592205066278,60
"1865",2039,169.822508934804,159.353007436679,199.359920581477,60
"1865",2040,175.624976321016,163.698341908756,209.583935136558,60
"1865",2041,182.054217624106,168.456025993844,221.167104109124,60
"1865",2042,187.411503980717,172.490555068016,230.561031130803,60
"1865",2043,192.653157084892,176.44256457282,239.742009589297,60
"1865",2044,197.257921636241,179.967289375623,247.594643517484,60
"1865",2045,204.576094626423,185.274145561654,261.302890545545,60
"1865",2046,210.898702691398,189.920978924266,272.914699478827,60
"1865",2047,216.953302341224,194.377865739893,284.012493551931,60
"1865",2048,222.387529158216,198.419798406656,293.795627097895,60
"1865",2049,227.697027436195,202.377368075701,303.32048029691,60
"1865",2050,235.477115341782,207.936536270934,318.35448680396,60
"1866",2026,78.705775317856,78.3826056483852,79.987614839532,60
"1866",2027,79.1812812948012,78.6844674676741,81.0480148582898,60
"1866",2028,79.8932107570539,79.1637077504864,82.5086474381528,60
"1866",2029,80.7514651289729,79.7508400253194,84.2551371358862,60
"1866",2030,81.7663076897345,80.4522032565517,86.2836833160671,60
"1866",2031,82.8415165737078,81.1952138366914,88.4306187268393,60
"1866",2032,84.161029953246,82.1164987470497,91.0806212545652,60
"1866",2033,85.8380244945507,83.29666399475,94.4959994055985,60
"1866",2034,87.2727179364253,84.2944908772465,97.4712782724531,60
"1866",2035,89.0195640915539,85.5172555662259,101.092416703455,60
"1866",2036,91.0313770762182,86.9285080861534,105.280350599564,60
"1866",2037,93.1368711770337,88.4026862654363,109.694591236954,60
"1866",2038,95.278491232794,89.8968051051696,114.221712941818,60
"1866",2039,97.3391655892707,91.3283769060451,118.607071826543,60
"1866",2040,99.5823242030763,92.8851701480382,123.411800422622,60
"1866",2041,101.93372432132,94.5148385602658,128.477533097706,60
"1866",2042,103.820921722821,95.8098227835523,132.566073590007,60
"1866",2043,107.197939397283,98.1570969038808,139.932728468051,60
"1866",2044,109.000502480686,99.3831309638509,143.885728945655,60
"1866",2045,111.635423634784,101.192055861794,149.731214617357,60
"1866",2046,114.457669680449,103.130365348038,156.081386112798,60
"1866",2047,116.484198566252,104.502335163586,160.639003967711,60
"1866",2048,120.358589236563,107.166218393715,169.52040811865,60
"1866",2049,123.403758850393,109.242314116499,176.523675997096,60
"1866",2050,126.346835742201,111.239087193646,183.339406316896,60
"1867",2026,44.2556714770567,44.0769787618716,44.4401852247559,60
"1867",2027,44.8497462940512,44.6018125906646,45.1839445355843,60
"1867",2028,45.4582692199759,45.1347573177542,45.9573128280059,60
"1867",2029,46.0873968253717,45.6608462752441,46.7712258403656,60
"1867",2030,46.9274643050714,46.319783207475,47.9309858160976,60
"1867",2031,47.8055376079444,47.0135242242004,49.1675598259496,60
"1867",2032,48.6975107656541,47.7138886218753,50.4401623206225,60
"1867",2033,49.8366725905065,48.5841658815823,52.1666128581445,60
"1867",2034,50.7850713965374,49.3200527037931,53.5822184808739,60
"1867",2035,52.0468977620979,50.2670351638505,55.596917317002,60
"1867",2036,53.419062998662,51.2874630912937,57.8299694056384,60
"1867",2037,55.0158937839982,52.453436175145,60.5230993747137,60
"1867",2038,56.0030252885033,53.2001322828068,62.0601008489379,60
"1867",2039,57.8414336876187,54.5204286854634,65.1816943794402,60
"1867",2040,59.5819791114988,55.7682701697218,68.1510536601485,60
"1867",2041,60.5210818132088,56.4692896213786,69.6341723306693,60
"1867",2042,63.0851135818215,58.2577177759806,74.2205482835685,60
"1867",2043,65.8797658809285,60.1814042694144,79.3418522013834,60
"1867",2044,67.6146879643876,61.4028373809781,82.4418486440525,60
"1867",2045,69.7083319829177,62.8490377083219,86.3243016815624,60
"1867",2046,72.5451287398692,64.7725129132393,91.7940028699882,60
"1867",2047,74.8797261153249,66.3606390659612,96.2652399807073,60
"1867",2048,78.24952242242,68.607485466373,103.002612807393,60
"1867",2049,80.4205951177781,70.0753355489137,107.211586689524,60
"1867",2050,83.3466843686264,72.0188083660776,113.108881935274,60
"1868",2026,56.6360632006508,56.4128935372853,57.1713675549916,60
"1868",2027,56.9977579608117,56.6508445403595,57.8386071854479,60
"1868",2028,57.4072767480621,56.9213055076514,58.5951109790889,60
"1868",2029,58.0463493796497,57.3515048340547,59.7701233709049,60
"1868",2030,58.7406194793093,57.8174885719345,61.0673145095284,60
"1868",2031,59.4961796272831,58.3234154411705,62.4935201851726,60
"1868",2032,60.2921565075486,58.8534215486224,64.0121793517452,60
"1868",2033,61.5595961895299,59.7051663637033,66.45471473331,60
"1868",2034,62.9159359843732,60.6120410101767,69.1047458871753,60
"1868",2035,64.2854757452039,61.5228670372277,71.8109016740027,60
"1868",2036,65.8237641162715,62.5425739299206,74.8879345973903,60
"1868",2037,67.3238901535476,63.5343303066312,77.9070710482588,60
"1868",2038,69.3259290858779,64.8527311780059,82.0152017933837,60
"1868",2039,71.3058339234875,66.1524033123804,86.1128246701851,60
"1868",2040,73.7422481416492,67.74214724583,91.255098072472,60
"1868",2041,76.0281367884915,69.2226597774113,96.1360673909149,60
"1868",2042,78.3736003022155,70.7383217968245,101.18471039545,60
"1868",2043,80.4861327693814,72.0912333726129,105.772767972173,60
"1868",2044,82.5171767700628,73.386953211425,110.205001866478,60
"1868",2045,85.8861373739294,75.5304489119124,117.776790483837,60
"1868",2046,88.6873287530861,77.2984299945937,124.118227076773,60
"1868",2047,91.2083404744632,78.8822502703136,129.844748628657,60
"1868",2048,93.9364177055227,80.5852384199919,136.131051924013,60
"1868",2049,96.4319740811785,82.1358855077615,141.89845914971,60
"1868",2050,100.518071464108,84.6699441924985,151.628368872314,60
"1870",2026,119.665281398402,118.636828565506,120.730368976553,60
"1870",2027,120.799405331474,119.252519942274,122.586046418739,60
"1870",2028,122.046047005395,119.951133911116,124.630508295458,60
"1870",2029,123.607653063728,120.879676017725,127.225005439963,60
"1870",2030,125.489924740294,122.0388626836,130.393516225124,60
"1870",2031,127.908838194252,123.580700804731,134.549485613784,60
"1870",2032,130.598556089855,125.31120738502,139.231467182768,60
"1870",2033,133.230511808943,126.997055558462,143.83519635983,60
"1870",2034,136.649480937357,129.235049230803,149.948328647943,60
"1870",2035,140.388251054812,131.691057011621,156.769306209393,60
"1870",2036,144.379701301982,134.31523961926,164.170620607579,60
"1870",2037,148.417512809232,136.965089447505,171.718743553122,60
"1870",2038,153.248616818018,140.151635412103,180.955804254471,60
"1870",2039,158.048855570589,143.307300336714,190.208021750786,60
"1870",2040,163.294366730839,146.755912124337,200.47668904568,60
"1870",2041,168.129546576255,149.913938910486,209.958278913318,60
"1870",2042,173.640770974638,153.521308353749,220.95707542824,60
"1870",2043,178.993833242497,157.011908544365,231.690149814876,60
"1870",2044,185.008390295513,160.934628484213,243.964304865502,60
"1870",2045,191.400346485768,165.100323250643,257.162196623907,60
"1870",2046,197.144328200635,168.818928558598,269.011712580087,60
"1870",2047,204.039455931426,173.274705032717,283.557747098925,60
"1870",2048,210.08313209647,177.056696335378,296.25703942267,60
"1870",2049,216.609032521859,181.122795856831,310.152749872588,60
"1870",2050,224.486020688983,186.002652945418,327.311672106913,60
"1871",2026,95.8069806807972,95.5314705521504,97.4172522253833,60
"1871",2027,96.4879582935358,95.9947327581546,98.8910754943374,60
"1871",2028,97.4020240058141,96.6195984223669,100.907732455926,60
"1871",2029,98.2547953097044,97.2111460088388,102.831594159817,60
"1871",2030,99.6192988710196,98.2284782945203,105.751623046532,60
"1871",2031,101.041554041228,99.2869296846771,108.817967471179,60
"1871",2032,103.217560948852,100.939826751434,113.276547515958,60
"1871",2033,105.117253620606,102.367010658236,117.239204576274,60
"1871",2034,107.038830634882,103.743590555442,121.37607012364,60
"1871",2035,109.725669936098,105.613621267151,127.142494176348,60
"1871",2036,112.039209112714,107.221804773192,132.170766868048,60
"1871",2037,115.507753263387,109.602437624961,139.719118094011,60
"1871",2038,117.845304063481,111.203770727197,144.90900931996,60
"1871",2039,119.832949534282,112.563611176125,149.364635508457,60
"1871",2040,123.558889218511,115.077666460942,157.682859441045,60
"1871",2041,125.860779554503,116.630079802637,162.907460997273,60
"1871",2042,129.638504496636,119.150707090208,171.491219781751,60
"1871",2043,131.095126643413,120.123685852505,174.892309619858,60
"1871",2044,133.241560209571,121.547852836014,179.870701829153,60
"1871",2045,137.052262273234,124.064014464195,188.662249049812,60
"1871",2046,140.183296383341,126.121760796473,195.960526098545,60
"1871",2047,144.848539496605,129.174025904445,206.870035673079,60
"1871",2048,146.297229617209,130.114816136306,210.342315384726,60
"1871",2049,149.61983113346,132.272335910965,218.215295146274,60
"1871",2050,153.247558462473,134.627433949914,226.833591798806,60
"1874",2026,16.994229488518,16.9313980763042,17.1384146628551,60
"1874",2027,17.4388368624679,17.3649462279422,17.6698347123185,60
"1874",2028,17.9342259217856,17.8264645760183,18.2760398599031,60
"1874",2029,18.5210081985031,18.36178750077,19.025643906719,60
"1874",2030,18.9643650152311,18.784351789728,19.5415223132498,60
"1874",2031,19.3799346012209,19.1875783616668,20.0059405013431,60
"1874",2032,20.0437697810483,19.784190227341,20.8565659382508,60
"1874",2033,20.6673752748235,20.3502499820445,21.6407279266352,60
"1874",2034,21.4297148195713,21.0335901618199,22.6353670800824,60
"1874",2035,22.077483479994,21.6217663335007,23.4491694804748,60
"1874",2036,22.5139746346027,22.055064440873,23.915734155322,60
"1874",2037,23.1636640901255,22.6527037222353,24.721867083256,60
"1874",2038,24.4620132185193,23.7288351499596,26.5639666710609,60
"1874",2039,25.4555137803691,24.5802557436151,27.9192038208455,60
"1874",2040,26.5525496005535,25.5088336694131,29.4531651405361,60
"1874",2041,27.2554246898947,26.147303683331,30.3347396467913,60
"1874",2042,28.132315292995,26.9146177181993,31.5221375204421,60
"1874",2043,29.5084111310399,28.0380730366976,33.6082794457818,60
"1874",2044,30.9509984248918,29.2044848266546,35.8259470294964,60
"1874",2045,33.0165135012949,30.7982727449735,39.2429106888764,60
"1874",2046,33.6567018710881,31.3994600310103,39.9837302736325,60
"1874",2047,35.6041661524542,32.908538040428,43.2152246602812,60
"1874",2048,37.2950406942352,34.238003641116,46.0713167074436,60
"1874",2049,39.0633679559458,35.6119899128226,49.1491001144915,60
"1874",2050,40.0302450896122,36.4464254807041,50.495642049154,60
"1875",2026,29.4066704312678,29.2726611850692,29.997975812024,60
"1875",2027,30.1853993950554,29.9393710319963,31.1689717434319,60
"1875",2028,31.0281692736917,30.6476118267385,32.452989288766,60
"1875",2029,32.025302594653,31.4652380907392,34.0107474417388,60
"1875",2030,33.0300189774414,32.2890125013779,35.586387812087,60
"1875",2031,34.3576623273885,33.3357323547657,37.7905772365131,60
"1875",2032,35.9310915581856,34.5478198942714,40.5965608645863,60
"1875",2033,37.2700384512615,35.6007704838615,42.9181354748056,60
"1875",2034,38.8954309935321,36.8448557784774,45.8741736105265,60
"1875",2035,40.4961113661978,38.074248876631,48.7811568430525,60
"1875",2036,42.6098040114104,39.6405786104085,52.8736344985901,60
"1875",2037,44.2925750509908,40.919698348921,56.009016000875,60
"1875",2038,46.1368740265817,42.3049934912998,59.5255846710229,60
"1875",2039,47.4078846829666,43.3145582950307,61.7079677616457,60
"1875",2040,49.9382415085411,45.1403149589161,66.8862241035014,60
"1875",2041,51.9825489775739,46.6487805865598,70.93284498036,60
"1875",2042,53.6742807958296,47.9266947591977,74.1447204775604,60
"1875",2043,55.1176474483965,49.0455798641855,76.7494681343234,60
"1875",2044,57.4367677677571,50.72261077279,81.5179223490693,60
"1875",2045,59.3221361837596,52.1209618172871,85.230068217112,60
"1875",2046,60.8873031665376,53.3105060981439,88.168447060394,60
"1875",2047,64.0003746830484,55.4884200435773,94.9733277187205,60
"1875",2048,66.331646306036,57.1621488849711,99.8642320722454,60
"1875",2049,68.2282995203729,58.5552572017011,103.679092944002,60
"1875",2050,69.9467383778489,59.8409429883458,107.015428606839,60
"3101",2026,381.687037104054,380.123308705416,384.430055696373,60
"3101",2027,387.274368451912,384.819007060748,391.930242237496,60
"3101",2028,393.458175357899,390.001782888267,400.354060090206,60
"3101",2029,400.500879239258,395.870013209016,410.161074292458,60
"3101",2030,408.724022587325,402.642313068432,421.980836657608,60
"3101",2031,418.452684765599,410.430281268458,436.490918521888,60
"3101",2032,429.574019862629,419.225005583213,453.561758899873,60
"3101",2033,441.519922617477,428.621797552532,472.146923440162,60
"3101",2034,454.02001561351,438.432669776552,491.443437782058,60
"3101",2035,467.770619637735,449.121217841944,512.967734360503,60
"3101",2036,483.216310252903,460.989418182898,537.621877946753,60
"3101",2037,499.350389788182,473.348692299746,563.566226793128,60
"3101",2038,515.258569321918,485.57276482623,589.085230125766,60
"3101",2039,533.077458658563,499.103009378669,618.254674960901,60
"3101",2040,550.074816946091,512.099322569789,645.839483999398,60
"3101",2041,569.13163529855,526.489382665008,677.426332154224,60
"3101",2042,588.367937776164,541.010256589824,709.47415824073,60
"3101",2043,607.909617418882,555.748341552341,742.433676187371,60
"3101",2044,629.488283285172,571.84320178312,779.917071446199,60
"3101",2045,650.865843376587,587.813624180077,817.216518536517,60
"3101",2046,675.643036872413,606.012472276963,861.967635317204,60
"3101",2047,700.566052802997,624.301408844046,907.182201516461,60
"3101",2048,727.567801353456,643.934874520045,957.147674170425,60
"3101",2049,755.675227142098,664.265879957509,1009.80760737004,60
"3101",2050,784.047932020047,684.747267795898,1063.2998818513,60
"3103",2026,590.772288505223,588.445842364146,594.420103152779,60
"3103",2027,595.082774722248,591.563798246499,600.990014430818,60
"3103",2028,600.75973422888,595.730372033853,609.754648192383,60
"3103",2029,607.54808858143,600.716817935907,620.292223196522,60
"3103",2030,615.751030455818,606.734544681404,633.356405625205,60
"3103",2031,625.818340000119,614.110090770158,649.788809284169,60
"3103",2032,636.611350785642,622.044096478328,667.478396136677,60
"3103",2033,649.082947987117,631.193651606359,688.23267147636,60
"3103",2034,662.723918592918,641.200897315974,711.126867239439,60
"3103",2035,678.034461404758,652.406436704645,737.158340974152,60
"3103",2036,695.568050063592,665.178516303553,767.484590819641,60
"3103",2037,713.040120121476,677.957441576041,797.619446194638,60
"3103",2038,732.10675127745,691.858795137933,830.891712477251,60
"3103",2039,752.618842231993,706.776479050679,867.045936773755,60
"3103",2040,775.290536483728,723.178081786147,907.620686276252,60
"3103",2041,798.582650614107,740.025206132804,949.331505486263,60
"3103",2042,821.725634348863,756.807477071641,990.493304452581,60
"3103",2043,847.787371144217,775.553313259011,1037.70129330525,60
"3103",2044,876.503401945713,796.070137042592,1090.53358060421,60
"3103",2045,908.880827716143,818.992027034155,1151.30226593864,60
"3103",2046,942.098641071692,842.455370162857,1214.10989154627,60
"3103",2047,975.633938183778,866.115352018155,1277.83278288234,60
"3103",2048,1013.8426499013,892.785523937533,1352.08587532731,60
"3103",2049,1055.00310206781,921.311076872984,1433.36248749269,60
"3103",2050,1102.13069220656,953.598908290341,1528.6930919979,60
"3105",2026,730.580755077662,727.037970414397,735.88808753194,60
"3105",2027,736.972506732233,731.713968916807,745.402109791412,60
"3105",2028,745.104437077795,737.768908029658,757.74762788121,60
"3105",2029,754.541964001296,744.852135591974,772.270134135546,60
"3105",2030,765.433123562158,753.053425831013,789.243011809237,60
"3105",2031,777.372611531135,762.079365533324,807.975848699818,60
"3105",2032,791.208669708213,772.560609774559,830.013877478901,60
"3105",2033,807.312449574507,784.507397452753,856.091328155405,60
"3105",2034,824.05531418445,796.825809450188,883.301111274704,60
"3105",2035,842.617768900163,810.429983916152,913.825102314358,60
"3105",2036,860.295777359751,823.473955510941,942.63531451797,60
"3105",2037,881.160991960571,838.721723881255,977.361319603509,60
"3105",2038,904.509882086572,855.673813513858,1016.79962897037,60
"3105",2039,927.738987259743,872.560346922446,1056.04951036159,60
"3105",2040,951.889371857081,890.089560069464,1097.07335520614,60
"3105",2041,973.892425738881,906.203230205182,1133.91596358368,60
"3105",2042,999.816004138685,924.961426004839,1178.47550676635,60
"3105",2043,1030.59660538426,946.959640224511,1233.27430995594,60
"3105",2044,1060.68679873518,968.495409152718,1286.85738450059,60
"3105",2045,1092.97882027785,991.480755493127,1345.11545718369,60
"3105",2046,1124.37650695443,1013.8706766405,1401.66071133746,60
"3105",2047,1159.70280379518,1038.8270751161,1466.59505359619,60
"3105",2048,1199.75462579436,1066.83842937226,1541.8277900273,60
"3105",2049,1238.89983684873,1094.21771261767,1615.49178643278,60
"3105",2050,1281.75251310509,1123.95037498278,1697.54722271673,60
"3107",2026,750.907714860678,748.377348062262,756.769333617968,60
"3107",2027,758.197362661552,754.218048481344,767.73220152619,60
"3107",2028,767.106312918805,761.318991150245,781.403952376278,60
"3107",2029,777.298868761237,769.433095802259,797.19990952518,60
"3107",2030,789.287005934835,778.923005199383,816.109899575482,60
"3107",2031,802.917509332627,789.671750015449,837.895681912016,60
"3107",2032,818.668132228485,801.988677439825,863.531424415387,60
"3107",2033,836.742557872408,815.961687287843,893.495208342095,60
"3107",2034,856.039191760644,830.858179529156,925.698059323735,60
"3107",2035,877.463457297329,847.297567347586,961.971305882991,60
"3107",2036,900.213154092378,864.720546278595,1000.76404886434,60
"3107",2037,925.985814176204,884.272810300757,1045.60755200166,60
"3107",2038,953.214314247425,904.862763888714,1093.42568509672,60
"3107",2039,982.137581462477,926.645826055944,1144.75824945277,60
"3107",2040,1012.553554078,949.474302190549,1199.24473560991,60
"3107",2041,1043.59409356764,972.759532719804,1255.06592770441,60
"3107",2042,1077.07482813247,997.710687490132,1316.15708212253,60
"3107",2043,1112.49470447487,1023.978101792,1381.53823019982,60
"3107",2044,1151.4486186366,1052.60889480005,1454.36130411569,60
"3107",2045,1192.09242110044,1082.35843111347,1525.21901177532,60
"3107",2046,1232.9474123237,1112.24200103644,1596.59042442398,60
"3107",2047,1276.03258714735,1143.57895603271,1672.35169686509,60
"3107",2048,1323.13843635501,1177.52430628864,1756.44740362068,60
"3107",2049,1373.78905543645,1213.73568232119,1847.67161865046,60
"3107",2050,1426.68149883167,1251.34407191402,1946.44867150067,60
"3110",2026,62.8231624088553,62.5857423012653,63.219441987796,60
"3110",2027,63.6046598096486,63.2032193052062,64.4274878434226,60
"3110",2028,64.7193096843334,64.0628955958374,66.2053367381786,60
"3110",2029,65.8648209358046,64.9549660078944,67.9952955414955,60
"3110",2030,67.802106874479,66.4121627794516,71.2717098236166,60
"3110",2031,69.9318116662453,68.0142500071018,74.915280139972,60
"3110",2032,72.3895023013834,69.8517747589361,79.208460619995,60
"3110",2033,75.2262380898015,71.9560038279209,84.2803095514775,60
"3110",2034,78.2507359471126,74.1947200535743,89.7500348964052,60
"3110",2035,82.1905285576998,77.0470836825656,97.2298216825951,60
"3110",2036,86.0801698571893,79.8716941702785,104.632085358653,60
"3110",2037,90.554427471906,83.0799198970884,113.407537686157,60
"3110",2038,94.9333991316908,86.2318470157681,121.988140142849,60
"3110",2039,99.8932640540819,89.7582569818481,131.987726014371,60
"3110",2040,105.304202957972,93.5734921821982,143.132538783391,60
"3110",2041,110.709953498289,97.3841154110906,154.326970301096,60
"3110",2042,115.444740682655,100.775109149579,163.860182787289,60
"3110",2043,120.988413805208,104.679626878469,175.438964841341,60
"3110",2044,127.322796095467,109.076074008607,189.102294460826,60
"3110",2045,134.207859086128,113.805002621724,204.314145754761,60
"3110",2046,140.627854429071,118.249322574045,218.342598584827,60
"3110",2047,146.67820566648,122.467465512273,231.410244393514,60
"3110",2048,152.745190796717,126.69597897143,244.545750525439,60
"3110",2049,160.198278816225,131.76765059946,261.519268682548,60
"3110",2050,168.626588665665,137.418762587204,281.336323754473,60
"3112",2026,80.319427009316,80.1557320436167,81.7639849275944,60
"3112",2027,80.7386933334647,80.5127597032994,82.9006769494427,60
"3112",2028,81.3726734050094,81.0161776645294,84.3034001857062,60
"3112",2029,81.9516753674748,81.474109878124,85.5887889407202,60
"3112",2030,83.0565242064159,82.3089046426498,87.6138074078322,60
"3112",2031,84.2760224082288,83.2331266244678,89.9149063500353,60
"3112",2032,85.7128526178447,84.3155234821891,92.6155757412885,60
"3112",2033,87.2685377581877,85.4901797045383,95.5973230563376,60
"3112",2034,88.8710506139981,86.7099931807536,98.6794102149795,60
"3112",2035,91.2168547695284,88.4343030645903,103.238045429571,60
"3112",2036,93.3881761605989,90.0538546384308,107.428305449547,60
"3112",2037,96.2309142095392,92.1266138617071,112.98685265091,60
"3112",2038,98.5491870983192,93.9051696531529,117.448215920044,60
"3112",2039,101.51068282405,96.1478101953064,123.24720624126,60
"3112",2040,104.793666740797,98.6221946746361,129.732173544406,60
"3112",2041,108.371250526732,101.307091252909,136.861635041823,60
"3112",2042,111.101032699416,103.401599051997,142.139311548001,60
"3112",2043,115.320449815381,106.544263501688,150.677332366119,60
"3112",2044,118.603916361479,109.034572075904,157.157916840115,60
"3112",2045,123.372212888318,112.557570866297,166.976427889987,60
"3112",2046,127.703080994582,115.777775493215,175.835056199381,60
"3112",2047,132.028371755449,118.993967065757,184.700871802389,60
"3112",2048,136.795681233832,122.510652438243,194.620851259938,60
"3112",2049,142.466678391446,126.607812113889,206.679864522956,60
"3112",2050,147.843308239058,130.491208840324,218.108868279568,60
"3114",2026,40.7616076172722,39.9032640955057,41.6688293885496,60
"3114",2027,41.2698894746904,40.045237721805,42.6275170273667,60
"3114",2028,41.8599885572822,40.2524050255638,43.7045849699497,60
"3114",2029,42.590094376188,40.5704579729371,45.0040946469698,60
"3114",2030,43.415174382765,40.9641370241756,46.4496829852097,60
"3114",2031,44.4064457722918,41.4885987501727,48.2044087625565,60
"3114",2032,45.4762681956839,42.0755509601248,50.0957979306172,60
"3114",2033,46.569702492996,42.6824577027863,52.0060537531805,60
"3114",2034,47.8968829819053,43.4303992434232,54.360247916815,60
"3114",2035,49.1906791416158,44.1368219496631,56.6234877269061,60
"3114",2036,50.7721066334687,45.0194318303103,59.4463045109507,60
"3114",2037,52.319999003102,45.8888980428598,62.1836934659817,60
"3114",2038,54.1631244134405,46.9682075849329,65.5070821729829,60
"3114",2039,56.0946790742348,48.1658585766722,68.9999164273474,60
"3114",2040,57.7909912473582,49.1993964018508,71.9857353266968,60
"3114",2041,59.9607557462318,50.5030108651907,75.9484856244576,60
"3114",2042,62.4175312910525,51.9896167944355,80.498626551235,60
"3114",2043,64.9738435743064,53.5329809190835,85.203240602702,60
"3114",2044,67.5696289187568,55.1036786306658,89.9832658334752,60
"3114",2045,69.8664414181693,56.492765739541,94.137649196393,60
"3114",2046,73.0768182296668,58.4386825473603,100.226673619371,60
"3114",2047,75.963987139742,60.1881846625835,105.6408069174,60
"3114",2048,79.2699895234138,62.1908066229658,111.965815806816,60
"3114",2049,82.8108240004291,64.3303289051207,118.834503313758,60
"3114",2050,86.0862104653575,66.3101552547037,125.137347401252,60
"3116",2026,39.2809771098375,39.1700802119134,39.6152037171091,60
"3116",2027,39.5563435392798,39.3709227948059,40.0649387089011,60
"3116",2028,39.8642316442451,39.6032925070464,40.5502179134524,60
"3116",2029,40.3578475307612,39.9758269308649,41.326348279977,60
"3116",2030,40.9570739367961,40.4302289229991,42.2379928935734,60
"3116",2031,41.5944167231335,40.9194002567756,43.1689316855345,60
"3116",2032,42.6227713010806,41.6872592042347,44.8336236368065,60
"3116",2033,43.6346056642676,42.4498529936294,46.5166981683804,60
"3116",2034,44.7866949360713,43.3160954251683,48.4568196322976,60
"3116",2035,46.0869576440089,44.2880587125333,50.6632474697078,60
"3116",2036,47.6018423306233,45.4121846281369,53.2046685517498,60
"3116",2037,49.0879785611177,46.5232105510527,55.6835490755216,60
"3116",2038,50.8303534223928,47.8079925899963,58.6937237892814,60
"3116",2039,52.5280883797944,49.0687988153041,61.6391812311808,60
"3116",2040,54.4203746607362,50.4613967748758,64.9859712949128,60
"3116",2041,56.2296901653293,51.8028641823764,68.1549840373638,60
"3116",2042,58.4823459649524,53.4378445432262,72.2630435796926,60
"3116",2043,60.37489399427,54.8389105698176,75.6064767691304,60
"3116",2044,62.2742984080713,56.2481239720699,78.9555445524802,60
"3116",2045,64.8420809145928,58.0931582607383,83.7607150828617,60
"3116",2046,67.5648998927627,60.0386609385774,88.9239540905345,60
"3116",2047,70.3553737386321,62.0272937927026,94.2574810319527,60
"3116",2048,72.600060474835,63.6653278471487,98.3763689664995,60
"3116",2049,75.8790665701123,65.9666719169466,104.844955029197,60
"3116",2050,79.5983654290803,68.5444169446526,112.371674984364,60
"3118",2026,509.165724414514,507.258916515102,512.797578895601,60
"3118",2027,513.79058321081,510.72265678911,519.78841159737,60
"3118",2028,519.280547143497,514.856161295183,528.265486116363,60
"3118",2029,526.028740668371,519.93248817795,538.867356977889,60
"3118",2030,534.857419426208,526.516947253184,553.146302300914,60
"3118",2031,544.452231907271,533.681696652413,568.751887759041,60
"3118",2032,555.624175269084,541.985060131839,587.090100173426,60
"3118",2033,567.772794994493,551.006055723047,607.286235924655,60
"3118",2034,581.006339936282,560.816939080699,629.473417978105,60
"3118",2035,596.250972588626,572.041950840185,655.490298411566,60
"3118",2036,612.730637862405,584.146421534333,683.882274433256,60
"3118",2037,630.606822532648,597.227257656755,715.028644996467,60
"3118",2038,648.634390358607,610.439040535822,746.46880376024,60
"3118",2039,667.502035166793,624.243420321414,779.585283960975,60
"3118",2040,687.067361683525,638.546478621334,814.08772320684,60
"3118",2041,708.301905169595,653.98441401013,852.025906330107,60
"3118",2042,731.045018387522,670.443546003303,893.122002036987,60
"3118",2043,753.648926885923,686.832370241355,933.936340269557,60
"3118",2044,777.898002528937,704.319635790647,978.264896916864,60
"3118",2045,804.779190083414,723.539284468333,1028.30879574846,60
"3118",2046,832.44510220762,743.273071725687,1080.16912849405,60
"3118",2047,862.087312284444,764.284972151588,1136.50430385517,60
"3118",2048,891.84203030256,785.363966374292,1193.24900287803,60
"3118",2049,924.666504182889,808.406497510645,1257.04067877786,60
"3118",2050,960.231669920862,833.175625324123,1327.32652224026,60
"3120",2026,99.3499533552835,99.0676257181501,100.189269936792,60
"3120",2027,100.499269450246,100.063550264257,101.782459756887,60
"3120",2028,102.103097265803,101.436304531766,104.143551236795,60
"3120",2029,104.036403307178,103.078458594964,107.066832653193,60
"3120",2030,106.132843508299,104.783544284033,110.257652491147,60
"3120",2031,108.550300632915,106.703351368482,114.010795516384,60
"3120",2032,111.378384060249,108.907912896597,118.510557585237,60
"3120",2033,114.49520696536,111.374197054762,123.541572610867,60
"3120",2034,118.535460684737,114.48594663468,130.362655903256,60
"3120",2035,122.121052858803,117.291513685624,136.296611840658,60
"3120",2036,126.197316640751,120.442039373376,143.194443826328,60
"3120",2037,130.758728743299,123.925700317791,151.084837486921,60
"3120",2038,135.875992855091,127.787550111254,160.137471518355,60
"3120",2039,141.581130099099,132.043736421728,170.456733316784,60
"3120",2040,146.64974999002,135.873377202646,179.471970232241,60
"3120",2041,152.078068970068,139.947513141336,189.257994994485,60
"3120",2042,157.735632497776,144.171614340506,199.569073930686,60
"3120",2043,163.675049525612,148.581390554855,210.520337676474,60
"3120",2044,170.784375964607,153.758184372719,224.090552732511,60
"3120",2045,177.073950409504,158.396030312762,235.884432614811,60
"3120",2046,183.539057458308,163.145910397728,248.105756295891,60
"3120",2047,190.421128225813,168.166594633844,261.298570419607,60
"3120",2048,197.144402351877,173.085430864353,274.149846534077,60
"3120",2049,205.96209825661,179.342318683306,291.927211128317,60
"3120",2050,214.335041122072,185.301728218592,308.776221882669,60
"3122",2026,32.2819812850258,32.1489767485348,33.4609313249457,60
"3122",2027,33.0030261002563,32.7604627504657,34.8158976953231,60
"3122",2028,33.8348817299147,33.4547181614798,36.3750011131847,60
"3122",2029,34.7310389780758,34.1987242024405,38.0499161751079,60
"3122",2030,35.9127204037962,35.145062643521,40.2827099178253,60
"3122",2031,36.7987315257372,35.8911175811349,41.9172878627796,60
"3122",2032,38.2122177136854,37.0054973902305,44.6024633828228,60
"3122",2033,39.9028981468564,38.3101851025866,47.8623903806515,60
"3122",2034,41.3532259160032,39.4530797897892,50.6292057089366,60
"3122",2035,43.2455296965396,40.8969247112159,54.3221460473423,60
"3122",2036,44.6662445192069,42.0283932493979,57.0095383489225,60
"3122",2037,46.4524902319295,43.4067275544486,60.4496579687889,60
"3122",2038,48.8890699809571,45.2145814309641,65.1475063304743,60
"3122",2039,50.5849247156918,46.5356785728078,68.3501622971314,60
"3122",2040,52.7097330327849,48.140165865716,72.4248636356098,60
"3122",2041,54.8328726662152,49.7464486840601,76.4938474058966,60
"3122",2042,56.621678753899,51.1357413820089,79.8738189716498,60
"3122",2043,58.9928135232485,52.9046155773964,84.4587341273486,60
"3122",2044,61.7085303040862,54.8982099328557,89.7650031514296,60
"3122",2045,65.172645955987,57.3691705672612,96.7156609736782,60
"3122",2046,67.8748014087861,59.3510407578987,102.059259119967,60
"3122",2047,70.0990241779102,61.031042069982,106.359356878349,60
"3122",2048,73.2039046738414,63.2698614283808,112.591117240164,60
"3122",2049,76.8480408562762,65.8450453381038,120.46162045409,60
"3122",2050,81.468440265772,69.0284935488543,131.001266864294,60
"3124",2026,14.1690316711396,14.1279746169656,14.6789763578487,60
"3124",2027,14.3451963165782,14.2673058511685,15.1418915908779,60
"3124",2028,14.5083385437899,14.397305276455,15.5775322325782,60
"3124",2029,14.7503051999926,14.5903377262982,16.1646698060704,60
"3124",2030,14.9424115761922,14.7461301156169,16.6481373205526,60
"3124",2031,15.2115050278588,14.9629919275484,17.2819745654001,60
"3124",2032,15.7017383636165,15.3501189099985,18.3698523078221,60
"3124",2033,16.0452954089493,15.6265554069317,19.1508188289249,60
"3124",2034,16.4438428544959,15.9453384300921,20.0461767048551,60
"3124",2035,17.126625483023,16.4813356185092,21.5413365412148,60
"3124",2036,17.7602964836061,16.9790926737208,22.9680504234175,60
"3124",2037,18.3733253961676,17.4620470265336,24.3778170042839,60
"3124",2038,19.2982797605956,18.1774593452274,26.5127697112963,60
"3124",2039,19.838357780456,18.6082319767188,27.7293230679212,60
"3124",2040,20.5184601854103,19.1421388861202,29.2865690201701,60
"3124",2041,21.4842753861151,19.8849054484631,31.5531244837389,60
"3124",2042,22.1574129751016,20.4155696417454,33.0893249877378,60
"3124",2043,23.4511487989302,21.3949943321425,36.2058125435795,60
"3124",2044,24.4435434549565,22.1471746872991,38.577873532788,60
"3124",2045,25.0374377369674,22.6182120242866,39.9251287295588,60
"3124",2046,26.4976175521295,23.6962838561296,43.5319930326176,60
"3124",2047,27.9736353448368,24.778877805232,47.2350677248333,60
"3124",2048,29.2652471213447,25.7310109840202,50.483566049239,60
"3124",2049,29.9264142482709,26.246835146218,52.0194883774784,60
"3124",2050,31.4834930150502,27.3777023048558,56.0345326647044,60
"3201",2026,1415.3913757055,1410.15819612693,1425.04121853707,60
"3201",2027,1428.23208478259,1420.1705581545,1443.61933490624,60
"3201",2028,1443.72104150943,1432.27346988315,1466.24398558911,60
"3201",2029,1461.90373199969,1446.4880893129,1493.04530687793,60
"3201",2030,1484.46153583392,1463.97987598995,1527.06212887425,60
"3201",2031,1509.52811640723,1483.41518275395,1565.10421969952,60
"3201",2032,1539.91198105129,1506.73182846643,1612.31174760174,60
"3201",2033,1572.60595863654,1531.81283395961,1663.38566669791,60
"3201",2034,1608.29558588928,1559.12424288447,1719.62029586407,60
"3201",2035,1649.23099717856,1590.20138699916,1785.27468309968,60
"3201",2036,1692.44957538537,1622.99549499707,1854.92789000306,60
"3201",2037,1743.12267457632,1661.00972501726,1938.49846816417,60
"3201",2038,1795.4280919575,1700.24539929426,2025.09790829393,60
"3201",2039,1851.05843862276,1741.84049602206,2118.01849454416,60
"3201",2040,1911.38691146407,1786.69930691553,2220.0608894718,60
"3201",2041,1974.02442129008,1833.19915878466,2327.44691430208,60
"3201",2042,2043.60474959892,1884.40405361023,2449.07335621319,60
"3201",2043,2118.19677160268,1938.98133879169,2581.24806050705,60
"3201",2044,2197.36326888635,1996.60107203146,2723.3088471313,60
"3201",2045,2282.66619621016,2058.24910713064,2878.80803147756,60
"3201",2046,2372.35730190366,2122.7194978587,3044.38287507961,60
"3201",2047,2468.88193294662,2191.56088112135,3225.60087692713,60
"3201",2048,2567.40754112806,2261.58712767189,3412.24837059829,60
"3201",2049,2672.0235076359,2335.40224048906,3613.54907098931,60
"3201",2050,2779.93290861906,2411.15739743186,3823.59658810492,60
"3203",2026,957.303083271605,953.799225719162,964.244330268826,60
"3203",2027,968.220043984478,962.729343951821,979.42742432771,60
"3203",2028,981.513908116079,973.487774644318,998.494795186907,60
"3203",2029,997.346533426108,986.176279152972,1021.7516084594,60
"3203",2030,1015.50591146437,1000.62720030393,1048.90419581684,60
"3203",2031,1036.50138604226,1017.18159135666,1080.96350324897,60
"3203",2032,1059.60725848309,1035.31431924282,1116.68890185028,60
"3203",2033,1084.87734396836,1055.05703153566,1156.22252644814,60
"3203",2034,1113.73812389858,1077.38423923122,1202.33078365509,60
"3203",2035,1144.8671675935,1101.37214543131,1252.59447227614,60
"3203",2036,1178.59987736552,1127.24733443575,1307.70153321107,60
"3203",2037,1214.93736528609,1154.99227051792,1367.7501054348,60
"3203",2038,1253.70244126564,1184.46830538644,1432.48602219825,60
"3203",2039,1295.6028987532,1216.14175396447,1503.40232197745,60
"3203",2040,1338.59189577403,1248.62825278579,1576.4267150769,60
"3203",2041,1384.72334236493,1283.28805713188,1655.80885500095,60
"3203",2042,1432.60808131941,1319.18107730945,1738.77499018633,60
"3203",2043,1485.51611451382,1358.4597385731,1832.24587235613,60
"3203",2044,1542.85963511595,1400.69686627106,1935.24308408403,60
"3203",2045,1602.46243771957,1444.42415323771,2043.34955173906,60
"3203",2046,1667.48062503714,1491.68232312682,2163.52890786435,60
"3203",2047,1732.43139857726,1538.85460126484,2284.08292764896,60
"3203",2048,1803.84299622633,1590.1648895665,2419.46713053329,60
"3203",2049,1879.92265871244,1644.39092914957,2566.12202553538,60
"3203",2050,1961.68277057259,1702.13462185445,2726.6862041022,60
"3205",2026,804.228962511112,802.058388515107,809.058644823656,60
"3205",2027,808.791636166862,805.419614809591,816.397893956611,60
"3205",2028,814.715692436896,809.878226823872,825.798348090287,60
"3205",2029,822.049623928722,815.462520922309,837.392722173967,60
"3205",2030,831.15521517854,822.420955668575,851.840659435923,60
"3205",2031,841.412327215948,830.306232195408,868.069375239301,60
"3205",2032,853.553957148524,839.627905260218,887.436184286082,60
"3205",2033,866.63691490319,849.715514933522,908.258677021498,60
"3205",2034,881.320599812547,861.0283993,931.761948770458,60
"3205",2035,897.980495195947,873.824026407491,958.674911899398,60
"3205",2036,915.62118994422,887.403393671306,987.173199927335,60
"3205",2037,935.626379369809,902.717997213426,1019.900132471,60
"3205",2038,955.875331874098,918.28538619425,1052.89446090399,60
"3205",2039,978.237753693812,935.389668708875,1089.74754090736,60
"3205",2040,1003.14231845923,954.315493367788,1131.35064363428,60
"3205",2041,1028.92585859185,973.910195502635,1174.53911026183,60
"3205",2042,1057.39011580559,995.396182619755,1222.88457882438,60
"3205",2043,1087.94464327864,1018.35437517933,1275.31786792184,60
"3205",2044,1121.81390103762,1043.59217393472,1334.40253080445,60
"3205",2045,1158.69598882434,1070.88241133435,1399.67962307233,60
"3205",2046,1198.27891145531,1099.9891268361,1470.66717548063,60
"3205",2047,1241.08740624876,1131.2389048074,1548.59798621868,60
"3205",2048,1286.13518689764,1163.94641013234,1631.58603159752,60
"3205",2049,1334.84819209446,1199.03213176945,1722.79264873361,60
"3205",2050,1388.5386288969,1237.32247824798,1825.28916449776,60
"3207",2026,669.621871389044,667.688984261553,673.731394408409,60
"3207",2027,673.428498363864,670.420939325911,679.929825909114,60
"3207",2028,678.895609976666,674.40309636508,688.917701013739,60
"3207",2029,685.44374410157,679.215624741303,699.673691690099,60
"3207",2030,693.834516127219,685.390940949295,713.597031919572,60
"3207",2031,703.202603641804,692.308731272637,729.177768940939,60
"3207",2032,713.445192180934,699.894092325519,746.241516777568,60
"3207",2033,725.267377039723,708.637968764859,766.107154539649,60
"3207",2034,737.889734032477,717.992607163835,787.353295242725,60
"3207",2035,752.863210672761,729.031570289325,812.92375906239,60
"3207",2036,767.966609443839,740.217247947702,838.629197296819,60
"3207",2037,783.541075129561,751.785357555845,865.10671267572,60
"3207",2038,800.941026858171,764.655072054683,895.012986755646,60
"3207",2039,820.288663401424,778.904242103268,928.635364683505,60
"3207",2040,840.963494468211,794.098284130607,964.818670433597,60
"3207",2041,861.277070308436,809.088189112814,1000.22016436314,60
"3207",2042,882.393936426518,824.66070684043,1037.15791916325,60
"3207",2043,906.686029326776,842.408806756329,1080.4607756158,60
"3207",2044,935.308242230018,863.07723917275,1132.66735299441,60
"3207",2045,965.591138603173,884.852746215562,1188.473910962,60
"3207",2046,995.001534805139,906.045418388122,1242.62421327416,60
"3207",2047,1026.55178309356,928.644522975564,1301.45344003119,60
"3207",2048,1060.14438041415,952.563054522862,1364.88215848909,60
"3207",2049,1099.55932164935,980.268035700289,1441.17441353361,60
"3207",2050,1140.18566340854,1008.68832934223,1520.67222392295,60
"3209",2026,254.089232880535,253.531381977693,256.138137352631,60
"3209",2027,255.724237147262,254.841496243079,258.821683405523,60
"3209",2028,257.785678794289,256.520102991191,262.074317680441,60
"3209",2029,260.265389605324,258.558642940454,265.889698218235,60
"3209",2030,263.314019568187,261.071146309847,270.50690843852,60
"3209",2031,266.721795831148,263.893546334573,275.610345496526,60
"3209",2032,271.056694770918,267.417748252564,282.165462634342,60
"3209",2033,275.651429018819,271.11943394133,289.392669247529,60
"3209",2034,280.858873798397,275.293252038735,297.65009929327,60
"3209",2035,286.603368168138,279.884481419022,306.75451983248,60
"3209",2036,292.788827790358,284.823807402117,316.250120376339,60
"3209",2037,300.168792409364,290.631575699441,327.734364612275,60
"3209",2038,307.548338816743,296.4690092826,339.1674321445,60
"3209",2039,315.670017617483,302.84869017723,352.179737288934,60
"3209",2040,324.187718741242,309.529139241335,365.969868116712,60
"3209",2041,333.840547079599,317.015902978564,381.880551203351,60
"3209",2042,344.682626387275,325.337930084329,400.063362671524,60
"3209",2043,355.926206369433,333.948844825299,419.04620564853,60
"3209",2044,367.383314492995,342.719095371977,438.462256306729,60
"3209",2045,380.275021260947,352.472510189375,460.744223392081,60
"3209",2046,394.971823726294,363.446712335095,486.715096970048,60
"3209",2047,411.461121202562,375.615588502849,516.461694282467,60
"3209",2048,428.103111580771,387.87351314825,546.681998778768,60
"3209",2049,445.30820897638,400.490887177586,578.232794027592,60
"3209",2050,464.45624854907,414.369220652392,614.08378481922,60
"3212",2026,211.846061947737,208.405108620539,213.379186538315,60
"3212",2027,214.185543303134,209.402427178964,216.702693393177,60
"3212",2028,217.175669021002,211.022776491925,221.025009744376,60
"3212",2029,220.70872214639,213.154342965701,226.185476981294,60
"3212",2030,225.032222175214,216.047481365823,232.617723094218,60
"3212",2031,229.6376334061,219.207642056334,239.483999389238,60
"3212",2032,235.493258104324,223.569305746943,248.576869328364,60
"3212",2033,241.673221376876,228.130807422027,258.346980944137,60
"3212",2034,248.700305225854,233.224158023127,269.672367849901,60
"3212",2035,256.217279504659,238.357709342588,281.915471823569,60
"3212",2036,264.597848768182,244.071523321524,295.797111108647,60
"3212",2037,273.927051378933,250.435967135903,311.527359469412,60
"3212",2038,283.515759145053,256.951079469811,327.776403014509,60
"3212",2039,293.820682047992,263.523144562221,345.46162744535,60
"3212",2040,305.121199456979,271.424387815058,365.205815329165,60
"3212",2041,317.431693257992,280.060714042424,387.058606481673,60
"3212",2042,329.694231632575,288.664541751513,408.870379721442,60
"3212",2043,342.634034711885,297.759466628831,432.140961291211,60
"3212",2044,355.516716766617,306.813980534078,455.346456465643,60
"3212",2045,370.400599807223,317.234893791848,482.893418821642,60
"3212",2046,386.622017608798,328.574226755548,513.5059452369,60
"3212",2047,403.045043196699,340.045589745269,544.726627330573,60
"3212",2048,417.755513092233,350.312363320865,572.278052103256,60
"3212",2049,434.228245507349,361.796474034637,603.908870223003,60
"3212",2050,452.457891949235,374.410093823468,639.684891663397,60
"3214",2026,201.312424612299,200.548807710945,202.569963832753,60
"3214",2027,202.544663035933,201.328421798088,204.697152395539,60
"3214",2028,204.418389001533,202.588038120257,207.89249474981,60
"3214",2029,206.854517023763,204.263025469651,212.042474222091,60
"3214",2030,209.684197524655,206.223095280851,216.857607389895,60
"3214",2031,213.366453175367,208.792336240844,223.188877270937,60
"3214",2032,217.276416496965,211.537415226602,229.909600503446,60
"3214",2033,222.113766080562,214.93660545401,238.33296327791,60
"3214",2034,227.66475845974,218.840199969859,248.089953235885,60
"3214",2035,232.881213040812,222.538473074702,257.170623981453,60
"3214",2036,238.653691965391,226.636967475027,267.333307159544,60
"3214",2037,245.146659527147,231.242345849246,278.90186679154,60
"3214",2038,252.497378828449,236.436161895118,292.188270920694,60
"3214",2039,260.619159754457,242.160001295147,307.038856502586,60
"3214",2040,268.137605160727,247.501371116841,320.621746542477,60
"3214",2041,277.146215892594,253.841124900082,337.298299068401,60
"3214",2042,286.526541700269,260.433845402075,354.778062260659,60
"3214",2043,296.998786846211,267.745153321714,374.628917521383,60
"3214",2044,309.739212170936,276.52839093139,399.489584226224,60
"3214",2045,322.498514577742,285.313545574816,424.545061270798,60
"3214",2046,335.670927021089,294.350621664752,450.675007166041,60
"3214",2047,350.489013764326,304.421974738223,480.707659357843,60
"3214",2048,366.156570500825,315.010771733809,512.919279738649,60
"3214",2049,385.239458068997,327.705845571799,553.488452947213,60
"3214",2050,402.184042364232,339.018910003029,589.377011961168,60
"3216",2026,139.253318617031,138.604486002176,141.398316995372,60
"3216",2027,140.339765691715,139.329245568486,143.569030959867,60
"3216",2028,141.917115421374,140.431273059343,146.501001743699,60
"3216",2029,143.846587344285,141.80867689183,149.888234304579,60
"3216",2030,146.298008627453,143.57705989485,154.029349626322,60
"3216",2031,149.122247544248,145.628537579898,158.915167755064,60
"3216",2032,152.373589805721,147.998015769115,164.511653287498,60
"3216",2033,156.178674414101,150.769495878248,171.063019205793,60
"3216",2034,160.487920202455,153.904996031783,178.491765360137,60
"3216",2035,165.155593730003,157.304052909034,186.713373822433,60
"3216",2036,169.789901183184,160.699207153274,194.994508625387,60
"3216",2037,175.348619254417,164.740158663147,205.129057497396,60
"3216",2038,180.830605217955,168.743871353009,214.999481612805,60
"3216",2039,186.855167442693,173.128474163175,225.704534911884,60
"3216",2040,192.821610440556,177.492320722505,236.257752937167,60
"3216",2041,198.84663099431,181.911578898581,246.890475516037,60
"3216",2042,205.78961951031,186.958513065074,259.315025969296,60
"3216",2043,212.560838390435,191.893141488284,271.370132420007,60
"3216",2044,220.028158269187,197.282631227284,284.801505239784,60
"3216",2045,227.897313174337,202.941848141944,299.070741219647,60
"3216",2046,236.554182271938,209.116300074865,315.291053491311,60
"3216",2047,245.443686157395,215.444825335753,332.121623529964,60
"3216",2048,255.262906876308,222.370707699213,351.253965288952,60
"3216",2049,265.633018777529,229.643802636125,371.721163685104,60
"3216",2050,277.353879270987,237.762458983312,395.439479653283,60
"3218",2026,151.172718707261,150.663149416477,153.439228208759,60
"3218",2027,152.856383732106,152.103596187754,156.187032410384,60
"3218",2028,154.82924905878,153.802149492976,159.367145546976,60
"3218",2029,157.138936014859,155.798141141424,163.064945982058,60
"3218",2030,159.829153658653,158.127229698993,167.358831519969,60
"3218",2031,162.649915850405,160.581296338026,171.811709466904,60
"3218",2032,166.170827105378,163.631225040064,177.464768971641,60
"3218",2033,169.747876172624,166.742214437237,183.276798510482,60
"3218",2034,173.927157319588,170.344616450222,190.231653548609,60
"3218",2035,178.366138526283,174.082197701866,197.64412864918,60
"3218",2036,182.854469153913,177.878790445911,205.014817310569,60
"3218",2037,188.360109435488,182.442510649364,214.17372578059,60
"3218",2038,193.475764453189,186.735079394685,222.55314447921,60
"3218",2039,199.659331307984,191.823400233473,232.949910873888,60
"3218",2040,205.788615505514,196.88275730539,243.22320779748,60
"3218",2041,212.305442683681,202.233256888092,254.236374399352,60
"3218",2042,219.318997703123,207.952513404593,266.235208071833,60
"3218",2043,226.755119518494,213.98339447191,279.075110314632,60
"3218",2044,235.321423189908,220.832604915732,294.198669780845,60
"3218",2045,244.104340283806,227.837701345796,309.796042876638,60
"3218",2046,253.637733450351,235.379156891856,326.969675110789,60
"3218",2047,263.734239817827,243.318066950308,345.366640480681,60
"3218",2048,273.839972212889,251.259642586609,363.84173869551,60
"3218",2049,285.335957327549,260.178468986126,385.321653759473,60
"3218",2050,297.394253705723,269.321689701225,408.113092847505,60
"3220",2026,73.8753361652812,73.6710738653763,76.795675988265,60
"3220",2027,74.6102434617438,74.2581154240281,78.8987933035563,60
"3220",2028,75.4328484701052,74.9205630536376,81.1435923878743,60
"3220",2029,76.4315250616231,75.7272056576277,83.6871739443579,60
"3220",2030,77.7391835159944,76.7805599299234,86.7698707384751,60
"3220",2031,79.2753169538087,78.0157878661526,90.2542952975655,60
"3220",2032,81.0827052328854,79.4104447734921,94.2229889033479,60
"3220",2033,82.9671718301354,80.8658754609727,98.3253009704827,60
"3220",2034,85.1492241082551,82.5369621124344,102.963440256283,60
"3220",2035,87.4117151520444,84.2715678751598,107.741473020879,60
"3220",2036,90.0472235308551,86.2709400600139,113.203856247381,60
"3220",2037,92.636882441601,88.2457008227781,118.573913812218,60
"3220",2038,95.3539363387175,90.3137356356364,124.176065174192,60
"3220",2039,98.3786421071279,92.5978075235451,130.351097873148,60
"3220",2040,101.596026107903,95.0171707566282,136.888325006877,60
"3220",2041,104.7484521884,97.3961812132056,143.300170438095,60
"3220",2042,107.455194888838,99.4831517656717,148.847484177079,60
"3220",2043,111.530115776859,102.489704676309,157.021610494199,60
"3220",2044,115.386524986318,105.351853786541,164.779482207193,60
"3220",2045,119.632409704258,108.474401100136,173.297409696977,60
"3220",2046,124.019160370969,111.690709651796,182.097403522719,60
"3220",2047,128.416050706472,114.907583936562,190.932221135651,60
"3220",2048,133.187738876493,118.365119898152,200.514372839844,60
"3220",2049,139.373477385367,122.734175746251,213.299944746366,60
"3220",2050,145.403452747181,126.988411285984,225.874081672625,60
"3222",2026,356.599585414323,355.615243240641,358.836144217709,60
"3222",2027,359.221239550863,357.699425713576,362.82114710761,60
"3222",2028,362.542742951382,360.386959947536,367.82914154512,60
"3222",2029,366.90730434236,363.887556157605,374.43906608808,60
"3222",2030,372.037996658311,367.956407464599,382.211714333263,60
"3222",2031,377.811917284549,372.542189942094,390.953991108478,60
"3222",2032,384.563793911921,377.880161373259,401.258630585835,60
"3222",2033,392.263918862536,383.943395618326,413.099750942297,60
"3222",2034,401.057293102476,390.828559890829,426.895217104135,60
"3222",2035,410.811727693071,398.433992533287,442.457692198198,60
"3222",2036,420.829233139278,406.264079946721,458.432110879372,60
"3222",2037,431.723533944775,414.744378474288,475.99076988614,60
"3222",2038,443.517254375311,423.881666550666,495.204268249712,60
"3222",2039,456.856748342375,434.120565317197,517.344789443699,60
"3222",2040,470.486688569681,444.569683463146,540.038106311712,60
"3222",2041,483.917519666807,454.858373720034,562.318215491911,60
"3222",2042,498.829842709608,466.171788922425,587.485405495541,60
"3222",2043,515.247070341431,478.514895055846,615.649439233298,60
"3222",2044,533.165096432225,491.875598159115,646.864164561548,60
"3222",2045,552.192282873721,505.979392090215,680.407750950615,60
"3222",2046,571.386889789062,520.195533385756,714.378680746681,60
"3222",2047,592.717027658991,535.82209959993,752.87297174145,60
"3222",2048,616.208277984035,552.858346272144,796.135208820525,60
"3222",2049,641.144016917929,570.819852936664,842.839184230934,60
"3222",2050,667.097383369545,589.411931237623,892.294761149507,60
"3224",2026,146.31676652512,145.521581399559,147.455064671995,60
"3224",2027,147.743430391577,146.5561021762,149.544021844796,60
"3224",2028,149.449459274272,147.821430050131,152.037272903021,60
"3224",2029,151.514885420386,149.375578578112,155.07647502896,60
"3224",2030,153.929640450469,151.208908204988,158.65407207082,60
"3224",2031,156.684561968506,153.312295445431,162.764421725128,60
"3224",2032,159.869825922683,155.750194121954,167.573424534341,60
"3224",2033,163.125662467649,158.254915854301,172.465562695445,60
"3224",2034,167.050543234062,161.267049796877,178.489002809023,60
"3224",2035,170.967055379613,164.287432937047,184.460566337374,60
"3224",2036,175.60180721237,167.847977092191,191.587620704678,60
"3224",2037,180.460853856904,171.583912534567,199.063413366723,60
"3224",2038,185.253219612297,175.283099490571,206.484300413563,60
"3224",2039,190.686554111086,179.457768564701,215.049600376179,60
"3224",2040,196.567131989682,183.965396048248,224.602639804611,60
"3224",2041,202.832196354746,188.757142986014,234.894518655412,60
"3224",2042,209.055647606062,193.524996600189,245.099768180519,60
"3224",2043,215.369393685835,198.363623671768,255.473996149239,60
"3224",2044,222.207796029547,203.582631652031,266.886043753719,60
"3224",2045,230.193362636961,209.622212541301,280.612716354829,60
"3224",2046,238.991106365166,216.233696141818,296.032233343759,60
"3224",2047,247.669185062207,222.590349974549,311.265426694712,60
"3224",2048,256.300385169053,228.897681795645,326.457507224575,60
"3224",2049,265.202435642335,235.377892359596,342.291484794037,60
"3224",2050,276.11070829071,243.151771219374,362.478600059635,60
"3226",2026,121.430953334125,120.701069011708,125.327982031752,60
"3226",2027,122.747529274184,121.662130816296,128.355478749057,60
"3226",2028,124.414735386962,122.890002712297,131.982039451901,60
"3226",2029,126.447148450861,124.392779049381,136.243174082823,60
"3226",2030,128.688157446405,126.058882270615,140.855391191083,60
"3226",2031,131.257770326179,127.971251541929,146.046345825079,60
"3226",2032,134.358278281077,130.268387939949,152.040300275099,60
"3226",2033,137.97454046116,132.936086195938,158.653577395863,60
"3226",2034,141.555367995044,135.593090812248,165.200111067684,60
"3226",2035,145.425619846364,138.463941525809,172.190721806487,60
"3226",2036,149.615879537115,141.568512189751,179.675750736974,60
"3226",2037,154.26471526233,144.998410114756,187.995392100125,60
"3226",2038,159.696147282978,148.969484977933,197.721839990658,60
"3226",2039,164.830524331388,152.751658081615,207.175011759876,60
"3226",2040,170.193677473077,156.697333705415,217.199681863041,60
"3226",2041,175.508638955376,160.623461458566,227.102656946531,60
"3226",2042,181.51135150697,165.018808009125,238.359382031473,60
"3226",2043,188.239357318605,169.905776558499,251.062048339368,60
"3226",2044,195.195039783237,174.947965360209,264.230987175476,60
"3226",2045,203.232598283884,180.705265720963,279.624356969517,60
"3226",2046,210.438183466164,185.919772100391,293.319868867475,60
"3226",2047,218.68622547876,191.818086101693,309.185138750124,60
"3226",2048,228.069494615746,198.450461147229,327.463637300472,60
"3226",2049,238.629661624651,205.838872536321,348.717094943443,60
"3226",2050,249.304614917397,213.284073751165,370.771768465459,60
"3228",2026,165.113604618913,164.651879462277,165.901792425842,60
"3228",2027,166.148962124941,165.400493895926,167.473917616548,60
"3228",2028,167.539549357239,166.433806810608,169.617507620996,60
"3228",2029,169.185884310434,167.679914543054,172.153091677569,60
"3228",2030,171.326964650627,169.304979237072,175.511605806473,60
"3228",2031,173.968623160524,171.309350400533,179.66194953892,60
"3228",2032,177.231634834862,173.772780342221,184.860292314717,60
"3228",2033,180.801168870192,176.471906252469,190.570389071656,60
"3228",2034,184.592568467843,179.346357227409,196.642141144445,60
"3228",2035,189.059425960241,182.707913043537,203.926117869563,60
"3228",2036,193.955594930431,186.382740322912,211.991997466032,60
"3228",2037,199.750351637483,190.688552949768,221.749346475607,60
"3228",2038,205.988486547515,195.307201476837,232.365348467394,60
"3228",2039,212.236197312883,199.943449890535,242.998708950396,60
"3228",2040,218.781127404493,204.791051587528,254.212206778284,60
"3228",2041,225.661596691153,209.875018034874,266.086934914407,60
"3228",2042,233.744311395033,215.769578069466,280.399325993902,60
"3228",2043,242.355741673018,222.01725506037,295.835596694045,60
"3228",2044,250.859553010627,228.195184993393,311.090878352654,60
"3228",2045,260.030363103617,234.814523103959,327.775023020028,60
"3228",2046,269.613737257721,241.702242466855,345.385585718957,60
"3228",2047,280.084228564521,249.161348759233,364.971382100839,60
"3228",2048,291.439005304979,257.186634083913,386.600969413237,60
"3228",2049,302.764681791308,265.181203319991,408.35765265035,60
"3228",2050,315.153048997677,273.847311089596,432.608956968034,60
"3230",2026,39.3757278612282,39.0339170597568,41.0943683948739,60
"3230",2027,40.123662427672,39.62391000517,42.6065173165759,60
"3230",2028,40.8964584073592,40.2331554661342,44.1494094668762,60
"3230",2029,41.8075354297289,40.9577554755963,45.904103294374,60
"3230",2030,42.8322334660052,41.7774951686865,47.8325254598369,60
"3230",2031,43.9825007587541,42.7015580627619,49.9548832894798,60
"3230",2032,45.3587011569931,43.8052509052921,52.435456320975,60
"3230",2033,46.8265898879275,44.9823063968224,55.0587395431198,60
"3230",2034,48.3596972993327,46.214907268442,57.7802259188644,60
"3230",2035,50.1717963602748,47.6673781139653,60.9523774989603,60
"3230",2036,52.026116807045,49.1565797537848,64.1877570580845,60
"3230",2037,54.2532599354005,50.9901831168238,68.0894316426387,60
"3230",2038,56.2572584160258,52.6430555884037,71.6807421860526,60
"3230",2039,58.7060255834022,54.6693111799037,76.1267058824319,60
"3230",2040,61.2165254888098,56.7481995143499,80.7366393742104,60
"3230",2041,63.8746911406948,58.9516100862695,85.6352363365217,60
"3230",2042,66.6155862772046,61.2253499594383,90.6936319967983,60
"3230",2043,69.9774771949784,64.0155209718419,97.0183723000745,60
"3230",2044,73.0628017740492,66.3895299311432,102.78263056986,60
"3230",2045,76.8191936599607,69.1826924106951,109.943730590813,60
"3230",2046,80.7055831869048,72.0578175736838,117.424422151487,60
"3230",2047,84.8340110436023,75.0823803092274,125.552805342524,60
"3230",2048,89.6858964612338,78.5546760459176,135.328886382091,60
"3230",2049,94.681123968856,82.1066736226566,145.494168538031,60
"3230",2050,100.032736066665,85.8685274118609,156.541775721698,60
"3232",2026,199.881263067559,199.47822683431,201.541896189068,60
"3232",2027,200.84165548727,200.158326134702,203.430976352125,60
"3232",2028,202.174923410594,201.127986010176,205.895266577432,60
"3232",2029,203.922785092218,202.413719397398,209.017459774027,60
"3232",2030,206.184839031568,204.079735483592,212.986082854948,60
"3232",2031,208.704632397068,205.964330029887,217.356677491737,60
"3232",2032,211.662833694375,208.233695469918,222.459079920381,60
"3232",2033,214.749715799805,210.618403649337,227.812094655991,60
"3232",2034,218.805530619863,213.739189273395,235.00967907427,60
"3232",2035,223.192918505047,217.121858104277,242.808812284492,60
"3232",2036,227.683752403414,220.600961339619,250.75371381626,60
"3232",2037,232.370591241712,224.24608422691,259.016902805961,60
"3232",2038,237.487347468771,228.223261213902,268.084380649387,60
"3232",2039,243.327849518807,232.744829531619,278.572916579826,60
"3232",2040,249.29199132768,237.372646126796,288.630589866725,60
"3232",2041,256.257023242542,242.738680506093,300.275630329564,60
"3232",2042,262.781487754452,247.801016398626,311.708877679611,60
"3232",2043,270.721327514881,253.890337244798,326.119633750229,60
"3232",2044,278.916389897492,260.169820727229,341.063329217524,60
"3232",2045,288.111436609953,267.168050704586,358.108221377628,60
"3232",2046,298.148024570273,274.728789408466,376.986114530684,60
"3232",2047,309.157828138517,282.873310523414,398.036645609341,60
"3232",2048,321.095313301737,291.637874177497,421.214184727658,60
"3232",2049,333.602380095711,300.77038715374,445.797131448203,60
"3232",2050,347.261785278167,310.657449016327,473.121659188524,60
"3234",2026,78.3978497433818,78.0568633539512,80.5440041861914,60
"3234",2027,79.2064638864677,78.7130285105756,82.3271878954464,60
"3234",2028,80.2081673759947,79.5452003594807,84.423545865204,60
"3234",2029,81.5316423021059,80.6688174091711,87.1549858334186,60
"3234",2030,83.1320362615219,82.0430145329694,90.5370961028278,60
"3234",2031,84.932687232383,83.5983497483255,94.2203392828456,60
"3234",2032,86.9577031147788,85.2766561979096,98.3454037843982,60
"3234",2033,89.1907021844042,87.0707715182432,102.902030747709,60
"3234",2034,91.8501596130397,89.1815775481716,108.346884255864,60
"3234",2035,94.5341078370768,91.3124699808315,113.760462860387,60
"3234",2036,97.6524981916243,93.7652972309629,120.007953102181,60
"3234",2037,100.663928237219,96.1412068558745,126.048725121829,60
"3234",2038,104.257280594865,98.9404345903758,133.28196770396,60
"3234",2039,108.096532935921,101.917074958616,141.038005161842,60
"3234",2040,112.063818313591,104.985680175591,149.076744988848,60
"3234",2041,116.088928131568,108.094291711572,157.256035753478,60
"3234",2042,119.66201491702,110.882828099143,164.482555394606,60
"3234",2043,124.056084351468,114.246667827738,173.467968739005,60
"3234",2044,129.083607515577,118.046773607392,183.837045784019,60
"3234",2045,133.478407258923,121.399547148354,192.873352616756,60
"3234",2046,138.1995963384,124.976272067867,202.654490813793,60
"3234",2047,142.88893604272,128.529964733949,212.559673598482,60
"3234",2048,147.91588772257,132.312796190015,223.279696057672,60
"3234",2049,153.444623266798,136.435267050563,235.217141345501,60
"3234",2050,158.641383517037,140.323150904446,246.418572429838,60
"3236",2026,39.3736939591113,38.8957678660047,42.2785207735857,60
"3236",2027,40.107964606669,39.3880637911848,44.2814477252863,60
"3236",2028,40.8631323573841,39.9054510411507,46.3591442633166,60
"3236",2029,41.7907168078238,40.5570227392345,48.845922957034,60
"3236",2030,42.7619025025884,41.2557823466252,51.4185593916192,60
"3236",2031,43.8675158324723,42.0623273901572,54.3043253938441,60
"3236",2032,45.3314810220583,43.1507923606265,58.0701680962129,60
"3236",2033,46.7438117646437,44.2010227769329,61.6974877069034,60
"3236",2034,48.2901543719913,45.357785961055,65.6515284379981,60
"3236",2035,49.9855718357554,46.6324208173302,69.9759487601984,60
"3236",2036,51.6782930321586,47.9073492887064,74.2792102658597,60
"3236",2037,53.8239165506572,49.5326531344313,79.7711503935493,60
"3236",2038,56.007075031681,51.1875812986811,85.3754480290911,60
"3236",2039,58.1537332246294,52.8156425015071,90.8805452030811,60
"3236",2040,60.5022591003567,54.5995140670692,96.9326060334183,60
"3236",2041,62.924513342116,56.4403261079389,103.191236573751,60
"3236",2042,65.7394766486351,58.5807388438003,110.550212748421,60
"3236",2043,67.9965196750221,60.297365963387,116.348873764285,60
"3236",2044,71.0797795978151,62.6419442151855,124.485023889069,60
"3236",2045,73.822801361411,64.7279587549388,131.644351854244,60
"3236",2046,77.0898863504302,67.2099299251355,139.879210830905,60
"3236",2047,80.8825106257201,70.0856321463113,149.482388872918,60
"3236",2048,83.7574510780264,72.2703645178045,156.740608049735,60
"3236",2049,88.0442554878982,75.5131577754013,167.714662840554,60
"3236",2050,91.9148861775794,78.4411216041386,177.638560197219,60
"3238",2026,119.465862561435,119.232652209768,120.184551040602,60
"3238",2027,118.859572556822,118.478544493893,119.954561416372,60
"3238",2028,118.43234656,117.871791092057,119.984901831457,60
"3238",2029,118.20015755508,117.423018371097,120.289447428031,60
"3238",2030,118.25904503697,117.198903949098,120.973726491986,60
"3238",2031,118.443971690941,117.081408793334,121.799549739909,60
"3238",2032,118.922755350803,117.187267740506,123.032709054141,60
"3238",2033,119.516426044609,117.390067245499,124.431973300567,60
"3238",2034,120.538717391468,117.906343803819,126.606142684725,60
"3238",2035,121.681175228152,118.521327090196,128.955838480737,60
"3238",2036,123.0453246398,119.302454629009,131.679488249233,60
"3238",2037,124.635113021067,120.250801900855,134.779207505855,60
"3238",2038,126.48126545068,121.384715196289,138.314684392041,60
"3238",2039,128.584312837352,122.703429272842,142.504690319139,60
"3238",2040,130.949123418852,124.209415754989,147.242112115146,60
"3238",2041,133.220609496458,125.659835476818,151.779053587512,60
"3238",2042,136.28540851328,127.653368431345,157.925170495949,60
"3238",2043,139.351509106679,129.653186971004,164.078484107242,60
"3238",2044,142.92257707592,131.995617524783,171.293531361076,60
"3238",2045,147.349899188656,134.906360594091,180.364394727552,60
"3238",2046,151.497610351352,137.632891143571,188.631428739144,60
"3238",2047,156.302271683527,140.790292598036,198.286539231168,60
"3238",2048,161.877357969986,144.44843853002,209.609774967593,60
"3238",2049,167.174278097182,147.915710032568,220.423217500309,60
"3238",2050,173.868103092481,152.280965318162,234.310430482103,60
"3240",2026,230.096075396779,229.098101765935,232.163496392233,60
"3240",2027,232.948725585677,231.465404646093,236.153886213306,60
"3240",2028,236.455336104659,234.396582098035,241.103800165765,60
"3240",2029,240.493003734579,237.786437359092,246.82577658594,60
"3240",2030,245.191790957533,241.715303149963,253.662809384796,60
"3240",2031,250.637669617908,246.263163856396,261.827654256564,60
"3240",2032,256.382334707065,251.073082504203,270.441686948457,60
"3240",2033,263.440620392137,256.942308754874,281.414100996698,60
"3240",2034,270.635111005158,262.941790876085,292.560632723241,60
"3240",2035,278.639961444322,269.600057804847,305.162579281342,60
"3240",2036,287.19921126385,276.713645552176,318.753132226129,60
"3240",2037,296.046278380676,284.072684449006,332.82609184457,60
"3240",2038,306.528043219573,292.719544148592,350.059355278531,60
"3240",2039,316.335686887737,300.861336118287,365.90036089223,60
"3240",2040,327.334063481767,309.938108169328,384.083468741697,60
"3240",2041,338.686718805535,319.303272416851,402.939485965103,60
"3240",2042,350.599668351716,329.113618509914,422.899384971305,60
"3240",2043,363.625937156241,339.786857215844,445.1477341518,60
"3240",2044,376.730468384197,350.530322358835,467.545807279574,60
"3240",2045,391.134270103105,362.268755005277,492.700596837073,60
"3240",2046,405.949722651218,374.235121166109,518.760752313198,60
"3240",2047,421.686297971153,386.779104012055,546.83963347645,60
"3240",2048,438.640011425955,400.195223677784,577.650299403829,60
"3240",2049,457.310285298131,414.838003048033,612.343310876963,60
"3240",2050,476.671795197705,429.960078283958,648.74785412747,60
"3242",2026,37.8357386036158,37.7677470095662,38.1083555337364,60
"3242",2027,38.2892827675937,38.179973046023,38.720922601943,60
"3242",2028,38.836843863371,38.6718962854128,39.4775827851094,60
"3242",2029,39.3585964973293,39.1513281618039,40.159954909983,60
"3242",2030,40.2110894905356,39.8825274383757,41.4202278127841,60
"3242",2031,41.1836790911013,40.7082898406308,42.8820333610985,60
"3242",2032,42.256643245957,41.6125692314699,44.5054281207123,60
"3242",2033,43.2400492406575,42.4606783989698,45.931882438106,60
"3242",2034,44.3864304062534,43.4329323556692,47.6380353943681,60
"3242",2035,45.6322379918577,44.4807890638006,49.5061271885284,60
"3242",2036,47.7193162100211,46.1221965954023,52.9475886205805,60
"3242",2037,49.6153913431277,47.6326903505302,56.0387794395598,60
"3242",2038,51.3305929850371,49.0229267482683,58.7744866443089,60
"3242",2039,53.1625597844622,50.5011441190549,61.7204763580092,60
"3242",2040,55.2964229740685,52.1874135284386,65.2661333657914,60
"3242",2041,58.1184104212415,54.3456927917966,70.2151022738385,60
"3242",2042,60.2474996513827,56.0339087196317,73.7703030211433,60
"3242",2043,62.9664639327304,58.1246675459799,78.5416340272658,60
"3242",2044,65.6082784137686,60.1611008715733,83.1747625638457,60
"3242",2045,67.7991677223525,61.8990875354669,86.8522376743794,60
"3242",2046,70.9108796520712,64.2541363625572,92.494356381458,60
"3242",2047,74.0495900869485,66.6212699918372,98.2344563430775,60
"3242",2048,76.8531455300003,68.7670413651683,103.255513121323,60
"3242",2049,80.1906762482877,71.2617403886393,109.491034208365,60
"3242",2050,84.4469778840784,74.3556411275967,117.849004230464,60
"3301",2026,797.296650414646,794.234350784605,807.047129526517,60
"3301",2027,802.815681603554,798.060323088577,817.648830896853,60
"3301",2028,809.705128015588,802.933929273264,830.528498543319,60
"3301",2029,817.88049428989,808.790800783197,845.535865183223,60
"3301",2030,828.331212117609,816.318581800594,864.503957062085,60
"3301",2031,840.262761386333,824.95331502798,886.032407345398,60
"3301",2032,854.107190164118,834.985856628193,910.967643264819,60
"3301",2033,869.170748134889,845.928922715632,938.052947950157,60
"3301",2034,885.489456864505,857.805960355932,967.368150295948,60
"3301",2035,904.125404048487,871.340506199841,1000.97278138646,60
"3301",2036,923.971998636994,885.767240982913,1036.79078049422,60
"3301",2037,945.184499381394,901.183111282535,1075.15784505026,60
"3301",2038,967.298167729126,917.2594753896,1115.21157333769,60
"3301",2039,991.038577921055,934.482680322158,1158.40432882946,60
"3301",2040,1016.2661755411,952.751671257008,1204.49830311019,60
"3301",2041,1042.01288426532,971.409268195266,1251.60077851074,60
"3301",2042,1069.08613602445,990.994230653498,1301.39478894807,60
"3301",2043,1098.11932543352,1011.92124846878,1355.16287321328,60
"3301",2044,1129.27113262318,1034.28282032842,1413.85730118601,60
"3301",2045,1163.56940139871,1058.74568112481,1477.84648370364,60
"3301",2046,1199.94852283467,1084.58863929483,1546.45420632114,60
"3301",2047,1237.98880237562,1111.52437292526,1619.20422316962,60
"3301",2048,1278.38749587255,1139.99165688667,1698.07660589382,60
"3301",2049,1321.55200718604,1170.24259425621,1782.57557869639,60
"3301",2050,1369.64687468592,1203.65478893839,1877.99834352184,60
"3303",2026,288.995524006249,288.03680332249,292.164549813481,60
"3303",2027,290.316946217012,288.805480018839,295.167440608316,60
"3303",2028,292.141116914831,289.894411453241,298.97133720076,60
"3303",2029,294.796449629513,291.636284501358,304.131801119298,60
"3303",2030,298.3747613329,294.048526866253,311.156735332986,60
"3303",2031,302.511705358379,296.873112874756,319.209652339526,60
"3303",2032,307.215615506405,300.11166523174,328.324399396022,60
"3303",2033,312.70416017394,303.913624792293,338.890495515081,60
"3303",2034,318.804131854933,308.156542807267,350.563430901037,60
"3303",2035,326.163346313549,313.276515851448,364.70439031324,60
"3303",2036,334.123542218553,318.822596277966,380.040287358071,60
"3303",2037,342.228772146973,324.481044925518,395.67020278168,60
"3303",2038,350.934427301978,330.557485479115,412.521831072791,60
"3303",2039,359.79337998025,336.747320818773,429.693831712105,60
"3303",2040,369.372774889649,343.428193691128,448.368738454775,60
"3303",2041,379.52974892474,350.498911809976,468.278800052553,60
"3303",2042,389.644669882949,357.547634153455,488.118832479259,60
"3303",2043,400.443761700307,365.055972633012,509.428792043819,60
"3303",2044,410.981345579999,372.393670636231,530.204945124817,60
"3303",2045,422.863131898791,380.616737810762,553.917795283231,60
"3303",2046,435.656418001452,389.435734809673,579.671524433729,60
"3303",2047,450.39553522037,399.511218000558,609.823804552886,60
"3303",2048,464.144459618625,408.940240881503,637.859311855663,60
"3303",2049,478.716701010427,418.895412332162,667.824021427656,60
"3303",2050,494.867801136106,429.855242908728,701.483173959702,60
"3305",2026,282.971639488728,281.907738450662,287.704821539751,60
"3305",2027,286.589784376611,284.946041075376,293.878016364437,60
"3305",2028,290.986746324107,288.610679494421,301.503774527709,60
"3305",2029,296.054549957496,292.813692830556,310.401386931464,60
"3305",2030,301.778242190604,297.540614951585,320.56594501323,60
"3305",2031,308.220328491617,302.836939314009,332.149608328726,60
"3305",2032,315.640302120483,308.898788914108,345.721214856882,60
"3305",2033,323.46959443382,315.285103214862,360.135812682673,60
"3305",2034,332.557082593911,322.457995698141,377.199382970196,60
"3305",2035,342.228641273397,330.002431594952,395.526740911095,60
"3305",2036,352.710418268871,338.119875901717,415.629155486159,60
"3305",2037,364.146731978539,346.90346323325,437.868598938181,60
"3305",2038,375.334521111837,355.522891829934,459.595537343845,60
"3305",2039,387.334455958209,364.701520919301,483.189010293406,60
"3305",2040,400.389674666542,374.600232752535,509.242885099468,60
"3305",2041,414.180624277676,384.994677030217,537.079246506226,60
"3305",2042,427.461168820232,395.047863410322,563.782236358608,60
"3305",2043,440.900496732578,405.213898635997,590.700276177905,60
"3305",2044,454.546469893244,415.518971306669,617.339948222255,60
"3305",2045,470.416258490956,427.309570617758,648.876026881376,60
"3305",2046,487.262149313994,439.740425455102,682.767473804249,60
"3305",2047,503.591710945707,451.822604066979,715.595189875297,60
"3305",2048,519.45140711132,463.597398182355,747.405370974269,60
"3305",2049,537.055035119562,476.511276205182,783.226677193737,60
"3305",2050,555.935576167304,490.248721113846,822.065169930297,60
"3310",2026,53.4867129874394,53.0447707441858,55.9439797062472,60
"3310",2027,53.4635310413685,52.8298522976474,56.9972835245896,60
"3310",2028,53.5541740144501,52.7096072161413,58.2832864136183,60
"3310",2029,53.7347768795549,52.6646412277216,59.7503464058446,60
"3310",2030,54.0872743433423,52.7582604118192,61.6005891191789,60
"3310",2031,54.6577226672424,53.025659335169,63.9551144537875,60
"3310",2032,55.3354346661901,53.3801424422009,66.5527126841193,60
"3310",2033,56.0743095924974,53.7860243217361,69.2789316054245,60
"3310",2034,57.0495476554113,54.3783553560155,72.5786975065391,60
"3310",2035,58.2024072922627,55.111845929799,76.3091019983811,60
"3310",2036,59.4867286034234,55.9158582490771,80.3333485784735,60
"3310",2037,60.9511524567316,56.8300608715986,84.4281132451369,60
"3310",2038,62.8280372878438,58.0299555862816,89.3744793168311,60
"3310",2039,64.6843437103954,59.2198046977106,94.2765480073979,60
"3310",2040,66.7382996145249,60.5474153543847,99.5902721923547,60
"3310",2041,68.9057068391151,61.9558286184251,105.139873762791,60
"3310",2042,71.0149624674834,63.3286119334266,110.56382415344,60
"3310",2043,73.5912418903588,65.0142117788266,116.998543795398,60
"3310",2044,76.1679722186794,66.7012558492352,123.472682265262,60
"3310",2045,79.1019007439541,68.6232507355773,130.742110802201,60
"3310",2046,82.0806630934997,70.5723279275142,138.125500202101,60
"3310",2047,85.0861949698768,72.5397173378498,145.574387157009,60
"3310",2048,88.3549721703953,74.6746450451669,154.043121868906,60
"3310",2049,91.8071068473959,76.9253217475522,163.234532423926,60
"3310",2050,95.7974104254012,79.5155971810658,173.936171822048,60
"3312",2026,266.015609111404,265.201697172766,267.572111297826,60
"3312",2027,267.764466063973,266.441137652607,270.362302586163,60
"3312",2028,269.959829388877,268.038067254492,273.841836020147,60
"3312",2029,272.804482882508,270.13293736001,278.399943780044,60
"3312",2030,276.498104462097,272.860832270051,284.405536146319,60
"3312",2031,280.725121120611,275.995942491251,291.307790601029,60
"3312",2032,285.714597836153,279.691908076955,299.553063853366,60
"3312",2033,290.917898241448,283.566007432402,308.132354201249,60
"3312",2034,296.820551811155,287.95497362557,317.95712077723,60
"3312",2035,303.879736778181,293.167329451603,329.933526532535,60
"3312",2036,310.764166312923,298.288747558068,341.515960117214,60
"3312",2037,319.083832410884,304.415191600896,355.846336606421,60
"3312",2038,327.264408369819,310.470709380235,369.947197137148,60
"3312",2039,336.116402549224,317.00306051848,385.374775964857,60
"3312",2040,345.660960582953,324.024319958599,402.038247030935,60
"3312",2041,355.334340383516,331.151370491109,418.933206813307,60
"3312",2042,366.49579084056,339.295017609067,438.834902447366,60
"3312",2043,378.349657725849,347.910324938358,460.182971232604,60
"3312",2044,390.853056141218,356.969272939132,482.89781565377,60
"3312",2045,404.618119831981,366.866307008364,508.319366454298,60
"3312",2046,418.456393910884,376.810331565558,533.972644859995,60
"3312",2047,433.232637794221,387.36589459423,561.723088760367,60
"3312",2048,449.690439005234,399.009138975893,593.249404055614,60
"3312",2049,467.491081281074,411.500537767535,627.931249924816,60
"3312",2050,486.397298482727,424.682097456148,665.299761946459,60
"3314",2026,195.329610626006,194.695912932389,196.479459418947,60
"3314",2027,196.903642753488,195.915225011739,198.772228399483,60
"3314",2028,198.794110299038,197.401573011485,201.487070317874,60
"3314",2029,201.153380569299,199.266434242244,204.908489661507,60
"3314",2030,203.890697433065,201.441976297484,208.915639935573,60
"3314",2031,207.21256595149,204.076802700533,213.988773456553,60
"3314",2032,211.188869950025,207.219448429,220.199207900949,60
"3314",2033,215.496613969312,210.630009408728,226.898653445812,60
"3314",2034,219.975460723121,214.191749013815,233.792564890689,60
"3314",2035,225.120890371375,218.261120917727,241.85116193149,60
"3314",2036,230.879338043202,222.797778193884,250.990328320144,60
"3314",2037,237.643740391954,228.078084638277,261.98574232838,60
"3314",2038,244.402740147383,233.372734047843,272.937697136517,60
"3314",2039,251.175528571757,238.691896358044,283.892326730038,60
"3314",2040,258.841319882686,244.665587159511,296.543505412685,60
"3314",2041,267.009624593435,251.009826074656,310.160778868809,60
"3314",2042,276.065193650578,257.993282306926,325.530283320483,60
"3314",2043,284.797970824545,264.756486002805,340.260259674927,60
"3314",2044,293.797392470473,271.721697856891,355.500368011175,60
"3314",2045,304.291500045603,279.74038331046,373.796302883848,60
"3314",2046,315.49159876273,288.257115427814,393.575336491179,60
"3314",2047,327.790116401266,297.534822855536,415.711167968091,60
"3314",2048,339.021849766039,306.070546366444,435.670188354649,60
"3314",2049,350.979488446827,315.105285201363,457.219069054698,60
"3314",2050,365.470958632867,325.882792582556,484.264655003066,60
"3316",2026,193.335076717679,192.460162048768,195.134677204333,60
"3316",2027,194.832043447713,193.491036591094,197.536105805578,60
"3316",2028,196.950991592163,194.98150681921,201.002073126295,60
"3316",2029,199.51614857097,196.80585739941,205.351151807889,60
"3316",2030,202.394329077542,198.868180158372,210.24350109732,60
"3316",2031,206.280269777761,201.646589572721,216.851618362227,60
"3316",2032,210.609695724614,204.743736519444,224.243896028602,60
"3316",2033,215.60127532074,208.308395874777,232.870539813143,60
"3316",2034,220.571229500676,211.872737989856,241.537329234235,60
"3316",2035,226.947710095034,216.401058239137,252.970819131464,60
"3316",2036,232.64266376527,220.485900938962,263.028841310768,60
"3316",2037,240.695500182119,226.155574558238,277.880271914826,60
"3316",2038,247.745715531291,231.166414056717,290.699047436541,60
"3316",2039,255.517092950381,236.659205383505,305.037105017536,60
"3316",2040,264.525013690655,242.973880797854,322.002322674959,60
"3316",2041,272.312682478829,248.491558377184,336.40086377969,60
"3316",2042,281.774244098383,255.107679959076,354.415883318472,60
"3316",2043,290.364205886948,261.164123550252,370.550792001334,60
"3316",2044,299.724119557916,267.725962286346,388.378358655016,60
"3316",2045,311.168744870546,275.624727926539,410.903916331156,60
"3316",2046,321.115768176144,282.562199479479,430.131651792101,60
"3316",2047,331.692007228193,289.904765861688,450.805622001485,60
"3316",2048,342.775546579799,297.566746472831,472.691194788526,60
"3316",2049,352.47225194738,304.34453250393,491.435629377425,60
"3316",2050,366.380556500395,313.786931674668,519.976638485109,60
"3318",2026,24.3493180199112,24.2418386489526,24.6637664419373,60
"3318",2027,24.527062765783,24.3710514999571,24.9780796220775,60
"3318",2028,24.8926632284095,24.6372449297062,25.5939349955709,60
"3318",2029,25.3237701899135,24.9516932445103,26.3286006062121,60
"3318",2030,25.7406615366487,25.2574183284795,27.041677553233,60
"3318",2031,26.2463961976252,25.6275978688945,27.9094457126434,60
"3318",2032,26.8601327374091,26.0749782024083,28.9731815333981,60
"3318",2033,27.5329100424154,26.5637515131615,30.1515325587311,60
"3318",2034,28.386785185101,27.1753738334473,31.7015374330282,60
"3318",2035,29.7019790336282,28.0931369596114,34.2457247384978,60
"3318",2036,30.1534643843765,28.4352750211039,34.98922820124,60
"3318",2037,31.2672345473744,29.2205982037253,37.1222905328818,60
"3318",2038,32.5594663163394,30.121316019633,39.6650053863932,60
"3318",2039,33.8226433266692,31.0003513395361,42.187676618745,60
"3318",2040,35.3842153162532,32.0746863955684,45.3993764037005,60
"3318",2041,36.7090150222216,32.993469503875,48.0904589228075,60
"3318",2042,37.8233802558448,33.7758183315811,50.2996415876881,60
"3318",2043,38.930633842236,34.5553744845307,52.4870237154289,60
"3318",2044,40.7020364121237,35.7587690092131,56.265128546853,60
"3318",2045,42.0360183230911,36.6814195067055,59.0127106931377,60
"3318",2046,43.4136556263839,37.6327820370021,61.8664655759191,60
"3318",2047,45.0569553503483,38.7482511771918,65.3954857186661,60
"3318",2048,46.2057347776307,39.5501277767273,67.716068236876,60
"3318",2049,47.9913918983027,40.7511718685105,71.6311244652366,60
"3318",2050,49.2860932929895,41.646100694729,74.3143287606071,60
"3320",2026,10.2790921744066,10.2463219448353,10.562428572253,60
"3320",2027,10.4111549721081,10.3610899088375,10.8178188997628,60
"3320",2028,10.5962167738881,10.5161410620455,11.1675559957127,60
"3320",2029,10.8409515583311,10.7153572439519,11.6258638515439,60
"3320",2030,10.9999920872654,10.854753933511,11.9186124067834,60
"3320",2031,11.1121180527096,10.9626446959802,12.1179386877735,60
"3320",2032,11.3320824223605,11.1484957630635,12.5179611926931,60
"3320",2033,11.7321303349537,11.4636463313668,13.2582964124715,60
"3320",2034,12.0080423271391,11.691912406097,13.7594908465122,60
"3320",2035,12.4000879490083,12.004005263883,14.4817167600815,60
"3320",2036,12.7714163837297,12.3016813042934,15.1717019794965,60
"3320",2037,13.3347038281922,12.7343717017456,16.2758187232058,60
"3320",2038,13.987479082082,13.2264375552349,17.5918907642752,60
"3320",2039,14.4456182332168,13.5873325697539,18.4850202069208,60
"3320",2040,15.0269369639368,14.032766101146,19.6636288218041,60
"3320",2041,15.9307075488061,14.6917440658272,21.6321225471177,60
"3320",2042,16.2716189374617,14.9794892003851,22.2254740281069,60
"3320",2043,17.4651272925123,15.8265636680289,24.9472271876165,60
"3320",2044,17.987667874322,16.2349398343027,25.9882439433574,60
"3320",2045,18.8686739105241,16.8755787469672,27.9539613462222,60
"3320",2046,19.4549527884818,17.3217033701229,29.1777497346434,60
"3320",2047,20.2677154653659,17.9155156137797,30.9886627356185,60
"3320",2048,21.2349098032534,18.6089763651435,33.2135119307118,60
"3320",2049,22.4025097333176,19.4258324104654,36.0129616189434,60
"3320",2050,23.6249507130837,20.2797210204423,38.9714691022496,60
"3324",2026,78.3169698936284,78.0049220997276,78.8163147762634,60
"3324",2027,78.3018505810076,77.8235907984815,79.1507720874827,60
"3324",2028,78.3378244354391,77.6809979237092,79.5699398232153,60
"3324",2029,78.6999796786459,77.7753756132386,80.5571945420889,60
"3324",2030,78.9869852905388,77.816027248286,81.3951653891794,60
"3324",2031,79.6077499568756,78.0965578410675,82.8272607251786,60
"3324",2032,80.5724825919291,78.6226024158339,84.8865094507408,60
"3324",2033,81.3631446967805,79.0279990472313,86.6500613413927,60
"3324",2034,82.7575016795949,79.8544083419866,89.5863712968921,60
"3324",2035,84.0496197810924,80.608609775231,92.3333905397978,60
"3324",2036,85.6807571584027,81.5942348251846,95.7697763675844,60
"3324",2037,87.1646548324667,82.481569852038,98.9161783092265,60
"3324",2038,89.0873298146308,83.6651904206198,102.974071699129,60
"3324",2039,90.9450354732388,84.8036571521361,106.918036708488,60
"3324",2040,92.8980456291397,86.0047853728304,111.07842926852,60
"3324",2041,94.9252972420726,87.2539103683375,115.413662872686,60
"3324",2042,97.5860227060601,88.9239849323625,121.12213817113,60
"3324",2043,100.161759089731,90.5299298925815,126.699522961942,60
"3324",2044,103.30689326437,92.5084339484533,133.560694225572,60
"3324",2045,105.548933531911,93.8909286045982,138.451913204329,60
"3324",2046,109.372202055866,96.3032588815113,146.92492123874,60
"3324",2047,112.824075411141,98.4653719939405,154.63182466407,60
"3324",2048,115.96978598483,100.422995154786,161.684969941364,60
"3324",2049,121.284228066166,103.762672566953,173.903449305191,60
"3324",2050,123.350011991129,105.020884939215,178.480522404378,60
"3326",2026,28.2306087379636,28.1855000163536,28.3815133631344,60
"3326",2027,28.4162054176325,28.3472467972591,28.6320044675089,60
"3326",2028,28.6714979708309,28.5724093880843,28.9723700835259,60
"3326",2029,28.9564983934779,28.8262997567779,29.3617787819178,60
"3326",2030,29.413433838979,29.2250241215847,30.0516711275765,60
"3326",2031,29.8198763944003,29.5781326804396,30.6427840333197,60
"3326",2032,30.3799868716651,30.0535860558311,31.4755434737451,60
"3326",2033,31.0538464656355,30.6149165999638,32.5162655128189,60
"3326",2034,31.627045462397,31.101208523388,33.3630695244465,60
"3326",2035,32.5244196550485,31.8222660290579,34.7991325953792,60
"3326",2036,33.2646338911291,32.4351880020491,35.936495422299,60
"3326",2037,34.2189492832271,33.2042293963763,37.4654347497726,60
"3326",2038,35.4633664538313,34.1790095975414,39.5496971727459,60
"3326",2039,36.5412299843409,35.0411619206628,41.3074157660833,60
"3326",2040,37.7053170966687,35.965674733195,43.2308474349303,60
"3326",2041,38.6409227696081,36.7345152471691,44.6967363741541,60
"3326",2042,39.8484595484057,37.6936188194261,46.6976944989301,60
"3326",2043,41.3955562769511,38.8899748004986,49.3753194227681,60
"3326",2044,43.0731474623785,40.1753561019446,52.3304891702235,60
"3326",2045,44.7667877280806,41.4709480719601,55.3323991401306,60
"3326",2046,46.3674964632086,42.7016299783087,58.150485588445,60
"3326",2047,48.2648505923908,44.1332387212605,61.594318219072,60
"3326",2048,50.2767619958656,45.6395083969867,65.3019482951247,60
"3326",2049,52.7159836383695,47.4261482371097,69.9650888041442,60
"3326",2050,55.8891108133644,49.6928600186525,76.2966232433155,60
"3328",2026,68.4525380204413,68.1318019143032,69.05537326696,60
"3328",2027,68.751696689378,68.2718639142098,69.6925754010449,60
"3328",2028,69.4265844820863,68.7097130512875,71.0234181771741,60
"3328",2029,70.0269590239231,69.0875760862255,72.2315861081202,60
"3328",2030,70.8771998046537,69.6584612890208,73.9184561897793,60
"3328",2031,71.9580130747553,70.3958844086343,76.0676876212699,60
"3328",2032,73.2002340696832,71.225417570658,78.5483135988432,60
"3328",2033,74.8665020842304,72.3385758131201,81.8979824176492,60
"3328",2034,76.824561439791,73.6453384426567,85.888923649903,60
"3328",2035,78.6083371003689,74.8255922388769,89.5566630500934,60
"3328",2036,81.221911689311,76.5594873475368,94.9842690271622,60
"3328",2037,83.1870459052627,77.8531164958628,99.0646852179395,60
"3328",2038,86.2393105121174,79.867146333029,105.515622474177,60
"3328",2039,89.2275488621213,81.8234115591321,111.926699314365,60
"3328",2040,91.4587176252818,83.2754354669676,116.704702863029,60
"3328",2041,95.7476482350789,86.0630030311041,126.189572345785,60
"3328",2042,98.7339662026705,87.9821617794229,132.80740348229,60
"3328",2043,102.540501602431,90.4034544347759,141.396362442188,60
"3328",2044,106.071323381203,92.6323298145707,149.447213467459,60
"3328",2045,109.070623999433,94.5206127845733,156.279447000678,60
"3328",2046,113.607076499755,97.3547161888934,166.915109564142,60
"3328",2047,116.019338988322,98.8556508164843,172.439675557814,60
"3328",2048,119.931250110894,101.279211987471,181.69718256816,60
"3328",2049,123.997731888469,103.776559177103,191.464457219473,60
"3328",2050,125.633912651569,104.780208035215,195.144835609489,60
"3330",2026,60.1611534369323,59.7558392598387,60.5987717912204,60
"3330",2027,60.8263047992132,60.2179224839309,61.5260650585699,60
"3330",2028,61.6085191156662,60.7703644547566,62.6234690424126,60
"3330",2029,62.7216013017022,61.5685251602593,64.2534092392363,60
"3330",2030,64.1562537788751,62.7050448954154,66.4432260648867,60
"3330",2031,65.4554562159288,63.7290292676942,68.4745699287474,60
"3330",2032,67.3010268270967,65.2346821648035,71.5547876866372,60
"3330",2033,69.0114969974964,66.5938452784306,74.3750375526581,60
"3330",2034,71.3687575774841,68.4296106812972,78.4867516584606,60
"3330",2035,73.8696247144262,70.3293805224423,82.9283601831313,60
"3330",2036,76.2233682978113,72.12244455796,87.0817725637037,60
"3330",2037,78.8938114257356,74.1475035244881,91.8700052228935,60
"3330",2038,82.01445423993,76.4971178493364,97.5486998633635,60
"3330",2039,84.8161686485234,78.6136676485509,102.598018295859,60
"3330",2040,88.0340212218694,81.0272422055471,108.55084850443,60
"3330",2041,90.9715194143116,83.239527079298,113.922224795081,60
"3330",2042,94.5496715683753,85.9033273879737,120.702678603561,60
"3330",2043,97.9543170903302,88.433606131128,127.129347988595,60
"3330",2044,101.934095193651,91.361566173446,134.868832496836,60
"3330",2045,105.633980189996,94.0917455505176,142.017460198185,60
"3330",2046,109.750969950156,97.1088965411261,150.141661849307,60
"3330",2047,113.825445337704,100.0909283924,158.218448950473,60
"3330",2048,117.997876586016,103.139573968805,166.545854125483,60
"3330",2049,122.601678815912,106.480739264144,175.922744959938,60
"3330",2050,126.507299690854,109.333738923154,183.722455380141,60
"3332",2026,30.5031228746026,30.3791707642019,31.9744480608048,60
"3332",2027,30.8473638237344,30.6214259060037,33.0297911568283,60
"3332",2028,31.1026846097579,30.8044599268829,33.9092065501618,60
"3332",2029,31.6312217821307,31.1645768455588,35.3444165116179,60
"3332",2030,32.1754845495471,31.5325053040704,36.820160538005,60
"3332",2031,32.7413274684653,31.9265059300646,38.3440016555524,60
"3332",2032,33.6080969741263,32.5295320682858,40.5125038921637,60
"3332",2033,34.2910969144991,33.0048062290068,42.2965359334554,60
"3332",2034,35.1919152645752,33.6293288532806,44.5527897051769,60
"3332",2035,36.369428525155,34.4397303056646,47.4255524361007,60
"3332",2036,37.4814984438004,35.2045174166249,50.1659037460176,60
"3332",2037,38.6332000025834,35.9942506053701,53.0050587309941,60
"3332",2038,39.8322800179435,36.8124211399797,55.9654523451187,60
"3332",2039,41.3534434297406,37.8437076291042,59.6673722106541,60
"3332",2040,43.0160021200758,38.9626099229789,63.7226620729516,60
"3332",2041,44.0215514765765,39.6494766609534,66.2621875342758,60
"3332",2042,46.1987128221179,41.0957064888573,71.5661960651275,60
"3332",2043,47.0910294367577,41.7085298176844,73.8429931197134,60
"3332",2044,49.1192492254913,43.0491702527355,78.8428527063227,60
"3332",2045,51.1684274727689,44.4011825624216,83.9138944718345,60
"3332",2046,52.4643895396595,45.266491117973,87.1856948854746,60
"3332",2047,53.7125517483672,46.1007440349551,90.3441722208505,60
"3332",2048,55.4920842369375,47.2688945076351,94.8148096950285,60
"3332",2049,57.6835504525888,48.6986413841844,100.431416881204,60
"3332",2050,59.8349769531008,50.0956887331083,106.114479022752,60
"3334",2026,21.8456011269211,21.661268899322,22.877204875011,60
"3334",2027,22.2281727234608,21.9696599899444,23.6795598827215,60
"3334",2028,22.7195572372455,22.3773880048817,24.6895449582272,60
"3334",2029,23.257044221967,22.8314216222667,25.7908170980267,60
"3334",2030,23.9807466125314,23.4482750707502,27.2646876861471,60
"3334",2031,24.8807679838684,24.1777517213948,29.1080426190859,60
"3334",2032,25.6708620982954,24.7972888563012,30.7110484078468,60
"3334",2033,26.5277004628822,25.4671001241338,32.4496885489886,60
"3334",2034,27.5993404007277,26.3259516213303,34.6494227250397,60
"3334",2035,28.7010582569766,27.2085898954235,36.9151890960541,60
"3334",2036,30.273637865576,28.4495606437143,40.2269477414786,60
"3334",2037,31.3960807973456,29.3503013437647,42.536206395623,60
"3334",2038,32.3266761785874,30.1082771308367,44.4033527976942,60
"3334",2039,33.855868147614,31.3177318369858,47.6272400003067,60
"3334",2040,35.4382470690678,32.5679106653632,50.9759898830548,60
"3334",2041,36.7859764254287,33.6419972235099,53.7887829825893,60
"3334",2042,38.1147342970413,34.7040191879087,56.5482577846859,60
"3334",2043,39.6284418981545,35.9054178074508,59.7344026603266,60
"3334",2044,41.2348178656819,37.1738110552097,63.1518224081984,60
"3334",2045,43.2746048276763,38.7650903203143,67.5964585464204,60
"3334",2046,45.3024769850142,40.3437503611597,72.0417064382337,60
"3334",2047,46.6218737969788,41.4031451787402,74.7621538796599,60
"3334",2048,48.6331678200101,42.9680307856492,79.1750424023394,60
"3334",2049,50.7418658320115,44.6020506045961,83.8444980932598,60
"3334",2050,52.6857176926472,46.1141948544004,88.1221858348598,60
"3336",2026,21.3458422523689,21.2648588750569,21.7386910905636,60
"3336",2027,21.1718339949952,21.0663141328378,21.7682467803116,60
"3336",2028,20.9965889691759,20.8669584375121,21.7943863055736,60
"3336",2029,20.8287463213163,20.6751357574781,21.831675839009,60
"3336",2030,20.7583033162341,20.5862721212824,22.0190340244072,60
"3336",2031,20.7817818550485,20.5764361771026,22.352097153885,60
"3336",2032,20.8804219226272,20.6053589735004,22.8076321274209,60
"3336",2033,21.0072570141585,20.6405867857611,23.3109068743803,60
"3336",2034,20.9796307677539,20.558715217626,23.5641565653364,60
"3336",2035,21.2044519905888,20.6261699977164,24.231231294114,60
"3336",2036,21.5908539327492,20.7802688158754,25.1716522871841,60
"3336",2037,21.7743802033626,20.8145324451752,25.7777464441777,60
"3336",2038,22.074296597896,20.9130186332041,26.5832471125164,60
"3336",2039,22.3032745731943,20.9700551837848,27.2750575582763,60
"3336",2040,22.8538846190402,21.2086976139698,28.6375214983424,60
"3336",2041,23.1268480115333,21.2892979222171,29.5080881067778,60
"3336",2042,23.6262459057906,21.5007127870938,30.886674167612,60
"3336",2043,23.9380539397017,21.6219519690525,31.8546408583448,60
"3336",2044,24.4961389274079,21.8981671145537,33.3932159283732,60
"3336",2045,24.6946445687493,21.9462691514985,34.11764778758,60
"3336",2046,25.1764325176622,22.1721993798288,35.54080703274,60
"3336",2047,26.1488241091172,22.7080590951299,38.1845060576064,60
"3336",2048,25.5279615159606,22.232815263039,36.9089026433313,60
"3336",2049,26.0206991923453,22.464688336592,38.3686748944607,60
"3336",2050,26.7393963115871,22.8386569590739,40.3970388961128,60
"3338",2026,25.850367653466,25.7004946778966,26.3027949526835,60
"3338",2027,26.6506255232425,26.4210023025159,27.3593384819559,60
"3338",2028,27.4366645489979,27.1275353938183,28.3985891821092,60
"3338",2029,28.2990637056761,27.8926975693026,29.5778952499624,60
"3338",2030,29.52574099908,28.9431238091777,31.4603215155022,60
"3338",2031,30.6464654198757,29.9071965188444,33.1818844944393,60
"3338",2032,31.837456438858,30.9235642201447,35.0607291446228,60
"3338",2033,33.2691066736004,32.1237359236377,37.4507689068281,60
"3338",2034,34.3751597635887,33.0707621702288,39.1828374648167,60
"3338",2035,36.1277388499939,34.5132971836859,42.2567729807415,60
"3338",2036,38.4089099942892,36.3171597358102,46.4637899740634,60
"3338",2037,39.9994172091069,37.5980342053143,49.2190535685776,60
"3338",2038,41.8340154238628,39.0440241036062,52.5288582985136,60
"3338",2039,43.9411381570473,40.6626599322017,56.5123049532538,60
"3338",2040,45.9265157644397,42.1835587152256,60.2586434538922,60
"3338",2041,47.7044701527331,43.5634357661329,63.5554840590701,60
"3338",2042,49.5721145808132,44.9992385225943,67.0771334337202,60
"3338",2043,52.9393948010961,47.4042929213213,74.1849600587443,60
"3338",2044,54.7515605499947,48.7948711189375,77.6355712187579,60
"3338",2045,56.2891061906668,50.0053718871775,80.4367878825469,60
"3338",2046,59.1398243272796,52.0543801350586,86.463820426044,60
"3338",2047,61.5566245038345,53.8175100768436,91.4810695959,60
"3338",2048,64.3171673358334,55.8005960540068,97.3687128780625,60
"3338",2049,67.5877039350831,58.0932086578857,104.634645797959,60
"3338",2050,68.5121754836255,58.8972848249528,105.958695969373,60
"3401",2026,264.198513489911,263.314867796689,266.181957709663,60
"3401",2027,265.449719124086,264.017846354023,268.756181485994,60
"3401",2028,267.34734668754,265.184580150198,272.480971743786,60
"3401",2029,270.117008365149,266.968002348084,277.802091237995,60
"3401",2030,273.268348097598,269.018777739875,283.853361461451,60
"3401",2031,276.998154555069,271.472827387903,291.012811602388,60
"3401",2032,281.206434295009,274.254039606039,299.123149047461,60
"3401",2033,286.470049560939,277.757428809197,309.318962407482,60
"3401",2034,292.703716074563,281.914164722503,321.502819860604,60
"3401",2035,299.136002982036,286.198589860429,334.165650803805,60
"3401",2036,305.123320008836,290.183732546548,345.967825514151,60
"3401",2037,312.179125193569,294.879864504655,360.014333102697,60
"3401",2038,319.323471017034,299.630401338835,374.303636216642,60
"3401",2039,327.780423118822,305.245802479424,391.41891497922,60
"3401",2040,335.157014722376,310.141623643119,406.307319315217,60
"3401",2041,342.425681585218,314.961695490308,421.006093717225,60
"3401",2042,350.635824919967,320.397111740961,437.77122183897,60
"3401",2043,358.732680977073,325.754518698049,454.33406223549,60
"3401",2044,367.758193050634,331.713102728915,472.97873355602,60
"3401",2045,377.025099105163,337.826353083404,492.202034354981,60
"3401",2046,387.056697312064,344.42803605619,513.194421900644,60
"3401",2047,397.268714883783,351.137767167375,534.668333566297,60
"3401",2048,408.398233384931,358.428430572071,558.303725889099,60
"3401",2049,418.726900966826,365.195453864892,580.196247052441,60
"3401",2050,432.485231515431,374.148105408248,610.06679795596,60
"3403",2026,484.986412856134,480.86353637377,488.615561239729,60
"3403",2027,489.933343044769,484.327019141353,495.731769899048,60
"3403",2028,496.018002909878,489.169254988201,504.643825170797,60
"3403",2029,503.27928943703,494.619581878542,515.475341390978,60
"3403",2030,511.959941190184,501.772301195495,528.865420319569,60
"3403",2031,522.308645219296,510.202149244457,545.26716939262,60
"3403",2032,533.225303570487,518.20512464406,562.681397216043,60
"3403",2033,546.227391409531,527.517547363674,584.000091824275,60
"3403",2034,559.359384848187,537.299747616647,605.525689904167,60
"3403",2035,574.537358316089,548.56588482384,630.9962371079,60
"3403",2036,591.232345599582,560.915332015865,659.472223881911,60
"3403",2037,606.637401606118,572.34777637306,685.379318314303,60
"3403",2038,624.90670550759,585.78911256583,717.077842112114,60
"3403",2039,641.674500799911,598.194722100149,745.754958052492,60
"3403",2040,660.428443483496,611.987850440824,778.51888396349,60
"3403",2041,680.361229908032,626.596771222255,813.790238939114,60
"3403",2042,697.565118541244,639.338388421301,843.357187637707,60
"3403",2043,718.450436046993,654.614138109594,880.691800062036,60
"3403",2044,736.925155519216,668.247578545868,912.924711793364,60
"3403",2045,758.717269559208,684.160541781708,952.227405216477,60
"3403",2046,782.31774168962,701.305006015397,995.358018703561,60
"3403",2047,804.822465307181,717.711683341954,1035.95830542302,60
"3403",2048,829.073459716512,735.30419937647,1080.34056813221,60
"3403",2049,852.552964794628,752.371701812224,1123.13431071518,60
"3403",2050,879.168928160963,771.564038346116,1172.74832285381,60
"3405",2026,323.958030749465,323.514070704391,327.468388175593,60
"3405",2027,325.531193150312,324.875190710198,330.721590398867,60
"3405",2028,327.8648878997,326.7369173242,335.100557241868,60
"3405",2029,330.329477873534,328.798030927418,339.677767979843,60
"3405",2030,333.967023831945,331.792825370214,345.724942808479,60
"3405",2031,338.007004690811,335.067819392323,352.258437977295,60
"3405",2032,342.663784690902,338.815858887374,359.7938971667,60
"3405",2033,348.507684199632,343.469674503551,369.455593064856,60
"3405",2034,353.577052354155,347.546939203729,378.295008397945,60
"3405",2035,360.621651503516,353.099561030302,390.956064434662,60
"3405",2036,367.387021551927,358.459567491441,403.064994837593,60
"3405",2037,374.643096529008,364.191917660582,416.119897714196,60
"3405",2038,383.375650642638,370.902078114396,432.119188923532,60
"3405",2039,391.413289114384,377.114202148013,446.751039291445,60
"3405",2040,401.251986758969,384.584739041819,464.523321336272,60
"3405",2041,410.063118919987,391.341685498446,480.329887069398,60
"3405",2042,419.34678380923,398.428226030686,497.060991607787,60
"3405",2043,429.855157061797,406.359892591169,516.195224507504,60
"3405",2044,440.242048087903,414.205238796573,535.130699865203,60
"3405",2045,452.272546586221,423.174177224651,557.344567065046,60
"3405",2046,463.404058544559,431.52881886226,577.813168303326,60
"3405",2047,475.062227064717,440.234355205173,599.38357485675,60
"3405",2048,488.328895803889,450.025039271932,624.263129832537,60
"3405",2049,501.195944701192,459.538753505201,648.437862823049,60
"3405",2050,514.945271842205,469.631324150289,674.510277604305,60
"3407",2026,378.692363426859,374.973440030605,381.42021544664,60
"3407",2027,382.419422949354,377.270449639069,386.918171660321,60
"3407",2028,386.623376563333,379.984995975441,393.18362000459,60
"3407",2029,391.868625009463,383.548105771039,401.282106751068,60
"3407",2030,397.800557843367,387.652457132814,410.595087836977,60
"3407",2031,404.648169765168,392.106136160413,421.550227335262,60
"3407",2032,412.525445723037,397.26447880691,434.403609150392,60
"3407",2033,420.661503973778,402.61040399741,447.730627492565,60
"3407",2034,430.13893838888,408.864025084315,463.587883500037,60
"3407",2035,439.735228223785,415.210801220408,479.667748386828,60
"3407",2036,450.237279768532,422.171616637325,497.485061393521,60
"3407",2037,461.981267256563,429.9506697239,517.743551779214,60
"3407",2038,473.005605322814,437.263103378654,536.591526573774,60
"3407",2039,485.02041905571,445.228646381174,557.410849896264,60
"3407",2040,497.914053380447,453.767234407732,580.020825710514,60
"3407",2041,510.876196269374,462.35249203229,602.803081687926,60
"3407",2042,524.565391933592,471.409519093222,627.093113883774,60
"3407",2043,539.279509282444,481.121881286335,653.54209146119,60
"3407",2044,554.327499345995,491.046566240728,680.737321873099,60
"3407",2045,570.565458188737,501.725893128582,710.484362045747,60
"3407",2046,586.494297111008,512.200835317124,739.66595833454,60
"3407",2047,602.944210798602,523.004825332633,770.00413253171,60
"3407",2048,620.222443824584,534.321046393292,802.202846893219,60
"3407",2049,639.673786300015,546.98812905477,839.210088715351,60
"3407",2050,658.869251801573,559.478908984195,875.803658223306,60
"3411",2026,320.344357650161,319.242216881459,326.941061948533,60
"3411",2027,321.806220216865,320.179647694234,331.238110134167,60
"3411",2028,323.941105165748,321.708424984066,336.472202187904,60
"3411",2029,326.477051743505,323.396959731493,342.263829936323,60
"3411",2030,329.715278897088,325.517963292607,349.041958089868,60
"3411",2031,333.457100389491,327.989034652293,356.528112941863,60
"3411",2032,338.33308064503,331.219942532505,365.76632889374,60
"3411",2033,343.751648921025,334.790078080236,376.482622181613,60
"3411",2034,349.903477391135,338.846172076058,388.466705937754,60
"3411",2035,356.173874684849,342.989116815123,400.659909430107,60
"3411",2036,363.275882702552,347.67194600462,414.316873865379,60
"3411",2037,371.403110452893,353.006199497898,429.939000065456,60
"3411",2038,379.957009853627,358.608565353874,446.57676606234,60
"3411",2039,388.767489710226,364.36701437579,463.802577818145,60
"3411",2040,397.841073342874,370.28780332617,481.191687550513,60
"3411",2041,407.354683773247,376.476048105026,499.505918387722,60
"3411",2042,418.677370249319,383.941641262638,522.415813848737,60
"3411",2043,429.83739478312,391.436271740539,545.074831643238,60
"3411",2044,442.34191101777,399.811982247839,570.679314897713,60
"3411",2045,454.386494749211,407.870301649101,595.759066865726,60
"3411",2046,467.327589253522,416.507131567592,623.334850356152,60
"3411",2047,482.099023182818,426.329566520877,655.296293473028,60
"3411",2048,497.088725936053,436.267617086052,687.994046283687,60
"3411",2049,513.557867484667,447.14406057232,724.413323116888,60
"3411",2050,530.358828341414,458.207361405073,761.944884242904,60
"3412",2026,59.7430493010536,59.3700401582135,61.6671096505746,60
"3412",2027,60.6282378151958,60.0999393737006,63.4294027781139,60
"3412",2028,61.7355961315897,61.0365205589283,65.5824012872905,60
"3412",2029,62.9671176568681,62.088734794838,67.9527685227681,60
"3412",2030,64.4832410230252,63.4051507779698,70.8463536746882,60
"3412",2031,66.0091141181984,64.7308712681941,73.7648881167949,60
"3412",2032,67.890699007117,66.3863408041422,77.4603207213311,60
"3412",2033,69.786158673517,68.0547762816545,81.2377712558284,60
"3412",2034,71.8868557410724,69.8665793147685,85.4623516655444,60
"3412",2035,74.1826979399143,71.8208912951101,90.1216351893534,60
"3412",2036,76.48298201215,73.7803665819898,94.7892352728383,60
"3412",2037,79.2259893101837,76.1068418752006,100.46460442778,60
"3412",2038,81.7938486335777,78.2880284938653,105.653981287493,60
"3412",2039,84.6482462234105,80.6894711989663,111.4707370796,60
"3412",2040,87.4861292348665,82.9804018340812,117.258218859967,60
"3412",2041,90.4699464684205,85.3719141175963,123.376286126262,60
"3412",2042,93.8739460246144,88.050843374626,130.461327756877,60
"3412",2043,97.2430618918677,90.7044638394445,137.516520473586,60
"3412",2044,100.040372204099,92.96194522313,143.265785823728,60
"3412",2045,103.674282726618,95.7943569344396,150.967843672234,60
"3412",2046,107.31503625477,98.6267844797134,158.729399740879,60
"3412",2047,111.101644323507,101.5563469131,167.063419232857,60
"3412",2048,115.392040326248,104.824867993723,176.713207071956,60
"3412",2049,119.180407666006,107.746300912084,185.12953858267,60
"3412",2050,123.011739476277,110.693857335233,193.682851355223,60
"3413",2026,256.447701003836,255.613880170962,258.368171264643,60
"3413",2027,256.520784513989,255.243771568366,259.538092410737,60
"3413",2028,256.965268696066,255.164255153813,261.303938071562,60
"3413",2029,257.992700545472,255.527726311447,263.789982278951,60
"3413",2030,259.373586971745,256.165540745901,266.758999910432,60
"3413",2031,261.587833469942,257.416304915408,271.176607150671,60
"3413",2032,263.778344729969,258.666364613186,275.621738679175,60
"3413",2033,266.877382297023,260.574422099468,281.748098376349,60
"3413",2034,270.740448472675,263.029789665942,289.297799582424,60
"3413",2035,274.801482683139,265.635542491387,297.208202553686,60
"3413",2036,279.639787463152,268.79349692952,306.581532986654,60
"3413",2037,284.298032028631,271.835790648334,315.617782702083,60
"3413",2038,290.180856932196,275.729383620142,327.038583555056,60
"3413",2039,296.524799589131,279.943361353497,339.390464327948,60
"3413",2040,303.550690917476,284.625417262824,353.130747912588,60
"3413",2041,310.55411336152,289.292928753513,366.865172029265,60
"3413",2042,316.988958467865,293.579771135706,379.461242470099,60
"3413",2043,324.838026035291,298.824849072361,394.96195140613,60
"3413",2044,333.212517207678,304.421329947379,411.594023216765,60
"3413",2045,341.974994562408,310.273817409751,429.090974013684,60
"3413",2046,351.348960954813,316.531767986081,447.92818663639,60
"3413",2047,359.524537375975,321.982765444419,464.298219921353,60
"3413",2048,369.620674642833,328.70361545043,484.816151140113,60
"3413",2049,380.47066814519,335.911099188356,507.055256599765,60
"3413",2050,391.716429623654,343.368058180627,530.256415353108,60
"3414",2026,71.1601676013556,69.816154746891,71.8646417247108,60
"3414",2027,72.7063900653994,70.8221551156438,73.9752375820026,60
"3414",2028,74.3239810352624,71.8892201006994,76.232891672791,60
"3414",2029,76.0868148336842,73.081275317991,78.7678074701783,60
"3414",2030,78.0350848017073,74.4371160855885,81.659843245384,60
"3414",2031,80.2103000093527,75.9937816811217,84.9930733738547,60
"3414",2032,82.7263782818673,77.7475417703838,88.9938765085792,60
"3414",2033,85.168858290324,79.4954044682585,92.8801895328072,60
"3414",2034,88.3351728334639,81.8509310325533,98.1995430971493,60
"3414",2035,91.5292374961612,84.1438870578366,103.635075498653,60
"3414",2036,94.9641440635695,86.5527220967291,109.575870451385,60
"3414",2037,98.5813475714133,89.0588736056215,115.946799932935,60
"3414",2038,101.867698137093,91.3263016748977,121.675243388665,60
"3414",2039,106.274549103402,94.2266453747906,129.793973360549,60
"3414",2040,110.006455435291,96.6506408630479,136.541430459648,60
"3414",2041,114.569751400456,99.5608672451582,145.123496061973,60
"3414",2042,118.982624082629,102.373646612834,153.442119794382,60
"3414",2043,123.30093842859,105.123978122642,161.602039428131,60
"3414",2044,126.821998040206,107.397708128522,168.040724613746,60
"3414",2045,132.319773915572,110.817002515811,178.950886970357,60
"3414",2046,137.329381851103,114.067425050982,188.812746148419,60
"3414",2047,143.009842344646,117.811095053936,200.30992277937,60
"3414",2048,147.005426932891,120.437526063443,207.9546497869,60
"3414",2049,152.980890457668,124.249781582697,220.26950549694,60
"3414",2050,159.593382018664,128.373431881007,234.267492591078,60
"3415",2026,59.052731954816,58.7367648840181,60.5834368201289,60
"3415",2027,59.6202580245192,59.1726400619759,61.7846130743578,60
"3415",2028,60.3416538075944,59.727642703476,63.2308401936203,60
"3415",2029,61.1512381857169,60.3417066070413,64.8101196422867,60
"3415",2030,62.0660437056147,61.037741439381,66.5471823145069,60
"3415",2031,63.414112049819,62.0590468934902,68.9460997047648,60
"3415",2032,64.7005273791315,63.0354792451826,71.2125637340912,60
"3415",2033,66.1856379942073,64.1678799225756,73.7716197631337,60
"3415",2034,67.8489563866207,65.4653564369143,76.595634548348,60
"3415",2035,69.6327262187398,66.858131190848,79.6002089304487,60
"3415",2036,72.0484471475084,68.661737217871,83.5529380103965,60
"3415",2037,74.2326420619474,70.2195742156335,87.1631311014048,60
"3415",2038,76.78619170402,72.0085908953003,91.5449023810501,60
"3415",2039,79.3655241546836,73.8114838598627,96.0293030789249,60
"3415",2040,81.7975428127942,75.5176143080175,100.276875973365,60
"3415",2041,85.3741269264611,77.9118955416952,107.24196055878,60
"3415",2042,88.1854092676871,79.8358318860405,112.416224603984,60
"3415",2043,91.3706880413098,81.9852111152736,118.369788160457,60
"3415",2044,94.4428692268341,84.0608720477371,124.306704875597,60
"3415",2045,97.6635584988322,86.2221383304783,130.79973348581,60
"3415",2046,101.701952209567,88.8641310996821,139.153390793184,60
"3415",2047,104.92798789231,91.0200205421724,145.587227206459,60
"3415",2048,108.999688887294,93.7518745985824,153.974101806075,60
"3415",2049,112.911302268758,96.3992108651925,162.052130588062,60
"3415",2050,117.139072991899,99.2449250977928,170.902465704856,60
"3416",2026,135.257443622112,134.937682555566,136.838273187453,60
"3416",2027,132.492384662332,132.009385136395,134.731761591277,60
"3416",2028,130.002611899852,129.285842018234,133.035395421091,60
"3416",2029,127.680109483518,126.686756616558,131.603184037393,60
"3416",2030,125.624296046298,124.280099129018,130.603333482059,60
"3416",2031,123.553690834264,121.862702000185,129.793648437541,60
"3416",2032,121.46539599258,119.433061491799,128.981285165142,60
"3416",2033,120.064015797592,117.492060812079,129.635134410448,60
"3416",2034,118.865501715359,115.689796386896,130.771859741345,60
"3416",2035,117.801348208862,113.97948618918,132.240591347045,60
"3416",2036,116.774439140422,112.291380054905,133.831943385963,60
"3416",2037,116.079342023018,110.83039998831,136.23319679488,60
"3416",2038,115.680943777141,109.568208301275,139.389107807139,60
"3416",2039,115.867872145203,108.698288350054,144.025994427723,60
"3416",2040,115.657917006084,107.551200676917,147.77450465529,60
"3416",2041,116.392714338759,107.031868609709,153.955522694889,60
"3416",2042,116.495146541835,106.045685552425,158.628811551711,60
"3416",2043,117.174196811131,105.425592511686,164.846597238689,60
"3416",2044,118.367323344605,105.123444914831,172.516104783177,60
"3416",2045,119.480136411963,104.758295148162,180.088591255359,60
"3416",2046,121.283094994066,104.819414501523,189.640351485416,60
"3416",2047,122.267711110466,104.351636097421,197.074356445454,60
"3416",2048,123.6547864195,104.129211856892,205.700113903404,60
"3416",2049,125.504998612714,104.183002030151,215.745895803012,60
"3416",2050,126.89398872286,103.940166719052,224.580678260711,60
"3417",2026,73.0543804531309,72.8711303389514,73.7508599264381,60
"3417",2027,74.2230817612174,73.8977394690655,75.5001806170248,60
"3417",2028,75.455841546055,74.9727306606061,77.3802077358168,60
"3417",2029,76.7781085934362,76.1198946462755,79.4292638508064,60
"3417",2030,78.5584956752396,77.6284126706927,82.3441138887248,60
"3417",2031,80.2115457131396,79.0174035275871,85.0354345228667,60
"3417",2032,82.6393566828417,80.9901019218929,89.2448242532861,60
"3417",2033,85.2712029247214,83.1100569835898,93.8494841493408,60
"3417",2034,87.6788272398381,85.0597807710828,98.0247870364449,60
"3417",2035,90.8206907680977,87.5493088731884,103.77738577245,60
"3417",2036,93.7595222356586,89.8829917282349,109.160905271302,60
"3417",2037,97.6278346171337,92.7918878091116,116.563302207874,60
"3417",2038,101.321568067603,95.5702407433545,123.669870684322,60
"3417",2039,104.064195312118,97.6966850845387,128.745970462958,60
"3417",2040,108.210144194205,100.753641368947,136.962617423761,60
"3417",2041,111.746707913266,103.399865367865,143.865302871676,60
"3417",2042,116.589774773732,106.897357901177,153.806363233088,60
"3417",2043,119.775938438261,109.290741718719,160.02550300942,60
"3417",2044,123.933655849814,112.319826664323,168.510651074458,60
"3417",2045,127.193103677775,114.753845000492,174.943938776303,60
"3417",2046,131.752044165934,118.027929656139,184.471241128801,60
"3417",2047,136.45664179424,121.388195407531,194.407277537703,60
"3417",2048,140.702844980041,124.443163381253,203.303670577353,60
"3417",2049,144.76719240212,127.374765785695,211.799718362202,60
"3417",2050,149.776354053171,130.909794754728,222.629768345,60
"3418",2026,93.3120350245932,93.0723632724495,93.839818297182,60
"3418",2027,95.3703278582917,94.9085241223456,96.4140648985837,60
"3418",2028,97.4655332153499,96.7675120049048,99.0774210835113,60
"3418",2029,99.9151180121103,98.8762218536677,102.372071649758,60
"3418",2030,102.223019250434,100.879606803339,105.434756840401,60
"3418",2031,105.259707707693,103.39589351461,109.810949917629,60
"3418",2032,108.685669194872,106.176089475582,114.949077180432,60
"3418",2033,111.846199199352,108.76361745783,119.643026841135,60
"3418",2034,115.20054321009,111.482220073256,124.722423864417,60
"3418",2035,119.279559708563,114.694540650155,131.21997209684,60
"3418",2036,122.72155058145,117.462060046517,136.526928965386,60
"3418",2037,128.046964110921,121.508737193812,145.565256722329,60
"3418",2038,132.495701182825,124.947117528371,152.943873919872,60
"3418",2039,136.870945207245,128.328685378936,160.216293373054,60
"3418",2040,142.645388035321,132.64168665653,170.397110213958,60
"3418",2041,147.050071529743,136.028421855008,177.816923010183,60
"3418",2042,152.664879945139,140.214294659193,187.800642027626,60
"3418",2043,158.354640551459,144.439523236305,198.011173433463,60
"3418",2044,164.015773099812,148.636452626537,208.223000664635,60
"3418",2045,171.007286578617,153.69588824587,221.384097162475,60
"3418",2046,176.265375440355,157.611099233277,230.838609250453,60
"3418",2047,183.475447065573,162.78324081155,244.67346578137,60
"3418",2048,189.22060280094,167.000122644101,255.303136228258,60
"3418",2049,195.434627330838,171.506943737717,267.05322843111,60
"3418",2050,204.214217367993,177.652552307032,284.71469804761,60
"3419",2026,43.910344611974,43.7434829309873,44.566282119515,60
"3419",2027,44.4187066076695,44.1384789883821,45.4486962408035,60
"3419",2028,45.0105102164047,44.5962430449489,46.4844738182928,60
"3419",2029,45.8926667216471,45.2569542761963,48.0652058340586,60
"3419",2030,46.7099116707801,45.8724729731474,49.52949763942,60
"3419",2031,47.8916821060433,46.7395469689016,51.7012647957152,60
"3419",2032,49.2137963008082,47.699225514256,54.171312486348,60
"3419",2033,50.4419177179996,48.5946357636198,56.4560909703207,60
"3419",2034,52.0148388461986,49.7202113853661,59.2902505332671,60
"3419",2035,53.6093563776436,50.8577897343565,62.1584613048693,60
"3419",2036,55.2467190560071,52.0200636102988,65.1188646701492,60
"3419",2037,57.3584723021519,53.4958725071558,69.1872882531781,60
"3419",2038,59.6678133664217,55.0941860029353,73.7234760129098,60
"3419",2039,61.7819158007535,56.5580855890294,77.8918778296479,60
"3419",2040,64.0452555467272,58.1155455332609,82.4147733805378,60
"3419",2041,65.8294611558445,59.3618385299591,85.9088018090298,60
"3419",2042,68.0754306749837,60.9040100856993,90.4274844212161,60
"3419",2043,71.1070683587475,62.9411274919059,96.8041928129674,60
"3419",2044,72.9485302701216,64.2210306751278,100.495498609973,60
"3419",2045,75.1018044421295,65.69030316704,104.962523087707,60
"3419",2046,77.3554298228982,67.2257477382039,109.664101987465,60
"3419",2047,80.8275834837838,69.5211528475316,117.348710313486,60
"3419",2048,83.5972528863246,71.3749471094789,123.356128674014,60
"3419",2049,86.8773554676996,73.5385555653876,130.679256804136,60
"3419",2050,89.3771317157546,75.2082190105861,136.116234512521,60
"3420",2026,236.459239433118,235.192013876552,237.977388145875,60
"3420",2027,238.698676554267,236.877277344948,241.090059658017,60
"3420",2028,241.654139183677,239.165584553393,245.360503751549,60
"3420",2029,245.01653310702,241.788910836849,250.291713934055,60
"3420",2030,248.990110327652,244.735302116067,256.239790993986,60
"3420",2031,253.207688764298,247.85945540683,262.596142216704,60
"3420",2032,258.061842132481,251.434508897305,270.035997821055,60
"3420",2033,263.707086935899,255.560757294292,278.85509347888,60
"3420",2034,269.838502557154,260.026457205345,288.536617394388,60
"3420",2035,276.503129279505,264.858737599111,299.183330918751,60
"3420",2036,282.818239948904,269.455698633598,309.426124292307,60
"3420",2037,290.305257181847,274.842371885213,321.935629098951,60
"3420",2038,298.093637027124,280.431627640443,335.062216945305,60
"3420",2039,306.453580254416,286.402375297436,349.343956887872,60
"3420",2040,314.585102396133,292.220589475511,363.20883868313,60
"3420",2041,322.500161503779,297.893888670193,376.670431641054,60
"3420",2042,331.293431486375,304.145620828181,391.956155613775,60
"3420",2043,341.369766279926,311.242022262296,409.891663049424,60
"3420",2044,350.264522209808,317.55820004665,425.45223432975,60
"3420",2045,360.29695772393,324.61324389173,443.41221528466,60
"3420",2046,370.569001372637,331.822268319624,461.91466433904,60
"3420",2047,381.416210772566,339.395169594047,481.698030384905,60
"3420",2048,392.462490240039,347.088721893065,501.972016162018,60
"3420",2049,404.719391220244,355.554422785187,524.912440108478,60
"3420",2050,418.174997557902,364.772684348371,550.569527315035,60
"3421",2026,68.0255150437432,67.7959638250308,68.5832004985492,60
"3421",2027,69.4696812441829,69.0445803426315,70.496957848886,60
"3421",2028,70.9381889061421,70.3127317016953,72.4737026804796,60
"3421",2029,72.5943543775809,71.7083245229287,74.8060918054329,60
"3421",2030,74.7031858897162,73.4160694579813,77.9909357165598,60
"3421",2031,76.7079846966294,75.0427914958176,81.0188109876985,60
"3421",2032,79.2934748867262,77.0655756452239,85.1763605100284,60
"3421",2033,81.4906528392541,78.8132612965209,88.6262467080362,60
"3421",2034,84.5107264905701,81.1170374315257,93.7166992087025,60
"3421",2035,87.5021079404432,83.3921171234297,98.8048562029123,60
"3421",2036,90.4694732682142,85.6418577962545,103.895153260039,60
"3421",2037,93.6237905253422,88.0087816168291,109.412964585353,60
"3421",2038,97.0027137498522,90.5142383673429,115.454920911793,60
"3421",2039,100.44763783042,93.0565969298703,121.68028380634,60
"3421",2040,104.2863938253,95.8497274965193,128.800274257643,60
"3421",2041,108.023209023433,98.5654062940141,135.762748145018,60
"3421",2042,111.346185598773,101.001527349614,141.870447536964,60
"3421",2043,114.759930091332,103.49367226383,148.199021033157,60
"3421",2044,119.121297493171,106.598415842575,156.658627810951,60
"3421",2045,124.357481757892,110.261218679754,167.152131253856,60
"3421",2046,128.525101635991,113.224262186714,175.298051726547,60
"3421",2047,133.590881492887,116.754035025698,185.570010935435,60
"3421",2048,138.418455793196,120.125902543554,195.345509522769,60
"3421",2049,143.671239909,123.758184033734,206.191143534431,60
"3421",2050,150.917366277878,128.634294504516,221.914201339376,60
"3422",2026,56.2728350046422,56.1621862009816,56.5848042031258,60
"3422",2027,56.8769110821761,56.7377083768936,57.3603941184557,60
"3422",2028,57.605058358906,57.4154245036723,58.3189703916887,60
"3422",2029,58.4848958187028,58.2388151446589,59.5093048000133,60
"3422",2030,59.4063404449446,59.1170917547368,60.7494779615889,60
"3422",2031,60.569350509439,60.2255679736099,62.3705253847733,60
"3422",2032,61.9397041622336,61.3777168990949,64.334626586904,60
"3422",2033,63.3903739601384,62.625949261599,66.4796040722354,60
"3422",2034,64.8620018669489,63.909561127846,68.6475241411329,60
"3422",2035,66.2830924507171,65.1585168692376,70.7070721770029,60
"3422",2036,68.5697116284597,67.0556539005196,74.3815496391322,60
"3422",2037,70.6261773890622,68.7811438507243,77.6376916950105,60
"3422",2038,72.6743680365787,70.50138034731,80.88307193463,60
"3422",2039,74.7290715517962,72.2291627528448,84.1375304323435,60
"3422",2040,76.9978465321917,74.1132571617568,87.81983149789,60
"3422",2041,79.240349677121,75.9770352198069,91.461221987088,60
"3422",2042,81.6158115801932,77.9354843923391,95.3454778411185,60
"3422",2043,84.4106492684249,80.1685658431518,100.04874851592,60
"3422",2044,86.739198465076,82.0677477581768,103.854071179988,60
"3422",2045,88.8793489180869,83.8404982101253,107.277384914704,60
"3422",2046,91.1589273314214,85.7090548814134,110.980856952932,60
"3422",2047,94.0898676287353,88.0236763890245,115.998246340245,60
"3422",2048,96.5423592618405,90.0077615698177,120.06630630093,60
"3422",2049,99.7632433144492,92.5187911813414,125.693107157929,60
"3422",2050,102.518046961246,94.7082135280623,130.389838183867,60
"3423",2026,60.4132159892269,60.3057526882381,60.8085915460164,60
"3423",2027,59.9225744254995,59.7585139291191,60.5094660219313,60
"3423",2028,59.5393677359711,59.2951544079804,60.3798101156103,60
"3423",2029,59.3441303116122,58.9729477083616,60.5629544788391,60
"3423",2030,59.016785100562,58.559575369416,60.5070330534519,60
"3423",2031,58.9410370075317,58.3315054218717,60.881385580265,60
"3423",2032,59.0933150777228,58.2678607605186,61.6603110247694,60
"3423",2033,59.3192368636956,58.2613064453094,62.5771888355785,60
"3423",2034,59.417099901532,58.166046674515,63.2656218473808,60
"3423",2035,59.5493884318567,58.0973088991915,64.0204002452522,60
"3423",2036,59.7535529974242,58.085693133318,64.8825197532157,60
"3423",2037,60.5414252316533,58.4820314316372,66.8854973570402,60
"3423",2038,61.2926392984822,58.8537811015086,68.8259922622964,60
"3423",2039,61.8703354173574,59.1075359209192,70.4222729647421,60
"3423",2040,62.8994785023461,59.6692861260202,72.9419233627115,60
"3423",2041,63.387054789192,59.8600216436562,74.3683672180092,60
"3423",2042,64.4191814928958,60.4272894187365,76.8977062227662,60
"3423",2043,65.1827805728807,60.8048299059802,78.9029284478229,60
"3423",2044,66.5067038045705,61.5655477848027,82.0712226772993,60
"3423",2045,67.9424686083888,62.4018203410969,85.4886001153624,60
"3423",2046,69.6846829047678,63.4392239954313,89.5929784743384,60
"3423",2047,71.1446667783994,64.2858997582708,93.1319579117854,60
"3423",2048,72.917770908228,65.3363150202712,97.4182881788142,60
"3423",2049,74.7805274792277,66.4391456137475,101.952149959475,60
"3423",2050,76.6874356540744,67.5693751502309,106.611490541315,60
"3424",2026,16.8710377780916,16.8138661177255,17.0448904630126,60
"3424",2027,17.2951492902091,17.1931425128109,17.590257047453,60
"3424",2028,17.8001041015396,17.6308889793153,18.2708096319964,60
"3424",2029,18.3416946345353,18.0890144817893,19.0285056289363,60
"3424",2030,19.0408480412219,18.6498900103181,20.0773269755109,60
"3424",2031,19.61437533062,19.1285501148479,20.8961097601943,60
"3424",2032,20.7143121267155,19.9788367461748,22.7270957727861,60
"3424",2033,21.586859148724,20.6708171890378,24.1340776000253,60
"3424",2034,22.3775601671164,21.3067530797941,25.3801198192449,60
"3424",2035,23.5827195003737,22.224419013749,27.4791068911028,60
"3424",2036,24.5816452846787,23.0004974422702,29.1671396081851,60
"3424",2037,25.9078118536083,23.9987358052307,31.5463484645945,60
"3424",2038,27.2415337941947,24.9979640943256,33.97004432227,60
"3424",2039,28.667154595966,26.0539532536929,36.6234071978855,60
"3424",2040,29.7440786134812,26.8764052312102,38.514681822295,60
"3424",2041,30.851791982885,27.7184690755442,40.4754540247608,60
"3424",2042,32.937173779529,29.1880521207418,44.6939099546748,60
"3424",2043,34.2144185141897,30.1340905033087,47.0822593139842,60
"3424",2044,35.6175753916213,31.1597770882005,49.7730947293029,60
"3424",2045,37.2954400488316,32.3583057573288,53.1303735436666,60
"3424",2046,38.425004807314,33.2101903692169,55.1787989123007,60
"3424",2047,40.0368844102344,34.3609157744353,58.4157077314333,60
"3424",2048,42.427569126605,35.9956765781954,63.5944423028084,60
"3424",2049,44.0420072339412,37.1434936191926,66.8815186233178,60
"3424",2050,45.1626810064371,37.9847008758146,68.9345321363606,60
"3425",2026,18.3702265409674,18.2811235462916,18.8106590941004,60
"3425",2027,18.6175807484544,18.4736418396085,19.3038522842833,60
"3425",2028,18.9779116920929,18.7607863720566,19.9901684675876,60
"3425",2029,19.2180902376149,18.9484001381556,20.4704483708693,60
"3425",2030,19.7005602046433,19.3373321801372,21.3539712925057,60
"3425",2031,20.1871721690074,19.7287051042588,22.2499899403411,60
"3425",2032,21.0280653291843,20.4056727280225,23.7802035467222,60
"3425",2033,21.7330771263934,20.9687236709523,25.1392678228957,60
"3425",2034,22.2840843918178,21.401051266025,26.215381993998,60
"3425",2035,22.6091883259359,21.6601329772929,26.8379925843283,60
"3425",2036,23.5798246570786,22.3903805573972,28.848776539788,60
"3425",2037,24.7179019843371,23.2349294628168,31.2757134498244,60
"3425",2038,25.384937801888,23.7357960077162,32.6794685614631,60
"3425",2039,25.6616818029652,23.9588657279132,33.1918305500657,60
"3425",2040,26.1898764186661,24.3583480336473,34.2898354615519,60
"3425",2041,27.051589003222,24.9981900102878,36.1390178407921,60
"3425",2042,27.7409720122239,25.5102510776222,37.6189530201519,60
"3425",2043,28.8158475155887,26.2979504281276,39.9874793377863,60
"3425",2044,30.0477457848975,27.189603339239,42.7697090179777,60
"3425",2045,30.6850708985605,27.6642236397322,44.1374719234994,60
"3425",2046,31.7353989907608,28.427854296468,46.5006525234685,60
"3425",2047,31.907801052765,28.5699890622004,46.7831597336169,60
"3425",2048,34.814278426424,30.6231238393008,53.722645294519,60
"3425",2049,35.4707092039309,31.1069455415197,55.1613376384677,60
"3425",2050,36.5130737458011,31.8510210933193,57.6496862197179,60
"3426",2026,25.5271564227411,25.2635707979913,25.754296813131,60
"3426",2027,25.7722797237553,25.4045784230525,26.1198295187009,60
"3426",2028,26.0638804547185,25.5791532124826,26.5635166759553,60
"3426",2029,26.496841263106,25.8353715597403,27.2504173847957,60
"3426",2030,27.0888070767605,26.2310385609275,28.2184764563567,60
"3426",2031,27.7836091386872,26.7481220166209,29.3806125717425,60
"3426",2032,28.38360451618,27.1826201188195,30.393765548482,60
"3426",2033,28.9789237498124,27.6133136261243,31.4139088427286,60
"3426",2034,29.5746357269821,28.0444331148946,32.4420536525792,60
"3426",2035,30.3408882794155,28.6252761660196,33.8012889303354,60
"3426",2036,31.5426070024086,29.4232891266607,36.0229162323661,60
"3426",2037,32.7456215152411,30.2091071284764,38.2836996854861,60
"3426",2038,33.8962535876796,30.9561582314046,40.4681948268869,60
"3426",2039,34.8979518673893,31.607888701036,42.3604556589486,60
"3426",2040,36.886335266244,32.8783264763292,46.4696709747657,60
"3426",2041,38.1227816845831,33.6667677776759,48.9758611388106,60
"3426",2042,38.6283933607441,33.9898732458715,49.8750075974509,60
"3426",2043,40.535837803029,35.1920682801904,53.9322988448649,60
"3426",2044,42.1691405321568,36.2114534854093,57.4395318831872,60
"3426",2045,44.0957947909814,37.4050466091783,61.68419316234,60
"3426",2046,44.63780318034,37.7453823446602,62.675482124379,60
"3426",2047,45.7183326998828,38.4136517055327,64.9537760033684,60
"3426",2048,46.7902014538849,39.074102805708,67.2242265472853,60
"3426",2049,47.5720228967245,39.548066503697,68.8421006885817,60
"3426",2050,50.2933669707191,41.2050878004946,75.1423718145025,60
"3427",2026,98.6376223506723,98.2225354023695,99.636856214845,60
"3427",2027,99.1284469891475,98.4686084374174,100.6668339672,60
"3427",2028,100.032036810979,98.9794219528947,102.384423313061,60
"3427",2029,101.055750085789,99.5715160926187,104.317757761195,60
"3427",2030,101.936246771036,100.084018376456,106.018607648777,60
"3427",2031,103.285931524762,100.917472201018,108.580820897793,60
"3427",2032,104.903863716852,101.931022559389,111.648462803254,60
"3427",2033,106.654384267276,103.031060691712,114.98437645644,60
"3427",2034,109.077869727118,104.580031838747,119.7457621129,60
"3427",2035,111.329459610122,106.012614951348,124.201182998552,60
"3427",2036,113.61693795812,107.46613787579,128.754734937561,60
"3427",2037,116.853782353273,109.546656532913,135.28530396137,60
"3427",2038,120.25461420447,111.727423598719,142.222832866759,60
"3427",2039,124.1440200274,114.215675018977,150.281507212997,60
"3427",2040,128.184724542024,116.792609884351,158.752494116124,60
"3427",2041,131.576282067368,118.945131582622,165.85285150852,60
"3427",2042,135.527717728156,121.444028339304,174.268985945198,60
"3427",2043,140.487677129221,124.572786247957,185.051258831303,60
"3427",2044,145.144935387401,127.498596193497,195.236805126574,60
"3427",2045,150.238715899783,130.679390680691,206.5616497796,60
"3427",2046,153.981590570278,132.999400480184,214.801949521141,60
"3427",2047,157.275481582108,135.028899351779,222.029814353193,60
"3427",2048,162.310693457278,138.13286751555,233.466941467578,60
"3427",2049,165.711597463429,140.213552810777,241.03447317693,60
"3427",2050,170.633465132731,143.218075421791,252.371353417352,60
"3428",2026,32.0761015558489,32.0475768024285,32.1896078410461,60
"3428",2027,32.1150309256149,32.0648412584568,32.2914036672779,60
"3428",2028,32.2700649523757,32.1587673812924,32.5921527277243,60
"3428",2029,32.4238177463362,32.2530929559653,32.9006775884037,60
"3428",2030,32.6174709562833,32.3734736530716,33.2955585635959,60
"3428",2031,32.9284737234404,32.5740497164978,33.924182887843,60
"3428",2032,33.3584164444438,32.8558972009717,34.7892623618394,60
"3428",2033,33.7783557709066,33.1264314700351,35.6547684711429,60
"3428",2034,34.352252008745,33.5001933208527,36.8390104984909,60
"3428",2035,34.825727841429,33.799718754786,37.8473441909714,60
"3428",2036,35.4572467173614,34.2061513305039,39.1866237598204,60
"3428",2037,36.007257204615,34.5525605885159,40.380456687301,60
"3428",2038,37.353774466669,35.4378921786902,43.2574842735428,60
"3428",2039,37.8888814427645,35.7657191359936,44.4653022504257,60
"3428",2040,39.1960730117253,36.6097215841201,47.3592115175493,60
"3428",2041,40.0524336685884,37.1468768379836,49.3042007820935,60
"3428",2042,41.4898022477359,38.0663770131074,52.5759935175088,60
"3428",2043,43.1825578145259,39.1409037307479,56.5194388144711,60
"3428",2044,44.31054542727,39.8401454677139,59.1979389642212,60
"3428",2045,45.8859557129396,40.8230072323696,62.9845877081426,60
"3428",2046,46.4724064907178,41.1645917277918,64.4149498381476,60
"3428",2047,48.628612644636,42.5073722401101,69.6430129539638,60
"3428",2048,50.8742186691539,43.8892939724434,75.0768312503324,60
"3428",2049,52.8464536950873,45.09286618562,79.9134668664624,60
"3428",2050,53.4047680240211,45.3940998675852,81.3646263248298,60
"3429",2026,41.3209230915188,40.7352121829425,41.7386522777527,60
"3429",2027,41.7363688353746,40.9264622195438,42.5475342516522,60
"3429",2028,42.0040971258569,40.9725256442985,43.1112901058152,60
"3429",2029,42.5605298495499,41.2556061773619,44.2356832192006,60
"3429",2030,43.5226714604871,41.8607664738539,46.202859894514,60
"3429",2031,44.0306599188454,42.0903743076137,47.2804428857007,60
"3429",2032,45.5785566536885,43.0125890701301,50.5555100068257,60
"3429",2033,45.928087958146,43.1305107184013,51.3222944852204,60
"3429",2034,47.6042209844861,43.9612939797938,54.9829357243881,60
"3429",2035,49.6077083290345,44.9551567383937,59.4711249912482,60
"3429",2036,51.0484895479886,45.6426967301393,62.7441229354751,60
"3429",2037,53.076168322612,46.625367892856,67.4289113388158,60
"3429",2038,53.1762381415143,46.6133142722322,67.5903854128293,60
"3429",2039,55.1251695247611,47.546251751253,72.1098078763159,60
"3429",2040,58.7452062101853,49.3071228166254,80.780103935255,60
"3429",2041,60.1767673615449,49.9603531884399,84.1735700282585,60
"3429",2042,61.6910623280558,50.6505827895128,87.79244530798,60
"3429",2043,62.6464565557476,51.0612939522411,90.0214930461528,60
"3429",2044,63.792302319485,51.5628861802923,92.740374268127,60
"3429",2045,67.5491981449356,53.3376852848545,102.15259491567,60
"3429",2046,70.6662631664949,55.0383304235267,110.073879963561,60
"3429",2047,72.7657466600768,56.1561755552782,115.424854565795,60
"3429",2048,74.4584940996318,57.0106458636837,119.667345081916,60
"3429",2049,74.5282819229692,56.7963618537668,119.634129011688,60
"3429",2050,77.9788661618646,58.7977119966303,128.632470892179,60
"3430",2026,16.1687975254353,16.12717596922,16.6236142975822,60
"3430",2027,16.3041149941743,16.2412441173193,16.9588075493844,60
"3430",2028,16.4205472436897,16.3352287914394,17.2672906544012,60
"3430",2029,16.6490089050737,16.5207588592143,17.7342308511545,60
"3430",2030,16.852381603672,16.6855024775623,18.1659735294634,60
"3430",2031,17.2141758036131,16.9779442821947,18.8236504096298,60
"3430",2032,17.594455915388,17.284006293742,19.5118084379203,60
"3430",2033,17.9537947101357,17.5634461330906,20.1705274108284,60
"3430",2034,18.3391583456632,17.8461197865519,20.8668269465814,60
"3430",2035,18.8352182287449,18.197859222683,21.7488179467332,60
"3430",2036,19.352203718404,18.5593862596655,22.7014161067176,60
"3430",2037,20.3185523119515,19.1947680082158,24.5889185387294,60
"3430",2038,20.9165359296083,19.6005604373218,25.8431958307331,60
"3430",2039,21.2953206823291,19.8725327379125,26.6128954804906,60
"3430",2040,22.3222632435481,20.5329255913283,28.881436756062,60
"3430",2041,22.6930899177841,20.7971398466501,29.642985269155,60
"3430",2042,24.1490820910079,21.7054983715099,33.0097672096992,60
"3430",2043,24.7157958290889,22.0784156317485,34.2762098410858,60
"3430",2044,25.4815431825756,22.5731660966532,36.0224642498964,60
"3430",2045,26.4239933744677,23.1624696745093,38.2528049126809,60
"3430",2046,27.2648583552184,23.6939604664064,40.22938283166,60
"3430",2047,28.5761141568201,24.4895732760965,43.4653649561995,60
"3430",2048,29.2926493827454,24.9416750392871,45.163684800765,60
"3430",2049,30.276923954911,25.5445572183298,47.5849024064983,60
"3430",2050,31.411340116263,26.2297874920532,50.4320064207908,60
"3431",2026,49.8604121124226,49.2081120498423,50.1426850030672,60
"3431",2027,49.9685115519703,49.0269883498827,50.4596124748684,60
"3431",2028,50.224548619892,48.951552032638,51.0269706460223,60
"3431",2029,50.540770431184,48.9187010102617,51.7004864708105,60
"3431",2030,50.9379161381806,48.9430200998984,52.5169819247866,60
"3431",2031,51.4380419920783,49.0397885168383,53.5175082439388,60
"3431",2032,52.0678175521459,49.227298071201,54.7532688059798,60
"3431",2033,52.8415111890404,49.5136851883161,56.260998575579,60
"3431",2034,53.7219603976216,49.8732958754049,58.0017393691155,60
"3431",2035,54.4181094138116,50.1025207950981,59.4208454226056,60
"3431",2036,55.7409334786959,50.7643568734527,62.0736929468102,60
"3431",2037,57.0649096167281,51.423963877412,64.7607660725937,60
"3431",2038,58.1683304836517,51.9282763475956,67.0358934155039,60
"3431",2039,58.9002173276699,52.1773252513186,68.565119758774,60
"3431",2040,60.7810841742389,53.2072187689887,72.4767642856255,60
"3431",2041,62.4765470032249,54.1090941067802,76.0350821391668,60
"3431",2042,63.0633582600081,54.2553526719557,77.288654643987,60
"3431",2043,64.807724856433,55.1843123462804,80.9995007817699,60
"3431",2044,65.735084937645,55.556534832226,83.0030048698272,60
"3431",2045,66.9564256977445,56.129161692426,85.6257240930317,60
"3431",2046,68.4896062628106,56.9070759758808,88.953971048498,60
"3431",2047,69.9231560555036,57.6196575743651,92.0618266704009,60
"3431",2048,70.2359886846455,57.5751822352814,92.7538812619518,60
"3431",2049,72.1852729899821,58.6279597853944,97.028978939596,60
"3431",2050,72.5185892895325,58.5959468478744,97.77045309049,60
"3432",2026,32.5084432980949,32.3855959141286,32.7571902974569,60
"3432",2027,32.8366130871161,32.6172538961905,33.3135660299676,60
"3432",2028,33.0892218437917,32.7822081868704,33.7578387257062,60
"3432",2029,33.4815480324609,33.0435549334593,34.4694728792083,60
"3432",2030,33.8561458679514,33.2864071165991,35.1706221445929,60
"3432",2031,34.7532881901076,33.8813948046078,36.8894432218567,60
"3432",2032,35.3367756185194,34.253676650822,38.0466666735821,60
"3432",2033,36.0579302203684,34.7136246821815,39.5002847658431,60
"3432",2034,36.9855454425518,35.3062014821228,41.4012328348742,60
"3432",2035,37.9383541717174,35.9067225242909,43.3983956088061,60
"3432",2036,39.7799409016514,37.0794935288767,47.3572603726566,60
"3432",2037,40.7647065395353,37.6841431135723,49.5219995356499,60
"3432",2038,42.2998184259885,38.6310837614551,52.9792078368143,60
"3432",2039,43.5408846596429,39.3869917796198,55.801818027557,60
"3432",2040,44.9131851229715,40.2137956170932,58.9932411939695,60
"3432",2041,47.4241291470724,41.7481441316687,64.960808022352,60
"3432",2042,49.002349071114,42.6811708956116,68.8002981055119,60
"3432",2043,51.7294864966952,44.3143960332368,75.5815741547329,60
"3432",2044,53.2700049830186,45.202242128782,79.480294985968,60
"3432",2045,54.9878351357134,46.1950506532721,83.8658228497785,60
"3432",2046,57.1873020837601,47.4685083461412,89.5892823740119,60
"3432",2047,59.6204721653348,48.8692861852938,96.0406971009443,60
"3432",2048,60.1634374181755,49.1341842332984,97.4346494105069,60
"3432",2049,62.930277587642,50.7139864278524,104.936973507639,60
"3432",2050,64.8496091365934,51.7800156390259,110.201947697479,60
"3433",2026,41.3092146160771,41.0779306767523,41.6739698466006,60
"3433",2027,41.5385991405642,41.1619246202656,42.1515436831234,60
"3433",2028,41.8562100915746,41.2916346325688,42.8098896710585,60
"3433",2029,42.3435157499598,41.5143996801016,43.8146471240218,60
"3433",2030,42.85412766371,41.7423058576406,44.8926759275157,60
"3433",2031,43.5177998048249,42.0994244285645,46.3017108231519,60
"3433",2032,44.3872749732667,42.6596493002611,48.158285151557,60
"3433",2033,45.2038199633785,43.1749439086018,49.9461060251291,60
"3433",2034,46.1515531914006,43.7818926962056,52.0473119318848,60
"3433",2035,46.9406089301705,44.2624384756609,53.8298022096506,60
"3433",2036,48.5005960838655,45.3276110922629,57.3002692425586,60
"3433",2037,50.1176907444019,46.3236025564719,60.980412887528,60
"3433",2038,50.9060353372504,46.7535165134324,62.8580051161332,60
"3433",2039,51.6141813345319,47.1224354511733,64.5930562241413,60
"3433",2040,52.7868081981797,47.7866491260725,67.3933396767813,60
"3433",2041,54.2598853667472,48.6344157302784,70.9274558234556,60
"3433",2042,57.1894917751019,50.3876919872131,77.9836626652045,60
"3433",2043,57.5245418866061,50.5032414590607,78.9155967381631,60
"3433",2044,57.3266081155446,50.2840321226557,78.5807772558274,60
"3433",2045,59.5686694453705,51.5825632833872,84.131755363692,60
"3433",2046,61.2550021538733,52.5227595550038,88.4203115875006,60
"3433",2047,63.3948547998458,53.7333584533121,93.8974508682617,60
"3433",2048,64.3014775496127,54.1827036647533,96.3202420162068,60
"3433",2049,65.9447592222642,55.0710366916151,100.659435795431,60
"3433",2050,68.1300494855505,56.2891810901073,106.403770886409,60
"3434",2026,24.6209094190102,24.4959610489971,25.1172507536921,60
"3434",2027,24.9490660407855,24.7449258433109,25.7232684255621,60
"3434",2028,25.2518030470978,24.9725722112242,26.2922990486257,60
"3434",2029,25.6623505086292,25.2734714504315,27.0707022421936,60
"3434",2030,26.3075973350512,25.7370312154716,28.3025970227909,60
"3434",2031,26.9813077558931,26.2142733534335,29.6566481867152,60
"3434",2032,27.7961558223085,26.7847118075027,31.3344309448846,60
"3434",2033,28.4219999781306,27.2197872151452,32.638275048479,60
"3434",2034,29.5670176526327,28.0018478074526,35.1082087547238,60
"3434",2035,30.6898122023855,28.7624925366251,37.578207370052,60
"3434",2036,31.6194409621605,29.3866311102937,39.6506012610071,60
"3434",2037,33.5586404291542,30.6671163014752,44.1814242971954,60
"3434",2038,34.3410423810293,31.1809636577432,45.9868039436248,60
"3434",2039,36.065255196775,32.3013415155469,50.1604564571105,60
"3434",2040,37.8296804064952,33.4334769154448,54.5453360493817,60
"3434",2041,39.6500767193273,34.5844355855633,59.1533200407142,60
"3434",2042,41.2351871808649,35.5733217741421,63.2255112293522,60
"3434",2043,43.2104045809449,36.7881499658339,68.4578044586534,60
"3434",2044,44.5746407738322,37.6259655388736,72.043519097972,60
"3434",2045,46.2960936218023,38.6686752815675,76.7087574883312,60
"3434",2046,49.4982160712664,40.5866603187518,85.7686820244579,60
"3434",2047,49.9788551652978,40.8714373166952,86.9443983009856,60
"3434",2048,51.2433778569141,41.6115771653078,90.4912453085815,60
"3434",2049,51.904423621322,41.9928030482336,92.2576072018231,60
"3434",2050,54.1812889285268,43.3193614247567,98.9063333114548,60
"3435",2026,52.4647915987413,52.3068766638898,52.9841949751314,60
"3435",2027,52.7366519140854,52.4785322112568,53.5410115103778,60
"3435",2028,53.3087188324917,52.853130927126,54.6303086162812,60
"3435",2029,53.7082921665585,53.0987990193442,55.4542557649856,60
"3435",2030,54.4235709842185,53.5572910358735,56.8952402813033,60
"3435",2031,55.0585429657764,53.9512675343465,58.2196698265502,60
"3435",2032,55.8618178998007,54.4556867636986,59.8870466218835,60
"3435",2033,56.6959200895215,54.9746761510516,61.6501216265765,60
"3435",2034,57.5973175060244,55.5316240157764,63.579440690542,60
"3435",2035,59.104235396328,56.512434509687,66.7588430982542,60
"3435",2036,59.8560241875556,56.9586041034766,68.4383366260963,60
"3435",2037,61.0601943433115,57.7038588358643,71.0712242492464,60
"3435",2038,62.6060670433722,58.665160213849,74.4739968631595,60
"3435",2039,63.7881330060298,59.3822740318869,77.1283043717141,60
"3435",2040,65.3763755293661,60.3562366451202,80.7053309758374,60
"3435",2041,66.4957626608266,61.0141321236097,83.3032714079908,60
"3435",2042,68.275754163558,62.0998979512066,87.3762682348506,60
"3435",2043,69.7192665484715,62.9580174241341,90.7483073449317,60
"3435",2044,71.103477717481,63.7704245825686,94.0225158301771,60
"3435",2045,73.240710018427,65.0603282229035,99.0491330002223,60
"3435",2046,74.7016305306378,65.9065151273037,102.578238606263,60
"3435",2047,77.24469981951,67.4354026125621,108.668829597907,60
"3435",2048,78.1258754415787,67.8972859535299,110.917521684845,60
"3435",2049,79.935297807699,68.9423050726958,115.381621639996,60
"3435",2050,82.8396505783446,70.6753895735718,122.492901205595,60
"3436",2026,106.843071288104,106.310772931265,107.62586952676,60
"3436",2027,107.1531364006,106.371265287025,108.53258009774,60
"3436",2028,107.518589598348,106.465917891525,109.566764181614,60
"3436",2029,108.460190333071,106.941542447919,111.696686955511,60
"3436",2030,109.454277387938,107.442336474929,113.969500790353,60
"3436",2031,110.632574031527,108.066149460305,116.636703343335,60
"3436",2032,112.402967571211,109.10140680833,120.505076599086,60
"3436",2033,114.223491130478,110.158681277498,124.549669550348,60
"3436",2034,116.223029122359,111.332132606121,129.014793111534,60
"3436",2035,118.57086228468,112.692120509198,134.266851668871,60
"3436",2036,120.850797689392,113.991257623279,139.448975708392,60
"3436",2037,123.931122158978,115.799561609542,146.425987018954,60
"3436",2038,126.187692110691,117.056104734164,151.70507489234,60
"3436",2039,129.656578978156,119.090423234717,159.702872894291,60
"3436",2040,131.894789758745,120.309522291486,165.073427545169,60
"3436",2041,134.991304647224,122.073562083335,172.413664843707,60
"3436",2042,138.85459396116,124.313255656198,181.591500710643,60
"3436",2043,141.135396611441,125.52832027536,187.222234439681,60
"3436",2044,144.955207112081,127.713073801606,196.469589909319,60
"3436",2045,149.085768133038,130.078161722634,206.553673989442,60
"3436",2046,153.016003340602,132.302053646519,216.265343312281,60
"3436",2047,156.288008900089,134.101837273372,224.472418453558,60
"3436",2048,161.181195997023,136.890838823039,236.736810501836,60
"3436",2049,165.283987044993,139.179875003562,247.148285806927,60
"3436",2050,171.631884751195,142.82741689562,263.321169970381,60
"3437",2026,126.88552170312,123.688956519236,128.011768232756,60
"3437",2027,127.65539167492,123.279263683787,129.286954211872,60
"3437",2028,129.142983123514,123.627024115428,131.782417174244,60
"3437",2029,130.846427723776,124.218827877438,134.758415125626,60
"3437",2030,132.996598189678,125.275326528737,138.586869172696,60
"3437",2031,135.704510258201,126.783137881483,143.519460984856,60
"3437",2032,137.871478007197,127.737169749769,147.482733730056,60
"3437",2033,141.350094041327,129.881215976673,154.019396974202,60
"3437",2034,144.578037590311,131.774535649376,160.159459052232,60
"3437",2035,149.106509645856,134.843340097982,168.988642718463,60
"3437",2036,153.551664366641,137.437420823448,177.763293083345,60
"3437",2037,157.978099101736,139.979100615876,186.638091155588,60
"3437",2038,162.137190653006,142.324203552765,195.044058179633,60
"3437",2039,167.820054830411,145.735611528861,206.834835282526,60
"3437",2040,175.102152571701,150.221384907359,222.287925624411,60
"3437",2041,179.925436501104,152.969792031094,232.511215548327,60
"3437",2042,185.067220888962,156.235528821527,243.562168313901,60
"3437",2043,190.936970263137,160.395981820574,256.345576697185,60
"3437",2044,197.543123765121,165.255324761717,271.011986175803,60
"3437",2045,206.039025655366,170.915468715095,290.258679910647,60
"3437",2046,209.859789336437,173.039817219263,298.671091165468,60
"3437",2047,215.925161835658,176.789515108699,312.483285838034,60
"3437",2048,221.041671618117,179.841002804094,324.166571959248,60
"3437",2049,226.229370758055,182.938311086632,336.10785450802,60
"3437",2050,236.279091043449,189.552122596532,360.031126102394,60
"3438",2026,40.0577342114897,39.684882158709,40.3938149715485,60
"3438",2027,40.6423266978908,40.0849488590309,41.2074994056034,60
"3438",2028,41.185515545216,40.4528466720271,41.9474748656553,60
"3438",2029,41.97159222573,41.005937977546,43.1205678565526,60
"3438",2030,42.6674817089361,41.4895821850783,44.1636524734371,60
"3438",2031,43.4396244424785,42.0305741013254,45.3505312728897,60
"3438",2032,44.3545474120568,42.670225439063,46.8081293141123,60
"3438",2033,45.6817962961432,43.550911669536,49.0526816997068,60
"3438",2034,46.9211489245444,44.3697897183486,51.1506216733998,60
"3438",2035,48.0081088158503,45.0930393368565,52.9558304407465,60
"3438",2036,49.354076461665,45.9802340976007,55.2702796659839,60
"3438",2037,50.723202008003,46.8840096033365,57.6406353921046,60
"3438",2038,52.8213707909694,48.3239885511059,61.4777056872787,60
"3438",2039,54.9568911320611,49.784871159572,65.4134516207896,60
"3438",2040,56.9555895665129,51.1511004619112,69.0899550821089,60
"3438",2041,58.306649663701,52.0721510519613,71.4417710947863,60
"3438",2042,60.2429566590087,53.3916364494677,75.0208148380916,60
"3438",2043,62.7296716964379,55.0822722729316,79.786956539973,60
"3438",2044,65.2849678176655,56.8154525270465,84.7382403449404,60
"3438",2045,67.6193752739083,58.3905062228287,89.2711418722639,60
"3438",2046,69.8603314021148,59.9044628024864,93.6024671550804,60
"3438",2047,72.8793734415345,61.9269017222039,99.728983691705,60
"3438",2048,75.5978972729481,63.7490834364112,105.204929428821,60
"3438",2049,78.8083551443393,65.8838499709941,111.886548822531,60
"3438",2050,81.8871083087919,67.9309728892483,118.29413713514,60
"3439",2026,88.6022082777622,88.222736432486,89.1841911606757,60
"3439",2027,89.1499059791931,88.5544119307792,90.1969988282172,60
"3439",2028,89.7902406445214,89.0102210925887,91.3881758745648,60
"3439",2029,90.8368435127996,89.746745557363,93.3363224436851,60
"3439",2030,91.9750058920692,90.5434723127377,95.480094897922,60
"3439",2031,92.9513493399445,91.205790714652,97.3355411807172,60
"3439",2032,94.408299191264,92.1766129608,100.117005232199,60
"3439",2033,96.0425086211905,93.2640838918615,103.268076071794,60
"3439",2034,98.486218892784,94.8994527843228,108.039863612912,60
"3439",2035,100.901171539877,96.5022952751664,112.830907295653,60
"3439",2036,101.96796923735,97.1920611899707,114.922147169444,60
"3439",2037,104.45656400449,98.8339043299899,119.924238635549,60
"3439",2038,106.981116382592,100.492470309014,125.047281953442,60
"3439",2039,109.275770590666,101.992290252631,129.726464409585,60
"3439",2040,112.39667868018,104.028206740057,136.207993673219,60
"3439",2041,113.974998841053,105.041698155381,139.429524836269,60
"3439",2042,115.938326884248,106.305572869262,143.488229836831,60
"3439",2043,120.262519939528,109.110079177019,152.700373181605,60
"3439",2044,122.537051358683,110.567918430708,157.489962314753,60
"3439",2045,126.340202280286,113.013099618822,165.69684188171,60
"3439",2046,128.700714630281,114.517760193525,170.726766178595,60
"3439",2047,132.584724716484,116.999989678232,179.21801829001,60
"3439",2048,136.603389150712,119.552075529293,188.112595515486,60
"3439",2049,141.774824974811,122.835527224924,199.730198911936,60
"3439",2050,145.450850129165,125.148914127004,207.97828870133,60
"3440",2026,52.7699820404575,52.5144956655804,53.3839638202581,60
"3440",2027,54.4549219751338,54.0381978863832,55.4714494711205,60
"3440",2028,56.2833258834587,55.6700240973101,57.8127386122415,60
"3440",2029,58.5567673002758,57.6204858635206,60.9484059186112,60
"3440",2030,60.9408300019538,59.6523684483612,64.2859336970051,60
"3440",2031,63.0655323698102,61.509061755218,67.1265087649486,60
"3440",2032,66.0009802024717,63.9321508550762,71.496097658061,60
"3440",2033,68.8911055050601,66.3268162556841,75.784900664061,60
"3440",2034,72.0198488425084,68.8849671399733,80.551332981315,60
"3440",2035,75.8059625808581,71.889765544021,86.6443093286935,60
"3440",2036,79.6143103241436,74.9063951772638,92.8203969093393,60
"3440",2037,83.1282713177936,77.7241720396006,98.4142703065682,60
"3440",2038,87.5248378832172,81.1240078101939,105.886857350605,60
"3440",2039,91.9553913613706,84.5434868708381,113.472844483703,60
"3440",2040,96.5335356480185,88.0517550086483,121.433560112863,60
"3440",2041,99.8307183706757,90.7159211572411,126.641376069957,60
"3440",2042,105.280746008621,94.7856678644241,136.580640582326,60
"3440",2043,109.723807485195,98.1873667900914,144.369646500935,60
"3440",2044,115.322492028584,102.339111151401,154.768031164353,60
"3440",2045,119.562871220986,105.60300241345,162.157737551977,60
"3440",2046,124.837888014574,109.530996600622,171.928673117446,60
"3440",2047,130.088677858291,113.435194097884,181.700321896387,60
"3440",2048,136.077851787127,117.80581612841,193.239556745344,60
"3440",2049,142.445000923638,122.403659792419,205.76371423802,60
"3440",2050,147.981156555046,126.465023703525,216.386168413306,60
"3441",2026,77.9922552611478,77.7296978977668,79.1673655497072,60
"3441",2027,78.6483063180409,78.2591816350436,80.4519883807966,60
"3441",2028,79.5948058815467,79.0497577448565,82.2283457034882,60
"3441",2029,80.5992511777877,79.8760418184627,84.1272453540774,60
"3441",2030,81.5295693115081,80.6162853833281,85.9103831603568,60
"3441",2031,82.9198902122552,81.7172886626789,88.5247006555321,60
"3441",2032,84.5727828125746,83.022253647882,91.6291141543054,60
"3441",2033,86.6990929314144,84.6912750017901,95.6346072890345,60
"3441",2034,88.6570424964092,86.2280124024205,99.3451520821842,60
"3441",2035,90.1062389979844,87.3694799499729,102.108979203396,60
"3441",2036,92.8575192797443,89.5132190619048,107.359239950623,60
"3441",2037,95.4519577778698,91.5318601167199,112.343290773807,60
"3441",2038,98.1139633858081,93.5988343476849,117.582069900559,60
"3441",2039,101.087056771275,95.8990807639291,123.531264851476,60
"3441",2040,103.297050817272,97.6188865534198,127.898254068459,60
"3441",2041,106.671108306753,100.21494191783,134.75870777545,60
"3441",2042,109.852646556877,102.661862239985,141.246017143769,60
"3441",2043,113.309981299468,105.305835573805,148.375597884485,60
"3441",2044,117.303004140831,108.342035190286,156.72457576308,60
"3441",2045,120.34769387417,110.642502018547,163.011437203405,60
"3441",2046,125.093412097053,114.029661015424,173.152407177478,60
"3441",2047,130.242348052347,117.662829384365,184.317609646737,60
"3441",2048,134.379451284254,120.608700204867,193.253871957194,60
"3441",2049,139.92725726656,124.470983841881,205.533166914335,60
"3441",2050,143.758787878993,127.198016740666,213.872327355099,60
"3442",2026,129.395294457799,128.922697783938,133.527531288311,60
"3442",2027,130.668459127331,130.025336773373,136.604665389876,60
"3442",2028,132.238711254675,131.431411651452,140.201831805959,60
"3442",2029,134.184848482975,133.222205973995,144.461382163431,60
"3442",2030,136.210781711905,135.094631129048,148.862746941357,60
"3442",2031,139.031510389566,137.730490266949,154.697017213541,60
"3442",2032,141.816912763901,140.088314536168,160.499381172883,60
"3442",2033,145.057101487438,142.796878550756,166.935124120556,60
"3442",2034,148.401994337334,145.585774504963,173.709391516457,60
"3442",2035,152.053601794434,148.578835253198,181.078092122511,60
"3442",2036,156.294098478326,152.009450400735,189.555473501531,60
"3442",2037,160.822598423909,155.652612861573,198.592582612447,60
"3442",2038,165.487503946183,159.394357632767,207.90971359856,60
"3442",2039,169.954907039097,162.921149560633,216.864288795085,60
"3442",2040,174.088772697826,166.157339485782,225.184810657133,60
"3442",2041,180.060685721641,170.57497392152,237.048556265876,60
"3442",2042,185.013844457036,174.336061919013,246.967665254803,60
"3442",2043,191.0436000397,178.776283344119,259.492292103776,60
"3442",2044,195.978804616283,182.524942363781,269.768852896139,60
"3442",2045,201.467158947429,186.618724737729,281.284271645761,60
"3442",2046,208.860113522562,191.905012528281,297.061578915123,60
"3442",2047,215.513556199569,196.714459663989,311.262748143476,60
"3442",2048,221.967812301689,201.389162547991,325.06875365788,60
"3442",2049,229.421846155225,206.676843256324,341.191430588984,60
"3442",2050,236.584067139973,211.774272395056,356.706643128192,60
"3443",2026,132.427901190123,132.142162752551,134.768151741187,60
"3443",2027,133.333752873223,132.866812273246,136.707797950274,60
"3443",2028,134.632010427363,133.891100750945,139.218752735787,60
"3443",2029,136.201559524328,135.124866420403,142.125879820479,60
"3443",2030,137.990648272555,136.521283551918,145.353221012316,60
"3443",2031,140.118210085499,138.158951415273,149.248345371635,60
"3443",2032,142.480035182456,139.970268147594,153.620643221911,60
"3443",2033,145.588281953045,142.319551756296,159.335963515425,60
"3443",2034,148.65563774843,144.642209788388,165.002491465103,60
"3443",2035,151.815870667869,147.035635363035,171.095922778492,60
"3443",2036,155.397634163957,149.729321680144,178.100031642213,60
"3443",2037,159.305474999926,152.655591215929,185.800451747818,60
"3443",2038,163.37905342541,155.696618172801,193.881592450968,60
"3443",2039,167.69016310112,158.902740578247,202.498979992497,60
"3443",2040,171.84028089149,161.997836454136,210.790306896286,60
"3443",2041,176.146871013562,165.201362494867,219.442680062564,60
"3443",2042,180.577295402293,168.492227811899,228.377579985533,60
"3443",2043,185.112710272374,171.854744792364,237.56404290478,60
"3443",2044,190.454633262885,175.76902183024,248.595461453302,60
"3443",2045,195.492052771161,179.472766384438,258.965957545444,60
"3443",2046,200.89822617897,183.426785537153,270.20625190376,60
"3443",2047,207.574902985067,188.238085420102,284.445598929834,60
"3443",2048,213.966150527389,192.851670102246,298.078496947977,60
"3443",2049,220.687654739177,197.68292656075,312.549959039869,60
"3443",2050,227.80853956961,202.772856576235,328.057427853656,60
"3446",2026,180.868172535246,180.099916398362,182.814762951936,60
"3446",2027,182.007639907062,180.833688028423,185.045819303745,60
"3446",2028,183.654856638751,181.933579926635,188.233442341541,60
"3446",2029,185.746227239297,183.352813730811,192.275981260353,60
"3446",2030,188.310445945423,185.109161304242,197.249997583565,60
"3446",2031,191.493337889449,187.301526281672,203.47370770335,60
"3446",2032,194.614827450918,189.450618342612,209.600835738024,60
"3446",2033,198.467847678767,192.112189598787,217.236392729345,60
"3446",2034,202.65170441642,195.00378304536,225.587906330158,60
"3446",2035,207.585012231506,198.411979572461,235.556052955072,60
"3446",2036,213.608250025337,202.56536830357,247.792167954871,60
"3446",2037,218.812564279132,206.160744648247,258.268970214492,60
"3446",2038,224.444523274323,210.050099170188,269.672983794985,60
"3446",2039,230.473252152123,214.206434438698,281.96886137402,60
"3446",2040,237.641554104831,219.124674501808,296.813681779675,60
"3446",2041,245.526711281792,224.520215839039,313.315491852725,60
"3446",2042,252.900412356672,229.5668467468,328.758522664189,60
"3446",2043,260.392997803319,234.692326914074,344.510359615252,60
"3446",2044,268.997220490401,240.542789579858,362.89203078156,60
"3446",2045,279.551946967915,247.665267174702,385.919405772712,60
"3446",2046,289.79770166062,254.56661932447,408.40051191825,60
"3446",2047,300.043704208178,261.447274973688,431.052936502313,60
"3446",2048,310.507689517822,268.456951935598,454.357386071975,60
"3446",2049,321.858629323473,276.019763139477,479.986792888451,60
"3446",2050,336.464268130247,285.639238296493,513.932375484231,60
"3447",2026,84.684946291934,84.3343629903122,86.0446784310763,60
"3447",2027,85.2120167836017,84.6639702169076,87.2403764321972,60
"3447",2028,85.9435551212381,85.1433907831715,88.7732310847117,60
"3447",2029,86.9913039045034,85.8497063371684,90.8413143879895,60
"3447",2030,88.1578131080821,86.6438057972859,93.1092363839503,60
"3447",2031,89.523843626474,87.5800051584775,95.7231833853357,60
"3447",2032,91.206518716634,88.7383602675806,98.8955675032496,60
"3447",2033,92.8645916065491,89.8813071431194,102.02691654102,60
"3447",2034,94.7789788091886,91.2011407551157,105.621944408288,60
"3447",2035,97.701064133653,93.2027737483584,111.191532757758,60
"3447",2036,100.257312715773,94.9562403380205,116.175719569892,60
"3447",2037,102.996459795659,96.8312173425003,121.558308178861,60
"3447",2038,105.527239823487,98.5681905134393,126.534613230872,60
"3447",2039,108.860414899822,100.833901268374,133.385940776192,60
"3447",2040,112.415051680705,103.241058019005,140.795494074545,60
"3447",2041,116.511747495576,105.996185498837,149.498232105306,60
"3447",2042,120.003201433894,108.353749761399,156.858001389122,60
"3447",2043,123.783649708305,110.894717172159,164.926967543375,60
"3447",2044,128.663355816063,114.135282170273,175.660745998283,60
"3447",2045,132.612691039126,116.778197067386,184.21564167144,60
"3447",2046,136.879677234087,119.614157770203,193.601812727966,60
"3447",2047,141.942375812615,122.951794919277,204.983017958121,60
"3447",2048,146.245586857411,125.802684820203,214.547927174639,60
"3447",2049,151.359905752988,129.156399852286,226.201770659462,60
"3447",2050,157.349493881533,133.04651062487,239.774127876403,60
"3448",2026,80.5601752306285,80.2004491762632,81.602404016651,60
"3448",2027,80.9367336703318,80.3908661939443,82.4753256944777,60
"3448",2028,81.4629601991957,80.6854096313329,83.5937560375598,60
"3448",2029,82.0229062402245,81.0024039178098,84.7710286934207,60
"3448",2030,82.7327810338716,81.4222852022392,86.1995813986575,60
"3448",2031,83.662409778439,81.9938221533008,88.0872443587109,60
"3448",2032,84.8842672031074,82.7659664689238,90.5825887681359,60
"3448",2033,86.2610304466228,83.6420877072356,93.3996889383699,60
"3448",2034,87.3885773968505,84.3412335677127,95.7539486074892,60
"3448",2035,88.936840316283,85.3272964418501,98.9645967809057,60
"3448",2036,90.5439475570545,86.3508209412686,102.319071572627,60
"3448",2037,92.865365286222,87.8588035538175,107.162641942519,60
"3448",2038,94.7814129752528,89.0826722961808,111.294718447871,60
"3448",2039,96.4622186078504,90.1434136550552,114.943524157474,60
"3448",2040,99.4061977640772,92.0499294221122,121.402602108458,60
"3448",2041,101.500947478574,93.3798745949147,126.03028685484,60
"3448",2042,103.942398776987,94.9397070984567,131.458400984394,60
"3448",2043,107.0863095462,96.9573042724974,138.55053117233,60
"3448",2044,109.38937737865,98.4122493492174,143.753334239601,60
"3448",2045,112.465277726938,100.375358551891,150.779521978771,60
"3448",2046,115.225733402265,102.122217126586,157.124471222201,60
"3448",2047,118.960498859077,104.500031987184,165.845273791396,60
"3448",2048,122.863543599261,106.977996486634,175.058725936485,60
"3448",2049,126.18476958014,109.071219715017,182.918393880904,60
"3448",2050,130.896617255731,112.048968897234,194.320134537122,60
"3449",2026,43.7839042823956,43.5461424520352,44.1755913499103,60
"3449",2027,44.2866172751038,43.8820521167487,44.9936020876216,60
"3449",2028,44.9071743426432,44.2921220494555,46.0302243632023,60
"3449",2029,45.4910774161411,44.6745317387007,47.0173534802861,60
"3449",2030,46.2092759288501,45.156165218213,48.266022359883,60
"3449",2031,47.085467895794,45.7362696823236,49.8411470343906,60
"3449",2032,48.4704394830229,46.654377263731,52.4294825539024,60
"3449",2033,49.5905335225866,47.3903205617777,54.528668000606,60
"3449",2034,50.376212623692,47.9008802802627,55.9720191517722,60
"3449",2035,52.0646815901717,49.0059851632012,59.2634274981644,60
"3449",2036,53.5167442524392,49.9493809353833,62.108731451945,60
"3449",2037,55.6398729008646,51.3251284233228,66.4070649285208,60
"3449",2038,57.2206090988956,52.3471023189212,69.5749049708169,60
"3449",2039,59.2217338864426,53.6343555314728,73.6919044118288,60
"3449",2040,61.1353567913285,54.8606962974013,77.6524832970219,60
"3449",2041,61.9251874341721,55.3751932468633,79.0931286305961,60
"3449",2042,64.8189193139612,57.2152511303946,85.3128731112275,60
"3449",2043,66.957798718587,58.5766247773138,89.8517665686573,60
"3449",2044,69.0750299487689,59.9160653126256,94.3882739214804,60
"3449",2045,72.7588178654059,62.2268244755804,102.665685312839,60
"3449",2046,74.4558139075908,63.2974473027311,106.268904006614,60
"3449",2047,76.9566362152255,64.8659646246131,111.81081812129,60
"3449",2048,81.3088330935512,67.5527231303182,122.007416979629,60
"3449",2049,84.2200424290396,69.3452842841299,128.74612815931,60
"3449",2050,86.7383054852454,70.9020711660804,134.49889290476,60
"3450",2026,25.8982036436907,25.8534929470634,26.0867275227944,60
"3450",2027,25.8731022093208,25.81178915462,26.1378898450033,60
"3450",2028,26.0899556609332,25.9849291400692,26.5967022526073,60
"3450",2029,26.2160727245422,26.0873601430558,26.8974761257642,60
"3450",2030,26.2938325922231,26.1419534664301,27.1194798629801,60
"3450",2031,26.5038427670194,26.327462791568,27.5610774893942,60
"3450",2032,26.8246976399916,26.5924055927747,28.1832489657909,60
"3450",2033,27.2834078338904,26.9502037906782,29.0364370700055,60
"3450",2034,27.5014499520331,27.1185547720878,29.4937779730689,60
"3450",2035,27.9819978869643,27.4898415055587,30.4404539079751,60
"3450",2036,28.4986331977731,27.889609409949,31.4644612382136,60
"3450",2037,29.2944991377058,28.501844669476,33.0431842681635,60
"3450",2038,30.1027740749854,29.1222115846138,34.6682615798372,60
"3450",2039,30.164665214063,29.1792446321945,34.7828670660084,60
"3450",2040,30.687598975865,29.5857728620712,35.82567714695,60
"3450",2041,31.1431204684717,29.945636794336,36.7153781605152,60
"3450",2042,32.3105017007368,30.8348854885119,39.1261131185042,60
"3450",2043,32.5060942532074,31.0020988708238,39.4562456133003,60
"3450",2044,33.6468553527901,31.870757935376,41.8125092389133,60
"3450",2045,33.7465077794647,31.9653502616036,41.9639561523886,60
"3450",2046,34.8858801177337,32.8332243312744,44.2935255000672,60
"3450",2047,36.5194644986017,34.0490028323058,47.6961551149318,60
"3450",2048,37.386172918631,34.6944164688357,49.4783888385158,60
"3450",2049,37.9152518315955,35.1001143548877,50.5530801213761,60
"3450",2050,38.9292312421638,35.8483938859891,52.6544682687146,60
"3451",2026,90.618400516503,90.1932717407658,91.465391748736,60
"3451",2027,91.3944713359358,90.7635153867894,92.6820155020745,60
"3451",2028,92.7262436384538,91.7247557445842,94.9019130549146,60
"3451",2029,94.2009749152558,92.785345815032,97.3963660006673,60
"3451",2030,95.9944099605465,94.0666203437172,100.497966985906,60
"3451",2031,97.8670010200767,95.4002262070976,103.769349472695,60
"3451",2032,100.112080037448,96.9869233840672,107.777983314683,60
"3451",2033,102.734410411102,98.8266836333645,112.556932907735,60
"3451",2034,105.78009110121,100.947041558203,118.224799848372,60
"3451",2035,108.79130248437,103.038127216717,123.871002840765,60
"3451",2036,112.230673225943,105.409396268621,130.444053612912,60
"3451",2037,115.828719063545,107.875387896891,137.416140831677,60
"3451",2038,119.798103194371,110.576017451176,145.245946706874,60
"3451",2039,123.692665649342,113.219020351309,152.977770053644,60
"3451",2040,127.557488026595,115.834925994364,160.697979784141,60
"3451",2041,132.345032475168,119.035283983692,170.544861993154,60
"3451",2042,135.874235052654,121.419860120601,177.613401476781,60
"3451",2043,139.944707799288,124.147250976697,185.93761187367,60
"3451",2044,143.420471963879,126.488930757213,192.936664374648,60
"3451",2045,148.056838488388,129.56414415795,202.642847401055,60
"3451",2046,152.487783432369,132.504137572214,211.913680775035,60
"3451",2047,157.123733985428,135.568862361542,221.703536494929,60
"3451",2048,160.947738906043,138.114425639195,229.620092052596,60
"3451",2049,166.800840118432,141.932762326147,242.389301243814,60
"3451",2050,171.087171627969,144.760520798529,251.467379312997,60
"3452",2026,22.5500956162726,22.4868457020885,23.0958247751493,60
"3452",2027,22.7763053583492,22.684795417851,23.5374200859972,60
"3452",2028,23.2079519640068,23.0404709064581,24.2980374447137,60
"3452",2029,23.7538255627878,23.4806500920226,25.2456055844926,60
"3452",2030,24.1585259122513,23.8092546377974,25.9730430360271,60
"3452",2031,24.6407530163362,24.193265198182,26.8262482955623,60
"3452",2032,25.357414845337,24.7408946741703,28.0214771515143,60
"3452",2033,26.03991285887,25.2633366931937,29.2285019325387,60
"3452",2034,26.803101521272,25.8405632740598,30.6059541438628,60
"3452",2035,27.7827525336127,26.5655784020876,32.3967701585456,60
"3452",2036,28.7471031829769,27.2772518278202,34.1804951919903,60
"3452",2037,29.5834633555827,27.8999297445906,35.7875096530348,60
"3452",2038,30.3356217738248,28.4682105457947,37.2243358078831,60
"3452",2039,31.7406267535856,29.4659479779206,40.1820123210333,60
"3452",2040,33.1160837511847,30.4422602900307,43.1022160809733,60
"3452",2041,34.5808413926497,31.4708318063271,46.2819314883184,60
"3452",2042,35.8834156331637,32.3907527729333,49.0974696008016,60
"3452",2043,36.8915802320741,33.1153101740626,51.2154840807552,60
"3452",2044,38.500324108023,34.2258730410867,54.7967061541171,60
"3452",2045,39.8776178030332,35.1847536568659,57.7891750134564,60
"3452",2046,41.2150027439467,36.1163392718829,60.699166497442,60
"3452",2047,43.5072661698041,37.6467431817632,65.9991807183169,60
"3452",2048,44.3322812810247,38.2460735872952,67.6870511015321,60
"3452",2049,46.392460120833,39.6218251821774,72.4767229295852,60
"3452",2050,47.7900370354779,40.5785063289148,75.6206415453591,60
"3453",2026,30.8286501400794,30.6758149680368,31.5199521060298,60
"3453",2027,31.3648388257709,31.0876419861174,32.4506291705645,60
"3453",2028,31.8470522639188,31.4609682434999,33.318931635211,60
"3453",2029,32.5967019899921,32.0182955367793,34.6844948203053,60
"3453",2030,33.4053551330875,32.6147131505453,36.1865964250045,60
"3453",2031,34.3179672247664,33.279125989499,37.9416688869436,60
"3453",2032,35.2386029188141,33.9469377708897,39.7271328563923,60
"3453",2033,36.5029151608535,34.8401306343866,42.2674425516877,60
"3453",2034,37.7651099000718,35.7288277982866,44.8296283228377,60
"3453",2035,38.9492222655207,36.5614688892968,47.2464451182288,60
"3453",2036,40.314228019971,37.5098833697897,50.0869779078131,60
"3453",2037,41.8715185662363,38.581724711901,53.384374019435,60
"3453",2038,43.5892432001218,39.7508717696101,57.0947349333377,60
"3453",2039,45.1826210316674,40.8359590625896,60.5453354737733,60
"3453",2040,46.7540174407048,41.9014487046869,63.9764127438225,60
"3453",2041,48.5405129831125,43.1000642633753,67.9543048058958,60
"3453",2042,50.4093591155335,44.3494971980454,72.163986099881,60
"3453",2043,51.851887444022,45.3251515058168,75.3468382203988,60
"3453",2044,54.067768517334,46.7819783298784,80.4959799472686,60
"3453",2045,56.1027343156898,48.1211165476063,85.2272239499543,60
"3453",2046,57.5393763767634,49.086408181577,88.4402401323462,60
"3453",2047,60.0288799096039,50.6996426680472,94.4051140270469,60
"3453",2048,62.3695939238466,52.2157243632696,100.030308075467,60
"3453",2049,64.9698910267469,53.8853385486218,106.393689105791,60
"3453",2050,68.2990772949761,55.9901284239368,114.803131465514,60
"3454",2026,14.181296696051,14.156100501736,14.7983239478146,60
"3454",2027,14.3106930852719,14.2675676513474,15.2053006547621,60
"3454",2028,14.4754574773841,14.409282096859,15.6766636659123,60
"3454",2029,14.59330029054,14.5128144864929,16.0576913566798,60
"3454",2030,14.8778265587951,14.7550918809085,16.7554554282087,60
"3454",2031,15.1029061538512,14.9482004244916,17.3399308434706,60
"3454",2032,15.3104330288691,15.1274579372053,17.8884467967851,60
"3454",2033,15.6841641742898,15.4440198250932,18.7600585451,60
"3454",2034,16.162940376918,15.8465547797979,19.8421671400352,60
"3454",2035,16.6808714764875,16.2806710400915,21.0075272739833,60
"3454",2036,16.8991876113899,16.4709223167554,21.5696407319998,60
"3454",2037,17.3644245490115,16.8621962173275,22.6305895113422,60
"3454",2038,18.0151210715369,17.4034275517435,24.1310618850543,60
"3454",2039,18.3725379971532,17.7081916660923,24.994646743704,60
"3454",2040,18.8064944539315,18.0752403560944,26.0462283067573,60
"3454",2041,19.3201418869677,18.5056971669935,27.3049788387219,60
"3454",2042,19.7566078356504,18.8745296256439,28.3662219993299,60
"3454",2043,20.5495617640098,19.5292308707146,30.3432727165009,60
"3454",2044,20.9250612277885,19.8487075275982,31.2527929467011,60
"3454",2045,21.4987355298762,20.3283994235098,32.6643403115105,60
"3454",2046,22.1980830463224,20.9069072658692,34.3551532322745,60
"3454",2047,22.6277975902386,21.2709171244904,35.3873667766565,60
"3454",2048,22.9402847993008,21.540257526617,36.1455117452778,60
"3454",2049,24.2818022984911,22.6225579231295,39.3861907688478,60
"3454",2050,24.8317800263942,23.0721160300805,40.7184370125535,60
"3901",2026,237.947376241347,237.311274833759,240.38696814428,60
"3901",2027,239.02047972833,237.970174075775,242.628405868578,60
"3901",2028,240.521991713694,238.947239046069,245.472327464569,60
"3901",2029,242.416569800909,240.215756311367,248.967556806859,60
"3901",2030,245.133367810879,242.075834696604,253.724596481902,60
"3901",2031,247.847577589629,243.944154279076,258.505841784504,60
"3901",2032,251.582349334283,246.533925140132,265.544449262212,60
"3901",2033,255.525766100394,249.276860814292,272.392137632362,60
"3901",2034,259.879140742465,252.310467465593,279.892003081289,60
"3901",2035,265.011353262449,255.888014564336,289.299818640611,60
"3901",2036,270.048049277972,259.411845272825,298.622981811243,60
"3901",2037,276.18876810498,263.697406245422,310.124947990203,60
"3901",2038,282.215040748323,267.910189677865,321.417243441878,60
"3901",2039,289.194627122734,272.772185860745,334.649147355511,60
"3901",2040,296.232378569825,277.678413732995,348.020862512145,60
"3901",2041,303.269771321607,282.585682634838,361.418467015365,60
"3901",2042,310.677036127807,287.744893470068,375.594956546767,60
"3901",2043,318.506373854615,293.18705688988,390.677457311749,60
"3901",2044,328.372260268422,299.977228014671,410.118152906958,60
"3901",2045,338.182867076884,306.720925897568,429.540996222628,60
"3901",2046,347.395869777779,313.069263163188,447.731377487631,60
"3901",2047,357.950814832506,320.286552388125,468.927507365372,60
"3901",2048,368.682053571837,327.610191713734,490.600995620189,60
"3901",2049,381.355423694816,336.180745805638,516.716811816236,60
"3901",2050,393.97373559221,344.69836000852,542.864663970083,60
"3903",2026,236.806884400575,235.958355359459,240.463075645488,60
"3903",2027,238.733594983335,237.433788164385,244.137137623527,60
"3903",2028,241.213782827048,239.370947848048,248.69370299741,60
"3903",2029,244.407840843897,241.893415334563,254.650855079209,60
"3903",2030,248.403444355091,245.065713068099,262.117630779684,60
"3903",2031,253.015024192203,248.739180852848,270.776627452914,60
"3903",2032,258.251135441508,252.918378598994,280.633844774859,60
"3903",2033,263.923753208546,257.447419787186,291.324909981639,60
"3903",2034,270.644106196009,262.792635035869,304.152487777614,60
"3903",2035,278.145222931941,268.749045378031,318.613614827135,60
"3903",2036,286.319641414293,275.218043231618,334.499816104849,60
"3903",2037,294.746238261069,281.849248700884,350.135604976657,60
"3903",2038,303.419371812753,288.677657346491,365.747329516617,60
"3903",2039,312.99948371295,296.187232644309,384.207748384019,60
"3903",2040,323.314978725927,304.24668874919,404.26098300519,60
"3903",2041,334.508690530851,312.953730361978,426.265860786312,60
"3903",2042,345.992277148438,321.882055404535,448.920905049967,60
"3903",2043,357.454862866374,330.803728668138,471.534926635689,60
"3903",2044,369.766742809291,340.345765025315,496.085679692761,60
"3903",2045,383.006528523907,350.557493718384,522.805932789746,60
"3903",2046,397.651642540158,361.775763730771,552.85399653554,60
"3903",2047,412.200864185237,372.920663124295,582.776097423966,60
"3903",2048,428.19385746101,385.088316099395,616.215464426822,60
"3903",2049,443.802163228468,396.976982868227,648.846136440431,60
"3903",2050,462.155438794819,410.787766461433,688.295451447863,60
"3905",2026,728.765104099433,723.732320313216,733.706788252613,60
"3905",2027,733.78839467349,726.644315614381,741.508808785957,60
"3905",2028,740.495042863719,730.593877052988,751.852434142772,60
"3905",2029,748.420497293493,735.99203631737,764.016237048929,60
"3905",2030,758.053075630627,742.885374681098,778.824960676598,60
"3905",2031,770.147701304116,751.361961413975,797.647099788179,60
"3905",2032,783.706989272719,760.954593752402,818.99874618173,60
"3905",2033,799.403152099823,772.17920891288,843.948435028086,60
"3905",2034,816.727493461942,784.656529811717,871.659868066273,60
"3905",2035,835.568184366023,797.909528658817,901.972944024047,60
"3905",2036,857.413504671224,813.139743791863,937.696659715362,60
"3905",2037,880.704367033415,829.361241903152,976.087149496259,60
"3905",2038,906.760387204487,847.428356859497,1019.60261419706,60
"3905",2039,933.726214925758,866.117512448643,1064.87203705152,60
"3905",2040,961.924028723814,885.634129548194,1112.51902777137,60
"3905",2041,993.028280853742,907.062483193645,1165.77847276113,60
"3905",2042,1025.7231512167,929.529823437287,1222.21961029029,60
"3905",2043,1061.17368993405,953.778606383385,1284.21304622145,60
"3905",2044,1097.86564625593,978.812541817425,1348.88169498579,60
"3905",2045,1136.25158622351,1004.91749107588,1417.97114365952,60
"3905",2046,1179.1576949741,1033.87786701984,1496.98041398097,60
"3905",2047,1222.11617214752,1062.82717102319,1576.50595679994,60
"3905",2048,1268.69484204947,1094.02651923721,1664.0867507507,60
"3905",2049,1315.79870956825,1125.49816333092,1753.31324396508,60
"3905",2050,1367.14562138173,1159.56765238133,1852.24898688999,60
"3907",2026,808.606896397131,804.223177143632,814.097358056866,60
"3907",2027,812.84220749681,806.570147715165,821.425222352582,60
"3907",2028,818.452988174555,809.995770818418,831.323841477261,60
"3907",2029,825.889334644221,814.189437784143,844.196294359801,60
"3907",2030,834.849371866416,819.38284244048,859.623046868332,60
"3907",2031,845.750333429364,825.813017835231,878.395960165627,60
"3907",2032,858.932272615006,833.661682579083,901.208116586161,60
"3907",2033,873.748721753966,843.108108583076,926.94729311802,60
"3907",2034,890.413897414451,854.732537683398,956.213361749461,60
"3907",2035,908.416334074837,867.389539082389,988.075058027442,60
"3907",2036,928.575019008877,881.649966983107,1024.06091796518,60
"3907",2037,951.55326328339,898.073300876301,1065.57555905259,60
"3907",2038,976.076021236264,915.680174890777,1110.22359389114,60
"3907",2039,1003.10588839426,934.294585976115,1160.00488436656,60
"3907",2040,1029.90984109431,952.513569628026,1209.4205420449,60
"3907",2041,1058.53944041414,971.952074348107,1262.65341716689,60
"3907",2042,1088.92384504808,992.550557942264,1319.63297939119,60
"3907",2043,1120.67986370143,1014.05246923729,1379.60527592842,60
"3907",2044,1157.04545949836,1038.54354398461,1449.53715804152,60
"3907",2045,1193.11547873006,1062.8256257376,1519.11101042648,60
"3907",2046,1233.80068003224,1090.06242257555,1598.95071178453,60
"3907",2047,1273.93794724928,1116.91142140847,1677.97250960255,60
"3907",2048,1315.49665558289,1144.64019695265,1760.45630674308,60
"3907",2049,1363.33399972709,1176.31359452322,1857.40705896433,60
"3907",2050,1411.86290413172,1208.35558132127,1956.52415303176,60
"3909",2026,596.639649957213,593.234021301691,601.974097824681,60
"3909",2027,603.009952142688,597.715465069859,611.642675081861,60
"3909",2028,610.658283095772,602.981347652297,623.487923589223,60
"3909",2029,619.841334201979,609.18230623401,638.008601696573,60
"3909",2030,631.044702047515,616.615461381447,656.146781520912,60
"3909",2031,643.433049359432,625.104841142879,676.445751738795,60
"3909",2032,658.120419356068,635.299997392161,701.024004458591,60
"3909",2033,674.258954088379,646.489329876506,728.380117616542,60
"3909",2034,692.090328935668,658.827795568385,759.025761916315,60
"3909",2035,712.097250779363,672.623128414321,793.982060376,60
"3909",2036,733.395507465304,687.282923444717,831.577343753121,60
"3909",2037,757.605665760391,703.855870022105,875.141602783696,60
"3909",2038,782.696764575262,720.991571243605,921.053498466257,60
"3909",2039,810.913787902006,740.141010204719,973.822439723937,60
"3909",2040,838.583272127702,758.91316942097,1025.71537960685,60
"3909",2041,866.863585100424,778.059919818696,1079.14963231733,60
"3909",2042,896.773467577695,798.210899184679,1136.34530115207,60
"3909",2043,927.181297206388,818.641549076695,1194.85673106702,60
"3909",2044,961.1565168918,841.296995801624,1261.57554834229,60
"3909",2045,995.082525693644,863.890979965974,1328.50393852459,60
"3909",2046,1030.22563627702,887.205866937932,1398.54145798486,60
"3909",2047,1064.65119519897,910.043707412933,1467.22186806631,60
"3909",2048,1099.4205488759,933.055118445871,1537.00135900634,60
"3909",2049,1137.70592333511,958.201807498257,1615.31317093005,60
"3909",2050,1176.56687107761,983.655851518885,1695.36990676805,60
"3911",2026,319.816711889917,317.158490837389,322.187192249239,60
"3911",2027,323.652976935565,320.079168083063,327.655553624805,60
"3911",2028,328.117458455912,323.491663041592,334.13510540039,60
"3911",2029,333.584612241842,327.650933872102,342.293596552662,60
"3911",2030,339.978610816613,333.112830631246,352.035779660551,60
"3911",2031,347.679537346546,339.785746820561,364.078149122054,60
"3911",2032,356.535023546417,346.985675380944,378.208795423479,60
"3911",2033,365.78330799776,354.511805696759,393.055665764779,60
"3911",2034,376.000498694316,362.30266544571,409.696753344972,60
"3911",2035,387.935234853488,371.240505933675,429.602210726696,60
"3911",2036,399.969767116984,380.261398317175,449.706376335693,60
"3911",2037,414.000158987431,390.634760823861,473.731915577874,60
"3911",2038,428.381307821026,401.249673904732,498.509769243835,60
"3911",2039,443.198853497014,412.156502352539,524.225502502549,60
"3911",2040,460.763110648803,424.886492454882,555.562852853128,60
"3911",2041,476.59184703645,436.464543540235,583.472158746343,60
"3911",2042,494.156089243296,449.187038972339,615.154726311818,60
"3911",2043,513.841233963068,463.281987935406,652.133282381275,60
"3911",2044,531.872044812179,476.290714011167,685.607395850264,60
"3911",2045,553.822350394461,491.822904250203,728.012314075645,60
"3911",2046,573.861500426971,506.096140441749,766.336875059091,60
"3911",2047,596.110568874584,521.777246948467,809.870587818576,60
"3911",2048,617.752171305502,537.039507316443,852.247508439512,60
"3911",2049,640.455144322312,552.949655729343,897.329035197742,60
"3911",2050,664.827674086025,569.883576241451,946.627376945846,60
"4001",2026,442.564343471826,438.280505465033,445.700590996912,60
"4001",2027,445.498298879594,439.484256220713,450.524240156901,60
"4001",2028,449.62458042935,441.645581972054,457.355831806167,60
"4001",2029,454.298777028312,444.27178601885,465.093244826941,60
"4001",2030,459.941730422566,447.709515212461,474.532686925229,60
"4001",2031,466.570795327174,451.923894272199,485.80030584355,60
"4001",2032,474.013636729439,456.737088999205,498.545755653577,60
"4001",2033,482.946567663134,461.844258181799,514.073811732902,60
"4001",2034,492.489082076513,467.324075592324,530.76156706738,60
"4001",2035,502.872444085417,473.740604342592,549.068487077504,60
"4001",2036,514.525343723636,481.228807645591,569.847600085721,60
"4001",2037,527.265365089461,489.427322816816,592.804775951392,60
"4001",2038,541.032598694033,498.339092737112,617.868485189953,60
"4001",2039,555.616711029842,507.983201220274,644.658426292017,60
"4001",2040,570.610115506288,518.116588356865,672.355950649546,60
"4001",2041,586.310433956658,528.771389539201,701.588092965764,60
"4001",2042,603.829432731757,540.761899663336,734.718217718839,60
"4001",2043,621.371232824151,552.76560234118,768.022577921898,60
"4001",2044,639.95571531038,565.529262270785,803.67681515358,60
"4001",2045,660.427137059998,579.666920677112,843.544987792321,60
"4001",2046,680.505350557734,593.506785500499,882.743264855088,60
"4001",2047,702.231911613149,608.541138120529,925.718002713629,60
"4001",2048,723.392807115375,622.987833570512,967.634666607219,60
"4001",2049,747.016025677906,638.273238388422,1015.2640496081,60
"4001",2050,773.693161398045,655.444785739568,1070.04494141136,60
"4003",2026,609.076372489259,606.106676814916,614.164305108295,60
"4003",2027,614.133869857465,609.546329438794,622.419514451306,60
"4003",2028,620.248380360331,613.773378709048,632.463734413991,60
"4003",2029,627.997978986193,619.190451427871,645.353634144062,60
"4003",2030,637.016896555812,625.498219766468,660.522728521727,60
"4003",2031,647.630786124542,632.914253899185,678.635073262609,60
"4003",2032,660.093344178185,641.614227164576,700.211706761247,60
"4003",2033,673.406137686694,650.906115471076,723.432626250697,60
"4003",2034,688.072140637752,661.129571064659,749.275354019995,60
"4003",2035,704.279006482399,672.404884085704,778.277412596882,60
"4003",2036,722.601379149436,685.110955175947,811.549161212202,60
"4003",2037,742.214252401016,698.678177940666,847.536104886482,60
"4003",2038,761.954789611801,712.326501106422,883.907345306535,60
"4003",2039,782.97099638026,726.815291443667,923.014784285584,60
"4003",2040,803.997227556272,741.310860440913,962.2386505314,60
"4003",2041,826.77801918635,756.954636243583,1005.24652130407,60
"4003",2042,849.896867644702,772.815626869148,1049.08179627027,60
"4003",2043,874.407898707429,789.575385101034,1096.01688949878,60
"4003",2044,901.253127446864,807.838146438449,1148.14446366701,60
"4003",2045,927.575269561439,825.748622650775,1199.30637947315,60
"4003",2046,955.751605104253,844.832273107969,1254.73223708239,60
"4003",2047,984.928130477154,864.538171571185,1312.57517147237,60
"4003",2048,1015.56556743321,885.147717118511,1373.93487952755,60
"4003",2049,1049.47889663684,907.808466808554,1442.98896571933,60
"4003",2050,1082.91518928714,930.116252356937,1511.33685866868,60
"4005",2026,194.908347448382,194.628382677242,195.544806345061,60
"4005",2027,196.571877938018,196.038673587163,197.822072592035,60
"4005",2028,198.402090600542,197.574112976752,200.379041486038,60
"4005",2029,200.855993905451,199.562052145274,204.013026201663,60
"4005",2030,203.932798972328,201.997172764785,208.751382703893,60
"4005",2031,207.374888124475,204.693509396802,214.156610502425,60
"4005",2032,211.462699996825,207.8443595403,220.759104966955,60
"4005",2033,215.270201674834,210.79603205639,226.875332468075,60
"4005",2034,220.406276166662,214.678328857932,235.47916839148,60
"4005",2035,225.913981661348,218.812067498844,244.84435138095,60
"4005",2036,231.386091841885,222.91767594289,254.187227138436,60
"4005",2037,237.84781426444,227.697630385784,265.502824211506,60
"4005",2038,243.946547632633,232.221992374173,276.167595486747,60
"4005",2039,250.505333817297,237.054116584137,287.793453924556,60
"4005",2040,257.86810266346,242.419995056915,301.107472928703,60
"4005",2041,265.851353514184,248.193082170847,315.768254090948,60
"4005",2042,275.280929918782,254.920556499494,333.527381111248,60
"4005",2043,283.156783181201,260.591666644674,348.173186847116,60
"4005",2044,290.565033101468,265.94347693369,361.891799617675,60
"4005",2045,300.800672581646,273.155807182592,381.705412453155,60
"4005",2046,310.045011314265,279.696578819716,399.517727240126,60
"4005",2047,320.692867242114,287.136739719051,420.51695131569,60
"4005",2048,329.48546604488,293.347398223076,437.557407245572,60
"4005",2049,338.089751093803,299.424057332267,454.248330337221,60
"4005",2050,349.612477062403,307.375667110088,477.563867911761,60
"4010",2026,22.586610425341,22.4351108057676,23.4636648255386,60
"4010",2027,22.8891301603142,22.6765305984679,24.1696481654561,60
"4010",2028,23.2899344497142,23.0054134374906,25.0808876698531,60
"4010",2029,23.7547932423435,23.3926130373981,26.125728877568,60
"4010",2030,24.2261534431872,23.7861374818798,27.174843976425,60
"4010",2031,25.0438516802189,24.4900000178823,29.0156699751035,60
"4010",2032,25.6281253515123,24.9854907939199,30.3066165990759,60
"4010",2033,26.5165058212688,25.7532783685214,32.3127021746024,60
"4010",2034,27.212010179796,26.3492050972998,33.8513253416941,60
"4010",2035,28.3661296553517,27.3548073113467,36.5022508570621,60
"4010",2036,29.4204738258769,28.2714929039916,38.9160994689451,60
"4010",2037,30.3386101434611,29.0651647912885,40.9847585495055,60
"4010",2038,32.0441523963656,30.3698954689965,45.0173302870604,60
"4010",2039,32.7488381880364,30.9831707767571,46.525103578389,60
"4010",2040,34.5831394515401,32.3644315070716,50.8532395670958,60
"4010",2041,35.9717113522896,33.4384495954112,54.091515206219,60
"4010",2042,37.2549470771735,34.444270257828,57.0578499417351,60
"4010",2043,39.3813068763125,36.0084042030948,62.2296426025933,60
"4010",2044,40.82145516962,37.1156583502921,65.6314426120327,60
"4010",2045,42.848003776521,38.6095794963554,70.5981814168563,60
"4010",2046,44.5872357384883,39.9085087030181,74.8371112963259,60
"4010",2047,46.6064538366201,41.3900662817031,79.8490427887293,60
"4010",2048,48.8716011905891,43.0262844701477,85.5782343612678,60
"4010",2049,50.8935833059272,44.5044888913341,90.6537787746048,60
"4010",2050,53.4776976827968,46.334074235573,97.376725332686,60
"4012",2026,147.816559164804,147.201413252484,149.178850022846,60
"4012",2027,149.460314702813,148.443094798292,151.775616291625,60
"4012",2028,151.404799169211,149.894616386908,154.936896827316,60
"4012",2029,153.860188652171,151.701308374017,159.058981886314,60
"4012",2030,157.047293841908,154.010535606546,164.588702221963,60
"4012",2031,160.50073557382,156.495481145996,170.681166248342,60
"4012",2032,164.228085362649,159.160825521512,177.356006120217,60
"4012",2033,168.386960235207,162.112258075629,184.935610242749,60
"4012",2034,172.886192943344,165.285732761681,193.25654908499,60
"4012",2035,178.040345969465,168.887764889095,202.987979652833,60
"4012",2036,183.779193605153,172.869308318306,214.01656140314,60
"4012",2037,188.976025807769,176.479200843304,223.990288335083,60
"4012",2038,195.015152091698,180.631064690882,235.842664147097,60
"4012",2039,200.446619806825,184.372210000511,246.461795155122,60
"4012",2040,206.724296592467,188.654819917603,258.99812230406,60
"4012",2041,213.223870811475,193.07160354475,272.100466265929,60
"4012",2042,219.224473854739,197.152346104098,284.169749574063,60
"4012",2043,225.781716898917,201.583932846262,297.54863635961,60
"4012",2044,232.028132300885,205.80873526325,310.274455523456,60
"4012",2045,238.849097787316,210.390515305873,324.382065356896,60
"4012",2046,245.631361644291,214.936149239517,338.472325936147,60
"4012",2047,252.821754563488,219.732947716103,353.572373562026,60
"4012",2048,260.311442197201,224.710434036906,369.441342734458,60
"4012",2049,267.480100431715,229.468517510202,384.647187059168,60
"4012",2050,275.949750833065,235.035569746871,403.028266631691,60
"4014",2026,145.268650989617,144.622953520279,147.109332003013,60
"4014",2027,146.932623486477,145.903024860408,149.829244846884,60
"4014",2028,149.387200979615,147.727656048885,154.091332126316,60
"4014",2029,152.073686165458,149.700886966394,158.865493676531,60
"4014",2030,155.180907039032,151.950145228338,164.443342110242,60
"4014",2031,158.783531008234,154.524905846112,171.01907545213,60
"4014",2032,162.389823274792,157.086655472366,177.67426332355,60
"4014",2033,167.375738502217,160.561060369881,187.231481333175,60
"4014",2034,172.394638809143,164.035848763999,197.062618416195,60
"4014",2035,177.755179408734,167.716698831186,207.743287884721,60
"4014",2036,183.309424008529,171.504759277031,218.966978962872,60
"4014",2037,189.070727914019,175.411660178873,230.754189658661,60
"4014",2038,194.992185710364,179.404384554988,243.011833699342,60
"4014",2039,201.606384989098,183.826705710008,256.952873725634,60
"4014",2040,208.044654126816,188.112115288681,270.636315976537,60
"4014",2041,214.4301136561,192.353357403105,284.279607439614,60
"4014",2042,219.816042048921,195.938196082377,295.687200023457,60
"4014",2043,225.035992376562,199.41453535014,306.726937459328,60
"4014",2044,231.945103312676,203.952151885368,321.827515463071,60
"4014",2045,238.065235935673,207.980690090588,335.119533690939,60
"4014",2046,244.774065910777,212.368656214842,349.900400296732,60
"4014",2047,250.836637257707,216.348315127245,363.143888560811,60
"4014",2048,255.943727227174,219.71859691353,374.11005854682,60
"4014",2049,263.775838060254,224.794058616669,391.765481912743,60
"4014",2050,270.852410066765,229.383614905126,407.6537971425,60
"4016",2026,54.4299621021297,54.2356814106794,54.7366232523654,60
"4016",2027,55.1216789272672,54.7856497783819,55.655211073797,60
"4016",2028,55.9307682481953,55.4020898800195,56.7755440100715,60
"4016",2029,57.0127099975554,56.2181879949141,58.3612628015743,60
"4016",2030,58.3031918745595,57.2793197188193,60.3608806557341,60
"4016",2031,59.5742465520515,58.2768993625985,62.3555371026713,60
"4016",2032,60.83934660585,59.2340968997771,64.3560042627155,60
"4016",2033,62.6634993139533,60.5716969367904,67.4132341248144,60
"4016",2034,64.7742183542965,62.0959481360518,71.0585755656025,60
"4016",2035,67.0429763729042,63.717374606033,75.0638271809891,60
"4016",2036,68.8698292762289,65.0378625739001,78.2573112021927,60
"4016",2037,70.9507512248001,66.5258568195815,81.9815396160938,60
"4016",2038,73.8865119297154,68.5701298043802,87.5222404709281,60
"4016",2039,76.4996318023784,70.3955691663329,92.441405363475,60
"4016",2040,79.3526924512142,72.3669554401587,97.9336547381477,60
"4016",2041,82.7472486967047,74.6839629989942,104.652869544443,60
"4016",2042,85.0924144718364,76.3125410429549,109.130243326879,60
"4016",2043,89.0710114576258,78.9819438283101,117.298410875906,60
"4016",2044,91.9575923217935,80.9446465997104,123.071558235018,60
"4016",2045,94.7658976377928,82.8473499200926,128.718814954121,60
"4016",2046,97.7422415496012,84.8507603979518,134.788051340018,60
"4016",2047,102.391108155047,87.8978925545394,144.832738168195,60
"4016",2048,106.30944978543,90.4743438528926,153.253735834104,60
"4016",2049,110.404112627184,93.1442975358026,162.202032951374,60
"4016",2050,113.459898877419,95.1624677737145,168.682596919148,60
"4018",2026,119.105128083618,118.768927392343,119.800667620062,60
"4018",2027,120.72529477957,120.13017941476,122.016573559206,60
"4018",2028,122.732715263198,121.769707736763,124.921366199921,60
"4018",2029,125.049167247477,123.624280610756,128.399655024609,60
"4018",2030,127.430675428721,125.521567082264,132.015512129717,60
"4018",2031,130.066444209469,127.59253195811,136.120695129178,60
"4018",2032,133.6286575238,130.303077298712,141.9884297862,60
"4018",2033,137.565926958981,133.260579532515,148.640692719592,60
"4018",2034,141.281228481685,136.05435384674,154.928577883885,60
"4018",2035,145.495650728298,139.17775102026,162.254950736778,60
"4018",2036,150.573527581539,142.877817196468,171.369580693326,60
"4018",2037,155.242606879387,146.287674969038,179.745254099262,60
"4018",2038,160.606084400877,150.151784269511,189.619466546279,60
"4018",2039,165.367457973642,153.605620951371,198.30244394454,60
"4018",2040,170.537312319553,157.318115854761,207.910954605443,60
"4018",2041,176.571857212197,161.595441983895,219.416405370275,60
"4018",2042,181.582029306766,165.186279432544,228.791679942796,60
"4018",2043,188.317936785762,169.901627793092,241.970872346916,60
"4018",2044,193.558871007371,173.628552086481,251.946121625332,60
"4018",2045,199.612433623508,177.875766283652,263.770749646561,60
"4018",2046,206.635803134939,182.746394763509,277.816258399276,60
"4018",2047,213.838109285759,187.70616691805,292.412952967455,60
"4018",2048,223.14289574266,194.00148627554,311.946389790144,60
"4018",2049,229.473426429652,198.387427186013,324.686213738067,60
"4018",2050,236.316042397005,203.08307044989,338.708278371755,60
"4020",2026,108.665798520402,108.304948122876,109.521285768461,60
"4020",2027,109.743521909145,109.123117765886,111.149415132268,60
"4020",2028,110.891325668972,110.003043460629,112.888218152327,60
"4020",2029,112.304387283578,111.072762379509,115.054303526242,60
"4020",2030,113.853277259906,112.259488799654,117.429188791613,60
"4020",2031,115.735369717771,113.705463412009,120.362404097686,60
"4020",2032,118.102229362012,115.50410179568,124.138163335646,60
"4020",2033,120.379864663159,117.246321823973,127.744285149964,60
"4020",2034,123.027123181776,119.257358767731,132.000845405533,60
"4020",2035,125.251954952609,120.979792780636,135.471043794833,60
"4020",2036,128.320644496845,123.29973621966,140.472225914181,60
"4020",2037,131.629925298733,125.79199072632,145.916180680627,60
"4020",2038,135.069019052756,128.376627886795,151.607303837633,60
"4020",2039,138.10445125944,130.686374585231,156.533136661385,60
"4020",2040,140.769820030135,132.7438445156,160.75169279767,60
"4020",2041,144.902556100537,135.818015050129,167.745918461911,60
"4020",2042,148.912001753759,138.805681303857,174.556093648525,60
"4020",2043,152.634399779088,141.602710049048,180.899582416532,60
"4020",2044,156.616777897699,144.576224840218,187.789608727889,60
"4020",2045,160.153163400235,147.249376958928,193.751323540975,60
"4020",2046,165.234677069877,150.975713140816,202.927708995696,60
"4020",2047,170.202653764591,154.621438696618,211.90313976214,60
"4020",2048,174.205504077415,157.615959596433,218.846146808735,60
"4020",2049,179.382542062591,161.403910606212,228.290066089183,60
"4020",2050,183.821631475419,164.692081341596,236.180306905709,60
"4022",2026,43.787145174011,43.6439736919427,44.1159924826995,60
"4022",2027,44.1724236432702,43.951545250237,44.6911862682762,60
"4022",2028,44.7021164507568,44.3618315933825,45.5234807543443,60
"4022",2029,45.374058774798,44.8716960425054,46.6164070192311,60
"4022",2030,46.2250911888968,45.5061677946929,48.0464080585607,60
"4022",2031,47.1763505434675,46.2073400409572,49.680551301596,60
"4022",2032,48.3089527026571,47.0331557361505,51.67128061308,60
"4022",2033,49.4040468895332,47.8293391018858,53.610481667803,60
"4022",2034,50.744634285093,48.7929322873625,56.0417975469718,60
"4022",2035,52.3706375881785,49.9466514154311,59.07003765783,60
"4022",2036,53.5425708564818,50.7898873963991,61.2009866040431,60
"4022",2037,55.1621958234008,51.9315572834124,64.2652456427619,60
"4022",2038,56.968836229076,53.1944999699816,67.7455915092171,60
"4022",2039,58.7903563683672,54.4638690020348,71.2844523271615,60
"4022",2040,60.3876759613755,55.5833245229358,74.359788166523,60
"4022",2041,61.5938874486459,56.441423332041,76.6083366118848,60
"4022",2042,63.4206216716914,57.7050147000922,80.2137439954984,60
"4022",2043,65.2585640043509,58.9691659718184,83.8776982685217,60
"4022",2044,67.5546414338153,60.5321894680046,88.5665029622392,60
"4022",2045,69.0317272398671,61.5576006724051,91.4576822413526,60
"4022",2046,69.3484677259859,61.8360934646871,91.732000240104,60
"4022",2047,71.4582413413928,63.2697049986639,96.0454564219833,60
"4022",2048,73.4220171745618,64.6060718510354,100.050824754089,60
"4022",2049,75.196647538911,65.818513793777,103.640726568042,60
"4022",2050,77.089931780702,67.1053956870477,107.512795080646,60
"4024",2026,24.5855031710171,24.5078785212762,24.6965556316248,60
"4024",2027,24.8516247991333,24.7412825993807,25.0394052742767,60
"4024",2028,25.3135995793669,25.1263751916857,25.7263899401972,60
"4024",2029,25.8881117141013,25.5726385829171,26.6239322118451,60
"4024",2030,26.1988930374618,25.830450124797,27.0574295996194,60
"4024",2031,26.8789768335624,26.3453464781741,28.1736535204535,60
"4024",2032,27.398300509101,26.7475962443421,28.9975363959232,60
"4024",2033,28.4087968220224,27.4844319539829,30.7740500494447,60
"4024",2034,29.4561978636487,28.237970234641,32.6680917719768,60
"4024",2035,29.9830848715723,28.63796346281,33.5363310308713,60
"4024",2036,30.754088287155,29.1984245691989,34.9093424714485,60
"4024",2037,31.4722366776669,29.7208543763103,36.1863186724674,60
"4024",2038,33.2982990483851,30.9774987755008,39.7824276270761,60
"4024",2039,34.1189152398883,31.5577900286228,41.3207345339826,60
"4024",2040,34.8823006664805,32.0976506750538,42.7483049941506,60
"4024",2041,36.3089695512966,33.0728716147243,45.6107925206909,60
"4024",2042,36.9173440131628,33.5060368947531,46.7245237132998,60
"4024",2043,38.9990067101896,34.8961762362761,51.1010391445433,60
"4024",2044,39.6504234643466,35.3576880820878,52.3084183298322,60
"4024",2045,40.9022852604308,36.2031643455922,54.8831121965326,60
"4024",2046,43.1956390282763,37.7082318996641,59.8934192866662,60
"4024",2047,42.9556422718139,37.5965186566958,59.0537378289269,60
"4024",2048,45.4880329148231,39.2443458603641,64.6823191140778,60
"4024",2049,48.1990253878501,40.9896408290265,70.8643337250957,60
"4024",2050,48.4909515534198,41.2153262691263,71.236550032471,60
"4026",2026,92.3364500968999,92.1556863114473,92.7408413191484,60
"4026",2027,92.7262422770873,92.4038944968866,93.4871713232762,60
"4026",2028,93.3130579610151,92.7916113674649,94.5962624151651,60
"4026",2029,94.3571429696844,93.5042382370582,96.5352830893063,60
"4026",2030,95.540205165196,94.3114311659033,98.7158984475933,60
"4026",2031,97.5080280030338,95.6621025645467,102.373790015895,60
"4026",2032,99.4489081875556,96.9856430234587,106.040532607677,60
"4026",2033,101.461477027927,98.3528691659667,109.883636581784,60
"4026",2034,104.214488963647,100.215614673396,115.23295097593,60
"4026",2035,107.598301597563,102.493990603266,121.927931139,60
"4026",2036,111.245693415484,104.93168961747,129.28429337527,60
"4026",2037,114.908279055534,107.363824199253,136.819471528865,60
"4026",2038,117.859570443389,109.317617174174,142.890619195892,60
"4026",2039,121.298231457905,111.581062929808,150.081653855503,60
"4026",2040,125.622286898018,114.406657204534,159.32537093091,60
"4026",2041,129.434548400731,116.887141653915,167.512779082324,60
"4026",2042,133.951802534419,119.801713380937,177.421503711721,60
"4026",2043,137.404784145728,122.027144675572,184.932349429971,60
"4026",2044,141.312148499463,124.53013868883,193.568706006107,60
"4026",2045,144.152644483732,126.3503549751,199.727166634158,60
"4026",2046,148.678942371363,129.22528843645,209.944517905209,60
"4026",2047,154.191578839433,132.708351646514,222.626849683532,60
"4026",2048,157.216124581217,134.615411900332,229.372531578862,60
"4026",2049,161.482424171358,137.299136259683,239.154927438332,60
"4026",2050,166.57988729119,140.484943911248,251.076769359198,60
"4028",2026,38.3956804546554,38.3264383869027,38.6606463005425,60
"4028",2027,38.6957954993501,38.5933612502482,39.139799799627,60
"4028",2028,39.1349794988357,38.9358892674532,39.8632218630123,60
"4028",2029,39.4212674973039,39.1701058007937,40.3240248089655,60
"4028",2030,39.9915234213064,39.579468937349,41.2784110580516,60
"4028",2031,40.5390995581974,39.9758368855999,42.2173664941566,60
"4028",2032,41.132588998329,40.4013821789696,43.2343636983285,60
"4028",2033,42.5016021287025,41.2979553465517,45.6723002692893,60
"4028",2034,43.3627303021403,41.9198826917976,47.1863094640986,60
"4028",2035,44.3148615601394,42.604757482444,48.8754593630666,60
"4028",2036,45.3667939278051,43.3581335512172,50.7597060822797,60
"4028",2037,46.8567294474395,44.4056016479489,53.5149233131941,60
"4028",2038,48.8564689755606,45.7916745954015,57.3187965217641,60
"4028",2039,50.6490483342214,47.0335548687645,60.8000576017239,60
"4028",2040,52.3126034567463,48.1872838299471,64.0460859360019,60
"4028",2041,53.4543505380654,48.9927575367685,66.1908576586533,60
"4028",2042,55.783447325445,50.5768901167311,70.9311114358609,60
"4028",2043,58.9598998190506,52.6908837570059,77.6581432490346,60
"4028",2044,60.5365620142031,53.7702286685499,80.8203460975043,60
"4028",2045,62.6646686552172,55.2011192229357,85.2587659776576,60
"4028",2046,65.1935710566368,56.8781430323804,90.6823208268816,60
"4028",2047,67.7987597768701,58.5982552618596,96.3327460617873,60
"4028",2048,70.8264820178166,60.5717501094125,103.076028830517,60
"4028",2049,72.8576426043975,61.9174585672721,107.446223936878,60
"4028",2050,75.716205918972,63.7752937501369,113.868993808417,60
"4030",2026,19.5896606683871,19.4813760668592,20.0486212649437,60
"4030",2027,19.4525244966313,19.303289135804,20.0961240968773,60
"4030",2028,19.475105007741,19.270975831624,20.4891637509392,60
"4030",2029,19.5895816141194,19.30396984972,21.0946198014282,60
"4030",2030,19.6445174545942,19.2868724711264,21.5759519273668,60
"4030",2031,19.7160927022527,19.2831165314861,22.0947988577844,60
"4030",2032,19.9123947492403,19.3802373103081,22.9166791084679,60
"4030",2033,19.9921821102794,19.3826636248903,23.4616782547282,60
"4030",2034,20.4563282826659,19.6544991404982,24.959412484961,60
"4030",2035,21.0082661364335,19.9687059012539,26.7222154056448,60
"4030",2036,21.5157718943944,20.2511140002632,28.3944701112715,60
"4030",2037,21.9233098166519,20.4629764967077,29.8235340336908,60
"4030",2038,22.4326629541458,20.7428892054419,31.5315341127255,60
"4030",2039,23.009570993402,21.0660140621266,33.4403173186195,60
"4030",2040,24.1435099036887,21.7445243900598,36.9798535509199,60
"4030",2041,24.5565183004094,21.9570321497742,38.465278865185,60
"4030",2042,25.6920513700402,22.6289022527639,42.1041072743369,60
"4030",2043,26.4758824782179,23.0778656750679,44.7089731062136,60
"4030",2044,26.7349742989464,23.1901745782804,45.7509797537534,60
"4030",2045,27.6658269562687,23.7277187388293,48.8388324773892,60
"4030",2046,29.0162790067937,24.5206405082164,53.299631503831,60
"4030",2047,29.7900202624857,24.9565747988142,55.9464160699618,60
"4030",2048,30.2913909854959,25.2201896451932,57.7468079930535,60
"4030",2049,31.2742119041407,25.7761001720154,61.1313940490819,60
"4030",2050,31.9310333162603,26.1347424265888,63.4433091455973,60
"4032",2026,11.7502249071725,11.67260384477,12.0534164181433,60
"4032",2027,12.1044018008201,11.9830934893309,12.5740831830555,60
"4032",2028,12.4918729891817,12.3203802159156,13.1523935652212,60
"4032",2029,12.8807426764392,12.6584506130566,13.7348505722607,60
"4032",2030,13.4678940250694,13.1482985586336,14.6793538965665,60
"4032",2031,14.0467307206391,13.6137872178496,15.6294004990804,60
"4032",2032,14.571247443207,14.0312944436138,16.4773513572341,60
"4032",2033,15.278633465702,14.5550839291503,17.6893266770686,60
"4032",2034,16.0218531038856,15.0981162076792,18.9820703399542,60
"4032",2035,16.8233318512532,15.6838163995001,20.4024805529489,60
"4032",2036,17.3306973110515,16.0928089217487,21.2188288047463,60
"4032",2037,18.3412008423296,16.8327059234252,23.0856930427865,60
"4032",2038,19.2823823898851,17.5251658306073,24.8292021728753,60
"4032",2039,19.7988933360487,17.9414816295006,25.6547063976022,60
"4032",2040,20.7566046651171,18.6410780524768,27.4780646952874,60
"4032",2041,21.9087439073804,19.4639627728868,29.7591141020698,60
"4032",2042,23.1744431752651,20.3563962032934,32.3286242419815,60
"4032",2043,24.391034918749,21.2091383461791,34.8231234801442,60
"4032",2044,25.247096160116,21.8379635004274,36.4538946797175,60
"4032",2045,26.5907942454274,22.766112129506,39.2867072153644,60
"4032",2046,27.7361798893002,23.5640922507743,41.6749231107783,60
"4032",2047,29.4789744400922,24.7316189972622,45.5561579142447,60
"4032",2048,30.3077045207362,25.3310682062774,47.1813707299879,60
"4032",2049,30.5382917382779,25.5630584845907,47.3038236469139,60
"4032",2050,32.3812537123509,26.7811044570432,51.5043889506142,60
"4034",2026,41.7995768729834,41.6309121862575,42.0632341164365,60
"4034",2027,42.094916922891,41.859588718403,42.4708794758234,60
"4034",2028,42.5878133580129,42.2415226801812,43.2270819179185,60
"4034",2029,43.306099495244,42.8700278189718,44.3938659212557,60
"4034",2030,44.0187845406289,43.4313803159547,45.5688902915886,60
"4034",2031,44.7128472043876,43.9541789811789,46.7218323454188,60
"4034",2032,45.7329930950771,44.7001304804086,48.4903366749951,60
"4034",2033,46.8775546094458,45.525937677526,50.5205154080523,60
"4034",2034,48.1275756220197,46.4231938635683,52.7874538487362,60
"4034",2035,49.970675649034,47.7166448737997,56.2806375519962,60
"4034",2036,51.2086151924972,48.5976761048466,58.5815760725627,60
"4034",2037,53.1692839357423,49.957850138111,62.4054544989817,60
"4034",2038,54.57093063237,50.9359158029938,65.1092424101318,60
"4034",2039,56.9995666412776,52.5903114431075,70.0338376225285,60
"4034",2040,59.7001498901082,54.4102530946296,75.6468032150514,60
"4034",2041,61.2633374872259,55.479076206363,78.7977579511805,60
"4034",2042,63.6983160511902,57.1056359181397,83.9538715446997,60
"4034",2043,66.0374094761762,58.6627792284758,88.946904538024,60
"4034",2044,69.1401697434655,60.6906499368206,95.8226201801147,60
"4034",2045,72.7397535331009,63.0098045915901,104.041165309085,60
"4034",2046,74.5617353609351,64.2111006206417,107.985733426047,60
"4034",2047,76.3576122820716,65.384092423844,111.921293068277,60
"4034",2048,79.1993345705005,67.1943331657174,118.513696932749,60
"4034",2049,80.6199192215726,68.1149630583994,121.609699445094,60
"4034",2050,84.832651753799,70.754425798558,131.78517007927,60
"4036",2026,59.0079283375218,58.7899329550039,60.0015091648595,60
"4036",2027,59.2854666980688,58.9490388489008,60.838650856185,60
"4036",2028,59.6576196747139,59.1731124024261,61.8444547150428,60
"4036",2029,60.0411262859935,59.4040563682145,62.8844911354191,60
"4036",2030,60.5149858136767,59.7065257290528,64.0893223848301,60
"4036",2031,61.4267725862331,60.3530275242696,66.1929126601849,60
"4036",2032,62.5843053025219,61.1828142559546,68.8587213842004,60
"4036",2033,63.4822694866949,61.7637798475701,71.0092401847158,60
"4036",2034,64.6695552950099,62.5293799870561,73.788189888067,60
"4036",2035,66.0531702496116,63.418877781092,77.0218021387907,60
"4036",2036,67.7503491195089,64.508667512816,80.9785686199039,60
"4036",2037,69.5270489855614,65.625261053478,85.1553139476276,60
"4036",2038,71.1194031690898,66.6186826924671,88.9448254822795,60
"4036",2039,72.4627234296687,67.4529636413828,92.1891201979161,60
"4036",2040,74.8881153857326,68.9474306776031,97.9765698446718,60
"4036",2041,76.9707350488459,70.2263605299337,103.009152645409,60
"4036",2042,79.3616132963025,71.6822298233786,108.836740467095,60
"4036",2043,81.5035292028784,72.982974802861,114.102157758431,60
"4036",2044,84.6520681584332,74.878900865894,121.898114835326,60
"4036",2045,87.2180865672832,76.4547726857726,128.328921750698,60
"4036",2046,89.7722006717823,78.056064589479,134.750646480574,60
"4036",2047,92.6158774863677,79.8286691664968,142.001852597482,60
"4036",2048,95.3881960615819,81.5552247492928,149.094072311248,60
"4036",2049,98.8428004208155,83.7040563711789,158.055835784543,60
"4036",2050,101.614112189509,85.4138201524362,165.269761003103,60
"4201",2026,79.6773173245767,79.2151356771604,80.5618509398102,60
"4201",2027,80.580232341493,79.8702308099262,82.0383354244109,60
"4201",2028,81.9006321512089,80.8261166500354,84.3125170171089,60
"4201",2029,83.2855114704211,81.8191002797182,86.729809988782,60
"4201",2030,85.029058752719,83.0475435501119,89.8735809542275,60
"4201",2031,87.0063572070052,84.4331061285973,93.5104725043673,60
"4201",2032,89.4291048056509,86.1145010344213,98.1024258826598,60
"4201",2033,92.5316389599161,88.2435078495857,104.193543111635,60
"4201",2034,95.3355062763075,90.1668644907666,109.712498415152,60
"4201",2035,98.4415855474606,92.2839409967125,115.944766902901,60
"4201",2036,102.088528563639,94.7472741450633,123.455997602995,60
"4201",2037,105.978509783324,97.359711659565,131.606309688378,60
"4201",2038,110.281871761551,100.228911306228,140.813460102595,60
"4201",2039,114.033119477942,102.736608539085,148.787880435795,60
"4201",2040,118.203069192607,105.502412401517,157.83745281207,60
"4201",2041,122.698714472833,108.467468552388,167.752199873179,60
"4201",2042,127.508482886002,111.622538283962,178.52544857203,60
"4201",2043,132.678056019179,114.990436861881,190.313063959567,60
"4201",2044,136.290554760307,117.383365546601,198.181048121807,60
"4201",2045,141.09346940098,120.514303612287,209.131323762748,60
"4201",2046,145.798502613879,123.576142739938,219.896876041258,60
"4201",2047,152.213427829465,127.679914636123,235.258569881304,60
"4201",2048,157.343078571415,130.989792274562,247.284367297458,60
"4201",2049,162.622424951233,134.38613985512,259.766181883282,60
"4201",2050,169.521719176193,138.750880279489,276.713239262832,60
"4202",2026,228.397206157943,227.736940876881,231.3433122617,60
"4202",2027,230.301631981469,229.304247760899,234.650003438406,60
"4202",2028,232.841503776091,231.279777564873,238.954009571834,60
"4202",2029,235.859647980098,233.659893572543,244.021271601954,60
"4202",2030,239.500221135331,236.58036336458,250.106198404518,60
"4202",2031,243.385471250086,239.705234000902,256.463234278402,60
"4202",2032,247.743753191641,243.206134790376,263.74832679745,60
"4202",2033,252.725743084624,247.19401269764,272.13237173469,60
"4202",2034,258.315462938048,251.655270419622,281.599222587819,60
"4202",2035,264.738118811852,256.753136865844,292.620406562821,60
"4202",2036,271.242224733151,261.92703944616,303.765032250835,60
"4202",2037,277.70526673457,267.083858830761,314.801067314441,60
"4202",2038,285.193348330893,273.011751664058,327.777159160401,60
"4202",2039,293.320161541101,279.419515389202,341.984087182501,60
"4202",2040,302.058826909179,286.284317693208,357.3869772472,60
"4202",2041,310.325385928639,292.807090045488,371.859825192765,60
"4202",2042,318.567266574964,299.318825901346,386.274148810897,60
"4202",2043,327.730487090386,306.510183199319,402.513948109726,60
"4202",2044,339.475264933233,315.583117889873,424.40744425115,60
"4202",2045,350.940149207484,324.447005957782,445.822889190933,60
"4202",2046,362.017879509312,333.032012444339,466.454262162397,60
"4202",2047,374.256540125333,342.449253174499,489.651436369167,60
"4202",2048,385.785022732993,351.353293826995,511.388359763018,60
"4202",2049,401.634047400923,363.340077713238,542.673236482637,60
"4202",2050,417.558242513955,375.359789360902,574.263375337028,60
"4203",2026,520.991885746719,518.769339225778,524.935667247611,60
"4203",2027,526.384578314228,522.805639131826,533.162241457755,60
"4203",2028,532.793616633371,527.587259228801,543.136345053327,60
"4203",2029,540.534351843853,533.327219262792,555.467851855424,60
"4203",2030,549.42752399304,539.893785503995,569.874780573687,60
"4203",2031,560.006522395945,547.648326008697,587.396289476056,60
"4203",2032,572.097450795188,556.457793216801,607.786931293526,60
"4203",2033,585.453570409013,566.146061401184,630.631127960432,60
"4203",2034,600.306453657467,576.863489452401,656.427451909508,60
"4203",2035,616.077731792278,588.21657260335,684.074133412175,60
"4203",2036,634.020321408657,601.044034427954,716.103337851861,60
"4203",2037,653.167312046561,614.67924878498,750.679918747359,60
"4203",2038,673.954951803539,629.405881477601,788.745659221032,60
"4203",2039,695.464740735306,644.601569239662,828.474134763547,60
"4203",2040,718.215405818202,660.604397277945,870.974832696708,60
"4203",2041,742.564682854164,677.640436135196,917.066627228293,60
"4203",2042,766.000084336024,694.066699129271,961.370782073597,60
"4203",2043,792.764209676692,712.635904781838,1013.10802264699,60
"4203",2044,819.518277850921,731.174809249437,1065.06442437939,60
"4203",2045,848.500934488735,751.118604158549,1122.23760190042,60
"4203",2046,878.873831023387,771.919319511541,1182.84197476125,60
"4203",2047,907.653152438638,791.667027683037,1240.12548381532,60
"4203",2048,939.145311021582,813.09868712207,1303.92867307288,60
"4203",2049,971.28059219812,834.897062157874,1369.54881374459,60
"4203",2050,1005.71670704567,858.091591051171,1440.94789947729,60
"4204",2026,1273.37613509575,1262.86034146337,1281.6439619564,60
"4204",2027,1284.35530319848,1269.64436647208,1297.39728568732,60
"4204",2028,1297.59208805127,1278.81870128266,1316.50860924098,60
"4204",2029,1313.59814476356,1290.00750877701,1339.89261496597,60
"4204",2030,1332.09424350755,1303.80473151043,1367.13819009898,60
"4204",2031,1352.83038752952,1319.69211684842,1397.85168971192,60
"4204",2032,1377.08965645746,1338.87050555478,1434.33059949402,60
"4204",2033,1404.12584080289,1360.64239750383,1475.34339672644,60
"4204",2034,1434.74636022476,1385.76387328319,1522.3917726639,60
"4204",2035,1467.0535406341,1411.4194485222,1572.15968626058,60
"4204",2036,1502.35530835961,1438.97669208263,1627.02854206427,60
"4204",2037,1541.18247654416,1469.21224776569,1688.07043833012,60
"4204",2038,1582.00606519591,1501.04978641149,1752.61755572046,60
"4204",2039,1626.20103959638,1535.3757456315,1823.27369715949,60
"4204",2040,1671.98941270624,1569.61856436177,1896.79572010656,60
"4204",2041,1722.01143775295,1606.78070062374,1978.22063687457,60
"4204",2042,1774.62713669272,1645.73904281637,2064.56134568147,60
"4204",2043,1827.41419254426,1684.8634170838,2151.22895775034,60
"4204",2044,1886.332863584,1728.10967521852,2249.76029699216,60
"4204",2045,1948.52972638505,1773.5542409686,2354.79982764159,60
"4204",2046,2014.82781798668,1821.70457625599,2468.12591741927,60
"4204",2047,2083.38435226915,1871.32906506496,2586.2087528805,60
"4204",2048,2150.75788309965,1920.15608071811,2702.22696937447,60
"4204",2049,2225.81456998402,1973.9756065496,2834.01529268547,60
"4204",2050,2306.59607931842,2031.46152477799,2977.9252650384,60
"4205",2026,182.954968231488,182.025548265757,185.144251388804,60
"4205",2027,185.843031815684,184.382910278161,189.202674358381,60
"4205",2028,189.096405280306,187.001154559596,193.869834118974,60
"4205",2029,192.945697210013,190.039798709568,199.6194385505,60
"4205",2030,197.119777547819,193.30723134397,205.998882903379,60
"4205",2031,201.897591108997,196.994109579938,213.52978103137,60
"4205",2032,207.64292833752,201.345160215383,223.06971902636,60
"4205",2033,213.486309506954,205.760708135828,232.861441246916,60
"4205",2034,219.916496265137,210.573372890442,243.871684160557,60
"4205",2035,226.783682639574,215.678967103956,255.820218062067,60
"4205",2036,234.322448186123,221.23401096919,269.207682759018,60
"4205",2037,243.309200364066,227.750122024055,285.721263755087,60
"4205",2038,252.022768096362,234.071743475499,301.77601343998,60
"4205",2039,261.111692452571,240.633786421933,318.731018306395,60
"4205",2040,270.131805001061,247.144930608758,335.610494989437,60
"4205",2041,280.460887556234,254.499468074872,355.502847999518,60
"4205",2042,291.17085171755,262.090589150574,376.371947634097,60
"4205",2043,301.628563139308,269.509640460849,396.76776214124,60
"4205",2044,312.702262046127,277.309348660967,418.709492821041,60
"4205",2045,323.132859729377,284.68930370168,439.234967206029,60
"4205",2046,335.869245264854,293.525957294264,465.32209446891,60
"4205",2047,349.144384576237,302.681954041494,492.891123894872,60
"4205",2048,361.114161831553,310.991682189458,517.476500225912,60
"4205",2049,374.725063592504,320.315645705837,546.221090623291,60
"4205",2050,388.369767981388,329.636660382808,575.244161835024,60
"4206",2026,110.713727001422,110.309499843252,111.953672148261,60
"4206",2027,111.276025789,110.652922687674,113.25898572712,60
"4206",2028,111.992925593649,111.114447137574,114.875246556255,60
"4206",2029,112.845459202374,111.679127037329,116.769552524908,60
"4206",2030,114.102692698534,112.555663498902,119.475653817278,60
"4206",2031,115.603791122542,113.616399641627,122.701473150983,60
"4206",2032,117.099506887712,114.668268146399,125.951788288536,60
"4206",2033,118.870407905634,115.92724517329,129.798463273618,60
"4206",2034,120.699990854874,117.226411958546,133.803649562984,60
"4206",2035,122.825719720476,118.747938206587,138.463594466284,60
"4206",2036,125.096709545192,120.374836840505,143.475539446127,60
"4206",2037,127.781705234506,122.309888874935,149.430247046309,60
"4206",2038,130.221832763018,124.054230139434,154.899673183999,60
"4206",2039,133.128471710483,126.143065729828,161.455465456835,60
"4206",2040,135.745284894246,128.008645829495,167.411848895991,60
"4206",2041,138.45540062013,129.939449220648,173.61753565039,60
"4206",2042,141.659274034392,132.231926469174,181.006105948368,60
"4206",2043,144.691109275334,134.394498777088,188.026946330448,60
"4206",2044,148.068129897573,136.806271782955,195.909901620068,60
"4206",2045,150.785437947277,138.721657322719,202.300255981804,60
"4206",2046,155.048868419176,141.777855756973,212.385330269949,60
"4206",2047,159.0855610175,144.656087929663,222.035582749567,60
"4206",2048,162.593521205772,147.13071517853,230.467014923198,60
"4206",2049,167.192851543939,150.215590708777,241.646873562017,60
"4206",2050,171.574430516801,153.140762815086,252.394728016512,60
"4207",2026,119.082842264963,118.388451421261,120.605730659691,60
"4207",2027,119.407328737413,118.408811242996,121.708741674572,60
"4207",2028,119.817212576975,118.499987997073,122.980566786821,60
"4207",2029,120.692790394204,118.988138380298,125.064904384862,60
"4207",2030,121.846582631186,119.704360904115,127.658981013151,60
"4207",2031,123.073748004268,120.458229588803,130.447826355119,60
"4207",2032,124.548550178183,121.359636610347,133.751167182477,60
"4207",2033,126.279883329292,122.442358240351,137.620165364923,60
"4207",2034,128.534898748962,123.913923512633,142.5531888137,60
"4207",2035,131.400781787125,125.836824736024,148.781294940705,60
"4207",2036,133.997454824476,127.550014827987,154.549102241627,60
"4207",2037,136.653336028584,129.29998232274,160.493379452354,60
"4207",2038,139.159358514424,130.932449352375,166.17109801997,60
"4207",2039,143.117404493776,133.631782668961,174.969597413631,60
"4207",2040,146.546989352658,135.931719563245,182.724520420439,60
"4207",2041,149.621507861528,137.96230605616,189.774644331462,60
"4207",2042,153.823468788778,140.809347855432,199.356536396641,60
"4207",2043,157.237745076454,143.074031750992,207.263870419747,60
"4207",2044,162.048106649552,146.247908476027,218.512153739591,60
"4207",2045,167.312385510452,149.530412844729,230.957842745316,60
"4207",2046,170.390844752575,151.411221644439,238.319440433745,60
"4207",2047,175.682188014469,154.679924854004,250.879097707265,60
"4207",2048,179.178983082777,156.802578007494,259.325500355131,60
"4207",2049,185.517786576063,160.673382476108,274.592709711398,60
"4207",2050,191.78183550923,164.436704657797,289.8723639741,60
"4211",2026,37.5419585815561,37.0879449935262,37.9707756458396,60
"4211",2027,37.8589857385399,37.2300102668255,38.5277246586498,60
"4211",2028,38.3426409164797,37.5321942292328,39.3726599627388,60
"4211",2029,38.8514660689626,37.8590898840186,40.2678051437054,60
"4211",2030,39.7147937875677,38.4379163871099,41.8005135109561,60
"4211",2031,40.341448597182,38.8118269290195,42.9206655662615,60
"4211",2032,41.2646961827653,39.3837536320823,44.5838325109841,60
"4211",2033,42.3103815681989,40.0748428058902,46.4923115701824,60
"4211",2034,43.3567018223753,40.7654098447748,48.4142347401584,60
"4211",2035,44.7693987490646,41.7246784381781,51.0567910946631,60
"4211",2036,46.3611171346757,42.8039000932368,54.0858763117646,60
"4211",2037,48.1570978915002,44.0299298087531,57.5489664797805,60
"4211",2038,49.2728799657298,44.7606674714102,59.6612808151623,60
"4211",2039,51.0392819318545,45.9599089442199,63.1148830273769,60
"4211",2040,53.3857724295086,47.523133567105,67.8118210681158,60
"4211",2041,54.6334621171541,48.3203535978677,70.2197921313243,60
"4211",2042,57.354618376758,50.0306575871556,75.8022701275454,60
"4211",2043,59.172999805527,51.1746532092099,79.4777030284598,60
"4211",2044,60.965442442949,52.3005586436318,83.1100284609698,60
"4211",2045,63.6940526550399,53.9926530085276,88.8516750100365,60
"4211",2046,65.1057466150137,54.881152793268,91.665912035239,60
"4211",2047,68.4080789393506,56.9116842289904,98.7733305782109,60
"4211",2048,71.3055715437701,58.6816123756469,105.052615957939,60
"4211",2049,73.615277140742,60.0990406340047,109.989558970858,60
"4211",2050,77.1150694149017,62.2157263362645,117.807877879694,60
"4212",2026,15.483852974208,15.2180767623991,16.2995837677973,60
"4212",2027,15.7477196315177,15.376091864499,16.9387305162516,60
"4212",2028,15.9532356225887,15.4792475449227,17.4617048817248,60
"4212",2029,16.3046918973364,15.7125542906168,18.2890129097059,60
"4212",2030,16.6629239157567,15.9482543652516,19.1288913293911,60
"4212",2031,17.0135339824491,16.1774981176132,19.9514650261138,60
"4212",2032,17.4291622748205,16.4600368965402,20.9140926451236,60
"4212",2033,17.9300522747743,16.8104911821172,22.0646734965857,60
"4212",2034,18.3658091883884,17.1079882997559,23.0660290049015,60
"4212",2035,19.1210351415742,17.6666085273979,24.7901116098893,60
"4212",2036,19.7031914161786,18.083995170164,26.1222696232411,60
"4212",2037,20.1614939704231,18.4011051234783,27.1578595756168,60
"4212",2038,21.0512000811081,19.0693330566497,29.2041108204799,60
"4212",2039,22.0223044979053,19.8031977848192,31.4600760054016,60
"4212",2040,22.9070715044661,20.4668600433283,33.5169744206197,60
"4212",2041,23.8216004372639,21.1547075610984,35.6497002701269,60
"4212",2042,24.8424559625293,21.9282902003301,38.0555992208651,60
"4212",2043,25.9272923016419,22.7531042071747,40.6362642859058,60
"4212",2044,27.0162263145066,23.5811139065862,43.2353050945789,60
"4212",2045,28.5292658916163,24.7506337313254,46.9411379100064,60
"4212",2046,29.7972415409437,25.7214654111874,50.0466346119168,60
"4212",2047,31.2160445012314,26.8134028688122,53.5625363661901,60
"4212",2048,32.7662730631039,28.0105563305043,57.4478037954253,60
"4212",2049,33.7752389537936,28.771934468765,59.9054860951582,60
"4212",2050,36.4181644725116,30.8433126438437,66.8417373959929,60
"4213",2026,108.93561321758,107.69718037852,109.619663212395,60
"4213",2027,109.698330512344,108.002165197417,110.900043427687,60
"4213",2028,110.659476146927,108.509731655155,112.517983178102,60
"4213",2029,111.729637937812,109.075819138004,114.320269354524,60
"4213",2030,113.308042081405,109.945081081374,117.015289270773,60
"4213",2031,115.115987631209,110.983273666065,120.123185184969,60
"4213",2032,117.412662245249,112.376678774337,124.189920446727,60
"4213",2033,120.140530442271,114.392561585717,129.154663032259,60
"4213",2034,122.261418412732,115.859860186021,132.943752646462,60
"4213",2035,125.445127858588,118.227576077884,138.849172598984,60
"4213",2036,128.676263444654,120.464511516369,144.88119300337,60
"4213",2037,132.14393210339,122.883166602981,151.437503806336,60
"4213",2038,136.150059645131,125.716154455193,159.150415417286,60
"4213",2039,140.529262711033,128.831267854637,167.713159305049,60
"4213",2040,144.36989461698,131.511657270447,175.159971254411,60
"4213",2041,148.227488170086,134.204053695472,182.667129570841,60
"4213",2042,152.672170733702,137.33457081153,191.496480739008,60
"4213",2043,157.503990624607,140.754319373846,201.217676065703,60
"4213",2044,162.140547783215,144.028640095441,210.527314773102,60
"4213",2045,166.83503101726,147.341348332404,220.026239198916,60
"4213",2046,172.307952171585,150.976180847244,231.33889995293,60
"4213",2047,177.873176694627,154.64975617149,242.932605135265,60
"4213",2048,183.785830689505,158.540652271829,255.385946476022,60
"4213",2049,189.320879690613,162.185276991143,267.012825381875,60
"4213",2050,194.491201018782,165.593816613973,277.819821491341,60
"4214",2026,65.9532694058973,65.2772175509292,66.626805977644,60
"4214",2027,66.5499130491655,65.5998364968837,67.5737728039754,60
"4214",2028,67.3922208318948,66.1467373762779,68.901315537647,60
"4214",2029,68.3771078628154,66.8236235391595,70.4609303458522,60
"4214",2030,69.3599906526711,67.4985206158891,71.9983973783809,60
"4214",2031,70.594041516897,68.4029215121012,73.9797394407626,60
"4214",2032,71.8104546067147,69.2910412667501,75.9162509072483,60
"4214",2033,73.7184229228383,70.8128584805332,79.1166017578416,60
"4214",2034,75.8124191433193,72.4771811324344,82.6638199131145,60
"4214",2035,77.8225500693453,74.067523267103,86.0468826406743,60
"4214",2036,79.7354586346811,75.4974314537668,89.2236335678847,60
"4214",2037,82.0305745250995,77.3094246559926,93.1259329774405,60
"4214",2038,84.846380009615,79.6167802782445,98.0459799010274,60
"4214",2039,88.0801986119153,82.2774885920744,103.816784824661,60
"4214",2040,90.584350614522,84.2888353019062,108.130046230146,60
"4214",2041,93.3108067831998,86.4939071783915,112.892832659119,60
"4214",2042,96.7420508861936,89.3118106722094,119.108085040519,60
"4214",2043,100.249811397145,92.1730467743263,125.49484973391,60
"4214",2044,104.794010169089,95.7626291745809,134.110491570059,60
"4214",2045,108.007361409987,98.302846005123,139.914778555238,60
"4214",2046,111.967746746306,101.428485450255,147.333561101129,60
"4214",2047,117.069782126441,105.44009543464,157.292570375798,60
"4214",2048,121.903692338479,109.21715187324,166.718676672648,60
"4214",2049,126.907309505421,113.119567322311,176.585885215729,60
"4214",2050,132.691860597943,117.612232734895,188.303753416492,60
"4215",2026,108.354578362445,108.145307318137,109.861740498941,60
"4215",2027,108.562039615761,108.182848179358,110.88514330304,60
"4215",2028,108.954498247429,108.375545856414,112.197840115154,60
"4215",2029,109.592599082955,108.798460537456,113.908415256999,60
"4215",2030,110.477570833342,109.430716991387,116.024601075496,60
"4215",2031,111.613794893729,110.274849209596,118.50323081821,60
"4215",2032,113.082030344614,111.395701301592,121.508776857201,60
"4215",2033,115.075030423617,112.949349983395,125.656394591375,60
"4215",2034,116.841161100772,114.323269588674,129.353086869828,60
"4215",2035,118.920964475024,115.956584163338,133.530159124826,60
"4215",2036,121.348695156346,117.844782487437,138.330703623592,60
"4215",2037,124.067264291736,119.966055807079,143.657035629299,60
"4215",2038,127.188682628985,122.404081181071,149.734604312626,60
"4215",2039,130.161176752783,124.731056048231,155.525455262627,60
"4215",2040,133.455390016623,127.311843436412,161.916805679438,60
"4215",2041,137.046023631268,130.123141458213,168.877775766421,60
"4215",2042,140.704699228311,132.98994195257,176.079976786405,60
"4215",2043,144.885919285683,136.256128208401,184.584237677504,60
"4215",2044,149.116695943866,139.561563493623,193.207665835795,60
"4215",2045,153.448869428305,142.944034675579,202.069825691033,60
"4215",2046,158.232894622813,146.668299390844,211.949975522638,60
"4215",2047,163.265610709617,150.551495139407,222.427248328865,60
"4215",2048,168.635576213126,154.541781741182,233.705061901421,60
"4215",2049,174.834323420768,159.093770368195,246.924975726415,60
"4215",2050,180.37696844575,163.188855706074,258.711226818064,60
"4216",2026,52.9811816193677,52.7698994037595,53.3973072081087,60
"4216",2027,53.5823419077486,53.243187272754,54.2829494250686,60
"4216",2028,54.3789170162675,53.865235774731,55.4895662304469,60
"4216",2029,55.1742099471762,54.4890317964681,56.6797272855941,60
"4216",2030,56.1134886154831,55.2212945055215,58.1074236480959,60
"4216",2031,57.3826123181588,56.1922937537619,60.1088762797167,60
"4216",2032,58.6716303189365,57.1794558189518,62.1378690402129,60
"4216",2033,60.3759345010219,58.4540683476138,64.9213896231684,60
"4216",2034,61.7381457394971,59.4997249608522,67.0671409447499,60
"4216",2035,63.4330523560472,60.7785033637503,69.8183121085763,60
"4216",2036,65.2397494011941,62.1388735341901,72.7693769757271,60
"4216",2037,67.2565819490143,63.6468238927805,76.110206217719,60
"4216",2038,69.7164071805831,65.4551514108512,80.3597043209769,60
"4216",2039,71.8900572137994,67.0765858615074,84.0828448914791,60
"4216",2040,74.0809178504073,68.7133884969054,87.8350537835971,60
"4216",2041,75.9297320447225,70.127410062279,90.8587427840016,60
"4216",2042,78.7893094997567,72.2117940987163,96.0167745573677,60
"4216",2043,81.3988978457294,74.1376614163211,100.633138563402,60
"4216",2044,84.2560567297395,76.2254603941799,105.795605355062,60
"4216",2045,87.0279715270726,78.2618433146189,110.768011483412,60
"4216",2046,90.3231948005442,80.6374518387556,116.916637195518,60
"4216",2047,93.5811979838902,82.9882834708383,123.002192059937,60
"4216",2048,97.6263910043764,85.8463173180771,130.888217081827,60
"4216",2049,101.291045447867,88.452235965159,137.964911170368,60
"4216",2050,105.294542156365,91.2723902503698,145.856505910172,60
"4217",2026,20.5404192351189,20.399255674596,20.6917845505123,60
"4217",2027,20.8011456718536,20.5934682728342,21.0436452831041,60
"4217",2028,21.1666909290373,20.8636579862051,21.5648934781941,60
"4217",2029,21.4987596644437,21.1132226748183,22.0316953239782,60
"4217",2030,21.9769854744062,21.4604831071914,22.7591005292893,60
"4217",2031,22.4599889432071,21.8012529650603,23.5076270904198,60
"4217",2032,22.8013411133567,22.0520311910553,23.9958369741279,60
"4217",2033,23.3591498180634,22.44496829345,24.8837526121931,60
"4217",2034,24.0283676249205,22.920321351941,25.9913389406895,60
"4217",2035,24.7482235232852,23.4293777205069,27.2038394520969,60
"4217",2036,25.3776191935604,23.8770051045906,28.2445492028076,60
"4217",2037,26.2328790997183,24.4762458637373,29.7275603072802,60
"4217",2038,27.1218565283409,25.0970474861557,31.278632669827,60
"4217",2039,27.9926109393541,25.7050279755437,32.801076461607,60
"4217",2040,29.0625529354573,26.4439447134106,34.7340570795701,60
"4217",2041,29.8227683983566,26.9756636351177,36.0514282483988,60
"4217",2042,30.7363921098874,27.610857911796,37.6761504327577,60
"4217",2043,31.6425322475429,28.241153490254,39.2880626556438,60
"4217",2044,32.7559731258908,29.0064627373003,41.3386724933958,60
"4217",2045,33.4524160492017,29.4972043258767,42.5264963196965,60
"4217",2046,35.0240388526911,30.5583718987505,45.5791190219462,60
"4217",2047,35.4203173347955,30.8559063920313,46.1168104785979,60
"4217",2048,36.5650422442819,31.6409430002856,48.2561978925493,60
"4217",2049,37.5511595008909,32.3195843293848,50.0761594311669,60
"4217",2050,39.5017256981331,33.6154302034983,54.051789989475,60
"4218",2026,17.9279729258086,16.6302758181699,18.0766660003576,60
"4218",2027,18.4598972192358,17.2934130682889,18.7743523180318,60
"4218",2028,18.8621035387547,17.7792559675616,19.3102620684276,60
"4218",2029,18.8506627324776,17.6924117483273,19.2100679170789,60
"4218",2030,19.9159377342198,19.0490082086785,20.8344547804924,60
"4218",2031,20.6366056737754,19.7642420149237,21.9636846294887,60
"4218",2032,21.2784395417975,20.3875570321267,22.9820600476396,60
"4218",2033,22.09099584022,21.2563356810833,24.3212084144223,60
"4218",2034,22.3697861480954,21.4958841581464,24.7067153853734,60
"4218",2035,22.9187443732032,21.9220934202531,25.5832382549294,60
"4218",2036,23.7398971572909,22.5360752323869,26.9599365315462,60
"4218",2037,24.3469010727525,22.9978800062573,27.9627467649018,60
"4218",2038,25.0926914192132,23.5541438718023,29.232976471613,60
"4218",2039,25.3224902117125,23.7485861368143,29.5607632960534,60
"4218",2040,26.6795884873625,24.7162179494462,32.0340530239143,60
"4218",2041,27.5847912353224,25.3687664383435,33.6909237320503,60
"4218",2042,27.9363523584383,25.6444536064216,34.268511326233,60
"4218",2043,28.3559955322233,25.9615754455085,34.9967519289026,60
"4218",2044,28.9753989669432,26.4124201316939,36.1300201996057,60
"4218",2045,29.8765761831344,27.0499916243383,37.8481871360387,60
"4218",2046,30.7053333165036,27.6318013405323,39.4548504065046,60
"4218",2047,31.3512848744986,28.0903316180863,40.6976246752135,60
"4218",2048,32.0766404979741,28.595005492375,42.1353637790463,60
"4218",2049,32.5214543144267,28.9141991738188,42.9873372756454,60
"4218",2050,32.9588314473111,29.2233335823395,43.8439363785208,60
"4219",2026,27.5667640073632,27.4508700216773,28.7355299001726,60
"4219",2027,27.7966011700286,27.6357694597075,29.4115836823545,60
"4219",2028,28.1576118020005,27.935824783447,30.2887396570571,60
"4219",2029,28.6407658605936,28.335595764021,31.3545262156973,60
"4219",2030,28.939022786168,28.5801760574311,32.1343218765829,60
"4219",2031,29.4582294831598,28.9991136894684,33.2557663331798,60
"4219",2032,30.0810849312359,29.4993358608249,34.5383848000525,60
"4219",2033,30.6410997201437,29.9508085306383,35.7230639791778,60
"4219",2034,31.2619321125162,30.4493787788986,37.0030616615584,60
"4219",2035,32.0534902939555,31.0815243403547,38.5491835857471,60
"4219",2036,32.9570510470022,31.800058138006,40.2716664630215,60
"4219",2037,33.9008651163732,32.5499844090607,42.0575647143762,60
"4219",2038,34.5781658956097,33.0947628917841,43.4241315042377,60
"4219",2039,35.3423206836981,33.705948553282,44.9280370684411,60
"4219",2040,36.1963726317181,34.3877093619049,46.6051261920092,60
"4219",2041,37.2330413807708,35.2084511769204,48.6707042580639,60
"4219",2042,38.3788491508581,36.1136089893307,50.9406611691368,60
"4219",2043,39.5519487266388,37.0379010511116,53.2695964250133,60
"4219",2044,40.2832041456666,37.6279504820426,54.7557832860542,60
"4219",2045,41.4053250932246,38.5140590382058,56.9884077772169,60
"4219",2046,42.8654463280954,39.6559900981062,59.8706983270219,60
"4219",2047,44.0946410856367,40.622814298391,62.3137986964643,60
"4219",2048,45.6705197710207,41.8487351600103,65.4492165033749,60
"4219",2049,46.6338449482475,42.6136699017479,67.3906104134078,60
"4219",2050,48.2373333069572,43.8593943695079,70.6016703337822,60
"4220",2026,24.777695925308,24.0514459255294,25.1125501583137,60
"4220",2027,25.2110910944562,24.1842179790764,25.7681670598032,60
"4220",2028,25.7747164729796,24.4220086192717,26.6604282124949,60
"4220",2029,26.3057440560748,24.6328693620523,27.4817584706458,60
"4220",2030,27.0095694499159,24.9832338526064,28.6226433927228,60
"4220",2031,27.5171242502673,25.1743293849203,29.3845562827013,60
"4220",2032,28.736865910215,25.9427364550282,31.5211738517404,60
"4220",2033,30.0941558172053,26.8241890023041,33.9729920307924,60
"4220",2034,31.2197968870436,27.4850565663397,35.9644846489553,60
"4220",2035,32.9800779987853,28.5215478384553,39.3096052543135,60
"4220",2036,33.8207903852094,28.9660127637457,40.701946394047,60
"4220",2037,35.7132608571486,30.086563005121,44.382661556837,60
"4220",2038,37.6403387791155,31.2290236018798,48.1854182026657,60
"4220",2039,39.5533740495284,32.3599165920274,52.022335981774,60
"4220",2040,40.5906320887332,32.9311973099535,53.8441476730421,60
"4220",2041,42.6063210385243,34.1256669678826,57.9617145213876,60
"4220",2042,44.2568755528614,35.0886054765623,61.2264387650886,60
"4220",2043,46.0860961322935,36.1618325103015,64.9545468243152,60
"4220",2044,47.9019277979573,37.2268488789123,68.6598912704445,60
"4220",2045,48.9408455923116,37.800759442404,70.4643728908676,60
"4220",2046,51.5436396772666,39.3644323972379,76.1132035715785,60
"4220",2047,52.5568799077766,39.9193180951265,77.8715818099529,60
"4220",2048,54.1533147288249,40.8430138196181,81.0757515048369,60
"4220",2049,53.2564079571311,40.1903039063136,78.137470174182,60
"4220",2050,55.223736237329,41.3501264386946,82.2217946418897,60
"4221",2026,15.120451856635,15.0789929025512,15.3309887435516,60
"4221",2027,15.2371403725302,15.1605973907575,15.5772327532637,60
"4221",2028,15.3915205926491,15.2691012915543,15.8902926086275,60
"4221",2029,15.506338080355,15.3489628022079,16.1352476800765,60
"4221",2030,15.9027614689475,15.6298319073533,16.8875935215224,60
"4221",2031,16.2536636260518,15.8766633509988,17.59557037533,60
"4221",2032,16.5940173782315,16.1141214733696,18.3085044960104,60
"4221",2033,16.8678369664887,16.3064023338739,18.8776955281434,60
"4221",2034,17.0090533163848,16.405536169198,19.1670376721143,60
"4221",2035,17.7657300913438,16.9280690669877,20.8037813604783,60
"4221",2036,18.3594576112276,17.3336109436806,22.1182737532024,60
"4221",2037,18.9682568156996,17.7493697590876,23.4771577837301,60
"4221",2038,19.1685468802319,17.887618937546,23.8970653127849,60
"4221",2039,20.0664118197041,18.4921925180965,25.96987264678,60
"4221",2040,21.0683391375197,19.1578949824596,28.3571684300125,60
"4221",2041,21.8252750614405,19.6616627278568,30.1587320670243,60
"4221",2042,22.5253703145127,20.1233187484797,31.8479959115707,60
"4221",2043,22.1242679495525,19.8617321834953,30.7669370380027,60
"4221",2044,23.2009733315395,20.5685735680208,33.4085106142146,60
"4221",2045,23.49397747226,20.762637811461,34.071423781007,60
"4221",2046,24.1062758823385,21.1594886722751,35.5762608330887,60
"4221",2047,24.3977468909914,21.3467355211836,36.262828941184,60
"4221",2048,24.2986295767081,21.2785902605333,35.9570067565623,60
"4221",2049,24.6165655173754,21.4854206546367,36.7005406845361,60
"4221",2050,25.0354332306898,21.7525796889588,37.7269253703616,60
"4222",2026,6.32027141722524,6.26549821653084,6.54983937536612,60
"4222",2027,6.45730011915329,6.380857776364,6.77982547017195,60
"4222",2028,6.62801865799859,6.52724609721677,7.06638128764292,60
"4222",2029,6.85550302004639,6.72579892151563,7.43553059317579,60
"4222",2030,7.06207765589412,6.90524076190873,7.77067564564379,60
"4222",2031,7.34004447366066,7.14497216336831,8.2189845081603,60
"4222",2032,7.64078168138715,7.39210433541886,8.74297804540943,60
"4222",2033,7.82994590101708,7.55925566786785,9.04135948002439,60
"4222",2034,8.33336418792192,7.9356558292409,9.9854443678052,60
"4222",2035,8.61469107381256,8.16526576600049,10.4704665928715,60
"4222",2036,8.98466963343877,8.45523474373459,11.1287059246516,60
"4222",2037,9.46720746614741,8.81724975067836,11.9961686027902,60
"4222",2038,9.71596694286599,9.02999489333302,12.4041822372142,60
"4222",2039,10.385315534373,9.50938773315786,13.64143798826,60
"4222",2040,11.0067068966005,9.95584661333686,14.7955913578478,60
"4222",2041,11.4531351854108,10.2960585696609,15.5998415438637,60
"4222",2042,11.9357308605213,10.6576376637272,16.4978554831707,60
"4222",2043,12.6108426666226,11.1381986677777,17.8300262901244,60
"4222",2044,13.1096453678308,11.5088233793451,18.7711242327042,60
"4222",2045,13.7966774501642,12.0181910992714,20.1453847318672,60
"4222",2046,14.8068427063827,12.7544358194152,22.2879448324479,60
"4222",2047,15.689450756787,13.4006874929007,24.1518668170066,60
"4222",2048,16.3179005790159,13.8720992566228,25.4079670713057,60
"4222",2049,16.8048823784132,14.2449086727172,26.3270450627215,60
"4222",2050,17.7198865185395,14.9084710834729,28.3137733362307,60
"4223",2026,181.34067604856,180.479992310229,182.154146109187,60
"4223",2027,182.43637762752,181.161878680576,183.765649209737,60
"4223",2028,183.717320997938,181.995835588913,185.604959734139,60
"4223",2029,185.47597221268,183.252892311141,188.270777583538,60
"4223",2030,187.424693381477,184.675347263254,191.204270634743,60
"4223",2031,189.673507920748,186.35478829044,194.629693064654,60
"4223",2032,192.837732589987,188.720177941597,199.729723774539,60
"4223",2033,196.101650844133,191.01383020638,204.981399475665,60
"4223",2034,199.947712388594,193.697940451959,211.263807653369,60
"4223",2035,203.736354515868,196.39871027701,217.376083351656,60
"4223",2036,208.105648829294,199.626463576981,224.532067313752,60
"4223",2037,213.533802584427,203.63902718777,233.667954580148,60
"4223",2038,218.167088845586,207.080385200822,241.278277633622,60
"4223",2039,223.614531218636,211.123593965007,250.428729062885,60
"4223",2040,230.077997130208,215.907966636487,261.557726613289,60
"4223",2041,236.269387913562,220.500041777546,272.164359267072,60
"4223",2042,244.15865940287,226.317070225647,286.160187430672,60
"4223",2043,251.120386212322,231.46759274559,298.340151139403,60
"4223",2044,258.799220647568,237.131883241978,311.995546714197,60
"4223",2045,267.706094102263,243.540844351421,328.217670178861,60
"4223",2046,276.024863973904,249.486148657511,343.292301399047,60
"4223",2047,286.869562704967,257.087834925737,363.755221546097,60
"4223",2048,296.100443983947,263.614063710208,380.919706664952,60
"4223",2049,306.682102637351,271.0150583845,401.061979776807,60
"4223",2050,319.032603932279,279.542413461743,425.215588646728,60
"4224",2026,13.9767838674006,12.7003157226454,14.4580646359023,60
"4224",2027,13.9123560450137,12.6488237376207,14.4230898804662,60
"4224",2028,14.1530416745792,12.9161254181345,14.8921280720323,60
"4224",2029,14.065260178666,12.8354864842483,14.7973435612059,60
"4224",2030,14.4022740522265,13.2325572234208,15.4126611705145,60
"4224",2031,14.8263304613664,13.7015969357632,16.1728188030553,60
"4224",2032,14.9958420824009,13.8366051701398,16.5134589155359,60
"4224",2033,15.2643879672114,14.0586423736863,17.0433653186679,60
"4224",2034,15.6602345038484,14.4373242698302,17.8487780428157,60
"4224",2035,15.4625434869121,14.2721484944373,17.5013053328151,60
"4224",2036,16.0351449399231,14.7318882785652,18.6492906868646,60
"4224",2037,16.5175408983708,15.1136432599323,19.6333928686072,60
"4224",2038,17.5239130738329,15.8930115245447,21.6768814142498,60
"4224",2039,18.1743176203358,16.3146644570469,23.0526802210012,60
"4224",2040,19.1239098701093,16.9327169591752,25.086941467297,60
"4224",2041,19.0675537589984,16.8848805157575,25.0055365950016,60
"4224",2042,19.9320095680007,17.4397097027651,26.9188231137235,60
"4224",2043,20.7847692008662,17.9744892146642,28.8854880953095,60
"4224",2044,20.769593232202,17.9529834269862,28.8974065692383,60
"4224",2045,21.8862978904888,18.6530527057095,31.5223530940788,60
"4224",2046,22.7828631846038,19.20038200082,33.7287463175473,60
"4224",2047,23.4433566617024,19.5960145034532,35.4094812807293,60
"4224",2048,25.0181466733654,20.5441140748341,39.4700451885319,60
"4224",2049,25.9511025942323,21.0849658723642,42.0228049301153,60
"4224",2050,27.2432639481667,21.8392789178369,45.5939828577464,60
"4225",2026,135.809988010427,134.23706174983,136.901746212618,60
"4225",2027,136.555204911157,134.369617716998,138.323419261618,60
"4225",2028,137.535361034757,134.719016317466,140.129886806578,60
"4225",2029,138.853797726338,135.38769594813,142.505651284324,60
"4225",2030,140.480199472051,136.348018952705,145.408844965943,60
"4225",2031,142.134039907798,137.186003047154,148.344084952107,60
"4225",2032,144.501095602224,138.541616398846,152.555817253558,60
"4225",2033,146.786960380495,139.842150912986,156.616612864191,60
"4225",2034,149.812950234901,141.679086762149,162.03488001222,60
"4225",2035,152.93840379511,143.589339401176,167.646288470792,60
"4225",2036,156.112822946234,145.538593193453,173.393949666535,60
"4225",2037,159.728737421728,147.80337350285,180.133386772765,60
"4225",2038,163.394924914036,150.105969528392,186.982559669036,60
"4225",2039,168.501529632984,153.424943481676,196.843212352369,60
"4225",2040,172.811941399561,156.18186180449,205.079897046762,60
"4225",2041,176.927258845941,158.801610810945,212.921194111326,60
"4225",2042,181.75521049319,161.919478933356,222.30573001336,60
"4225",2043,186.180850879602,164.756797684004,230.838920170439,60
"4225",2044,192.576915162246,168.703927422224,243.706764424918,60
"4225",2045,197.183365633907,171.523837543244,252.696927933548,60
"4225",2046,202.410206775852,174.718488747335,263.089122002828,60
"4225",2047,207.765116621727,177.98996656663,273.791174372311,60
"4225",2048,213.70798652711,181.58558734995,285.864310918064,60
"4225",2049,221.630388830497,186.481393201198,302.532221072381,60
"4225",2050,228.746050164155,191.18175962334,317.474430792515,60
"4226",2026,29.9248988209846,29.6455341846607,30.1224648195615,60
"4226",2027,29.9161641566907,29.5411904832176,30.2068616246251,60
"4226",2028,30.1299315186528,29.634520693462,30.6710012502827,60
"4226",2029,30.0591411317615,29.4746821494492,30.653195269235,60
"4226",2030,30.2932591926258,29.5914378601048,31.1625863836252,60
"4226",2031,30.5860777560434,29.783561189288,31.7873318208894,60
"4226",2032,30.6261405458817,29.7246948507152,31.9682330752543,60
"4226",2033,30.8562599180361,29.8107675314665,32.4878946528086,60
"4226",2034,31.4077965327225,30.1388204279426,33.6042565003345,60
"4226",2035,31.4782301744706,30.1011329234081,33.8475787433065,60
"4226",2036,32.3183715262891,30.5942971604244,35.5344371711193,60
"4226",2037,32.7929978336375,30.8069313717902,36.5601734082073,60
"4226",2038,33.0153250555731,30.8696407280938,37.0932365109008,60
"4226",2039,33.5258233439916,31.1038172043113,38.1930576247713,60
"4226",2040,34.2845219790017,31.4834895264534,39.7947103128005,60
"4226",2041,34.8074052697487,31.7254002693555,40.9503214827983,60
"4226",2042,35.5366903133993,32.1096185058407,42.5205147023497,60
"4226",2043,36.1671469545595,32.4284402585674,43.900790511918,60
"4226",2044,36.9340553800853,32.8326696519545,45.5716946360575,60
"4226",2045,37.8132301920869,33.3014269001377,47.5059527935019,60
"4226",2046,39.0616136306655,33.9998385860863,50.2425769829843,60
"4226",2047,40.0342029836575,34.525594771242,52.4007386074487,60
"4226",2048,40.6543921948341,34.8232700734292,53.8308225086971,60
"4226",2049,41.4750288340898,35.244378760752,55.7041995930054,60
"4226",2050,44.6895961653773,37.1409676474838,62.9293485669826,60
"4227",2026,87.5739784372326,87.1584158166334,88.3282833444261,60
"4227",2027,87.9856145315864,87.3718647644027,89.1867353802148,60
"4227",2028,88.5548028068107,87.7059844794193,90.3327858008949,60
"4227",2029,89.201921768826,88.0976064959947,91.6608012481789,60
"4227",2030,90.1684746584818,88.7270882440584,93.6073195256765,60
"4227",2031,91.2981523555145,89.424751386837,95.898068711842,60
"4227",2032,92.2290160849508,89.9798928942533,97.8289048332627,60
"4227",2033,93.5909816066169,90.8269812560598,100.623564799435,60
"4227",2034,94.9317735736522,91.6536421003572,103.409835593269,60
"4227",2035,96.8137612610145,92.8409377877288,107.326492059905,60
"4227",2036,98.7512391257836,94.0617852793668,111.391708862895,60
"4227",2037,100.719533567991,95.2964523315453,115.520357204551,60
"4227",2038,102.543063769185,96.42863725037,119.377786920169,60
"4227",2039,105.465655663537,98.2861736635988,125.568643597934,60
"4227",2040,108.00959680836,99.8872484472396,131.009320885789,60
"4227",2041,111.099748187468,101.838829655295,137.680257733969,60
"4227",2042,114.150218961828,103.755438977678,144.328687718426,60
"4227",2043,117.193763230215,105.659705636928,151.016677128426,60
"4227",2044,121.764176612312,108.538040197294,161.217204796435,60
"4227",2045,125.831298999136,111.074090947207,170.408237965801,60
"4227",2046,129.398770547475,113.281475023616,178.5198235522,60
"4227",2047,133.988770222416,116.116759425109,189.150315279001,60
"4227",2048,138.418607529763,118.837310252215,199.508145575145,60
"4227",2049,144.804060453121,122.758966124077,214.768147125592,60
"4227",2050,151.263548187823,126.693777902973,230.475361671011,60
"4228",2026,20.4552285126248,20.4078807376051,20.7299344430941,60
"4228",2027,20.6468702251473,20.577850796287,21.036231050994,60
"4228",2028,20.9019036599525,20.7967367254471,21.4498143685618,60
"4228",2029,21.3079823601794,21.1316731353202,22.10437494848,60
"4228",2030,21.6674095044727,21.4311695650358,22.690929405685,60
"4228",2031,22.0191552855212,21.7241382645044,23.2667864131444,60
"4228",2032,22.4620255313588,22.0873148728814,23.9980903634171,60
"4228",2033,23.2180635991918,22.6851600455929,25.3625060670247,60
"4228",2034,23.6956776296151,23.0727023588899,26.2056407266524,60
"4228",2035,24.4442068338075,23.6561420929137,27.6031536083345,60
"4228",2036,24.8995944505156,24.0252692782283,28.3962413431556,60
"4228",2037,26.0465932285591,24.8724400405246,30.6550103294665,60
"4228",2038,26.9743716335591,25.5655045951408,32.4714851171379,60
"4228",2039,27.8436743073076,26.2193543539971,34.1611436192483,60
"4228",2040,28.9381532137875,27.0214336426554,36.3738510098522,60
"4228",2041,29.9381158522468,27.7588725074403,38.3876657712756,60
"4228",2042,30.7874002576898,28.3956215269485,40.0618394982378,60
"4228",2043,31.8245718157982,29.157187292017,42.1742054685049,60
"4228",2044,32.6036318596738,29.7479273433015,43.6874835056223,60
"4228",2045,33.9296706102588,30.6956636308917,46.507710600645,60
"4228",2046,35.0330069827412,31.4955379585132,48.814277066647,60
"4228",2047,36.0976154001136,32.2695483823379,51.0346623247113,60
"4228",2048,37.3661697563721,33.1712657691224,53.7778048604831,60
"4228",2049,38.6387625696125,34.0740829456776,56.5457511480996,60
"4228",2050,40.2576204331425,35.1986953487826,60.1937307674066,60
"4601",2026,3162.58790684402,3148.94981504753,3182.82613830319,60
"4601",2027,3183.8735541043,3162.94382800122,3215.62405829944,60
"4601",2028,3210.07727901948,3180.34933171227,3256.1149331016,60
"4601",2029,3241.10564135744,3201.09688059624,3304.20747249025,60
"4601",2030,3278.50030764525,3226.09424336078,3362.6827992885,60
"4601",2031,3321.88241773596,3255.07967519049,3431.02303032094,60
"4601",2032,3372.15894757978,3288.54046658555,3511.02369179685,60
"4601",2033,3428.98621582843,3326.36909886071,3602.2654696486,60
"4601",2034,3489.90582473498,3369.0391008927,3700.43869048591,60
"4601",2035,3557.5046556047,3416.48673433383,3810.39226934578,60
"4601",2036,3631.74654453841,3468.64501776423,3932.2702662182,60
"4601",2037,3713.21701587703,3525.83860121711,4067.4693066668,60
"4601",2038,3801.7629549675,3587.88241307408,4216.05654705138,60
"4601",2039,3893.35982184549,3652.02103875081,4370.63002000373,60
"4601",2040,3991.28405233429,3720.43125790977,4537.53979147582,60
"4601",2041,4092.49965001886,3791.0483205831,4711.11603763165,60
"4601",2042,4200.68661171483,3866.30322310897,4898.61189772022,60
"4601",2043,4318.31919746455,3947.80009120908,5105.12764070053,60
"4601",2044,4442.65798699704,4033.69265662768,5325.52209581917,60
"4601",2045,4574.38966659273,4124.39878934697,5561.38989439201,60
"4601",2046,4707.99548635804,4216.28331716277,5801.74761628205,60
"4601",2047,4852.47065956176,4315.20439378437,6064.97824579066,60
"4601",2048,5006.5161767492,4420.26143670986,6348.82483562387,60
"4601",2049,5170.88005303835,4531.87713956584,6655.25468873662,60
"4601",2050,5341.40882895656,4647.25624416185,6975.92974909338,60
"4602",2026,210.95685324988,209.510711287425,212.673559649864,60
"4602",2027,212.470664103056,210.402361830887,215.152608939948,60
"4602",2028,214.533504345098,211.72121662266,218.588185450221,60
"4602",2029,217.008427120057,213.358688742102,222.766683762138,60
"4602",2030,219.900478582905,215.321345680609,227.707751786577,60
"4602",2031,223.033715758253,217.462014368362,233.122737038569,60
"4602",2032,226.733169867593,219.889900745553,239.585431877421,60
"4602",2033,231.523585550931,223.073685676811,248.064449336702,60
"4602",2034,236.837599834364,226.608350197286,257.581494325594,60
"4602",2035,242.443257115107,230.330954729078,267.722410959126,60
"4602",2036,249.159042055344,234.756630268625,280.060683192952,60
"4602",2037,255.397055702302,238.823929042737,291.71010094137,60
"4602",2038,263.616142724006,244.194534607489,307.364294617702,60
"4602",2039,272.020737774372,249.659228534797,323.565010499994,60
"4602",2040,280.727089025451,255.293356116343,340.621209763089,60
"4602",2041,290.790884037113,261.787597222271,360.83375738671,60
"4602",2042,300.172955816863,267.788502839884,379.842991265435,60
"4602",2043,310.509554808565,274.325878192358,401.113253124725,60
"4602",2044,321.435336555598,281.193190236398,423.930041788588,60
"4602",2045,332.907900416929,288.362539092417,448.297929932383,60
"4602",2046,344.4877825704,295.560680143205,473.214060790111,60
"4602",2047,355.031518766359,302.071221565553,496.004904125879,60
"4602",2048,364.888737812723,308.127054860242,517.376255742089,60
"4602",2049,376.954898353393,315.503707044052,544.164820262034,60
"4602",2050,388.486495370031,322.509252721819,569.950411208968,60
"4611",2026,50.741737395592,50.4778239357077,51.1677836457271,60
"4611",2027,51.1438907395602,50.7421433548229,51.8097821784992,60
"4611",2028,51.7587776417635,51.1568780482542,52.8106298480772,60
"4611",2029,52.2874240331593,51.5123857482631,53.6655250078639,60
"4611",2030,53.1257502246161,52.0818849458713,55.0639497339455,60
"4611",2031,54.068257956152,52.7207670233673,56.6881974208752,60
"4611",2032,55.1119560680143,53.427320134809,58.5142784477685,60
"4611",2033,56.5541499747239,54.4012360987584,61.1196744863547,60
"4611",2034,57.7926824100244,55.2356454298173,63.3708430670608,60
"4611",2035,59.5099950705442,56.3854038235883,66.6094145981278,60
"4611",2036,61.0223307543912,57.3959107795264,69.4572931390664,60
"4611",2037,62.8085007775753,58.5844284077911,72.893629257561,60
"4611",2038,65.093799638864,60.0951179784623,77.4209232311032,60
"4611",2039,66.9233745960203,61.3053464649667,81.0072887747815,60
"4611",2040,69.2561305951486,62.8320321053168,85.7381273505844,60
"4611",2041,72.1140571849121,64.695308030813,91.6662286285411,60
"4611",2042,74.6137044773252,66.320773092672,96.8557541041516,60
"4611",2043,77.3800361263058,68.1069148554521,102.713798809978,60
"4611",2044,79.50269672774,69.4835827817328,107.111002054299,60
"4611",2045,82.3194227493159,71.2932868914419,113.120011463259,60
"4611",2046,85.193003794994,73.1252012528423,119.307815322882,60
"4611",2047,87.629542244268,74.6855728511226,124.483469933244,60
"4611",2048,90.9189922186578,76.7610226916368,131.751658665195,60
"4611",2049,92.4655070811527,77.7562844308916,134.882170963203,60
"4611",2050,95.7607068372317,79.8214237613281,142.250282829496,60
"4612",2026,46.9267485094398,46.7208727631298,48.1686962616247,60
"4612",2027,47.4900827236097,47.180602766212,49.2968390230591,60
"4612",2028,48.049733486391,47.6343122822012,50.4120907637772,60
"4612",2029,48.9003429978168,48.3202069418405,51.9928518415842,60
"4612",2030,49.6605126275827,48.9214423409915,53.4351705857121,60
"4612",2031,50.9159996883941,49.8596067598178,55.7320399253355,60
"4612",2032,52.1418602959824,50.7830307225275,57.9735453198817,60
"4612",2033,53.5443772900202,51.8276919663693,60.5238702171862,60
"4612",2034,55.3173559914732,53.1184664015895,63.7380898468576,60
"4612",2035,56.8227643984174,54.2410819188219,66.4631139710491,60
"4612",2036,59.0368440598971,55.825760761216,70.481083162365,60
"4612",2037,61.161205450344,57.3557921453562,74.3385433164283,60
"4612",2038,63.3230764638369,58.9144799397213,78.2637363341866,60
"4612",2039,65.9791965929311,60.7871870764302,83.1257676450755,60
"4612",2040,68.237737205061,62.4109967509926,87.2390439700891,60
"4612",2041,71.1121357369834,64.4213814737148,92.5359207979772,60
"4612",2042,73.9605856235731,66.4505569494554,97.9005224723921,60
"4612",2043,76.7018509247205,68.4014393721217,103.169968033358,60
"4612",2044,79.4697670476233,70.367810051805,108.510634787893,60
"4612",2045,81.6727719924212,71.9735862695423,112.62699562401,60
"4612",2046,84.3239781947581,73.8623251542248,117.732773835887,60
"4612",2047,87.466810452486,76.0640581677842,123.923111555603,60
"4612",2048,90.1130816991091,77.9463462545592,129.039845846001,60
"4612",2049,93.5944512370611,80.3533027519001,136.029957967192,60
"4612",2050,95.5920453233644,81.8210131960855,139.724242410037,60
"4613",2026,117.236762371313,116.458005219329,118.465208055898,60
"4613",2027,117.96070162028,116.847932742687,119.883080670289,60
"4613",2028,119.007178608772,117.472758830786,121.9185138275,60
"4613",2029,120.35743984163,118.270872350515,124.552898983905,60
"4613",2030,121.941072238157,119.208476412616,127.664116671303,60
"4613",2031,123.878860672081,120.363650270102,131.506720920171,60
"4613",2032,126.018181700548,121.642934971626,135.788905856824,60
"4613",2033,128.665256681017,123.240589044547,141.156097517654,60
"4613",2034,131.709161364779,125.081914574765,147.414617973966,60
"4613",2035,135.183178668218,127.186148640062,154.660092230394,60
"4613",2036,138.80453611971,129.426359749853,162.299427668531,60
"4613",2037,142.983669515705,132.089363042849,171.256663555706,60
"4613",2038,147.13159781122,134.722701051955,180.232471403224,60
"4613",2039,151.050107697338,137.194671335766,188.517788487655,60
"4613",2040,155.949914497387,140.311028354704,198.565397324801,60
"4613",2041,161.100480768841,143.570691647375,209.190864227185,60
"4613",2042,165.768778773137,146.477940898099,218.880410018152,60
"4613",2043,170.642055919873,149.509753331292,229.036547064961,60
"4613",2044,175.216443592494,152.340105627538,238.616817559242,60
"4613",2045,180.907210106697,155.872132262137,250.647742465547,60
"4613",2046,186.568695484822,159.373506427196,262.707048123581,60
"4613",2047,191.98447715083,162.705887579913,274.304145935256,60
"4613",2048,197.708174860549,166.220323948525,286.664749496322,60
"4613",2049,203.160783222685,169.550417467429,298.975419112204,60
"4613",2050,211.380955027411,174.59193918723,318.164476742971,60
"4614",2026,224.478298532901,223.153747467598,225.923487310692,60
"4614",2027,226.374826917413,224.306685587913,228.992042283176,60
"4614",2028,228.469857902688,225.695406087899,232.391475812161,60
"4614",2029,231.002541558403,227.394064192397,236.542041709517,60
"4614",2030,234.346698226405,229.722497465225,242.120977308159,60
"4614",2031,237.782842268176,232.12474308912,247.878646618437,60
"4614",2032,242.520779127389,235.525034665332,256.036915755372,60
"4614",2033,247.532389687102,239.132457063753,264.741131579943,60
"4614",2034,252.817116862549,242.857361118561,273.989121167873,60
"4614",2035,259.311312289872,247.414385260867,285.57795192802,60
"4614",2036,265.553131066946,251.776544438175,296.725007924399,60
"4614",2037,273.690525908032,257.454056888597,311.641785000242,60
"4614",2038,281.351663961912,262.790976109034,325.712087507924,60
"4614",2039,289.658198160852,268.563794634071,341.159551419535,60
"4614",2040,298.112700905574,274.39747774364,356.993678624762,60
"4614",2041,306.917788459543,280.423256931031,373.623394127204,60
"4614",2042,317.303102907208,287.479042554086,393.661965006426,60
"4614",2043,326.681554453926,293.859569691537,411.679550835403,60
"4614",2044,337.552875953804,301.205453802129,432.98238708313,60
"4614",2045,347.89649782666,308.191033267403,453.26495201426,60
"4614",2046,359.371474820561,315.899123590779,476.114187160877,60
"4614",2047,371.937585888105,324.291895462939,501.51976954452,60
"4614",2048,384.086704212837,332.393952260224,526.157732556403,60
"4614",2049,396.559242466035,340.68021069055,551.678257531441,60
"4614",2050,411.490058378011,350.512429115933,582.96512002217,60
"4615",2026,38.166801745243,37.9930742353908,38.4576332295908,60
"4615",2027,38.7585572713201,38.4892570660102,39.2531501796078,60
"4615",2028,39.5595788010969,39.1330914539154,40.4093726362635,60
"4615",2029,40.3797615130166,39.7926833956602,41.5972314260875,60
"4615",2030,41.3279854299403,40.5444603998717,43.0139483077491,60
"4615",2031,42.3896678720089,41.429239727673,44.6359553282891,60
"4615",2032,43.7068438854087,42.5664770331738,46.7329693907198,60
"4615",2033,45.4743985122851,44.0209296814989,49.6972753139374,60
"4615",2034,47.2558087760084,45.3330246520308,52.7325967956415,60
"4615",2035,49.0220058484029,46.634599318458,55.7592970179501,60
"4615",2036,51.26271590852,48.2208975607237,59.7858946881558,60
"4615",2037,53.4048207518808,49.744293665657,63.6417500780133,60
"4615",2038,56.5127813107127,51.8399192368727,69.6010307757619,60
"4615",2039,58.7330649415767,53.3979673086946,73.7066077458876,60
"4615",2040,61.4411818338358,55.2382423752185,78.9194366268664,60
"4615",2041,63.742572757859,56.83810710429,83.2506614294598,60
"4615",2042,66.8068061222659,58.948003647645,89.3580888267605,60
"4615",2043,70.1675438777354,61.2441756496414,96.2058824019215,60
"4615",2044,73.2146190956622,63.3292865961837,102.409537243977,60
"4615",2045,76.2870521639918,65.4259376925623,108.712381842056,60
"4615",2046,78.2315384153466,66.819463938283,112.336197348197,60
"4615",2047,80.9018504481948,68.6580542296063,117.726625302298,60
"4615",2048,84.6291132922661,71.1411591374648,125.732324953608,60
"4615",2049,86.9889046002932,72.777784471942,130.430119639953,60
"4615",2050,90.2513130009192,74.9605563097692,137.393421390859,60
"4616",2026,33.4837412599422,33.372385546917,33.7667656480896,60
"4616",2027,34.2495627414755,34.0410447881263,34.7866017759951,60
"4616",2028,35.06723312935,34.7489648045486,35.8947838093065,60
"4616",2029,36.0601048899352,35.5807543862679,37.3232544930101,60
"4616",2030,37.143558982455,36.4767893380982,38.9218208137063,60
"4616",2031,38.231146068931,37.3752641592693,40.533737726953,60
"4616",2032,39.5993086890486,38.46873779988,42.6833237548017,60
"4616",2033,41.3784671119137,39.8412562071732,45.6566750250164,60
"4616",2034,42.7807354736144,40.9525048856403,47.9108546469928,60
"4616",2035,44.9741190430806,42.5949215425363,51.7904575559131,60
"4616",2036,46.8041722966279,43.9861121407444,54.969130784399,60
"4616",2037,48.3276702121139,45.1714609806657,57.5179504241844,60
"4616",2038,51.0652729945129,47.1561655729924,62.6809450217993,60
"4616",2039,52.6215884602265,48.3549178612323,65.3409159129536,60
"4616",2040,55.4449463415566,50.3771913747449,70.8114329926391,60
"4616",2041,57.1546561147573,51.6730961799551,73.8302244751596,60
"4616",2042,58.9263492847318,53.004473520502,77.007720766557,60
"4616",2043,60.609967325267,54.2775493330245,79.993592007919,60
"4616",2044,62.0181253699725,55.3713491478276,82.3625038996122,60
"4616",2045,63.9048199412114,56.773737660551,85.8166219216691,60
"4616",2046,65.7873682542308,58.171993669859,89.2698131946173,60
"4616",2047,67.5177717111906,59.4709253738401,92.3830568399936,60
"4616",2048,69.4934363297158,60.9318409602763,96.0428499494184,60
"4616",2049,71.1774700597879,62.1989662967573,99.0598664625002,60
"4616",2050,73.1991334766052,63.6874801128847,102.837258878979,60
"4617",2026,161.410820557942,160.802238181786,163.120619787121,60
"4617",2027,162.444695494352,161.451056281183,165.112569352115,60
"4617",2028,163.853455105899,162.358352200466,167.977530619065,60
"4617",2029,165.795292632657,163.633512058925,171.924219933172,60
"4617",2030,167.93514163507,165.036677248722,176.142574476352,60
"4617",2031,170.236284946023,166.541498687799,180.702061561681,60
"4617",2032,173.108061169059,168.431868988099,186.38600685131,60
"4617",2033,176.240872851616,170.489897533742,192.642493363678,60
"4617",2034,180.185252134013,173.094599120268,200.551709885901,60
"4617",2035,184.407990107972,175.873187382633,209.307774162562,60
"4617",2036,188.465633756029,178.526509505058,217.805600593214,60
"4617",2037,193.674643883281,181.945087414771,228.834969643185,60
"4617",2038,198.701708225513,185.222375304238,239.598520309226,60
"4617",2039,204.819698020387,189.210527323308,252.873786298359,60
"4617",2040,210.545612218994,192.917504408562,265.42299845346,60
"4617",2041,215.804990429874,196.297231024602,277.03872992956,60
"4617",2042,222.543982240299,200.634993653209,292.132033867179,60
"4617",2043,228.231098904315,204.258560476292,304.955947811906,60
"4617",2044,235.20786617311,208.707149873036,320.897031943239,60
"4617",2045,241.540898118153,212.718854775361,335.451693012748,60
"4617",2046,248.707894070111,217.245341662061,352.144963585518,60
"4617",2047,255.741301405538,221.662238239052,368.672040019541,60
"4617",2048,263.500111658748,226.525210191191,387.103967414713,60
"4617",2049,272.868456150045,232.387879225736,409.708413668971,60
"4617",2050,281.432568449534,237.706823820354,430.549706678439,60
"4618",2026,149.719150624599,149.135100902274,151.007687837403,60
"4618",2027,151.009751141526,150.100644068109,153.040318527456,60
"4618",2028,152.521486040025,151.207966691309,155.492602666904,60
"4618",2029,154.537357507367,152.65302795511,158.871685481926,60
"4618",2030,156.952166951893,154.358462504605,163.016751908864,60
"4618",2031,159.723911360213,156.290632799909,167.952276162776,60
"4618",2032,162.649477347413,158.307143249445,173.318745829712,60
"4618",2033,165.574919882306,160.304343292428,178.775869962942,60
"4618",2034,168.986109942052,162.61357785727,185.27714760143,60
"4618",2035,172.995578466249,165.308991883747,193.074026907979,60
"4618",2036,177.491231469126,168.308493618268,201.985199546542,60
"4618",2037,181.832224575675,171.184968716888,210.688191084905,60
"4618",2038,186.302556566388,174.125280262106,219.777059727183,60
"4618",2039,191.705729555156,177.664127227405,230.96511124,60
"4618",2040,196.90603205262,181.04128180081,241.871094103186,60
"4618",2041,201.915127387906,184.277776884513,252.445637039843,60
"4618",2042,207.607337980296,187.93293382569,264.538033274377,60
"4618",2043,212.467535647164,191.031417207476,274.900268116307,60
"4618",2044,219.753940380094,195.670535733303,290.785813330017,60
"4618",2045,226.697041642501,200.058793702358,306.090894151312,60
"4618",2046,234.337069860224,204.861638933151,323.174193579947,60
"4618",2047,240.450838870518,208.669787956148,336.891001771112,60
"4618",2048,246.789681238256,212.598345003423,351.253489490045,60
"4618",2049,253.574965632628,216.779413012743,366.820506882106,60
"4618",2050,261.545963869026,221.677331203057,385.369590888771,60
"4619",2026,11.644196555099,11.4064847276424,11.8921054510568,60
"4619",2027,11.8759622429128,11.5505287689164,12.2108501298406,60
"4619",2028,12.2063192169416,11.7786230813357,12.703395541418,60
"4619",2029,12.6079799873403,12.0453180999818,13.3308152595931,60
"4619",2030,12.8687023119165,12.2146337235591,13.6995270301812,60
"4619",2031,13.2633371318464,12.4731089292577,14.3127995886845,60
"4619",2032,13.8936762282549,12.8852308802201,15.3755141908524,60
"4619",2033,14.3621990808665,13.1900069088559,16.1407751386201,60
"4619",2034,14.8351514376973,13.4991640852835,16.910437822821,60
"4619",2035,15.2092495640384,13.7428490862725,17.4930752529832,60
"4619",2036,15.6857562589072,14.052508662831,18.2773695169105,60
"4619",2037,16.8703695299341,14.80199560022,20.5500700309248,60
"4619",2038,17.3534052476935,15.1132874566346,21.36376226624,60
"4619",2039,17.8664416708949,15.4412129911258,22.2424495460677,60
"4619",2040,18.6523940097681,15.9043747304319,23.7163909904287,60
"4619",2041,19.402577365529,16.3806484068536,25.121076404549,60
"4619",2042,20.7415162641336,17.2182019649975,27.8831442796841,60
"4619",2043,21.4251587156513,17.651177572409,29.1592426798838,60
"4619",2044,22.1310644812526,18.0937577450867,30.5082656680729,60
"4619",2045,23.2107073382939,18.7689674192892,32.7167321928285,60
"4619",2046,24.6584062202578,19.6616230966357,35.851939602144,60
"4619",2047,25.7259325459147,20.3203417973356,38.1043528608917,60
"4619",2048,26.6009277340673,20.8666167610669,39.8701116283111,60
"4619",2049,26.8421414412533,21.0201231114212,40.1370669281705,60
"4619",2050,28.8629354988202,22.247738782499,44.7874318654036,60
"4620",2026,11.3908557466335,11.2060273526715,11.7486722710248,60
"4620",2027,11.6083579048534,11.3518868739023,12.1565474429055,60
"4620",2028,11.8188391545065,11.4907822461814,12.5502205432356,60
"4620",2029,12.1019613338155,11.6694047829668,13.0788160063269,60
"4620",2030,12.5067048202281,11.9255975561714,13.8462489103467,60
"4620",2031,12.8996454574434,12.1742984369298,14.5934111911888,60
"4620",2032,13.2263011352544,12.3818307085201,15.2042024401856,60
"4620",2033,13.8028026118241,12.7453373728458,16.2811086526224,60
"4620",2034,14.4422893483718,13.1539998880196,17.4856566395663,60
"4620",2035,14.8463444611572,13.4175278422072,18.2433272407442,60
"4620",2036,15.3321491209512,13.7424234190112,19.1560564390329,60
"4620",2037,15.6205461477969,13.9219555020156,19.6794206596726,60
"4620",2038,16.434312325662,14.4891308859014,21.2374565957675,60
"4620",2039,17.0380706051858,14.900471625598,22.3892246840318,60
"4620",2040,17.4931428234763,15.2038868388629,23.2358272557617,60
"4620",2041,18.057270432454,15.5876923583431,24.2996021272176,60
"4620",2042,18.5350338179384,15.908520197521,25.1873405792179,60
"4620",2043,19.338309666791,16.468078791511,26.7330055574595,60
"4620",2044,20.2945710747844,17.1391680722691,28.5966775846723,60
"4620",2045,21.1292207728265,17.721278891513,30.2151432483486,60
"4620",2046,22.5386806045156,18.7206829096904,33.2153769582727,60
"4620",2047,22.9081542555136,18.9652371060813,33.8122542530997,60
"4620",2048,23.6399962921374,19.4712357402367,35.2885509136128,60
"4620",2049,24.3297864817319,19.9469572144385,36.6628879634706,60
"4620",2050,25.8345958440884,21.0101535210904,40.040103892037,60
"4621",2026,156.119098597486,155.5092821927,159.01531489883,60
"4621",2027,158.571331699742,157.636312763667,162.76054373113,60
"4621",2028,161.063122918593,159.801793227725,166.64878898158,60
"4621",2029,164.108272547477,162.41836671055,171.457054036207,60
"4621",2030,167.398950251848,165.235706796052,176.677077685505,60
"4621",2031,171.180956474055,168.450120609882,182.736794949722,60
"4621",2032,175.667309037944,172.229629072508,190.022575727341,60
"4621",2033,180.177363652538,176.028132776658,197.363290748241,60
"4621",2034,185.193581553595,180.228843698587,205.612185365855,60
"4621",2035,190.505841745541,184.408323625639,214.420707104903,60
"4621",2036,196.896566509005,189.23702320124,225.271690096123,60
"4621",2037,203.752593930539,194.348670862417,236.512645444312,60
"4621",2038,210.297432856615,199.254494287776,247.631149881014,60
"4621",2039,217.225198852821,204.392399538106,259.507229067818,60
"4621",2040,225.062010082235,210.088981169002,273.205379885948,60
"4621",2041,232.865257405212,215.748307457614,286.910319855251,60
"4621",2042,241.136630276114,221.685934968095,302.264577965222,60
"4621",2043,248.513484507773,227.059105575599,315.811559752612,60
"4621",2044,256.021442399527,232.509969137066,329.674260745246,60
"4621",2045,265.269203357928,239.002143755422,347.446111088767,60
"4621",2046,273.272322979652,244.718237849344,362.525317732543,60
"4621",2047,282.573189571352,251.176975021772,380.597903452411,60
"4621",2048,290.454018824094,256.783093592649,395.540615270163,60
"4621",2049,299.747649551393,263.20751573328,413.761232603639,60
"4621",2050,310.623129833317,270.544595151259,435.707714049387,60
"4622",2026,139.284810460103,138.608645032549,140.447118732388,60
"4622",2027,140.186096892172,139.219480273452,142.131043334665,60
"4622",2028,141.476086243328,140.106126992055,144.524273258354,60
"4622",2029,142.957500029771,141.111280771799,147.275412972184,60
"4622",2030,144.695394551004,142.261031859636,150.550686400447,60
"4622",2031,147.047122088256,143.826182266336,155.022976461898,60
"4622",2032,149.452725434083,145.411326471589,159.652640064261,60
"4622",2033,152.410257086399,147.363783589334,165.410596433189,60
"4622",2034,155.089119904719,149.115804285563,170.676215731843,60
"4622",2035,159.235848344879,151.845952926235,178.959434591209,60
"4622",2036,163.512824459453,154.648519686839,187.613741595867,60
"4622",2037,167.373288934141,157.15836573597,195.495194141003,60
"4622",2038,171.767734417463,160.003183523627,204.599024254633,60
"4622",2039,176.797628044453,163.253739518541,215.150118446222,60
"4622",2040,181.812431188054,166.475404515226,225.785804795292,60
"4622",2041,186.734839294891,169.619279577401,236.323395715128,60
"4622",2042,192.009838302162,172.981660833671,247.719233242682,60
"4622",2043,197.850255025724,176.688594040413,260.508549872601,60
"4622",2044,203.093587176264,179.999116555558,272.029650207747,60
"4622",2045,207.647307098513,182.859504368278,282.023227600353,60
"4622",2046,214.060737800368,186.885071126105,296.433287813933,60
"4622",2047,219.89640331642,190.535385542513,309.568674450182,60
"4622",2048,225.423503686036,193.967385876951,322.098851285285,60
"4622",2049,231.855739926049,197.961565008111,336.849152586406,60
"4622",2050,237.671078096088,201.542945372837,350.257608946852,60
"4623",2026,28.4391019953442,28.3735382860107,28.7398390657447,60
"4623",2027,28.7432121935455,28.6227607596215,29.2415084806313,60
"4623",2028,28.9933249577934,28.831436791702,29.6523808616119,60
"4623",2029,29.3083557704475,29.0909385731438,30.1688058838352,60
"4623",2030,29.7321262544336,29.4351894078375,30.8640307507426,60
"4623",2031,30.4173261406839,29.9780427860855,32.0231152670782,60
"4623",2032,31.2317348535691,30.6006331905549,33.4917082727143,60
"4623",2033,32.0218309810675,31.1790867831938,34.9247332764512,60
"4623",2034,33.0763398502119,31.9203862335755,36.9011449759535,60
"4623",2035,34.13981829954,32.6635324095332,38.894513061914,60
"4623",2036,35.2363668193191,33.4261234873533,40.932046376069,60
"4623",2037,36.5997946968642,34.3532301629148,43.5135373200006,60
"4623",2038,37.7066466762624,35.1365341216963,45.5980132696582,60
"4623",2039,39.6974228796272,36.5061064775726,49.5393973057441,60
"4623",2040,40.819105381505,37.3043658467198,51.7007182514827,60
"4623",2041,42.0284292630904,38.157407623202,54.0671578230869,60
"4623",2042,43.7797431527013,39.3607352727267,57.6567726377975,60
"4623",2043,45.4491181120371,40.50896792779,61.0847283948838,60
"4623",2044,46.7433833961311,41.4126606937564,63.6757322231527,60
"4623",2045,48.5785468551972,42.661104802931,67.5274736139519,60
"4623",2046,50.0398361614885,43.6705494196349,70.5195494392349,60
"4623",2047,51.8723720993241,44.914615527536,74.3958426987246,60
"4623",2048,54.083956293349,46.3954662724072,79.2031060461283,60
"4623",2049,54.8466292755569,46.9606356523191,80.5489627616752,60
"4623",2050,57.107332573438,48.4657845794696,85.519721663221,60
"4624",2026,271.975342215636,270.876146568074,273.918434614976,60
"4624",2027,275.039145552911,273.287437259953,278.313399075882,60
"4624",2028,278.889120916405,276.307547666154,283.967849420631,60
"4624",2029,283.386638552534,279.833615671973,290.652782730538,60
"4624",2030,288.277395267787,283.685552445324,297.918211790487,60
"4624",2031,294.103733169143,288.236786489229,306.772724582148,60
"4624",2032,301.197908826763,293.710856818571,317.871487548,60
"4624",2033,309.241507644117,299.882120306954,330.662862265248,60
"4624",2034,317.597865133031,306.307351804476,343.96647577414,60
"4624",2035,326.757822903204,313.325029565985,358.714776128732,60
"4624",2036,337.05983682255,321.160829339009,375.595014270152,60
"4624",2037,348.238912941148,329.625982391863,394.137146311862,60
"4624",2038,360.996301541195,339.185429452829,415.785503557355,60
"4624",2039,373.700349714765,348.733494772176,437.311821871278,60
"4624",2040,387.006494232582,358.714699602744,460.015557498165,60
"4624",2041,401.659916869914,369.614182435839,485.4801276843,60
"4624",2042,415.425677444449,379.948901055935,509.070826008371,60
"4624",2043,431.332109373095,391.712077963012,537.154805862212,60
"4624",2044,448.385221709317,404.241297930187,567.704795516354,60
"4624",2045,465.310962037393,416.694007841371,598.031722201979,60
"4624",2046,483.021728612577,429.662102044009,630.113025767733,60
"4624",2047,499.795273748147,442.027441077218,660.181183057347,60
"4624",2048,519.612751293638,456.357143871182,697.041920446158,60
"4624",2049,540.243079358885,471.19848001067,735.856020102882,60
"4624",2050,562.126414439155,486.829810349937,777.650427329316,60
"4625",2026,48.9431355771295,48.5083265593207,49.8096060332222,60
"4625",2027,49.4283483565,48.8057908179439,50.6662117912898,60
"4625",2028,50.0979576444217,49.2480114294023,51.7737970903895,60
"4625",2029,51.0140260679515,49.8783480816959,53.3030346925821,60
"4625",2030,51.9614666146261,50.5173046920959,54.9245948147813,60
"4625",2031,52.9046391085092,51.1502168516833,56.5594431435666,60
"4625",2032,54.0410489490148,51.918682219004,58.5456430543918,60
"4625",2033,55.3083257513982,52.7793924888062,60.7722485830638,60
"4625",2034,57.1001166509077,54.0038034187218,63.9906557465294,60
"4625",2035,58.7303620820461,55.1144509624475,66.9276953396352,60
"4625",2036,60.5965173809248,56.3865732566953,70.3621190009345,60
"4625",2037,62.1148411145491,57.420135195898,73.1430325521353,60
"4625",2038,64.3527620706101,58.9449128308209,77.4064547598955,60
"4625",2039,66.4463339130871,60.3512120009065,81.38769822954,60
"4625",2040,69.5004803469193,62.3780841545347,87.4403910761312,60
"4625",2041,71.3444221819848,63.6224228245584,90.9117145050558,60
"4625",2042,73.7160422988779,65.2060900628561,95.534358367227,60
"4625",2043,75.3681967552065,66.3313035588895,98.5770517378972,60
"4625",2044,78.7275428045546,68.5488966911206,105.384849153077,60
"4625",2045,81.7545231361372,70.5483011285875,111.505518939495,60
"4625",2046,84.8693192431457,72.6016185201251,117.850306711633,60
"4625",2047,87.3352040508431,74.2385880847116,122.756814844451,60
"4625",2048,89.3296814438755,75.5796930230338,126.582705603343,60
"4625",2049,92.4071056687054,77.6000144860809,132.908170426526,60
"4625",2050,96.2232944206123,80.0774988091949,140.990024714516,60
"4626",2026,325.086033258564,321.828592025788,327.29911304067,60
"4626",2027,327.458840992527,322.828183919938,331.040588687788,60
"4626",2028,330.528568138684,324.435987998057,335.814535186022,60
"4626",2029,334.508203908344,326.849574451527,341.998285226142,60
"4626",2030,339.407010029808,330.085336900806,349.629370431826,60
"4626",2031,345.138578775243,334.055399799666,358.587859773705,60
"4626",2032,352.148250481069,339.053353200106,369.77969409261,60
"4626",2033,359.706830825966,344.432753456177,381.964911561302,60
"4626",2034,368.221339345312,350.403849535946,395.827619868301,60
"4626",2035,378.189822868285,357.241728851984,412.35624618361,60
"4626",2036,388.602123528261,364.372434343625,429.667788331889,60
"4626",2037,400.369427886527,372.986982783587,449.533489388775,60
"4626",2038,413.078777496534,382.553331100094,471.212475979225,60
"4626",2039,425.970482080091,392.275529020663,493.224877256055,60
"4626",2040,441.232943259913,403.943460910213,519.946870569864,60
"4626",2041,456.478748423577,415.443639401181,546.66085915314,60
"4626",2042,471.746389125493,426.867829856259,573.416851494359,60
"4626",2043,488.668883371139,439.574678075585,603.581553200901,60
"4626",2044,506.046540986026,452.474563159991,634.728957000727,60
"4626",2045,525.434843530251,466.592988008018,670.16779765737,60
"4626",2046,545.392403336204,481.049917736984,706.925195795948,60
"4626",2047,566.123295158249,495.843079975677,745.468853705079,60
"4626",2048,587.43416927451,510.705561658163,785.400207922539,60
"4626",2049,610.31525370045,526.548672612033,828.934679901579,60
"4626",2050,635.845659357675,544.042343860179,878.558703797713,60
"4627",2026,283.143217621128,282.422519822297,286.274098656703,60
"4627",2027,285.74139594227,284.721762750399,290.491886363412,60
"4627",2028,289.049758388565,287.675604165918,295.775688084119,60
"4627",2029,292.851972872162,291.039780242727,301.820406726141,60
"4627",2030,297.584170519679,294.991258770115,309.457190451928,60
"4627",2031,302.718767391335,299.205078131219,317.714492826111,60
"4627",2032,308.650947975819,304.008615983928,327.304710174896,60
"4627",2033,315.844027380462,309.696473094125,339.336977419268,60
"4627",2034,323.106357571867,315.429019703496,351.521842053892,60
"4627",2035,332.080176605134,322.324691105126,366.979930787692,60
"4627",2036,340.847429656317,329.131537830357,381.95591080903,60
"4627",2037,350.40527027168,336.497548070901,398.422855359674,60
"4627",2038,361.195807178127,345.011813085746,417.3295794854,60
"4627",2039,372.121002092559,353.730674970382,436.444457351141,60
"4627",2040,384.626134241208,363.630267854732,458.812307431165,60
"4627",2041,396.510709117414,373.099655481444,479.839070613251,60
"4627",2042,409.148134366888,383.136677011731,502.41907595089,60
"4627",2043,422.357755749672,393.608030480604,526.183251909873,60
"4627",2044,435.96434986059,404.379973453095,550.787393633318,60
"4627",2045,452.099227683367,416.988333041399,580.92259347502,60
"4627",2046,468.075420036568,429.32794363532,610.785588345804,60
"4627",2047,484.30054062358,441.709121041753,641.26808047189,60
"4627",2048,501.510753925269,454.746053763338,674.040731893697,60
"4627",2049,520.115441715663,468.699546886038,710.104321097685,60
"4627",2050,541.759442073021,484.645844585171,753.346150802255,60
"4628",2026,52.6967429900482,52.4335795660377,53.2062929212468,60
"4628",2027,53.0212221436942,52.6378806725116,53.7821306262114,60
"4628",2028,53.5206843681135,52.9629438542691,54.6869614499626,60
"4628",2029,53.8540301059485,53.1719718160503,55.2843334367428,60
"4628",2030,54.2636003109131,53.4331919409937,56.0269232063275,60
"4628",2031,55.043684269041,53.951477674004,57.470190603132,60
"4628",2032,55.5846124402305,54.3027841976789,58.4668677811435,60
"4628",2033,56.7372595921925,55.0733272658344,60.653538879466,60
"4628",2034,57.5159797619903,55.5868037451414,62.1214258921311,60
"4628",2035,58.4877195123213,56.2307245456283,63.9780862886501,60
"4628",2036,59.8799272885339,57.1574265724423,66.6939904697419,60
"4628",2037,61.0380081331067,57.9232790621408,68.9555164008071,60
"4628",2038,62.8166176080688,59.1047449685711,72.5108378662594,60
"4628",2039,64.251598438562,60.0507189265802,75.3862270588296,60
"4628",2040,66.4054164225763,61.4691779248649,79.8218689818936,60
"4628",2041,68.0060022858997,62.5215470713271,83.0890305160345,60
"4628",2042,69.5215390989326,63.5132941607247,86.1795028375699,60
"4628",2043,71.1926635947645,64.6050814845351,89.6070284414511,60
"4628",2044,73.544544937998,66.1369957836993,94.5428161953408,60
"4628",2045,75.9653342345475,67.7041225912974,99.6896252564742,60
"4628",2046,78.2519373136924,69.1797673415303,104.575610251981,60
"4628",2047,80.0346457025499,70.3246051535314,108.362440403336,60
"4628",2048,80.7473653523295,70.782609764222,109.727617801819,60
"4628",2049,82.8150424359865,72.1021018369794,114.195641316698,60
"4628",2050,84.2711709322485,73.0281769963071,117.282912810397,60
"4629",2026,5.62242595833183,5.43927603659485,5.71490950501034,60
"4629",2027,5.66706775215555,5.48322359879015,5.76120590828092,60
"4629",2028,5.63487302105412,5.41836869974452,5.7017035749042,60
"4629",2029,5.85733344578604,5.69839301970319,5.99622731841478,60
"4629",2030,5.90392881775184,5.74492067616431,6.0458252657915,60
"4629",2031,6.1581046061552,6.02353811580216,6.42161279000164,60
"4629",2032,6.13963365671804,6.00020520343471,6.36922084822847,60
"4629",2033,6.2467494749754,6.10677999633576,6.50620974935733,60
"4629",2034,6.24421991752995,6.10247585701211,6.47855406254467,60
"4629",2035,6.16475597066609,6.004375850169,6.32188436636489,60
"4629",2036,6.7793136215694,6.58895890751863,7.25606861367204,60
"4629",2037,7.03631661722304,6.78425665925403,7.66231641247263,60
"4629",2038,7.37162325527534,7.03770484907031,8.20079735188276,60
"4629",2039,7.34542333055641,7.03192105714202,8.12545331688885,60
"4629",2040,7.16617422369388,6.91346231774936,7.79324963836798,60
"4629",2041,7.70897514413083,7.30810155522875,8.70213313392367,60
"4629",2042,8.07526543703139,7.57547973097367,9.31577262708533,60
"4629",2043,7.98210214174008,7.51984779644319,9.12791275682248,60
"4629",2044,7.77096421671902,7.38152528614185,8.73607482553538,60
"4629",2045,7.80409467217915,7.4175604208532,8.76214308617654,60
"4629",2046,8.16988822571911,7.68075637001577,9.38301612314484,60
"4629",2047,8.65130177708774,8.01598626843066,10.2643516924536,60
"4629",2048,8.85231960406077,8.1620223251125,10.622741620728,60
"4629",2049,9.10033759053535,8.3392571615468,11.0765748414479,60
"4629",2050,9.19450572832577,8.4074745697667,11.2468474333942,60
"4630",2026,75.0071959997664,74.7036422126897,76.051173543631,60
"4630",2027,76.1219597100351,75.6234541348873,77.708272165424,60
"4630",2028,77.3606017866668,76.6552402397922,79.5392545529703,60
"4630",2029,78.7687398331109,77.8243753969897,81.6132555884074,60
"4630",2030,80.5964381146345,79.2762077296173,84.3121640632268,60
"4630",2031,82.2584205391815,80.617573185807,86.7561314669753,60
"4630",2032,84.4034790161418,82.3037306646621,90.0551390785671,60
"4630",2033,87.1876609320468,84.4358850682803,94.3646276399834,60
"4630",2034,89.5416148367039,86.2744924616281,98.0215843023464,60
"4630",2035,92.6992555066594,88.6694603029196,103.09646925785,60
"4630",2036,95.9433222757566,91.1247475179611,108.341938909874,60
"4630",2037,99.3326964039273,93.6822715216642,113.853992083081,60
"4630",2038,103.180301200867,96.5458700103397,120.221294272956,60
"4630",2039,106.36773876774,98.9683237052825,125.371156223604,60
"4630",2040,111.205961963215,102.489115810803,133.780210157374,60
"4630",2041,115.394073672509,105.576739568937,141.020606943972,60
"4630",2042,119.263007083317,108.456880828075,147.621705743779,60
"4630",2043,123.634786641936,111.665179216633,155.26177222471,60
"4630",2044,128.076854205526,114.922908824927,163.048826212334,60
"4630",2045,133.683459805354,118.931392715251,173.297720345099,60
"4630",2046,138.156947645786,122.206222224492,181.233665397593,60
"4630",2047,143.576718491373,126.085793409443,191.359653739559,60
"4630",2048,148.268582294977,129.497267718266,199.892560473777,60
"4630",2049,153.637086912987,133.33629878606,209.974517813223,60
"4630",2050,160.376177336442,138.04208474133,223.218143932516,60
"4631",2026,290.776625291005,289.594955012752,292.840212315863,60
"4631",2027,293.907428959531,291.963090479278,297.548320036929,60
"4631",2028,297.599612091085,294.761726920572,303.161638912477,60
"4631",2029,302.070773357665,298.140366366935,310.083533075336,60
"4631",2030,307.422039843172,302.163718513654,318.526964912211,60
"4631",2031,313.490971059471,306.714296051045,328.228419704384,60
"4631",2032,320.867376039627,312.192201039606,340.367256677664,60
"4631",2033,329.406576507994,318.486191489829,354.711879334864,60
"4631",2034,338.513439202391,325.187305103177,370.148366983639,60
"4631",2035,348.649621222841,332.605620581215,387.598215857859,60
"4631",2036,359.327153881865,340.408161205695,406.123525479645,60
"4631",2037,371.863431339275,349.471403047492,428.417616797942,60
"4631",2038,384.970644036102,358.923873965233,451.94109069885,60
"4631",2039,398.276968604694,368.515494037558,475.933603120032,60
"4631",2040,412.24763148802,378.556303003209,501.353602911968,60
"4631",2041,426.683771795503,388.911245232689,527.801336846559,60
"4631",2042,442.04431257853,399.873878220268,556.290892952792,60
"4631",2043,457.109654007221,410.646495632375,584.199606481147,60
"4631",2044,473.377877581555,422.196808256786,614.811046497075,60
"4631",2045,489.5021824582,433.65438674424,645.168253486406,60
"4631",2046,505.195024715335,444.832734295327,674.619410227006,60
"4631",2047,522.368995410715,456.950682848159,707.484812930188,60
"4631",2048,540.688438569004,469.794670675727,743.033789660624,60
"4631",2049,559.452487810893,482.905684108461,779.736049386473,60
"4631",2050,579.640758300192,496.906474046635,819.858366555487,60
"4632",2026,37.4612655530659,37.3748071616678,38.2724275781587,60
"4632",2027,37.4458184774509,37.2924548543043,38.6387319514181,60
"4632",2028,37.5004576703497,37.2529076897806,39.1134396995405,60
"4632",2029,37.5879483814033,37.2335221619485,39.6715022603789,60
"4632",2030,37.6706048897055,37.2179307654865,40.2122637741469,60
"4632",2031,38.1642116304433,37.491243800056,41.5176402829859,60
"4632",2032,38.7516535228529,37.8401522142469,43.003074633288,60
"4632",2033,39.1442859158646,38.0568298767206,44.1108611514034,60
"4632",2034,39.5271425801917,38.2704071749548,45.1913179470685,60
"4632",2035,40.0754785969132,38.6016551788304,46.5852036372656,60
"4632",2036,40.8410557415083,39.0831606541103,48.4043828893836,60
"4632",2037,41.5179622294996,39.5049393944778,50.0494188720516,60
"4632",2038,42.3422532426627,40.0314448175603,51.978334546375,60
"4632",2039,42.9551958910808,40.4161325425779,53.4818198766553,60
"4632",2040,43.3219128610138,40.6398428090438,54.4756971716716,60
"4632",2041,44.3658136355202,41.32149282358,56.8322684853763,60
"4632",2042,45.2023759373367,41.8654812551763,58.7666144711673,60
"4632",2043,45.7978834671512,42.2501336017776,60.2043123202533,60
"4632",2044,46.374007995603,42.6257159264579,61.5917078659832,60
"4632",2045,47.252222861098,43.2062339044223,63.5903865825112,60
"4632",2046,47.9429077942084,43.6627982530292,65.2103145319239,60
"4632",2047,49.2627443733566,44.5401843548545,68.1920182147891,60
"4632",2048,50.4957937694461,45.3590659941368,70.9925928807431,60
"4632",2049,51.6688527013863,46.1408316077792,73.6561936799086,60
"4632",2050,52.5142613969213,46.7064355363418,75.5962855184312,60
"4633",2026,10.6787810194684,10.1505768692104,10.7482732809274,60
"4633",2027,10.9767228572171,10.2412451758427,11.1046577764554,60
"4633",2028,11.2535553466044,10.3151956759151,11.4238350935441,60
"4633",2029,11.4859659141221,10.3551221181425,11.671439535919,60
"4633",2030,12.1913068377076,10.7658257430772,12.7454848863331,60
"4633",2031,12.6246627095061,10.9636292587857,13.3435784363932,60
"4633",2032,13.0734327604728,11.1738778303719,13.9711177745656,60
"4633",2033,13.4305253353726,11.3100274560514,14.4250467153817,60
"4633",2034,14.1065364347144,11.7017596465462,15.4697173909339,60
"4633",2035,14.6683054846347,12.0013533538107,16.2997360448626,60
"4633",2036,15.4246389991747,12.4216283337664,17.4990674359624,60
"4633",2037,16.173915838322,12.836217245361,18.6931992725516,60
"4633",2038,17.0555825036639,13.3433281824709,20.1702512246328,60
"4633",2039,18.0796207098878,13.9507834840814,21.9644618057568,60
"4633",2040,18.9197487545222,14.4301154984064,23.4142189730655,60
"4633",2041,19.9907142168113,15.0658004235345,25.3461472591294,60
"4633",2042,21.4664294417897,15.9742479810175,28.2247740817153,60
"4633",2043,22.721712751939,16.7325283261764,30.6879653453638,60
"4633",2044,22.9092741706102,16.7602825384321,30.693625476878,60
"4633",2045,24.7558116481781,17.9250948235012,34.5084273008739,60
"4633",2046,24.9113226363235,17.929543093867,34.4560612270976,60
"4633",2047,25.8387393648854,18.4636201082383,36.202297740003,60
"4633",2048,26.0940957703135,18.5365384933592,36.3918033321537,60
"4633",2049,28.1651910071471,19.8563964511017,40.8438440630255,60
"4633",2050,27.3732703763051,19.2094059072663,38.5642472923414,60
"4634",2026,34.0657502967452,33.9882083034673,34.1434656482085,60
"4634",2027,34.144709915366,34.0266615817836,34.2791491815201,60
"4634",2028,34.2435392357142,34.099406351413,34.4426224094096,60
"4634",2029,34.5205818959319,34.2957554662487,34.8894497261654,60
"4634",2030,34.7381094741873,34.444962566247,35.2419928915724,60
"4634",2031,34.9075652673231,34.5598617152751,35.5123618036167,60
"4634",2032,35.5450731779438,35.0228765704735,36.5667506521559,60
"4634",2033,36.1019978235996,35.4246514963831,37.516067524138,60
"4634",2034,36.7812881858026,35.9122458749193,38.6838111207098,60
"4634",2035,37.413204836166,36.3576538516821,39.7719173519763,60
"4634",2036,38.5866157956878,37.1733438045131,41.8760329985215,60
"4634",2037,39.470419237581,37.7906395689595,43.4524154809853,60
"4634",2038,39.7949461304914,38.026902805626,43.9687495186565,60
"4634",2039,42.0622134555793,39.5767440129924,48.3042784434117,60
"4634",2040,42.3967137294509,39.82432320311,48.8148224250743,60
"4634",2041,43.9570913705873,40.8903503822687,51.8098534503212,60
"4634",2042,45.8773059722159,42.1854556277978,55.6064517015114,60
"4634",2043,45.7979900613971,42.1554065195108,55.2577804936752,60
"4634",2044,47.3641282648545,43.2148228327166,58.332359820454,60
"4634",2045,49.7564518796138,44.8058802702827,63.222965901991,60
"4634",2046,50.4189764985431,45.2623897158444,64.4323486745432,60
"4634",2047,52.126781542843,46.3994850777281,67.9066686362457,60
"4634",2048,52.4154310116572,46.6063454594049,68.3259827181436,60
"4634",2049,55.2126570080407,48.4378853726266,74.2503357244551,60
"4634",2050,55.6832156193603,48.755885978481,75.0849860892999,60
"4635",2026,25.3392260584691,25.2274057664688,25.7571628409301,60
"4635",2027,25.5780543578423,25.4107209194742,26.235644500335,60
"4635",2028,25.8013358585416,25.572784502386,26.6911495240759,60
"4635",2029,26.2270236747888,25.8689650539436,27.5300662621837,60
"4635",2030,26.5803784323323,26.116991061509,28.2319085596339,60
"4635",2031,26.9524575358436,26.3794035260177,28.9661138715315,60
"4635",2032,27.5179972365575,26.7689230344052,30.0855721051856,60
"4635",2033,28.3255611613023,27.3172927685185,31.6783488455672,60
"4635",2034,28.9325161789034,27.7335977519578,32.8340726312708,60
"4635",2035,29.7883716103942,28.3231752665357,34.4489377139824,60
"4635",2036,30.2835328711795,28.6733617902169,35.3998664201535,60
"4635",2037,31.0405149976057,29.2066762182328,36.843910081622,60
"4635",2038,32.0705072672527,29.9272509821928,38.8174043554965,60
"4635",2039,33.1380895463712,30.6723841111781,40.8739950659088,60
"4635",2040,34.1270579464731,31.3605409016198,42.7916779031119,60
"4635",2041,35.02116486664,31.9773163307884,44.5271637718188,60
"4635",2042,35.4649492103072,32.2972890962813,45.374085743889,60
"4635",2043,36.915791703352,33.2708105913475,48.223342528589,60
"4635",2044,38.3869886235067,34.2538827864077,51.1352819254157,60
"4635",2045,39.2170590779109,34.8224334986059,52.7598063524317,60
"4635",2046,40.4758393538625,35.6626174901239,55.2684040188318,60
"4635",2047,41.7696079671025,36.5236118094523,57.8581891089826,60
"4635",2048,43.4293018931274,37.6113763372567,61.2683828353232,60
"4635",2049,44.9104876337905,38.5870306790186,64.4660437165007,60
"4635",2050,46.0049563141516,39.3084713665043,66.7963024041216,60
"4636",2026,11.2072872176554,11.1401457134818,11.3195183936895,60
"4636",2027,11.4012747872293,11.2965923778452,11.6260181081757,60
"4636",2028,11.539012872931,11.396598089214,11.8416870181579,60
"4636",2029,11.7323669801691,11.5332570649396,12.148658972307,60
"4636",2030,11.9333110103644,11.6736514700215,12.4769669891022,60
"4636",2031,12.1672860276366,11.8348088082362,12.8654090925848,60
"4636",2032,12.6698649478788,12.1606215899172,13.7475611763088,60
"4636",2033,13.158801728712,12.475315991189,14.6201535458544,60
"4636",2034,13.447941823383,12.6697025680477,15.117466779607,60
"4636",2035,13.6768264436,12.8285425082862,15.4956626880663,60
"4636",2036,14.5036373696161,13.3675077466816,17.0794309339005,60
"4636",2037,15.1132953942097,13.7695910054404,18.2398103445104,60
"4636",2038,15.5381390692108,14.0508091624062,19.0293543717394,60
"4636",2039,15.7842361336973,14.2186893391841,19.4437643096727,60
"4636",2040,16.0070893582508,14.3684380075719,19.8212081349296,60
"4636",2041,17.3628974829789,15.2337869109899,22.6797111621707,60
"4636",2042,18.0925543785841,15.6984661189238,24.2246484804917,60
"4636",2043,18.3395899734423,15.8637694796707,24.6374264574981,60
"4636",2044,18.9728151879726,16.2627024427359,25.9856638604321,60
"4636",2045,19.4346320431101,16.5594343084292,26.913055516522,60
"4636",2046,20.2086588310479,17.0419459403982,28.6200064419637,60
"4636",2047,20.7014307807869,17.3560845066135,29.63178357866,60
"4636",2048,20.8210179920166,17.4362485656305,29.7621270058791,60
"4636",2049,21.3409757961741,17.7603137424172,30.8694253298447,60
"4636",2050,22.4094579223906,18.4226552034603,33.3124601391327,60
"4637",2026,36.8339024960377,35.8220718183374,37.2656479585933,60
"4637",2027,37.4137978816666,36.0366477924617,38.2264778684368,60
"4637",2028,37.7871523287739,36.0387864460428,38.8244173709202,60
"4637",2029,38.2984338925738,36.1872001965874,39.6779253689967,60
"4637",2030,38.9788678727484,36.5142035584574,40.8438466595307,60
"4637",2031,40.4345603275274,37.6760408199603,43.4923096857004,60
"4637",2032,41.4246455789317,38.345535052566,45.2798887593926,60
"4637",2033,42.4059561623253,39.0134586233707,47.073653532014,60
"4637",2034,43.3311862497549,39.6235114192483,48.7674368003113,60
"4637",2035,44.419231863188,40.4171220177632,50.8031684268001,60
"4637",2036,45.6750178999207,41.4024139716558,53.2131564063255,60
"4637",2037,47.7540871874807,42.8666118869543,57.3771594672542,60
"4637",2038,48.6257408426444,43.3742385446124,59.0088316552153,60
"4637",2039,49.8235746213548,44.1292815830421,61.3510048280045,60
"4637",2040,51.1373337947101,44.9271309073299,63.9574492114549,60
"4637",2041,52.1643228619114,45.5316470229075,65.9482742840114,60
"4637",2042,53.7655629348038,46.5182733413607,69.2129233799217,60
"4637",2043,54.8735563538017,47.1567666395346,71.4008115912382,60
"4637",2044,55.5871708101691,47.5657431059539,72.7198410632694,60
"4637",2045,59.1110352832852,49.4543836762135,80.3747807541771,60
"4637",2046,60.9169050161699,50.4444810008576,84.1632696674052,60
"4637",2047,63.2836642375955,51.7050643569874,89.3242119225301,60
"4637",2048,64.1385149326938,52.1871759454447,90.9685570239894,60
"4637",2049,66.3810861124425,53.3601567636021,95.9338390993645,60
"4637",2050,69.0458870111399,54.7545925011676,101.906556286495,60
"4638",2026,105.431045527143,104.994707501246,106.553946420838,60
"4638",2027,106.183669523151,105.500611996501,107.935980795009,60
"4638",2028,107.266592930112,106.233442039472,109.914529155102,60
"4638",2029,108.589484482632,107.125118990848,112.350476753422,60
"4638",2030,110.135224249938,108.164372262086,115.217636732612,60
"4638",2031,112.26830849288,109.601146250871,119.222800552158,60
"4638",2032,114.395358241905,111.019828363922,123.353904280073,60
"4638",2033,117.286447098508,112.952571514526,129.049959348329,60
"4638",2034,120.242793915244,114.910911059849,134.978701231748,60
"4638",2035,124.184577202173,117.521311974529,143.02222163204,60
"4638",2036,128.530136665145,120.377316755424,152.07200025969,60
"4638",2037,131.667659412514,122.407088654103,158.669276517528,60
"4638",2038,137.253908570865,126.043972998371,170.683092148818,60
"4638",2039,142.513843880998,129.429984324181,182.214505720473,60
"4638",2040,147.091828874344,132.348443370545,192.406992212591,60
"4638",2041,153.012563061922,136.113167192257,205.963541997785,60
"4638",2042,157.691339947464,139.056583070759,216.725668223645,60
"4638",2043,165.152505055933,143.744211845278,234.465336207785,60
"4638",2044,170.271853975109,146.917528567464,246.649738857289,60
"4638",2045,176.429814341512,150.716173759254,261.629921558613,60
"4638",2046,181.310516501509,153.682112250325,273.565493406323,60
"4638",2047,188.341070615094,157.933570511338,291.189177443228,60
"4638",2048,198.753451014266,164.188114276339,318.040618995829,60
"4638",2049,203.684545754562,167.078770271054,330.652908864314,60
"4638",2050,211.737187614208,171.822235374771,351.872185118355,60
"4639",2026,34.3591926728798,34.2700381199012,34.5785814796592,60
"4639",2027,35.3767374027738,35.2111578429493,35.7888818721249,60
"4639",2028,36.5130314671807,36.2345549296421,37.2249551031147,60
"4639",2029,37.7639556303797,37.3373926111416,38.8900871731624,60
"4639",2030,38.9299929458772,38.3705792186255,40.4299778231872,60
"4639",2031,40.3148152435378,39.558604874093,42.3880540780666,60
"4639",2032,42.0210763933794,40.9519220217613,44.971578167561,60
"4639",2033,43.9625121164058,42.4963109500783,48.0488019741105,60
"4639",2034,46.1946475042678,44.2269375128137,51.7525635348126,60
"4639",2035,47.6119656393825,45.3897884257424,53.9072012994588,60
"4639",2036,50.1028817315446,47.2714859347568,58.2416088698122,60
"4639",2037,52.0766745464849,48.7950273048972,61.5821978377266,60
"4639",2038,54.1014510638364,50.3390102617266,65.0836417506902,60
"4639",2039,56.858068255334,52.3572828678503,70.177906014637,60
"4639",2040,59.4218368606789,54.2281703473167,74.9626565367102,60
"4639",2041,61.754432921527,55.9393470567404,79.2957548124288,60
"4639",2042,64.1893074561867,57.7056195559825,83.9103813788564,60
"4639",2043,65.6785723229697,58.8420198055057,86.4948143572564,60
"4639",2044,68.3677276794268,60.7514973615603,91.8016187888152,60
"4639",2045,70.4019686522305,62.2336600961835,95.6555518585728,60
"4639",2046,72.5664194801302,63.7833450552886,99.8776807783804,60
"4639",2047,73.6045448682539,64.6084779516691,101.514106262661,60
"4639",2048,77.2529463991544,67.0953533973331,109.243062936538,60
"4639",2049,77.3512519845323,67.3136319646894,108.707274458423,60
"4639",2050,80.7375061573456,69.6129562817471,115.926822933843,60
"4640",2026,131.147316708861,130.776459830277,132.021623446092,60
"4640",2027,132.846447458602,132.250127280883,134.246156462925,60
"4640",2028,134.700740729871,133.822829126898,136.729847050324,60
"4640",2029,136.957508128864,135.685942496288,139.869231868551,60
"4640",2030,139.775917382445,138.002845530218,143.952432008269,60
"4640",2031,142.759380890339,140.488812795843,148.294552635704,60
"4640",2032,146.281226462346,143.386001258848,153.570732078365,60
"4640",2033,149.750296729155,146.212020214226,158.72852281947,60
"4640",2034,153.576995596861,149.303085985603,164.509266223235,60
"4640",2035,158.376930329189,153.081672493974,172.083291166533,60
"4640",2036,162.629646671989,156.48701887782,178.630863179265,60
"4640",2037,167.609371394459,160.399911932953,186.551194128664,60
"4640",2038,172.353256178352,164.150497558639,194.035767077612,60
"4640",2039,177.381557957721,168.099493471463,202.068907804766,60
"4640",2040,182.813168287006,172.321334980485,210.902326827949,60
"4640",2041,188.06505478772,176.415319592251,219.401217620591,60
"4640",2042,193.329597268328,180.518867278933,227.931516268077,60
"4640",2043,199.353928123815,185.136989320004,238.028054005339,60
"4640",2044,203.90123488393,188.763343451476,245.149469395358,60
"4640",2045,210.197687924464,193.563341017396,255.843331473898,60
"4640",2046,216.09906370745,198.097277096906,265.747073785181,60
"4640",2047,223.40293658621,203.568914023584,278.561031508618,60
"4640",2048,230.205172351072,208.701247331957,290.374754381555,60
"4640",2049,236.167259145295,213.272396913008,300.452970278578,60
"4640",2050,243.215463568641,218.555542309754,312.855505552479,60
"4641",2026,21.5109346412188,21.4274385087567,21.5666051264862,60
"4641",2027,21.7608829232696,21.6670117014638,21.852224178957,60
"4641",2028,22.0606666695102,21.9775480304652,22.2027135251482,60
"4641",2029,22.2959005815834,22.1790790672724,22.4590783836805,60
"4641",2030,22.7577713285045,22.7028740434687,23.0241978008751,60
"4641",2031,23.3273180120932,23.2319508431516,23.7371082817283,60
"4641",2032,23.8773284715277,23.7343181597166,24.433331044634,60
"4641",2033,24.4789288255565,24.2786031085685,25.2295324189566,60
"4641",2034,24.840096515436,24.6323481859125,25.6266228631289,60
"4641",2035,25.8083940206589,25.4643330486273,27.0199374725493,60
"4641",2036,26.728540879547,26.2417298216351,28.3365677356819,60
"4641",2037,27.4914936222186,26.9057938085775,29.3858231891888,60
"4641",2038,28.6800594460569,27.8730221920014,31.2434257935518,60
"4641",2039,29.2845344082254,28.4271257888569,32.0084410733801,60
"4641",2040,30.7749955300998,29.6042832462052,34.4912847668871,60
"4641",2041,32.0418577452061,30.624692758878,36.4994978344939,60
"4641",2042,32.9814161397949,31.4167969388888,37.8907581084213,60
"4641",2043,34.467429659013,32.5855569764108,40.3364020150576,60
"4641",2044,35.6669809854769,33.5541591057919,42.2435321712461,60
"4641",2045,36.6733500369342,34.3921510147371,43.7697293237431,60
"4641",2046,38.2957624665072,35.6488981562413,46.5192232751854,60
"4641",2047,39.8296009242883,36.8448964912669,49.1038141300336,60
"4641",2048,41.1218363181622,37.8734243161186,51.2199100428606,60
"4641",2049,43.371376893321,39.5419483857506,55.3100736674205,60
"4641",2050,45.5987642353078,41.1955086542481,59.3813407828272,60
"4642",2026,37.3211679024753,37.0721179072024,37.610148083966,60
"4642",2027,37.5535035523352,37.1928755235231,38.0272915795548,60
"4642",2028,37.9818898793826,37.4629314423509,38.7783511109579,60
"4642",2029,38.4200349431079,37.722624479946,39.553291881381,60
"4642",2030,39.1071062789162,38.1592168093105,40.7999219450008,60
"4642",2031,39.8796852334963,38.6547145235949,42.2366656482589,60
"4642",2032,40.5618560411181,39.0845870491635,43.5146959004169,60
"4642",2033,41.3111415599898,39.5566396929864,44.9387455137572,60
"4642",2034,43.0019067834178,40.6741898936533,48.2590000841717,60
"4642",2035,44.2705872420201,41.4939933731895,50.7873690920929,60
"4642",2036,45.8899634194944,42.5458980016854,54.0891167903868,60
"4642",2037,47.4761080463262,43.5697265107276,57.3672854125527,60
"4642",2038,49.4460989228226,44.8399404663369,61.548927203098,60
"4642",2039,51.0414715402163,45.8467184015363,64.9598972373201,60
"4642",2040,53.2564890383739,47.2209512518118,69.8293856237221,60
"4642",2041,55.2902421918329,48.4737307398203,74.3441036352244,60
"4642",2042,56.4068709401682,49.1491196226985,76.75010429391,60
"4642",2043,58.9668721802066,50.7103016102018,82.6164255232611,60
"4642",2044,61.1692334024987,52.037381710145,87.7172405586792,60
"4642",2045,63.5608476426349,53.4715652413112,93.3435935237509,60
"4642",2046,65.3859954966217,54.5560209524114,97.6098233054445,60
"4642",2047,66.9222598595462,55.4617396384026,101.177436739577,60
"4642",2048,69.2658229698509,56.848083728567,106.815928127432,60
"4642",2049,71.2540927496615,58.0153465967088,111.592473560321,60
"4642",2050,73.0818540997339,59.0818863588313,115.98708198501,60
"4643",2026,94.3795905984734,93.7215654380131,95.2765194009841,60
"4643",2027,94.6945145620787,93.734211023055,96.1575175693052,60
"4643",2028,94.9490258066923,93.6901076151464,96.9779070414791,60
"4643",2029,95.693724878481,94.0350390009144,98.7570641275013,60
"4643",2030,96.388836566885,94.4321873352474,100.509694192604,60
"4643",2031,97.5631756247622,95.1335659577075,103.247383370485,60
"4643",2032,98.5518950706629,95.6639746763682,105.705770139791,60
"4643",2033,99.6234576833834,96.2518503464902,108.39677114205,60
"4643",2034,101.177823554908,97.1492568930435,112.13148527405,60
"4643",2035,103.211024675317,98.2617409120065,116.95388732626,60
"4643",2036,105.466733255184,99.4958987648545,122.377331017215,60
"4643",2037,107.718814649517,100.705160802395,127.91633799174,60
"4643",2038,109.584130193659,101.642927018992,132.710666674376,60
"4643",2039,111.96796582419,102.891784246113,138.776305286171,60
"4643",2040,116.561779666619,105.533237973794,150.038371670247,60
"4643",2041,119.374168994323,107.003542124869,157.410931855686,60
"4643",2042,122.461509164941,108.627075620474,165.561863998503,60
"4643",2043,125.024857050314,109.897475844318,172.593252620928,60
"4643",2044,129.756079384707,112.493170183756,185.090282403623,60
"4643",2045,134.240569388836,114.898283511347,197.252122797619,60
"4643",2046,140.038283972454,118.07550570319,213.035768166465,60
"4643",2047,143.033452407747,119.506308215493,221.827759744128,60
"4643",2048,145.155329457252,120.393867918583,228.412340269546,60
"4643",2049,151.717356132534,123.931704302956,246.97815522323,60
"4643",2050,158.112645929291,127.312731420013,265.563521928764,60
"4644",2026,72.3098843580835,71.8467486480301,72.8009082166183,60
"4644",2027,73.525131507775,72.744887047589,74.444938796263,60
"4644",2028,74.9016939160124,73.7364788614259,76.3951710918711,60
"4644",2029,76.3359099452371,74.7575286515753,78.4660923856604,60
"4644",2030,78.1424358332989,75.9940223297814,81.231944064744,60
"4644",2031,79.9896465725401,77.2474297256618,84.0955013130055,60
"4644",2032,82.5503992563246,78.9062129904773,88.3283824719367,60
"4644",2033,84.9608002485373,80.6358953468369,92.3238803532475,60
"4644",2034,87.6641571431585,82.5971206884003,96.927989281728,60
"4644",2035,90.4231666816012,84.5962401532379,101.682186246011,60
"4644",2036,93.9831982370103,87.1793153011717,108.114301606716,60
"4644",2037,96.9485427270261,89.3078517594051,113.385042548424,60
"4644",2038,100.894259904252,92.1425358943233,120.763070238053,60
"4644",2039,105.028977891405,95.1040110520388,128.643343134847,60
"4644",2040,108.871614628789,97.847661028178,135.970181433169,60
"4644",2041,113.835188514391,101.262812256152,145.857847534404,60
"4644",2042,118.138966948467,104.153941128484,154.359608257032,60
"4644",2043,122.103727180243,106.818307163125,162.171517269317,60
"4644",2044,128.323853268987,110.883099808401,175.251753782793,60
"4644",2045,133.262762881233,114.132922199013,185.485936283915,60
"4644",2046,139.390321948771,118.098376289286,198.668918193152,60
"4644",2047,144.278396577888,121.287262935751,208.98808441704,60
"4644",2048,147.914024653283,123.695201603779,216.344644604289,60
"4644",2049,154.723579135909,128.024051933982,231.564053495408,60
"4644",2050,159.034695866534,130.81335550243,240.74557709068,60
"4645",2026,47.6324839305545,47.5265083679176,47.9341381135823,60
"4645",2027,47.604986876701,47.4225056010987,48.1027006638936,60
"4645",2028,47.7234676101763,47.4195519819322,48.5434164191649,60
"4645",2029,47.789353805489,47.3757563493275,48.9039711646348,60
"4645",2030,47.9518607057383,47.3967108141418,49.4365009542402,60
"4645",2031,48.3175154201487,47.5559047946591,50.3419607450536,60
"4645",2032,48.9427338842788,47.8882771908121,51.7486432961249,60
"4645",2033,49.2230575570185,47.9789080210839,52.5478121968204,60
"4645",2034,49.6293314468608,48.1523072715351,53.599725680208,60
"4645",2035,50.4382458457506,48.595561501314,55.4495041840566,60
"4645",2036,51.1204342469148,48.9490065274223,57.0759586784188,60
"4645",2037,52.3447345177326,49.6584847452195,59.8280803811566,60
"4645",2038,52.8412177318773,49.8776426843068,61.1270436014402,60
"4645",2039,54.1680995694528,50.6441600862513,64.1565955314462,60
"4645",2040,55.1285526724757,51.1615544109715,66.4612316302683,60
"4645",2041,56.2213535109688,51.7606700172689,69.072796782549,60
"4645",2042,57.3873056421829,52.4019855322251,71.8712013318788,60
"4645",2043,57.5946304876229,52.4107708097037,72.6339675924964,60
"4645",2044,59.374349614826,53.4411934448318,76.8311900958493,60
"4645",2045,60.928479018615,54.3125434533506,80.6369074683681,60
"4645",2046,61.3010889643442,54.4185816535329,81.7945060595876,60
"4645",2047,62.858248551735,55.280634431265,85.6698052277207,60
"4645",2048,63.0071802930857,55.2312976128163,86.3613904692672,60
"4645",2049,64.4889096736607,56.0348366912842,90.1170022297462,60
"4645",2050,65.8470144921268,56.7532362476412,93.6244765235136,60
"4646",2026,28.7235411093024,28.6680587890998,29.3849524007546,60
"4646",2027,29.1437564255464,29.0728742490123,30.1326378528112,60
"4646",2028,29.4757583286869,29.384877881407,30.7392850438016,60
"4646",2029,29.9811195288924,29.8499895442036,31.6171399647231,60
"4646",2030,30.4981250885554,30.3271960950095,32.5119252319873,60
"4646",2031,30.9861673732449,30.7779892835451,33.3567667457839,60
"4646",2032,31.8064282617466,31.5150074340695,34.748641761444,60
"4646",2033,32.4529160907315,32.0814220245697,35.8821099054758,60
"4646",2034,33.2077222791292,32.7120622271609,37.176109536717,60
"4646",2035,33.6719064540935,33.1510049684792,37.9736225518564,60
"4646",2036,34.5908381265419,33.8921963859546,39.5600326542049,60
"4646",2037,35.7630116986928,34.7982527784887,41.5971773659184,60
"4646",2038,36.4137994278109,35.3663141729677,42.7116037257702,60
"4646",2039,37.2163008901506,36.0286985765132,44.1070393447644,60
"4646",2040,37.90476402426,36.6224543897431,45.2874165096904,60
"4646",2041,38.8735492163933,37.3943570088172,46.9819920894556,60
"4646",2042,39.6556191654822,38.0452360687496,48.3591216725107,60
"4646",2043,40.8341250618844,38.9493036558622,50.5766830867896,60
"4646",2044,41.4472348535677,39.4954315266559,51.6034044203123,60
"4646",2045,42.3839633411572,40.2443885445461,53.3190342796122,60
"4646",2046,43.0810666866071,40.8384990877468,54.5367982197885,60
"4646",2047,43.5649816711058,41.2981876495669,55.3025777808982,60
"4646",2048,45.0257036665328,42.376697017016,58.1357499829913,60
"4646",2049,45.7261856668746,42.9705352806329,59.3671371574973,60
"4646",2050,45.9813732355204,43.2834220066062,59.6510105378711,60
"4647",2026,286.223543371589,280.489657021934,288.542300574703,60
"4647",2027,290.038352708082,282.203793377895,293.629872589007,60
"4647",2028,294.758718304207,284.764916892753,300.175539372427,60
"4647",2029,300.041314643784,287.536077317605,307.640433288942,60
"4647",2030,306.215020190597,290.971310194175,316.662575669926,60
"4647",2031,313.067171305704,294.924762334586,326.88196636658,60
"4647",2032,321.030594589105,299.724668833988,339.065985172796,60
"4647",2033,329.461175174897,304.913321004429,352.121354982923,60
"4647",2034,339.652082012026,312.080943215413,368.744632093834,60
"4647",2035,349.938740387977,319.036077151308,385.731378627821,60
"4647",2036,361.580694701582,326.371572201296,405.434565129822,60
"4647",2037,373.984804952946,334.227988812669,426.777255823044,60
"4647",2038,387.470032679797,342.818936377156,450.552919437301,60
"4647",2039,403.020036890354,352.707605922754,478.797873589385,60
"4647",2040,417.126062313125,361.577813556055,504.24037396267,60
"4647",2041,432.391651513521,371.198903862617,532.235925768913,60
"4647",2042,448.034903208006,381.055277976693,560.866448843465,60
"4647",2043,465.412024463377,392.034342868549,593.348729687884,60
"4647",2044,484.097743974955,403.852214504066,628.869186966185,60
"4647",2045,502.268855560469,415.305454937654,663.575871844399,60
"4647",2046,518.846551306349,425.698033766807,695.022164387507,60
"4647",2047,536.5772626542,436.824932794082,729.17598026888,60
"4647",2048,554.345408874017,447.9525757248,763.630796446249,60
"4647",2049,573.322475921364,459.844609043085,800.997073803193,60
"4647",2050,593.429802757795,472.441724169553,841.183685345558,60
"4648",2026,90.3410622799719,89.7857750731798,91.1385422774862,60
"4648",2027,90.7339239418064,89.9396680434418,92.0942112644294,60
"4648",2028,91.0007947886072,89.9915896953361,92.8510462568002,60
"4648",2029,91.5399685330609,90.2999580466827,94.1345635346059,60
"4648",2030,92.4278745831952,90.8590659679579,96.1030467019044,60
"4648",2031,93.4323229482256,91.5074706925776,98.329002190373,60
"4648",2032,94.5945420435772,92.2689770955517,100.898801663581,60
"4648",2033,95.756022490605,92.9282016958149,103.503772692392,60
"4648",2034,97.4398146053784,93.9319804532221,107.195973441546,60
"4648",2035,98.6866458129395,94.6324565050969,110.048329496817,60
"4648",2036,100.743950582483,95.871932786206,114.591827865349,60
"4648",2037,102.759352004957,97.0754035701507,119.100812189699,60
"4648",2038,105.141174870388,98.5060816738572,124.463578570206,60
"4648",2039,107.698064321611,100.043950695569,130.261781095695,60
"4648",2040,109.609640295212,101.147676992127,134.717606778718,60
"4648",2041,112.030247511231,102.575092335907,140.337412106903,60
"4648",2042,114.165798940703,103.80738992595,145.377102869306,60
"4648",2043,115.792945651792,104.702099775943,149.317217942627,60
"4648",2044,119.227150150256,106.756033003807,157.379455440726,60
"4648",2045,121.719395698422,108.183450222248,163.40388767449,60
"4648",2046,124.415235474388,109.739059882301,169.922182558776,60
"4648",2047,127.705995269464,111.663549775872,177.890028576243,60
"4648",2048,130.772757304008,113.433774500374,185.406555905768,60
"4648",2049,134.269839461025,115.455306135037,194.057989453183,60
"4648",2050,135.948626984898,116.32922508345,198.372280097029,60
"4649",2026,137.008629179094,135.954911792602,138.321576276059,60
"4649",2027,138.851813277074,137.47052552839,140.91885403642,60
"4649",2028,141.298729172388,139.601171987585,144.591952601665,60
"4649",2029,143.95898301197,141.846496458314,148.668248303549,60
"4649",2030,146.901131138373,144.21672804027,153.279403618945,60
"4649",2031,149.94925584312,146.576835588073,158.108677364179,60
"4649",2032,153.348001206713,149.161576797937,163.613082183066,60
"4649",2033,157.986724603194,152.585333109529,171.513114706035,60
"4649",2034,162.365318997112,155.82004770842,178.985293297208,60
"4649",2035,167.831388349852,159.781489721544,188.638293680273,60
"4649",2036,172.484734261171,163.182938778749,196.761881130045,60
"4649",2037,178.291639918101,167.346331851973,207.25396816927,60
"4649",2038,185.332018639994,172.306154495444,220.473301994154,60
"4649",2039,192.253937613433,177.171159546621,233.630304643151,60
"4649",2040,199.656153641473,182.325807596421,247.973203331651,60
"4649",2041,206.203277290656,186.908611236788,260.562889681006,60
"4649",2042,213.835858033097,192.172686067085,275.671055958073,60
"4649",2043,222.2684396796,197.928562979565,292.723963008671,60
"4649",2044,230.439716619371,203.497484936418,309.33017397477,60
"4649",2045,238.788710196833,209.146747256703,326.533384287159,60
"4649",2046,247.94937194236,215.284897565027,345.793207412396,60
"4649",2047,256.148366419899,220.791124734522,362.955048255166,60
"4649",2048,264.463694779999,226.341863022773,380.55471726959,60
"4649",2049,273.488016587189,232.304975976608,400.036116893063,60
"4649",2050,283.523534323314,238.875391276306,422.134256350794,60
"4650",2026,91.5536973426393,91.3285578819323,92.4062642092641,60
"4650",2027,91.5937906648947,91.2150490270189,92.9372876863295,60
"4650",2028,91.9529065674449,91.3175037437692,94.0554230310061,60
"4650",2029,92.346934649436,91.4395508683584,95.2550830136854,60
"4650",2030,93.1095981204173,91.8078207800948,97.1216167856654,60
"4650",2031,94.0147106274281,92.3029055948045,99.2760755243359,60
"4650",2032,95.2756563481609,93.0597592993916,102.176076957488,60
"4650",2033,96.8871418713192,94.0628802064996,105.80793735115,60
"4650",2034,98.4653832333411,95.0351226518066,109.421214205528,60
"4650",2035,100.917855744002,96.6220797796854,114.870915315075,60
"4650",2036,102.519311360195,97.5963526396942,118.625560233966,60
"4650",2037,105.486743525106,99.522698990165,125.316557643599,60
"4650",2038,107.708232426159,100.916662609953,130.488823221147,60
"4650",2039,110.249386938899,102.521231610543,136.425100773782,60
"4650",2040,113.704722208771,104.745575048947,144.468582471434,60
"4650",2041,115.697105683504,105.952585590044,149.307050683896,60
"4650",2042,118.121411920714,107.447683925877,155.166385616774,60
"4650",2043,120.605787747629,108.973949656677,161.219091116607,60
"4650",2044,123.241519083364,110.600055469837,167.648088565852,60
"4650",2045,126.468445152795,112.617010740463,175.517242816169,60
"4650",2046,128.31956531453,113.693177499046,180.218196838365,60
"4650",2047,130.703679189229,115.121005822372,186.217051359244,60
"4650",2048,132.401529405758,116.08318238872,190.608966534718,60
"4650",2049,134.161738923384,117.078140686544,195.192485650055,60
"4650",2050,138.263067735821,119.645607506845,205.380374315182,60
"4651",2026,100.171158638917,99.2810275288551,100.834796162165,60
"4651",2027,100.764585020103,99.5245775640614,101.76562506692,60
"4651",2028,101.682800612964,100.050112228992,103.19902059123,60
"4651",2029,102.761533473413,100.653446509804,104.92381471094,60
"4651",2030,104.092243062103,101.439122140683,107.101293053669,60
"4651",2031,105.60538669442,102.354871616562,109.618530578791,60
"4651",2032,107.325484080236,103.421071444038,112.510510038189,60
"4651",2033,109.635836160683,104.893084283157,116.468691714262,60
"4651",2034,111.831113198543,106.21228302136,120.261406351317,60
"4651",2035,114.194725125619,107.635621075321,124.428128229041,60
"4651",2036,117.029426889792,109.361377054671,129.511735388246,60
"4651",2037,120.723074245946,111.631055551025,136.369071056681,60
"4651",2038,123.99389853422,113.619256951763,142.469957899663,60
"4651",2039,126.920112086557,115.379953987966,147.927638854311,60
"4651",2040,130.406426662296,117.491278983717,154.547347754105,60
"4651",2041,133.982013325207,119.648411290461,161.406646400171,60
"4651",2042,138.617905683488,122.464230829391,170.512330592732,60
"4651",2043,142.841990066916,125.010024907668,178.839548521617,60
"4651",2044,146.332501151283,127.086587535629,185.681398498,60
"4651",2045,150.82759140417,129.780577450924,194.70331720586,60
"4651",2046,154.533236204657,131.977827272278,202.080132084794,60
"4651",2047,160.328376636698,135.449900870741,214.069698762573,60
"4651",2048,165.155741728533,138.309580966744,224.05201606587,60
"4651",2049,169.870719353069,141.085651082192,233.868498285291,60
"4651",2050,175.660272517523,144.504295303367,246.167009413445,60
"5001",2026,2188.77702341314,2174.04162860394,2202.84234404824,60
"5001",2027,2213.52383584916,2193.40042901244,2236.20961523367,60
"5001",2028,2242.22990166125,2214.92377193527,2275.5854415154,60
"5001",2029,2275.74037193272,2239.50539503139,2322.68462056659,60
"5001",2030,2314.01382109684,2267.5326397898,2377.45601116708,60
"5001",2031,2356.37965581485,2299.115513637,2438.83227720982,60
"5001",2032,2405.19649659323,2337.19596951229,2511.16674535614,60
"5001",2033,2458.14655226394,2378.31928166431,2590.49845150894,60
"5001",2034,2516.3686594727,2422.89580476237,2678.99999475663,60
"5001",2035,2578.386180451,2470.41972721679,2774.13209069779,60
"5001",2036,2644.79045591121,2521.23634058639,2877.0737273895,60
"5001",2037,2716.90830026075,2576.19808948938,2990.50984555644,60
"5001",2038,2792.00398687567,2633.38573055507,3109.54190202137,60
"5001",2039,2872.76345105238,2694.73501794232,3239.35517209372,60
"5001",2040,2954.41912588122,2755.41604040818,3370.97454752167,60
"5001",2041,3039.26060225828,2818.11551887763,3508.8009353232,60
"5001",2042,3129.23414177004,2884.26749916276,3656.69817559267,60
"5001",2043,3222.96696697156,2952.93874630105,3812.16870052065,60
"5001",2044,3324.51598425358,3026.79526142642,3983.30530489897,60
"5001",2045,3427.13010396128,3101.36164419979,4156.8552491642,60
"5001",2046,3534.18779519509,3178.85278159278,4339.59432198012,60
"5001",2047,3645.72562863187,3259.27774619798,4531.70229265887,60
"5001",2048,3759.48588099649,3341.1439946621,4728.69388729129,60
"5001",2049,3887.24399453907,3432.0851465478,4954.87055753946,60
"5001",2050,4016.75318184033,3524.10231651723,5185.36192334499,60
"5006",2026,388.05206809011,386.07496540365,391.123169194461,60
"5006",2027,392.662653571123,389.513709521512,397.741847855622,60
"5006",2028,398.000061462821,393.412527099012,405.637279566989,60
"5006",2029,404.380747662274,397.887625495549,415.391736068307,60
"5006",2030,411.320370163092,403.014269362702,426.189781252645,60
"5006",2031,419.761396832594,409.483253299549,439.749261469952,60
"5006",2032,428.689675421259,416.330945175876,454.398866372788,60
"5006",2033,438.563456225562,423.883909754161,471.015794776746,60
"5006",2034,449.637967839433,432.299144707339,490.053539207549,60
"5006",2035,461.375524721546,440.737864120133,510.528116253328,60
"5006",2036,474.931813402385,450.380421454881,534.749286790377,60
"5006",2037,488.036845398894,459.692244990812,558.249328267731,60
"5006",2038,500.936267647288,468.838197127213,581.491805911477,60
"5006",2039,514.82445976249,478.614936911837,606.904554697654,60
"5006",2040,530.016711582234,489.22346750518,635.193242131998,60
"5006",2041,545.671048301131,500.101953954522,664.650803175541,60
"5006",2042,561.964082735195,511.363552446742,695.66752088685,60
"5006",2043,577.234625852116,521.928098137941,724.676897806903,60
"5006",2044,592.883805707191,532.70789917177,754.66734425194,60
"5006",2045,610.372217177058,544.645404915209,788.843649857122,60
"5006",2046,628.119663687524,556.715719902531,823.809861473146,60
"5006",2047,646.717666541229,569.292369316324,860.897264868692,60
"5006",2048,664.067816621038,581.033192775048,895.409230299201,60
"5006",2049,681.362600062659,592.707046868225,929.971927623178,60
"5006",2050,701.361473082397,606.064653857499,970.879158116969,60
"5007",2026,225.384638510236,223.9354316797,227.302362251844,60
"5007",2027,228.457122863513,226.340136066533,231.632017342156,60
"5007",2028,231.917832174807,229.041154888426,236.682079930121,60
"5007",2029,235.960176145075,232.200435736074,242.814063008172,60
"5007",2030,240.405927239233,235.670123240341,249.725548327301,60
"5007",2031,245.714300374712,239.473379359313,258.28813609055,60
"5007",2032,251.962205967826,243.848969194571,268.679689838523,60
"5007",2033,258.05392236822,248.111924062274,278.811121070632,60
"5007",2034,264.824467279716,252.779669514233,290.374257329259,60
"5007",2035,271.950565475808,257.653236861408,302.708861440398,60
"5007",2036,280.552636888621,263.410674511415,318.076429523944,60
"5007",2037,289.643698519126,269.44148490379,334.570247745308,60
"5007",2038,299.054225514274,275.634915368723,351.876539256249,60
"5007",2039,307.888219695908,281.466334300642,368.096098917226,60
"5007",2040,317.061257091804,287.474906211443,385.142657113641,60
"5007",2041,327.488819286794,294.200142151883,404.980902771702,60
"5007",2042,337.984402392155,300.938839015578,425.112766695519,60
"5007",2043,349.339300783233,308.15126822054,447.267477641004,60
"5007",2044,359.180897055955,314.453959489264,466.25082173126,60
"5007",2045,370.490968572993,321.580921906784,488.611894302674,60
"5007",2046,380.715677851651,328.057111651501,508.677162234054,60
"5007",2047,392.451142178243,335.366869328772,532.296826224547,60
"5007",2048,405.354662792362,343.318035925274,558.726583206487,60
"5007",2049,416.801461846891,350.401584497159,582.008865119056,60
"5007",2050,428.493049122308,357.602328168696,605.97306823799,60
"5014",2026,91.8623642361328,91.3732085373446,92.4798264816534,60
"5014",2027,92.4064716978908,91.709341854438,93.3298214184351,60
"5014",2028,93.2042841675451,92.2600580878109,94.5694475755054,60
"5014",2029,94.0784265983007,92.8770070344554,95.9034213372978,60
"5014",2030,95.1150177183245,93.6287889954576,97.481707988713,60
"5014",2031,96.3016183152227,94.5622387541126,99.2876094112201,60
"5014",2032,97.6243554250331,95.6898933295933,101.297643151656,60
"5014",2033,99.4573585973947,97.3118092558187,104.164776125301,60
"5014",2034,101.596463110767,98.9989095400502,107.555712371444,60
"5014",2035,103.746344436039,100.631323227678,110.951313490158,60
"5014",2036,105.609849027698,102.075352242114,113.81552945704,60
"5014",2037,108.132961860945,103.984442729563,117.840110769602,60
"5014",2038,111.09261616543,106.200802625946,122.645063427229,60
"5014",2039,114.603563034063,108.799048920132,128.460965782682,60
"5014",2040,117.762619305704,111.158926625005,133.639024536179,60
"5014",2041,120.594160246542,113.30310136746,138.196168097105,60
"5014",2042,124.245099991016,116.003118068972,144.292138974723,60
"5014",2043,129.25647780857,119.622315416403,152.978825498739,60
"5014",2044,134.26520697264,123.230997424415,161.723376567976,60
"5014",2045,138.463089389181,126.299589710742,168.918041367593,60
"5014",2046,143.192281367885,129.721065342374,177.166685381801,60
"5014",2047,148.885484451757,133.770301393392,187.442894565047,60
"5014",2048,154.513710311667,137.771314658704,197.68289163739,60
"5014",2049,161.008493265548,142.330859679358,209.775826693903,60
"5014",2050,166.56136209434,146.272375994399,219.958105277156,60
"5020",2026,21.4349252831362,21.36466148237,21.5250552503135,60
"5020",2027,21.7766157660323,21.6332870166185,22.030611445685,60
"5020",2028,22.1470262218567,21.9002861825983,22.594380978061,60
"5020",2029,22.6816330514629,22.2632762906363,23.462661560938,60
"5020",2030,23.2016555482664,22.6148218978346,24.31894846587,60
"5020",2031,23.7984666265802,23.0088883834193,25.3330324008441,60
"5020",2032,24.6316523755323,23.5356192694709,26.8241275852007,60
"5020",2033,25.2082712603297,23.9175190160175,27.811021499776,60
"5020",2034,26.2999438758965,24.5825806750328,29.8657874165062,60
"5020",2035,26.9950936744287,25.0232035687626,31.1228901512668,60
"5020",2036,28.0744848430187,25.7209692874935,33.2169629507363,60
"5020",2037,29.2642572213116,26.5818342228321,35.5651122017889,60
"5020",2038,30.8115992236644,27.7164102535096,38.7654462279262,60
"5020",2039,31.3684114553948,28.0836313950153,39.7667410142207,60
"5020",2040,32.3233723857012,28.7560368068349,41.6976187582179,60
"5020",2041,34.4777999211026,30.3337459639809,46.4385460407812,60
"5020",2042,35.3897059712733,30.9682945935618,48.2894044138109,60
"5020",2043,35.9168417175055,31.3093872764743,49.2653996191603,60
"5020",2044,37.6937091897392,32.5928288421471,53.2052914082324,60
"5020",2045,38.8081946182859,33.3734944853631,55.6159475867763,60
"5020",2046,40.3532737360002,34.4795338547291,59.066000227837,60
"5020",2047,40.8793282438807,34.8167709977278,60.0589700884083,60
"5020",2048,42.3121841501864,35.8366808907614,63.2640141018936,60
"5020",2049,43.6847494759132,36.7752149850276,66.3416129878999,60
"5020",2050,44.921305922395,37.5859325453846,69.0948737104699,60
"5021",2026,124.780365096393,123.742339487484,125.813883181854,60
"5021",2027,125.859581853012,124.370925304497,127.56670030296,60
"5021",2028,127.310838802012,125.145800426443,129.983933485416,60
"5021",2029,129.101860035658,126.118553037336,133.019049674952,60
"5021",2030,130.922062155176,127.105824247805,136.122652870397,60
"5021",2031,133.714317770363,128.646414421352,141.041011522762,60
"5021",2032,136.42289377399,130.133002336295,145.846523404242,60
"5021",2033,139.459042763615,131.796996554956,151.312790615214,60
"5021",2034,143.325615947043,133.916743993003,158.434237965319,60
"5021",2035,146.976225672947,135.900863422246,165.197006189607,60
"5021",2036,151.221388790272,138.191334399647,173.206781145034,60
"5021",2037,155.77043599504,140.639128288947,181.887422520912,60
"5021",2038,161.102483915983,143.483358221414,192.281555961407,60
"5021",2039,166.116571322833,146.146647983986,202.096074640425,60
"5021",2040,169.997175727569,148.204086536583,209.567142127718,60
"5021",2041,175.756119917142,151.234457462874,221.088396080095,60
"5021",2042,181.179030478158,154.079478851001,231.958214030937,60
"5021",2043,187.045657348154,157.136717677034,243.878698919525,60
"5021",2044,193.153094884888,160.312831116331,256.383931558687,60
"5021",2045,198.299922727383,162.978332580856,266.840877419537,60
"5021",2046,204.259714604246,166.277287205149,279.144357685362,60
"5021",2047,211.119567857622,170.19200544468,293.603004223663,60
"5021",2048,217.844501914577,174.014306635275,307.837029834402,60
"5021",2049,225.800289990143,178.585178390364,325.014084999939,60
"5021",2050,233.683369815533,183.087963704493,342.200224819,60
"5022",2026,41.6199836947107,41.3891614292654,41.9307388821785,60
"5022",2027,41.9443794232399,41.6187523581466,42.4383887900708,60
"5022",2028,42.4213915498383,41.9642313372408,43.2141270073106,60
"5022",2029,43.2389914377258,42.5617113510174,44.6024992822978,60
"5022",2030,43.9034734952282,43.0391106823543,45.7260247158055,60
"5022",2031,44.9268851463722,43.757136614967,47.5224251485985,60
"5022",2032,45.824654467502,44.3804815937638,49.0970273137284,60
"5022",2033,47.0017300567315,45.1912241239615,51.2167863076108,60
"5022",2034,48.3343695068529,46.1013617992349,53.6701300095108,60
"5022",2035,49.6339084878855,46.9864688952458,56.0986593848793,60
"5022",2036,51.7073670167227,48.3781908249063,60.1567862602686,60
"5022",2037,53.1131877247832,49.3238677547115,62.8655645905416,60
"5022",2038,54.226895144153,50.0742775486788,64.9743890926768,60
"5022",2039,55.7757639256323,51.1021399237949,68.0391020313331,60
"5022",2040,57.6858356840623,52.3634640087803,71.9002681759859,60
"5022",2041,58.9710892459394,53.2152833515152,74.4268695147933,60
"5022",2042,61.498246931583,54.8590688047392,79.7362042615156,60
"5022",2043,63.6433341579783,56.2520138828188,84.2424633093467,60
"5022",2044,63.9814465628781,56.5011171739647,84.6331145576989,60
"5022",2045,66.2751119476233,57.9841895205731,89.5004505830805,60
"5022",2046,67.7716442845009,58.9651294966549,92.5429644258432,60
"5022",2047,70.1841486566781,60.5149090198826,97.7446549330958,60
"5022",2048,71.1957567067561,61.1877163846728,99.6770455694881,60
"5022",2049,72.5662059742667,62.0848848649084,102.450386093514,60
"5022",2050,75.7672656253465,64.1257661142408,109.543311551879,60
"5025",2026,80.3956708184917,80.1414216286359,81.0391214460192,60
"5025",2027,80.7757912639069,80.3688629771088,81.8192603614484,60
"5025",2028,81.2941175929665,80.6997689586079,82.8367357290197,60
"5025",2029,82.0609201750155,81.209843355162,84.2966783649219,60
"5025",2030,83.0987853059624,81.9097468350764,86.2529657697344,60
"5025",2031,84.2839073938143,82.7127714048411,88.4967068935058,60
"5025",2032,85.6509000890322,83.6431294455145,91.0981458160039,60
"5025",2033,87.1218539319214,84.6464879442926,93.906535847694,60
"5025",2034,88.8598399739975,85.832310942961,97.2507721457815,60
"5025",2035,91.1037573491813,87.3598702345575,101.628671462281,60
"5025",2036,93.2379689455185,88.811669268758,105.811154457293,60
"5025",2037,95.4778989023341,90.3298681325119,110.241845090524,60
"5025",2038,97.5340912377896,91.7254167172573,114.301983839738,60
"5025",2039,100.199188304047,93.5212646494848,119.671210937765,60
"5025",2040,103.262255545898,95.5777383178297,125.921649462947,60
"5025",2041,105.541260029044,97.1096517894358,130.528628866958,60
"5025",2042,108.072537018745,98.8074537680086,135.690292804608,60
"5025",2043,111.02230791343,100.774909976199,141.796161807689,60
"5025",2044,113.803871434464,102.627330786555,147.563834233167,60
"5025",2045,118.130550365161,105.479141228268,156.823280227584,60
"5025",2046,120.482695176258,107.046129517665,161.677907269002,60
"5025",2047,124.23332315719,109.513394604051,169.729127410257,60
"5025",2048,126.885346280836,111.267840183501,175.301914186912,60
"5025",2049,130.99590321509,113.954676480486,184.264572621867,60
"5025",2050,134.679515208132,116.359264345772,192.295269142115,60
"5026",2026,35.694546264289,35.3316103636236,36.2215140423599,60
"5026",2027,35.9980324913584,35.4810650982793,36.768685540324,60
"5026",2028,36.5591298841741,35.7710001136686,37.8034649752249,60
"5026",2029,37.1489870648228,36.1385258642413,38.9152138463498,60
"5026",2030,37.7637483276877,36.5230018448345,40.0916751688471,60
"5026",2031,38.705654657656,37.1215134633428,41.9465175806643,60
"5026",2032,39.3168797172373,37.4755271559028,43.1400050885908,60
"5026",2033,40.3235091248679,38.0857650606337,45.1685905252446,60
"5026",2034,41.3505094778744,38.7071702901925,47.2586601032322,60
"5026",2035,42.3304689789042,39.2944564518482,49.2697272592008,60
"5026",2036,43.0132677395181,39.6863831996704,50.654880228992,60
"5026",2037,44.5168018834786,40.6092765006796,53.8256869744144,60
"5026",2038,45.4416233439975,41.1596021688083,55.735539173076,60
"5026",2039,46.5029645970077,41.7923391699757,57.9716558221013,60
"5026",2040,47.4346089984499,42.3441429151721,59.9123323504784,60
"5026",2041,48.7381309224106,43.1315835838483,62.6992195268285,60
"5026",2042,49.6688689814871,43.6756460165837,64.6715797842034,60
"5026",2043,50.5758083851031,44.2077599010362,66.5771995901397,60
"5026",2044,52.9134176110757,45.637002944841,71.8155893189384,60
"5026",2045,54.4968880481727,46.5851392994067,75.3514111747004,60
"5026",2046,55.8443169874554,47.3825308863921,78.3506489275583,60
"5026",2047,56.8348047393436,47.954988830131,80.512898538623,60
"5026",2048,58.233834006565,48.7740972204052,83.688348223028,60
"5026",2049,60.2676966576203,49.9839183762471,88.4199052704085,60
"5026",2050,61.9058499103585,50.9439370830061,92.2264897136857,60
"5027",2026,98.659779738015,98.3471203290603,99.2303661656273,60
"5027",2027,99.1369577886781,98.6524202500235,100.061564693398,60
"5027",2028,99.7285785688093,99.0457420849977,101.076570307498,60
"5027",2029,100.585699744774,99.6321992931899,102.549444303558,60
"5027",2030,101.746624380457,100.437683682874,104.557824107391,60
"5027",2031,102.950416554242,101.276505255948,106.64132395676,60
"5027",2032,104.626452486452,102.447293554423,109.592721289179,60
"5027",2033,106.071942385174,103.459734156039,112.119972156226,60
"5027",2034,107.829774124898,104.690286012826,115.233224383959,60
"5027",2035,109.974800193229,106.189924987097,119.084263256916,60
"5027",2036,112.481181995778,107.9335496509,123.657154347447,60
"5027",2037,115.24004019302,109.851155882864,128.736385335644,60
"5027",2038,117.266274490909,111.269022620977,132.392843065753,60
"5027",2039,119.790657610363,113.026447541474,137.035835352803,60
"5027",2040,123.134988772851,115.336262650509,143.33861569814,60
"5027",2041,126.646132488369,117.75273610336,150.023043394663,60
"5027",2042,129.654409691131,119.834101609119,155.691877320156,60
"5027",2043,133.386123164389,122.392437964744,162.889371999988,60
"5027",2044,137.035537710473,124.895562218933,169.938035007128,60
"5027",2045,141.233124323006,127.754197324779,178.189096406619,60
"5027",2046,146.565671430185,131.346361421879,188.95026445089,60
"5027",2047,150.797356145042,134.211054607798,197.395267284795,60
"5027",2048,155.745424013416,137.537787415402,207.450279977624,60
"5027",2049,160.059864962613,140.441583036315,216.176384824982,60
"5027",2050,166.280685295064,144.561086694344,229.252546719074,60
"5028",2026,199.726888888826,199.255763393977,200.822013506815,60
"5028",2027,200.368379827194,199.664789975436,202.02865390439,60
"5028",2028,201.576854789859,200.505885399352,204.182799888103,60
"5028",2029,203.350954984919,201.77533667904,207.233369802334,60
"5028",2030,205.209927579975,203.127300209172,210.324327512157,60
"5028",2031,207.604679946331,204.882003001948,214.277831930465,60
"5028",2032,210.062366915621,206.701059215795,218.297599210036,60
"5028",2033,213.030602566033,208.897808241144,223.233465420718,60
"5028",2034,217.203814421099,211.956654781746,230.396979166226,60
"5028",2035,220.786781159649,214.621162886007,236.429648861379,60
"5028",2036,225.224006496468,217.896429922646,244.032680898929,60
"5028",2037,228.933988475324,220.688589369874,250.206250524887,60
"5028",2038,234.271369745211,224.61844094795,259.460292034515,60
"5028",2039,239.908381627391,228.765171458179,269.286046651872,60
"5028",2040,245.377968604282,232.811044524747,278.764181633466,60
"5028",2041,251.504996840688,237.313984401463,289.528429286777,60
"5028",2042,257.12562614607,241.483366258081,299.27199742558,60
"5028",2043,264.395855523838,246.776168799883,312.315669685846,60
"5028",2044,272.361767613328,252.538359736846,326.80376920542,60
"5028",2045,280.042890420358,258.108107145461,340.753053634114,60
"5028",2046,288.269094817284,264.041318210725,355.863011229141,60
"5028",2047,296.886572709289,270.231631042021,371.836617811349,60
"5028",2048,306.114515182624,276.81767159119,389.166296302395,60
"5028",2049,316.94090554358,284.449342537019,409.983029119453,60
"5028",2050,327.657052530801,291.991764246974,430.694932997515,60
"5029",2026,71.867078907764,71.6698414007618,72.2129712663026,60
"5029",2027,72.4427972470445,72.1486339203212,72.9841754028653,60
"5029",2028,73.195269454948,72.7672361595675,73.9929084270916,60
"5029",2029,74.0696585712406,73.4906756953743,75.1589605454528,60
"5029",2030,75.2356663777826,74.4436557712005,76.7497108793856,60
"5029",2031,76.4560444158592,75.449378987294,78.4130302610648,60
"5029",2032,77.9826059458862,76.6835810981195,80.5517646003058,60
"5029",2033,79.6588228947896,78.0361085120993,82.9253409460161,60
"5029",2034,81.4000689143899,79.4472657621989,85.3830774979749,60
"5029",2035,83.7308823781912,81.2895175302084,88.8607704438405,60
"5029",2036,85.9948462828049,83.095775094275,92.2004978590493,60
"5029",2037,88.2136528462806,84.8826964113386,95.4354949486653,60
"5029",2038,90.9925128478463,87.0693149740472,99.6493646634843,60
"5029",2039,93.7069408273512,89.2169095456591,103.78613340894,60
"5029",2040,96.9448319357538,91.7310862589358,108.972328649476,60
"5029",2041,100.203880704642,94.2700458599296,114.181127116103,60
"5029",2042,103.4114055209,96.7794374029837,119.279725135349,60
"5029",2043,107.182546219578,99.6780646479604,125.379163928921,60
"5029",2044,111.356599248438,102.851634604946,132.211108642544,60
"5029",2045,115.446999759018,105.969436805219,138.865977152918,60
"5029",2046,119.603181213362,109.133680331153,145.621246236772,60
"5029",2047,124.504583324547,112.794173772646,153.831533940304,60
"5029",2048,129.722401507284,116.65881070914,162.699494592606,60
"5029",2049,134.644234789312,120.32540836763,171.059180275928,60
"5029",2050,140.584501908155,124.655643019227,181.653899881879,60
"5031",2026,118.122820420659,117.753567406731,119.017091589354,60
"5031",2027,119.394507654911,118.778090464634,120.785119774854,60
"5031",2028,120.846698159738,119.94535092854,122.890487013988,60
"5031",2029,122.63403586612,121.357320759433,125.531850731896,60
"5031",2030,124.73225613698,123.00014499601,128.55417672367,60
"5031",2031,127.281648051297,125.011495439771,132.299635000089,60
"5031",2032,130.069051518168,127.207199303241,136.58389832583,60
"5031",2033,132.956906037625,129.48909217702,141.017226130401,60
"5031",2034,136.157035530648,132.005798286093,145.997860429677,60
"5031",2035,139.845316509453,134.879550016865,151.868261472429,60
"5031",2036,144.070235817837,138.140909674593,158.743024035061,60
"5031",2037,148.5266916696,141.574817611032,166.049872442921,60
"5031",2038,152.89963648541,144.958879789423,173.183578308479,60
"5031",2039,157.728327299251,148.667581515729,181.200124138503,60
"5031",2040,162.770375527859,152.53186987212,189.630300575844,60
"5031",2041,168.636406098809,156.965527465883,199.72923895559,60
"5031",2042,174.632659771792,161.492580651861,210.107392029222,60
"5031",2043,180.678021335471,166.055813342597,220.602398056753,60
"5031",2044,186.809991783354,170.678060339311,231.298491389921,60
"5031",2045,194.19737487864,176.14797311683,244.661141857101,60
"5031",2046,202.024289065928,181.902814883186,259.044065138031,60
"5031",2047,209.641453933358,187.509017545351,273.051938718451,60
"5031",2048,217.069076015259,192.981380935639,286.710720291164,60
"5031",2049,225.306674277105,198.965858920608,302.221662387987,60
"5031",2050,235.652590062831,206.277486315913,322.542651363352,60
"5032",2026,49.2948976966205,49.1420063853395,49.8740554476213,60
"5032",2027,49.5099615352867,49.28010050091,50.3866476175658,60
"5032",2028,49.917015804246,49.5713463737156,51.2534644146607,60
"5032",2029,50.4020913786461,49.9247316137268,52.2685457441574,60
"5032",2030,50.9048092659215,50.2756658956495,53.3159715053361,60
"5032",2031,51.6729196031767,50.791699561641,54.8169936272909,60
"5032",2032,52.4850618760381,51.3374623001526,56.35196687916,60
"5032",2033,53.4771984106651,51.9997769091908,58.2022802948187,60
"5032",2034,54.5187473230791,52.6964565295359,60.1391490492641,60
"5032",2035,55.6955766763891,53.4757603281959,62.3218610497257,60
"5032",2036,56.8114902905116,54.2163190133642,64.3966797273696,60
"5032",2037,58.4307166722718,55.264825176518,67.3908203805309,60
"5032",2038,60.1656375939629,56.3826165183998,70.6147729310405,60
"5032",2039,61.7565623549042,57.4101590737996,73.5969035343961,60
"5032",2040,63.368093264732,58.4476788568831,76.6291221194105,60
"5032",2041,64.973434524342,59.4877640540403,79.7438690856174,60
"5032",2042,67.332948320862,61.0485899524579,84.5254817884721,60
"5032",2043,69.1498442305904,62.2529035125578,88.1699099177464,60
"5032",2044,71.3703644058966,63.7173590235253,92.7059847270897,60
"5032",2045,73.9331562395002,65.3996407054797,98.0224523538904,60
"5032",2046,76.2292196031739,66.9021400796175,102.796231077834,60
"5032",2047,78.8878435046146,68.6332530697272,108.411979237137,60
"5032",2048,81.5393774830605,70.3530906694943,114.05686341385,60
"5032",2049,84.3125792031826,72.146893302832,120.011315708301,60
"5032",2050,87.2704067746249,74.0443680656806,126.465307438615,60
"5033",2026,13.193065121436,13.1233200844792,13.3985289391746,60
"5033",2027,13.2341601789246,13.1468662303601,13.4949180062979,60
"5033",2028,13.3157240229925,13.1976088834905,13.6651154944031,60
"5033",2029,13.4997000362453,13.3201739399623,14.0149488411462,60
"5033",2030,13.6838985509817,13.4405993026834,14.3661005286507,60
"5033",2031,13.8290387564729,13.5345076153955,14.6488866045835,60
"5033",2032,13.9599038514948,13.6181279987924,14.9078787797938,60
"5033",2033,14.1469760162678,13.7379069123098,15.2718351337338,60
"5033",2034,14.4495159336004,13.9374878221118,15.8395288393594,60
"5033",2035,14.9645862734504,14.2813269338353,16.7809985012852,60
"5033",2036,15.0975695933739,14.364671058996,17.0459559589475,60
"5033",2037,15.1685263704555,14.4088080679505,17.1885889616746,60
"5033",2038,15.7106719863152,14.768609051434,18.2191555013034,60
"5033",2039,16.5467487507299,15.3195232980863,19.8995581614389,60
"5033",2040,17.1506568851768,15.7140846487017,21.1552132266119,60
"5033",2041,17.3911504981277,15.8672188881146,21.6411516321997,60
"5033",2042,17.7991651752331,16.1330370993469,22.479548873445,60
"5033",2043,18.3451689516606,16.4829447913881,23.6444992177704,60
"5033",2044,19.4204311354301,17.1746543230908,26.0055629341777,60
"5033",2045,20.680456525385,17.9709129681575,28.8814974845299,60
"5033",2046,21.0886253244088,18.2280968177883,29.7673080338747,60
"5033",2047,22.5167389958356,19.1125884636266,33.1683534136848,60
"5033",2048,22.7964855529812,19.288553470652,33.7472269434494,60
"5033",2049,23.442059508396,19.6828725563188,35.2662616590402,60
"5033",2050,24.9147325720569,20.5811510319825,38.8975873520041,60
"5034",2026,33.0579954959063,32.7587141372092,33.6895035608915,60
"5034",2027,33.619236706106,33.1862269161822,34.5845038754703,60
"5034",2028,34.3566913163512,33.7644700089304,35.7739005815954,60
"5034",2029,35.0988354085923,34.3470784159955,36.9673976021987,60
"5034",2030,36.0251597515078,35.0861308309528,38.4791102217752,60
"5034",2031,36.7736636662615,35.6769894532657,39.66478122674,60
"5034",2032,38.0227806088229,36.6891854680712,41.7464863219835,60
"5034",2033,39.2252844742038,37.6623801474306,43.7474349726335,60
"5034",2034,40.744631693778,38.9011092624831,46.4035989310571,60
"5034",2035,41.8956588462307,39.8332315103989,48.3339907840167,60
"5034",2036,44.1301539763948,41.6665058169997,52.4700938720839,60
"5034",2037,45.5535825100711,42.7648308976065,54.9611224451004,60
"5034",2038,47.2106077413504,44.0184793200981,57.9309658558374,60
"5034",2039,49.6787693655723,45.7937591576217,62.6378724521309,60
"5034",2040,50.5822408640182,46.5580585990118,64.0239963656485,60
"5034",2041,53.300827220986,48.4944028794088,69.2092359320344,60
"5034",2042,55.6389368447685,50.1693511681903,73.6164372612667,60
"5034",2043,57.6299083673227,51.6234616153225,77.3070684651607,60
"5034",2044,59.6979746688037,53.1222476742039,81.177327275371,60
"5034",2045,61.7065870677791,54.5853993056377,84.920472976475,60
"5034",2046,64.5167762963327,56.5447987879262,90.4096897564966,60
"5034",2047,67.3644946373559,58.5194076545925,96.0235834992732,60
"5034",2048,68.870893354599,59.6721770039142,98.6795950399982,60
"5034",2049,72.028018942875,61.8358090840498,104.998815799266,60
"5034",2050,73.9532634664783,63.2413754518068,108.597804940514,60
"5035",2026,375.721344651058,372.821633774733,378.127740390051,60
"5035",2027,378.036553302924,374.17812902385,382.081701164684,60
"5035",2028,381.248625288201,376.319961453915,387.502355855387,60
"5035",2029,385.187849924443,378.831929951667,394.247556356454,60
"5035",2030,389.864568138231,381.910587204088,402.219349419492,60
"5035",2031,395.579187147253,385.658076584806,412.006922809923,60
"5035",2032,402.305371336051,389.758610481345,423.61955798284,60
"5035",2033,409.681477582809,394.751553905087,436.403234777984,60
"5035",2034,418.109334381137,400.784137898371,451.141581908454,60
"5035",2035,427.503445253679,407.595953452048,467.706465667104,60
"5035",2036,437.98985495001,415.278609089115,486.371232646823,60
"5035",2037,448.995353510237,423.318756121529,506.045440289944,60
"5035",2038,460.942751245884,432.098391744538,527.593891007181,60
"5035",2039,473.804512567163,441.593624723544,550.994433462396,60
"5035",2040,487.535546736485,451.765575223647,576.19694560418,60
"5035",2041,501.659985364745,462.248474819362,602.229433187561,60
"5035",2042,516.493004245529,473.281255574358,629.767834060782,60
"5035",2043,533.102988563145,485.678353683911,661.10754016994,60
"5035",2044,550.259451936617,497.770597490964,693.696432904671,60
"5035",2045,568.269033509275,510.340155201715,728.228884020326,60
"5035",2046,588.25030689408,524.181808860044,767.198370564682,60
"5035",2047,607.240492696105,537.368095420148,804.143993831643,60
"5035",2048,630.201592460317,553.092385396418,850.124310129093,60
"5035",2049,653.288453373417,568.866633335406,896.66870500226,60
"5035",2050,678.087094368502,585.701167030634,947.403284752805,60
"5036",2026,44.8726237893294,44.0434957083151,45.2405882831734,60
"5036",2027,45.3871144171859,44.1808659226837,45.9986349775264,60
"5036",2028,46.0680885881457,44.4417579753271,47.0473965629348,60
"5036",2029,46.7430850018722,44.7099140935014,48.0746795711403,60
"5036",2030,47.4398831048451,44.9921693443363,49.1326656142791,60
"5036",2031,48.7258318804974,45.727674674752,51.2556522873413,60
"5036",2032,49.7969740344418,46.3240538384237,52.9907706577776,60
"5036",2033,50.9212998477118,46.9640862864996,54.8131424700915,60
"5036",2034,52.3562908173718,47.8570733625456,57.2250971058905,60
"5036",2035,53.1853402277327,48.2572745129236,58.4706315809362,60
"5036",2036,55.005219166558,49.4640280448607,61.5861022108499,60
"5036",2037,57.1525720817051,50.9376870521512,65.3354444897348,60
"5036",2038,58.6418086504272,51.8758186535643,67.8241400719201,60
"5036",2039,60.8270724630762,53.3808574314259,71.6777352338075,60
"5036",2040,62.5712004924969,54.5268485499519,74.7104984882073,60
"5036",2041,65.3798872263453,56.4650345680934,79.9877220224549,60
"5036",2042,67.6328937354974,57.8609693682936,84.1249137664197,60
"5036",2043,69.7306615232124,59.1524912014125,87.9647347256166,60
"5036",2044,72.5052459765745,60.875512341349,93.2665125469862,60
"5036",2045,74.7057398967015,62.2335830139406,97.3392368674008,60
"5036",2046,78.5889462209555,64.6443466681613,105.108721051174,60
"5036",2047,81.9046781887586,66.6868562241739,111.65734460687,60
"5036",2048,84.5280579942995,68.2985829115337,116.694699111732,60
"5036",2049,89.0702273344032,71.0919601071279,126.077444555294,60
"5036",2050,91.279381666939,72.4370082556408,130.261758512951,60
"5037",2026,225.858739604099,224.846587238365,227.285361721904,60
"5037",2027,229.01662073385,227.313768912747,231.541522041128,60
"5037",2028,232.781059001934,230.176555327596,236.778539356067,60
"5037",2029,236.848083752787,233.25085584171,242.493592452955,60
"5037",2030,241.139416893989,236.489442131725,248.550969767802,60
"5037",2031,246.574195929451,240.48168179494,256.584563034382,60
"5037",2032,252.602119575581,245.04449550205,265.655695740683,60
"5037",2033,259.791723916861,250.428162393489,276.823942587041,60
"5037",2034,266.659151335545,255.598445708548,287.402766065108,60
"5037",2035,274.120097973885,261.189906093489,299.067507946293,60
"5037",2036,282.553885839833,267.460888649359,312.547754896322,60
"5037",2037,291.816425248441,274.302567481833,327.62389139818,60
"5037",2038,302.470809280482,282.09288922046,345.417164486033,60
"5037",2039,311.68199749686,288.900759904132,360.471028655393,60
"5037",2040,321.850995327052,296.357543481927,377.471815174574,60
"5037",2041,332.976643956959,304.439443677852,396.435051045416,60
"5037",2042,344.396245672156,312.707023509415,416.054686973812,60
"5037",2043,356.369533128929,321.337529303144,436.859062247176,60
"5037",2044,366.880271333411,328.992606376924,454.732574038736,60
"5037",2045,378.68091329119,337.495751570866,475.296840914641,60
"5037",2046,392.477289885508,347.294407621374,500.110294170586,60
"5037",2047,404.928030833984,356.196870206077,522.207941628026,60
"5037",2048,417.418912832956,365.112706353617,544.468951379746,60
"5037",2049,429.504410028523,373.755270713224,565.928978537539,60
"5037",2050,444.463464389164,384.246352778191,593.637702822385,60
"5038",2026,144.470921652674,144.053801661557,146.573760380393,60
"5038",2027,145.226181589548,144.525529601078,148.596635026382,60
"5038",2028,146.309917549773,145.249852863932,151.240999072696,60
"5038",2029,147.648517114135,146.169775889091,154.378500012609,60
"5038",2030,149.960258638002,147.810807144765,159.430619840707,60
"5038",2031,152.026597135411,149.225086129815,164.038808369158,60
"5038",2032,155.006395792715,151.279860744535,170.526502070883,60
"5038",2033,158.275123652746,153.530425253828,177.675759658012,60
"5038",2034,161.547865141079,155.776600321033,185.058744025484,60
"5038",2035,165.856548093387,158.730957678714,194.825616121914,60
"5038",2036,169.662723294289,161.331812498059,203.539991804518,60
"5038",2037,174.553111413617,164.652510962095,214.854631711658,60
"5038",2038,178.962408667993,167.616666696984,225.14562958909,60
"5038",2039,183.682242858063,170.774983676667,236.262382643435,60
"5038",2040,189.043439783108,174.344107821708,249.025806141221,60
"5038",2041,193.018374986702,176.990195603586,258.486896835769,60
"5038",2042,197.846518882465,180.185937395573,270.107004188974,60
"5038",2043,202.403451336461,183.194105699248,281.122097182824,60
"5038",2044,207.462815312916,186.520657378126,293.45539852804,60
"5038",2045,213.747123725237,190.629339314538,308.980870757806,60
"5038",2046,218.255163782091,193.579765562017,320.050328649975,60
"5038",2047,223.576378180995,197.048495701029,333.252725298464,60
"5038",2048,229.679414590039,201.008245699841,348.563410140782,60
"5038",2049,235.76106039097,204.941555319596,363.914879292223,60
"5038",2050,244.020108381399,210.246571951008,385.160755304629,60
"5041",2026,22.9694745843577,22.8292677932523,23.3180257568991,60
"5041",2027,23.41765324353,23.1950085977469,23.9846863856697,60
"5041",2028,24.0414529765223,23.6790156791038,24.9712614023066,60
"5041",2029,24.7647348765803,24.2276418263765,26.1586362148008,60
"5041",2030,25.2376887918935,24.6015726819121,26.8897904087618,60
"5041",2031,26.0208393958478,25.1835345532442,28.2362188361041,60
"5041",2032,26.7801392226262,25.7466345998067,29.5566860044609,60
"5041",2033,27.6169198300688,26.3564068269747,31.0574785809107,60
"5041",2034,28.5278431297651,27.0132133718484,32.7260575123367,60
"5041",2035,29.5052436211721,27.7076992531845,34.5637907049921,60
"5041",2036,30.4047841845616,28.3488612730252,36.2488317299401,60
"5041",2037,31.7051500893155,29.2478198641187,38.8279420902735,60
"5041",2038,32.6684042318258,29.922491816022,40.6941063798489,60
"5041",2039,33.9056928947232,30.7702728854751,43.1942292675544,60
"5041",2040,35.1892274809756,31.6426358873984,45.8303715514542,60
"5041",2041,36.1444419835713,32.3007924862553,47.7363985130391,60
"5041",2042,37.0070517263986,32.896720060689,49.4425586799917,60
"5041",2043,38.9726591742532,34.1881485512218,53.7554694718499,60
"5041",2044,40.8066575116292,35.3868200186335,57.8310962472463,60
"5041",2045,41.4286083926429,35.8217333974939,59.0054966326949,60
"5041",2046,43.4031120591575,37.0971741824886,63.4961616120971,60
"5041",2047,44.8854483760087,38.0600092023535,66.8234649950886,60
"5041",2048,46.0328035342156,38.8059785245374,69.3645102326044,60
"5041",2049,49.6930578413618,41.0899303811318,78.3480820465883,60
"5041",2050,50.7363792533948,41.7621198078848,80.6865229547847,60
"5042",2026,17.964920777688,17.8392140825427,18.4993080905273,60
"5042",2027,18.3877048803769,18.1921718508201,19.1969095535622,60
"5042",2028,18.7013025165374,18.4621053344326,19.6963588247199,60
"5042",2029,19.3479346345984,18.9823412602931,20.8471191882565,60
"5042",2030,20.1104802739994,19.5871086190498,22.2452177378468,60
"5042",2031,20.9399062654774,20.2232511771622,23.8544265241817,60
"5042",2032,21.5244379540727,20.6682247244838,24.9631704835551,60
"5042",2033,22.1782230081676,21.1512869005958,26.2434465087365,60
"5042",2034,23.3806835713556,21.9650817183457,28.807587365717,60
"5042",2035,24.2339275446354,22.5539842701572,30.6078680897769,60
"5042",2036,25.2433711758396,23.2286423745815,32.8136440717188,60
"5042",2037,26.7374723676621,24.1776426012314,36.2705846920163,60
"5042",2038,27.7770376165309,24.8576092719325,38.6343675984906,60
"5042",2039,28.5169981127306,25.3543628072127,40.2763193136584,60
"5042",2040,30.5542530523452,26.6344105022714,45.2871926049183,60
"5042",2041,31.2345683825769,27.0954764077512,46.7955468358471,60
"5042",2042,32.9129282919025,28.1597399357322,50.9702062931025,60
"5042",2043,34.8407452403009,29.3700158604886,55.8791834594956,60
"5042",2044,35.6016358139093,29.8610089167788,57.6953814082812,60
"5042",2045,36.5949632375244,30.4937720013951,60.1412971597988,60
"5042",2046,37.7475189702538,31.2174691124283,63.0531296722684,60
"5042",2047,38.5894843774772,31.7499784025825,65.1308600484615,60
"5042",2048,39.8275489044509,32.5148726302959,68.3386201893074,60
"5042",2049,40.6107925113493,33.0111884920834,70.2597541291364,60
"5042",2050,41.433948069582,33.5275454144135,72.3121590141241,60
"5043",2026,19.4240471770251,19.2559484280463,19.5150103540453,60
"5043",2027,19.6198547001668,19.3914737051993,19.7696298188833,60
"5043",2028,19.973671077914,19.6943401603206,20.2905790179193,60
"5043",2029,20.251882098378,19.9071017797,20.6931222534848,60
"5043",2030,20.9787753498041,20.4658659779532,21.9185221424863,60
"5043",2031,21.4016941245113,20.7754992220518,22.6045190726232,60
"5043",2032,22.1508732260175,21.2524883330369,23.9217398286442,60
"5043",2033,22.3254188741288,21.3881233517804,24.1599253437252,60
"5043",2034,23.2826827908229,21.9853270473818,25.8957939104798,60
"5043",2035,23.9680979865369,22.4153518567566,27.14017689314,60
"5043",2036,23.5773047337866,22.2350829809059,26.2327506648384,60
"5043",2037,25.090801465827,23.1290723138608,29.1498042964378,60
"5043",2038,26.6592180813339,24.0356584049741,32.2968803294482,60
"5043",2039,26.1755918726893,23.8138114671755,31.105448758485,60
"5043",2040,27.2012916822252,24.4335892407472,33.0738513979904,60
"5043",2041,28.7645356305319,25.3251085750384,36.2766356525924,60
"5043",2042,29.7302384106194,25.8874026566492,38.2158422804942,60
"5043",2043,32.0333178144482,27.1493302145038,43.2327431284349,60
"5043",2044,32.1727139871064,27.2706025250748,43.3137471476389,60
"5043",2045,32.155338647233,27.3060464806261,43.0536874330964,60
"5043",2046,32.2169435590987,27.3795101120127,42.992502640662,60
"5043",2047,33.8756891639006,28.2943140417591,46.5637276517853,60
"5043",2048,35.6092624870579,29.2387087652146,50.3739527259672,60
"5043",2049,35.8729501105819,29.4167138185371,50.7608060697386,60
"5043",2050,37.1445038338608,30.1144435578251,53.5254644091134,60
"5044",2026,13.4733287795902,13.3932632919951,13.7665754337724,60
"5044",2027,13.7263368992976,13.6001405942603,14.1823831541459,60
"5044",2028,13.930394922418,13.7729206710018,14.5008886663997,60
"5044",2029,14.1424918458411,13.9526815874074,14.8310073218478,60
"5044",2030,14.3818254082129,14.1541973141604,15.2064381069831,60
"5044",2031,14.6247146576521,14.3600103482149,15.5831378447882,60
"5044",2032,15.1126590770716,14.7460121752235,16.4161143323187,60
"5044",2033,15.4928913059398,15.0547303078139,17.0433924438154,60
"5044",2034,15.8180254600297,15.323483000093,17.5659702506229,60
"5044",2035,16.1080769292029,15.5705010421526,18.0095563267269,60
"5044",2036,16.1051011160882,15.6049211631508,17.8972052970057,60
"5044",2037,16.6956153082247,16.0703614043719,18.9095867970022,60
"5044",2038,17.5936051670006,16.75606099769,20.5282167759761,60
"5044",2039,18.0313218345657,17.11268560614,21.248160447014,60
"5044",2040,18.3149558232052,17.3609400393085,21.6582782563521,60
"5044",2041,18.8652036433459,17.7974212149265,22.6023726829259,60
"5044",2042,19.2374841863721,18.108210838047,23.1900573437118,60
"5044",2043,20.4116715398588,18.991693232422,25.3761545339722,60
"5044",2044,21.024316371202,19.4703218492965,26.4596508034253,60
"5044",2045,21.2136638972851,19.6561549734048,26.6586008118574,60
"5044",2046,21.9405476240161,20.2213989426588,27.9537300200589,60
"5044",2047,22.5678797210122,20.7127872540627,29.0599644118082,60
"5044",2048,24.144081436135,21.8707183968083,32.1403635240827,60
"5044",2049,25.0974382296353,22.5880649565203,33.9708303650402,60
"5044",2050,25.5661244669695,22.9709113412378,34.7341957275612,60
"5045",2026,45.9946259455147,45.8870731349096,46.2605964696916,60
"5045",2027,45.9981463393905,45.8532680253134,46.3514028841075,60
"5045",2028,46.0966526140587,45.9038750263659,46.5767206858306,60
"5045",2029,46.3799472271281,46.1073674897602,47.1007244301783,60
"5045",2030,46.8373945134648,46.4215145646372,47.9522462335516,60
"5045",2031,47.2150751213574,46.6777916059086,48.6540273651065,60
"5045",2032,47.7516144863214,47.0498888117674,49.6120121573643,60
"5045",2033,48.2311087232113,47.380559053755,50.47734939299,60
"5045",2034,49.1190398768305,47.9999430325071,52.0568924515512,60
"5045",2035,49.6837160691531,48.3914571533098,53.0715556888268,60
"5045",2036,50.6621472892111,49.0719671028929,54.8791638063851,60
"5045",2037,52.0782993669587,50.053660530514,57.5471053849876,60
"5045",2038,53.1574454782259,50.8032321126352,59.5755557636644,60
"5045",2039,54.6495212641265,51.8308599170101,62.4415535812562,60
"5045",2040,55.2067897573838,52.2212552648488,63.4538823313407,60
"5045",2041,56.7818482651844,53.3055827595251,66.4998724523658,60
"5045",2042,58.1130225772841,54.2166833170164,69.0904855079305,60
"5045",2043,59.4961622872307,55.1623285168005,71.7960292710867,60
"5045",2044,62.1422519203722,56.9470324022676,77.1672007275647,60
"5045",2045,62.7138938708443,57.3531956290804,78.1782028272925,60
"5045",2046,65.013429942663,58.8925541202806,82.9039745571168,60
"5045",2047,66.309718694893,59.7737463582525,85.4775953520287,60
"5045",2048,67.0220784787931,60.2598417461656,86.830910650459,60
"5045",2049,70.2345658334833,62.3836473024464,93.636154252321,60
"5045",2050,69.9698959384995,62.2321292611125,92.8392848199291,60
"5046",2026,42.5540486319909,41.3883151790707,43.1763244623565,60
"5046",2027,42.8469088750343,41.235742016379,43.8119005894495,60
"5046",2028,43.2953357798421,41.2170523782953,44.756410239562,60
"5046",2029,43.7223469660364,41.179502036361,45.6967748147843,60
"5046",2030,43.9351150339248,40.9643769550344,46.2643328791356,60
"5046",2031,44.8925426623133,41.2969766026388,48.3457239034908,60
"5046",2032,45.9038230614386,41.6730256127804,50.6345219903383,60
"5046",2033,46.8326288042508,41.9903977949672,52.8042519898949,60
"5046",2034,48.0316892883991,42.5127947720985,55.6557155586176,60
"5046",2035,49.24484900149,43.0495980914789,58.6020214608047,60
"5046",2036,49.95169776866,43.2047025270936,60.4219356639875,60
"5046",2037,51.0935676803789,43.6914089906492,63.2947369896839,60
"5046",2038,52.3401655103899,44.2421675466072,66.477214325546,60
"5046",2039,53.510999495724,44.7317975052315,69.5070474625147,60
"5046",2040,54.1427957533776,44.8239495586955,71.3122905039092,60
"5046",2041,55.827767590798,45.6940292487047,75.7044446617288,60
"5046",2042,56.2411883601856,45.6247043956667,77.0063707435716,60
"5046",2043,56.1844029449247,45.2072936971274,77.1810862448381,60
"5046",2044,57.4929509687695,45.7988982096712,80.7653819170522,60
"5046",2045,56.5845155190651,44.7507289470442,78.9018430144202,60
"5046",2046,56.9869728515656,44.6719085377104,80.2547352046357,60
"5046",2047,58.9364693030565,45.7359335628706,85.5229639429223,60
"5046",2048,58.8646486365581,45.3048323410669,85.7533273103336,60
"5046",2049,59.0036163848081,45.0295680311021,86.5402424424556,60
"5046",2050,58.8236612888864,44.5180184107774,86.5671424130936,60
"5047",2026,46.484766557798,46.3929639352599,46.9753431237688,60
"5047",2027,46.3687889376298,46.2195384419724,47.0878688510832,60
"5047",2028,46.4003875768714,46.1593239718892,47.4491329877246,60
"5047",2029,46.4572516369586,46.12197572076,47.8533060563406,60
"5047",2030,46.6604434476506,46.1922616222802,48.512315320041,60
"5047",2031,46.8342185256253,46.2414988217296,49.1202757310574,60
"5047",2032,47.2282123405557,46.4518117345533,50.1535093070753,60
"5047",2033,47.5624457050039,46.6176405013845,51.1153517251741,60
"5047",2034,48.0784343894229,46.9154790313511,52.4482881089744,60
"5047",2035,48.9277196357986,47.452818834669,54.4798185382385,60
"5047",2036,49.6241119767595,47.8775269754094,56.2157415783931,60
"5047",2037,50.2342352246461,48.2402410121358,57.7763172500505,60
"5047",2038,51.1302422385461,48.8060710323784,59.9569797660921,60
"5047",2039,51.7085521255005,49.146312016621,61.4565961236082,60
"5047",2040,53.1084213954831,50.0561758407382,64.7754109538212,60
"5047",2041,54.4019261724331,50.8685208633626,67.8938697351983,60
"5047",2042,55.0428427289885,51.2407722546628,69.5601636928514,60
"5047",2043,56.3578963986888,52.0624171252631,72.7664007405713,60
"5047",2044,57.1392188456605,52.5254903818919,74.769088317557,60
"5047",2045,59.4822275560873,54.0161709019793,80.4473633383102,60
"5047",2046,60.7214150910853,54.7750713001465,83.5710652178332,60
"5047",2047,61.7441728792635,55.3912547658941,86.1857900353386,60
"5047",2048,63.0049888169752,56.155310624421,89.4102290094834,60
"5047",2049,64.0125281114333,56.7528736839307,92.0311764360066,60
"5047",2050,66.2065665828894,58.1186880359071,97.5753650958403,60
"5049",2026,21.4661488617115,21.0180009166311,21.6083790302169,60
"5049",2027,21.7135195745871,21.077728577814,21.9536885694341,60
"5049",2028,22.1480672496977,21.2713429419214,22.6260199766899,60
"5049",2029,22.6500931844657,21.5366993413119,23.4241637390463,60
"5049",2030,23.1397483102758,21.7920776534889,24.2010821192434,60
"5049",2031,23.904183283368,22.2696061914779,25.4925903093874,60
"5049",2032,24.3576134153538,22.4957360754955,26.2027068331513,60
"5049",2033,25.1602281959965,23.0039697080319,27.5883616353443,60
"5049",2034,26.1270514446936,23.6447600063632,29.3110394050712,60
"5049",2035,26.826187267199,24.0693071926829,30.5120400975605,60
"5049",2036,28.2569040131401,24.9895404303956,33.2274131306636,60
"5049",2037,29.3259527231617,25.630810739733,35.2297222542427,60
"5049",2038,30.5332926522179,26.3614102309304,37.5436730564956,60
"5049",2039,31.5578642653865,26.9728525822455,39.4728221890595,60
"5049",2040,33.5835749289107,28.2271315893253,43.6675101733542,60
"5049",2041,35.0600597663235,29.1174611822304,46.6778988088216,60
"5049",2042,35.7337765135362,29.4966856968772,47.8721041677779,60
"5049",2043,37.860800478239,30.7794478600784,52.4569476472287,60
"5049",2044,40.4725082872069,32.3558261614683,58.3007320353398,60
"5049",2045,42.6488755922725,33.6582408547724,63.1824313434853,60
"5049",2046,43.4279196575491,34.0969415892139,64.6467148071852,60
"5049",2047,45.5197687257191,35.3437826915976,69.3734709396484,60
"5049",2048,47.3272873680745,36.3193602694348,73.4952467948185,60
"5049",2049,50.5668423391082,37.9581329330745,81.3539529183342,60
"5049",2050,52.5891226575564,38.9947507885686,86.1517430587753,60
"5052",2026,10.0387922207591,10.0024342312618,10.1640617058325,60
"5052",2027,10.1424569109968,10.0675231767066,10.3875500216173,60
"5052",2028,10.2886625065259,10.1623549594191,10.6945677290928,60
"5052",2029,10.4596989646604,10.2732530411178,11.0563379626348,60
"5052",2030,10.6871406213832,10.4235963012738,11.5346680788724,60
"5052",2031,10.8710025386601,10.5431720388667,11.9304955835504,60
"5052",2032,11.1014291751711,10.6959776873356,12.4215548244885,60
"5052",2033,11.060472386459,10.6656151401912,12.3322683293686,60
"5052",2034,11.3825938565492,10.8815432808555,13.0137699385363,60
"5052",2035,11.851681376595,11.1918154388809,14.0434016533134,60
"5052",2036,11.6771222360196,11.0758852439509,13.6357818112162,60
"5052",2037,12.1651108392839,11.3996446973663,14.7035480087149,60
"5052",2038,12.6699635944386,11.7324590110148,15.8178712194545,60
"5052",2039,12.5395798716669,11.6494805212469,15.4950779139401,60
"5052",2040,12.5599206710075,11.6612324493885,15.5258540547551,60
"5052",2041,12.5898711170852,11.6829058864045,15.5663565341044,60
"5052",2042,13.3235116591683,12.1648504720371,17.2022642011811,60
"5052",2043,13.8210124221516,12.4934817805511,18.2999241269491,60
"5052",2044,13.8070093099282,12.48475332864,18.2449831847894,60
"5052",2045,13.9400254370593,12.5765763309371,18.5085224304801,60
"5052",2046,14.2136387046584,12.7553757682342,19.1098274447185,60
"5052",2047,14.8617459351692,13.1769087932509,20.5766741379534,60
"5052",2048,15.322480083296,13.4816521669452,21.5979120080814,60
"5052",2049,14.7273404543789,13.0973007727126,20.1927988762522,60
"5052",2050,15.1814358030957,13.3937447709426,21.206585167116,60
"5053",2026,77.7622940042308,77.5091599469306,79.7440516482442,60
"5053",2027,78.391015776772,77.9385328318037,81.4059749714804,60
"5053",2028,79.2848158950799,78.5562130360432,83.5752426201375,60
"5053",2029,80.3302048439234,79.3165269153711,86.0414687914373,60
"5053",2030,81.5319768084574,80.1960426833495,88.8153158910079,60
"5053",2031,83.0594706288917,81.3178831987267,92.2501549445309,60
"5053",2032,84.934655361203,82.6958475406887,96.3301791927103,60
"5053",2033,86.985513272854,84.2006801954812,100.728725421185,60
"5053",2034,89.0276433653324,85.6971004714799,105.12565498583,60
"5053",2035,91.7996515896604,87.7203912457494,110.996198272429,60
"5053",2036,94.4750661247058,89.6684128142786,116.705980567361,60
"5053",2037,97.4996481803107,91.8629591962055,123.154769795569,60
"5053",2038,101.167910696182,94.5090043832474,130.977846572838,60
"5053",2039,104.0423704652,96.5836321078664,137.187982591597,60
"5053",2040,107.120547781106,98.7989263709875,143.846352351,60
"5053",2041,110.55728452792,101.262609366439,151.289673322996,60
"5053",2042,114.36111252903,103.978075209579,159.551854836515,60
"5053",2043,117.533318606048,106.245209380644,166.487682122271,60
"5053",2044,120.756017421337,108.54330909657,173.553579047429,60
"5053",2045,123.773549386361,110.658091662868,180.193776903408,60
"5053",2046,127.096806952148,112.961010401578,187.521239652438,60
"5053",2047,130.503166819813,115.315169198912,195.044232068347,60
"5053",2048,135.201906727221,118.492085074752,205.464240987472,60
"5053",2049,138.478178885951,120.742516634458,212.773084723758,60
"5053",2050,142.221161554398,123.289474211784,221.136171669313,60
"5054",2026,130.306195366573,129.854033686806,132.60809734061,60
"5054",2027,130.901834374737,130.151116601518,134.438612166594,60
"5054",2028,131.635815019805,130.504206481708,136.52626261551,60
"5054",2029,132.689418831802,131.060549923421,139.198847014848,60
"5054",2030,134.260231765478,131.945245809699,142.827810234572,60
"5054",2031,135.882971439162,132.856326060978,146.579697036574,60
"5054",2032,138.100808092619,134.133442821663,151.493241737889,60
"5054",2033,140.251011156014,135.35299116296,156.317016008729,60
"5054",2034,142.821299375367,136.823383308551,161.984257233905,60
"5054",2035,145.824531443801,138.548749658128,168.540532671509,60
"5054",2036,148.862610405112,140.372520694045,175.204769785209,60
"5054",2037,152.26904167506,142.44648635897,182.6424754549,60
"5054",2038,155.674817604034,144.513164597675,190.119375584468,60
"5054",2039,159.096321204226,146.582026334852,197.669035199085,60
"5054",2040,162.992978491645,148.955518528807,206.227392251653,60
"5054",2041,166.149228088099,150.843369574289,213.281537337434,60
"5054",2042,170.27928257585,153.356707718588,222.391557417421,60
"5054",2043,173.836523774216,155.498024941052,230.321274039313,60
"5054",2044,177.853503509702,157.926362553668,239.259262917225,60
"5054",2045,182.854414020463,160.975360505932,250.510663363122,60
"5054",2046,186.578330718346,163.208115420886,259.142216350906,60
"5054",2047,191.812317036521,166.387869859918,271.399630256803,60
"5054",2048,196.890292130438,169.461450910971,283.350420133366,60
"5054",2049,202.192718180946,172.664573417987,295.919811994502,60
"5054",2050,208.710062240357,176.618227516303,311.527758990099,60
"5055",2026,104.183263127132,103.743353223061,105.089596213283,60
"5055",2027,104.680670520544,103.935327193859,106.308035550657,60
"5055",2028,105.120547858807,104.07923075654,107.44926854214,60
"5055",2029,106.075576066875,104.573332180693,109.574939561216,60
"5055",2030,106.966503685873,105.013371042052,111.620821022263,60
"5055",2031,108.327227940323,105.766898919477,114.605592819414,60
"5055",2032,110.070794522795,106.766803684114,118.405158582363,60
"5055",2033,111.528907874719,107.563794435676,121.68958067565,60
"5055",2034,113.571645093176,108.739704869524,126.217447544041,60
"5055",2035,115.502861117424,109.830861539621,130.574291430265,60
"5055",2036,117.692473030869,111.078944341998,135.538664819298,60
"5055",2037,120.708043041411,112.855692848192,142.338299117658,60
"5055",2038,122.114871884077,113.567101774942,145.747193154124,60
"5055",2039,125.134433378216,115.319207674509,152.706880255027,60
"5055",2040,128.104992918318,117.020269212246,159.665907083124,60
"5055",2041,130.474910400815,118.324679259221,165.344127271446,60
"5055",2042,133.642391064638,120.133340713199,172.867843747286,60
"5055",2043,136.114272608389,121.480574945637,178.894625516943,60
"5055",2044,138.166837168665,122.555325732785,183.988430413957,60
"5055",2045,141.716360165545,124.571048549061,192.594223302142,60
"5055",2046,145.507896051933,126.724815978647,201.8618566047,60
"5055",2047,148.119226725598,128.12774974208,208.398133482626,60
"5055",2048,151.104759161427,129.750140263236,215.899002334485,60
"5055",2049,155.267733425973,132.103462282174,226.270864688995,60
"5055",2050,157.839778424752,133.4516745313,232.87366998715,60
"5056",2026,64.6619814372307,63.4354058303284,65.5501077117351,60
"5056",2027,66.6699008009808,64.9213970526198,68.0074329964642,60
"5056",2028,69.0629105322961,66.6722742449983,71.1105056543204,60
"5056",2029,71.403782619331,68.4030146042598,74.0814071629182,60
"5056",2030,74.3250836311507,70.5219768366673,78.0706972714128,60
"5056",2031,77.7292544272647,73.1121421142344,82.9299995164235,60
"5056",2032,80.6731819506236,75.3769037229554,86.902029117664,60
"5056",2033,84.5518832790593,78.4696958660839,92.6115882767385,60
"5056",2034,88.1456219004141,81.303229695048,97.7639704826207,60
"5056",2035,91.7175689900135,84.0705155540172,102.844269460526,60
"5056",2036,96.2912015042568,87.6404770395707,109.856182983966,60
"5056",2037,100.393916310681,90.8376790603471,115.928378401283,60
"5056",2038,104.86819326197,94.3332117864092,122.72809385853,60
"5056",2039,109.567901996911,98.0100349953689,129.977870170052,60
"5056",2040,114.262847340372,101.685350110106,137.206664918937,60
"5056",2041,119.746216778965,105.989633789349,146.05467048112,60
"5056",2042,123.9631460982,109.288410658565,152.274358673925,60
"5056",2043,130.034262298308,114.063975003899,162.340865545954,60
"5056",2044,134.798740939994,117.80092817243,169.683957763521,60
"5056",2045,140.880803186662,122.589011426404,179.776976096964,60
"5056",2046,147.752984054731,128.006449323081,191.57734389441,60
"5056",2047,154.501426725139,133.324550261252,203.174052014805,60
"5056",2048,161.84929590357,139.10226674332,216.094987382388,60
"5056",2049,169.325835150275,144.946501056484,229.352398869325,60
"5056",2050,178.173126650508,151.852192035219,245.733468549529,60
"5057",2026,94.3548679595348,94.0472258453009,95.2012898624697,60
"5057",2027,95.6737699810468,95.1478371553155,97.1491600122209,60
"5057",2028,97.0201609488574,96.2759153502806,99.127683187014,60
"5057",2029,98.672035932027,97.630676225537,101.659491411402,60
"5057",2030,100.385982511085,99.0364418375354,104.292666883855,60
"5057",2031,102.524178964702,100.750968037599,107.724905568126,60
"5057",2032,105.001116953558,102.709839458407,111.818025045489,60
"5057",2033,107.364726608581,104.592118578218,115.687521911266,60
"5057",2034,109.822487921245,106.543051739961,119.743724569657,60
"5057",2035,112.40901233305,108.589855143404,124.046533604604,60
"5057",2036,115.696609424973,111.131119546787,129.770759495444,60
"5057",2037,119.282728803131,113.881104364667,136.128321789065,60
"5057",2038,122.52695896353,116.39634948853,141.782675785265,60
"5057",2039,125.966370488344,119.047367163218,147.85528913306,60
"5057",2040,129.27278941153,121.6107789924,153.640324909733,60
"5057",2041,133.674247911307,124.928869031669,161.774229289585,60
"5057",2042,138.514219197417,128.542344991857,170.908665386756,60
"5057",2043,142.701158226415,131.708361118822,178.648252621925,60
"5057",2044,147.093158086423,135.013664022584,186.857066499973,60
"5057",2045,152.315489507482,138.876855186999,196.960828655607,60
"5057",2046,157.061560836461,142.415497028193,206.029991275074,60
"5057",2047,162.97452678887,146.732108025344,217.814291489444,60
"5057",2048,167.985125464694,150.439225419153,227.573651900227,60
"5057",2049,174.417619231604,155.090632248994,240.691778407749,60
"5057",2050,180.258577421188,159.337911632329,252.506963707286,60
"5058",2026,108.828234990513,108.276526424539,109.593763866876,60
"5058",2027,109.778952494215,108.948953684818,111.015618426401,60
"5058",2028,110.956636546018,109.786516694976,112.828401262091,60
"5058",2029,112.366171485193,110.791179550176,115.054362256898,60
"5058",2030,114.554146081059,112.340239989421,118.756758702754,60
"5058",2031,116.640919213366,113.814239350296,122.306939720653,60
"5058",2032,118.599172575769,115.196556725541,125.630215941635,60
"5058",2033,120.626410910536,116.623610809625,129.104784881729,60
"5058",2034,123.887576685112,118.907028381775,135.006221255563,60
"5058",2035,127.468869878041,121.40108013041,141.626527641493,60
"5058",2036,130.600350086105,123.534257343749,147.413089640242,60
"5058",2037,134.07705081219,125.810396825893,153.947957271453,60
"5058",2038,137.644540281822,128.155432770674,160.735377991338,60
"5058",2039,141.685803122941,130.858856556627,168.508014016501,60
"5058",2040,146.650435644471,134.160632089621,178.258636315626,60
"5058",2041,150.185118446619,136.515879209031,185.074651714561,60
"5058",2042,154.834277319027,139.593530423344,194.286168560787,60
"5058",2043,159.554773059597,142.708332012526,203.713391506343,60
"5058",2044,165.823684696813,146.805154207706,216.611979319028,60
"5058",2045,169.332149671133,149.129008718069,223.476851760966,60
"5058",2046,175.381315133399,153.064702615681,236.042655529337,60
"5058",2047,180.997704499095,156.723812954248,247.68514635631,60
"5058",2048,186.600018633237,160.356287855642,259.396271465745,60
"5058",2049,192.244437870995,164.007016035609,271.265104095099,60
"5058",2050,197.635845623717,167.491952276869,282.60078036687,60
"5059",2026,251.993506673928,251.155465837042,253.933203302538,60
"5059",2027,253.871914774878,252.526447119032,257.080188114995,60
"5059",2028,256.345954642638,254.333493483546,261.28013999619,60
"5059",2029,259.164464708465,256.387317215571,266.102115990603,60
"5059",2030,262.494968510506,258.798364206341,271.860659097516,60
"5059",2031,266.749610788101,261.859678710226,279.341934756151,60
"5059",2032,271.882412751144,265.529593948278,288.516265099529,60
"5059",2033,277.570469423562,269.578788167673,298.808741107404,60
"5059",2034,284.050811999657,274.167695270718,310.701708503817,60
"5059",2035,290.174894969126,278.51366217827,321.935156522153,60
"5059",2036,297.977988958721,283.99680973627,336.574378231624,60
"5059",2037,306.669179323979,290.070874322904,353.112703570305,60
"5059",2038,315.615732277117,296.302999002261,370.295221451689,60
"5059",2039,325.291765079924,303.004889192239,389.130709269359,60
"5059",2040,333.463074509305,308.702905729966,404.857308310624,60
"5059",2041,343.94332042786,315.918842952267,425.589081807137,60
"5059",2042,355.33815367267,323.71462470777,448.45730042931,60
"5059",2043,366.304551135463,331.209221379874,470.542289144158,60
"5059",2044,376.731261409979,338.34284696249,491.522892628854,60
"5059",2045,387.614080542867,345.755512165792,513.630568508328,60
"5059",2046,400.050046627613,354.154304339785,539.365471045905,60
"5059",2047,411.570624782692,361.945801724327,563.148549999135,60
"5059",2048,424.434103495602,370.57470265039,590.165443206141,60
"5059",2049,436.815786611093,378.874828579246,616.210719091428,60
"5059",2050,450.281157485302,387.842936886724,644.936673604955,60
"5060",2026,171.522421396938,170.922476270614,173.041707918284,60
"5060",2027,172.91729916266,171.913757144459,175.384644107625,60
"5060",2028,174.37143492768,172.956731210088,177.807375973885,60
"5060",2029,176.283288087366,174.4235013026,181.045206888324,60
"5060",2030,178.49204700373,176.125786198816,184.824238725838,60
"5060",2031,180.757495156158,177.871099354671,188.725719226606,60
"5060",2032,184.013674151714,180.400138273308,194.446429940889,60
"5060",2033,187.189668470906,182.75995484714,200.064282890868,60
"5060",2034,191.192993799307,185.710739192389,207.324216459586,60
"5060",2035,195.302676262059,188.731687673117,214.904735652785,60
"5060",2036,199.292769060865,191.657552240768,222.306339091024,60
"5060",2037,204.795576979762,195.65588129046,232.79012163717,60
"5060",2038,209.390379334325,198.994787332766,241.526292576559,60
"5060",2039,214.891283274475,202.964208705436,252.188264529236,60
"5060",2040,221.160848868207,207.463707756828,264.534550091897,60
"5060",2041,226.147822105144,211.044541152415,274.294656988861,60
"5060",2042,233.213534291819,216.073982321973,288.519974806347,60
"5060",2043,239.557909801298,220.582891671422,301.319220347027,60
"5060",2044,246.617884936905,225.487682934202,315.778728937842,60
"5060",2045,255.990015415995,231.877560617806,335.471704642761,60
"5060",2046,262.605564288073,236.422243494048,349.21495847812,60
"5060",2047,270.42364865134,241.741297083599,365.750356425592,60
"5060",2048,278.971783437661,247.519250965341,384.066726795808,60
"5060",2049,288.338420248955,253.794531946372,404.467888554366,60
"5060",2050,298.09770770187,260.29245477937,425.988070648113,60
"5061",2026,31.1735841978109,30.8466309375451,31.6880084877386,60
"5061",2027,31.2509754530711,30.7894264020382,31.9884526198206,60
"5061",2028,31.3282579185925,30.7382635969942,32.2973573424753,60
"5061",2029,31.6486270122936,30.8943671884787,33.0829833093634,60
"5061",2030,31.8240746881866,30.9261577899138,33.5955240656732,60
"5061",2031,32.2278818686476,31.1522887985564,34.5635194990084,60
"5061",2032,32.7669145865131,31.4881784019655,35.8155070065927,60
"5061",2033,32.9951325185823,31.5614220658815,36.4672739033119,60
"5061",2034,33.7975219150742,32.1146969092188,38.2944118079977,60
"5061",2035,34.1594887460689,32.2983099011078,39.2459883326793,60
"5061",2036,35.0403348470948,32.9154755351363,41.2889554472808,60
"5061",2037,35.7391208417438,33.3788441989959,42.9882450824215,60
"5061",2038,35.878013108208,33.3743196762989,43.4986779066259,60
"5061",2039,37.363958285595,34.4936088089839,46.9357516275993,60
"5061",2040,37.9225653763272,34.8271071499333,48.3972745479317,60
"5061",2041,38.6460211355589,35.2278556415477,50.230282939072,60
"5061",2042,39.1037452129681,35.4522361726972,51.486219395864,60
"5061",2043,39.1448755115852,35.4030896473726,51.8223367170595,60
"5061",2044,39.94870782348,35.8449727449072,53.8787686324422,60
"5061",2045,40.7193196754729,36.2607091576465,55.8828188307326,60
"5061",2046,41.5164192775869,36.6937920977658,57.9508312623733,60
"5061",2047,41.9671611685066,36.9009601668794,59.2417020252054,60
"5061",2048,42.0515770960933,36.8647749212486,59.7240000287546,60
"5061",2049,43.8228637270548,37.9092956039528,64.0945796042163,60
"5061",2050,44.5975132621897,38.3120690556617,66.1865803072458,60
"5501",2026,775.586969190017,770.869314447856,780.818984630543,60
"5501",2027,782.816678402932,775.68693463727,791.341582898196,60
"5501",2028,791.748621430875,781.99910934324,804.569395252116,60
"5501",2029,802.300976352444,789.755914607978,820.414016836176,60
"5501",2030,815.053782928353,799.473960530204,839.928555612172,60
"5501",2031,828.610539777253,809.179684763059,860.752232962913,60
"5501",2032,844.40558926226,820.468796719655,885.415094293947,60
"5501",2033,862.308335881566,833.236617257451,913.763398467305,60
"5501",2034,882.310084322013,847.462216394081,945.856411856991,60
"5501",2035,904.711531009549,863.33522074485,982.698414214542,60
"5501",2036,927.010237407175,879.156408167354,1019.51436304524,60
"5501",2037,952.03716031829,896.818659016329,1061.57772257,60
"5501",2038,979.306348398248,915.970870280494,1108.0943224229,60
"5501",2039,1008.81690551582,936.58963648792,1159.18211143849,60
"5501",2040,1039.66259831881,958.061515081135,1213.14465664333,60
"5501",2041,1070.05304848487,979.204322514839,1266.43561748518,60
"5501",2042,1102.77934564984,1001.84465118414,1324.6398704767,60
"5501",2043,1137.22412268441,1025.51934593027,1386.60266011343,60
"5501",2044,1173.79269649025,1050.52439486093,1453.21693323888,60
"5501",2045,1212.77037458591,1077.02427167589,1525.18598804895,60
"5501",2046,1249.63395046094,1102.11147509798,1593.12348810937,60
"5501",2047,1290.89585269145,1129.9521613397,1670.70523071143,60
"5501",2048,1331.55186075908,1157.34135768475,1747.41729084717,60
"5501",2049,1373.41559322623,1185.43168015484,1827.11879248097,60
"5501",2050,1419.24644441343,1215.96658292605,1916.59166841203,60
"5503",2026,345.227322608292,343.69566302846,347.686515076444,60
"5503",2027,347.170612041248,344.751234446751,351.325645628444,60
"5503",2028,349.858672258098,346.331834784607,356.272355539995,60
"5503",2029,353.197961579248,348.369539516363,362.382859157088,60
"5503",2030,357.080315339225,350.783853780822,369.504779126736,60
"5503",2031,362.426062669821,354.202519107114,379.426828082673,60
"5503",2032,368.147693752787,357.869501785398,390.131299393949,60
"5503",2033,374.651305109839,362.061660635527,402.398620727938,60
"5503",2034,381.875366020409,366.731001507484,416.147497911708,60
"5503",2035,389.543371017615,371.687878114301,430.858401150433,60
"5503",2036,398.849457377706,377.72543179795,448.950934211994,60
"5503",2037,407.995570277156,383.6392967887,466.851232398169,60
"5503",2038,417.074450367951,389.492575752051,484.723684886913,60
"5503",2039,426.93643965677,395.839603941548,504.345678400413,60
"5503",2040,437.489154923918,402.619008767565,525.545168661176,60
"5503",2041,448.272241284362,409.523411281398,547.383252662285,60
"5503",2042,459.060349844147,416.408292741784,569.368792398493,60
"5503",2043,469.631646811454,423.130397070316,591.013477247665,60
"5503",2044,479.961934729661,429.674994758292,612.250731472434,60
"5503",2045,491.908693428266,437.2361542144,637.157485279092,60
"5503",2046,503.056480199891,444.25685297698,660.452113488262,60
"5503",2047,514.810075800682,451.646758555843,685.200995259575,60
"5503",2048,527.521600362759,459.613465832693,712.272101660012,60
"5503",2049,539.769427664595,467.261892709005,738.436887922295,60
"5503",2050,551.014534970351,474.247917203817,762.463456223643,60
"5510",2026,52.3069379349652,52.1742714062874,52.6986521485884,60
"5510",2027,52.6386270143014,52.4332669595674,53.2872809584154,60
"5510",2028,53.20353652058,52.8409761272704,54.2506037089308,60
"5510",2029,53.7911713800925,53.2661228945634,55.2974377621531,60
"5510",2030,54.6133255232149,53.8348126545445,56.793484945253,60
"5510",2031,55.2901912868946,54.2953737784499,57.9993392405414,60
"5510",2032,56.4423355636365,55.0414631129606,60.0534898813531,60
"5510",2033,57.7715224099228,55.89144010861,62.4440817077055,60
"5510",2034,58.9515614538261,56.6525087486129,64.5712353622697,60
"5510",2035,60.3864886147601,57.5558425783096,67.1867134729875,60
"5510",2036,62.1158999283505,58.6228446358699,70.4410360449124,60
"5510",2037,63.439306886827,59.4526740737647,72.9312593082494,60
"5510",2038,65.6105461913159,60.7600895852684,77.1578287907128,60
"5510",2039,67.5275902937098,61.9101997745503,80.9202662863447,60
"5510",2040,68.7914534504863,62.6944698196599,83.3354949337232,60
"5510",2041,71.0199908315985,64.0002895600764,87.8160900220027,60
"5510",2042,73.345813637496,65.3527277498267,92.5437877122367,60
"5510",2043,74.6939143423666,66.1667404354074,95.1903309131872,60
"5510",2044,76.6965419394456,67.3283753179973,99.2790294742295,60
"5510",2045,79.799790766608,69.4404095364174,105.834095789602,60
"5510",2046,80.9011709866265,70.0963810636891,108.00054183902,60
"5510",2047,82.8786445738838,71.4356074268518,112.119183737633,60
"5510",2048,85.2262447409374,73.060769484323,117.110524211923,60
"5510",2049,86.1219206030716,73.5523294610708,118.86022657273,60
"5510",2050,88.7813602155634,75.4164356767935,124.593057765325,60
"5512",2026,80.5268441059812,80.1460031030739,81.309159332253,60
"5512",2027,81.4618821992151,80.8371584259353,82.8086862697876,60
"5512",2028,82.8249230453969,81.8291397657243,85.0921133887979,60
"5512",2029,84.4400315097771,82.9942995576612,87.8643561889611,60
"5512",2030,86.3297751095491,84.3455033715798,91.1845552469104,60
"5512",2031,87.8350897425472,85.4327635294634,93.7744255326643,60
"5512",2032,89.9175190240041,86.912646330081,97.5010618075489,60
"5512",2033,92.6421501104466,88.8206016195025,102.546578662658,60
"5512",2034,96.1192813198847,91.2204932342696,109.207847828518,60
"5512",2035,98.5891731146806,92.9438570584776,113.833211292197,60
"5512",2036,101.198227222805,94.7610963961468,118.754216244233,60
"5512",2037,104.25205990075,96.8618578852477,124.667292669036,60
"5512",2038,108.375170083308,99.6540518650249,132.949631205293,60
"5512",2039,113.112127082281,102.826955483965,142.710259294478,60
"5512",2040,115.414847799271,104.423766119549,147.076585799147,60
"5512",2041,118.784622568973,106.69908320136,153.87865779599,60
"5512",2042,122.109482711494,108.936945153316,160.624334703918,60
"5512",2043,125.730692938794,111.359633820251,168.077699868828,60
"5512",2044,130.073463735315,114.234863191723,177.244354051111,60
"5512",2045,134.138129289634,116.921193348281,185.838863541303,60
"5512",2046,136.643020187902,118.613359036827,190.81055694656,60
"5512",2047,140.451887177915,121.130167382182,198.852967470087,60
"5512",2048,144.066411409397,123.513285640315,206.491937133915,60
"5512",2049,149.335593824497,126.925961265287,218.143986312749,60
"5512",2050,153.017286528532,129.332159869341,226.05115960892,60
"5514",2026,27.3065194545402,27.118800801845,27.7058375081678,60
"5514",2027,27.9516756988143,27.6582921525777,28.5943582516177,60
"5514",2028,28.6192589884635,28.2259126865525,29.5202517205933,60
"5514",2029,29.420623525169,28.9280706485715,30.7046286501332,60
"5514",2030,30.1742624505916,29.5854496106988,31.8083794857763,60
"5514",2031,31.5019822346483,30.7493070390172,34.0408441079668,60
"5514",2032,32.0400921933147,31.2157679282817,34.727718347837,60
"5514",2033,33.4121798683971,32.3922154483981,37.1095337702995,60
"5514",2034,34.8562015749005,33.6278247093418,39.6639665580848,60
"5514",2035,36.3568253338146,34.9096575495691,42.3060485860138,60
"5514",2036,38.1500904097642,36.3821291191878,45.5815043587612,60
"5514",2037,39.6569613231645,37.5777032340715,48.2993803306876,60
"5514",2038,40.833162035886,38.539681612338,50.3250530216571,60
"5514",2039,42.9199881367753,40.1148686294142,54.3288554478068,60
"5514",2040,44.625833660308,41.4229337244799,57.5565126110308,60
"5514",2041,46.3417649044676,42.7341595579985,60.828004866178,60
"5514",2042,48.0457656961512,44.0341827017232,64.0920761146895,60
"5514",2043,49.2580347999973,45.0060088368971,66.2576025006585,60
"5514",2044,52.5910968618326,47.3716207585641,73.3004957449756,60
"5514",2045,54.3263299904189,48.6728505799249,76.73606764452,60
"5514",2046,56.6661960271761,50.3724347488326,81.5863398081083,60
"5514",2047,59.4826972159639,52.3641280048957,87.6630505551645,60
"5514",2048,59.9812006294791,52.8569241438623,88.1819662754606,60
"5514",2049,62.529287724148,54.6678105596682,93.6563152724628,60
"5514",2050,65.5537982583284,56.7759592921832,100.354648880548,60
"5516",2026,17.2492463309105,17.1493002862382,17.441416842293,60
"5516",2027,17.4878112072812,17.3070287098259,17.8577200449378,60
"5516",2028,17.5886352287279,17.3700216267934,18.0272676977379,60
"5516",2029,17.7984348780962,17.5092052726163,18.3968556076168,60
"5516",2030,18.0944254059134,17.7081938128579,18.9282710292592,60
"5516",2031,18.4891731873816,17.9746734581451,19.651901989169,60
"5516",2032,18.7822965341627,18.1736636053025,20.1755317047602,60
"5516",2033,19.1956340166432,18.4530511552418,20.9397911910747,60
"5516",2034,19.2948635733885,18.5208918947315,21.0818932125669,60
"5516",2035,19.897051764802,18.9284048740618,22.2202129117105,60
"5516",2036,20.2159462091079,19.1455698673665,22.7939431441719,60
"5516",2037,21.0744520799103,19.7205422543446,24.4721798433198,60
"5516",2038,21.6717890105764,20.121822817308,25.6247784136068,60
"5516",2039,22.6627445834321,20.778805987839,27.6256685235044,60
"5516",2040,23.0947605610646,21.0725807991297,28.4315139791798,60
"5516",2041,23.7502324736674,21.5114424603941,29.7213093381618,60
"5516",2042,24.7294924427868,22.1541726552594,31.7456294042632,60
"5516",2043,26.3707232473325,23.2179358316433,35.2889892219574,60
"5516",2044,27.2414192523755,23.7866750517108,37.1163084671051,60
"5516",2045,28.1018884643517,24.3485870291989,38.925768522724,60
"5516",2046,29.4668950975073,25.2186744075018,41.9681567851269,60
"5516",2047,30.3714953216016,25.8063547083308,43.9024129883676,60
"5516",2048,31.3766589073939,26.4500475005254,46.1112457015317,60
"5516",2049,32.6739222841906,27.2718251263686,49.0525612000186,60
"5516",2050,34.5089583664027,28.4180471127127,53.3772016392777,60
"5518",2026,17.9614496307962,17.9133617420634,18.0961597285655,60
"5518",2027,17.9804333994319,17.9026914546422,18.1930443807112,60
"5518",2028,18.0735237535599,17.9439865740502,18.4234901459787,60
"5518",2029,18.2116411313594,18.0155406359331,18.7443207518277,60
"5518",2030,18.2292517867842,17.9994375374858,18.8534797784076,60
"5518",2031,18.2193281796832,17.9622727643327,18.9198766478739,60
"5518",2032,18.5910158106118,18.1939306424834,19.6781654675652,60
"5518",2033,18.83087001664,18.329283139211,20.2223605581194,60
"5518",2034,19.0340722150869,18.4371473911946,20.7031497534423,60
"5518",2035,19.148347760105,18.4828440723358,21.0135024116156,60
"5518",2036,19.666517263802,18.8035728745743,22.1338776633436,60
"5518",2037,20.3839048418076,19.253271015927,23.6975236356647,60
"5518",2038,20.3784632653658,19.2188345941866,23.7577775099572,60
"5518",2039,20.4328416629155,19.2266045616034,23.936434903621,60
"5518",2040,20.9368984821036,19.5334863447789,25.0621668694722,60
"5518",2041,21.6394026821526,19.9651813092027,26.6445329600138,60
"5518",2042,22.2929248695192,20.3652182048786,28.1310110174994,60
"5518",2043,22.9781635603836,20.7833720302448,29.7071021585658,60
"5518",2044,23.643364859879,21.1862475062792,31.2554992173557,60
"5518",2045,24.5895143321764,21.7669081153872,33.4713521189901,60
"5518",2046,24.784508450544,21.8654953261143,33.9532223178702,60
"5518",2047,25.8643685134289,22.5210020432466,36.5422578214691,60
"5518",2048,26.9483916952526,23.1799885445139,39.1600200639523,60
"5518",2049,27.3088963710985,23.3754110313785,40.0681874465533,60
"5518",2050,28.7958479665939,24.2800938007183,43.7295904761219,60
"5520",2026,50.6495138796055,50.5188201416213,50.9581115717023,60
"5520",2027,51.1717937066392,50.9344021338657,51.7271611645904,60
"5520",2028,51.7563163792286,51.3994834418753,52.6096294881638,60
"5520",2029,52.259254645397,51.8051059182313,53.353992848886,60
"5520",2030,53.0360045213632,52.4214951895462,54.5809889175393,60
"5520",2031,53.8400797328422,53.0600047000407,55.8790545537004,60
"5520",2032,54.8426804112002,53.8495948391308,57.5524487537978,60
"5520",2033,55.9407986371594,54.7102405028136,59.4183744581832,60
"5520",2034,56.7571468241891,55.3610379978319,60.7354734409116,60
"5520",2035,58.1226856996602,56.3987198455084,63.1277352379214,60
"5520",2036,59.3172031947858,57.3088231441146,65.1929738534577,60
"5520",2037,60.2253848400729,58.0177746047487,66.6967431933324,60
"5520",2038,61.5901926692463,59.0425600054995,69.1207916324763,60
"5520",2039,62.7222838950302,59.9042184786964,71.0847349532871,60
"5520",2040,63.7747072793691,60.7089377793329,72.8935415025041,60
"5520",2041,65.2355306129743,61.7911621054456,75.5461950745718,60
"5520",2042,66.52444095492,62.7526742058234,77.8610184061815,60
"5520",2043,67.5143617694375,63.510277577794,79.5594468895275,60
"5520",2044,68.241235162459,64.0888011746561,80.7132117100427,60
"5520",2045,69.037708790875,64.7117161057503,82.0215780159791,60
"5520",2046,71.1505416615453,66.2344741608313,86.0072803962731,60
"5520",2047,72.1335397483348,66.9882805098121,87.6848818327036,60
"5520",2048,73.5971246048113,68.0683798850562,90.3381084039456,60
"5520",2049,74.9041758174795,69.0422560658723,92.6748649449682,60
"5520",2050,76.0692417909068,69.9243933497121,94.707875685247,60
"5522",2026,24.2326007148027,24.16514596845,25.0715635409638,60
"5522",2027,24.4032886771134,24.2937669202035,25.6250078251243,60
"5522",2028,24.7450252017578,24.5254630605174,26.504704143096,60
"5522",2029,24.9642279135833,24.6834953843385,27.1501889939523,60
"5522",2030,25.4678418568088,25.0448119932535,28.3519323590042,60
"5522",2031,25.9635771441184,25.3995016700604,29.5447541398983,60
"5522",2032,26.5334520290354,25.8048278343262,30.8933581962064,60
"5522",2033,27.251827948426,26.31154887277,32.5543054534678,60
"5522",2034,27.8211358575316,26.7131354959727,33.9164065835194,60
"5522",2035,28.3647770178542,27.0946536364466,35.232375299688,60
"5522",2036,29.5249883592367,27.8932856829247,37.8594154276778,60
"5522",2037,30.0007219583136,28.2274066607781,39.0379746637874,60
"5522",2038,31.1887758487565,29.0388585906427,41.7563579663597,60
"5522",2039,31.4644724411526,29.2341493719756,42.5153586244147,60
"5522",2040,32.9037754887144,30.2090997347767,45.8043879810326,60
"5522",2041,33.8634088281663,30.8586213250971,48.0678480804976,60
"5522",2042,34.5879309844247,31.3484898385363,49.8242289330668,60
"5522",2043,35.7800017790887,32.1479160276564,52.6223555619697,60
"5522",2044,36.6303908956216,32.7178330835459,54.6723744890031,60
"5522",2045,37.3344591588915,33.1939709370073,56.3865704141387,60
"5522",2046,38.9081756792292,34.2331108984085,60.0923666122285,60
"5522",2047,40.0728922776798,35.0025170293018,62.8833267853806,60
"5522",2048,41.4680299511483,35.9183846439274,66.2464584857167,60
"5522",2049,41.3820530930062,35.8723320517545,66.1461820436109,60
"5522",2050,43.829053083112,37.461864773002,72.274938409777,60
"5524",2026,99.5107820451933,99.186665405865,100.253543142161,60
"5524",2027,100.002739127814,99.4840859547714,101.218628598596,60
"5524",2028,100.609554644434,99.8692168584409,102.373587553897,60
"5524",2029,101.60033092308,100.530770419111,104.210797435649,60
"5524",2030,102.55496982302,101.172469403977,105.971823354627,60
"5524",2031,103.905359814522,102.097806658621,108.450010109833,60
"5524",2032,105.542300458486,103.224506301655,111.469317089255,60
"5524",2033,107.003061110229,104.235680338332,114.143717293664,60
"5524",2034,109.174337823797,105.73773669602,118.186686447537,60
"5524",2035,111.550554757027,107.38032799625,122.646766580653,60
"5524",2036,114.329418703931,109.293892940075,127.934330019547,60
"5524",2037,117.119363901315,111.213037419201,133.273617112708,60
"5524",2038,119.719132202981,112.998536327065,138.261323632995,60
"5524",2039,122.741219034845,115.065686690428,144.135540693174,60
"5524",2040,125.965670465126,117.261987341853,150.469184069644,60
"5524",2041,129.750085552241,119.818483094665,158.045272472868,60
"5524",2042,133.142347068513,122.109832464239,164.833340835481,60
"5524",2043,137.161066837169,124.799531195131,173.041269594762,60
"5524",2044,140.724994103893,127.184006086383,180.310460501613,60
"5524",2045,143.284691829271,128.908552773292,185.402509679893,60
"5524",2046,147.862148191585,131.935694436202,194.999323414882,60
"5524",2047,150.724954764201,133.846899134636,200.812365193455,60
"5524",2048,154.734965959466,136.493855446314,209.226753780711,60
"5524",2049,158.371308619976,138.896316728102,216.826109371932,60
"5524",2050,162.601979008111,141.672732821676,225.820681361638,60
"5526",2026,30.4219094992845,30.2734158573034,31.7957515802028,60
"5526",2027,30.7290838419788,30.4732213726551,32.7852744054218,60
"5526",2028,31.0498888164802,30.6800262349097,33.7489240353489,60
"5526",2029,31.4399639299133,30.9311368294127,34.8310020357204,60
"5526",2030,31.9310113648752,31.245801319449,36.0957471411761,60
"5526",2031,32.4818465011523,31.5971282877667,37.5435840348504,60
"5526",2032,33.1112612203847,31.9954863511633,39.2271768715112,60
"5526",2033,33.9155337856909,32.5021824067606,41.3212121991665,60
"5526",2034,34.6416187563093,32.9597446810533,43.2422246950052,60
"5526",2035,35.7355124910943,33.6401344837159,46.050549323566,60
"5526",2036,36.7262934642667,34.2559349754345,48.6296936199534,60
"5526",2037,37.7445613217892,34.8846267377892,51.2957405168493,60
"5526",2038,38.8632563842647,35.5715888082302,54.2243360567194,60
"5526",2039,39.925899908958,36.2207996893971,57.0350587870427,60
"5526",2040,41.2272529017487,37.0095847007932,60.4629569814369,60
"5526",2041,42.5346072739744,37.7963637451964,63.9363734534959,60
"5526",2042,43.8052688459481,38.5615448268184,67.3346532740934,60
"5526",2043,45.5721733181528,39.6660901390703,72.0521521426174,60
"5526",2044,46.8740598775588,40.4701305564393,75.5843607674394,60
"5526",2045,48.3534713098468,41.3837409836185,79.6065793887228,60
"5526",2046,49.7873448498187,42.2633682648969,83.5391854151594,60
"5526",2047,51.709511677608,43.444855038166,88.8231832812229,60
"5526",2048,53.3017529322035,44.4137415312102,93.2520928661525,60
"5526",2049,55.4399729081182,45.716625455038,99.2270112891162,60
"5526",2050,57.0128401565763,46.6629209398173,103.674575566271,60
"5528",2026,22.4184804585454,22.2469063015216,22.7322419525029,60
"5528",2027,22.7053082595,22.4457546077702,23.2514885593074,60
"5528",2028,23.0547291711017,22.682647620727,23.8864848566964,60
"5528",2029,23.4788853039579,22.9799155358003,24.6680923108624,60
"5528",2030,24.0619819441312,23.4143318260593,25.7661361608285,60
"5528",2031,24.8773841302062,23.9748849076685,27.3390382740768,60
"5528",2032,25.682773448451,24.5004236719101,28.9252874705121,60
"5528",2033,26.2197737076534,24.8657310750146,29.9668840394901,60
"5528",2034,26.6385030110969,25.1472461593883,30.7640472883184,60
"5528",2035,27.6662136838507,25.8552301527981,32.8505124495171,60
"5528",2036,29.1601614953058,26.8821224925933,36.0542334793749,60
"5528",2037,30.5758852995822,27.8442984708251,39.2108650350441,60
"5528",2038,31.4008141203857,28.4028821197968,40.9660920018843,60
"5528",2039,31.2115662064022,28.2637167166446,40.3174926693981,60
"5528",2040,33.604906879485,29.884445900898,45.9091093671721,60
"5528",2041,34.7710474409183,30.6649570561024,48.5749583247214,60
"5528",2042,36.1634891582918,31.5947682911846,51.8435333292622,60
"5528",2043,37.9923229358093,32.8061235766864,56.3237514428883,60
"5528",2044,38.1119556937056,32.8823231010343,56.3240273301289,60
"5528",2045,39.8221017457683,34.0094562214223,60.5395919741494,60
"5528",2046,41.7079131527356,35.2431245138422,65.2907509333461,60
"5528",2047,41.8728721869285,35.3459377867241,65.4306412047789,60
"5528",2048,45.001502810076,37.3290600060295,73.6664980051497,60
"5528",2049,44.8616437235985,37.2568431812194,72.9416081216485,60
"5528",2050,46.4291993720846,38.2444165808599,76.9531410680987,60
"5530",2026,279.200609829658,272.735889432242,281.595822584856,60
"5530",2027,280.996396495586,271.972469803517,284.777734941126,60
"5530",2028,283.62325881615,271.852456206565,289.466400962419,60
"5530",2029,285.923519038051,271.479188332634,293.598569312501,60
"5530",2030,289.385018580432,272.005138545591,299.871946437696,60
"5530",2031,293.711852126458,273.201166007072,307.841106370528,60
"5530",2032,297.657114670493,274.101495833186,315.147416232181,60
"5530",2033,303.714422005586,276.637744381572,326.559446328238,60
"5530",2034,308.506793958746,278.194123851302,335.600102381421,60
"5530",2035,314.59834438822,280.757069125592,347.232515607857,60
"5530",2036,321.944343334412,284.291805482501,361.457390496007,60
"5530",2037,328.140164332685,286.935617127372,373.447738505188,60
"5530",2038,337.708438574493,292.192379042314,392.419447241119,60
"5530",2039,344.643848167337,295.408863067301,406.107523419418,60
"5530",2040,352.256088542496,299.149741701746,421.269727568653,60
"5530",2041,361.295878966142,303.996428630612,439.557466626881,60
"5530",2042,370.681349562628,309.110819863448,458.718499123108,60
"5530",2043,381.234696597928,315.130183312362,480.54992709256,60
"5530",2044,389.40086604193,319.29877482496,497.342739123177,60
"5530",2045,398.253248697112,323.998834403385,515.729773930681,60
"5530",2046,410.389967037381,331.05284425993,541.496114813631,60
"5530",2047,419.302512506076,335.199922364163,560.259579808775,60
"5530",2048,432.313889297223,341.790519031576,588.38944748079,60
"5530",2049,441.479396437255,346.058574238845,607.944164193108,60
"5530",2050,454.431604644911,352.564204298757,636.325509656917,60
"5532",2026,110.79062589287,110.11094476272,111.397430936196,60
"5532",2027,111.431099052352,110.537281649688,112.5058552938,60
"5532",2028,112.34074468165,111.268120556118,114.090684669803,60
"5532",2029,113.076980216142,111.80447419539,115.377611826452,60
"5532",2030,114.237390109537,112.682972386081,117.396735555818,60
"5532",2031,115.034959206685,113.258758872556,118.783687532283,60
"5532",2032,116.886237199535,114.925922415458,122.021824094668,60
"5532",2033,118.914002449383,116.490327044188,125.596837397154,60
"5532",2034,120.232079166366,117.484347318688,127.920081952176,60
"5532",2035,122.371570174114,119.042869062431,131.798086373476,60
"5532",2036,124.366244693638,120.478592505424,135.414529872231,60
"5532",2037,127.288653158199,122.554525288105,140.836822705851,60
"5532",2038,129.373704185349,124.054989993619,144.640040335333,60
"5532",2039,131.575711901161,125.63697073866,148.673770883409,60
"5532",2040,134.587101838367,127.773230375911,154.316268948085,60
"5532",2041,136.909376892207,129.434576993637,158.611267806108,60
"5532",2042,140.977466527171,132.281349045647,166.436789096193,60
"5532",2043,143.610171322473,134.153023121652,171.377780893433,60
"5532",2044,146.55250796869,136.229096885194,176.973705281126,60
"5532",2045,150.256524240723,138.816662464845,184.155348885389,60
"5532",2046,154.728791145509,141.909203382948,192.99515809976,60
"5532",2047,158.814784266161,144.738174012467,201.070914503086,60
"5532",2048,164.169719599535,148.397832473015,211.921755134786,60
"5532",2049,168.710009843611,151.503275162604,221.113835793871,60
"5532",2050,175.3474970771,155.986839559181,234.926253853066,60
"5534",2026,53.145463629387,52.921619882475,53.714810150286,60
"5534",2027,54.4298428759338,54.0022085381249,55.526932052705,60
"5534",2028,55.5636460595353,54.9847113960072,57.0483675109242,60
"5534",2029,56.7397303504334,56.0071414065468,58.6184046978513,60
"5534",2030,58.7133064019001,57.5954908343351,61.6163045407175,60
"5534",2031,60.5267393361766,59.076134879254,64.3338223216344,60
"5534",2032,62.3274586856153,60.5560301375799,67.0087475217653,60
"5534",2033,65.015113076677,62.6490180739,71.3829260344086,60
"5534",2034,67.1413023929283,64.363644963877,74.6639644795902,60
"5534",2035,69.8884146960002,66.502870423934,79.1687249711736,60
"5534",2036,73.0149452136549,68.9018209370338,84.440969796787,60
"5534",2037,75.8883868740437,71.1304748114096,89.2180414959858,60
"5534",2038,79.3045923240795,73.7199934296574,95.1327254347857,60
"5534",2039,82.7332590625569,76.314411226236,101.105731395823,60
"5534",2040,85.0088415027299,78.146427593156,104.655581392259,60
"5534",2041,88.2195940683523,80.6004308294206,110.170266974114,60
"5534",2042,90.8572883430113,82.6682818959238,114.500747979946,60
"5534",2043,95.5279865287129,86.0697397885774,123.210056769625,60
"5534",2044,98.8320939746841,88.5792995358356,128.974470895195,60
"5534",2045,101.893635042189,90.9263834500506,134.228970529252,60
"5534",2046,105.047235483835,93.3274773736699,139.709848255695,60
"5534",2047,108.377271101844,95.8452599189678,145.575565172098,60
"5534",2048,114.815785670691,100.36425551047,158.428322056333,60
"5534",2049,117.615644258792,102.533909749096,163.14348008213,60
"5534",2050,121.566136792212,105.442100057041,170.469922634346,60
"5536",2026,77.6874502699192,77.3534237367126,78.5527148895629,60
"5536",2027,78.345830115002,77.7507427193722,79.8822197090221,60
"5536",2028,78.8352752298403,78.0220115564188,80.9369856604665,60
"5536",2029,79.4431873149855,78.3670528182769,82.2297827926111,60
"5536",2030,80.8236991936243,79.2373175097202,85.0384501722702,60
"5536",2031,82.6747033953167,80.4120185245989,88.8690714966314,60
"5536",2032,83.9914381628113,81.2131197398656,91.692926601091,60
"5536",2033,85.1395010866008,81.8913228123045,94.2117421860511,60
"5536",2034,87.6141285376661,83.4469161373166,99.532089511098,60
"5536",2035,89.0427242454731,84.2912720773241,102.731272552251,60
"5536",2036,91.9100606639429,86.073946117299,109.079872090686,60
"5536",2037,94.3566968330474,87.564545331877,114.614404667538,60
"5536",2038,95.6847655211371,88.3188139941831,117.70951660907,60
"5536",2039,98.4245638873369,89.9696307058287,124.051475480482,60
"5536",2040,100.964483706838,91.4836095916133,130.000349177918,60
"5536",2041,104.176253448641,93.4124036957387,137.593788112045,60
"5536",2042,106.056049295036,94.4820266462616,142.13717026614,60
"5536",2043,107.449989342302,95.2269479368936,145.604557276891,60
"5536",2044,110.161703832074,96.8039502498541,152.20966245976,60
"5536",2045,113.366551769654,98.6783120318695,160.078158713555,60
"5536",2046,115.380215182913,99.8028622483806,165.091789092532,60
"5536",2047,117.691614289542,101.094990948237,170.916702608769,60
"5536",2048,119.548467177581,102.104132091728,175.630589697128,60
"5536",2049,122.312595799164,103.669840032576,182.622408683528,60
"5536",2050,123.517280693305,104.256650965718,185.802220327535,60
"5538",2026,21.1854611450108,21.1055464591208,21.6669324952193,60
"5538",2027,21.3326747748396,21.2010956149628,22.0530540091896,60
"5538",2028,21.6178417883209,21.3943306374233,22.6993967742897,60
"5538",2029,21.9774797524604,21.6523619875261,23.4917234552768,60
"5538",2030,22.5136752342755,22.0404710747694,24.6415511417628,60
"5538",2031,22.9514183616582,22.3559374417771,25.5985802312818,60
"5538",2032,23.4296633037824,22.7017074153352,26.6382763460012,60
"5538",2033,24.364211106928,23.3781319026535,28.6412831691274,60
"5538",2034,25.0767042411534,23.8930340473572,30.2294390758072,60
"5538",2035,25.9738224912607,24.5382858129586,32.2610618183791,60
"5538",2036,27.1658079083684,25.3890786622973,35.0250164269007,60
"5538",2037,27.8877444355424,25.9076327556031,36.6700600051317,60
"5538",2038,29.2443456732328,26.8681690311375,39.8975138786087,60
"5538",2039,30.0354466507283,27.4314828202847,41.7405246892144,60
"5538",2040,31.4018873616205,28.3928399922887,45.0541712339742,60
"5538",2041,32.46592690914,29.1416094001192,47.623783415629,60
"5538",2042,33.539253802069,29.8935449262229,50.2410894104968,60
"5538",2043,34.066176405464,30.2680683880777,51.442284090444,60
"5538",2044,34.9142569810252,30.8623568463483,53.4886718128424,60
"5538",2045,35.9963334515164,31.6160709015243,56.1585062047445,60
"5538",2046,36.5015012108307,31.9720861341798,57.3208937408915,60
"5538",2047,37.2024050969955,32.4645150120747,58.9868028516928,60
"5538",2048,38.3208499097092,33.2380993786047,61.7849032745527,60
"5538",2049,39.1186771864541,33.7958009470114,63.7145328187091,60
"5538",2050,40.1755568518909,34.529351778362,66.3422411692091,60
"5540",2026,32.3445196532176,32.2227596503001,32.619230330845,60
"5540",2027,32.6422369646902,32.4235968563697,33.1259053216179,60
"5540",2028,33.0569661706742,32.7044709105469,33.87721993244,60
"5540",2029,33.1863264375197,32.7835855793094,34.1123009823699,60
"5540",2030,33.7251462803072,33.1462102720302,35.111000621276,60
"5540",2031,33.9742652776277,33.3058525869101,35.5761543975387,60
"5540",2032,34.8636960102741,33.9041011861282,37.2704025218062,60
"5540",2033,35.6357751783609,34.4167288128412,38.7689597397286,60
"5540",2034,36.1762304941259,34.7695434265485,39.8231180001672,60
"5540",2035,36.7454151050815,35.1374751167093,40.950269960116,60
"5540",2036,37.5573930510398,35.6708182446441,42.5640742575237,60
"5540",2037,38.393080548721,36.2145735061578,44.2508007123348,60
"5540",2038,39.2267771819666,36.754059326712,45.9490001004397,60
"5540",2039,40.2794265864697,37.4352634106872,48.124493813334,60
"5540",2040,41.1432243591185,37.9922626206408,49.9053798596753,60
"5540",2041,42.0343090713832,38.561313113746,51.7694116281514,60
"5540",2042,43.2944688267706,39.3723564674657,54.4365513177817,60
"5540",2043,44.0971473258869,39.882924151572,56.1195079452769,60
"5540",2044,45.2604477641793,40.6208645295808,58.6255540306879,60
"5540",2045,45.655311469308,40.863978803999,59.4201899768858,60
"5540",2046,46.9292185581753,41.6687859382696,62.1959130972765,60
"5540",2047,47.5395323576318,42.0483586081894,63.4801414418783,60
"5540",2048,48.3633394905118,42.5640713322744,65.2489118427098,60
"5540",2049,49.7709644090071,43.4528928373028,68.3468580017123,60
"5540",2050,50.8971224442337,44.1523611851537,70.8476272047259,60
"5542",2026,65.8031640477315,63.6923463112339,66.4356643372848,60
"5542",2027,66.1729554837897,63.2698253290675,67.1148673796947,60
"5542",2028,66.721931121078,63.0122941630464,68.119841724327,60
"5542",2029,67.5501278839144,63.0141669083347,69.6473773523645,60
"5542",2030,68.6008389465448,63.2198984612464,71.6073329280986,60
"5542",2031,69.1697669971498,62.9908306766042,72.6983191429742,60
"5542",2032,70.135892688751,63.1258942896647,74.5614254167461,60
"5542",2033,71.4141513571188,63.5550022126602,77.0752229031368,60
"5542",2034,72.6023679855035,63.9061046145666,79.4347507413508,60
"5542",2035,74.2357518567423,64.6805269354656,82.734250460266,60
"5542",2036,74.8558075790994,64.5122763137793,83.9887228766685,60
"5542",2037,76.0740520051838,64.9068056426119,86.4792899880157,60
"5542",2038,77.7202074250728,65.7091827061999,89.8795179338555,60
"5542",2039,78.6190788363153,65.8125792817139,91.7514193441813,60
"5542",2040,80.0843848957014,66.4514308527694,94.8085537990538,60
"5542",2041,81.7225591346821,67.2641671498387,98.2270647741044,60
"5542",2042,83.2907177689219,67.9977617885745,101.501427058956,60
"5542",2043,85.509010593455,68.8931499388417,106.138938560178,60
"5542",2044,86.2409507494772,68.8784123609258,107.705174593283,60
"5542",2045,88.8037795505778,69.9768389571692,113.123220711817,60
"5542",2046,89.8850208601911,70.1740241767756,115.427057040701,60
"5542",2047,92.7101990729382,71.4241810183348,121.47796088146,60
"5542",2048,95.8173478274078,72.8391260174956,128.206848738375,60
"5542",2049,98.5935740674938,74.0548702453423,134.245209307948,60
"5542",2050,99.3633315195917,74.0622760837622,135.877354885673,60
"5544",2026,61.8984527252981,61.674789123771,62.4052477113039,60
"5544",2027,62.5833833537619,62.1940614069423,63.5449990105572,60
"5544",2028,63.3634344216232,62.7837648684529,64.8916702957959,60
"5544",2029,64.1355215324453,63.3663312685127,66.2310041995927,60
"5544",2030,65.1835463607878,64.1545473496885,68.1125265701449,60
"5544",2031,66.4505446197272,65.1051228077756,70.4376786701572,60
"5544",2032,68.10189186592,66.3379635118953,73.5072618005918,60
"5544",2033,69.7931004237654,67.5819859246037,76.6361816969488,60
"5544",2034,71.4582660796448,68.7786289070152,79.7382349860422,60
"5544",2035,73.44513414458,70.1914772510572,83.5020843610416,60
"5544",2036,75.673294360494,71.7579842781042,87.7913422314411,60
"5544",2037,77.9779777013563,73.3703826603681,92.273254887825,60
"5544",2038,79.8310424396457,74.6737393573574,95.8576991640844,60
"5544",2039,82.5031075267185,76.5185105948325,101.217759084926,60
"5544",2040,85.0464078405192,78.2667819543127,106.399202556432,60
"5544",2041,87.6431006836947,80.0447703740781,111.735858895632,60
"5544",2042,90.4774303016551,81.96883054288,117.656935822231,60
"5544",2043,92.894993177036,83.6172628892777,122.668447555979,60
"5544",2044,95.3017453467222,85.2512129904215,127.692374702606,60
"5544",2045,98.2846419364544,87.2519700803803,134.073510499189,60
"5544",2046,100.820932078728,88.9563165640907,139.468036603398,60
"5544",2047,103.919694889767,91.0203750661462,146.194111385634,60
"5544",2048,107.227589081214,93.2067635059553,153.47942223757,60
"5544",2049,109.721984686187,94.8706717849413,158.85910396206,60
"5544",2050,114.62138978008,98.0498817691007,170.088462174495,60
"5546",2026,22.366743175051,22.2670928927855,22.6890451318423,60
"5546",2027,22.4951886394707,22.358820472891,22.9352899457253,60
"5546",2028,22.8964128477259,22.6583686206887,23.6616860814594,60
"5546",2029,23.0602292530838,22.7777419409818,23.9735277162626,60
"5546",2030,23.388140922156,23.0079094048903,24.5793792620454,60
"5546",2031,23.7765899027524,23.295374868413,25.3031360340175,60
"5546",2032,24.1583055380145,23.5765713522762,26.0305787113616,60
"5546",2033,24.7393085798733,24.008576327514,27.1503133073375,60
"5546",2034,25.4000893143619,24.4929163068215,28.4422317074077,60
"5546",2035,25.8357228763777,24.80109471828,29.2964296486932,60
"5546",2036,26.1117975483283,24.9993069422179,29.8345867476664,60
"5546",2037,27.2465126763418,25.7791199825639,32.1207628585522,60
"5546",2038,28.4303027076101,26.5878807072705,34.5470811331316,60
"5546",2039,29.3963242970366,27.242903461584,36.5577075634422,60
"5546",2040,29.9430829742038,27.6226355820394,37.6628127107644,60
"5546",2041,30.6158219654959,28.0803106069951,39.0594594852853,60
"5546",2042,32.0624389122098,29.0431489187629,42.1704860858135,60
"5546",2043,32.9915032527005,29.668987218617,44.1500264446471,60
"5546",2044,34.2331058442076,30.4896550855808,46.8799271736427,60
"5546",2045,34.5605693818002,30.7178428075655,47.5210063359905,60
"5546",2046,36.3510448232193,31.8863180958521,51.5590959406264,60
"5546",2047,36.485285182077,31.9829635401338,51.7729940808876,60
"5546",2048,38.3398254745167,33.184388717614,56.0168152650784,60
"5546",2049,39.9546784481901,34.2155315115114,59.7767716347807,60
"5546",2050,40.7814054416738,34.7555149729082,61.6229983167815,60
"5601",2026,284.418968197304,281.781668716434,286.541187216341,60
"5601",2027,286.762105327621,283.128337701795,290.132493791954,60
"5601",2028,289.712292790789,284.974462755543,294.742141130072,60
"5601",2029,293.083392097531,287.309055027271,300.07053955806,60
"5601",2030,297.241073125843,290.506464960421,306.78298594465,60
"5601",2031,301.378679117097,293.681522380519,313.450591451124,60
"5601",2032,306.430626686684,297.197848110732,321.76866042846,60
"5601",2033,312.268894256515,301.204196891497,331.535550310754,60
"5601",2034,318.9727750895,306.413348089612,342.931347546042,60
"5601",2035,326.341408103255,312.191006305583,355.613514651031,60
"5601",2036,333.914185927381,318.13744435663,368.72281643777,60
"5601",2037,342.288288173842,324.718022478265,383.409901004223,60
"5601",2038,350.971085550697,331.108631654919,398.765488401531,60
"5601",2039,360.658223899123,338.194146953911,416.174510097289,60
"5601",2040,371.654623540318,346.079814277764,436.283880754194,60
"5601",2041,382.531933461954,353.863978055829,456.288224967923,60
"5601",2042,393.896865547039,361.97602994692,477.388155182132,60
"5601",2043,404.107659413452,369.253119633177,496.227665049946,60
"5601",2044,416.010129205921,377.67249963454,518.646710152637,60
"5601",2045,429.718142163205,387.305691226564,544.986712083831,60
"5601",2046,443.493949558956,396.963154879955,571.637903624234,60
"5601",2047,458.262678291287,407.271739902451,600.580885283737,60
"5601",2048,469.801370603959,415.271750660158,622.873675739084,60
"5601",2049,486.038775563336,426.277017639527,655.692165406374,60
"5601",2050,503.30716911771,437.903929118897,691.098722840343,60
"5603",2026,155.183672306735,152.080917315273,156.458832250209,60
"5603",2027,156.714673979571,152.473683396093,158.665528486443,60
"5603",2028,158.78283576802,153.46495485725,161.772028854053,60
"5603",2029,161.028959813835,154.573631193455,165.178586918116,60
"5603",2030,163.587459523646,155.950245779644,169.122070007197,60
"5603",2031,166.545949767658,157.713826595661,173.765711215794,60
"5603",2032,169.563784366122,159.535219965849,178.519532665398,60
"5603",2033,173.526689532353,162.277363639203,184.96680642729,60
"5603",2034,177.509747496449,165.042386863265,191.518962223605,60
"5603",2035,181.590545661955,167.845022494211,198.404595997941,60
"5603",2036,186.171139274987,170.757770939247,206.292102473786,60
"5603",2037,191.073051837407,173.914367488783,214.842810747125,60
"5603",2038,196.396319086104,177.386969015231,224.302647818469,60
"5603",2039,201.290401808315,180.535896473774,232.943069368612,60
"5603",2040,206.499990128701,183.874836809199,242.269479090223,60
"5603",2041,213.033274012821,188.172930635033,254.386027427171,60
"5603",2042,219.717885462405,192.577164802516,266.864001359073,60
"5603",2043,225.779794785861,196.52629973136,277.88400239792,60
"5603",2044,231.161052205417,199.980677365726,287.549177895067,60
"5603",2045,238.31726606047,204.852962477134,300.87950303942,60
"5603",2046,245.38023652205,210.13371585061,314.086753445403,60
"5603",2047,253.996723896883,216.698302970383,330.579845652756,60
"5603",2048,261.855252405287,222.019224586045,345.602998371622,60
"5603",2049,270.436185323808,227.862741426113,362.221463851487,60
"5603",2050,279.145404819986,233.789505274522,379.230320902021,60
"5605",2026,113.506935032537,113.081578679071,114.05357778481,60
"5605",2027,114.468449141033,113.790832894346,115.446054984797,60
"5605",2028,115.612300364077,114.639836082356,117.131643956437,60
"5605",2029,116.783145480323,115.513159355676,118.857144850231,60
"5605",2030,118.386727432454,116.707701313939,121.327700539987,60
"5605",2031,120.255196511901,118.095103425272,124.2744294134,60
"5605",2032,122.370350633527,119.638708789478,127.668215146033,60
"5605",2033,124.774352664671,121.38527078733,131.589264765504,60
"5605",2034,127.194561959202,123.146146117623,135.545148636391,60
"5605",2035,130.23171766687,125.332884902898,140.654764245222,60
"5605",2036,133.57759994234,127.731141528634,146.364060756402,60
"5605",2037,136.915059365495,130.1213319028,152.083792028222,60
"5605",2038,140.631856992375,132.764772057878,158.563960659089,60
"5605",2039,144.447887040257,135.468577792691,165.278390691606,60
"5605",2040,148.74616771048,138.491579678533,172.979574364404,60
"5605",2041,153.978462150612,142.123686131382,182.627377518841,60
"5605",2042,158.868165039589,145.517664607289,191.65792621588,60
"5605",2043,163.161630263134,148.508172738898,199.523422942189,60
"5605",2044,168.526002691803,152.191133243173,209.667193296997,60
"5605",2045,174.275234157259,156.111422269947,220.704507759128,60
"5605",2046,180.266142382372,160.176750994797,232.338503448781,60
"5605",2047,186.297351992128,164.248661758235,244.16945423177,60
"5605",2048,191.777137792849,167.955139305011,254.914868029549,60
"5605",2049,198.179206679647,172.237190564414,267.798782747128,60
"5605",2050,204.738677201656,176.610030771276,281.113353115974,60
"5607",2026,80.4833930713682,80.1367239101225,81.051232151029,60
"5607",2027,81.0040206332369,80.4410929398942,82.0443970916402,60
"5607",2028,81.5575083581545,80.7601090381613,83.098411386568,60
"5607",2029,82.5426555115818,81.3797972527281,84.9466432314835,60
"5607",2030,83.5698434687589,82.0284864792601,86.8841235429422,60
"5607",2031,84.5721157336615,82.6583031451678,88.7864486503312,60
"5607",2032,86.0400697174935,83.6056506865218,91.5913666892006,60
"5607",2033,87.6016735608405,84.6124619982938,94.5954609112829,60
"5607",2034,89.5373907125226,85.8652214020191,98.3716188316362,60
"5607",2035,91.6374597412586,87.2252469176284,102.506605870689,60
"5607",2036,93.5190551000014,88.4344841819814,106.231437211731,60
"5607",2037,96.1402528940801,90.1274485421544,111.517141682969,60
"5607",2038,98.4111805281378,91.5820842027376,116.120246941936,60
"5607",2039,101.392619912562,93.4939327834938,122.277848744037,60
"5607",2040,104.251640739027,95.3190705694018,128.226207137438,60
"5607",2041,106.939588966437,97.0252629710594,133.851785239737,60
"5607",2042,110.499806288114,99.2834721363941,141.462103153077,60
"5607",2043,112.621836295012,100.614315706673,145.90322613201,60
"5607",2044,116.929722915838,103.331482102792,155.32405731323,60
"5607",2045,121.282844295101,106.063817111304,164.958816647186,60
"5607",2046,124.108297693293,107.819928864272,171.129038516061,60
"5607",2047,128.314360489243,110.433131210838,180.594735965002,60
"5607",2048,131.789464450534,112.575517282931,188.414717545994,60
"5607",2049,136.708601653142,115.608421232087,199.760441744344,60
"5607",2050,143.127916248043,119.546382549138,214.935125953261,60
"5610",2026,26.400716541179,26.2529796597474,26.7773440861245,60
"5610",2027,27.0432693838037,26.8029110464034,27.6614764590175,60
"5610",2028,27.7595697624373,27.4026470944848,28.6909402587268,60
"5610",2029,28.728824622603,28.17672372569,30.2052210918696,60
"5610",2030,29.6665533055553,28.926784859856,31.6734623500543,60
"5610",2031,30.7551733607305,29.7776899787106,33.4508278462737,60
"5610",2032,32.1233884951645,30.814529337587,35.8116184977403,60
"5610",2033,33.5047337653496,31.8570580075198,38.2253306022227,60
"5610",2034,35.2090905880079,33.1079302478336,41.3580128835639,60
"5610",2035,36.8010648533394,34.2811807496173,44.2817183936794,60
"5610",2036,38.9805661037532,35.8297958653724,48.5537441428241,60
"5610",2037,40.6674587173697,37.0530468401555,51.767296104305,60
"5610",2038,43.0760328645785,38.7307689562294,56.6965157199142,60
"5610",2039,45.8549156241128,40.6320496466712,62.5972188613599,60
"5610",2040,48.1468201931277,42.2141556002873,67.4165495744726,60
"5610",2041,50.864836699087,44.0540353645615,73.3534768623808,60
"5610",2042,53.2733488635033,45.6906126617109,78.5956038794937,60
"5610",2043,55.5990029222454,47.2659132236913,83.6923007469634,60
"5610",2044,59.188981263983,49.6028755033937,92.1658492064711,60
"5610",2045,61.5134064502337,51.1629744177442,97.3756008938333,60
"5610",2046,64.2239096034837,52.944396888253,103.694648649181,60
"5610",2047,67.1534563359613,54.8490797859089,110.676282433658,60
"5610",2048,69.1468155818988,56.1832849564185,115.155453803012,60
"5610",2049,73.7414172215468,59.0570573992065,126.949925523843,60
"5610",2050,74.1738319970866,59.459624968359,127.081770142403,60
"5612",2026,29.2252062083424,29.120067694541,29.7904717533404,60
"5612",2027,29.4321939873517,29.2646235649364,30.314477473965,60
"5612",2028,29.6639333513437,29.4271282324996,30.8899984143309,60
"5612",2029,29.9363450245493,29.6212748687052,31.5470527039877,60
"5612",2030,30.4141738417633,29.972009048965,32.5931009662458,60
"5612",2031,30.8880285100144,30.2791935656032,33.6469142678648,60
"5612",2032,31.4999658371472,30.6718702155679,34.9785552915388,60
"5612",2033,31.9925383905831,30.9808109827497,36.1117203090859,60
"5612",2034,32.7935706858888,31.4792693686049,37.9287521459787,60
"5612",2035,33.6350415473281,31.9967366816178,39.8635909093172,60
"5612",2036,34.3284487320104,32.41509283825,41.5061651127014,60
"5612",2037,35.5949038628971,33.1836406459535,44.4552287141199,60
"5612",2038,36.9711929309576,34.0043927576915,47.7345986938965,60
"5612",2039,37.9977864355267,34.6091054242343,50.236468739235,60
"5612",2040,39.3712471641396,35.4141549539371,53.6033208194683,60
"5612",2041,39.7740447940754,35.6355957512728,54.6628907470788,60
"5612",2042,41.4962016581812,36.6342532395094,58.9486815895112,60
"5612",2043,42.8384585942095,37.3978178186359,62.3680219252744,60
"5612",2044,43.9697572148028,38.0360702017463,65.2794693200886,60
"5612",2045,45.6046228216729,38.9593955471473,69.5100181698533,60
"5612",2046,46.1556732025089,39.2494947073687,70.9979255300478,60
"5612",2047,47.51433934345,40.0310415598197,74.5763309920606,60
"5612",2048,48.5979917587116,40.6443689954277,77.4851250813783,60
"5612",2049,50.4148530653213,41.711796873062,82.3429306741792,60
"5612",2050,52.5106284411842,42.9433500644502,88.0171974353789,60
"5614",2026,20.4006190401664,20.1308584088748,20.6162918396045,60
"5614",2027,20.5770409818737,20.2029131824558,20.8840314732551,60
"5614",2028,20.8705860992388,20.3765449799499,21.3556380492685,60
"5614",2029,21.2985166523626,20.6670140605455,22.0641208390263,60
"5614",2030,21.52051442632,20.7788904156909,22.4017938752724,60
"5614",2031,21.9992490506901,21.1138355650241,23.1996328188707,60
"5614",2032,22.4142075682271,21.3632083585395,23.8864795842972,60
"5614",2033,22.67995983932,21.5214382259102,24.2891512610952,60
"5614",2034,23.3534516603852,21.9214969667351,25.4677823219166,60
"5614",2035,23.4984125432348,22.0114159502701,25.6303487251533,60
"5614",2036,23.9403245208047,22.2760264134328,26.3634102312324,60
"5614",2037,24.2092580482448,22.4388532145454,26.7644364261559,60
"5614",2038,24.6562085741229,22.7088146024454,27.501248504075,60
"5614",2039,25.2630337086265,23.0698155601971,28.5552259885028,60
"5614",2040,26.4188712547565,23.7578339626493,30.6747666045574,60
"5614",2041,26.8516226633118,24.0166384217617,31.3943378656888,60
"5614",2042,27.2541531879911,24.2584302896211,32.0523837105216,60
"5614",2043,27.7644293390829,24.569877849492,32.9052722326177,60
"5614",2044,28.7551563335926,25.1549653436057,34.7341427943518,60
"5614",2045,29.964765041598,25.8712977713078,37.0034983180983,60
"5614",2046,30.691425208305,26.3025264683882,38.3147675968954,60
"5614",2047,31.350042981453,26.7029842864161,39.463073220807,60
"5614",2048,32.3938046069404,27.3159148014739,41.4329522689615,60
"5614",2049,34.1456134541572,28.3360324212688,44.8873073487231,60
"5614",2050,34.5886305206112,28.6090310435389,45.598648136211,60
"5616",2026,18.8128444087847,18.0153232245261,18.8971555857455,60
"5616",2027,19.2107879013715,18.0874273770124,19.3518078752205,60
"5616",2028,19.7195246445839,18.2406096121016,19.9725133226818,60
"5616",2029,20.3890753610474,18.5122609771714,20.8477107089441,60
"5616",2030,20.9662023353393,18.7144510211724,21.5602232373732,60
"5616",2031,21.5442578513611,18.9161878932138,22.2591907318029,60
"5616",2032,22.0497490301763,19.063172254013,22.825610035642,60
"5616",2033,22.822164778777,19.4081226654952,23.8341698836664,60
"5616",2034,24.0167264146971,20.0465190294047,25.583439852333,60
"5616",2035,24.4805220301733,20.1723539049739,26.0271825368145,60
"5616",2036,25.2551800321257,20.5101436611061,27.0259802155289,60
"5616",2037,26.5466729441163,21.2009346092917,28.9325014037087,60
"5616",2038,27.9327225456597,21.9561524410251,31.0268525815418,60
"5616",2039,29.0862750162292,22.553171062867,32.6902986444211,60
"5616",2040,30.1074032138659,23.0599566469875,34.1088420141808,60
"5616",2041,30.55613939119,23.176996462,34.4475838914961,60
"5616",2042,32.3666978909787,24.2222941730436,37.3202552114672,60
"5616",2043,33.7696712447129,24.9897146173192,39.4391663383047,60
"5616",2044,35.3438445706861,25.8739556219023,41.8781519934754,60
"5616",2045,37.2617912883398,26.9920471648591,45.0012207045722,60
"5616",2046,37.7136340623888,27.1120701225084,45.2849858028748,60
"5616",2047,40.4925861732077,28.8167063537536,50.0858619662972,60
"5616",2048,40.9297954539353,28.9268661237228,50.3210288921791,60
"5616",2049,42.871914308969,30.0616400378217,53.5080924093625,60
"5616",2050,45.1545077290436,31.4276835865192,57.4123540576706,60
"5618",2026,23.0848992640332,23.0050879461217,23.3887229644615,60
"5618",2027,23.5502561686786,23.4302078662002,23.9984312912255,60
"5618",2028,24.2126369926968,24.0027524046566,24.9338510684631,60
"5618",2029,24.8287827347503,24.5433463866205,25.7858353607152,60
"5618",2030,25.5793024248175,25.1834088598353,26.8631448393227,60
"5618",2031,26.2176512852932,25.7424276036235,27.7475367219721,60
"5618",2032,27.0413495960053,26.4368562533592,28.9503880152591,60
"5618",2033,28.2385661858969,27.3578314812654,30.7986531046907,60
"5618",2034,29.0066232485074,27.9975210790322,31.9042080511842,60
"5618",2035,30.2139913021513,28.9198845957944,33.8112167707424,60
"5618",2036,31.4595650651059,29.8731385491142,35.8343041859719,60
"5618",2037,32.5240712970663,30.7066100522449,37.5215877770353,60
"5618",2038,33.0299983312083,31.1894527570961,38.1059820354054,60
"5618",2039,34.4450858079688,32.249165687721,40.4719601463389,60
"5618",2040,36.1638628835332,33.4951668696002,43.4570559558235,60
"5618",2041,36.5648879199381,33.9119822342958,43.8328497308382,60
"5618",2042,37.3771243546428,34.591089116816,45.0110486124734,60
"5618",2043,38.7854534815847,35.6366896905338,47.3915204962595,60
"5618",2044,40.4700984448236,36.8577740717282,50.3206515679672,60
"5618",2045,40.7609113970514,37.2125587540443,50.4525738116604,60
"5618",2046,40.8450533053026,37.4366439268949,50.1835533816998,60
"5618",2047,43.0164751156551,38.9569252430835,54.0912184601052,60
"5618",2048,44.5739615078232,40.1027500920236,56.7608121986404,60
"5618",2049,46.9839791351842,41.7672148749864,61.2252084679308,60
"5618",2050,48.3419720380721,42.8083785141812,63.5006381271131,60
"5620",2026,32.3057486189803,32.2435450038626,32.793488760465,60
"5620",2027,32.4566770035384,32.3683038457484,33.1484816320594,60
"5620",2028,32.7379784246365,32.6120957424603,33.7261682133893,60
"5620",2029,33.1330946680874,32.9540229776649,34.5015955168406,60
"5620",2030,33.4604641978274,33.2214542972118,35.16127024525,60
"5620",2031,33.8966475691826,33.5726625463281,36.0109940511208,60
"5620",2032,34.3922520879407,33.9691267310574,36.9674127637304,60
"5620",2033,35.2375983523922,34.6256178419813,38.5595303073175,60
"5620",2034,35.8834813469231,35.1320170178898,39.798958343169,60
"5620",2035,36.8674508161725,35.8871906577858,41.7358970521785,60
"5620",2036,37.6724048716588,36.5099812971391,43.3549991263127,60
"5620",2037,38.5996695659285,37.2219023302592,45.2362698353788,60
"5620",2038,39.66791661431,38.0323414366624,47.4399441321565,60
"5620",2039,40.7336303757269,38.8346909081476,49.6442611918429,60
"5620",2040,41.6016086393759,39.4858217307111,51.4400362888126,60
"5620",2041,42.9852713282255,40.4877635118369,54.3799693698919,60
"5620",2042,44.7500765110367,41.7412261935231,58.216936450605,60
"5620",2043,45.9382675316652,42.6026486927255,60.774390853958,60
"5620",2044,47.0453226783856,43.4056874898962,63.164962313347,60
"5620",2045,48.474623104014,44.4226698254185,66.3123325971221,60
"5620",2046,50.0355798115609,45.5213788485236,69.8021940828878,60
"5620",2047,51.8749068422512,46.8006968140022,73.9825609166565,60
"5620",2048,53.3020455865507,47.8050656866815,77.2006558340141,60
"5620",2049,54.9118821840407,48.923268152047,80.8936460296333,60
"5620",2050,56.8044055180196,50.22289026802,85.304809112093,60
"5622",2026,78.9039579437503,78.1213863117462,79.7622225939165,60
"5622",2027,80.0569248776239,79.0506864675708,81.5746740188306,60
"5622",2028,81.5708953176395,80.1178114295043,84.0549426603955,60
"5622",2029,83.248087334486,81.3361948399751,86.849655667029,60
"5622",2030,85.2301287102053,82.7912144382283,90.2368955472694,60
"5622",2031,87.6625141048832,84.5943699313747,94.524874260915,60
"5622",2032,90.622250972079,86.7833662630264,99.9012715381454,60
"5622",2033,93.7392680564307,88.9379247826052,105.656819097436,60
"5622",2034,97.353317690912,91.4103884814776,112.499891414589,60
"5622",2035,101.340908265923,94.1123800838984,120.221143436825,60
"5622",2036,105.93338721736,97.1876274728647,129.358557831771,60
"5622",2037,110.299575061973,100.101851494982,138.150918788258,60
"5622",2038,115.303463894851,103.407934728888,148.486709426408,60
"5622",2039,120.151714962226,106.594842886185,158.604702875008,60
"5622",2040,125.888778330299,110.316814592539,170.944291622037,60
"5622",2041,130.68747646757,113.439488131253,181.176373934329,60
"5622",2042,137.103450745716,117.53704251827,195.466370876507,60
"5622",2043,141.517991976256,120.398774743794,204.935719920279,60
"5622",2044,147.074625085069,123.94022619535,217.335917953491,60
"5622",2045,154.468915710422,128.5690584213,234.575213601859,60
"5622",2046,159.082678631053,131.502914909658,244.871295834607,60
"5622",2047,164.861827495568,135.125192631865,258.272601511408,60
"5622",2048,169.928636731696,138.311574529946,269.879494827691,60
"5622",2049,176.293471851557,142.259146609435,285.011397271049,60
"5622",2050,182.670222244,146.190472678072,300.337965368052,60
"5624",2026,11.3102884881585,11.2295412664166,11.9492492958569,60
"5624",2027,11.4970707630767,11.3875824922578,12.4549644296056,60
"5624",2028,11.6875930948998,11.5407278433208,12.9666288621792,60
"5624",2029,11.9453766841283,11.7484232942658,13.6305380760662,60
"5624",2030,12.1523611803679,11.9153736822666,14.17427471781,60
"5624",2031,12.3138997084084,12.0454308979534,14.6111383241041,60
"5624",2032,12.5678761654093,12.2518477080249,15.2562545145707,60
"5624",2033,13.1135732456155,12.6952777939434,16.5936463457622,60
"5624",2034,13.4697155009555,12.9855220174786,17.4840686515602,60
"5624",2035,14.0042585239486,13.4216002191449,18.8065257005227,60
"5624",2036,14.2195201157099,13.5983529999384,19.3456279068244,60
"5624",2037,14.8872522950431,14.1420211944222,21.0057703477228,60
"5624",2038,15.6532069074697,14.7639043611984,22.8920173297762,60
"5624",2039,16.0655778138553,15.1005682072522,23.9087340700563,60
"5624",2040,16.6308338981665,15.5602325447789,25.2940652254649,60
"5624",2041,17.1265142027303,15.9579072680736,26.5161265199793,60
"5624",2042,18.2217390098644,16.7443183176729,29.2144638237072,60
"5624",2043,18.69823279519,17.117652117406,30.3892659124577,60
"5624",2044,19.5311054314198,17.7138456016331,32.4682331076425,60
"5624",2045,20.5309689003109,18.4134960002563,34.9832622962088,60
"5624",2046,21.1709067280854,18.887451598536,36.5832745301427,60
"5624",2047,21.9784972565033,19.4659160399572,38.6170495753482,60
"5624",2048,22.8451986855599,20.076818784116,40.8209002513011,60
"5624",2049,23.5049404906177,20.5596130296542,42.4872152005413,60
"5624",2050,24.6938399454845,21.3671319917193,45.552035250858,60
"5626",2026,11.0619587315898,10.9530013270331,11.1633988433947,60
"5626",2027,11.5262741346068,11.3677335193835,11.6827780555102,60
"5626",2028,12.0861342900923,11.8583451315654,12.3414812729414,60
"5626",2029,12.6933942462312,12.3869883908398,13.0691489931789,60
"5626",2030,13.4311919339763,13.001057906301,14.0157958154177,60
"5626",2031,14.1862804357148,13.6197646914971,14.9994677711846,60
"5626",2032,14.7604283885083,14.1346387955183,15.6462694493319,60
"5626",2033,15.6223562169508,14.8245607889564,16.810243714592,60
"5626",2034,16.4736622026272,15.5110614535625,17.9512645057661,60
"5626",2035,17.399489261052,16.2647203494046,19.2301803407231,60
"5626",2036,18.5517690290252,17.1931958601407,20.9389019315263,60
"5626",2037,19.4947046386701,17.9770491992473,22.2443653967002,60
"5626",2038,20.6046615980318,18.8953908807536,23.869800946876,60
"5626",2039,21.5737918079276,19.7052857323315,25.2173653808298,60
"5626",2040,22.9212694159396,20.8063128628889,27.3276197378419,60
"5626",2041,23.8071251857673,21.5536538099549,28.4994402428091,60
"5626",2042,25.0624621228884,22.5863251068464,30.4138179690027,60
"5626",2043,26.7439542340646,23.944462033258,33.2239388234006,60
"5626",2044,27.6100971519571,24.6816284162,34.3194802146388,60
"5626",2045,28.9075396395092,25.745864538953,36.3369458633638,60
"5626",2046,30.9543024478406,27.3847353502534,39.9338302965919,60
"5626",2047,31.8127043335657,28.1162601211137,41.0054643097108,60
"5626",2048,33.8273373024783,29.7289452517961,44.5436397504461,60
"5626",2049,35.2158678229959,30.8661210394692,46.7344229514241,60
"5626",2050,37.3887882423094,32.5580860613898,50.6232674592036,60
"5628",2026,49.6037308908014,49.117397516818,49.8872491961432,60
"5628",2027,49.9789163046049,49.3266918337405,50.4711990424079,60
"5628",2028,50.4715633996543,49.6668583752921,51.2639121922406,60
"5628",2029,51.1239597305124,50.1868041000537,52.3440165941023,60
"5628",2030,51.8612887814859,50.7782301497587,53.58809289994,60
"5628",2031,52.7129179513,51.4180379330635,55.0565597376065,60
"5628",2032,53.6813575826402,52.014502938353,56.759852387723,60
"5628",2033,54.614799014496,52.5908531999772,58.4028152803344,60
"5628",2034,55.9725400642116,53.4099688746817,60.8747709170964,60
"5628",2035,57.349592738736,54.2881072022494,63.4164579636793,60
"5628",2036,58.9379986579539,55.4134975605515,66.394955742921,60
"5628",2037,60.0020291214893,56.1331030215156,68.3422344743396,60
"5628",2038,61.7486946852217,57.3758676473148,71.6897752461872,60
"5628",2039,63.3033938295747,58.4640926125273,74.6778193076438,60
"5628",2040,65.350632588845,59.9142722275308,78.7201616832581,60
"5628",2041,68.024098505143,61.8263009888716,84.1629495458028,60
"5628",2042,69.1253125146748,62.5655064266107,86.2374276818445,60
"5628",2043,71.5848625350471,64.3122003353144,91.2937554646683,60
"5628",2044,74.0922828276271,66.0905992077684,96.5075419297699,60
"5628",2045,76.357681784406,67.686598557868,101.222856094761,60
"5628",2046,78.155194027876,68.8796717600008,104.906079213822,60
"5628",2047,81.5188475922905,71.0640714225608,112.193683719576,60
"5628",2048,83.4369096309094,72.3231233444693,116.197236989534,60
"5628",2049,87.7747776256304,75.0990257588111,125.935218011858,60
"5628",2050,90.7597845312377,77.0190326116112,132.54127634564,60
"5630",2026,8.47839466896904,8.30015222385543,8.77521754827128,60
"5630",2027,8.68781974251284,8.43574274907889,9.11480586741135,60
"5630",2028,8.99160641387608,8.64105334350767,9.62056197092528,60
"5630",2029,9.25930327592692,8.82029114554346,10.0624704114074,60
"5630",2030,9.4861807749688,8.96976721365058,10.4269955787071,60
"5630",2031,9.98214819113837,9.34870855832101,11.296620617389,60
"5630",2032,10.540865930339,9.78252001767827,12.3335526663479,60
"5630",2033,10.7324913174288,9.90076934047026,12.6092962621985,60
"5630",2034,11.2166116035625,10.270440176903,13.4916101245041,60
"5630",2035,11.763947773149,10.6944813479906,14.5108596872041,60
"5630",2036,12.3441659827811,11.1468246450832,15.6053213102023,60
"5630",2037,12.9233945949469,11.5983976950106,16.7084977016063,60
"5630",2038,13.5305973280412,12.0741341324666,17.8854556258885,60
"5630",2039,13.9883258613389,12.4211622248531,18.7225093779232,60
"5630",2040,14.3638737446908,12.6975256234008,19.3827504031451,60
"5630",2041,15.4481206504252,13.5839731862342,21.6904330334205,60
"5630",2042,15.8648617898916,13.8957703721668,22.4394265229605,60
"5630",2043,16.3179943498029,14.2389981852416,23.2924579399533,60
"5630",2044,16.8105418626199,14.6160559200745,24.2289782085718,60
"5630",2045,17.8022787537288,15.4059438047015,26.4494264331193,60
"5630",2046,18.3100773197281,15.7849736228855,27.443361049011,60
"5630",2047,18.7713160874144,16.1327158584722,28.3175886514648,60
"5630",2048,19.6444169729891,16.7566352863913,30.2605221612124,60
"5630",2049,20.3604210902193,17.2747688623784,31.8032974625365,60
"5630",2050,21.9036957642183,18.3427174323265,35.5774308143938,60
"5632",2026,32.6909877032237,32.5750015785343,33.0536234392912,60
"5632",2027,32.6297392403375,32.4700951455308,33.1556338593128,60
"5632",2028,32.6335975968957,32.4183942178968,33.3667091848029,60
"5632",2029,32.7049534026075,32.4208839856804,33.7017045085317,60
"5632",2030,32.7669072986125,32.3996174025236,34.0180145435016,60
"5632",2031,33.0524664540752,32.5227415243936,34.7589013211573,60
"5632",2032,33.3635326993075,32.6619429955434,35.5751324499646,60
"5632",2033,33.6644287580577,32.7923927329787,36.381645628329,60
"5632",2034,34.1943194304983,33.0678317039376,37.6612670375106,60
"5632",2035,34.5676378108567,33.2444571423963,38.6244658668503,60
"5632",2036,35.1754989467667,33.5635026457652,40.0994934057556,60
"5632",2037,36.1026331075388,34.0808279719444,42.2810637646286,60
"5632",2038,36.7500679430509,34.4422150755053,43.8799011251048,60
"5632",2039,37.5660960372948,34.9161978940082,45.8595810568526,60
"5632",2040,38.5606084145569,35.5029042646447,48.2759125969,60
"5632",2041,39.3681923188856,35.9636787055489,50.2572690254359,60
"5632",2042,40.0968740874785,36.3727125477638,52.0635478298119,60
"5632",2043,40.9491785822241,36.8610305278058,54.159880751104,60
"5632",2044,42.1616033606981,37.5793235726666,57.1069798997961,60
"5632",2045,43.5259681195022,38.3880178992934,60.4553562605906,60
"5632",2046,44.1157919297671,38.6987681467851,61.9875666525264,60
"5632",2047,44.8489779759838,39.104196086441,63.8484420527739,60
"5632",2048,47.1764543895645,40.5092574830626,69.6187636980628,60
"5632",2049,48.1350215214547,41.0493645579943,72.0735557619904,60
"5632",2050,49.6740850088977,41.9503687529082,75.9886321633899,60
"5634",2026,19.2525474790212,18.9392767347492,19.6475322603322,60
"5634",2027,19.8423841818268,19.410983916201,20.4505711703265,60
"5634",2028,20.3880848751678,19.8374259682144,21.1801929735557,60
"5634",2029,21.1549227033897,20.4652955240829,22.270641856208,60
"5634",2030,21.695127523516,20.8889211352615,22.984783055352,60
"5634",2031,22.6063924057122,21.6155951903973,24.3316364028659,60
"5634",2032,23.5029670862766,22.3016781057094,25.6663351826809,60
"5634",2033,24.424500315965,23.0182072042908,27.0498488032851,60
"5634",2034,25.5186628962602,23.8645955904917,28.7500620366748,60
"5634",2035,26.7086632354276,24.781344126,30.6379756989027,60
"5634",2036,28.2866954964832,25.9856571119253,33.2704077800565,60
"5634",2037,29.717948806738,27.0793130212367,35.6427397149447,60
"5634",2038,30.7933926793046,27.908157589361,37.3361674102997,60
"5634",2039,32.5291352125911,29.2168674054193,40.3359418831682,60
"5634",2040,33.7328387180036,30.137308597877,42.2934676134412,60
"5634",2041,35.1412761142544,31.2044551368438,44.6707245100517,60
"5634",2042,36.751978117849,32.4172900172102,47.4630237120309,60
"5634",2043,37.7621363826869,33.1958822698928,49.0418867085243,60
"5634",2044,39.7031968110686,34.6434203811116,52.5384298288041,60
"5634",2045,41.384300887409,35.9020264611802,55.5699117722212,60
"5634",2046,42.038165745757,36.4201931113096,56.4000014760434,60
"5634",2047,44.0677285190489,37.927960053212,60.1951751058304,60
"5634",2048,45.7088277340926,39.1530838622559,63.1772542456903,60
"5634",2049,46.6860635472432,39.9062193214692,64.6878111754095,60
"5634",2050,48.9626360791834,41.5834961605817,69.0874028463724,60
"5636",2026,14.5998102050425,14.5257631356691,14.7659988570805,60
"5636",2027,14.9134037400862,14.7940809007726,15.1914059576398,60
"5636",2028,15.1550366282557,15.0077946278301,15.5001080125351,60
"5636",2029,15.49973903758,15.290659650308,15.9799489845226,60
"5636",2030,16.0404127718527,15.7140678734159,16.8304208640528,60
"5636",2031,16.3533536731527,15.9776504881329,17.262848076622,60
"5636",2032,16.9812515790334,16.462529368361,18.2873136955818,60
"5636",2033,17.2453780025051,16.6929833092243,18.6283412644607,60
"5636",2034,17.9148015923328,17.2063096945036,19.7114565700307,60
"5636",2035,18.6795434449028,17.7841071910398,20.9775183131058,60
"5636",2036,19.3768605359147,18.3143588636371,22.126032017981,60
"5636",2037,20.0777157669099,18.8433003771983,23.2954727975987,60
"5636",2038,20.5310473078119,19.2070100843656,23.981851784261,60
"5636",2039,21.0153672883176,19.5922540574882,24.7263597641297,60
"5636",2040,22.0684044769532,20.362670097004,26.5738027864645,60
"5636",2041,22.5242292240326,20.7253776873184,27.2728281358952,60
"5636",2042,22.4712919452364,20.7483924834253,26.9704971094867,60
"5636",2043,23.1479093544631,21.2656442684766,28.0817038186884,60
"5636",2044,23.65201847849,21.6614585064123,28.8732495400359,60
"5636",2045,24.2264888247977,22.1100403968026,29.7857822530098,60
"5636",2046,24.786260993726,22.5436729729503,30.6851546370241,60
"5636",2047,25.0412422548363,22.7768743025903,30.9750391392552,60
"5636",2048,26.1695424619949,23.6004210257082,32.9648666900825,60
"5636",2049,26.9335557102076,24.1778235295654,34.2472300844896,60
"5636",2050,27.3201418731034,24.4955492284579,34.8047698783274,60
