"kommunenr_2024","år","kommunenr_hist_kilder","Y_4_ialt","folk_0_66","folk_67_79","folk_80p","folk_ialt","Y_1_a_ialt","Y_1_a_0_66","Y_1_a_67_79","Y_1_a_80p","Y_2_ialt","Y_3_a_ialt","Y_3_a_0_66","Y_3_a_67_79","Y_3_a_80p","Y_5_ialt"
"0301",2007,"0301",,488163,36281,24173,548617,16473,5659,2782,8032,,,,,,
"0301",2008,"0301",3.4,500404,36376,23704,560484,16367,5787,2695,7885,1095,,,,,
"0301",2009,"0301",3.2,515927,36134,23414,575475,17575,6854,3110,7611,1067,4594,485,708,3401,
"0301",2010,"0301",3.1,527058,36729,23073,586860,17318,6801,3069,7448,1227,4580,496,669,3415,
"0301",2011,"0301",3,538589,37705,22936,599230,16718,6582,2924,7212,1410,4341,456,686,3199,
"0301",2012,"0301",3,551046,39547,22692,613285,17127,7008,3020,7099,1223,4466,494,701,3271,
"0301",2013,"0301",3,560227,41420,22319,623966,16843,6894,3069,6880,1200,4471,500,727,3244,
"0301",2014,"0301",3.2,568404,44142,21917,634463,16770,7069,3090,6611,1232,4435,500,729,3206,
"0301",2015,"0301",3.09,579552,46553,21571,647676,16553,7148,3149,6256,1374,4365,492,728,3145,2359.34
"0301",2016,"0301",3.195,588553,48611,21226,658390,16511,7398,3213,5900,1401,4244,464,771,3009,2414.86
"0301",2017,"0301",3.3,595245,50547,20967,666759,16570,7599,,5687,1510,4069,412,756,2901,2485.53
"0301",2018,"0301",3.4,600523,52045,20901,673469,16585,7640,,5638,1633,3952,395,756,2801,2607.77
"0301",2019,"0301",3.4,606490,53622,20959,681071,17722,8247,,5844,1769,3921,416,766,2739,2766.535
"0301",2020,"0301",3.5,617080,55077,21337,693494,17378,8050,,5674,1870,4157,769,813,2575,2841.19
"0301",2021,"0301",3.5,619031,56266,21713,697010,17673,8290,,5566,1995,4119,821,849,2449,2879.68
"0301",2022,"0301",3.6,620511,57643,21673,699827,17627,8321,,5532,1791,4112,871,851,2390,2954.18
"0301",2023,"0301",3.5,628126,58809,22102,709037,17648,8370,,5471,1781,4107,871,912,2324,3090.305
"0301",2024,"0301",3.5,634872,59801,23037,717710,17875,8548,,5616,2222,3975,739,907,2329,3132
"0301",2025,"0301",3.5,639380,60499,24411,724290,17615,8383,,5589,2398,3759,594,848,2317,3123
"1101",2007,"1101",,11902,1099,593,13594,685,284,131,270,,,,,,
"1101",2008,"1101",6.7,12041,1131,606,13778,701,275,149,277,214,,,,,
"1101",2009,"1101",5.3,12230,1139,600,13969,606,217,126,263,171,26,0,,21,
"1101",2010,"1101",9.1,12414,1155,601,14170,64,15,17,32,172,8,0,,,
"1101",2011,"1101",7.7,12544,1193,609,14346,707,265,157,285,165,38,,6,24,
"1101",2012,"1101",6.5,12619,1263,593,14475,673,262,132,279,179,39,,6,25,
"1101",2013,"1101",7.6,12757,1266,613,14636,682,270,138,274,161,43,,7,28,
"1101",2014,"1101",7.2,12873,1312,626,14811,705,289,141,275,159,43,,5,30,
"1101",2015,"1101",8.61,12924,1373,619,14916,734,315,129,290,138,44,,6,30,88.095
"1101",2016,"1101",9.8,12885,1438,619,14942,710,319,129,262,143,51,,10,32,92.1
"1101",2017,"1101",10.3,12756,1524,619,14899,658,280,,251,131,51,,10,34,94.115
"1101",2018,"1101",9.6,12681,1580,637,14898,655,304,,227,141,44,,6,30,99.99
"1101",2019,"1101",8.9,12526,1672,632,14830,634,273,,235,136,41,,8,26,97.995
"1101",2020,"1101",10.1,12434,1735,642,14811,668,320,,227,130,40,,13,23,103.125
"1101",2021,"1101",8.8,12346,1774,667,14787,699,347,,225,133,42,,13,16,99.025
"1101",2022,"1101",9,12374,1815,671,14860,701,335,,231,131,42,,11,27,101.945
"1101",2023,"1101",9,12434,1886,691,15011,690,335,,222,138,46,,13,30,100.81
"1101",2024,"1101",9,12584,1927,710,15221,675,354,,194,143,44,,15,27,100
"1101",2025,"1101",15.4,12686,1955,734,15375,610,307,,190,141,39,,15,13,101
"1103",2007,"1103+1141+1142",,110233,8261,5019,123513,3570,1343,637,1590,,,,,,
"1103",2008,"1103+1141+1142",4.37140967997884,112778,8323,4957,126058,3895,1660,649,1586,380,,,,,
"1103",2009,"1103+1141+1142",5.3,114927,8418,4943,128288,4051,1699,698,1654,384,899,51,123,710,
"1103",2010,"1103+1141+1142",4.80891984359726,117158,8523,5028,130709,4092,1742,656,1694,391,920,76,132,700,
"1103",2011,"1103+1141+1142",4.61130561633844,119385,8719,5038,133142,4113,1782,634,1697,400,898,72,121,690,
"1103",2012,"1103+1141+1142",5.07731071157255,120763,9061,5025,134849,3949,1764,593,1592,405,920,76,139,693,
"1103",2013,"1103+1141+1142",4.98286731062532,122394,9464,4967,136825,3934,1807,642,1485,449,932,76,150,694,
"1103",2014,"1103+1141+1142",4.91054873465297,123668,10030,4869,138567,3991,1883,618,1490,452,931,83,155,685,
"1103",2015,"1103+1141+1142",4.87524967989757,124638,10523,4882,140043,3905,1906,618,1381,444,931,84,149,679,683.745
"1103",2016,"1103+1141+1142",4.91927879714577,124881,10985,4855,140721,3924,1928,656,1340,449,900,76,158,650,695.45
"1103",2017,"1103+1141+1142",4.6810170328314,124569,11473,4814,140856,4051,2021,,1327,465,894,73,168,630,711.8
"1103",2018,"1103+1141+1142",4.52505040322581,124316,12095,4775,141186,3968,2030,,1260,438,913,78,157,660,705.87
"1103",2019,"1103+1141+1142",4.43847064393939,124690,12499,4845,142034,4224,2179,,1297,454,953,74,192,676,702.375
"1103",2020,"1103",4.5,125633,13050,4891,143574,3842,1980,,1157,439,897,75,183,639,698.03
"1103",2021,"1103",4.4,125664,13520,4963,144147,4784,2667,,1256,429,885,82,176,627,676.53
"1103",2022,"1103",4.6,125557,14050,5092,144699,4772,2662,,1241,431,892,84,192,616,689.015
"1103",2023,"1103",4.3,126202,14593,5216,146011,4936,2745,,1278,480,874,86,200,588,692.79
"1103",2024,"1103",4.7,128653,14986,5409,149048,5073,2790,,1350,496,878,90,196,592,689
"1103",2025,"1103",4.6,129009,15359,5755,150123,5072,2783,,1350,460,890,81,193,616,679
"1106",2007,"1106",,28014,2627,1662,32303,1035,328,198,509,,,,,,
"1106",2008,"1106",8.5,28666,2639,1651,32956,1164,466,194,504,71,,,,,
"1106",2009,"1106",10,29366,2649,1650,33665,1036,360,211,465,75,315,,56,248,
"1106",2010,"1106",9.5,29734,2678,1637,34049,996,355,202,439,74,302,14,59,229,
"1106",2011,"1106",9.4,30275,2750,1594,34619,1044,385,205,454,83,308,17,55,236,
"1106",2012,"1106",9.7,30675,2851,1573,35099,1081,427,195,459,88,294,14,51,229,
"1106",2013,"1106",7.6,31231,2921,1601,35753,1073,424,206,443,86,279,19,39,221,
"1106",2014,"1106",7.1,31451,3082,1566,36099,1104,444,225,435,112,278,22,51,205,
"1106",2015,"1106",6.69,31735,3270,1533,36538,1091,444,225,422,141,257,,48,191,225.935
"1106",2016,"1106",7.475,32037,3377,1537,36951,1061,448,222,391,144,257,,54,187,229.335
"1106",2017,"1106",8.2,32124,3543,1499,37166,1084,476,,375,143,248,,50,108,244.98
"1106",2018,"1106",8.5,31958,3725,1484,37167,1066,461,,367,142,241,,46,183,270.93
"1106",2019,"1106",9.4,31911,3846,1493,37250,1095,483,,361,149,248,14,54,180,288.79
"1106",2020,"1106",10,31813,4013,1531,37357,1085,473,,361,152,238,,53,177,294.78
"1106",2021,"1106",9.4,31605,4147,1571,37323,1155,557,,359,151,245,,54,179,281.105
"1106",2022,"1106",8.9,31571,4274,1599,37444,1197,602,,359,156,240,,59,169,274.895
"1106",2023,"1106",9.2,31808,4408,1639,37855,1244,611,,368,179,242,14,53,175,280.78
"1106",2024,"1106",9.5,32077,4533,1682,38292,1248,622,,376,180,239,17,59,163,276
"1106",2025,"1106",9.4,32047,4602,1792,38441,1189,525,,392,175,239,21,62,156,273
"1108",2007,"1102+1129",,55758,3884,1968,61610,1722,741,307,674,,,,,,
"1108",2008,"1102+1129",4.3511590296496,57217,3954,1982,63153,1855,821,337,697,266,,,,,
"1108",2009,"1102+1129",6.39218130311615,58508,4040,2017,64565,1765,736,325,704,281,224,0,37,168,
"1108",2010,"1102+1129",6.44142394822006,59613,4170,2037,65820,1854,855,307,692,331,233,0,36,176,
"1108",2011,"1102+1129",5.99546391752577,60980,4319,2112,67411,1940,916,309,715,310,234,0,34,180,
"1108",2012,"1102+1129",5.62835322195704,62371,4513,2120,69004,2095,1126,283,686,296,249,0,51,178,
"1108",2013,"1102+1129",5.25443159922929,64363,4753,2157,71273,2076,1109,308,659,289,264,0,51,190,
"1108",2014,"1102+1129",4.81162458313483,65997,5004,2141,73142,2099,1145,308,646,252,310,20,61,219,
"1108",2015,"1102+1129",4.59077216396568,67391,5272,2169,74832,2098,1151,309,638,258,330,20,72,231,310.76
"1108",2016,"1102+1129",3.71245239201115,68353,5498,2207,76058,2153,1215,323,615,232,358,23,82,249,314.835
"1108",2017,"1102+1129",3.41363220494053,68817,5694,2231,76742,2186,1318,,564,246,392,,8,282,359
"1108",2018,"1102+1129",3.46176072234763,69352,5994,2228,77574,2215,1326,,568,260,383,25,74,284,362.75
"1108",2019,"1102+1129",3.40373443983402,69897,6273,2269,78439,2169,1284,,540,282,381,26,76,275,391.09
"1108",2020,"1108",2.9,70696,6518,2323,79537,2179,1295,,543,280,391,27,90,274,390.01
"1108",2021,"1108",2.6,71239,6806,2405,80450,2439,1483,,590,278,403,30,98,275,388.92
"1108",2022,"1108",2.6,71695,7128,2482,81305,2469,1506,,572,281,403,28,95,280,400.02
"1108",2023,"1108",2.8,72554,7413,2581,82548,2373,1413,,570,281,398,32,94,272,389.845
"1108",2024,"1108",3.1,73301,7672,2729,83702,2138,1203,,566,279,396,31,96,269,401
"1108",2025,"1108",3,74213,7837,2858,84908,2022,1079,,583,285,396,31,108,257,412
"1111",2007,"1111",,2709,308,249,3266,184,66,31,87,,,,,,
"1111",2008,"1111",8,2697,313,232,3242,198,72,37,89,42,,,,,
"1111",2009,"1111",3.1,2711,314,221,3246,120,33,31,56,38,33,0,,30,
"1111",2010,"1111",4.4,2758,313,214,3285,143,41,33,69,41,41,0,,32,
"1111",2011,"1111",2.6,2734,322,209,3265,71,39,9,23,42,41,0,,34,
"1111",2012,"1111",3.9,2720,323,214,3257,171,59,34,78,43,44,0,,36,
"1111",2013,"1111",4.1,2745,331,210,3286,167,58,27,82,40,45,0,,38,
"1111",2014,"1111",3.8,2772,326,205,3303,173,74,26,73,41,39,0,,31,
"1111",2015,"1111",4.09,2773,334,202,3309,177,82,29,66,39,37,0,,28,21.905
"1111",2016,"1111",4.28,2780,342,191,3313,176,85,33,58,39,35,0,,28,20.105
"1111",2017,"1111",3.3,2766,357,193,3316,214,112,,64,38,26,,6,13,22.86
"1111",2018,"1111",3.9,2772,376,183,3331,180,88,,61,38,32,,,25,19.17
"1111",2019,"1111",3.1,2739,382,184,3305,174,90,,55,34,37,,,28,19.22
"1111",2020,"1111",4.1,2697,397,186,3280,159,81,,53,34,33,,,25,22.14
"1111",2021,"1111",3.9,2656,406,195,3257,176,89,,57,34,32,,,25,21.915
"1111",2022,"1111",3.2,2658,428,195,3281,182,104,,47,33,26,,,18,23.77
"1111",2023,"1111",3.2,2698,446,180,3324,178,91,,52,25,27,,,18,23.005
"1111",2024,"1111",2.8,2693,466,188,3347,172,83,,55,32,27,,,18,24
"1111",2025,"1111",2.5,2699,483,189,3371,170,79,,58,36,25,,,19,23
"1112",2007,"1112",,2682,261,177,3120,103,26,17,60,,,,,,
"1112",2008,"1112",4.2,2685,254,173,3112,106,30,14,62,,,,,,
"1112",2009,"1112",4.8,2671,269,171,3111,95,21,9,65,,34,0,,29,
"1112",2010,"1112",5.4,2717,255,167,3139,100,24,12,64,,31,0,,15,
"1112",2011,"1112",3.2,2764,260,162,3186,97,19,14,64,,31,0,,15,
"1112",2012,"1112",3,2762,267,154,3183,107,20,23,64,,24,0,,12,
"1112",2013,"1112",3.1,2738,284,151,3173,112,25,24,63,,26,0,5,21,
"1112",2014,"1112",3.1,2772,298,155,3225,113,30,25,58,,25,0,5,20,
"1112",2015,"1112",2.975,2790,314,143,3247,112,30,31,51,,27,,5,20,17.195
"1112",2016,"1112",3.885,2778,317,148,3243,122,39,30,53,,25,0,,14,19.91
"1112",2017,"1112",6,2767,337,155,3259,159,67,,60,,25,,,13,19
"1112",2018,"1112",4.1,2722,347,168,3237,173,80,,62,6,23,,,11,20.23
"1112",2019,"1112",4.5,2699,347,167,3213,177,81,,66,,22,,5,17,23.22
"1112",2020,"1112",4.5,2680,357,165,3202,141,62,,63,7,21,,,10,20.03
"1112",2021,"1112",4.6,2635,366,173,3174,159,76,,60,7,21,,,11,19.09
"1112",2022,"1112",6.9,2629,367,182,3178,140,53,,65,8,20,,,10,18.965
"1112",2023,"1112",5.7,2641,392,173,3206,139,63,,53,29,25,,7,18,18.965
"1112",2024,"1112",7.4,2642,421,163,3226,204,129,,52,29,26,,,20,19
"1112",2025,"1112",9.8,2656,432,171,3259,215,139,,48,42,25,,,20,23
"1114",2007,"1114",,2197,165,145,2507,48,13,10,25,,,,,,
"1114",2008,"1114",3.1,2236,163,140,2539,118,72,16,30,31,,,,,
"1114",2009,"1114",2.1,2276,168,136,2580,124,69,19,36,,23,0,,11,
"1114",2010,"1114",2.1,2278,176,129,2583,129,70,25,34,,26,0,,13,
"1114",2011,"1114",2.7,2344,183,124,2651,134,73,20,41,,26,0,5,21,
"1114",2012,"1114",2.5,2420,195,124,2739,113,55,21,37,,26,0,5,21,
"1114",2013,"1114",3,2460,201,118,2779,115,59,16,40,,24,0,5,19,
"1114",2014,"1114",2.6,2505,198,117,2820,116,66,13,37,,24,0,,11,
"1114",2015,"1114",2.375,2540,205,116,2861,127,74,19,34,0,26,0,,12,16.96
"1114",2016,"1114",2.215,2500,223,102,2825,125,76,21,28,0,26,0,,12,17.115
"1114",2017,"1114",2.6,2492,241,93,2826,109,63,,26,0,22,,,10,16.86
"1114",2018,"1114",2.8,2482,250,94,2826,128,88,,22,0,14,,,7,16.77
"1114",2019,"1114",2,2456,264,87,2807,132,91,,16,0,11,,,5,16.955
"1114",2020,"1114",2,2419,281,87,2787,138,84,,28,,9,,,,16.165
"1114",2021,"1114",4,2408,292,91,2791,117,75,,22,,15,,,6,15.77
"1114",2022,"1114",4.1,2386,310,93,2789,144,97,,22,,13,,6,,15.13
"1114",2023,"1114",4.8,2431,316,101,2848,130,94,,17,,12,,,6,18.115
"1114",2024,"1114",3,2464,325,103,2892,147,109,,19,,12,,,5,21
"1114",2025,"1114",2.7,2464,327,114,2905,137,93,,20,1,16,,,7,20
"1119",2007,"1119",,13529,984,559,15072,523,225,83,215,,,,,,
"1119",2008,"1119",6.5,13863,1008,567,15438,555,254,84,217,42,,,,,
"1119",2009,"1119",7.8,14351,1028,570,15949,560,257,88,215,43,108,16,17,75,
"1119",2010,"1119",7,14705,1068,569,16342,555,254,88,213,56,108,,20,75,
"1119",2011,"1119",8.4,15109,1131,582,16822,527,212,93,222,55,109,,21,73,
"1119",2012,"1119",8.5,15491,1171,582,17244,500,192,85,223,53,110,,20,76,
"1119",2013,"1119",7.1,15807,1235,593,17635,548,254,71,223,44,124,21,20,83,
"1119",2014,"1119",7.3,16241,1285,589,18115,574,281,77,216,44,118,19,22,77,
"1119",2015,"1119",7.21,16579,1361,588,18528,574,292,79,203,50,110,15,18,77,97.015
"1119",2016,"1119",7.395,16574,1420,597,18591,560,291,82,187,59,112,15,25,72,105.09
"1119",2017,"1119",7.3,16683,1528,589,18800,578,310,,173,61,113,22,30,61,108.01
"1119",2018,"1119",8,16582,1589,591,18762,571,302,,171,60,107,19,31,57,112.14
"1119",2019,"1119",7.8,16560,1641,613,18814,584,323,,165,60,108,17,34,57,107.88
"1119",2020,"1119",7.8,16619,1720,652,18991,592,321,,169,53,117,14,30,73,115.015
"1119",2021,"1119",7.4,16618,1824,678,19120,584,305,,180,54,108,16,26,66,103.9
"1119",2022,"1119",8.3,16731,1882,683,19296,604,329,,178,54,109,15,30,64,104.775
"1119",2023,"1119",8.4,17000,1944,705,19649,603,330,,173,51,108,15,31,62,111.865
"1119",2024,"1119",8,17060,2010,757,19827,642,366,,168,56,93,15,27,51,106
"1119",2025,"1119",8.8,17215,2080,772,20067,616,344,,164,48,93,16,26,51,108
"1120",2007,"1120",,13934,942,395,15271,452,220,80,152,,,,,,
"1120",2008,"1120",4.1,14452,965,422,15839,466,231,69,166,28,,,,,
"1120",2009,"1120",5,14939,982,429,16350,470,233,79,158,26,61,0,,48,
"1120",2010,"1120",3.5,15441,1045,432,16918,472,231,74,167,40,63,0,,48,
"1120",2011,"1120",5.3,15835,1117,445,17397,497,250,85,162,34,67,0,,53,
"1120",2012,"1120",5.5,16108,1183,455,17746,499,259,94,146,124,71,0,,52,
"1120",2013,"1120",5.9,16498,1275,454,18227,496,257,87,152,53,73,,15,53,
"1120",2014,"1120",5.2,16667,1353,465,18485,487,269,76,142,32,57,0,,46,
"1120",2015,"1120",6.295,16841,1433,467,18741,495,285,71,139,22,64,0,,49,112.18
"1120",2016,"1120",16.895,16959,1525,486,18970,552,317,89,146,30,63,,12,47,116.75
"1120",2017,"1120",12.7,16915,1628,499,19042,575,343,,144,33,70,,15,48,101.06
"1120",2018,"1120",11.1,17022,1681,514,19217,568,352,,143,26,66,,15,44,106.08
"1120",2019,"1120",9.7,17096,1712,546,19354,571,367,,133,33,66,,18,45,97.85
"1120",2020,"1120",5.1,17268,1739,581,19588,628,404,,142,36,67,,17,47,97.865
"1120",2021,"1120",3.9,17478,1776,594,19848,710,472,,152,44,70,,16,49,91.92
"1120",2022,"1120",4.2,17744,1792,627,20163,722,486,,144,36,65,,,55,88.07
"1120",2023,"1120",3.7,18157,1815,643,20615,800,545,,154,38,65,,,55,91.175
"1120",2024,"1120",4,18350,1861,689,20900,803,561,,141,39,61,,,47,96
"1120",2025,"1120",3.8,18583,1878,725,21186,782,532,,149,39,60,,,46,98
"1121",2007,"1121",,13552,1020,476,15048,409,190,69,150,,,,,,
"1121",2008,"1121",5.3,13940,1033,486,15459,432,199,79,154,48,,,,,
"1121",2009,"1121",6.6,14283,1059,494,15836,446,193,87,166,47,79,5,14,60,
"1121",2010,"1121",5.9,14483,1095,499,16077,447,196,74,177,41,80,,13,63,
"1121",2011,"1121",5.2,14802,1140,508,16450,441,188,83,170,40,76,,12,61,
"1121",2012,"1121",5.8,15077,1184,508,16769,454,192,89,173,40,77,,13,61,
"1121",2013,"1121",6.1,15641,1268,528,17437,482,211,93,178,31,76,,18,53,
"1121",2014,"1121",5.3,16036,1326,535,17897,522,261,90,171,36,77,,19,53,
"1121",2015,"1121",6.115,16372,1382,552,18306,535,272,92,171,36,74,,16,55,84.89
"1121",2016,"1121",8.575,16562,1437,573,18572,532,296,91,145,32,79,,18,58,85.795
"1121",2017,"1121",9.9,16546,1517,593,18656,542,309,,155,32,80,,,56,92.16
"1121",2018,"1121",10.9,16526,1548,625,18699,568,315,,164,32,75,,22,34,93.945
"1121",2019,"1121",9.5,16535,1619,641,18795,577,314,,172,26,73,,,54,91.985
"1121",2020,"1121",9.6,16587,1668,661,18916,585,328,,166,71,76,,16,60,107.18
"1121",2021,"1121",8.7,16663,1759,684,19106,650,352,,188,70,75,,,60,102.775
"1121",2022,"1121",7.7,16791,1853,709,19353,748,434,,203,78,77,,,61,106.81
"1121",2023,"1121",7.9,17106,1943,732,19781,685,387,,191,71,77,,15,58,113.965
"1121",2024,"1121",8.5,17143,2020,747,19910,616,328,,180,61,75,,18,53,117
"1121",2025,"1121",9,17295,2092,770,20157,615,330,,185,65,76,,,57,118
"1122",2007,"1122",,8933,419,269,9621,210,99,22,89,,,,,,
"1122",2008,"1122",8.1,9036,446,247,9729,224,119,24,81,45,,,,,
"1122",2009,"1122",7.1,9264,462,243,9969,240,149,21,70,42,18,,,13,
"1122",2010,"1122",9.1,9473,499,236,10208,244,143,27,74,42,20,,,14,
"1122",2011,"1122",9.1,9747,529,232,10508,259,149,25,85,53,17,,,10,
"1122",2012,"1122",9.2,9997,542,239,10778,261,159,26,76,47,19,0,,14,
"1122",2013,"1122",9.2,10223,579,237,11039,273,165,34,74,54,17,,,6,
"1122",2014,"1122",8.4,10466,620,231,11317,295,175,40,80,52,17,,,8,
"1122",2015,"1122",8.08,10670,695,235,11600,316,189,44,83,54,17,,,8,44.2
"1122",2016,"1122",8.81,10864,746,243,11853,341,219,45,77,54,16,0,6,,47.13
"1122",2017,"1122",9.5,10861,793,248,11902,333,203,,85,55,18,,6,6,45.22
"1122",2018,"1122",8.3,10780,816,270,11866,349,221,,80,64,20,,8,7,44.975
"1122",2019,"1122",9.2,10757,884,258,11899,374,241,,81,64,19,,6,7,50.81
"1122",2020,"1122",8.5,10816,907,279,12002,380,247,,78,67,17,,,12,54.23
"1122",2021,"1122",8.9,10814,963,287,12064,369,229,,86,61,15,,,6,55.225
"1122",2022,"1122",10.3,10831,1001,299,12131,354,203,,98,61,29,,6,17,56.775
"1122",2023,"1122",9.1,10933,1040,329,12302,385,250,,87,61,36,,7,22,66.87
"1122",2024,"1122",8.7,10944,1076,342,12362,425,281,,79,61,27,,6,11,66
"1122",2025,"1122",8.1,11072,1135,329,12536,463,306,,89,61,25,,8,13,70
"1124",2007,"1124",,18791,1336,539,20666,406,194,73,139,,,,,,
"1124",2008,"1124",3.5,19497,1377,572,21446,438,214,71,153,61,,,,,
"1124",2009,"1124",2.8,20064,1423,589,22076,474,241,85,148,59,117,,22,89,
"1124",2010,"1124",2.8,20737,1486,608,22831,493,239,85,169,60,117,,19,91,
"1124",2011,"1124",3.3,21179,1553,618,23350,512,242,92,178,67,116,,17,91,
"1124",2012,"1124",3.4,21599,1636,642,23877,526,247,94,185,68,113,,19,87,
"1124",2013,"1124",4.2,22229,1694,656,24579,509,243,91,175,62,116,,21,88,
"1124",2014,"1124",4.3,22607,1789,687,25083,525,260,93,172,53,128,,22,95,
"1124",2015,"1124",4.2,23142,1866,700,25708,548,288,88,172,50,122,,18,94,146
"1124",2016,"1124",4.605,23456,1903,737,26096,545,303,81,161,37,122,,20,91,147.98
"1124",2017,"1124",4.4,23272,1973,771,26016,594,341,,170,37,126,,22,95,142.16
"1124",2018,"1124",4.2,23399,2057,809,26265,669,375,,198,36,123,,24,90,141.075
"1124",2019,"1124",4.8,23628,2132,822,26582,695,397,,198,46,125,,26,89,131.825
"1124",2020,"1124",5.1,24058,2218,877,27153,706,425,,182,42,138,11,26,101,135.115
"1124",2021,"1124",5.1,24291,2269,897,27457,783,459,,190,42,136,11,23,102,138.105
"1124",2022,"1124",5.4,24279,2360,929,27568,872,523,,210,57,136,,25,100,146.92
"1124",2023,"1124",7.6,24910,2433,972,28315,935,563,,235,59,143,,31,102,159.835
"1124",2024,"1124",8.8,25143,2512,1030,28685,953,589,,242,57,145,12,30,103,166
"1124",2025,"1124",10,25487,2573,1093,29153,886,537,,230,44,140,11,31,98,167
"1127",2007,"1127",,8669,622,210,9501,254,163,34,57,,,,,,
"1127",2008,"1127",5.1,8740,666,216,9622,263,162,36,65,79,,,,,
"1127",2009,"1127",5.9,8939,702,226,9867,276,160,40,76,50,12,0,,7,
"1127",2010,"1127",8.5,9013,745,239,9997,301,175,51,75,62,13,0,,6,
"1127",2011,"1127",6.2,9032,765,264,10061,302,178,40,84,61,8,0,,,
"1127",2012,"1127",6.9,9190,816,259,10265,299,170,44,85,65,5,0,0,,
"1127",2013,"1127",10.1,9287,845,265,10397,294,155,52,87,63,6,0,0,,
"1127",2014,"1127",7.1,9262,874,280,10416,287,159,46,82,78,,0,0,0,
"1127",2015,"1127",7.605,9377,892,287,10556,312,163,53,96,77,8,0,,0,45.19
"1127",2016,"1127",5.505,9515,894,328,10737,325,170,56,99,56,38,,13,22,51.945
"1127",2017,"1127",5.6,9590,924,359,10873,317,168,,99,58,35,,14,14,55.82
"1127",2018,"1127",5.8,9659,942,371,10972,321,161,,105,52,40,,8,26,59.06
"1127",2019,"1127",6.5,9667,982,404,11053,302,159,,97,53,41,,9,25,60.105
"1127",2020,"1127",7.2,9759,1043,419,11221,338,164,,115,61,42,,,33,59.955
"1127",2021,"1127",5.3,9773,1075,467,11315,350,155,,120,59,42,,13,26,65.845
"1127",2022,"1127",5.2,9854,1118,482,11454,382,172,,132,58,49,,14,32,80.99
"1127",2023,"1127",5.4,10036,1107,528,11671,380,172,,140,61,48,,14,30,85.96
"1127",2024,"1127",5,10064,1132,546,11742,367,166,,148,55,42,,7,33,85
"1127",2025,"1127",4.7,10066,1139,590,11795,361,159,,150,54,50,,6,40,79
"1130",2007,"1130",,9395,816,443,10654,421,170,74,177,,,,,,
"1130",2008,"1130",4.8,9637,817,440,10894,401,165,65,171,153,,,,,
"1130",2009,"1130",9.3,9777,818,450,11045,404,165,62,177,140,29,0,,21,
"1130",2010,"1130",13.4,9893,864,449,11206,374,156,63,155,140,31,0,,23,
"1130",2011,"1130",13.2,10046,893,440,11379,421,195,56,170,138,29,0,,21,
"1130",2012,"1130",13,10162,927,444,11533,420,184,65,171,137,30,,6,20,
"1130",2013,"1130",13.5,10454,976,452,11882,444,187,81,176,137,30,0,,22,
"1130",2014,"1130",13.8,10643,1034,462,12139,448,182,88,178,142,28,0,,22,
"1130",2015,"1130",12.59,10840,1092,463,12395,465,184,91,190,133,35,,6,26,53.105
"1130",2016,"1130",11.91,10861,1125,478,12464,449,177,80,192,125,37,,8,25,60.915
"1130",2017,"1130",9.8,11008,1165,489,12662,466,197,,194,127,31,,6,23,64.245
"1130",2018,"1130",10,10925,1212,501,12638,441,171,,200,127,32,,,25,64.115
"1130",2019,"1130",8.2,10958,1245,517,12720,463,185,,202,127,34,,,26,65.205
"1130",2020,"1130",9.6,11109,1313,546,12968,443,186,,173,126,36,,11,14,67.76
"1130",2021,"1130",10.4,11166,1353,551,13070,452,199,,167,126,34,,14,16,66.15
"1130",2022,"1130",10,11319,1391,558,13268,442,203,,154,120,38,,13,22,68.785
"1130",2023,"1130",8.8,11484,1415,575,13474,424,180,,160,105,28,,7,14,70.995
"1130",2024,"1130",9.9,11648,1453,602,13703,416,186,,143,110,31,,,22,71
"1130",2025,"1130",11.3,11696,1498,619,13813,391,168,,142,108,30,,8,14,79
"1133",2007,"1133",,2296,235,176,2707,122,39,24,59,,,,,,
"1133",2008,"1133",2.3,2277,245,156,2678,122,43,20,59,37,,,,,
"1133",2009,"1133",2.3,2295,248,158,2701,105,30,17,58,31,36,0,6,30,
"1133",2010,"1133",1.9,2340,249,155,2744,97,29,17,51,30,35,0,6,29,
"1133",2011,"1133",3.1,2404,260,150,2814,86,24,18,44,28,29,0,,13,
"1133",2012,"1133",2.5,2396,269,142,2807,71,16,16,39,5,26,0,,15,
"1133",2013,"1133",2.6,2395,271,133,2799,92,39,12,41,,22,0,0,12,
"1133",2014,"1133",2.3,2374,286,127,2787,110,55,17,38,,20,0,,18,
"1133",2015,"1133",2.025,2357,302,126,2785,113,52,20,41,,21,0,,18,24.215
"1133",2016,"1133",1.92,2290,316,131,2737,116,54,21,41,,20,0,0,20,23.22
"1133",2017,"1133",1.8,2238,328,142,2708,124,59,,42,,21,,,13,22.975
"1133",2018,"1133",2.2,2232,348,143,2723,130,57,,47,,20,,,17,23.055
"1133",2019,"1133",2.6,2189,352,143,2684,118,49,,47,,18,,,11,22.135
"1133",2020,"1133",2.7,2088,352,134,2574,95,41,,33,,20,,,14,25.845
"1133",2021,"1133",3,2085,358,137,2580,101,43,,36,0,21,,,15,23.875
"1133",2022,"1133",3.3,2025,365,144,2534,111,42,,48,0,21,,,13,27.215
"1133",2023,"1133",3.9,2086,383,150,2619,110,46,,39,0,20,,,11,27.855
"1133",2024,"1133",3.8,2102,390,151,2643,101,35,,45,0,19,,,13,29
"1133",2025,"1133",3.1,2121,401,159,2681,107,43,,42,0,21,,,14,32
"1134",2007,"1134",,3232,384,258,3874,225,56,56,113,,,,,,
"1134",2008,"1134",2.2,3184,381,258,3823,204,37,47,120,51,,,,,
"1134",2009,"1134",3.9,3202,366,265,3833,207,40,45,122,51,32,0,,25,
"1134",2010,"1134",4.6,3217,372,260,3849,252,75,50,127,54,31,0,,21,
"1134",2011,"1134",4.4,3221,376,253,3850,231,62,47,122,54,28,0,,20,
"1134",2012,"1134",4.9,3220,376,249,3845,227,74,40,113,92,28,,5,20,
"1134",2013,"1134",5.2,3249,381,242,3872,260,106,40,114,52,27,,5,20,
"1134",2014,"1134",4.7,3241,405,235,3881,238,86,45,107,64,20,0,,11,
"1134",2015,"1134",3.88,3252,416,224,3892,227,84,42,101,54,26,0,6,20,38.025
"1134",2016,"1134",4.3,3238,436,229,3903,184,60,42,82,52,27,0,7,20,36.23
"1134",2017,"1134",4.9,3177,459,217,3853,184,69,,75,50,26,,,19,39.765
"1134",2018,"1134",4.9,3158,475,216,3849,177,70,,70,47,24,,7,10,35.18
"1134",2019,"1134",4.1,3100,490,204,3794,168,65,,66,21,21,,8,9,38.99
"1134",2020,"1134",4.8,3090,511,203,3804,187,70,,76,25,16,,5,7,38.845
"1134",2021,"1134",4.2,3060,536,213,3809,179,72,,67,20,21,,,15,37.14
"1134",2022,"1134",4.5,3016,550,218,3784,179,72,,67,27,17,,6,11,40.865
"1134",2023,"1134",5,3025,573,217,3815,192,73,,76,30,23,,7,16,40.21
"1134",2024,"1134",4.7,3085,583,221,3889,200,76,,79,31,22,,5,17,41
"1134",2025,"1134",3.4,3122,583,234,3939,180,61,,75,21,25,,6,19,43
"1135",2007,"1135",,3833,595,304,4732,292,84,63,145,,,,,,
"1135",2008,"1135",5.3,3850,575,309,4734,295,87,63,145,94,,,,,
"1135",2009,"1135",7.3,3874,545,311,4730,332,112,66,154,95,,0,0,0,
"1135",2010,"1135",6.1,3848,536,311,4695,351,138,62,151,91,,0,0,0,
"1135",2011,"1135",6,3853,532,318,4703,352,136,54,162,94,,0,0,0,
"1135",2012,"1135",9.5,3896,521,337,4754,311,112,48,151,94,,0,0,0,
"1135",2013,"1135",13.7,3902,507,336,4745,288,87,52,149,85,,,,,
"1135",2014,"1135",14.7,3906,510,344,4760,278,87,48,143,85,,,,,
"1135",2015,"1135",14.49,3890,524,342,4756,273,79,49,145,88,,0,0,0,34.13
"1135",2016,"1135",29.79,3830,521,359,4710,224,61,45,118,89,,0,0,0,36.84
"1135",2017,"1135",12.4,3897,516,347,4760,274,88,,134,84,,,,,38.81
"1135",2018,"1135",9.9,3792,537,334,4663,254,76,,125,66,5,,,,36.99
"1135",2019,"1135",9.7,3713,550,334,4597,239,73,,123,63,16,,,9,39.03
"1135",2020,"1135",7.5,3717,539,339,4595,223,76,,108,55,15,,,6,36.905
"1135",2021,"1135",5.5,3679,560,322,4561,223,75,,99,54,16,,,8,34.02
"1135",2022,"1135",3.4,3629,590,306,4525,208,79,,90,52,13,,,6,35.09
"1135",2023,"1135",2.6,3670,579,294,4543,206,77,,90,42,14,,,6,33.94
"1135",2024,"1135",2.4,3671,600,301,4572,192,72,,88,38,17,,5,12,29
"1135",2025,"1135",2.2,3678,612,310,4600,199,75,,93,39,18,,5,13,34
"1144",2007,"1144",,421,80,26,527,12,,,,,,,,,
"1144",2008,"1144",2.3,427,85,26,538,14,,,,,,,,,
"1144",2009,"1144",2.4,426,84,32,542,20,,,,,,,,,
"1144",2011,"1144",,421,74,33,528,,,,,,6,0,,,
"1144",2012,"1144",,414,74,31,519,,,,,,7,0,,,
"1144",2013,"1144",,418,80,30,528,21,6,7,8,,6,0,,0,
"1144",2014,"1144",,425,75,31,531,20,,,,,7,0,,,
"1144",2015,"1144",1.925,430,74,30,534,25,,,,,7,0,,,5
"1144",2016,"1144",1.89,422,67,35,524,30,11,7,12,,6,0,,,6
"1144",2017,"1144",1.9,428,71,35,534,33,12,,15,6,6,,,,5
"1144",2018,"1144",1.2,433,73,36,542,23,,,,8,6,,,,5
"1144",2019,"1144",1.5,409,70,37,516,26,6,,15,6,6,,,,5
"1144",2020,"1144",1,410,65,42,517,23,,,,,7,,,,5
"1144",2021,"1144",1,398,68,41,507,25,,,,,8,,,,4
"1144",2022,"1144",2.2,408,70,45,523,30,8,,17,,7,,,,4.135
"1144",2023,"1144",5.2,416,72,47,535,29,,,,,8,,,,3.215
"1144",2024,"1144",4,427,72,45,544,30,,,,,6,,,,5
"1144",2025,"1144",2.7,444,82,44,570,29,12,,12,4,7,,,,6
"1145",2007,"1145",,668,83,42,793,44,26,7,11,,,,,,
"1145",2008,"1145",7.3,692,82,49,823,36,18,8,10,,,,,,
"1145",2009,"1145",7.4,687,81,43,811,33,13,6,14,,7,0,0,,
"1145",2010,"1145",1.8,705,80,46,831,30,,,,,7,0,0,,
"1145",2011,"1145",2.7,708,81,48,837,29,,,,,8,0,0,,
"1145",2012,"1145",2.3,716,84,51,851,39,15,5,19,,9,0,,5,
"1145",2013,"1145",1.6,722,91,52,865,44,16,10,18,,6,0,,,
"1145",2014,"1145",1.7,719,95,54,868,34,13,6,15,,10,0,,6,
"1145",2015,"1145",1.88,715,96,54,865,30,11,5,14,,11,0,,6,7.785
"1145",2016,"1145",2.18,715,95,55,865,38,17,6,15,,8,0,,,9.02
"1145",2017,"1145",2,703,96,56,855,32,12,,14,,10,,,7,10.02
"1145",2018,"1145",2.1,680,108,56,844,35,14,,16,,6,,,,11.24
"1145",2019,"1145",2.3,677,107,56,840,32,,,,10,7,,,,11.95
"1145",2020,"1145",3,685,109,58,852,33,,,,10,7,,,,11.835
"1145",2021,"1145",2.5,691,109,59,859,33,,,,10,5,,,,10.08
"1145",2022,"1145",3.1,686,113,56,855,32,12,,15,7,8,,,,11.77
"1145",2023,"1145",2.6,694,117,57,868,31,12,,13,6,12,,,8,12.99
"1145",2024,"1145",2.8,710,114,59,883,36,10,,15,9,13,,,7,13
"1145",2025,"1145",3.2,715,116,62,893,28,8,,12,8,9,,,5,14
"1146",2007,"1146",,8562,637,314,9513,328,178,47,103,,,,,,
"1146",2008,"1146",2.8,8615,664,325,9604,368,206,52,110,31,,,,,
"1146",2009,"1146",2.4,8718,677,317,9712,375,224,51,100,27,70,,12,52,
"1146",2010,"1146",3.1,8891,724,313,9928,386,238,55,93,27,75,,15,55,
"1146",2011,"1146",3.6,9086,790,315,10191,386,237,58,91,30,71,,14,53,
"1146",2012,"1146",4.5,9158,842,320,10320,282,136,50,96,32,58,0,,45,
"1146",2013,"1146",4.2,9275,885,327,10487,336,166,61,109,32,46,0,,33,
"1146",2014,"1146",3.9,9401,935,332,10668,317,151,52,114,32,47,0,,37,
"1146",2015,"1146",4.18,9525,986,346,10857,295,151,48,96,35,40,0,8,32,75.235
"1146",2016,"1146",3.615,9530,1041,354,10925,301,144,52,105,25,43,0,,35,70.485
"1146",2017,"1146",4.2,9585,1080,376,11041,317,147,,111,26,38,,8,30,75.325
"1146",2018,"1146",5.1,9527,1117,379,11023,312,143,,103,24,45,,,34,72.845
"1146",2019,"1146",5,9470,1173,385,11028,334,156,,117,31,51,,,36,77.865
"1146",2020,"1146",4.8,9448,1220,397,11065,315,154,,104,35,54,,16,23,81.015
"1146",2021,"1146",5.4,9526,1226,426,11178,301,140,,109,36,57,,,40,81.2
"1146",2022,"1146",8.1,9582,1265,436,11283,288,127,,116,38,53,,15,21,85.905
"1146",2023,"1146",7.8,9674,1260,471,11405,312,148,,115,35,55,,16,25,85.91
"1146",2024,"1146",6.5,9798,1284,488,11570,315,144,,119,35,57,,14,29,96
"1146",2025,"1146",7.2,9881,1300,534,11715,305,145,,96,40,59,,,43,89
"1149",2007,"1149",,33975,2970,1404,38349,1265,604,237,424,,,,,,
"1149",2008,"1149",4.7,34466,3037,1423,38926,1326,658,227,441,105,,,,,
"1149",2009,"1149",5.2,34827,3085,1442,39354,1360,660,246,454,106,224,,32,181,
"1149",2010,"1149",4.9,34970,3204,1450,39624,1310,622,242,446,112,208,,38,160,
"1149",2011,"1149",4.8,35253,3377,1433,40063,1273,627,213,433,112,204,,47,148,
"1149",2012,"1149",5.3,35594,3491,1451,40536,1323,660,223,440,115,198,,52,134,
"1149",2013,"1149",5.6,36008,3652,1458,41118,1401,711,227,463,116,234,14,57,163,
"1149",2014,"1149",5.9,36461,3776,1516,41753,1397,685,218,494,127,216,,54,151,
"1149",2015,"1149",5.51,36554,3941,1567,42062,1290,679,196,415,127,220,,53,156,229.885
"1149",2016,"1149",6.395,36447,4167,1573,42187,1218,618,199,401,124,208,,57,142,239.035
"1149",2017,"1149",6.4,36330,4290,1609,42229,1253,643,,414,117,206,,49,146,264.195
"1149",2018,"1149",6.5,36168,4419,1656,42243,1288,627,,428,123,209,,44,156,280.105
"1149",2019,"1149",5.4,35885,4568,1708,42161,1378,708,,438,132,207,,42,156,294.09
"1149",2020,"1149",4.7,35774,4635,1777,42186,1428,763,,427,133,206,,43,156,286.22
"1149",2021,"1149",3.7,35730,4768,1847,42345,1508,819,,444,149,206,,42,155,283.005
"1149",2022,"1149",3.3,35805,4858,1878,42541,1504,838,,419,152,203,,44,154,305.935
"1149",2023,"1149",3,35989,4983,1931,42903,1514,858,,399,155,229,,,178,309.945
"1149",2024,"1149",2.9,36247,5039,2020,43306,1514,836,,418,160,236,6,54,176,304
"1149",2025,"1149",3,36473,5126,2124,43723,1435,764,,428,151,233,7,46,180,313
"1151",2009,"1151",,186,18,10,214,,,,,,,0,0,,
"1151",2010,"1151",,186,18,14,218,,,,,,,0,0,,
"1151",2011,"1151",,185,17,14,216,,,,,,,0,0,,
"1151",2012,"1151",,181,24,13,218,,,,,,,0,0,,
"1151",2013,"1151",,174,23,12,209,,,,,,,0,0,,
"1151",2015,"1151",,173,22,11,206,0,0,,0,,,,,,2.53
"1151",2016,"1151",,165,24,11,200,0,,,,,,0,,0,2.87
"1151",2017,"1151",,170,24,7,201,,,,,0,,,,,2.885
"1151",2018,"1151",,176,23,9,208,,,,,0,,,,,2.905
"1151",2019,"1151",,163,25,8,196,,,,,0,,,,,3.025
"1151",2020,"1151",,162,25,11,198,,,,,0,,,,,3.955
"1151",2021,"1151",,154,26,12,192,,,,,0,,,,,3.815
"1151",2022,"1151",,148,28,12,188,,,,,0,,,,,3.96
"1151",2023,"1151",,169,28,11,208,5,,,,0,,,,,3.21
"1151",2024,"1151",7,175,30,10,215,8,,,,0,,,,,4
"1151",2025,"1151",,171,29,17,217,,,,,0,,,,,5
"1160",2007,"1160",,6867,736,508,8111,343,126,56,161,,,,,,
"1160",2008,"1160",6.8,6857,736,491,8084,371,137,57,177,21,,,,,
"1160",2009,"1160",4.1,6935,731,495,8161,353,115,61,177,19,61,0,,52,
"1160",2010,"1160",3.5,6968,740,489,8197,323,111,46,166,19,72,0,,64,
"1160",2011,"1160",3.3,7090,721,487,8298,344,131,49,164,23,78,0,,65,
"1160",2012,"1160",3.4,7225,746,476,8447,373,141,59,173,23,68,0,,58,
"1160",2013,"1160",3.4,7370,758,487,8615,346,140,51,155,23,67,0,,60,
"1160",2014,"1160",3.5,7477,778,492,8747,342,139,49,154,23,60,0,,53,
"1160",2015,"1160",3.51,7492,788,485,8765,345,150,55,140,22,65,0,,59,67.01
"1160",2016,"1160",4.295,7517,807,464,8788,181,87,30,64,22,30,0,,25,68.6
"1160",2017,"1160",3.9,7511,851,466,8828,354,143,,143,22,66,,10,51,66.17
"1160",2018,"1160",4.6,7462,865,466,8793,354,146,,153,20,69,,13,53,65.985
"1160",2019,"1160",3.8,7377,915,451,8743,347,155,,142,21,68,,,51,62.155
"1160",2020,"1160",4,7326,936,452,8714,321,134,,132,23,59,,,45,66.93
"1160",2021,"1160",4.4,7277,980,448,8705,318,130,,131,21,61,,,49,64.19
"1160",2022,"1160",3.8,7302,1014,459,8775,322,133,,136,20,66,,,53,63.885
"1160",2023,"1160",3.4,7316,1060,468,8844,332,129,,138,22,64,,,54,62.115
"1160",2024,"1160",3.2,7369,1104,465,8938,332,131,,140,22,71,5,9,57,61
"1160",2025,"1160",3.4,7454,1125,490,9069,312,117,,141,18,70,6,10,54,60
"1505",2007,"1503+1556",,19481,1971,1070,22522,818,361,129,328,,,,,,
"1505",2008,"1505",2.3,19629,1957,1075,22661,840,370,143,327,86,,,,,
"1505",2009,"1505",3.7,19868,1997,1072,22937,817,362,134,321,85,153,,24,120,
"1505",2010,"1505",5.1,20155,2000,1083,23238,896,406,154,336,109,165,,29,131,
"1505",2011,"1505",5.4,20387,2085,1098,23570,937,426,166,345,197,164,,27,132,
"1505",2012,"1505",5.2,20522,2210,1081,23813,966,459,161,346,193,161,6,23,132,
"1505",2013,"1505",5.5,20752,2291,1088,24131,959,482,144,333,115,170,5,23,142,
"1505",2014,"1505",5.5,20904,2420,1071,24395,971,483,158,330,124,158,,23,128,
"1505",2015,"1505",6.025,20883,2560,1064,24507,1031,525,155,351,121,136,,26,105,156.335
"1505",2016,"1505",6.62,20758,2708,1060,24526,1023,530,161,332,121,132,,29,99,152.55
"1505",2017,"1505",6.5,20514,2880,1048,24442,1073,555,,325,124,121,,26,88,160.52
"1505",2018,"1505",6.8,20239,3019,1042,24300,1091,541,,328,115,117,,29,81,160
"1505",2019,"1505",6.1,20088,3142,1044,24274,1084,544,,334,105,119,,35,78,146.76
"1505",2020,"1505",6.4,19868,3236,1075,24179,1095,534,,337,143,125,,34,85,128.12
"1505",2021,"1505",6,19663,3336,1100,24099,1178,582,,353,181,117,,30,80,130.88
"1505",2022,"1505",5.7,19423,3452,1138,24013,1199,598,,356,179,117,,29,80,130.145
"1505",2023,"1505",5,19485,3513,1161,24159,1141,585,,333,179,151,,44,97,132.82
"1505",2024,"1505",5.1,19608,3591,1205,24404,1090,555,,323,179,150,,41,100,124
"1505",2025,"1505",4.9,19637,3652,1289,24578,985,438,,328,179,124,,39,75,143
"1506",2007,"1502+1543+1545",,25049,2653,1550,29252,969,301,187,481,,,,,,
"1506",2008,"1502+1543+1545",3.55024777006938,25054,2653,1549,29256,1009,347,165,497,109,,,,,
"1506",2009,"1502+1543+1545",4.21704211557297,25340,2645,1567,29552,1021,369,202,450,116,285,6,40,230,
"1506",2010,"1502+1543+1545",3.99849056603774,25544,2714,1563,29821,1060,393,196,471,109,264,7,35,213,
"1506",2011,"1502+1543+1545",4.41270718232044,25721,2746,1578,30045,1086,411,210,465,109,260,6,25,214,
"1506",2012,"1502+1543+1545",4.60784671532847,26056,2838,1586,30480,1096,408,206,482,101,274,9,23,225,
"1506",2013,"1502+1543+1545",4.79006381039198,26352,2954,1635,30941,1097,419,202,476,110,284,11,34,229,
"1506",2014,"1502+1543+1545",4.59050279329609,26344,3146,1595,31085,1074,424,201,449,75,281,0,39,215,
"1506",2015,"1502+1543+1545",4.44345128676471,26531,3297,1607,31435,1088,434,205,449,81,271,0,41,206,258.97
"1506",2016,"1502+1543+1545",4.19128372497824,26678,3503,1609,31790,1149,458,204,487,87,268,0,56,199,255.195
"1506",2017,"1502+1543+1545",3.71074443591711,26600,3657,1613,31870,1303,606,,483,102,278,,62,191,251.975
"1506",2018,"1502+1543+1545",3.14020618556701,26463,3826,1606,31895,1164,499,,445,99,275,,59,206,253.2
"1506",2019,"1502+1543+1545",2.75846036585366,26389,3980,1607,31976,1312,643,,465,129,260,10,55,195,253.995
"1506",2020,"1506",2,26249,4051,1667,31967,1386,706,,469,134,268,10,56,202,279.835
"1506",2021,"1506",2,25981,4204,1685,31870,1394,746,,428,134,268,9,57,202,280.83
"1506",2022,"1506",2,26002,4327,1673,32002,1110,487,,414,135,249,9,62,178,269.965
"1506",2023,"1506",1.9,26262,4461,1723,32446,1143,480,,435,135,235,,61,162,259.945
"1506",2024,"1506",2,26482,4552,1782,32816,1076,438,,424,147,244,,62,167,256
"1506",2025,"1506",2,26665,4631,1867,33163,1072,449,,421,194,255,,70,175,262
"1508",2007,"1504+1523+1529+1546",,42155,4006,2256,48417,1442,629,293,515,,,,,,
"1508",2008,"1504+1523+1529+1546",3.92138788192646,42717,3977,2289,48983,1931,820,309,802,197,,,,,
"1508",2009,"1504+1523+1529+1546",4.25858324715615,43394,3938,2335,49667,1934,833,307,794,177,352,0,52,271,
"1508",2010,"1504+1523+1529+1546",4.08616600790514,44052,3943,2389,50384,2024,899,309,816,182,350,0,50,261,
"1508",2011,"1504+1523+1529+1546",3.94906219151036,44744,4067,2390,51201,2026,920,290,816,195,348,16,48,266,
"1508",2012,"1504+1523+1529+1546",3.73932697137117,45482,4212,2423,52117,1991,930,291,770,243,357,0,39,286,
"1508",2013,"1504+1523+1529+1546",3.60453850076492,46024,4397,2452,52873,1961,905,296,760,218,366,21,43,272,
"1508",2014,"1504+1523+1529+1546",3.38391608391608,46595,4674,2451,53720,2002,923,298,781,225,363,21,57,272,
"1508",2015,"1504+1523+1529+1546",3.66666666666667,47020,4903,2414,54337,2028,896,333,799,206,355,18,49,274,348.565
"1508",2016,"1504+1523+1529+1546",3.62412978617603,47392,5106,2449,54947,2011,924,323,764,215,335,17,55,247,359.085
"1508",2017,"1504+1523+1529+1546",3.52861826697892,47641,5332,2435,55408,2135,1006,,796,222,333,,75,231,362.84
"1508",2018,"1504+1523+1529+1546",3.61357340720222,47717,5594,2409,55720,2166,1036,,769,243,309,,77,209,363.555
"1508",2019,"1504+1523+1529+1546",3.34637809187279,48025,5828,2397,56250,2264,1110,,777,262,310,15,71,216,382.705
"1508",2020,"1507",3.6,56090,7222,2946,66258,2913,1503,,939,394,365,,78,275,467.23
"1508",2021,"1507",4.2,56244,7424,3002,66670,2916,1455,,955,349,361,,78,271,460.905
"1508",2022,"1507",4.3,56408,7682,3024,67114,2809,1458,,869,316,346,,71,260,425.055
"1508",2023,"1507",3.2,56564,7918,3038,67520,2464,1362,,692,311,294,,69,207,420.085
"1508",2024,"1508",2.5,49032,6855,2622,58509,2489,1410,,682,237,283,,67,200,340
"1508",2025,"1508",3.2,49495,6926,2777,59198,2497,1395,,690,245,279,,68,195,344
"1511",2007,"1511",,2901,374,261,3536,159,45,32,82,,,,,,
"1511",2008,"1511",4.7,2892,378,260,3530,162,48,34,80,35,,,,,
"1511",2009,"1511",4.3,2840,389,265,3494,191,72,39,80,34,60,0,6,54,
"1511",2010,"1511",2.8,2828,394,249,3471,188,74,33,81,32,48,0,,25,
"1511",2011,"1511",3.7,2778,401,238,3417,179,68,31,80,31,48,0,,24,
"1511",2012,"1511",4,2747,405,236,3388,186,81,31,74,30,47,0,,22,
"1511",2013,"1511",4.3,2667,424,245,3336,183,80,34,69,35,50,0,5,45,
"1511",2014,"1511",4,2620,441,241,3302,180,79,29,72,20,48,0,5,43,
"1511",2015,"1511",4.515,2562,457,239,3258,203,84,37,82,15,53,0,,31,20.89
"1511",2016,"1511",5.015,2529,480,247,3256,212,78,43,91,14,58,0,6,52,22.825
"1511",2017,"1511",6.7,2448,506,249,3203,216,84,,84,14,53,,,32,23.995
"1511",2018,"1511",4.1,2420,511,256,3187,214,90,,74,16,49,,,30,23.11
"1511",2019,"1511",3.7,2380,546,237,3163,209,88,,66,16,46,,5,41,24.825
"1511",2020,"1511",3,2328,555,234,3117,224,89,,80,16,46,,8,38,25.865
"1511",2021,"1511",3.4,2279,563,241,3083,203,81,,66,16,40,,6,34,25.21
"1511",2022,"1511",2.9,2219,580,246,3045,210,91,,69,17,40,,,31,23.21
"1511",2023,"1511",2.9,2177,608,228,3013,209,90,,68,16,38,,,28,21.795
"1511",2024,"1511",3.4,2181,604,241,3026,144,43,,64,16,30,,,21,22
"1511",2025,"1511",2.5,2195,600,253,3048,156,45,,68,16,25,,7,18,25
"1514",2007,"1514",,2063,308,155,2526,89,23,12,54,,,,,,
"1514",2008,"1514",2.9,2041,299,162,2502,99,33,19,47,17,,,,,
"1514",2009,"1514",2.8,2073,301,167,2541,128,49,21,58,10,29,0,5,24,
"1514",2010,"1514",3.4,2055,297,166,2518,129,46,25,58,13,30,0,6,24,
"1514",2011,"1514",3.3,2150,304,171,2625,152,51,32,69,13,31,0,7,24,
"1514",2012,"1514",3.3,2121,299,168,2588,146,50,25,71,7,40,0,7,33,
"1514",2013,"1514",3.9,2154,294,180,2628,116,41,22,53,14,29,0,6,23,
"1514",2014,"1514",4.3,2148,307,181,2636,119,43,19,57,14,35,0,8,27,
"1514",2015,"1514",5.3,2141,310,184,2635,132,47,21,64,9,34,0,,28,28.98
"1514",2016,"1514",5.19,2062,308,189,2559,129,47,21,61,21,34,0,,27,27.635
"1514",2017,"1514",6.5,2045,309,186,2540,123,49,,50,28,36,,,33,29.055
"1514",2018,"1514",5.3,2016,318,188,2522,117,49,,46,27,33,,,31,26.845
"1514",2019,"1514",6,1987,326,180,2493,108,58,,33,23,35,,,31,23.86
"1514",2020,"1514",4.4,1951,338,172,2461,110,45,,43,23,34,,,31,25.76
"1514",2021,"1514",6.1,1935,332,178,2445,121,52,,46,22,30,,,27,24.965
"1514",2022,"1514",6.4,1900,350,172,2422,123,56,,45,17,32,,,26,24.985
"1514",2023,"1514",6.5,1930,354,158,2442,124,62,,35,18,28,,,21,20.035
"1514",2024,"1514",6.2,1912,360,166,2438,125,60,,38,18,23,,,18,22
"1514",2025,"1514",5.4,1892,379,164,2435,104,37,,40,25,17,,,7,20
"1515",2007,"1515",,7131,766,424,8321,265,81,52,132,,,,,,
"1515",2008,"1515",2.8,7170,767,416,8353,251,84,54,113,14,,,,,
"1515",2009,"1515",3,7156,765,428,8349,279,99,65,115,14,71,,10,58,
"1515",2010,"1515",3.1,7179,781,423,8383,299,104,71,124,15,96,6,15,75,
"1515",2011,"1515",2.6,7305,798,430,8533,354,130,75,149,16,94,0,,73,
"1515",2012,"1515",2.4,7450,818,459,8727,360,126,66,168,15,92,5,10,77,
"1515",2013,"1515",2.3,7533,844,470,8847,368,129,79,160,16,89,5,11,73,
"1515",2014,"1515",2.3,7506,865,476,8847,358,129,74,155,13,85,0,,73,
"1515",2015,"1515",2.01,7562,907,465,8934,356,136,76,144,15,91,0,,75,57.745
"1515",2016,"1515",2.88,7553,958,461,8972,366,132,77,157,12,89,7,9,73,57.215
"1515",2017,"1515",3.4,7499,981,477,8957,380,139,,168,32,77,8,8,61,54.805
"1515",2018,"1515",3.4,7446,1043,476,8965,390,158,,153,33,79,,9,62,56.955
"1515",2019,"1515",2.8,7381,1069,477,8927,448,194,,166,33,79,6,9,64,61.82
"1515",2020,"1515",2.6,7293,1117,490,8900,475,221,,165,34,76,7,15,54,67.055
"1515",2021,"1515",1.9,7244,1128,486,8858,485,225,,168,36,61,5,9,47,66.995
"1515",2022,"1515",1.7,7139,1139,487,8765,455,211,,153,34,69,,,51,61.2
"1515",2023,"1515",2.1,7170,1180,492,8842,494,233,,163,36,81,,,60,69.93
"1515",2024,"1515",2.4,7246,1212,510,8968,509,264,,154,36,77,,,55,67
"1515",2025,"1515",2.5,7288,1219,524,9031,499,267,,148,34,62,,19,43,75
"1516",2007,"1516",,6074,489,278,6841,228,97,22,109,,,,,,
"1516",2008,"1516",4.7,6152,517,277,6946,215,91,22,102,86,,,,,
"1516",2009,"1516",4.2,6259,516,277,7052,289,124,41,124,41,39,,7,30,
"1516",2010,"1516",4.8,6625,548,288,7461,306,146,37,123,12,39,,5,31,
"1516",2011,"1516",5.2,6872,581,298,7751,317,155,47,115,11,35,,6,27,
"1516",2012,"1516",5.4,6929,613,286,7828,326,158,60,108,59,36,0,5,31,
"1516",2013,"1516",6.8,6992,646,289,7927,289,135,52,102,64,34,0,5,29,
"1516",2014,"1516",5.2,7125,669,298,8092,295,139,49,107,63,37,0,9,28,
"1516",2015,"1516",5.195,7289,699,304,8292,341,162,65,114,61,39,0,11,28,34.895
"1516",2016,"1516",4.605,7372,763,295,8430,361,179,67,115,74,34,0,,26,33.055
"1516",2017,"1516",4.2,7356,806,295,8457,354,169,,124,76,38,,,27,36.835
"1516",2018,"1516",4,7403,826,326,8555,342,167,,115,78,33,,6,25,36.165
"1516",2019,"1516",3.8,7421,855,333,8609,403,214,,116,81,37,,9,24,39.175
"1516",2020,"1516",4.1,7327,907,337,8571,425,214,,133,187,33,,8,20,44.19
"1516",2021,"1516",4.5,7278,934,363,8575,450,241,,141,80,35,,10,21,45.05
"1516",2022,"1516",4.5,7213,963,381,8557,473,260,,149,78,34,,11,15,49.095
"1516",2023,"1516",5.1,7400,999,398,8797,450,233,,135,82,37,5,6,26,53.185
"1516",2024,"1516",4.2,7431,1013,417,8861,451,246,,117,77,34,,6,20,52
"1516",2025,"1516",4.1,7403,1036,423,8862,445,243,,116,78,25,,5,14,55
"1517",2007,"1517",,4002,435,238,4675,199,70,34,95,,,,,,
"1517",2008,"1517",4.3,4070,420,251,4741,213,73,39,101,8,,,,,
"1517",2009,"1517",5.8,4142,416,259,4817,225,84,40,101,8,43,0,5,38,
"1517",2010,"1517",5.2,4170,420,269,4859,230,90,45,95,7,40,0,,33,
"1517",2011,"1517",6.3,4253,417,262,4932,211,82,36,93,8,46,0,7,39,
"1517",2012,"1517",6.6,4307,424,269,5000,214,84,34,96,9,45,0,8,37,
"1517",2013,"1517",7.2,4349,428,280,5057,207,78,34,95,10,39,0,7,32,
"1517",2014,"1517",7.4,4297,451,273,5021,208,84,32,92,10,43,0,7,36,
"1517",2015,"1517",6.185,4320,475,270,5065,239,112,40,87,9,43,0,,37,28.795
"1517",2016,"1517",3.39,4422,493,274,5189,242,113,43,86,9,41,0,,37,31.155
"1517",2017,"1517",3.1,4393,521,271,5185,254,123,,86,8,44,,,23,34.01
"1517",2018,"1517",3.3,4354,528,268,5150,228,123,,71,8,47,,8,39,35.85
"1517",2019,"1517",2.3,4345,549,261,5155,262,143,,78,,38,,,27,32.155
"1517",2020,"1517",2.1,4336,591,248,5175,309,185,,86,9,38,,,31,36.77
"1517",2021,"1517",2.2,4273,609,258,5140,305,178,,86,11,34,,,27,32.84
"1517",2022,"1517",3.9,4252,614,260,5126,314,175,,95,15,30,,5,25,37.975
"1517",2023,"1517",4.1,4263,641,255,5159,339,192,,88,16,37,,,32,35.095
"1517",2024,"1517",1.8,4395,674,253,5322,319,185,,84,12,30,,,24,35
"1517",2025,"1517",2,4364,695,261,5320,314,193,,81,13,33,,,26,34
"1520",2007,"1520",,8536,987,639,10162,392,114,69,209,,,,,,
"1520",2008,"1520",3.3,8554,978,631,10163,368,103,60,205,61,,,,,
"1520",2009,"1520",3.5,8598,954,648,10200,399,124,73,202,19,132,0,16,116,
"1520",2010,"1520",3.3,8741,963,639,10343,424,138,73,213,59,135,0,,118,
"1520",2011,"1520",4.1,8770,954,649,10373,419,137,82,200,18,131,0,14,117,
"1520",2012,"1520",4.1,8781,973,644,10398,451,150,85,216,56,122,0,12,110,
"1520",2013,"1520",4,8796,1015,645,10456,422,134,78,210,57,118,0,,104,
"1520",2014,"1520",4.3,8832,1061,643,10536,441,140,87,214,59,106,0,14,92,
"1520",2015,"1520",5.6,8856,1101,632,10589,495,170,97,228,80,98,0,,85,73.8
"1520",2016,"1520",4.61,8903,1138,636,10677,517,191,94,232,85,93,0,,83,79.075
"1520",2017,"1520",4.5,8942,1178,624,10744,507,194,,220,80,90,,,77,85.335
"1520",2018,"1520",4.4,8977,1225,610,10812,517,194,,218,109,90,,,80,84.805
"1520",2019,"1520",4.7,8979,1273,605,10857,540,203,,217,116,88,,7,78,91.235
"1520",2020,"1520",4.6,8916,1303,606,10825,546,211,,226,104,86,,10,72,90
"1520",2021,"1520",4.1,8862,1355,613,10830,558,234,,222,95,83,,15,66,84.815
"1520",2022,"1520",3.9,8810,1412,611,10833,616,265,,237,116,81,,,64,85.09
"1520",2023,"1520",4.3,8849,1453,627,10929,626,286,,219,114,88,,,73,95.135
"1520",2024,"1520",4,8828,1496,634,10958,652,286,,229,116,84,,,70,86
"1520",2025,"1520",4.4,8891,1500,664,11055,717,312,,259,132,61,,11,50,88
"1525",2007,"1525",,3684,521,295,4500,187,25,47,115,,,,,,
"1525",2008,"1525",6.1,3725,523,295,4543,172,24,45,103,80,,,,,
"1525",2009,"1525",12.9,3717,511,305,4533,231,42,56,133,78,38,0,,31,
"1525",2010,"1525",13.6,3706,522,303,4531,182,32,36,114,75,38,0,,27,
"1525",2011,"1525",9.6,3756,518,301,4575,204,31,43,130,75,43,0,16,12,
"1525",2012,"1525",11.2,3765,525,312,4602,206,34,44,128,81,41,0,,28,
"1525",2013,"1525",11.1,3770,523,317,4610,229,34,42,153,85,37,0,13,12,
"1525",2014,"1525",11.3,3764,530,322,4616,213,33,40,140,84,33,0,11,22,
"1525",2015,"1525",5.29,3741,542,322,4605,206,35,38,133,136,41,0,11,30,33.58
"1525",2016,"1525",6.18,3707,566,325,4598,207,26,39,142,96,48,0,10,38,34.24
"1525",2017,"1525",12,3701,583,339,4623,210,33,,142,81,44,,8,36,36.88
"1525",2018,"1525",12.3,3660,588,339,4587,210,35,,138,82,40,,8,32,37.03
"1525",2019,"1525",12.1,3636,597,332,4565,204,39,,137,66,31,,5,26,37
"1525",2020,"1525",12,3600,589,334,4523,193,39,,129,65,36,,8,28,45.215
"1525",2021,"1525",14.3,3556,592,334,4482,192,45,,118,61,38,,7,31,42.785
"1525",2022,"1525",15.5,3531,607,329,4467,197,45,,120,45,32,,5,27,39.21
"1525",2023,"1525",15.2,3482,602,337,4421,201,49,,118,55,32,,,25,43.135
"1525",2024,"1525",13.1,3405,608,335,4348,212,52,,121,82,28,,6,22,44
"1525",2025,"1525",11.3,3447,599,334,4380,214,45,,129,70,31,,6,25,39
"1528",2007,"1528",,6441,628,398,7467,295,65,55,175,,,,,,
"1528",2008,"1528",10.7,6477,624,390,7491,282,65,58,159,98,,,,,
"1528",2009,"1528",11,6561,630,374,7565,277,67,51,159,101,21,0,,11,
"1528",2010,"1528",9.3,6569,636,384,7589,300,68,60,172,95,23,0,,14,
"1528",2011,"1528",10.1,6622,647,393,7662,291,68,55,168,93,24,0,,14,
"1528",2012,"1528",9.2,6592,665,407,7664,294,68,52,174,95,20,0,5,15,
"1528",2013,"1528",10.5,6584,691,398,7673,284,66,45,173,93,21,0,5,16,
"1528",2014,"1528",9.6,6604,717,409,7730,296,74,44,178,88,24,0,,13,
"1528",2015,"1528",10.115,6549,754,404,7707,301,82,49,170,84,23,0,,15,55.895
"1528",2016,"1528",11.58,6470,807,398,7675,299,83,54,162,98,23,0,,16,54.79
"1528",2017,"1528",12.7,6466,856,373,7695,293,86,,164,111,19,,,12,59.18
"1528",2018,"1528",9.1,6435,891,369,7695,378,181,,151,112,21,,,15,61.07
"1528",2019,"1528",8,6363,927,367,7657,465,251,,143,107,20,,6,8,64.075
"1528",2020,"1528",6.3,6276,978,371,7625,504,299,,127,61,29,,,21,64.97
"1528",2021,"1528",6,6199,1023,374,7596,512,309,,121,52,29,,,20,65.165
"1528",2022,"1528",7.1,6127,1043,388,7558,467,260,,124,64,23,,5,16,65.945
"1528",2023,"1528",7.4,6172,1045,413,7630,433,220,,137,59,23,,7,11,60.985
"1528",2024,"1528",6.2,6109,1076,432,7617,483,229,,152,71,21,,8,9,59
"1528",2025,"1528",7.1,6049,1110,467,7626,467,215,,149,62,21,,,15,58
"1531",2007,"1531",,6502,688,348,7538,272,107,49,116,,,,,,
"1531",2008,"1531",7.7,6609,659,358,7626,275,109,38,128,56,,,,,
"1531",2009,"1531",8.8,6757,642,379,7778,327,121,57,149,77,13,0,,6,
"1531",2010,"1531",7.9,6917,636,378,7931,367,139,63,165,77,8,0,,,
"1531",2011,"1531",8.2,7038,654,404,8096,375,146,69,160,81,5,0,,,
"1531",2012,"1531",6.3,7168,674,414,8256,376,143,63,170,81,,0,,,
"1531",2013,"1531",7.2,7285,680,432,8397,392,160,51,181,84,8,0,,,
"1531",2014,"1531",7.1,7511,698,442,8651,414,172,57,185,85,,0,,,
"1531",2015,"1531",7.79,7686,730,439,8855,418,175,59,184,88,,0,0,,61.075
"1531",2016,"1531",6.98,7760,770,422,8952,431,189,57,185,83,,0,,0,66.07
"1531",2017,"1531",7.6,7797,797,413,9007,450,209,,186,84,,,,,65.87
"1531",2018,"1531",9,7894,825,412,9131,433,192,,174,87,,,,,74.95
"1531",2019,"1531",8.5,7984,867,420,9271,477,208,,188,87,,,,,72.05
"1531",2020,"1531",7.1,7980,911,419,9310,500,240,,177,95,,,,,76.82
"1531",2021,"1531",6.2,8048,948,413,9409,532,260,,177,94,,,,,72.005
"1531",2022,"1531",5.7,8143,1000,404,9547,559,279,,185,97,,,,,74.95
"1531",2023,"1531",8.9,8194,1038,404,9636,468,214,,182,97,,,,,80.915
"1531",2024,"1531",9.2,8221,1074,425,9720,480,240,,165,98,,,,,83
"1531",2025,"1531",8.4,8220,1103,436,9759,484,251,,153,98,,,,,86
"1532",2007,"1532",,5808,528,311,6647,262,63,47,152,,,,,,
"1532",2008,"1532",12.8,5939,533,305,6777,243,62,39,142,66,,,,,
"1532",2009,"1532",11,6024,544,305,6873,250,64,32,154,98,27,0,9,14,
"1532",2010,"1532",11,6146,567,316,7029,242,65,31,146,98,29,0,5,24,
"1532",2011,"1532",4.8,6258,573,318,7149,253,77,33,143,56,26,0,5,21,
"1532",2012,"1532",5.8,6389,601,322,7312,272,69,38,165,101,8,0,,0,
"1532",2013,"1532",6.9,6572,644,325,7541,264,70,42,152,115,8,0,,6,
"1532",2014,"1532",5.7,6740,664,335,7739,262,71,47,144,114,7,0,,,
"1532",2015,"1532",10.48,6914,678,332,7924,260,80,46,134,89,8,0,,5,60.375
"1532",2016,"1532",10.02,7054,711,329,8094,257,94,42,121,122,8,0,0,,59.025
"1532",2017,"1532",9,7115,736,325,8176,277,107,,126,116,6,,,,64.21
"1532",2018,"1532",10.2,7196,772,324,8292,253,80,,133,111,6,,,,59.075
"1532",2019,"1532",9.3,7247,813,338,8398,328,143,,132,115,8,,,,59.785
"1532",2020,"1532",10.6,7275,842,345,8462,249,81,,121,91,8,,,,58.785
"1532",2021,"1532",11.2,7269,888,349,8506,251,83,,122,113,7,,,,61.035
"1532",2022,"1532",8.6,7304,929,364,8597,264,87,,120,102,8,,,5,63.17
"1532",2023,"1532",10.1,7364,942,386,8692,262,82,,122,104,8,,,,60.835
"1532",2024,"1532",7.9,7315,984,392,8691,263,90,,120,93,21,,,16,60
"1532",2025,"1532",7.4,7358,998,417,8773,258,78,,126,85,21,,5,16,70
"1535",2007,"1535",,5495,568,339,6402,335,139,63,133,,,,,,
"1535",2008,"1535",3.5,5512,579,343,6434,343,147,57,139,117,,,,,
"1535",2009,"1535",4.5,5553,577,348,6478,321,139,57,125,110,67,,12,49,
"1535",2010,"1535",4.1,5585,580,341,6506,294,127,50,117,123,82,9,17,56,
"1535",2011,"1535",4.6,5565,601,338,6504,270,128,44,98,115,64,7,14,43,
"1535",2012,"1535",6,5587,615,337,6539,304,132,62,110,113,88,,19,62,
"1535",2013,"1535",6.2,5619,663,344,6626,286,128,59,99,109,79,,12,59,
"1535",2014,"1535",4.8,5579,710,326,6615,271,118,64,89,107,83,,16,59,
"1535",2015,"1535",6.81,5632,756,320,6708,296,133,67,96,103,84,,14,58,54.755
"1535",2016,"1535",7.615,5515,774,322,6611,328,154,67,107,101,83,8,18,57,52.65
"1535",2017,"1535",8.2,5470,777,330,6577,348,164,,109,101,85,,16,61,56.565
"1535",2018,"1535",8.1,5407,800,352,6559,375,166,,127,100,79,6,16,57,49.73
"1535",2019,"1535",9.1,5358,835,343,6536,345,159,,117,90,81,8,21,52,56.37
"1535",2020,"1535",8.8,5308,881,343,6532,395,200,,115,91,91,,21,60,60.595
"1535",2021,"1535",8.5,5598,986,374,6958,387,176,,117,65,80,,19,53,63.73
"1535",2022,"1535",10.3,5526,1043,367,6936,364,178,,97,52,83,,20,54,56.205
"1535",2023,"1535",8.9,5604,1092,355,7051,320,116,,107,52,80,,20,53,58.125
"1535",2024,"1535",11.1,5640,1130,377,7147,288,94,,110,87,70,,19,30,58
"1535",2025,"1535",11.2,5684,1163,395,7242,290,94,,116,90,61,,,47,55
"1539",2007,"1539",,6094,724,507,7325,311,80,62,169,,,,,,
"1539",2008,"1539",4.9,6128,724,527,7379,374,142,67,165,11,,,,,
"1539",2009,"1539",5.4,6120,734,522,7376,382,168,61,153,21,113,0,,90,
"1539",2010,"1539",4.3,6144,749,520,7413,410,164,63,183,21,112,0,,91,
"1539",2011,"1539",4.3,6118,758,524,7400,451,189,66,196,23,114,0,,94,
"1539",2012,"1539",5.3,6119,774,535,7428,511,258,77,176,24,112,0,,92,
"1539",2013,"1539",5,6099,812,510,7421,498,256,72,170,27,109,0,,92,
"1539",2014,"1539",4.6,6113,821,519,7453,439,197,60,182,25,103,0,,85,
"1539",2015,"1539",4.005,6076,853,516,7445,441,196,65,180,26,100,0,,83,57.83
"1539",2016,"1539",4.08,6080,896,516,7492,436,182,74,180,25,98,0,,80,60.92
"1539",2017,"1539",3.7,6060,938,505,7503,439,173,,183,25,85,,,70,64.025
"1539",2018,"1539",3.8,6040,992,475,7507,462,182,,183,32,71,,,58,64.31
"1539",2019,"1539",3.9,5986,1045,456,7487,414,173,,157,37,68,,,52,65.065
"1539",2020,"1539",5.1,5938,1084,446,7468,400,170,,155,47,64,,,48,68.945
"1539",2021,"1539",4.7,5552,1043,431,7026,345,136,,138,43,51,,17,20,60.81
"1539",2022,"1539",4.7,5534,1062,423,7019,363,144,,138,43,53,,13,40,52.96
"1539",2023,"1539",4.1,5533,1074,439,7046,289,93,,130,54,53,,,41,48.75
"1539",2024,"1539",3.7,5761,1078,460,7299,245,81,,108,45,53,,,41,46
"1539",2025,"1539",1.8,5652,1071,473,7196,282,99,,116,43,55,,,40,55
"1547",2007,"1547",,2672,289,181,3142,137,41,33,63,,,,,,
"1547",2008,"1547",3.3,2705,304,165,3174,130,41,29,60,8,,,,,
"1547",2009,"1547",4.5,2704,307,172,3183,133,40,29,64,8,35,0,,18,
"1547",2010,"1547",4.7,2716,321,159,3196,131,35,32,64,7,39,0,5,34,
"1547",2011,"1547",5.7,2748,323,178,3249,140,38,33,69,9,41,0,,34,
"1547",2012,"1547",4.3,2763,341,185,3289,131,41,25,65,9,41,0,,33,
"1547",2013,"1547",4,2814,342,183,3339,124,39,21,64,9,40,0,,31,
"1547",2014,"1547",4.4,2839,354,184,3377,130,43,23,64,10,31,0,,14,
"1547",2015,"1547",3.685,2898,387,181,3466,133,45,27,61,10,34,0,,27,26.09
"1547",2016,"1547",3.78,2930,410,178,3518,142,56,26,60,9,34,0,,29,28.12
"1547",2017,"1547",3.9,2945,414,188,3547,143,52,,66,18,27,,,23,29.93
"1547",2018,"1547",3.2,2930,438,189,3557,153,59,,67,23,22,,,9,30.945
"1547",2019,"1547",3.6,2907,445,187,3539,161,67,,58,27,28,,,14,25.185
"1547",2020,"1547",3.3,2859,455,195,3509,178,75,,71,33,24,,,13,28.06
"1547",2021,"1547",3.3,2875,455,192,3522,184,68,,74,33,21,,,10,30.93
"1547",2022,"1547",3.2,2862,461,195,3518,196,71,,83,32,21,,,11,29.945
"1547",2023,"1547",5.2,2981,473,200,3654,187,73,,75,11,19,,,9,31.08
"1547",2024,"1547",5.4,3003,471,204,3678,201,82,,79,13,18,,,8,32
"1547",2025,"1547",6.1,3063,477,219,3759,187,81,,68,13,17,,,8,31
"1554",2007,"1554",,4591,452,324,5367,248,70,41,137,,,,,,
"1554",2008,"1554",2.7,4611,465,326,5402,255,86,40,129,8,,,,,
"1554",2009,"1554",3.1,4643,473,328,5444,257,101,43,113,10,71,,12,48,
"1554",2010,"1554",2.6,4663,499,315,5477,237,95,43,99,10,77,,10,55,
"1554",2011,"1554",2.3,4692,521,307,5520,233,97,39,97,8,75,,13,51,
"1554",2012,"1554",1.9,4759,540,294,5593,281,123,52,106,8,62,,13,39,
"1554",2013,"1554",2.2,4793,577,281,5651,306,131,54,121,8,61,10,12,39,
"1554",2014,"1554",2,4802,601,284,5687,320,148,56,116,9,56,,14,37,
"1554",2015,"1554",1.925,4882,644,268,5794,285,122,49,114,14,51,,14,34,38.945
"1554",2016,"1554",1.995,4880,684,262,5826,317,146,57,114,21,46,,8,34,37.83
"1554",2017,"1554",1.9,4873,716,267,5856,324,145,,112,18,45,,6,32,37.08
"1554",2018,"1554",1.5,4849,751,259,5859,334,162,,103,18,44,,,32,34.155
"1554",2019,"1554",1.4,4800,791,258,5849,314,153,,99,16,47,,,34,36.005
"1554",2020,"1554",1.9,4714,803,271,5788,358,182,,108,24,45,,,33,44.99
"1554",2021,"1554",1.9,4673,839,296,5808,324,144,,110,24,45,,,35,43.84
"1554",2022,"1554",1.7,4661,855,312,5828,329,145,,115,21,44,,,33,42.78
"1554",2023,"1554",1.5,4687,864,321,5872,349,157,,110,47,42,,,37,46.19
"1554",2024,"1554",1.2,4738,887,330,5955,374,169,,117,33,40,,,32,51
"1554",2025,"1554",1.3,4756,901,335,5992,339,145,,116,24,39,,,29,51
"1557",2007,"1557",,2250,218,179,2647,135,26,31,78,,,,,,
"1557",2008,"1557",1.8,2241,221,174,2636,121,24,26,71,24,,,,,
"1557",2009,"1557",3.6,2233,220,165,2618,129,28,28,73,24,27,0,,24,
"1557",2010,"1557",4,2209,228,162,2599,126,25,29,72,7,29,0,,27,
"1557",2011,"1557",1.8,2186,238,158,2582,135,26,30,79,,28,0,,25,
"1557",2012,"1557",1.6,2177,242,160,2579,128,25,32,71,7,29,0,,23,
"1557",2013,"1557",1.9,2142,263,152,2557,116,27,19,70,7,26,0,,20,
"1557",2014,"1557",1.2,2137,280,148,2565,103,25,17,61,7,28,0,,22,
"1557",2015,"1557",3.415,2122,309,149,2580,133,54,21,58,7,27,0,,23,20.135
"1557",2016,"1557",4.325,2118,327,148,2593,129,52,25,52,7,24,0,,20,22.145
"1557",2017,"1557",4,2119,359,133,2611,131,59,,46,6,22,,,18,20.925
"1557",2018,"1557",4.1,2124,368,131,2623,131,58,,46,7,22,,,19,21.9
"1557",2019,"1557",6,2123,385,133,2641,91,33,,37,7,23,,,19,21.04
"1557",2020,"1557",5.6,2093,406,130,2629,108,46,,37,7,22,,,17,21.875
"1557",2021,"1557",6,2106,424,128,2658,99,46,,33,7,20,,5,10,21.85
"1557",2022,"1557",4.7,2104,439,126,2669,118,55,,39,7,11,,,,26.135
"1557",2023,"1557",5.7,2106,441,122,2669,104,40,,41,22,15,,6,5,28.065
"1557",2024,"1557",4.2,2121,443,136,2700,110,48,,43,25,16,,,10,27
"1557",2025,"1557",4.6,2115,452,141,2708,119,44,,49,27,18,,8,7,29
"1560",2007,"1560",,2539,331,214,3084,126,35,21,70,,,,,,
"1560",2008,"1560",5.3,2519,347,216,3082,165,50,19,96,35,,,,,
"1560",2009,"1560",5.1,2500,334,228,3062,202,73,28,101,34,38,6,,24,
"1560",2010,"1560",4.2,2500,340,231,3071,154,42,26,86,8,42,,9,26,
"1560",2011,"1560",3.2,2480,367,218,3065,193,72,35,86,8,27,0,6,21,
"1560",2012,"1560",3.3,2513,377,211,3101,211,88,35,88,8,31,0,5,26,
"1560",2013,"1560",3.4,2514,389,213,3116,179,61,29,89,8,29,0,,21,
"1560",2014,"1560",3,2445,417,202,3064,247,141,39,67,8,34,0,9,16,
"1560",2015,"1560",3.485,2470,431,189,3090,236,135,34,67,7,35,0,,28,17.245
"1560",2016,"1560",2.28,2464,447,192,3103,243,138,36,69,7,32,0,,27,19.005
"1560",2017,"1560",2.2,2447,470,192,3109,235,134,,65,7,32,,,26,18.045
"1560",2018,"1560",2.4,2403,477,198,3078,214,124,,60,7,32,,,23,23.93
"1560",2019,"1560",5,2379,468,198,3045,228,117,,73,6,25,,6,19,23.845
"1560",2020,"1560",4.8,2346,483,196,3025,208,110,,67,7,29,,,14,22.19
"1560",2021,"1560",5.6,2291,479,215,2985,190,95,,67,7,27,,,15,22.98
"1560",2022,"1560",5.8,2265,485,210,2960,174,69,,71,7,28,,5,23,23.995
"1560",2023,"1560",8.8,2338,485,208,3031,147,52,,66,7,35,,,30,25.055
"1560",2024,"1560",5.3,2327,485,229,3041,142,51,,65,7,28,,7,14,25
"1560",2025,"1560",5.8,2365,483,229,3077,124,38,,61,7,34,,,24,21
"1563",2007,"1563",,6134,765,434,7333,348,126,68,154,,,,,,
"1563",2008,"1563",5.8,6158,758,441,7357,335,122,59,154,,,,,,
"1563",2009,"1563",5.8,6157,726,464,7347,340,140,59,141,12,92,,14,73,
"1563",2010,"1563",4.9,6106,736,447,7289,374,145,79,150,9,91,0,,72,
"1563",2011,"1563",4.6,6066,739,462,7267,400,153,79,168,9,97,0,,75,
"1563",2012,"1563",4,5977,763,456,7196,373,160,65,148,8,95,,16,73,
"1563",2013,"1563",3.9,5988,759,458,7205,416,181,80,155,8,91,,13,72,
"1563",2014,"1563",3.9,5930,787,454,7171,397,174,75,148,9,95,,14,73,
"1563",2015,"1563",3.6,5919,785,451,7155,378,169,64,145,10,91,,14,71,74.055
"1563",2016,"1563",4.405,5910,793,457,7160,398,171,75,152,5,82,,10,68,77.925
"1563",2017,"1563",8,5871,818,437,7126,408,185,,151,0,8,,12,65,83.12
"1563",2018,"1563",14.7,5840,850,429,7119,415,199,,157,21,72,,16,53,87.005
"1563",2019,"1563",5.4,5805,876,425,7106,387,188,,139,23,68,,12,53,82.835
"1563",2020,"1563",5.1,5705,912,419,7036,418,206,,143,8,52,,10,40,83.99
"1563",2021,"1563",5.2,5593,929,434,6956,429,208,,150,7,58,,9,46,71.765
"1563",2022,"1563",4.8,5529,969,434,6932,449,221,,145,7,64,,10,51,68.155
"1563",2023,"1563",4.8,5661,997,452,7110,441,217,,141,7,63,,7,53,63.18
"1563",2024,"1563",7.5,5743,1044,440,7227,321,103,,145,7,54,,10,41,61
"1563",2025,"1563",7.4,5665,1068,460,7193,291,92,,134,7,64,,14,45,61
"1566",2007,"1566",,5060,599,390,6049,205,22,43,140,,,,,,
"1566",2008,"1566",2.8,5058,596,385,6039,189,32,34,123,143,,,,,
"1566",2009,"1566",3.2,5022,607,371,6000,246,61,45,140,26,70,0,11,59,
"1566",2010,"1566",3.2,4981,620,355,5956,244,65,43,136,56,70,0,13,57,
"1566",2011,"1566",2.5,4941,653,355,5949,246,74,39,133,28,75,0,,60,
"1566",2012,"1566",2.7,4944,670,338,5952,246,76,41,129,27,77,0,,61,
"1566",2013,"1566",2.1,4882,713,332,5927,230,71,42,117,,69,0,,54,
"1566",2014,"1566",2.5,4893,743,318,5954,238,74,50,114,28,67,6,8,53,
"1566",2015,"1566",2.11,4873,783,320,5976,257,76,62,119,31,70,0,,52,57.995
"1566",2016,"1566",1.885,4837,810,322,5969,246,73,61,112,34,65,0,,49,56.01
"1566",2017,"1566",1.7,4841,845,300,5986,287,91,,116,29,59,,,44,56.98
"1566",2018,"1566",1.9,4813,863,302,5978,290,84,,134,27,52,,,38,53.095
"1566",2019,"1566",2,4732,884,312,5928,280,82,,130,27,50,,,36,58.84
"1566",2020,"1566",1.9,4694,885,341,5920,262,74,,119,32,49,,8,41,57.855
"1566",2021,"1566",2.1,4609,906,357,5872,287,76,,143,30,55,,,43,59.065
"1566",2022,"1566",2.3,4564,917,368,5849,280,86,,127,31,53,,11,42,55.95
"1566",2023,"1566",1.8,4604,924,384,5912,266,79,,126,28,53,,,40,54.975
"1566",2024,"1566",1.6,4603,941,409,5953,281,70,,134,28,50,,,39,53
"1566",2025,"1566",1.8,4578,958,414,5950,295,82,,142,28,46,,,30,53
"1573",2007,"1573",,1736,280,149,2165,123,29,33,61,,,,,,
"1573",2008,"1573",3.6,1713,266,158,2137,128,30,30,68,10,,,,,
"1573",2009,"1573",4.1,1707,255,157,2119,137,37,33,67,10,24,0,,22,
"1573",2010,"1573",4.3,1724,263,156,2143,195,85,39,71,10,23,0,,13,
"1573",2011,"1573",3.7,1708,268,161,2137,161,43,43,75,9,21,0,,11,
"1573",2012,"1573",3.5,1753,279,150,2182,152,34,43,75,,23,0,,10,
"1573",2013,"1573",4.1,1741,282,157,2180,154,46,40,68,10,25,0,,20,
"1573",2014,"1573",3,1725,293,148,2166,143,40,39,64,9,24,0,,18,
"1573",2015,"1573",2.905,1711,295,140,2146,135,46,30,59,0,24,0,,18,15.245
"1573",2016,"1573",2.79,1711,286,144,2141,140,44,33,63,12,24,0,,19,16.14
"1573",2017,"1573",3.2,1724,291,145,2160,142,40,,67,10,28,,,22,17.71
"1573",2018,"1573",3.4,1721,305,146,2172,115,32,,61,9,22,,,18,20.165
"1573",2019,"1573",4.5,1682,306,146,2134,138,40,,67,9,21,,,17,19.14
"1573",2020,"1573",4.2,1681,327,142,2150,216,119,,61,10,20,,,15,17.87
"1573",2021,"1573",4,1640,347,141,2128,255,153,,59,10,17,,6,6,15.885
"1573",2022,"1573",4,1631,356,133,2120,239,141,,58,14,18,,7,6,15.785
"1573",2023,"1573",4.1,1651,369,138,2158,253,143,,63,14,23,,10,13,15.805
"1573",2024,"1573",1.9,1642,368,149,2159,128,32,,59,16,17,,7,7,14
"1573",2025,"1573",2.6,1642,371,155,2168,107,28,,47,17,11,,6,,16
"1576",2007,"1576",,2902,370,243,3515,213,63,43,107,,,,,,
"1576",2008,"1576",3,2923,371,236,3530,207,60,46,101,28,,,,,
"1576",2009,"1576",5,2897,380,231,3508,207,79,47,81,29,46,0,,41,
"1576",2010,"1576",3.5,2879,389,234,3502,196,73,35,88,24,44,0,0,24,
"1576",2011,"1576",3.6,2893,388,242,3523,224,83,43,98,19,28,0,,25,
"1576",2012,"1576",4.4,2861,414,236,3511,233,94,45,94,14,25,0,,11,
"1576",2013,"1576",4.9,2907,426,237,3570,243,95,43,105,20,25,0,,12,
"1576",2014,"1576",3.8,2898,439,240,3577,241,101,41,99,35,25,0,,12,
"1576",2015,"1576",3.525,2853,463,233,3549,229,93,46,90,37,18,0,,9,27.5
"1576",2016,"1576",3.9,2820,496,220,3536,237,88,49,100,26,26,0,,11,32.11
"1576",2017,"1576",4.6,2851,514,225,3590,252,84,,115,30,24,,,14,30.1
"1576",2018,"1576",4.7,2846,524,223,3593,267,105,,115,41,17,,,10,34.01
"1576",2019,"1576",6.5,2787,534,232,3553,300,122,,123,41,16,,,8,33.06
"1576",2020,"1576",8,2735,551,221,3507,291,110,,117,38,16,,6,10,33.77
"1576",2021,"1576",8,2699,559,210,3468,302,126,,111,33,13,,,6,30.17
"1576",2022,"1576",7.5,2599,572,213,3384,314,142,,104,22,9,,,,30.025
"1576",2023,"1576",6,2582,591,208,3381,296,146,,88,30,9,,,5,31.8
"1576",2024,"1576",5.8,2592,600,216,3408,358,193,,102,30,12,,,6,35
"1576",2025,"1576",6.3,2556,588,250,3394,376,194,,117,29,12,,,6,37
"1577",2007,"1444+1519",,8108,845,565,9518,405,139,60,206,,,,,,
"1577",2008,"1444+1519",3.8335,8195,853,569,9617,400,134,62,204,104,,,,,
"1577",2009,"1444+1519",4.31931589537223,8313,849,570,9732,497,191,73,233,108,92,0,8,80,
"1577",2010,"1444+1519",3.82368421052632,8350,863,587,9800,456,176,72,208,110,95,0,8,84,
"1577",2011,"1444+1519",4.49539170506912,8388,891,583,9862,434,162,65,207,112,92,0,6,78,
"1577",2012,"1444+1519",4.77167381974249,8416,934,563,9913,466,186,77,203,112,86,0,,66,
"1577",2013,"1444+1519",5.44193548387097,8548,956,561,10065,465,174,80,211,95,82,0,,60,
"1577",2014,"1444+1519",5.46842105263158,8564,1014,554,10132,494,210,72,212,123,84,0,5,69,
"1577",2015,"1444+1519",4.91947598253275,8574,1067,557,10198,458,199,69,190,100,80,0,6,57,79.22
"1577",2016,"1444+1519",4.6059793814433,8592,1104,541,10237,485,226,69,190,102,89,0,13,67,80.95
"1577",2017,"1444+1519",5.77256461232604,8601,1149,550,10300,503,233,,182,122,84,,13,65,85.895
"1577",2018,"1444+1519",6.39309623430962,8628,1188,547,10363,478,220,,183,114,88,,16,60,81.755
"1577",2019,"1444+1519",5.62742980561555,8573,1211,565,10349,463,221,,173,101,84,,9,59,80.045
"1577",2020,"1577",6.6,8636,1254,583,10473,470,222,,171,101,78,,6,67,77.83
"1577",2021,"1577",7,8915,1288,578,10781,496,243,,167,82,88,,10,71,70.89
"1577",2022,"1577",6.6,8888,1341,580,10809,524,261,,177,92,82,,11,65,73.1
"1577",2023,"1577",6.7,8979,1377,604,10960,571,283,,188,87,78,,12,61,80.165
"1577",2024,"1577",7,9070,1401,622,11093,569,282,,184,85,71,,11,55,74
"1577",2025,"1577",7,9064,1424,643,11131,571,276,,189,88,65,,14,48,80
"1578",2007,"1524+1526",,2300,293,208,2801,140,26,30,84,,,,,,
"1578",2008,"1524+1526",3.63684210526316,2248,295,197,2740,133,23,28,82,43,,,,,
"1578",2009,"1524+1526",3.76666666666667,2282,288,200,2770,126,26,21,79,40,43,0,6,22,
"1578",2010,"1524+1526",3.72384615384615,2345,290,196,2831,130,31,24,75,35,42,0,,29,
"1578",2011,"1524+1526",3.34,2293,294,196,2783,135,35,26,74,37,38,0,,28,
"1578",2012,"1524+1526",3.15073529411765,2275,292,197,2764,136,35,27,74,35,36,0,,25,
"1578",2013,"1524+1526",3.04571428571429,2295,305,191,2791,140,46,25,69,41,40,0,,28,
"1578",2014,"1524+1526",3.375,2221,317,182,2720,144,46,26,72,31,36,0,,27,
"1578",2015,"1524+1526",2.89066878980892,2205,332,182,2719,157,68,21,68,27,37,0,5,23,21.515
"1578",2016,"1524+1526",3.31224137931034,2165,326,181,2672,116,34,18,64,10,39,0,6,26,19.425
"1578",2017,"1524+1526",2.59928571428571,2143,343,182,2668,140,56,,67,7,39,,,13,23.465
"1578",2018,"1524+1526",2.39705882352941,2099,348,195,2642,136,24,,42,6,35,,,18,22.775
"1578",2019,"1524+1526",2.6747572815534,2036,363,193,2592,103,30,,57,0,36,,,19,21.77
"1578",2020,"1578",1.8,1985,370,194,2549,147,66,,58,9,35,,,31,23.795
"1578",2021,"1578",1.6,1930,375,197,2502,150,71,,57,19,37,,,19,23.75
"1578",2022,"1578",2.4,1899,383,209,2491,137,56,,59,22,34,,7,27,31.565
"1578",2023,"1578",2.9,1893,392,209,2494,111,34,,54,24,31,,8,23,33.77
"1578",2024,"1578",2.6,1889,390,213,2492,125,37,,60,38,20,,,10,28
"1578",2025,"1578",2.4,1909,398,199,2506,135,35,,65,38,19,,,12,29
"1579",2007,"1548+1551",,10911,1000,585,12496,231,89,43,99,,,,,,
"1579",2008,"1548+1551",2.25708582834331,10982,1002,567,12551,501,213,90,198,55,,,,,
"1579",2009,"1548+1551",2.13028673835125,10975,1023,575,12573,558,256,102,200,60,123,0,15,87,
"1579",2010,"1548+1551",2.05474060822898,11112,1040,566,12718,559,258,95,206,62,116,0,21,91,
"1579",2011,"1548+1551",2.26998254799302,11113,1079,570,12762,573,266,102,205,75,104,0,10,87,
"1579",2012,"1548+1551",2.62711267605634,11221,1146,559,12926,568,239,106,223,76,97,0,10,82,
"1579",2013,"1548+1551",2.37140381282496,11297,1221,572,13090,577,246,103,228,75,95,0,9,80,
"1579",2014,"1548+1551",2.54330985915493,11321,1293,577,13191,568,258,100,210,79,90,0,8,74,
"1579",2015,"1548+1551",2.38057391304348,11332,1337,581,13250,575,258,108,209,63,84,0,11,67,88.85
"1579",2016,"1548+1551",2.16133440514469,11216,1407,561,13184,622,289,125,208,63,79,0,,59,87.91
"1579",2017,"1548+1551",1.85610859728507,11144,1488,563,13195,663,323,,208,61,85,,,62,90.955
"1579",2018,"1548+1551",2.0570987654321,11126,1536,553,13215,648,314,,199,63,82,,15,47,100.75
"1579",2019,"1548+1551",2.05485893416928,11073,1600,560,13233,638,286,,223,75,78,,22,54,102.705
"1579",2020,"1579",2.6,11039,1659,581,13279,657,300,,220,76,79,,,56,99.83
"1579",2021,"1579",2,11017,1712,588,13317,687,312,,226,84,63,,,47,99.06
"1579",2022,"1579",2,10926,1748,613,13287,697,328,,229,79,67,,15,36,100.22
"1579",2023,"1579",1.5,10913,1796,632,13341,619,272,,234,86,60,,,43,97.895
"1579",2024,"1579",1.6,10939,1840,658,13437,570,258,,207,85,63,,,47,97
"1579",2025,"1579",2.1,10886,1873,701,13460,549,223,,208,89,67,,,52,99
"1580",2007,"1534",,7218,829,559,8606,394,139,66,189,,,,,,
"1580",2008,"1534",3.2,7230,830,557,8617,399,139,72,188,32,,,,,
"1580",2009,"1534",2.5,7316,834,544,8694,413,165,63,185,30,79,0,,59,
"1580",2010,"1534",2.7,7364,826,549,8739,446,189,73,184,38,79,5,13,61,
"1580",2011,"1534",4.4,7469,837,551,8857,427,182,60,185,38,78,0,,59,
"1580",2012,"1534",4.9,7573,849,551,8973,428,191,60,177,36,71,0,,55,
"1580",2013,"1534",5.1,7599,878,543,9020,435,183,68,184,29,79,0,,63,
"1580",2014,"1534",4.5,7622,922,540,9084,439,189,68,182,27,69,0,,57,
"1580",2015,"1534",4.68,7620,968,532,9120,445,202,68,175,12,72,0,,61,73.025
"1580",2016,"1534",4.9,7655,1007,538,9200,374,135,63,176,43,73,0,12,61,77.905
"1580",2017,"1534",5.1,7742,1035,535,9312,396,136,,196,75,56,,10,46,77.795
"1580",2018,"1534",4.7,7761,1056,528,9345,426,147,,203,73,46,,7,39,77.005
"1580",2019,"1534",4.5,7760,1098,525,9383,416,140,,202,73,42,,,20,87.005
"1580",2024,"1580",4.6,7474,1329,554,9357,460,211,,178,41,45,,,35,72
"1580",2025,"1580",5.3,7465,1368,576,9409,400,174,,166,26,60,,,48,77
"1804",2007,"1804",,40742,3363,1470,45575,1479,710,241,528,,,,,,
"1804",2008,"1804",4.7,41140,3433,1476,46049,1614,786,249,579,135,,,,,
"1804",2009,"1804",4.8,41480,3475,1540,46495,1712,902,254,556,133,246,,53,182,
"1804",2010,"1804",4.8,42082,3618,1582,47282,1762,931,257,574,141,240,,46,182,
"1804",2011,"1804",5.1,42511,3722,1614,47847,1789,981,255,553,138,259,,52,192,
"1804",2012,"1804",4.9,42873,3910,1639,48422,1931,1074,279,578,142,266,,51,204,
"1804",2013,"1804",4.6,43433,4069,1701,49203,1824,1048,257,519,131,258,,55,189,
"1804",2014,"1804",4.6,43759,4282,1690,49731,1752,1052,221,479,133,256,,49,191,
"1804",2015,"1804",4.585,43930,4499,1756,50185,1717,1038,239,440,133,264,,44,201,287.89
"1804",2016,"1804",4.42,44044,4694,1750,50488,1711,1029,243,439,179,256,,58,179,286.98
"1804",2017,"1804",4,44343,4887,1792,51022,1711,1008,,445,173,252,,58,176,301.165
"1804",2018,"1804",4,44655,5078,1825,51558,1741,983,,455,179,255,,60,182,318.865
"1804",2019,"1804",3.8,44884,5238,1902,52024,1723,948,,457,152,262,,61,186,317.985
"1804",2020,"1804",3.7,44939,5431,1987,52357,1762,980,,456,160,270,,57,191,324.415
"1804",2021,"1804",3.9,44862,5618,2080,52560,1838,994,,505,155,260,25,61,174,300.93
"1804",2022,"1804",3.2,44873,5764,2166,52803,1800,972,,510,155,263,20,67,176,285.085
"1804",2023,"1804",3.9,45052,5897,2310,53259,1820,974,,538,172,259,,70,175,274.17
"1804",2024,"1804",4,45225,6063,2424,53712,1891,979,,572,173,247,,67,170,304
"1804",2025,"1804",4,45062,6117,2546,53725,1868,954,,576,176,244,,72,162,302
"1806",2020,"1806",4.9,17778,2828,1239,21845,1326,540,,485,156,185,9,47,129,224.07
"1806",2021,"1806",5.9,17480,2922,1259,21661,1259,555,,422,145,179,6,49,124,222.965
"1806",2022,"1806",5.4,17254,3023,1253,21530,1230,550,,409,141,179,,55,79,217.135
"1806",2023,"1806",5.3,17136,3107,1272,21515,1300,574,,434,143,176,8,53,115,212.975
"1806",2024,"1806",5.1,17093,3195,1292,21580,1310,585,,439,139,177,7,59,111,201
"1806",2025,"1806",4.8,17025,3249,1317,21591,1305,593,,446,119,160,,60,60,206
"1811",2007,"1811",,1375,184,133,1692,108,28,25,55,,,,,,
"1811",2008,"1811",5.1,1306,200,125,1631,106,29,28,49,8,,,,,
"1811",2009,"1811",4.2,1293,201,122,1616,112,34,24,54,,29,0,,22,
"1811",2010,"1811",3,1277,195,129,1601,97,27,25,45,,30,0,,23,
"1811",2011,"1811",3.2,1265,203,124,1592,88,26,17,45,,30,0,,23,
"1811",2012,"1811",3.6,1233,206,123,1562,87,25,17,45,,30,0,,23,
"1811",2013,"1811",3.5,1202,223,120,1545,76,21,13,42,,23,0,,17,
"1811",2014,"1811",3.8,1173,220,110,1503,81,21,21,39,,23,0,,16,
"1811",2015,"1811",3.695,1149,227,106,1482,75,21,18,36,0,22,0,,16,23.01
"1811",2016,"1811",4.395,1123,239,103,1465,82,25,20,37,0,23,0,6,17,23.97
"1811",2017,"1811",4.9,1121,249,103,1473,85,33,,29,0,21,,,13,24.05
"1811",2018,"1811",4.6,1134,253,99,1486,102,38,,41,0,13,,,5,23.88
"1811",2019,"1811",5.3,1088,264,98,1450,90,33,,37,0,14,,,6,23.135
"1811",2020,"1811",5.8,1059,268,99,1426,89,36,,34,0,15,,5,6,22.18
"1811",2021,"1811",5.3,1022,271,104,1397,87,36,,31,0,16,,5,,24.225
"1811",2022,"1811",4.6,1018,279,109,1406,100,44,,35,0,17,,,10,21.845
"1811",2023,"1811",4.2,1003,276,112,1391,93,40,,30,0,18,,6,7,19.96
"1811",2024,"1811",4.5,998,284,117,1399,89,36,,28,21,19,,7,8,22
"1811",2025,"1811",4.7,975,281,118,1374,86,32,,30,26,18,,5,10,24
"1812",2007,"1812",,1730,201,116,2047,77,31,8,38,,,,,,
"1812",2008,"1812",1.5,1739,195,122,2056,82,37,8,37,9,,,,,
"1812",2009,"1812",1.8,1738,200,116,2054,130,78,11,41,11,29,0,,23,
"1812",2010,"1812",2.7,1711,211,119,2041,165,97,20,48,6,30,0,,24,
"1812",2011,"1812",2.6,1684,216,125,2025,174,105,24,45,11,30,0,,24,
"1812",2012,"1812",2.4,1696,213,129,2038,169,100,23,46,24,27,0,9,10,
"1812",2013,"1812",3,1696,223,114,2033,105,40,20,45,33,26,0,,18,
"1812",2014,"1812",2.8,1688,246,113,2047,129,57,33,39,31,31,0,,24,
"1812",2015,"1812",1.885,1687,255,121,2063,114,54,25,35,35,28,,9,16,23.96
"1812",2016,"1812",2.005,1657,265,109,2031,123,62,25,36,10,32,0,11,9,19.5
"1812",2017,"1812",1.9,1651,279,117,2047,114,56,,38,18,31,,11,17,22.965
"1812",2018,"1812",1.9,1622,276,122,2020,115,53,,45,17,27,,9,14,23.14
"1812",2019,"1812",2.6,1622,278,114,2014,111,47,,38,17,26,,6,13,21.23
"1812",2020,"1812",2,1568,287,120,1975,112,49,,39,,27,,10,17,21.785
"1812",2021,"1812",2.3,1569,298,123,1990,119,55,,36,,20,,7,13,17.06
"1812",2022,"1812",2.8,1563,294,124,1981,100,44,,34,,17,,5,12,16.545
"1812",2023,"1812",2.6,1547,298,125,1970,115,53,,42,,19,,5,14,18.005
"1812",2024,"1812",3,1544,300,132,1976,102,37,,43,,21,,8,7,16
"1812",2025,"1812",2.7,1539,304,136,1979,118,49,,44,3,22,,,14,14
"1813",2007,"1813",,6508,683,357,7548,351,127,68,156,,,,,,
"1813",2008,"1813",5.2,6510,671,354,7535,367,145,69,153,12,,,,,
"1813",2009,"1813",5.7,6585,665,347,7597,389,163,85,141,17,71,0,,56,
"1813",2010,"1813",5.1,6626,675,359,7660,401,185,84,132,18,55,0,,41,
"1813",2011,"1813",4.9,6691,683,345,7719,421,188,92,141,20,67,0,,55,
"1813",2012,"1813",4.9,6694,717,367,7778,430,196,94,140,50,62,0,,47,
"1813",2013,"1813",4.8,6733,765,361,7859,399,180,87,132,19,68,0,,54,
"1813",2014,"1813",4.8,6751,782,364,7897,435,218,90,127,17,60,0,12,48,
"1813",2015,"1813",5.185,6772,808,354,7934,439,222,87,130,14,60,0,13,47,52.635
"1813",2016,"1813",5.295,6780,824,358,7962,494,275,83,136,14,58,0,13,45,51.925
"1813",2017,"1813",5.9,6747,848,361,7956,486,252,,147,68,45,,11,26,56.875
"1813",2018,"1813",6.4,6713,877,358,7948,508,264,,159,67,52,,14,28,62.19
"1813",2019,"1813",5.3,6634,911,371,7916,549,292,,169,67,51,,14,32,66.955
"1813",2020,"1813",5,6597,941,379,7917,570,317,,163,67,41,,11,22,63.225
"1813",2021,"1813",5,6444,984,375,7803,600,329,,174,62,39,,,21,64.985
"1813",2022,"1813",4.7,6377,1023,377,7777,632,358,,185,70,37,,14,17,64.135
"1813",2023,"1813",4.6,6361,1029,397,7787,643,358,,190,69,45,,16,22,61.04
"1813",2024,"1813",4.3,6361,1046,419,7826,582,291,,191,68,43,,15,21,55
"1813",2025,"1813",4.5,6350,1040,448,7838,585,292,,191,68,41,,11,21,54
"1815",2007,"1815",,1050,172,77,1299,49,14,12,23,,,,,,
"1815",2008,"1815",4.7,1051,165,79,1295,61,21,16,24,6,,,,,
"1815",2009,"1815",6.4,1046,156,86,1288,56,15,16,25,6,29,0,6,23,
"1815",2010,"1815",,1045,158,85,1288,29,11,8,10,6,37,0,10,27,
"1815",2011,"1815",4.3,1027,165,78,1270,64,26,18,20,,20,0,,10,
"1815",2012,"1815",4.7,1030,159,67,1256,66,26,16,24,,22,0,6,11,
"1815",2013,"1815",3.2,1004,163,71,1238,65,22,15,28,,20,0,7,8,
"1815",2014,"1815",2.7,979,171,73,1223,74,29,15,30,,24,0,,15,
"1815",2015,"1815",2.48,969,183,73,1225,91,34,23,34,0,21,0,,14,13.135
"1815",2016,"1815",2.015,971,198,75,1244,107,46,25,36,6,20,0,,10,12.035
"1815",2017,"1815",1.9,954,205,75,1234,84,34,,28,6,20,,6,8,13
"1815",2018,"1815",2.1,939,208,74,1221,75,25,,29,6,25,,,19,14.115
"1815",2019,"1815",1.8,948,208,76,1232,102,39,,35,6,25,,,20,11.2
"1815",2020,"1815",2,917,198,85,1200,106,43,,39,5,21,,,10,9.845
"1815",2021,"1815",2.1,904,190,88,1182,102,44,,33,5,22,,5,17,11.095
"1815",2022,"1815",1.8,888,204,83,1175,108,48,,31,6,21,,6,15,10.235
"1815",2023,"1815",1.5,923,209,87,1219,122,51,,36,6,22,,7,15,12.04
"1815",2024,"1815",2.3,902,211,95,1208,128,57,,38,0,21,,7,14,12
"1815",2025,"1815",2,901,214,92,1207,143,62,,44,13,14,,,7,18
"1816",2007,"1816",,417,57,30,504,31,9,8,14,,,,,,
"1816",2008,"1816",1,398,56,31,485,27,5,10,12,,,,,,
"1816",2009,"1816",1.2,413,56,32,501,23,5,6,12,,10,0,,6,
"1816",2010,"1816",1.4,417,59,34,510,27,9,7,11,,12,0,,8,
"1816",2011,"1816",1,434,55,31,520,26,10,7,9,,12,0,,10,
"1816",2012,"1816",1.5,426,52,33,511,21,,,,,14,,0,10,
"1816",2013,"1816",2.8,411,56,33,500,27,,,,,14,0,,7,
"1816",2014,"1816",3.4,395,70,30,495,28,14,6,8,,13,0,,8,
"1816",2015,"1816",2.22,402,83,25,510,29,17,6,6,0,11,0,,5,7.775
"1816",2016,"1816",2.485,400,85,22,507,22,,,,0,13,0,,7,6.975
"1816",2017,"1816",1.9,421,86,21,528,21,,,,0,12,,,6,6.175
"1816",2018,"1816",2.8,395,89,22,506,26,,,,0,9,,,5,5.95
"1816",2019,"1816",4,381,91,25,497,20,,,,0,8,,,,4.825
"1816",2020,"1816",3,345,90,27,462,21,,,,8,7,,,,4.775
"1816",2021,"1816",10.2,352,85,28,465,28,13,,6,11,9,,,5,4.775
"1816",2022,"1816",8.7,336,98,28,462,35,16,,9,0,10,,,5,6.985
"1816",2023,"1816",9,326,95,33,454,36,19,,9,0,10,,5,,8.85
"1816",2024,"1816",1.6,346,103,31,480,31,18,,7,,9,,,,7
"1816",2025,"1816",1.5,333,103,34,470,39,18,,14,0,6,,,,8
"1818",2007,"1818",,1401,171,110,1682,98,34,18,46,,,,,,
"1818",2008,"1818",5.6,1392,180,111,1683,106,29,26,51,23,,,,,
"1818",2009,"1818",6.7,1355,190,107,1652,91,19,24,48,24,21,0,6,10,
"1818",2010,"1818",7.8,1316,199,103,1618,82,17,20,45,22,18,0,7,5,
"1818",2011,"1818",8.5,1348,203,98,1649,76,20,17,39,25,15,0,5,7,
"1818",2012,"1818",6.6,1407,214,90,1711,83,22,24,37,25,17,0,,13,
"1818",2013,"1818",4.8,1447,227,85,1759,91,26,19,46,22,18,0,,11,
"1818",2014,"1818",10.5,1414,232,87,1733,91,28,17,46,24,15,0,7,,
"1818",2015,"1818",10.195,1420,231,86,1737,92,31,18,43,40,17,0,7,5,12.9
"1818",2016,"1818",9.41,1418,239,86,1743,89,31,15,43,21,14,0,6,,13.125
"1818",2017,"1818",7,1459,243,86,1788,113,58,,37,32,13,,6,,15.2
"1818",2018,"1818",6,1454,254,82,1790,124,71,,31,19,14,,6,,13.825
"1818",2019,"1818",5.5,1444,257,79,1780,136,80,,31,10,17,,6,11,10.91
"1818",2020,"1818",6.1,1420,274,83,1777,135,78,,29,16,13,,,5,12.21
"1818",2021,"1818",5.9,1434,270,89,1793,68,40,,13,16,7,,,,13.21
"1818",2022,"1818",8,1455,270,100,1825,113,51,,38,16,11,,,8,12.97
"1818",2023,"1818",6.8,1473,260,106,1839,115,53,,39,23,15,,,8,13.025
"1818",2024,"1818",8,1467,260,115,1842,101,43,,36,21,15,,,6,13
"1818",2025,"1818",6.9,1494,270,124,1888,112,51,,33,24,15,,,6,13
"1820",2007,"1820",,6340,645,240,7225,197,89,43,65,,,,,,
"1820",2008,"1820",3.1,6301,665,241,7207,276,142,54,80,90,,,,,
"1820",2009,"1820",3.8,6280,667,261,7208,281,156,50,75,62,44,0,,33,
"1820",2010,"1820",3.6,6245,702,249,7196,293,161,60,72,63,47,0,,33,
"1820",2011,"1820",3.5,6307,733,256,7296,301,160,59,82,,44,0,,30,
"1820",2012,"1820",3.1,6346,768,258,7372,313,165,62,86,60,45,0,11,21,
"1820",2013,"1820",3.4,6300,786,275,7361,302,160,52,90,74,51,,11,37,
"1820",2014,"1820",3,6287,813,294,7394,297,156,52,89,62,48,0,11,26,
"1820",2015,"1820",3.68,6308,850,296,7454,329,182,56,91,56,48,0,10,27,35.86
"1820",2016,"1820",4.98,6229,901,307,7437,346,192,60,94,61,44,0,10,25,39.855
"1820",2017,"1820",5.3,6181,937,310,7428,357,202,,101,68,46,,15,20,42.79
"1820",2018,"1820",5.7,6164,978,308,7450,375,212,,97,69,49,,15,21,46.86
"1820",2019,"1820",5.9,6079,1012,324,7415,359,209,,89,69,49,,,34,46.89
"1820",2020,"1820",3.7,6086,1013,348,7447,350,196,,93,60,49,,14,31,47.82
"1820",2021,"1820",3.6,5981,1038,375,7394,292,152,,85,68,42,,14,13,45.02
"1820",2022,"1820",2.4,5890,1076,367,7333,380,208,,107,67,42,6,12,24,41.885
"1820",2023,"1820",2.5,5838,1084,378,7300,369,186,,111,145,50,,16,29,42.96
"1820",2024,"1820",2.5,5905,1104,412,7421,369,190,,108,67,46,,15,26,38
"1820",2025,"1820",2.1,5926,1102,437,7465,337,173,,101,62,48,,14,30,40
"1822",2007,"1822",,1785,191,147,2123,112,32,21,59,,,,,,
"1822",2008,"1822",3.8,1755,193,142,2090,102,27,21,54,,,,,,
"1822",2009,"1822",3.1,1751,201,136,2088,96,22,22,52,,26,0,,21,
"1822",2010,"1822",2.8,1804,203,133,2140,102,30,19,53,,25,0,,14,
"1822",2011,"1822",2.9,1823,196,141,2160,88,25,17,46,,27,0,,14,
"1822",2012,"1822",1.5,1772,198,137,2107,144,64,27,53,,25,0,,21,
"1822",2013,"1822",1.5,1800,210,134,2144,158,76,26,56,,25,0,,19,
"1822",2014,"1822",1.4,1849,211,128,2188,160,86,21,53,,26,0,6,14,
"1822",2015,"1822",1.81,1839,224,125,2188,166,93,23,50,0,27,0,7,20,14.355
"1822",2016,"1822",2.125,1858,238,120,2216,151,83,22,46,0,27,0,7,20,15.375
"1822",2017,"1822",2.1,1913,249,116,2278,148,76,,52,12,23,,,12,16.445
"1822",2018,"1822",1.8,1939,250,118,2307,153,77,,50,15,27,,,16,16
"1822",2019,"1822",2,1935,268,117,2320,161,80,,53,15,29,,,23,18.99
"1822",2020,"1822",2.6,1894,280,120,2294,148,69,,51,15,27,,,13,19.08
"1822",2021,"1822",3.1,1858,297,123,2278,86,45,,24,15,15,,,11,19.125
"1822",2022,"1822",1.8,1818,311,128,2257,151,80,,45,15,21,,,13,16.23
"1822",2023,"1822",1.6,1825,326,119,2270,161,98,,37,12,20,,,11,20.125
"1822",2024,"1822",2.3,1877,355,120,2352,158,92,,38,14,15,,,8,17
"1822",2025,"1822",2.3,1880,352,122,2354,140,75,,39,12,12,,,6,19
"1824",2007,"1824",,11554,1335,682,13571,502,187,111,204,,,,,,
"1824",2008,"1824",3.7,11389,1372,663,13424,546,234,98,214,84,,,,,
"1824",2009,"1824",4.4,11283,1381,678,13342,544,211,106,227,90,102,0,,85,
"1824",2010,"1824",4.9,11293,1407,688,13388,529,192,116,221,84,103,0,,81,
"1824",2011,"1824",4.7,11183,1440,684,13307,601,235,119,247,82,107,5,23,79,
"1824",2012,"1824",4.2,11089,1466,703,13258,621,257,120,244,111,103,,21,76,
"1824",2013,"1824",3.9,11056,1501,695,13252,670,308,115,247,101,113,,27,81,
"1824",2014,"1824",4,11029,1543,714,13286,695,344,114,237,89,111,,25,80,
"1824",2015,"1824",3.815,11044,1587,721,13352,670,315,107,248,89,117,,31,77,102.185
"1824",2016,"1824",4.29,11051,1655,721,13427,700,355,95,250,97,125,,34,85,102.075
"1824",2017,"1824",5,11004,1740,721,13465,702,365,,239,84,129,,32,92,103.605
"1824",2018,"1824",6.6,10925,1771,752,13448,687,371,,218,88,128,,25,100,113.055
"1824",2019,"1824",7.2,10862,1768,773,13403,704,405,,206,89,105,,17,84,108.985
"1824",2020,"1824",8,10721,1766,791,13278,720,418,,222,112,98,,,80,108.015
"1824",2021,"1824",8.1,10692,1769,807,13268,723,408,,221,113,94,,18,74,102.08
"1824",2022,"1824",8.3,10619,1812,802,13233,748,422,,224,114,96,,23,71,104.775
"1824",2023,"1824",7.4,10674,1856,812,13342,766,435,,229,114,100,,16,79,96.96
"1824",2024,"1824",7.3,10746,1869,854,13469,701,401,,218,115,104,,20,78,88
"1824",2025,"1824",6.9,10723,1867,885,13475,690,386,,205,114,98,,19,74,110
"1825",2007,"1825",,1259,183,98,1540,73,31,17,25,,,,,,
"1825",2008,"1825",1.5,1266,184,87,1537,88,40,20,28,,,,,,
"1825",2009,"1825",2,1230,188,82,1500,91,41,22,28,,11,0,,7,
"1825",2010,"1825",1.9,1223,192,81,1496,94,39,18,37,,13,0,,6,
"1825",2011,"1825",2.3,1197,201,89,1487,84,30,23,31,,13,0,,7,
"1825",2012,"1825",1.9,1158,205,92,1455,85,35,22,28,,13,0,,7,
"1825",2013,"1825",1.8,1167,204,88,1459,78,30,21,27,,13,0,,6,
"1825",2014,"1825",1.5,1160,218,87,1465,95,44,17,34,,19,0,,10,
"1825",2015,"1825",1.48,1140,223,95,1458,114,60,20,34,,14,0,,9,12.875
"1825",2016,"1825",2.28,1146,221,95,1462,101,53,18,30,,15,0,0,15,14.76
"1825",2017,"1825",1.9,1150,217,102,1469,109,62,,31,,15,,,8,14.89
"1825",2018,"1825",1.9,1142,221,100,1463,115,64,,30,,13,,,7,14.885
"1825",2019,"1825",3.5,1161,226,106,1493,90,41,,27,,9,,,,14.245
"1825",2020,"1825",2.5,1146,229,107,1482,85,47,,21,,11,,,6,14.75
"1825",2021,"1825",2.3,1115,229,109,1453,94,53,,24,,13,,,6,16.795
"1825",2022,"1825",2.1,1119,227,115,1461,110,60,,30,,14,,,7,15.215
"1825",2023,"1825",2.2,1104,228,122,1454,125,63,,37,7,15,,,7,12.985
"1825",2024,"1825",1.8,1087,231,129,1447,123,70,,34,6,13,,,6,12
"1825",2025,"1825",2.6,1073,224,133,1430,87,39,,30,7,11,,,6,12
"1826",2007,"1826",,1201,179,102,1482,89,32,19,38,,,,,,
"1826",2008,"1826",4.4,1182,178,103,1463,76,29,13,34,6,,,,,
"1826",2009,"1826",4.8,1158,176,104,1438,71,28,13,30,6,13,0,,7,
"1826",2010,"1826",6.5,1165,179,100,1444,60,23,12,25,6,17,0,,8,
"1826",2011,"1826",6.5,1177,189,97,1463,54,16,13,25,5,12,0,,8,
"1826",2012,"1826",5.5,1176,187,93,1456,74,24,18,32,5,6,0,,,
"1826",2013,"1826",5.1,1181,196,94,1471,75,23,19,33,5,9,0,,,
"1826",2014,"1826",5.9,1188,220,92,1500,84,25,21,38,5,6,0,,,
"1826",2015,"1826",6.195,1209,227,97,1533,86,25,24,37,5,9,0,,,17.47
"1826",2016,"1826",7.615,1130,238,97,1465,88,26,28,34,6,11,0,,6,12.98
"1826",2017,"1826",8.6,1079,237,98,1414,85,24,,36,6,9,,,,14.54
"1826",2018,"1826",14.6,1074,236,101,1411,85,22,,40,6,9,,,,15.84
"1826",2019,"1826",16.3,1025,230,104,1359,72,20,,32,6,9,,,5,13.045
"1826",2020,"1826",11.5,966,237,94,1297,68,18,,33,7,12,,6,,13.82
"1826",2021,"1826",14.1,938,229,100,1267,69,20,,33,7,15,,,6,13.805
"1826",2022,"1826",12.4,939,229,105,1273,70,22,,36,7,15,,,9,10.79
"1826",2023,"1826",12.8,939,229,110,1278,71,20,,34,6,12,,,6,9.165
"1826",2024,"1826",8.1,943,230,111,1284,83,22,,38,7,8,,,,9
"1826",2025,"1826",8.2,937,226,111,1274,179,61,,56,8,12,,,6,10
"1827",2007,"1827",,1258,143,88,1489,79,27,19,33,,,,,,
"1827",2008,"1827",7.1,1230,147,86,1463,78,24,21,33,16,,,,,
"1827",2009,"1827",6,1189,154,89,1432,71,24,16,31,,14,0,,6,
"1827",2010,"1827",5.2,1183,160,88,1431,66,25,12,29,,14,0,,8,
"1827",2011,"1827",5.2,1200,157,92,1449,66,24,14,28,,11,0,,8,
"1827",2012,"1827",6.3,1186,161,86,1433,66,22,15,29,,11,0,0,,
"1827",2013,"1827",6.7,1172,175,84,1431,69,23,15,31,,13,0,,5,
"1827",2014,"1827",5.5,1150,182,88,1420,79,28,18,33,,16,0,,8,
"1827",2015,"1827",5.615,1127,199,81,1407,89,33,26,30,0,15,0,,8,12.525
"1827",2016,"1827",4.02,1121,199,82,1402,103,44,30,29,7,18,0,,9,13.81
"1827",2017,"1827",3.8,1126,207,77,1410,74,31,,23,7,16,,,11,12.225
"1827",2018,"1827",9.6,1123,209,71,1403,73,30,,24,7,16,,,8,11.995
"1827",2019,"1827",6.9,1086,234,71,1391,85,44,,23,7,20,,,11,12.97
"1827",2020,"1827",5.7,1063,228,80,1371,101,58,,23,7,17,,,10,15.12
"1827",2021,"1827",4.5,1056,235,80,1371,54,31,,16,7,7,,,,16.765
"1827",2022,"1827",3.4,1045,238,86,1369,99,59,,24,16,13,,,6,15.905
"1827",2023,"1827",5.3,1062,244,85,1391,99,58,,23,14,10,,,5,15.18
"1827",2024,"1827",3.2,1087,264,76,1427,103,57,,23,16,11,,,6,15
"1827",2025,"1827",2.5,1100,261,86,1447,115,61,,30,22,11,,,8,16
"1828",2008,"1828",2.6,1507,167,118,1792,112,45,18,49,,,,,,
"1828",2009,"1828",2.7,1508,162,116,1786,120,54,14,52,,17,0,,9,
"1828",2010,"1828",2.9,1509,166,111,1786,105,40,17,48,,19,0,,11,
"1828",2011,"1828",3.6,1526,175,107,1808,100,40,19,41,6,16,0,,9,
"1828",2012,"1828",3.4,1537,179,97,1813,101,42,20,39,,18,0,,12,
"1828",2013,"1828",3.2,1594,187,94,1875,101,39,22,40,,18,0,,11,
"1828",2014,"1828",2.9,1616,192,94,1902,90,38,19,33,,15,0,,8,
"1828",2015,"1828",2.61,1584,192,95,1871,84,34,21,29,10,15,0,0,15,17.095
"1828",2016,"1828",3,1548,203,87,1838,86,37,19,30,14,15,0,0,15,16.19
"1828",2017,"1828",3.2,1541,208,88,1837,88,38,,29,10,18,,,9,17.115
"1828",2018,"1828",2,1502,211,92,1805,73,26,,30,16,21,,,11,16.945
"1828",2019,"1828",2,1479,215,98,1792,73,26,,30,,21,,,11,17.995
"1828",2020,"1828",3.2,1449,217,95,1761,63,22,,26,18,14,,,7,17.75
"1828",2021,"1828",3,1383,224,94,1701,70,30,,25,12,16,,,7,15.95
"1828",2022,"1828",4.4,1372,231,95,1698,63,20,,24,24,14,,,6,17.805
"1828",2023,"1828",5.9,1435,257,91,1783,66,26,,26,24,12,,,5,20.99
"1828",2024,"1828",4.2,1463,248,97,1808,85,32,,35,27,16,,,7,19
"1828",2025,"1828",3.5,1412,252,106,1770,92,36,,36,25,14,,,5,18
"1832",2007,"1832",,3745,484,281,4510,227,59,42,126,,,,,,
"1832",2008,"1832",2.1,3714,479,285,4478,277,90,48,139,53,,,,,
"1832",2009,"1832",2.2,3754,489,284,4527,267,66,50,151,51,48,,9,35,
"1832",2010,"1832",1.9,3781,514,289,4584,274,68,55,151,52,47,,10,34,
"1832",2011,"1832",1.9,3790,524,286,4600,264,62,50,152,58,48,,5,38,
"1832",2012,"1832",1.8,3754,525,306,4585,256,62,52,142,58,48,,7,35,
"1832",2013,"1832",2.9,3766,567,287,4620,244,63,53,128,60,44,,,35,
"1832",2014,"1832",2.9,3680,589,284,4553,218,53,50,115,61,45,5,6,34,
"1832",2015,"1832",4.49,3642,601,285,4528,224,59,52,113,61,45,0,11,22,40.77
"1832",2016,"1832",6.005,3566,637,283,4486,234,63,56,115,60,46,0,,34,38.745
"1832",2017,"1832",5.6,3587,642,295,4524,246,87,,108,56,45,,,33,39.35
"1832",2018,"1832",5,3562,648,293,4503,264,101,,112,56,43,,7,33,38.985
"1832",2019,"1832",5,3543,653,305,4501,254,88,,104,54,44,,8,33,39.785
"1832",2020,"1832",5.7,3487,665,302,4454,308,135,,99,53,38,,12,24,39.95
"1832",2021,"1832",7.3,3448,677,303,4428,277,118,,93,60,45,,15,17,40.17
"1832",2022,"1832",5.4,3424,684,312,4420,240,90,,92,61,44,,18,26,40.165
"1832",2023,"1832",6.5,3465,681,313,4459,251,103,,100,60,39,,16,23,42.9
"1832",2024,"1832",8,3474,682,329,4485,241,88,,98,63,42,,18,24,47
"1832",2025,"1832",8.1,3461,677,347,4485,225,74,,100,63,40,,17,23,46
"1833",2007,"1833",,21602,2379,1209,25190,1022,383,207,432,,,,,,
"1833",2008,"1833",3.2,21519,2365,1208,25092,1057,406,207,444,192,,,,,
"1833",2009,"1833",3.8,21664,2391,1226,25281,1077,420,217,440,195,216,,41,168,
"1833",2010,"1833",4.2,21635,2407,1240,25282,1089,415,225,449,204,226,,31,189,
"1833",2011,"1833",4.4,21759,2461,1279,25499,1159,439,249,471,232,229,,33,187,
"1833",2012,"1833",4,21806,2561,1285,25652,1091,436,223,432,239,233,,34,188,
"1833",2013,"1833",4.1,21871,2594,1287,25752,1062,405,231,426,240,231,13,41,177,
"1833",2014,"1833",4.4,21941,2733,1269,25943,1070,415,210,445,244,212,,39,160,
"1833",2015,"1833",5.7,21928,2880,1270,26078,1043,395,221,427,248,197,10,31,156,202.235
"1833",2016,"1833",6.22,21815,2960,1264,26039,1050,432,205,413,267,194,6,33,155,202.75
"1833",2017,"1833",6.4,21768,3041,1292,26101,971,402,,368,265,202,,35,156,207.405
"1833",2018,"1833",6,21828,3096,1306,26230,995,385,,392,263,199,,41,151,212.155
"1833",2019,"1833",5.9,21816,3160,1339,26315,1026,448,,391,253,195,,40,148,219.055
"1833",2020,"1833",5.8,21615,3204,1365,26184,1043,449,,390,263,208,,41,152,217.18
"1833",2021,"1833",5.7,21377,3326,1380,26083,1110,466,,414,260,199,12,39,148,228.07
"1833",2022,"1833",6.3,21268,3399,1425,26092,1124,485,,384,262,195,,41,142,230.16
"1833",2023,"1833",5.7,21092,3454,1434,25980,1168,526,,384,259,186,,43,133,215.555
"1833",2024,"1833",6.1,21004,3505,1485,25994,1144,499,,399,216,180,,46,124,210
"1833",2025,"1833",5.5,20835,3524,1568,25927,1144,516,,397,101,178,,45,123,211
"1834",2007,"1834",,1618,244,108,1970,97,28,23,46,,,,,,
"1834",2008,"1834",10.2,1547,240,112,1899,117,43,29,45,50,,,,,
"1834",2009,"1834",19.9,1539,244,100,1883,106,39,23,44,48,9,0,,,
"1834",2010,"1834",18.8,1551,247,102,1900,105,37,21,47,48,10,0,,,
"1834",2011,"1834",17.3,1545,259,108,1912,102,30,21,51,50,11,0,,,
"1834",2012,"1834",14.8,1562,261,114,1937,94,27,18,49,34,12,0,5,,
"1834",2013,"1834",15.9,1530,272,114,1916,92,23,24,45,34,8,0,,0,
"1834",2014,"1834",13.9,1519,271,111,1901,96,24,29,43,40,7,0,,0,
"1834",2015,"1834",10.8,1533,276,108,1917,101,28,28,45,46,11,0,7,,17.085
"1834",2016,"1834",13.88,1523,291,109,1923,95,29,19,47,46,10,0,7,,15.695
"1834",2017,"1834",14.2,1516,289,115,1920,97,31,,46,45,9,,7,,16.735
"1834",2018,"1834",14.7,1513,287,120,1920,90,29,,43,47,11,,6,,18.125
"1834",2019,"1834",10.5,1505,278,121,1904,119,39,,57,44,9,,,,16.205
"1834",2020,"1834",12.5,1476,287,127,1890,107,30,,53,43,10,,,5,15.14
"1834",2021,"1834",12.5,1451,295,130,1876,115,28,,61,40,12,,,6,15.75
"1834",2022,"1834",11.2,1420,311,138,1869,150,49,,69,47,11,,,7,17.03
"1834",2023,"1834",10.6,1412,295,145,1852,150,50,,68,49,11,,,5,12.84
"1834",2024,"1834",10,1432,296,158,1886,179,72,,79,62,13,,6,,12
"1834",2025,"1834",11.1,1496,292,160,1948,195,79,,78,58,12,,5,,11
"1835",2007,"1835",,371,54,21,446,23,9,9,5,,,,,,
"1835",2008,"1835",1,376,51,24,451,21,6,9,6,,,,,,
"1835",2009,"1835",1.6,381,52,22,455,23,7,7,9,,9,0,,0,
"1835",2010,"1835",2,422,45,22,489,22,9,8,5,,12,0,,7,
"1835",2011,"1835",3.1,416,51,23,490,30,9,11,10,,11,0,,,
"1835",2012,"1835",1.1,422,50,25,497,22,,,,,12,0,,5,
"1835",2013,"1835",1.4,432,46,28,506,21,5,6,10,,8,0,,,
"1835",2014,"1835",1.6,418,46,25,489,20,,,,,10,0,,6,
"1835",2015,"1835",3.09,414,49,23,486,19,6,5,8,0,9,0,,5,3.8
"1835",2016,"1835",2.915,403,51,24,478,16,,,,0,9,0,,7,4.11
"1835",2017,"1835",2.5,396,44,25,465,18,,,,0,,,,,4.875
"1835",2018,"1835",1.9,382,51,21,454,22,6,,8,0,6,,,,5
"1835",2019,"1835",2.2,381,54,21,456,25,8,,8,0,8,,,,5
"1835",2020,"1835",1.3,360,55,20,435,23,8,,8,0,8,,,,4
"1835",2021,"1835",1.3,366,54,22,442,18,6,,5,0,8,,,5,5
"1835",2022,"1835",1.9,383,49,18,450,21,5,,8,0,5,,,,5
"1835",2023,"1835",2.2,377,53,14,444,16,,,,0,,,,,4.21
"1835",2024,"1835",1.3,371,52,19,442,16,,,,0,,,,,4
"1835",2025,"1835",1.4,388,56,19,463,19,,,,0,,,,,5
"1836",2008,"1836",5.3,1089,147,78,1314,51,8,13,30,12,,,,,
"1836",2009,"1836",4.8,1077,136,79,1292,48,7,11,30,14,18,0,,14,
"1836",2010,"1836",3.4,1066,142,73,1281,58,10,15,33,15,18,0,,14,
"1836",2011,"1836",2,1079,137,78,1294,70,13,19,38,20,14,0,,7,
"1836",2012,"1836",1,1102,139,79,1320,63,13,19,31,20,13,0,,11,
"1836",2013,"1836",1.3,1086,149,75,1310,69,18,18,33,20,11,0,,6,
"1836",2014,"1836",2.1,1087,148,70,1305,66,18,15,33,22,9,0,,5,
"1836",2015,"1836",2.09,1043,159,67,1269,65,18,14,33,26,7,0,,,8.08
"1836",2016,"1836",6.62,1035,164,69,1268,75,20,16,39,27,5,0,,,10.835
"1836",2017,"1836",5.8,1029,165,73,1267,78,22,,37,28,7,,,,10.085
"1836",2018,"1836",5.3,1006,173,70,1249,69,15,,40,28,7,,,,6.165
"1836",2019,"1836",5.5,993,176,69,1238,75,16,,44,30,,,,,7.87
"1836",2020,"1836",7.5,968,177,68,1213,82,20,,48,30,6,,,,11.045
"1836",2021,"1836",5.8,947,185,74,1206,92,27,,47,30,5,,,,13.045
"1836",2022,"1836",4.2,898,186,69,1153,83,29,,37,21,7,,,,11.91
"1836",2023,"1836",4.1,882,190,67,1139,90,36,,33,23,,,,,10.98
"1836",2024,"1836",5.9,876,196,67,1139,98,43,,37,23,10,,,5,10
"1836",2025,"1836",6.4,889,194,77,1160,88,34,,36,15,9,,,6,10
"1837",2007,"1837",,5610,632,421,6663,296,98,47,151,,,,,,
"1837",2008,"1837",3.1,5573,626,423,6622,319,99,53,167,42,,,,,
"1837",2009,"1837",4.1,5603,608,430,6641,466,211,75,180,44,54,0,,46,
"1837",2010,"1837",4.2,5579,636,424,6639,494,251,76,167,46,53,0,,44,
"1837",2011,"1837",3.7,5589,639,422,6650,530,279,74,177,46,66,0,,53,
"1837",2012,"1837",4.3,5576,655,426,6657,537,292,71,174,32,65,0,,50,
"1837",2013,"1837",5.2,5494,661,427,6582,391,180,60,151,44,63,0,,50,
"1837",2014,"1837",4,5384,696,411,6491,403,199,66,138,41,66,0,,56,
"1837",2015,"1837",3.495,5317,740,397,6454,437,211,82,144,45,57,0,10,47,37.525
"1837",2016,"1837",4.025,5308,772,391,6471,323,140,60,123,50,55,0,10,45,43.31
"1837",2017,"1837",4.4,5276,769,390,6435,363,163,,121,48,63,,,51,45.095
"1837",2018,"1837",5.1,5171,795,380,6346,384,180,,128,52,65,,,51,42.03
"1837",2019,"1837",4.3,5117,819,395,6331,483,231,,156,48,61,,,45,44.235
"1837",2020,"1837",4.5,5061,854,373,6288,497,254,,148,31,58,,,46,46.01
"1837",2021,"1837",4,5001,870,376,6247,503,252,,151,26,61,,,50,45.825
"1837",2022,"1837",4.7,4939,895,380,6214,540,275,,154,32,51,,9,42,42.85
"1837",2023,"1837",4,4928,900,384,6212,530,260,,158,30,53,,9,44,36.225
"1837",2024,"1837",3.8,4880,904,396,6180,481,224,,153,32,52,,10,42,35
"1837",2025,"1837",5,4773,926,405,6104,307,99,,131,28,49,,11,38,40
"1838",2007,"1838",,1651,252,178,2081,158,36,33,89,,,,,,
"1838",2008,"1838",6.9,1629,245,172,2046,151,37,33,81,24,,,,,
"1838",2009,"1838",6.2,1631,255,167,2053,138,35,35,68,24,35,0,0,23,
"1838",2010,"1838",5.4,1592,248,156,1996,164,58,35,71,23,34,0,,31,
"1838",2011,"1838",4.7,1611,248,161,2020,155,58,36,61,23,34,0,,29,
"1838",2012,"1838",4.6,1598,251,151,2000,152,46,43,63,27,33,0,,28,
"1838",2013,"1838",5.4,1598,260,148,2006,146,40,34,72,27,31,0,,28,
"1838",2014,"1838",5.2,1609,261,153,2023,128,29,29,70,26,33,0,,28,
"1838",2015,"1838",6.985,1584,276,154,2014,129,31,31,67,26,33,0,,27,19.845
"1838",2016,"1838",6.815,1605,289,149,2043,149,61,28,60,35,28,0,6,22,19.79
"1838",2017,"1838",6.2,1587,292,145,2024,154,57,,57,34,25,,,20,20.88
"1838",2018,"1838",5.5,1560,306,132,1998,154,67,,54,28,27,,8,13,18.005
"1838",2019,"1838",5.2,1535,306,137,1978,167,73,,55,30,22,,6,16,24.07
"1838",2020,"1838",3.4,1493,320,137,1950,165,62,,59,32,25,,7,18,21.8
"1838",2021,"1838",3.5,1441,347,132,1920,178,69,,55,31,28,,8,20,22.865
"1838",2022,"1838",4.3,1407,355,132,1894,159,61,,48,33,27,,8,13,22.985
"1838",2023,"1838",4,1426,374,128,1928,162,62,,51,13,27,,,20,21.79
"1838",2024,"1838",3.5,1452,380,126,1958,182,76,,52,17,25,,,17,18
"1838",2025,"1838",3.6,1483,391,129,2003,175,68,,50,17,29,,7,16,21
"1839",2007,"1839",,911,156,81,1148,62,17,21,24,,,,,,
"1839",2008,"1839",1.3,898,151,79,1128,67,16,26,25,,,,,,
"1839",2009,"1839",3.6,901,160,76,1137,76,22,22,32,,17,0,,11,
"1839",2010,"1839",3.6,863,169,82,1114,77,30,18,29,,23,0,7,11,
"1839",2011,"1839",2.6,850,174,79,1103,68,27,13,28,,23,0,7,10,
"1839",2012,"1839",2.4,843,174,80,1097,67,26,13,28,,18,0,6,7,
"1839",2013,"1839",3.5,824,175,76,1075,86,35,15,36,,21,0,6,7,
"1839",2014,"1839",3.3,832,176,80,1088,82,34,14,34,,22,0,,13,
"1839",2015,"1839",3.41,801,174,83,1058,81,40,15,26,5,23,0,8,9,11.94
"1839",2016,"1839",3.02,767,186,81,1034,87,44,19,24,,24,0,7,9,12.775
"1839",2017,"1839",3.3,779,182,82,1043,93,43,,26,,17,,,12,13.83
"1839",2018,"1839",4.8,759,187,83,1029,90,44,,29,,15,,,7,13.805
"1839",2019,"1839",4.5,752,186,84,1022,95,45,,34,0,16,,5,6,13.025
"1839",2020,"1839",4.8,735,192,90,1017,74,31,,28,,17,,5,12,12.935
"1839",2021,"1839",4.1,717,196,86,999,77,29,,30,6,20,,,11,13.75
"1839",2022,"1839",3.4,720,198,94,1012,84,28,,37,14,25,,,18,11.84
"1839",2023,"1839",3.6,720,202,105,1027,81,25,,40,6,16,,,13,14.045
"1839",2024,"1839",3.7,751,204,107,1062,86,28,,35,6,16,,,14,14
"1839",2025,"1839",3.5,749,205,105,1059,98,34,,38,6,13,,,6,14
"1840",2007,"1840",,3986,442,260,4688,293,133,56,104,,,,,,
"1840",2008,"1840",3.4,4020,447,243,4710,289,141,47,101,60,,,,,
"1840",2009,"1840",4.1,4021,459,247,4727,281,136,50,95,59,38,,7,29,
"1840",2010,"1840",3.4,3962,483,247,4692,290,141,56,93,57,39,0,7,32,
"1840",2011,"1840",4.6,3928,498,246,4672,285,131,53,101,59,41,0,8,33,
"1840",2012,"1840",4.4,3927,533,250,4710,264,112,49,103,56,38,0,5,33,
"1840",2013,"1840",4.4,3936,554,255,4745,246,110,45,91,57,33,0,,19,
"1840",2014,"1840",3.8,3875,571,244,4690,271,125,58,88,48,38,,5,29,
"1840",2015,"1840",4.62,3881,618,235,4734,266,132,50,84,47,41,,9,29,37.1
"1840",2016,"1840",3.905,3800,655,245,4700,267,121,72,74,43,41,,6,30,37.945
"1840",2017,"1840",3.8,3770,688,244,4702,261,125,,80,44,41,,7,30,39.86
"1840",2018,"1840",2.5,3737,696,258,4691,300,151,,77,45,43,,10,20,34.92
"1840",2019,"1840",4.7,3688,717,252,4657,293,157,,78,41,43,,,28,37.765
"1840",2020,"1840",3.1,3676,741,254,4671,277,148,,79,48,39,,13,22,38.935
"1840",2021,"1840",2.7,3621,758,253,4632,305,161,,83,48,38,,10,24,40.19
"1840",2022,"1840",2.5,3560,789,268,4617,324,173,,79,45,40,,10,24,42.85
"1840",2023,"1840",2.2,3578,787,285,4650,311,171,,78,44,41,,10,26,38.92
"1840",2024,"1840",2.6,3793,785,302,4880,286,154,,67,47,40,,10,23,40
"1840",2025,"1840",2.6,3709,801,312,4822,298,154,,80,47,41,,8,25,37
"1841",2007,"1841",,8096,893,476,9465,415,146,85,184,,,,,,
"1841",2008,"1841",1.8,8093,903,484,9480,442,167,76,199,12,,,,,
"1841",2009,"1841",2.6,8082,907,488,9477,417,140,71,206,22,85,0,,62,
"1841",2010,"1841",3.4,8108,945,499,9552,404,136,60,208,12,86,0,,69,
"1841",2011,"1841",3.3,8051,979,503,9533,419,148,67,204,14,83,0,12,71,
"1841",2012,"1841",3.9,7992,1010,511,9513,437,182,68,187,14,80,0,,67,
"1841",2013,"1841",4.3,7948,1057,508,9513,440,170,75,195,19,78,0,,64,
"1841",2014,"1841",5.1,7922,1142,492,9556,434,185,72,177,27,77,0,,59,
"1841",2015,"1841",4.585,7924,1211,487,9622,439,193,75,171,15,79,0,,59,60.7
"1841",2016,"1841",4.305,7853,1264,487,9604,453,199,84,170,15,79,6,18,55,60.765
"1841",2017,"1841",4.4,7923,1321,485,9729,464,217,,166,18,78,,16,54,68.21
"1841",2018,"1841",4.8,7932,1355,488,9775,447,208,,159,17,76,5,15,56,71.43
"1841",2019,"1841",4.8,7911,1356,493,9760,458,214,,155,17,70,,,55,70.69
"1841",2020,"1841",5.4,7847,1389,503,9739,444,217,,139,16,69,,,50,63.785
"1841",2021,"1841",4.1,7705,1419,516,9640,421,210,,129,15,75,,,57,59.06
"1841",2022,"1841",3.6,7632,1440,531,9603,390,188,,123,15,68,,,48,58.2
"1841",2023,"1841",3.1,7546,1455,571,9572,403,170,,134,16,68,,,48,60.05
"1841",2024,"1841",2.9,7732,1494,601,9827,429,184,,150,16,73,5,17,51,49
"1841",2025,"1841",3.5,7628,1534,643,9805,439,192,,147,17,71,,21,33,54
"1845",2007,"1845",,1717,221,146,2084,110,36,20,54,,,,,,
"1845",2008,"1845",2.1,1645,215,140,2000,113,40,22,51,10,,,,,
"1845",2009,"1845",2.1,1664,217,140,2021,109,38,22,49,,30,0,,25,
"1845",2010,"1845",3.4,1626,224,134,1984,102,28,21,53,8,20,0,,9,
"1845",2011,"1845",4.9,1626,236,127,1989,93,26,19,48,,18,0,0,18,
"1845",2012,"1845",2.5,1629,250,124,2003,96,31,24,41,,21,0,,18,
"1845",2013,"1845",4.6,1600,268,113,1981,100,26,28,46,,26,0,,22,
"1845",2014,"1845",4,1583,287,117,1987,85,22,23,40,,19,0,,15,
"1845",2015,"1845",2.4,1537,305,111,1953,84,23,22,39,0,24,0,,17,24.23
"1845",2016,"1845",2.585,1525,321,117,1963,77,22,21,34,5,22,0,,16,25.04
"1845",2017,"1845",2.9,1527,319,112,1958,71,19,,34,,24,,,19,24.84
"1845",2018,"1845",2.4,1531,332,116,1979,68,14,,35,0,26,,,19,27.005
"1845",2019,"1845",2.1,1507,345,123,1975,64,18,,30,0,26,,8,18,26.005
"1845",2020,"1845",1.9,1460,343,123,1926,73,17,,33,0,28,,7,21,30.23
"1845",2021,"1845",2.5,1428,355,129,1912,78,27,,30,0,21,,7,14,26.105
"1845",2022,"1845",2.8,1400,341,128,1869,79,27,,30,0,16,,,9,27.19
"1845",2023,"1845",3.1,1371,348,126,1845,81,26,,34,28,16,,,8,27.02
"1845",2024,"1845",2.7,1376,347,135,1858,95,30,,33,0,17,,,9,21
"1845",2025,"1845",2.6,1368,341,142,1851,95,27,,38,0,15,,,8,23
"1848",2007,"1848",,2165,292,223,2680,175,60,42,73,,,,,,
"1848",2008,"1848",0.8,2163,306,203,2672,148,51,35,62,20,,,,,
"1848",2009,"1848",0.8,2171,293,201,2665,171,51,47,73,20,39,0,,29,
"1848",2010,"1848",0.8,2133,291,195,2619,162,50,43,69,28,35,0,,26,
"1848",2011,"1848",0.8,2141,293,185,2619,199,86,41,72,28,34,0,,23,
"1848",2012,"1848",0.7,2111,327,171,2609,188,81,42,65,29,34,0,,26,
"1848",2013,"1848",1.2,2047,331,174,2552,155,56,41,58,31,31,0,,27,
"1848",2014,"1848",1.7,2049,360,170,2579,139,43,29,67,25,33,0,,27,
"1848",2015,"1848",4.195,1970,374,163,2507,200,94,39,67,25,36,0,,29,22.1
"1848",2016,"1848",4.29,1980,393,170,2543,160,65,31,64,22,29,0,,23,19.59
"1848",2017,"1848",4.7,1958,414,171,2543,151,58,,62,23,28,,,22,21.225
"1848",2018,"1848",4.2,1932,428,174,2534,143,64,,50,19,23,,,17,22.035
"1848",2019,"1848",4.6,1981,440,155,2576,147,66,,49,20,24,,,18,22.955
"1848",2020,"1848",5.3,1992,451,165,2608,181,82,,59,26,27,,,20,19.09
"1848",2021,"1848",5.6,1971,448,167,2586,133,43,,56,28,24,,6,18,18.12
"1848",2022,"1848",4.7,1983,442,166,2591,165,68,,59,26,21,,,15,18.11
"1848",2023,"1848",3.4,2038,466,161,2665,168,81,,52,22,21,,,15,19.09
"1848",2024,"1848",3.9,2042,468,162,2672,183,95,,51,22,21,,6,15,20
"1848",2025,"1848",3.2,2032,459,171,2662,207,111,,60,25,19,,9,6,24
"1851",2007,"1851",,1794,287,176,2257,109,9,21,79,,,,,,
"1851",2008,"1851",7.2,1816,288,175,2279,109,14,22,73,47,,,,,
"1851",2009,"1851",23.7,1788,281,173,2242,127,27,21,79,,,,,,
"1851",2010,"1851",27.4,1732,282,167,2181,134,32,23,79,40,,,,,
"1851",2011,"1851",3.9,1740,285,171,2196,123,29,25,69,18,28,0,5,23,
"1851",2012,"1851",4.7,1704,299,176,2179,119,26,20,73,14,27,0,,16,
"1851",2013,"1851",4.6,1741,303,176,2220,102,23,19,60,15,28,0,,15,
"1851",2014,"1851",4.6,1768,320,160,2248,113,23,24,66,,24,0,,14,
"1851",2015,"1851",21.6,1675,330,155,2160,119,46,20,53,10,29,0,,21,17.935
"1851",2016,"1851",20.21,1649,351,144,2144,99,37,16,46,11,27,0,8,19,16.41
"1851",2017,"1851",15.7,1634,354,146,2134,102,31,,45,11,41,,,30,16.025
"1851",2018,"1851",12.1,1589,365,148,2102,93,26,,41,11,35,,7,28,17.095
"1851",2019,"1851",9.6,1570,352,155,2077,87,26,,34,11,33,,,27,14.92
"1851",2020,"1851",4.8,1519,358,157,2034,117,51,,41,10,33,,,26,17.4
"1851",2021,"1851",19.3,1463,370,170,2003,93,28,,40,10,31,,,24,18.11
"1851",2022,"1851",21.8,1408,396,172,1976,89,24,,40,10,29,,,22,15.05
"1851",2023,"1851",13.6,1415,393,177,1985,142,73,,44,10,29,,8,14,18.19
"1851",2024,"1851",15.1,1464,410,186,2060,126,57,,43,10,22,,,15,14
"1851",2025,"1851",11.7,1472,393,202,2067,152,74,,54,11,18,,,13,16
"1853",2007,"1853",,1108,159,94,1361,99,43,25,31,,,,,,
"1853",2008,"1853",2.8,1114,158,86,1358,97,44,18,35,24,,,,,
"1853",2009,"1853",4,1098,163,84,1345,101,44,19,38,28,19,0,,13,
"1853",2010,"1853",3.3,1102,167,88,1357,91,32,22,37,29,19,0,,15,
"1853",2011,"1853",3,1080,166,96,1342,91,30,22,39,24,19,0,,10,
"1853",2012,"1853",2.8,1088,176,95,1359,90,28,22,40,26,20,0,5,15,
"1853",2013,"1853",2.6,1089,188,99,1376,90,24,22,44,24,17,0,,7,
"1853",2014,"1853",3.1,1097,198,96,1391,88,29,20,39,17,17,0,5,12,
"1853",2015,"1853",3.68,1087,201,97,1385,88,32,21,35,21,17,0,,8,11.08
"1853",2016,"1853",2.71,1078,222,100,1400,82,32,20,30,21,18,0,,11,13.845
"1853",2017,"1853",3.2,1070,232,100,1402,95,45,,32,19,18,,,9,13.565
"1853",2018,"1853",2.8,1044,245,98,1387,94,39,,37,18,21,,,13,13.17
"1853",2019,"1853",3,1043,249,95,1387,98,38,,35,19,19,,,15,13.01
"1853",2020,"1853",2.8,997,264,87,1348,89,35,,34,18,20,,,16,13.805
"1853",2021,"1853",2.8,964,274,86,1324,77,24,,34,18,16,,,10,11.925
"1853",2022,"1853",2.8,974,270,90,1334,74,19,,30,19,15,,,13,10.225
"1853",2023,"1853",2.5,938,282,90,1310,69,22,,28,12,14,,,7,8.035
"1853",2024,"1853",3,960,275,95,1330,84,27,,36,15,16,,8,,12
"1853",2025,"1853",3.1,990,264,108,1362,90,25,,44,17,12,,,6,13
"1856",2007,"1856",,489,67,35,591,26,6,7,13,,,,,,
"1856",2008,"1856",3.4,520,66,36,622,27,9,5,13,12,,,,,
"1856",2009,"1856",2,510,63,33,606,47,26,7,14,10,7,0,,5,
"1856",2010,"1856",1.9,517,62,33,612,51,26,9,16,10,8,0,,,
"1856",2011,"1856",2.1,515,52,38,605,53,28,11,14,,6,0,,,
"1856",2012,"1856",2,508,54,33,595,48,23,13,12,,10,0,,,
"1856",2013,"1856",2.4,472,58,35,565,50,24,10,16,,10,0,,5,
"1856",2014,"1856",1.8,472,59,35,566,44,18,13,13,,11,0,,5,
"1856",2015,"1856",1.8,449,58,38,545,46,17,13,16,0,12,0,,5,1.895
"1856",2016,"1856",2.71,453,59,39,551,30,,,,0,11,0,,6,2.235
"1856",2017,"1856",1.4,429,67,39,535,46,18,,18,0,9,,,,2.055
"1856",2018,"1856",1.2,413,64,40,517,45,13,,18,0,6,,,,1.91
"1856",2019,"1856",1.2,406,64,38,508,36,11,,16,0,11,,,5,3.02
"1856",2020,"1856",1.2,399,61,38,498,38,13,,15,0,10,,,,3.18
"1856",2021,"1856",1.1,386,66,36,488,35,11,,13,0,6,,,,3.75
"1856",2022,"1856",0.7,367,68,34,469,39,10,,12,0,7,,,,2.995
"1856",2023,"1856",0.8,366,71,32,469,41,12,,11,0,7,,,,3.025
"1856",2024,"1856",0.7,357,75,28,460,37,9,,14,0,5,,,,3
"1856",2025,"1856",0.7,348,80,30,458,37,13,,13,0,8,,,,3
"1857",2007,"1857",,626,79,43,748,7,,,,,,,,,
"1857",2008,"1857",2,613,84,46,743,15,,,,,,,,,
"1857",2009,"1857",1.6,613,82,43,738,27,9,5,13,,14,0,,5,
"1857",2010,"1857",1.6,632,87,42,761,23,,,,,13,0,,6,
"1857",2011,"1857",1.9,623,83,42,748,25,9,5,11,,11,0,,6,
"1857",2012,"1857",1.3,624,84,43,751,24,,,,,9,0,,5,
"1857",2013,"1857",1.9,631,82,41,754,22,,,,,10,0,,6,
"1857",2014,"1857",23.4,648,91,38,777,22,,,,,11,0,,7,
"1857",2015,"1857",10.805,650,96,34,780,31,16,6,9,11,14,0,,12,4
"1857",2016,"1857",9.695,624,102,39,765,36,18,9,9,,13,0,,7,4
"1857",2017,"1857",10.3,598,106,40,744,35,21,,9,,10,,,6,3.22
"1857",2018,"1857",4.1,601,104,41,746,31,15,,10,,12,,,5,4.19
"1857",2019,"1857",3.9,583,105,44,732,34,,,,,10,,,6,4.1
"1857",2020,"1857",3.7,579,101,48,728,34,20,,8,,8,,,,3.935
"1857",2021,"1857",3.1,555,94,49,698,35,16,,13,,10,,,6,4.015
"1857",2022,"1857",4.1,527,98,53,678,31,14,,11,,8,,,5,4.91
"1857",2023,"1857",3.6,540,98,50,688,32,,,,,8,,,,4.99
"1857",2024,"1857",2.4,539,98,46,683,44,22,,15,,7,,,,5
"1857",2025,"1857",1.4,527,102,48,677,48,22,,19,1,5,,,,3
"1859",2007,"1859",,1176,188,94,1458,34,6,6,22,,,,,,
"1859",2008,"1859",1.4,1162,192,87,1441,59,10,10,39,29,,,,,
"1859",2009,"1859",1.6,1150,181,88,1419,52,10,7,35,5,27,,,19,
"1859",2010,"1859",1.2,1095,182,92,1369,49,13,9,27,5,27,,,20,
"1859",2011,"1859",4.6,1084,181,95,1360,72,22,17,33,5,24,0,,12,
"1859",2012,"1859",4.6,1108,177,98,1383,68,22,21,25,5,20,0,,9,
"1859",2013,"1859",4.9,1100,188,88,1376,65,26,16,23,5,17,0,,12,
"1859",2014,"1859",5.5,1091,192,85,1368,67,25,20,22,5,19,0,5,14,
"1859",2015,"1859",7.22,1073,195,90,1358,68,24,20,24,5,18,0,5,9,9.845
"1859",2016,"1859",5.475,1054,190,92,1336,72,22,18,32,5,17,0,,11,10.915
"1859",2017,"1859",6.2,1062,186,101,1349,64,20,,30,5,16,,,12,10.075
"1859",2018,"1859",7.3,1015,184,102,1301,77,28,,35,5,16,,,11,10.8
"1859",2019,"1859",2.6,1003,180,109,1292,69,22,,31,5,20,,,13,10.03
"1859",2020,"1859",3.6,972,190,110,1272,71,22,,33,,19,,,16,12.16
"1859",2021,"1859",4.6,927,198,113,1238,57,17,,26,,15,,,8,12.175
"1859",2022,"1859",5.4,915,202,99,1216,67,20,,33,,17,,,9,13.1
"1859",2023,"1859",6.1,916,205,99,1220,55,23,,19,,19,,,9,13.785
"1859",2024,"1859",12.6,937,204,88,1229,54,20,,23,,16,,,8,11
"1859",2025,"1859",19.4,973,212,81,1266,44,17,,14,4,15,,,15,13
"1860",2007,"1860",,9121,1031,593,10745,453,138,105,210,,,,,,
"1860",2008,"1860",3.9,9088,1022,600,10710,472,147,121,204,34,,,,,
"1860",2009,"1860",9.6,9073,1045,588,10706,415,130,93,192,24,102,5,13,84,
"1860",2010,"1860",9.5,9034,1027,613,10674,400,112,97,191,22,106,6,14,86,
"1860",2011,"1860",8.4,9144,1041,595,10780,427,112,107,208,34,109,0,,87,
"1860",2012,"1860",8.4,9175,1068,605,10848,424,121,98,205,,96,6,19,71,
"1860",2013,"1860",9.1,9183,1098,589,10870,417,117,103,197,,96,5,23,68,
"1860",2014,"1860",9.1,9281,1142,574,10997,426,105,105,216,53,150,59,34,57,
"1860",2015,"1860",10.5,9376,1199,565,11140,399,101,96,202,49,101,27,25,49,72.595
"1860",2016,"1860",10.315,9398,1240,560,11198,415,106,108,201,70,89,,25,51,75.33
"1860",2017,"1860",11.4,9450,1270,574,11294,437,118,,210,70,83,8,26,49,84.275
"1860",2018,"1860",3.4,9534,1297,566,11397,624,241,,231,48,82,5,26,51,85.92
"1860",2019,"1860",3.1,9542,1359,579,11480,601,250,,219,52,80,,26,28,86.155
"1860",2020,"1860",4.1,9422,1432,579,11433,560,249,,198,51,75,,26,49,79.105
"1860",2021,"1860",3.4,9480,1464,577,11521,596,272,,201,86,64,,23,41,74.16
"1860",2022,"1860",3.1,9495,1487,584,11566,645,309,,206,51,71,,19,52,79.92
"1860",2023,"1860",2.8,9433,1525,593,11551,634,297,,190,50,66,,19,32,77.18
"1860",2024,"1860",2.6,9488,1555,576,11619,666,318,,197,47,70,,18,52,77
"1860",2025,"1860",2.7,9392,1574,616,11582,493,229,,160,50,64,,,46,75
"1865",2007,"1865",,7674,835,483,8992,392,110,78,204,,,,,,
"1865",2008,"1865",3.8,7638,824,471,8933,409,118,77,214,63,,,,,
"1865",2009,"1865",2.9,7677,818,481,8976,427,135,93,199,91,76,0,,60,
"1865",2010,"1865",2.9,7689,855,479,9023,405,138,83,184,36,77,,9,65,
"1865",2011,"1865",4.6,7686,860,477,9023,402,149,71,182,72,78,,14,61,
"1865",2012,"1865",4.3,7714,890,482,9086,388,140,82,166,68,74,,10,60,
"1865",2013,"1865",5,7798,932,477,9207,388,138,80,170,98,76,,12,60,
"1865",2014,"1865",5.4,7779,969,475,9223,405,161,79,165,104,73,,11,59,
"1865",2015,"1865",5.915,7822,998,465,9285,363,148,71,144,107,77,,14,57,72.47
"1865",2016,"1865",6.29,7830,1065,455,9350,354,147,67,140,100,75,,17,52,75.645
"1865",2017,"1865",9.5,7874,1120,450,9444,352,147,,132,96,75,,18,49,75.56
"1865",2018,"1865",10.7,8002,1163,446,9611,370,155,,134,88,64,,19,40,83.405
"1865",2019,"1865",10.3,7970,1204,421,9595,399,174,,133,86,58,5,15,38,85.745
"1865",2020,"1865",10.2,7934,1256,418,9608,431,180,,139,70,62,,19,30,82.44
"1865",2021,"1865",8.7,7921,1328,421,9670,481,210,,152,58,61,,21,30,84.82
"1865",2022,"1865",8.3,7914,1367,443,9724,479,203,,158,55,61,,18,28,79.705
"1865",2023,"1865",8.4,7891,1379,466,9736,426,165,,156,55,67,,,47,77.335
"1865",2024,"1865",9.1,7903,1416,474,9793,432,168,,158,61,57,,,39,82
"1865",2025,"1865",11.9,7955,1403,513,9871,508,164,,207,61,56,,17,19,87
"1866",2007,"1866",,6656,804,447,7907,375,131,91,153,,,,,,
"1866",2008,"1866",3.6,6715,805,450,7970,360,112,81,167,13,,,,,
"1866",2009,"1866",4.2,6679,791,480,7950,382,133,81,168,27,85,0,,73,
"1866",2010,"1866",3.6,6693,810,478,7981,395,144,82,169,22,79,0,,68,
"1866",2011,"1866",3.8,6629,835,460,7924,379,148,71,160,22,86,0,,73,
"1866",2012,"1866",3.4,6613,873,451,7937,402,151,87,164,15,79,0,,65,
"1866",2013,"1866",3.5,6681,934,435,8050,380,141,75,164,,75,0,,63,
"1866",2014,"1866",3.5,6678,997,437,8112,376,148,79,149,14,69,0,,56,
"1866",2015,"1866",3.42,6580,1052,425,8057,358,152,70,136,35,67,0,,57,50.64
"1866",2016,"1866",3.775,6570,1093,419,8082,361,151,71,139,35,65,0,,54,52.835
"1866",2017,"1866",3.9,6490,1107,412,8009,381,160,,145,21,60,,,43,52.305
"1866",2018,"1866",3.5,6504,1121,417,8042,387,172,,144,23,53,,,37,51.855
"1866",2019,"1866",3.3,6517,1144,430,8091,402,179,,146,44,36,,,23,54.09
"1866",2020,"1866",3.2,6440,1192,429,8061,383,173,,131,37,32,,,21,59.14
"1866",2021,"1866",3.4,6420,1215,430,8065,416,180,,146,47,30,,10,11,61.01
"1866",2022,"1866",2.7,6422,1231,454,8107,424,192,,151,55,33,,11,13,60.775
"1866",2023,"1866",2.6,6439,1259,486,8184,436,210,,147,44,29,,14,15,54.2
"1866",2024,"1866",2.1,6487,1246,503,8236,476,225,,158,52,32,,11,11,57
"1866",2025,"1866",2.4,6615,1260,525,8400,441,185,,169,49,29,,,21,58
"1867",2007,"1867",,2220,420,259,2899,243,58,55,130,,,,,,
"1867",2008,"1867",2.2,2185,418,264,2867,230,56,48,126,8,,,,,
"1867",2009,"1867",3.6,2164,413,261,2838,226,59,40,127,13,28,,,22,
"1867",2010,"1867",3.7,2123,407,259,2789,215,60,40,115,6,,,,,
"1867",2011,"1867",3.9,2106,431,253,2790,219,66,42,111,42,,,,,
"1867",2012,"1867",3.1,2041,438,241,2720,192,46,41,105,5,,,,,
"1867",2013,"1867",3.1,1966,449,239,2654,183,49,31,103,5,45,0,,38,
"1867",2014,"1867",2.8,1958,447,237,2642,181,46,30,105,7,43,0,,34,
"1867",2015,"1867",2.81,1954,457,231,2642,183,46,35,102,34,44,0,,35,28.805
"1867",2016,"1867",2.585,1958,443,231,2632,176,42,35,99,6,45,0,,33,30.81
"1867",2017,"1867",2.7,1946,447,231,2624,181,51,,93,6,42,,,31,32.035
"1867",2018,"1867",2.7,1948,440,235,2623,158,47,,79,7,44,,,36,29.16
"1867",2019,"1867",2.5,1938,438,240,2616,152,45,,72,7,44,,,37,31.06
"1867",2020,"1867",2.3,1898,441,230,2569,145,43,,68,7,36,,,30,31.825
"1867",2021,"1867",2.1,1898,451,227,2576,153,45,,76,7,35,,6,29,30.24
"1867",2022,"1867",2.1,1882,445,238,2565,176,61,,93,6,38,,6,32,30.1
"1867",2023,"1867",2.5,1877,450,257,2584,157,53,,78,5,38,,5,33,28.97
"1867",2024,"1867",3.5,1897,469,268,2634,161,49,,81,40,37,,,18,27
"1867",2025,"1867",2.7,1879,459,279,2617,188,56,,94,9,34,,6,28,26
"1868",2007,"1868",,3824,453,209,4486,254,139,52,63,,,,,,
"1868",2008,"1868",5.1,3770,454,200,4424,233,114,54,65,5,,,,,
"1868",2009,"1868",5.6,3756,449,213,4418,244,114,59,71,6,49,0,11,27,
"1868",2010,"1868",4.8,3765,458,215,4438,233,112,56,65,6,52,,8,41,
"1868",2011,"1868",3.9,3756,452,224,4432,254,118,58,78,6,46,,8,35,
"1868",2012,"1868",3.7,3778,474,215,4467,256,128,50,78,5,46,,12,31,
"1868",2013,"1868",4.1,3769,498,205,4472,245,129,42,74,6,48,,12,33,
"1868",2014,"1868",4.2,3849,503,210,4562,251,126,45,80,6,43,,13,28,
"1868",2015,"1868",4.3,3817,530,216,4563,267,134,56,77,7,44,0,,30,37.075
"1868",2016,"1868",4.5,3763,545,221,4529,259,125,51,83,12,45,0,,32,36.035
"1868",2017,"1868",5.2,3791,551,238,4580,282,150,,80,15,46,,11,35,39.24
"1868",2018,"1868",5.1,3729,568,244,4541,283,156,,76,19,45,,,30,37.085
"1868",2019,"1868",5.3,3640,557,252,4449,287,148,,89,18,42,,14,14,37.86
"1868",2020,"1868",6,3586,569,255,4410,274,132,,90,23,43,,,30,37.795
"1868",2021,"1868",6,3556,610,250,4416,272,129,,95,25,42,,15,13,32.145
"1868",2022,"1868",7.2,3575,628,255,4458,288,149,,96,10,41,,,29,33.765
"1868",2023,"1868",5.9,3622,646,265,4533,314,161,,97,10,41,,10,23,37.77
"1868",2024,"1868",6.3,3646,648,275,4569,281,154,,80,12,39,,10,29,36
"1868",2025,"1868",8.2,3706,639,283,4628,298,162,,85,16,40,,,29,38
"1870",2007,"1870",,8492,734,477,9703,589,356,77,156,,,,,,
"1870",2008,"1870",5.7,8472,736,470,9678,613,384,70,159,46,,,,,
"1870",2009,"1870",6.4,8533,743,456,9732,634,381,68,185,43,41,,,35,
"1870",2010,"1870",6.4,8619,752,448,9819,698,418,82,198,60,25,,,19,
"1870",2011,"1870",6,8624,791,441,9856,758,468,86,204,68,25,,,18,
"1870",2012,"1870",5.6,8723,822,438,9983,813,531,94,188,34,63,,9,51,
"1870",2013,"1870",7,8743,898,441,10082,822,525,117,180,33,63,,8,47,
"1870",2014,"1870",6.2,8726,971,432,10129,887,589,116,182,44,58,,7,46,
"1870",2015,"1870",6.475,8720,1023,423,10166,775,505,108,162,44,60,,8,48,63
"1870",2016,"1870",7.8,8721,1077,416,10214,713,436,115,162,44,60,,11,45,64.97
"1870",2017,"1870",6.3,8835,1118,425,10378,695,455,,154,46,70,,17,50,64.87
"1870",2018,"1870",7.6,8801,1158,442,10401,697,462,,143,46,72,,15,54,71.74
"1870",2019,"1870",9,8873,1203,442,10518,616,377,,137,43,70,,15,52,72.425
"1870",2020,"1870",7.8,8856,1271,439,10566,554,311,,142,43,66,5,16,45,67.195
"1870",2021,"1870",6.6,8731,1332,451,10514,585,334,,147,45,64,,21,25,75.375
"1870",2022,"1870",5.9,8624,1384,460,10468,616,365,,136,42,62,,,43,78.015
"1870",2023,"1870",7.9,8668,1418,475,10561,520,255,,148,47,68,,24,44,76.11
"1870",2024,"1870",6,8670,1446,502,10618,485,218,,159,44,68,,23,22,74
"1870",2025,"1870",6.7,8791,1445,545,10781,450,165,,169,48,70,,26,42,73
"1871",2007,"1871",,4224,597,331,5152,256,81,53,122,,,,,,
"1871",2008,"1871",1.4,4148,600,330,5078,232,59,45,128,65,,,,,
"1871",2009,"1871",3.3,4132,570,332,5034,252,65,52,135,81,49,,10,35,
"1871",2010,"1871",3,4096,586,320,5002,258,82,44,132,84,54,,7,43,
"1871",2011,"1871",5.3,4112,593,328,5033,269,85,44,140,84,55,,5,44,
"1871",2012,"1871",4.2,4090,620,322,5032,255,87,41,127,85,57,,5,47,
"1871",2013,"1871",5.2,4084,625,315,5024,285,106,54,125,89,50,0,,39,
"1871",2014,"1871",4.8,4007,674,312,4993,287,102,55,130,106,42,0,,30,
"1871",2015,"1871",5.385,3969,706,316,4991,312,124,66,122,75,41,0,,30,36.36
"1871",2016,"1871",4.615,3954,716,310,4980,334,144,62,128,66,37,0,,26,34.47
"1871",2017,"1871",4.3,3856,739,313,4908,359,148,,144,71,45,,13,18,39.095
"1871",2018,"1871",3.9,3827,748,327,4902,350,160,,128,63,38,,,25,36.935
"1871",2019,"1871",3.1,3691,758,322,4771,386,191,,122,60,37,,11,15,36.135
"1871",2020,"1871",3.2,3566,771,326,4663,391,194,,119,59,39,,,30,36.99
"1871",2021,"1871",4.9,3481,774,333,4588,363,167,,123,63,36,,,25,39.865
"1871",2022,"1871",4.9,3452,791,329,4572,371,167,,128,63,29,,,15,38.93
"1871",2023,"1871",4.9,3447,793,337,4577,371,170,,124,60,30,,9,14,40.815
"1871",2024,"1871",5.4,3420,795,338,4553,378,176,,127,55,35,,,28,39
"1871",2025,"1871",5.6,3419,763,360,4542,368,165,,123,59,36,,5,26,35
"1874",2007,"1874",,910,162,84,1156,43,5,11,27,,,,,,
"1874",2008,"1874",5.4,881,168,79,1128,47,9,13,25,5,,,,,
"1874",2009,"1874",3.7,866,171,79,1116,51,10,18,23,6,27,0,,19,
"1874",2010,"1874",3,881,167,82,1130,58,11,22,25,6,25,0,,18,
"1874",2011,"1874",3.6,873,163,84,1120,65,12,24,29,5,23,0,,15,
"1874",2012,"1874",4.2,872,160,84,1116,60,10,20,30,6,21,0,5,7,
"1874",2013,"1874",4.1,881,157,80,1118,68,16,18,34,5,19,0,5,6,
"1874",2014,"1874",4,866,157,85,1108,59,15,19,25,5,19,0,6,5,
"1874",2015,"1874",4.48,822,163,85,1070,55,9,21,25,6,20,5,6,,8.205
"1874",2016,"1874",3.41,819,158,85,1062,54,10,17,27,5,22,5,6,6,7
"1874",2017,"1874",5.1,825,157,91,1073,69,14,,40,14,18,,,6,8.08
"1874",2018,"1874",4.1,820,155,93,1068,68,11,,47,14,21,5,5,,8.04
"1874",2019,"1874",5.6,796,150,93,1039,69,15,,41,14,14,,,8,6.8
"1874",2020,"1874",4.4,779,148,88,1015,65,19,,34,12,14,,,6,11.195
"1874",2021,"1874",4.6,757,146,86,989,67,17,,39,13,15,,,11,12.19
"1874",2022,"1874",4.2,747,145,90,982,66,18,,36,14,13,,,13,10.09
"1874",2023,"1874",4.6,741,147,91,979,59,17,,29,9,11,,,11,9.825
"1874",2024,"1874",4.8,716,146,92,954,47,10,,27,6,13,,,6,8
"1874",2025,"1874",3.3,734,145,90,969,43,11,,27,2,14,,,6,5
"1875",2020,"1875",3.5,2108,493,165,2766,239,103,,81,11,24,,7,17,19.115
"1875",2021,"1875",2.8,2036,490,175,2701,270,125,,93,12,26,,,20,20.095
"1875",2022,"1875",2.7,2046,468,194,2708,241,110,,77,12,24,,,19,24.1
"1875",2023,"1875",2.1,2017,470,195,2682,282,132,,88,22,21,,,10,17.12
"1875",2024,"1875",2.9,2050,481,198,2729,220,77,,80,17,18,,,10,17
"1875",2025,"1875",2.6,2099,491,196,2786,241,96,,79,20,8,,,,14
"3101",2007,"0101",,23627,2637,1571,27835,1237,346,214,677,,,,,,
"3101",2008,"0101",4.7,23845,2672,1575,28092,1235,374,222,639,345,,,,,
"3101",2009,"0101",5,24128,2672,1589,28389,1336,459,242,635,364,148,5,17,126,
"3101",2010,"0101",4.5,24472,2686,1618,28776,1543,626,250,667,380,153,7,17,129,
"3101",2011,"0101",3.6,24870,2739,1611,29220,1411,551,218,642,381,135,6,16,113,
"3101",2012,"0101",3.7,25121,2824,1598,29543,1353,530,211,612,377,148,5,18,125,
"3101",2013,"0101",3.9,25319,2978,1583,29880,1347,520,228,599,346,141,0,,113,
"3101",2014,"0101",3,25388,3186,1558,30132,1345,558,230,557,336,120,0,,95,
"3101",2015,"0101",3.095,25407,3402,1519,30328,1306,550,237,519,321,133,5,22,106,147.56
"3101",2016,"0101",3.29,25485,3563,1496,30544,1300,542,242,516,314,136,7,22,107,159.375
"3101",2017,"0101",3.4,25584,3702,1504,30790,1294,548,,507,305,143,,,103,157.545
"3101",2018,"0101",3.4,25670,3865,1502,31037,1272,529,,502,288,138,6,37,95,159.345
"3101",2019,"0101",3.6,25663,4010,1504,31177,1136,549,,374,242,192,5,46,141,170.835
"3101",2020,"3001",3.4,25788,4074,1511,31373,1159,572,,371,265,181,,47,127,172.485
"3101",2021,"3001",3.5,25618,4222,1547,31387,1149,567,,348,259,186,,44,133,164.925
"3101",2022,"3001",3.4,25542,4333,1569,31444,1217,589,,353,264,183,,44,131,177.75
"3101",2023,"3001",3.6,25662,4456,1612,31730,1214,599,,365,255,191,,49,133,189.76
"3101",2024,"3101",4,25714,4532,1689,31935,1116,489,,367,284,189,,43,136,188
"3101",2025,"3101",4.7,25692,4571,1775,32038,1081,437,,407,193,178,,41,127,181
"3103",2007,"0104+0136",,36487,4084,1901,42472,1646,671,298,677,,,,,,
"3103",2008,"0104+0136",1.79130434782609,36878,4182,1927,42987,1725,707,320,698,245,,,,,
"3103",2009,"0104+0136",2.71720542231491,37545,4185,1963,43693,1918,838,378,702,249,237,,46,177,
"3103",2010,"0104+0136",3.56780715396579,38045,4311,1967,44323,1929,852,359,718,240,243,,53,178,
"3103",2011,"0104+0136",3.74496124031008,38299,4366,2026,44691,2064,1013,337,714,258,234,,46,175,
"3103",2012,"0104+0136",4.40049115913556,38802,4564,2048,45414,2036,1028,332,676,208,218,0,30,165,
"3103",2013,"0104+0136",5.01128404669261,39053,4825,2077,45955,2056,1020,354,682,312,213,7,45,156,
"3103",2014,"0104+0136",3.24895104895105,39191,5149,2069,46409,2145,1072,378,695,293,205,,45,145,
"3103",2015,"0104+0136",3.1577641334569,39480,5464,2100,47044,2158,1060,395,703,310,196,0,28,145,231.425
"3103",2016,"0104+0136",3.15350616719963,39813,5709,2118,47640,2189,1098,413,678,315,206,,44,157,240.195
"3103",2017,"0104+0136",3.42341252699784,40129,5872,2153,48154,2315,1165,,716,320,215,,42,166,253.115
"3103",2018,"0104+0136",3.45665415102211,40307,6094,2270,48671,2397,1235,,735,339,210,5,55,147,252.215
"3103",2019,"0104+0136",3.04963325183374,40317,6229,2325,48871,2454,1261,,727,337,180,,29,132,264.955
"3103",2020,"3002",5.1,40500,6417,2356,49273,2508,1311,,717,342,207,,44,157,259.815
"3103",2021,"3002",6.8,40673,6561,2434,49668,2653,1401,,724,344,216,,47,161,251.305
"3103",2022,"3002",6.9,41033,6768,2489,50290,2697,1402,,758,346,214,,59,146,262.985
"3103",2023,"3002",6.2,41717,6935,2588,51240,2832,1501,,763,349,222,11,61,150,257.81
"3103",2024,"3103",7.4,42309,7036,2706,52051,2782,1460,,781,396,207,11,55,141,265
"3103",2025,"3103",10.4,42671,7109,2866,52646,2368,1127,,762,365,219,12,59,148,273
"3105",2007,"0105",,43435,4741,2417,50593,1872,690,355,827,,,,,,
"3105",2008,"0105",5.4,43871,4754,2428,51053,1992,782,362,848,306,,,,,
"3105",2009,"0105",5.3,44511,4770,2442,51723,2277,1039,401,837,285,359,,71,266,
"3105",2010,"0105",4.7,44851,4822,2486,52159,2216,1002,375,839,328,360,,61,283,
"3105",2011,"0105",4.3,45380,4877,2548,52805,2291,1076,372,843,347,358,,63,282,
"3105",2012,"0105",4.1,45665,5121,2547,53333,2220,1008,390,822,331,359,11,69,279,
"3105",2013,"0105",3.7,45777,5399,2520,53696,2177,977,397,803,314,353,,70,273,
"3105",2014,"0105",3.3,45854,5715,2490,54059,2207,1037,382,788,324,355,,68,270,
"3105",2015,"0105",3.12,45737,5998,2457,54192,2237,1135,382,720,364,351,,80,258,339.915
"3105",2016,"0105",2.82,45994,6259,2425,54678,2222,1092,383,747,370,370,,93,266,360.57
"3105",2017,"0105",3,46199,6437,2491,55127,2238,1135,,714,341,369,,86,269,389.25
"3105",2018,"0105",2.9,46451,6562,2530,55543,2242,1187,,673,349,364,,87,261,402.965
"3105",2019,"0105",3.1,46756,6674,2567,55997,2352,1265,,677,351,361,,84,258,395.145
"3105",2020,"3003",3.5,47257,6860,2615,56732,2384,1298,,667,371,347,,77,260,397.225
"3105",2021,"3003",3.6,47681,7038,2653,57372,2514,1356,,706,370,351,,89,244,395.91
"3105",2022,"3003",3.8,48280,7220,2682,58182,2505,1417,,662,376,354,25,92,237,423.755
"3105",2023,"3003",4.2,49015,7288,2735,59038,2508,1408,,657,446,322,27,79,216,415.135
"3105",2024,"3105",3.7,49504,7412,2855,59771,2524,1397,,661,450,307,24,80,203,404
"3105",2025,"3105",3.7,49612,7523,3004,60139,2403,1318,,631,425,294,23,74,197,413
"3107",2007,"0106",,60859,6872,3566,71297,2581,909,440,1232,,,,,,
"3107",2008,"0106",3.9,61517,6927,3532,71976,2671,960,465,1246,197,,,,,
"3107",2009,"0106",4.4,62362,6835,3563,72760,2924,1131,548,1245,250,441,,73,352,
"3107",2010,"0106",4.1,63186,6906,3546,73638,2983,1200,557,1226,252,468,19,86,363,
"3107",2011,"0106",4,63976,7046,3557,74579,2886,1153,521,1212,253,460,,70,368,
"3107",2012,"0106",3.8,64691,7348,3544,75583,2953,1176,529,1248,255,457,,75,366,
"3107",2013,"0106",4.1,65610,7626,3571,76807,2864,1152,518,1194,253,450,,72,362,
"3107",2014,"0106",3.8,65934,8079,3578,77591,3138,1477,527,1134,251,468,23,91,354,
"3107",2015,"0106",3.685,66063,8562,3534,78159,3177,1483,565,1129,262,460,22,93,345,468.915
"3107",2016,"0106",3.385,66580,8830,3557,78967,3303,1630,564,1109,312,449,22,94,333,518.875
"3107",2017,"0106",3.4,67459,9103,3559,80121,3411,1729,,1073,299,464,,94,355,548.19
"3107",2018,"0106",3.4,67945,9378,3654,80977,3293,1579,,1103,286,462,17,95,350,554.04
"3107",2019,"0106",3.7,68414,9637,3721,81772,3028,1375,,1068,293,485,15,98,372,557.97
"3107",2020,"3004",4.6,68626,9952,3807,82385,2979,1350,,1053,267,506,,111,379,562.98
"3107",2021,"3004",4.5,68988,10294,3911,83193,3058,1408,,1027,290,502,20,119,363,564.53
"3107",2022,"3004",4.8,69226,10733,3933,83892,2921,1333,,970,275,489,19,116,354,526.075
"3107",2023,"3004",4.6,69479,10941,4024,84444,2907,1350,,928,263,525,29,128,368,533.98
"3107",2024,"3107",4.6,69786,11298,4146,85230,2982,1392,,956,248,508,30,116,362,538
"3107",2025,"3107",4.5,70052,11428,4382,85862,2936,1337,,968,261,477,42,106,329,500
"3110",2007,"0111",,3340,378,162,3880,189,109,21,59,,,,,,
"3110",2008,"0111",1.8,3391,390,180,3961,198,116,22,60,11,,,,,
"3110",2009,"0111",2.5,3440,381,177,3998,202,118,32,52,,19,0,,8,
"3110",2010,"0111",3.2,3517,395,173,4085,189,108,22,59,,19,0,,8,
"3110",2011,"0111",4.4,3571,417,172,4160,166,91,18,57,,22,0,,18,
"3110",2012,"0111",4.6,3572,464,170,4206,202,113,34,55,,20,0,,14,
"3110",2013,"0111",4.3,3609,519,156,4284,188,112,29,47,,24,0,,12,
"3110",2014,"0111",3.8,3626,596,164,4386,190,111,31,48,6,25,0,,19,
"3110",2015,"0111",3.11,3652,662,166,4480,191,107,33,51,9,23,,7,12,33.17
"3110",2016,"0111",3.62,3652,690,169,4511,223,133,40,50,10,28,,7,19,35.235
"3110",2017,"0111",3.6,3593,740,184,4517,263,158,,56,10,28,,,19,35.185
"3110",2018,"0111",4.3,3546,799,195,4540,241,132,,56,10,25,,6,19,35.12
"3110",2019,"0111",5,3536,852,211,4599,252,148,,59,10,27,,8,19,36.765
"3110",2020,"3011",7.8,3573,886,209,4668,241,141,,56,11,29,,9,20,29.995
"3110",2021,"3011",7.7,3540,926,228,4694,211,120,,51,11,28,,,21,31.88
"3110",2022,"3011",6.2,3527,983,231,4741,220,116,,51,25,28,,8,11,28.77
"3110",2023,"3011",5.9,3508,1026,228,4762,205,95,,52,27,26,,5,19,31.145
"3110",2024,"3110",6.3,3465,1074,248,4787,254,141,,65,24,29,,6,21,33
"3110",2025,"3110",6.5,3403,1089,285,4777,198,93,,62,29,33,,7,24,32
"3112",2007,"0135",,5672,660,322,6654,224,75,47,102,,,,,,
"3112",2008,"0135",2.7,5820,684,321,6825,210,76,41,93,18,,,,,
"3112",2009,"0135",4,5797,669,324,6790,229,92,50,87,18,53,0,13,40,
"3112",2010,"0135",4,5858,685,339,6882,252,107,50,95,18,59,0,,43,
"3112",2011,"0135",4.3,5908,700,338,6946,242,97,47,98,18,58,0,,42,
"3112",2012,"0135",3.9,5921,717,349,6987,246,99,49,98,23,39,0,8,31,
"3112",2013,"0135",3.5,5968,750,335,7053,239,102,42,95,20,42,0,,20,
"3112",2014,"0135",5.2,5944,824,336,7104,234,114,42,78,23,45,0,,38,
"3112",2015,"0135",4.895,5998,879,329,7206,271,126,46,99,24,45,,7,36,41.305
"3112",2016,"0135",5.785,6095,909,353,7357,296,131,57,108,25,45,,5,37,43.58
"3112",2017,"0135",4.9,6076,949,373,7398,305,145,,114,11,47,,,37,42.43
"3112",2018,"0135",4.8,6112,963,390,7465,318,152,,121,12,45,,5,37,41.96
"3112",2019,"0135",5,6166,965,411,7542,347,175,,120,23,47,,,41,48.91
"3112",2020,"3017",6.4,6112,983,413,7508,345,171,,123,26,43,,,36,54.125
"3112",2021,"3017",6,6149,995,424,7568,356,188,,109,24,46,,,35,52.985
"3112",2022,"3017",6.1,6182,1045,406,7633,334,183,,106,24,47,,,36,59.98
"3112",2023,"3017",6.3,6808,1090,419,8317,354,188,,111,34,42,,,35,61.21
"3112",2024,"3112",5.7,6353,1097,433,7883,358,185,,117,39,36,,,31,67
"3112",2025,"3112",5.4,6283,1115,452,7850,345,186,,101,34,46,,,37,67
"3114",2007,"0137",,3740,288,124,4152,139,57,28,54,,,,,,
"3114",2008,"0137",1.6,3840,289,139,4268,153,65,31,57,,,,,,
"3114",2009,"0137",2.1,3985,315,137,4437,172,75,35,62,,17,0,5,9,
"3114",2010,"0137",2.4,3998,332,142,4472,184,92,32,60,5,24,0,6,11,
"3114",2011,"0137",2.5,4075,357,141,4573,196,97,36,63,28,25,0,6,12,
"3114",2012,"0137",4.2,4178,392,135,4705,216,108,48,60,,26,0,,20,
"3114",2013,"0137",3.3,4304,416,137,4857,234,127,47,60,,22,0,,17,
"3114",2014,"0137",3.3,4393,453,132,4978,229,131,53,45,27,23,0,,20,
"3114",2015,"0137",2.285,4491,482,127,5100,220,125,51,44,21,18,0,,12,28.145
"3114",2016,"0137",2.61,4567,501,118,5186,258,153,53,52,30,23,,7,10,25.07
"3114",2017,"0137",3,4696,525,114,5335,248,151,,50,31,20,,6,10,25.605
"3114",2018,"0137",3.1,4801,544,126,5471,284,162,,66,43,21,,8,10,25.98
"3114",2019,"0137",3.2,4887,560,146,5593,229,136,,52,,16,,,11,25.24
"3114",2020,"3018",2.7,5009,571,156,5736,253,154,,57,0,14,,,6,24.235
"3114",2021,"3018",2.5,5049,596,160,5805,256,146,,61,,10,,,,27.78
"3114",2022,"3018",2.5,5149,593,171,5913,287,175,,52,0,11,,5,6,30.055
"3114",2023,"3018",2.2,5219,623,181,6023,278,175,,54,,15,,,8,27.155
"3114",2024,"3114",2.6,5299,643,203,6145,365,225,,73,0,13,,,7,26
"3114",2025,"3114",1.5,5298,647,217,6162,406,284,,72,26,14,,,8,29
"3116",2007,"0127",,2976,279,158,3413,84,,,,,,,,,
"3116",2008,"0127",4.1,3078,285,162,3525,102,,,,17,,,,,
"3116",2009,"0127",3.9,3057,268,167,3492,107,,,,6,23,0,,15,
"3116",2010,"0127",3.4,3106,263,172,3541,106,,,,7,22,0,,13,
"3116",2011,"0127",3.7,3136,263,177,3576,113,,,,7,24,0,6,18,
"3116",2012,"0127",4.5,3176,285,170,3631,110,,,,7,18,0,,9,
"3116",2013,"0127",3.9,3197,304,167,3668,117,,,,7,21,0,,11,
"3116",2014,"0127",4.1,3240,331,156,3727,191,120,24,47,8,31,0,,22,
"3116",2015,"0127",4.2,3226,356,149,3731,175,100,26,49,9,30,0,,23,21.135
"3116",2016,"0127",4.505,3228,367,147,3742,153,80,26,47,8,33,,,24,23.8
"3116",2017,"0127",5.4,3245,389,149,3783,163,86,,51,7,29,,8,12,23.215
"3116",2018,"0127",4.7,3270,413,148,3831,179,100,,53,9,29,,8,12,25.07
"3116",2019,"0127",5.1,3230,424,143,3797,203,118,,54,10,29,,,23,23.755
"3116",2020,"3015",5.8,3199,459,147,3805,185,105,,48,9,29,,,23,23.865
"3116",2021,"3015",5.7,3212,464,149,3825,213,122,,48,9,32,,,27,23.08
"3116",2022,"3015",4.6,3206,488,152,3846,207,116,,50,11,29,,,23,22.985
"3116",2023,"3015",4.8,3217,507,162,3886,216,120,,51,14,24,,,18,23.19
"3116",2024,"3116",5.3,3225,526,168,3919,225,139,,50,15,23,,,16,22
"3116",2025,"3116",5.2,3262,522,172,3956,215,125,,48,15,24,,5,19,25
"3118",2007,"0122+0123+0124+0125+0138",,34169,3217,1820,39206,1479,601,231,647,,,,,,
"3118",2008,"0122+0123+0124+0125+0138",3.28126171143036,34634,3256,1825,39715,1601,708,251,642,220,,,,,
"3118",2009,"0122+0123+0124+0125+0138",5.42605459057072,35094,3334,1832,40260,1612,733,269,610,216,243,0,22,186,
"3118",2010,"0122+0123+0124+0125+0138",5.50275284260922,35429,3438,1819,40686,1671,812,262,597,192,247,0,30,176,
"3118",2011,"0122+0123+0124+0125+0138",5.60283687943262,35723,3564,1821,41108,1692,817,254,621,184,253,0,27,195,
"3118",2012,"0122+0123+0124+0125+0138",5.10797101449275,35931,3807,1885,41623,1656,835,232,589,170,272,0,18,208,
"3118",2013,"0122+0123+0124+0125+0138",4.40178290508652,36319,4018,1900,42237,1907,1063,251,593,181,268,0,44,186,
"3118",2014,"0122+0123+0124+0125+0138",4.35268648930621,36723,4336,1867,42926,1917,1049,303,565,232,259,0,47,192,
"3118",2015,"0122+0123+0124+0125+0138",4.66128586897672,36831,4580,1836,43247,1847,1030,271,546,138,250,0,43,195,190.86
"3118",2016,"0122+0123+0124+0125+0138",4.67926395939086,36825,4841,1806,43472,1970,1113,309,548,189,259,0,40,188,200.465
"3118",2017,"0122+0123+0124+0125+0138",4.44267762203963,36913,5088,1814,43815,2069,1146,,580,211,170,,44,182,192.8
"3118",2018,"0122+0123+0124+0125+0138",4.57762790697674,36899,5297,1839,44035,2150,1212,,575,228,259,,19,189,206.895
"3118",2019,"0122+0123+0124+0125+0138",4.57762790697674,36969,5494,1857,44320,2150,1212,,575,223,259,,19,189,211.855
"3118",2020,"3014",6.8,37225,5651,1916,44792,2378,1481,,545,252,245,,51,188,203.235
"3118",2021,"3014",6.6,37458,5754,1989,45201,2273,1369,,529,262,235,,,173,204.765
"3118",2022,"3014",6.3,37752,5839,2017,45608,2150,1229,,535,256,240,,64,172,205.195
"3118",2023,"3014",6.7,38359,5956,2067,46382,2058,1148,,548,258,237,,60,172,214.105
"3118",2024,"3118",6.9,38787,6022,2197,47006,1926,998,,580,260,246,,59,184,229
"3118",2025,"3118",7.3,39043,6026,2380,47449,1902,956,,590,260,242,,46,192,233
"3120",2007,"0128",,6322,722,384,7428,422,206,56,160,,,,,,
"3120",2008,"0128",4.1,6414,710,391,7515,444,213,73,158,,,,,,
"3120",2009,"0128",4.3,6415,690,391,7496,435,203,82,150,,46,0,,36,
"3120",2010,"0128",4.1,6434,696,387,7517,418,203,67,148,,51,0,,41,
"3120",2011,"0128",3.8,6485,710,406,7601,438,239,62,137,,50,0,,43,
"3120",2012,"0128",3.4,6546,741,411,7698,486,275,70,141,49,53,0,,45,
"3120",2013,"0128",4.1,6694,752,414,7860,496,273,67,156,47,52,0,,41,
"3120",2014,"0128",4,6766,776,432,7974,471,247,75,149,50,54,,6,44,
"3120",2015,"0128",3.685,6762,825,433,8020,525,303,73,149,54,49,,9,37,62.575
"3120",2016,"0128",3.995,6792,879,413,8084,509,307,73,129,64,40,,5,33,60.71
"3120",2017,"0128",3.7,6838,924,411,8173,491,291,,117,77,44,,9,23,59.835
"3120",2018,"0128",3.7,6808,990,404,8202,494,303,,114,78,51,,12,24,51.945
"3120",2019,"0128",3.4,6789,1033,408,8230,534,321,,132,84,46,,,34,53.09
"3120",2020,"3016",3.4,6778,1073,404,8255,584,385,,116,84,42,,,34,63.785
"3120",2021,"3016",3.4,6711,1117,394,8222,605,411,,110,79,26,,,18,66.89
"3120",2022,"3016",3.1,6786,1144,382,8312,627,447,,102,78,25,,,16,60.045
"3120",2023,"3016",3,6826,1158,387,8371,653,483,,102,76,26,,,17,61.955
"3120",2024,"3120",2.7,6801,1196,423,8420,667,495,,102,75,24,,,15,58
"3120",2025,"3120",2.9,6870,1225,432,8527,576,393,,110,74,23,,9,6,57
"3122",2007,"0119",,2922,366,229,3517,149,32,36,81,,,,,,
"3122",2008,"0119",2.8,2864,367,232,3463,156,35,40,81,7,,,,,
"3122",2009,"0119",2.5,2852,382,221,3455,132,36,32,64,7,28,0,,22,
"3122",2010,"0119",2.5,2869,399,203,3471,135,37,35,63,7,28,0,,23,
"3122",2011,"0119",2.2,2853,414,209,3476,150,47,40,63,6,25,0,,19,
"3122",2012,"0119",3,2876,439,203,3518,168,57,45,66,6,33,0,,25,
"3122",2013,"0119",1.7,2928,446,213,3587,200,85,48,67,7,29,0,,19,
"3122",2014,"0119",2.3,2909,481,206,3596,188,60,55,73,7,29,0,,20,
"3122",2015,"0119",2.095,2875,529,209,3613,202,82,47,73,7,34,0,,26,21.66
"3122",2016,"0119",1.695,2846,541,223,3610,203,66,52,85,6,34,0,,25,20.96
"3122",2017,"0119",2.9,2815,559,223,3597,188,71,,73,7,32,,,23,22.97
"3122",2018,"0119",1.6,2787,548,232,3567,199,77,,67,7,36,,,28,22.12
"3122",2019,"0119",3.4,2785,576,231,3592,210,92,,69,7,34,,,26,24.035
"3122",2020,"3013",3.2,2749,602,244,3595,200,88,,70,,30,,,22,25.01
"3122",2021,"3013",2.3,2762,595,244,3601,215,105,,75,7,27,,,22,24.89
"3122",2022,"3013",2.1,2730,602,246,3578,237,125,,81,,34,,,22,26.75
"3122",2023,"3013",1.1,2778,603,258,3639,256,134,,79,7,32,,9,21,25.87
"3122",2024,"3122",1.4,2789,594,275,3658,152,38,,77,,23,,5,13,24
"3122",2025,"3122",1.5,2780,593,282,3655,154,42,,77,7,24,,7,17,31
"3124",2007,"0118",,1177,146,94,1417,58,9,12,37,,,,,,
"3124",2008,"0118",7.1,1189,145,95,1429,62,10,14,38,,,,,,
"3124",2009,"0118",7,1176,150,94,1420,66,14,12,40,,19,,,13,
"3124",2010,"0118",4,1182,148,94,1424,63,13,14,36,,16,,,7,
"3124",2011,"0118",10.5,1173,153,88,1414,63,13,13,37,,13,0,,8,
"3124",2012,"0118",11.5,1177,153,93,1423,61,14,13,34,,14,0,,7,
"3124",2013,"0118",11,1169,166,90,1425,64,17,12,35,,16,0,,7,
"3124",2014,"0118",8.6,1142,178,88,1408,64,24,10,30,,13,0,,9,
"3124",2015,"0118",8.22,1147,182,77,1406,68,25,14,29,0,16,0,,8,13.92
"3124",2016,"0118",9.1,1148,182,74,1404,64,23,12,29,0,14,0,,8,13.025
"3124",2017,"0118",6.7,1130,191,77,1398,60,18,,27,0,14,,,6,12.83
"3124",2018,"0118",6.9,1127,189,83,1399,60,19,,25,0,11,,,6,9.92
"3124",2019,"0118",8.7,1081,192,84,1357,61,24,,26,,9,,,5,10.185
"3124",2020,"3012",7.2,1051,190,84,1325,66,26,,27,5,11,,,6,9.01
"3124",2021,"3012",5.1,1046,196,83,1325,63,22,,30,,15,,,9,10.215
"3124",2022,"3012",6.2,1029,193,93,1315,64,16,,31,,10,,,7,10.045
"3124",2023,"3012",8.7,1026,212,91,1329,70,28,,26,,12,,,7,9.245
"3124",2024,"3124",11.6,1037,221,89,1347,82,42,,26,,11,,,,13
"3124",2025,"3124",6.3,1032,221,93,1346,87,42,,25,4,10,,,7,10
"3201",2007,"0219",,92627,9007,5298,106932,3474,1327,548,1599,,,,,,
"3201",2008,"0219",1.4,93794,9031,5319,108144,3591,1412,520,1659,586,,,,,
"3201",2009,"0219",5.3,95323,8908,5469,109700,3572,1415,496,1661,608,777,,93,648,
"3201",2010,"0219",5.4,96699,8900,5614,111213,3538,1407,486,1645,629,774,,88,647,
"3201",2011,"0219",5.7,98044,8991,5754,112789,3594,1417,503,1674,673,788,,92,661,
"3201",2012,"0219",5.6,99282,9393,5814,114489,3652,1491,504,1657,668,762,,100,633,
"3201",2013,"0219",5.8,101184,9719,5774,116677,3671,1465,519,1687,700,777,,108,641,
"3201",2014,"0219",5.1,102481,10327,5780,118588,3657,1494,523,1640,621,778,24,107,647,
"3201",2015,"0219",5.295,104061,10849,5775,120685,3610,1469,548,1593,543,801,,110,665,640.255
"3201",2016,"0219",5.19,105247,11318,5783,122348,3668,1515,565,1588,559,778,,122,637,622.66
"3201",2017,"0219",6.4,106468,11732,5808,124008,4151,1768,,1651,560,756,,128,609,624.775
"3201",2018,"0219",7.1,107533,12088,5833,125454,4262,1956,,1634,555,722,20,125,577,614.17
"3201",2019,"0219",7.1,108547,12371,5923,126841,4115,1885,,1547,539,712,34,114,564,609.655
"3201",2020,"3024",7.9,109050,12638,6043,127731,4379,2162,,1515,640,743,39,112,592,632.85
"3201",2021,"3024",7.6,108997,13105,6131,128233,4500,2259,,1508,695,784,,133,614,615.115
"3201",2022,"3024",7.8,109180,13641,6161,128982,4521,2348,,1438,715,760,,140,589,576.92
"3201",2023,"3024",8.1,109666,13985,6223,129874,4497,2233,,1499,715,797,,148,615,604.155
"3201",2024,"3201",7.9,110042,14471,6408,130921,4545,2279,,1507,705,774,,155,585,591
"3201",2025,"3201",7.6,110780,14762,6816,132358,4370,2118,,1485,668,725,,149,543,575
"3203",2007,"0220+0627+0628",,69933,6253,2778,78964,2206,978,332,896,,,,,,
"3203",2008,"0220+0627+0628",4.73111597374179,70935,6397,2844,80176,2285,1025,346,914,326,,,,,
"3203",2009,"0220+0627+0628",5.22743621915517,72130,6472,2903,81505,2391,1157,355,879,323,400,15,86,281,
"3203",2010,"0220+0627+0628",4.81009016745384,72921,6692,2949,82562,2329,1149,359,821,314,399,17,84,283,
"3203",2011,"0220+0627+0628",4.88320296418279,73725,6946,3032,83703,2429,1210,365,854,358,385,17,72,280,
"3203",2012,"0220+0627+0628",5.31425686591276,74797,7294,3135,85226,2476,1231,364,881,388,396,15,76,285,
"3203",2013,"0220+0627+0628",5.33853138570865,75879,7725,3213,86817,2533,1287,387,859,391,401,0,73,301,
"3203",2014,"0220+0627+0628",5.66293136874758,76797,8222,3270,88289,2579,1314,388,877,390,405,0,71,302,
"3203",2015,"0220+0627+0628",5.80180138568129,77996,8657,3321,89974,2598,1302,390,906,463,382,0,50,289,364.135
"3203",2016,"0220+0627+0628",6.32742429770157,78606,9022,3383,91011,2741,1394,416,931,486,386,5,72,289,371.785
"3203",2017,"0220+0627+0628",7.0523602033406,79342,9364,3468,92174,2754,1369,,963,511,418,,80,308,407.08
"3203",2018,"0220+0627+0628",7.22250185048112,79636,9588,3604,92828,2702,1369,,914,495,408,23,71,301,434.135
"3203",2019,"0220+0627+0628",8.63760141093474,80151,9797,3731,93679,2835,1466,,909,495,411,5,80,300,460.05
"3203",2020,"3025",9.8,80457,10099,3885,94441,3126,1571,,988,566,404,28,77,299,473.635
"3203",2021,"3025",8.9,80547,10309,4059,94915,3232,1641,,960,568,453,33,93,327,436.385
"3203",2022,"3025",8.7,81320,10620,4148,96088,3354,1688,,1008,524,460,26,100,334,422.99
"3203",2023,"3025",7.7,82561,10919,4304,97784,3297,1677,,969,510,460,28,94,338,420.84
"3203",2024,"3203",6.9,83187,11113,4515,98815,3330,1681,,1027,467,476,29,107,340,413
"3203",2025,"3203",6.8,84315,11322,4855,100492,3311,1565,,1118,449,488,34,93,361,432
"3205",2007,"0226+0227+0231",,60406,5413,2364,68183,1831,678,369,784,,,,,,
"3205",2008,"0226+0227+0231",3.68459633481922,62396,5574,2418,70388,2019,849,358,812,188,,,,,
"3205",2009,"0226+0227+0231",3.92394230769231,63660,5617,2472,71749,2080,845,412,823,179,398,,84,288,
"3205",2010,"0226+0227+0231",3.70884229717411,65016,5789,2525,73330,2194,887,470,837,186,393,0,58,297,
"3205",2011,"0226+0227+0231",4.16314410480349,66230,6055,2584,74869,2290,977,473,840,212,413,0,52,314,
"3205",2012,"0226+0227+0231",4.22688496337785,67365,6400,2650,76415,2321,1012,470,839,217,437,0,96,310,
"3205",2013,"0226+0227+0231",4.25596441568945,68334,6697,2674,77705,2473,1077,484,912,241,404,0,75,316,
"3205",2014,"0226+0227+0231",4.8096463022508,69306,7100,2748,79154,2488,1022,525,941,249,417,15,72,321,
"3205",2015,"0226+0227+0231",4.64830716586151,69800,7418,2795,80013,2484,1028,492,964,265,416,14,71,323,349.145
"3205",2016,"0226+0227+0231",5.06801687763713,70811,7627,2901,81339,2607,1131,529,947,349,396,0,27,278,376.23
"3205",2017,"0226+0227+0231",4.88427929767252,71656,7901,2939,82496,2449,1004,,927,367,388,,6,291,402.795
"3205",2018,"0226+0227+0231",5.34225575853852,72685,8085,3051,83821,2518,1088,,902,371,374,11,63,271,420.18
"3205",2019,"0226+0227+0231",4.76617698495978,74349,8289,3119,85757,2859,1283,,984,372,370,,67,267,453.47
"3205",2020,"3030",5.5,74472,8265,3246,85983,2661,1248,,897,380,350,,76,265,446.9
"3205",2021,"3030",5.3,75110,8452,3391,86953,2698,1272,,919,373,351,,79,265,440.935
"3205",2022,"3030",5,76926,8676,3493,89095,2637,1275,,891,368,361,,83,270,448.755
"3205",2023,"3030",5.1,79126,8789,3600,91515,2662,1272,,920,381,352,,75,265,479.145
"3205",2024,"3205",4.8,81376,9013,3812,94201,2621,1260,,932,408,355,,73,267,493
"3205",2025,"3205",4.7,82629,9091,4042,95762,2562,1208,,933,417,381,20,84,277,512
"3207",2007,"0213+0217",,45494,4110,1636,51240,1304,568,235,501,,,,,,
"3207",2008,"0213+0217",3.24106870229008,45739,4220,1721,51680,1310,602,242,466,129,,,,,
"3207",2009,"0213+0217",3.44002713704206,46284,4227,1800,52311,1474,707,293,474,171,295,19,58,209,
"3207",2010,"0213+0217",3.13118971061093,46677,4375,1853,52905,1555,738,281,536,177,298,19,62,204,
"3207",2011,"0213+0217",3.47862595419847,47186,4533,1940,53659,1572,743,289,540,176,300,9,61,220,
"3207",2012,"0213+0217",3.52122395833333,47696,4785,2009,54490,1536,751,263,522,181,320,7,75,227,
"3207",2013,"0213+0217",3.16658064516129,48131,5077,2062,55270,1550,758,275,517,182,335,0,33,246,
"3207",2014,"0213+0217",3.45054545454545,48281,5403,2113,55797,1650,792,288,570,181,344,18,70,256,
"3207",2015,"0213+0217",3.43729699034639,48526,5695,2134,56355,1761,860,304,597,183,362,17,77,259,296.4
"3207",2016,"0213+0217",3.30300646551724,49025,5893,2135,57053,1856,861,345,650,172,366,13,76,268,314.305
"3207",2017,"0213+0217",3.47585446527012,49388,6100,2198,57686,1814,811,,654,204,374,,78,270,337
"3207",2018,"0213+0217",3.08654048370137,49560,6197,2301,58058,1902,948,,624,207,358,15,71,262,339.165
"3207",2019,"0213+0217",3.79052247873633,49573,6293,2371,58237,1646,698,,640,206,350,18,68,264,348.975
"3207",2020,"3020",3.6,50411,6380,2497,59288,1675,703,,667,192,338,,56,262,315.935
"3207",2021,"3020",4.2,50908,6491,2635,60034,1623,623,,683,301,320,,67,240,328.355
"3207",2022,"3020",5,51709,6647,2676,61032,1699,626,,708,330,319,,62,243,334.1
"3207",2023,"3020",4.8,52641,6798,2806,62245,2473,1020,,925,331,312,10,74,228,336.125
"3207",2024,"3207",5.4,53686,6937,2937,63560,2495,1021,,950,331,305,12,63,230,343
"3207",2025,"3207",5.1,54464,7020,3184,64668,2188,877,,885,346,318,,57,251,355
"3209",2007,"0235",,23383,1876,707,25966,672,266,156,250,,,,,,
"3209",2008,"0235",4.5,24266,1927,741,26934,660,273,158,229,48,,,,,
"3209",2009,"0235",4.1,25374,2018,746,28138,694,290,168,236,49,141,,28,100,
"3209",2010,"0235",3.2,26229,2086,773,29088,691,311,162,218,52,137,,32,92,
"3209",2011,"0235",2.9,27104,2199,778,30081,666,278,151,237,49,132,,34,86,
"3209",2012,"0235",2.9,27913,2319,812,31044,643,267,133,243,53,74,6,17,51,
"3209",2013,"0235",2.2,28469,2418,856,31743,689,276,155,258,56,132,13,44,75,
"3209",2014,"0235",2.4,28928,2626,884,32438,703,282,153,268,56,137,,43,78,
"3209",2015,"0235",2.28,29575,2803,932,33310,736,292,175,269,61,132,,36,80,134.86
"3209",2016,"0235",2.52,30261,2970,958,34189,770,289,200,281,58,158,,39,103,149.89
"3209",2017,"0235",3,30993,3097,1012,35102,840,325,,296,6,166,,52,100,160.18
"3209",2018,"0235",3.4,32268,3256,1052,36576,839,320,,311,8,167,,55,103,185.885
"3209",2019,"0235",3.9,33736,3377,1121,38234,844,335,,318,8,162,7,58,97,187.885
"3209",2020,"3033",3.9,35031,3439,1155,39625,867,336,,318,35,146,7,40,99,197.96
"3209",2021,"3033",2.6,35686,3536,1237,40459,1141,566,,332,76,150,,44,94,206.025
"3209",2022,"3033",3.2,36710,3597,1258,41565,887,386,,303,81,165,,51,104,222.83
"3209",2023,"3033",3.8,37876,3677,1313,42866,923,420,,315,81,182,,55,116,206.88
"3209",2024,"3209",3.6,38655,3771,1388,43814,954,431,,330,84,187,,60,116,215
"3209",2025,"3209",3.2,39674,3893,1499,45066,1008,464,,334,84,168,12,48,108,196
"3212",2007,"0216",,15103,1183,505,16791,427,184,82,161,,,,,,
"3212",2008,"0216",3.2,15144,1205,519,16868,448,224,76,148,24,,,,,
"3212",2009,"0216",3.6,15377,1223,529,17129,481,229,85,167,26,82,7,16,59,
"3212",2010,"0216",3.2,15545,1264,539,17348,473,218,76,179,27,81,6,17,58,
"3212",2011,"0216",3.2,15669,1294,552,17515,486,213,75,198,32,83,7,14,62,
"3212",2012,"0216",2.9,15859,1357,593,17809,475,217,68,190,32,78,6,13,59,
"3212",2013,"0216",3.2,15993,1412,593,17998,480,215,76,189,32,88,5,14,69,
"3212",2014,"0216",3.1,16150,1541,606,18297,457,188,79,190,30,90,0,,67,
"3212",2015,"0216",2.915,16113,1649,610,18372,445,191,79,175,39,103,0,,79,72.22
"3212",2016,"0216",3.195,16245,1760,618,18623,465,194,92,179,35,97,0,,71,67.905
"3212",2017,"0216",2.8,16401,1854,614,18869,502,216,,183,34,96,,,69,70.53
"3212",2018,"0216",2.6,16717,1929,641,19287,523,253,,172,35,98,,,75,72.105
"3212",2019,"0216",2.2,16812,2014,662,19488,509,235,,178,72,101,,,77,70.13
"3212",2020,"3023",2.3,16844,2089,683,19616,541,249,,190,100,92,,,68,61.835
"3212",2021,"3023",2.4,16906,2181,718,19805,538,229,,196,94,94,,,69,64.77
"3212",2022,"3023",1.8,16906,2280,753,19939,533,230,,202,90,95,,24,69,60.065
"3212",2023,"3023",2.3,17119,2417,786,20322,1148,669,,280,102,95,,24,69,65.865
"3212",2024,"3212",1.8,17196,2485,840,20521,1129,637,,276,111,95,,22,71,73
"3212",2025,"3212",1.7,17255,2550,893,20698,1032,535,,283,114,94,,27,67,70
"3214",2007,"0215",,12308,1126,456,13890,387,153,90,144,,,,,,
"3214",2008,"0215",3.1,12571,1202,472,14245,453,203,81,169,44,,,,,
"3214",2009,"0215",2.6,12702,1255,478,14435,430,169,102,159,37,75,5,10,60,
"3214",2010,"0215",2.6,12814,1334,474,14622,450,177,100,173,66,77,,13,61,
"3214",2011,"0215",2.8,12901,1412,501,14814,495,188,105,202,60,64,,14,45,
"3214",2012,"0215",2.6,13127,1493,534,15154,511,210,107,194,62,70,0,,51,
"3214",2013,"0215",2.4,13328,1603,538,15469,498,201,112,185,56,72,,19,50,
"3214",2014,"0215",2.1,13362,1748,561,15671,589,292,120,177,57,69,,12,51,
"3214",2015,"0215",1.8,13213,1876,567,15656,578,293,101,184,32,76,0,,54,57.605
"3214",2016,"0215",2.3,13126,1980,589,15695,611,310,105,196,35,75,0,,53,62.87
"3214",2017,"0215",2.1,13098,2039,606,15743,582,304,,182,33,91,,,67,67.045
"3214",2018,"0215",2,13026,2088,621,15735,546,296,,167,33,83,,18,65,71.815
"3214",2019,"0215",2.2,12984,2117,660,15761,516,294,,133,56,93,,26,45,82.055
"3214",2020,"3022",2.2,13009,2189,679,15877,579,351,,149,68,85,,,56,64.835
"3214",2021,"3022",2.2,12993,2211,749,15953,602,353,,160,71,91,,28,33,70.825
"3214",2022,"3022",2.7,13035,2254,795,16084,590,326,,173,71,85,,,62,71.205
"3214",2023,"3022",2.3,12990,2268,848,16106,578,300,,180,105,85,,,58,74.115
"3214",2024,"3214",2.1,13042,2294,908,16244,603,322,,182,119,78,,19,56,80
"3214",2025,"3214",3.2,13026,2324,987,16337,482,211,,176,118,82,,15,65,86
"3216",2007,"0211",,12186,863,365,13414,358,171,58,129,,,,,,
"3216",2008,"0211",2.1,12535,931,359,13825,351,186,55,110,19,,,,,
"3216",2009,"0211",3.2,12757,990,348,14095,428,257,61,110,19,74,,17,48,
"3216",2010,"0211",3.3,12949,1058,366,14373,466,316,53,97,23,69,,15,48,
"3216",2011,"0211",2.8,13208,1123,377,14708,455,297,63,95,18,76,,15,56,
"3216",2012,"0211",3.2,13500,1252,391,15143,471,276,78,117,16,70,,18,48,
"3216",2013,"0211",3.2,13807,1388,410,15605,484,280,79,125,15,75,,16,53,
"3216",2014,"0211",3.3,14003,1515,426,15944,469,254,86,129,19,71,,17,46,
"3216",2015,"0211",3.315,14234,1648,428,16310,504,270,106,128,19,76,,23,46,45.58
"3216",2016,"0211",2.895,14502,1809,421,16732,526,299,104,123,17,84,5,31,48,55
"3216",2017,"0211",2.8,14825,1934,429,17188,535,280,,141,35,84,,29,48,56.91
"3216",2018,"0211",2.3,15033,1982,471,17486,577,323,,131,24,91,,27,58,59.175
"3216",2019,"0211",2.5,15219,2110,495,17824,609,339,,147,24,92,,30,34,69.18
"3216",2020,"3019",2.1,15308,2199,535,18042,746,450,,151,24,97,,28,64,79.905
"3216",2021,"3019",2.4,15455,2240,595,18290,763,468,,157,21,103,,28,68,84.07
"3216",2022,"3019",2.6,15761,2293,645,18699,732,426,,162,21,87,,27,51,79.755
"3216",2023,"3019",3,16043,2361,685,19089,803,473,,172,47,71,,22,44,81.79
"3216",2024,"3216",3.3,16362,2384,747,19493,725,392,,182,64,65,5,21,39,81
"3216",2025,"3216",3.3,16609,2391,855,19855,808,424,,202,65,73,,29,31,89
"3218",2007,"0214",,13235,1149,489,14873,449,182,97,170,,,,,,
"3218",2008,"0214",2.7,13627,1201,496,15324,466,210,83,173,29,,,,,
"3218",2009,"0214",2.6,14121,1229,513,15863,492,221,101,170,35,92,,24,59,
"3218",2010,"0214",2.9,14559,1289,538,16386,468,212,95,161,30,103,,25,68,
"3218",2011,"0214",2.7,14827,1347,559,16733,542,243,103,196,41,104,,21,72,
"3218",2012,"0214",3,15264,1407,613,17284,538,239,114,185,43,110,,17,85,
"3218",2013,"0214",3.2,15497,1433,638,17568,476,219,77,180,42,102,,18,80,
"3218",2014,"0214",2.5,15811,1512,646,17969,472,211,84,177,44,117,,24,90,
"3218",2015,"0214",2.375,16249,1572,682,18503,503,217,108,178,53,117,,27,88,92.075
"3218",2016,"0214",2.32,16656,1652,684,18992,532,241,100,191,58,120,0,,96,91.695
"3218",2017,"0214",2.3,16877,1701,710,19288,523,240,,178,45,125,,20,102,103.475
"3218",2018,"0214",2.2,17614,1734,736,20084,541,258,,180,45,128,,25,100,116.03
"3218",2019,"0214",2.3,17795,1783,757,20335,557,276,,174,42,103,,,82,139.015
"3218",2020,"3021",2.1,17882,1811,746,20439,563,288,,185,47,107,,,83,118.1
"3218",2021,"3021",1.8,17798,1865,776,20439,595,303,,184,47,102,,,82,118.225
"3218",2022,"3021",2,18085,1891,804,20780,606,314,,185,46,101,,,81,117.235
"3218",2023,"3021",1.6,18600,1922,828,21350,863,540,,190,51,109,,,88,117.91
"3218",2024,"3218",1.6,19155,1977,873,22005,847,515,,195,44,110,5,16,89,123
"3218",2025,"3218",1.8,19380,2028,936,22344,856,522,,197,40,108,,16,87,126
"3220",2007,"0229",,8892,531,237,9660,254,148,48,58,,,,,,
"3220",2008,"0229",1.9,9087,571,235,9893,281,174,42,65,16,,,,,
"3220",2009,"0229",2,9325,592,236,10153,292,173,42,77,15,39,,9,28,
"3220",2010,"0229",2.3,9308,630,238,10176,295,181,40,74,14,37,0,11,16,
"3220",2011,"0229",3.3,9342,686,234,10262,292,157,51,84,17,37,0,13,24,
"3220",2012,"0229",2.5,9511,736,240,10487,306,180,41,85,16,43,0,15,18,
"3220",2013,"0229",2.2,9520,792,248,10560,326,192,48,86,17,46,,15,28,
"3220",2014,"0229",2.4,9485,879,262,10626,323,184,57,82,16,46,,13,29,
"3220",2015,"0229",2.195,9576,931,253,10760,346,206,66,74,16,53,,12,37,37.84
"3220",2016,"0229",2.19,9598,1008,264,10870,343,194,63,86,15,48,,12,34,37.62
"3220",2017,"0229",2.4,9573,1075,279,10927,337,182,,87,15,53,,,37,42.07
"3220",2018,"0229",2.7,9538,1119,288,10945,331,169,,97,13,45,,16,29,38.945
"3220",2019,"0229",2.5,9567,1174,285,11026,316,159,,86,15,54,,16,22,46.94
"3220",2020,"3028",2.7,9594,1216,300,11110,347,189,,81,12,48,,17,31,39
"3220",2021,"3028",1.8,9531,1217,317,11065,388,235,,77,12,47,,19,28,40.045
"3220",2022,"3028",1.5,9682,1231,336,11249,430,265,,76,13,53,,17,33,42.905
"3220",2023,"3028",1.6,9819,1216,357,11392,401,229,,76,14,46,,10,32,44.305
"3220",2024,"3220",1.8,9868,1237,377,11482,436,233,,96,16,50,,19,25,53
"3220",2025,"3220",1.7,9870,1258,421,11549,414,215,,99,16,57,,13,38,52
"3222",2007,"0230",,28215,2267,883,31365,769,340,150,279,,,,,,
"3222",2008,"0230",1.5,28613,2315,925,31853,771,330,156,285,59,,,,,
"3222",2009,"0230",2.5,28965,2389,946,32300,858,393,187,278,35,183,,40,130,
"3222",2010,"0230",2.3,29273,2485,972,32730,899,413,179,307,45,177,11,44,122,
"3222",2011,"0230",2.5,29690,2602,1016,33308,909,421,178,310,46,177,13,41,123,
"3222",2012,"0230",2.5,29908,2746,1055,33709,960,445,205,310,43,183,13,38,132,
"3222",2013,"0230",2.1,30315,2912,1093,34320,1008,445,203,360,45,186,,43,127,
"3222",2014,"0230",1.9,30435,3144,1118,34697,950,404,191,355,47,180,14,42,124,
"3222",2015,"0230",2.19,30604,3379,1156,35139,1024,455,189,380,95,190,13,51,126,125.815
"3222",2016,"0230",3.415,31588,3622,1158,36368,1016,457,193,366,78,178,16,46,116,125.325
"3222",2017,"0230",2.3,32378,3830,1198,37406,1057,492,,351,100,178,6,52,120,127.255
"3222",2018,"0230",3.2,33403,4025,1242,38670,1048,504,,341,127,182,10,44,128,130.14
"3222",2019,"0230",3.9,34673,4117,1316,40106,1082,549,,339,132,197,11,49,137,136.82
"3222",2020,"3029",3.8,35832,4234,1394,41460,1073,587,,294,132,190,9,49,132,138.865
"3222",2021,"3029",3.7,36864,4444,1432,42740,1168,633,,324,147,193,8,49,136,145.89
"3222",2022,"3029",3.9,38603,4587,1503,44693,1194,655,,314,135,197,12,48,137,148.075
"3222",2023,"3029",3.9,40473,4756,1568,46797,1264,663,,354,134,199,,60,126,153.945
"3222",2024,"3222",4.1,41595,4912,1681,48188,1246,654,,347,134,197,,54,132,151
"3222",2025,"3222",3.7,43215,4969,1829,50013,1238,637,,353,147,206,,61,138,148
"3224",2007,"0228",,13659,1038,365,15062,349,169,64,116,,,,,,
"3224",2008,"0228",2.5,13671,1062,379,15112,398,209,78,111,24,,,,,
"3224",2009,"0228",2.8,13859,1109,377,15345,427,234,73,120,21,64,5,13,46,
"3224",2010,"0228",2.2,14061,1132,398,15591,428,238,75,115,31,63,0,,47,
"3224",2011,"0228",2.2,14304,1204,412,15920,397,201,82,114,36,64,0,15,32,
"3224",2012,"0228",2.5,14469,1290,411,16170,413,210,79,124,42,65,0,17,29,
"3224",2013,"0228",2.2,14649,1353,418,16420,430,234,74,122,42,59,0,20,21,
"3224",2014,"0228",2.5,14950,1447,409,16806,457,244,93,120,42,65,0,22,23,
"3224",2015,"0228",2.61,15255,1517,413,17185,449,243,93,113,40,60,0,19,23,66.535
"3224",2016,"0228",3,15407,1586,433,17426,499,277,91,131,40,61,0,18,43,78.115
"3224",2017,"0228",2.6,15634,1624,472,17730,563,328,,142,51,68,,19,49,80.68
"3224",2018,"0228",2.8,15725,1648,501,17874,617,386,,141,56,69,,20,49,81.19
"3224",2019,"0228",3.4,15988,1668,505,18161,677,442,,138,63,76,,,56,84.21
"3224",2020,"3027",3.1,16312,1692,526,18530,660,433,,136,63,69,6,17,46,86.83
"3224",2021,"3027",3.5,16446,1737,547,18730,643,426,,122,67,65,,,46,83.94
"3224",2022,"3027",3.7,16715,1747,562,19024,622,401,,131,67,71,,21,33,87.13
"3224",2023,"3027",4.2,17203,1824,591,19618,620,383,,146,66,73,,23,31,85.13
"3224",2024,"3224",3.5,17617,1832,650,20099,543,318,,134,70,71,,,52,84
"3224",2025,"3224",3.1,17961,1859,689,20509,530,304,,133,76,68,,22,30,81
"3226",2007,"0121+0221",,12169,1342,735,14246,620,292,91,191,,,,,,
"3226",2008,"0121+0221",2.02016,12525,1379,740,14644,625,298,112,215,26,,,,,
"3226",2009,"0121+0221",2.36186579378069,12738,1365,726,14829,611,286,107,218,24,116,5,20,91,
"3226",2010,"0121+0221",2.54868421052632,12874,1393,715,14982,608,282,106,220,22,122,0,,92,
"3226",2011,"0121+0221",1.81881720430108,13132,1456,722,15310,558,207,99,217,26,135,5,18,105,
"3226",2012,"0121+0221",1.78302828618968,13334,1509,750,15593,601,243,98,226,15,138,5,17,108,
"3226",2013,"0121+0221",2.55940438871473,13576,1600,775,15951,638,278,103,257,26,130,0,,108,
"3226",2014,"0121+0221",2.84368600682594,13678,1713,781,16172,586,226,114,246,25,133,0,,105,
"3226",2015,"0121+0221",2.11833069620253,13792,1833,773,16398,632,259,115,258,22,119,0,,86,93.09
"3226",2016,"0121+0221",2.50147058823529,13893,1925,768,16586,595,232,114,249,19,125,0,,97,99.41
"3226",2017,"0121+0221",2.50752212389381,14093,1989,765,16847,678,300,,258,18,126,,,97,106.42
"3226",2018,"0121+0221",2.46310240963855,14242,2063,767,17072,664,307,,241,18,124,5,18,94,106.99
"3226",2019,"0121+0221",2.87108239095315,14258,2125,790,17173,619,280,,232,18,121,,,90,110.73
"3226",2020,"3026",3.1,14364,2221,805,17390,621,273,,223,28,104,,,88,107.19
"3226",2021,"3026",3.1,14465,2299,827,17591,639,277,,216,40,104,,,85,100.96
"3226",2022,"3026",3.5,14581,2337,836,17754,630,280,,215,40,88,,,74,104.045
"3226",2023,"3026",2.8,14697,2381,867,17945,677,301,,216,37,81,,,64,108.775
"3226",2024,"3226",2.6,14762,2387,909,18058,715,313,,245,58,94,,,74,90
"3226",2025,"3226",2.6,14930,2394,990,18314,699,295,,253,37,82,,19,63,77
"3228",2007,"0236",,16041,1435,743,18219,726,398,124,204,,,,,,
"3228",2008,"0236",2.5,16302,1458,750,18510,720,383,128,209,33,,,,,
"3228",2009,"0236",2.6,16415,1459,755,18629,673,344,127,202,42,130,12,25,93,
"3228",2010,"0236",2.8,16585,1472,770,18827,766,414,126,226,21,110,12,21,77,
"3228",2011,"0236",2.4,16757,1525,767,19049,810,424,133,253,18,107,,19,77,
"3228",2012,"0236",2.8,17098,1580,784,19462,815,430,127,258,12,131,11,27,93,
"3228",2013,"0236",2.8,17357,1682,780,19819,832,433,133,266,13,121,10,27,84,
"3228",2014,"0236",3.4,17555,1837,772,20164,815,416,144,255,7,107,10,23,74,
"3228",2015,"0236",3.69,17722,1931,757,20410,819,440,133,246,21,88,10,17,61,85.15
"3228",2016,"0236",4.175,17954,2074,755,20783,782,399,140,243,22,82,,21,54,89.7
"3228",2017,"0236",4.4,18295,2178,768,21241,789,420,,231,23,95,,21,63,96.245
"3228",2018,"0236",3.6,18630,2285,766,21681,883,538,,232,29,92,,21,61,98.97
"3228",2019,"0236",3.5,18741,2360,784,21885,876,527,,228,36,97,,21,67,99.115
"3228",2020,"3034",3.9,19723,2546,823,23092,873,500,,226,59,93,,23,65,91.015
"3228",2021,"3034",3.3,19942,2638,842,23422,866,502,,223,54,97,,26,63,86.88
"3228",2022,"3034",2.9,20307,2745,846,23898,1013,625,,244,53,93,,18,65,76.905
"3228",2023,"3034",2.8,20602,2824,857,24283,1043,623,,245,36,94,,16,68,77.97
"3228",2024,"3228",2.8,20792,2975,878,24645,982,598,,222,38,96,,23,66,87
"3228",2025,"3228",2.6,20908,3053,936,24897,1041,628,,227,63,101,,17,78,87
"3230",2007,"0234",,4842,367,144,5353,137,47,25,65,,,,,,
"3230",2008,"0234",2.3,4944,377,143,5464,171,86,33,52,12,,,,,
"3230",2009,"0234",3.3,5027,394,146,5567,138,61,27,50,12,31,,,25,
"3230",2010,"0234",4.2,5254,412,155,5821,129,60,26,43,14,28,,,23,
"3230",2011,"0234",3.4,5410,421,159,5990,133,53,28,52,15,29,,6,20,
"3230",2012,"0234",3.4,5527,462,163,6152,142,67,28,47,11,32,,6,23,
"3230",2013,"0234",2.5,5594,492,178,6264,199,112,27,60,11,35,,7,25,
"3230",2014,"0234",3.6,5570,530,192,6292,203,112,34,57,11,32,0,7,25,
"3230",2015,"0234",3.615,5569,558,199,6326,218,126,37,55,12,33,0,11,22,19.245
"3230",2016,"0234",3.48,5533,586,204,6323,247,151,40,56,14,28,0,8,20,22.155
"3230",2017,"0234",2.9,5713,625,208,6546,242,146,,56,15,25,,,14,22.965
"3230",2018,"0234",2.7,5837,649,218,6704,273,179,,55,15,32,,10,14,29.115
"3230",2019,"0234",2.2,5915,676,232,6823,288,191,,60,14,32,,10,22,31.9
"3230",2020,"3032",2.6,5948,708,234,6890,306,209,,52,14,29,,9,20,25.89
"3230",2021,"3032",2.2,6036,764,243,7043,299,201,,63,20,23,,7,16,25.855
"3230",2022,"3032",1.9,5965,768,256,6989,308,210,,56,21,26,,9,17,24.195
"3230",2023,"3032",2.5,6210,806,269,7285,286,188,,59,13,26,,10,16,23.99
"3230",2024,"3230",3.3,6297,810,291,7398,160,70,,56,,25,,,13,27
"3230",2025,"3230",3.8,6330,812,311,7453,189,80,,77,13,25,,6,19,21
"3232",2007,"0233",,18141,1363,464,19968,547,312,69,166,,,,,,
"3232",2008,"0233",4.8,18370,1416,470,20256,621,362,99,160,52,,,,,
"3232",2009,"0233",3.9,18619,1463,473,20555,491,219,124,148,52,110,31,16,63,
"3232",2010,"0233",4.3,18902,1552,485,20939,487,225,112,150,56,111,30,16,65,
"3232",2011,"0233",3.6,19002,1644,519,21165,601,301,129,171,57,121,38,21,62,
"3232",2012,"0233",4.4,19158,1760,536,21454,554,251,141,162,57,116,34,17,65,
"3232",2013,"0233",4.6,19550,1871,550,21971,593,260,167,166,67,93,,17,70,
"3232",2014,"0233",4.6,19812,2002,571,22385,593,258,159,176,75,94,,15,71,
"3232",2015,"0233",4.29,20020,2073,613,22706,598,261,158,179,72,84,,15,61,75.22
"3232",2016,"0233",4.31,20074,2155,628,22857,574,261,137,176,77,85,,15,64,77.19
"3232",2017,"0233",5.3,20348,2186,679,23213,612,291,,181,75,99,,19,72,81.17
"3232",2018,"0233",5.1,20552,2274,719,23545,651,332,,183,70,93,,16,66,83.92
"3232",2019,"0233",5.1,21046,2312,731,24089,728,373,,199,74,91,,16,69,91.145
"3232",2020,"3031",4.4,21148,2326,775,24249,763,385,,213,69,97,,24,46,96.83
"3232",2021,"3031",4.8,21279,2360,815,24454,754,380,,207,75,97,,,69,93.985
"3232",2022,"3031",4.8,21669,2426,852,24947,731,368,,208,81,94,,31,44,89.835
"3232",2023,"3031",4.5,22088,2444,908,25440,791,419,,222,87,92,,23,47,91.04
"3232",2024,"3232",4.3,22469,2448,965,25882,812,408,,261,113,96,,28,44,101
"3232",2025,"3232",4.5,22519,2444,1060,26023,770,355,,270,99,100,,28,50,105
"3234",2007,"0533",,7544,666,312,8522,200,67,43,90,,,,,,
"3234",2008,"0533",3.3,7608,664,326,8598,228,91,57,80,28,,,,,
"3234",2009,"0533",3.5,7549,681,322,8552,266,95,58,113,35,47,0,,43,
"3234",2010,"0533",3.8,7576,679,345,8600,252,96,42,114,36,47,0,8,39,
"3234",2011,"0533",3.5,7590,715,349,8654,259,99,50,110,35,55,0,,43,
"3234",2012,"0533",3.6,7666,766,344,8776,251,106,50,95,37,53,0,,40,
"3234",2013,"0533",3.5,7771,773,336,8880,294,136,61,97,37,58,,10,43,
"3234",2014,"0533",3.2,7775,847,330,8952,279,135,57,87,37,58,0,,42,
"3234",2015,"0533",3.92,7779,896,328,9003,292,148,57,87,44,56,0,12,44,35.905
"3234",2016,"0533",3.305,7775,939,330,9044,354,189,68,97,41,58,,14,42,39.215
"3234",2017,"0533",3.4,7759,986,335,9080,400,236,,83,41,57,,17,24,41.17
"3234",2018,"0533",3.6,7695,1035,335,9065,435,269,,79,45,54,,9,40,43.885
"3234",2019,"0533",4.2,7640,1076,335,9051,358,184,,96,62,42,,5,32,36.775
"3234",2020,"3054",5.6,7585,1122,341,9048,373,211,,95,32,40,,,28,38.14
"3234",2021,"3054",7.8,7532,1174,356,9062,292,140,,87,36,46,,9,34,37.145
"3234",2022,"3054",9.3,7551,1222,371,9144,271,108,,86,44,43,,8,33,36.16
"3234",2023,"3054",8.1,7651,1273,383,9307,280,119,,95,43,35,,7,23,42.185
"3234",2024,"3234",8.4,7674,1274,409,9357,237,100,,86,33,42,,9,29,45
"3234",2025,"3234",8.6,7666,1303,451,9420,223,81,,90,34,43,,9,31,44
"3236",2007,"0532",,5326,590,322,6238,237,73,59,105,,,,,,
"3236",2008,"0532",3.1,5337,598,321,6256,231,74,55,102,,,,,,
"3236",2009,"0532",2.8,5353,593,305,6251,202,64,45,93,,44,,5,37,
"3236",2010,"0532",2.3,5369,585,314,6268,196,66,40,90,,45,0,,36,
"3236",2011,"0532",3.7,5449,598,312,6359,235,102,47,86,,40,0,,32,
"3236",2012,"0532",2.7,5553,621,309,6483,266,141,39,86,,39,0,,34,
"3236",2013,"0532",2.5,5472,660,312,6444,293,160,46,87,,42,0,,33,
"3236",2014,"0532",2.6,5454,735,327,6516,307,159,59,89,,34,0,,26,
"3236",2015,"0532",2.485,5498,787,314,6599,289,154,56,79,,42,0,,32,38.55
"3236",2016,"0532",2.78,5500,820,309,6629,275,154,49,72,,40,0,,23,35.53
"3236",2017,"0532",2.5,5561,823,312,6696,291,171,,81,,31,,7,24,36.195
"3236",2018,"0532",2.6,5643,824,310,6777,268,148,,84,,34,,10,24,38.825
"3236",2019,"0532",2.8,5676,852,318,6846,275,151,,78,,33,,,23,42.89
"3236",2020,"3053",3.6,5641,891,320,6852,251,133,,77,,34,,,26,44.76
"3236",2021,"3053",3.9,5622,913,332,6867,244,125,,72,,40,,,31,39.115
"3236",2022,"3053",4.6,5629,945,334,6908,247,126,,72,,40,,,28,35.115
"3236",2023,"3053",3.6,5671,971,348,6990,226,116,,69,,39,,11,28,42.185
"3236",2024,"3236",2.7,5686,989,362,7037,237,117,,84,,39,,14,16,37
"3236",2025,"3236",3,5676,987,380,7043,235,104,,79,3,35,,8,19,36
"3238",2007,"0238",,9471,696,369,10536,315,105,55,155,,,,,,
"3238",2008,"0238",2.5,9576,722,359,10657,630,436,59,135,,,,,,
"3238",2009,"0238",2.8,9717,724,359,10800,396,230,47,119,17,40,,9,23,
"3238",2010,"0238",3.5,9819,754,354,10927,401,229,49,123,8,51,11,9,31,
"3238",2011,"0238",3.2,9992,797,339,11128,488,325,51,112,71,58,13,7,38,
"3238",2012,"0238",2.5,10163,850,349,11362,516,329,70,117,,53,5,8,40,
"3238",2013,"0238",2.4,10230,921,354,11505,549,371,70,108,,70,5,12,53,
"3238",2014,"0238",2.2,10384,988,335,11707,514,338,66,110,,62,,12,44,
"3238",2015,"0238",1.995,10516,1024,342,11882,595,411,65,119,0,52,5,14,33,45.175
"3238",2016,"0238",2.025,10827,1101,339,12267,500,310,72,118,0,55,0,14,25,44.86
"3238",2017,"0238",2.4,11163,1145,349,12657,427,218,,130,0,53,,17,18,49.945
"3238",2018,"0238",2.5,11709,1171,360,13240,470,259,,121,0,49,,17,18,52.905
"3238",2019,"0238",2.3,12108,1216,358,13682,474,265,,118,0,49,,,36,54.815
"3238",2020,"3036",2.1,12511,1245,383,14139,523,308,,128,0,47,,,34,59.81
"3238",2021,"3036",2.4,12946,1292,399,14637,493,307,,99,30,51,,13,23,56.945
"3238",2022,"3036",3.1,13295,1375,404,15074,458,268,,101,32,50,,12,25,52.775
"3238",2023,"3036",2.6,13668,1431,431,15530,513,265,,139,33,51,,,40,54.98
"3238",2024,"3238",2.6,14177,1477,472,16126,541,284,,157,41,48,,17,19,58
"3238",2025,"3238",3.3,14487,1494,524,16505,601,321,,176,66,56,,18,25,55
"3240",2008,"0237",4,17556,1552,808,19916,883,496,127,260,75,,,,,
"3240",2009,"0237",5.4,17920,1587,814,20321,365,143,66,156,65,135,0,,99,
"3240",2010,"0237",5.9,18246,1622,821,20689,552,196,117,239,108,129,6,29,94,
"3240",2011,"0237",6.6,18647,1665,816,21128,640,283,111,246,114,127,7,23,97,
"3240",2012,"0237",4,19075,1755,791,21621,779,432,107,240,109,133,7,26,100,
"3240",2013,"0237",3.5,19461,1885,796,22142,791,403,131,257,104,129,0,,102,
"3240",2014,"0237",3.2,19866,2026,797,22689,771,378,148,245,102,140,5,20,115,
"3240",2015,"0237",3.305,20232,2204,802,23238,834,389,171,274,108,120,0,,99,73.17
"3240",2016,"0237",3.61,20679,2340,792,23811,886,457,173,256,98,132,6,21,105,85.73
"3240",2017,"0237",3.6,21149,2483,783,24415,924,483,,254,101,138,6,28,104,97.805
"3240",2018,"0237",3.8,21247,2608,792,24647,950,482,,269,110,133,,,100,96.155
"3240",2019,"0237",4.3,21436,2679,804,24919,992,507,,269,105,142,,31,105,115.755
"3240",2020,"3035",3.9,21796,2822,818,25436,928,478,,242,111,131,,29,97,128.24
"3240",2021,"3035",3.2,22328,2865,838,26031,995,520,,257,117,118,,,83,132.825
"3240",2022,"3035",3.7,22866,2966,884,26716,996,513,,259,118,119,,,89,145.995
"3240",2023,"3035",3.5,23368,3045,925,27338,1002,513,,258,111,131,,,93,153.17
"3240",2024,"3240",3.3,23783,3128,1005,27916,1068,561,,275,137,108,,,77,158
"3240",2025,"3240",2.6,24106,3179,1067,28352,1084,633,,246,125,100,5,27,68,162
"3242",2007,"0239",,2168,255,171,2594,94,21,23,50,,,,,,
"3242",2008,"0239",4,2140,266,175,2581,115,40,16,59,31,,,,,
"3242",2009,"0239",2.7,2179,267,175,2621,110,45,15,50,28,9,0,0,5,
"3242",2010,"0239",2.4,2169,277,171,2617,102,40,15,47,29,19,0,,12,
"3242",2011,"0239",3.8,2176,275,168,2619,123,53,23,47,5,13,0,0,6,
"3242",2012,"0239",2.8,2215,289,153,2657,131,58,27,46,5,23,0,,19,
"3242",2013,"0239",2.9,2241,297,147,2685,139,60,30,49,5,26,0,,22,
"3242",2014,"0239",7.5,2236,310,149,2695,127,58,27,42,5,28,0,,23,
"3242",2015,"0239",6.22,2271,330,151,2752,134,65,25,44,7,23,0,,18,10.84
"3242",2016,"0239",6.02,2353,339,145,2837,123,52,24,47,6,24,0,,17,9.88
"3242",2017,"0239",6.3,2403,358,149,2910,144,65,,51,5,23,,,12,11.75
"3242",2018,"0239",3.6,2385,360,158,2903,137,61,,50,39,30,,6,20,12.925
"3242",2019,"0239",5,2316,380,168,2864,126,54,,50,28,22,,,16,15.78
"3242",2020,"3037",4.7,2305,378,171,2854,122,60,,43,27,26,,5,18,20.98
"3242",2021,"3037",4.4,2281,385,172,2838,141,74,,44,23,25,,7,15,21.775
"3242",2022,"3037",3.1,2342,395,168,2905,131,65,,49,20,23,,,17,15.245
"3242",2023,"3037",2.9,2355,421,168,2944,113,44,,50,24,23,,5,14,15.13
"3242",2024,"3242",2.9,2438,439,164,3041,129,58,,50,16,24,,,17,20
"3242",2025,"3242",3.1,2418,432,172,3022,140,61,,51,19,18,,,13,23
"3301",2007,"0602+0625+0711",,75745,7406,3922,87073,3037,1259,505,1273,,,,,,
"3301",2008,"0602+0625+0711",3.39043505091021,77275,7488,3937,88700,3241,1368,528,1345,336,,,,,
"3301",2009,"0602+0625+0711",3.87519181585678,78726,7511,3959,90196,3910,1849,667,1394,279,529,0,80,422,
"3301",2010,"0602+0625+0711",3.30060067902847,80029,7692,3998,91719,3829,1881,606,1342,254,533,0,91,408,
"3301",2011,"0602+0625+0711",3.27545090180361,81069,7913,4011,92993,3992,1987,631,1374,252,514,0,100,394,
"3301",2012,"0602+0625+0711",3.48208269525268,81967,8422,4051,94440,3918,1952,655,1311,205,520,0,86,404,
"3301",2013,"0602+0625+0711",3.67776134122288,82783,8930,3970,95683,4056,2031,717,1308,261,516,0,86,399,
"3301",2014,"0602+0625+0711",3.9127950310559,83107,9535,3963,96605,4025,2036,727,1262,288,493,0,86,376,
"3301",2015,"0602+0625+0711",3.88108794089609,83739,10031,4001,97771,4196,2148,737,1311,275,490,0,97,362,486.735
"3301",2016,"0602+0625+0711",4.13476408102767,84450,10436,4044,98930,4048,2042,746,1260,279,505,0,98,388,499.415
"3301",2017,"0602+0625+0711",4.15269372693727,84898,10742,4094,99734,4065,2111,,1210,275,491,,78,384,493.36
"3301",2018,"0602+0625+0711",4.13832512315271,85215,10966,4121,100302,4060,2055,,1205,268,497,,88,385,481.585
"3301",2019,"0602+0625+0711",4.50713245997089,85179,11190,4212,100581,4098,2042,,1205,276,483,,98,360,465.77
"3301",2020,"3005",5.5,85650,11392,4344,101386,4041,2009,,1185,251,489,,98,365,480.25
"3301",2021,"3005",4.9,85824,11625,4410,101859,4065,1958,,1228,307,502,,101,378,500.86
"3301",2022,"3005",4.5,85941,11830,4502,102273,4433,2121,,1342,305,458,22,104,332,469.185
"3301",2023,"3005",4.7,86587,12048,4656,103291,4335,2043,,1351,318,465,,120,328,460.995
"3301",2024,"3301",5.4,87404,12238,4845,104487,3961,1822,,1314,313,440,,113,315,455
"3301",2025,"3301",5.4,88016,12256,5180,105452,3698,1704,,1258,362,427,,111,300,456
"3303",2007,"0604",,20508,2018,1118,23644,944,349,170,425,,,,,,
"3303",2008,"0604",3.9,20815,2061,1121,23997,973,379,161,433,121,,,,,
"3303",2009,"0604",4.6,21175,2063,1143,24381,1037,420,191,426,117,183,,30,142,
"3303",2010,"0604",5.1,21455,2145,1114,24714,1022,409,180,433,117,177,,28,136,
"3303",2011,"0604",5.4,21741,2240,1109,25090,1041,409,200,432,115,162,,26,123,
"3303",2012,"0604",5.3,22001,2338,1140,25479,1065,423,207,435,113,156,,21,123,
"3303",2013,"0604",5.9,22290,2450,1147,25887,1077,426,201,450,112,152,,29,115,
"3303",2014,"0604",6.5,22635,2611,1160,26406,1064,435,195,434,112,146,,28,110,
"3303",2015,"0604",7.12,22765,2763,1183,26711,1051,438,194,419,118,152,,29,115,128.975
"3303",2016,"0604",7.785,22908,2930,1175,27013,1144,515,208,421,124,151,,25,119,139.835
"3303",2017,"0604",7.9,22913,3088,1215,27216,1101,495,,392,124,145,,28,110,134.875
"3303",2018,"0604",8.9,22969,3234,1207,27410,1062,464,,385,120,143,,33,105,143.255
"3303",2019,"0604",12.1,22927,3311,1243,27481,927,369,,375,120,137,,28,103,150.02
"3303",2020,"3006",10.9,23030,3393,1300,27723,918,359,,368,112,136,,21,105,151.89
"3303",2021,"3006",12.5,22875,3498,1321,27694,926,357,,362,110,129,,28,94,161.02
"3303",2022,"3006",8.1,22885,3656,1338,27879,945,373,,346,135,118,10,27,81,182.08
"3303",2023,"3006",8,23648,3787,1358,28793,996,391,,392,149,121,,31,79,186.07
"3303",2024,"3303",7.3,23580,3820,1448,28848,1009,391,,400,156,115,18,23,74,200
"3303",2025,"3303",7.4,23650,3818,1543,29011,952,372,,366,170,118,14,27,77,171
"3305",2007,"0605",,23991,2763,1631,28385,1131,345,214,572,,,,,,
"3305",2008,"0605",8.7,24181,2735,1607,28523,1199,382,221,596,98,,,,,
"3305",2009,"0605",7.5,24329,2714,1602,28645,1325,482,247,596,155,143,16,19,108,
"3305",2010,"0605",7.6,24463,2763,1580,28806,1311,461,250,600,176,130,11,15,104,
"3305",2011,"0605",7.4,24546,2800,1600,28946,1350,486,252,612,179,134,,24,100,
"3305",2012,"0605",7.7,24776,2869,1591,29236,1313,473,228,612,189,148,15,19,114,
"3305",2013,"0605",7.9,24843,2953,1604,29400,1358,503,237,618,185,156,15,21,120,
"3305",2014,"0605",7.5,24898,3145,1581,29624,1321,520,245,556,178,166,14,26,126,
"3305",2015,"0605",6.905,24878,3291,1543,29712,1342,545,242,555,184,154,13,28,113,113.965
"3305",2016,"0605",6.895,24814,3489,1498,29801,1311,527,254,530,180,153,,36,107,125.855
"3305",2017,"0605",6.8,24888,3650,1496,30034,1378,549,,533,190,153,,31,114,127.825
"3305",2018,"0605",7.3,24981,3793,1509,30283,1392,570,,536,184,157,,24,124,143.955
"3305",2019,"0605",6.8,24964,3930,1548,30442,1369,565,,515,183,140,,24,108,143.765
"3305",2020,"3007",7.2,25027,4074,1540,30641,1408,593,,497,181,144,,31,109,134.835
"3305",2021,"3007",7.9,25061,4226,1548,30835,1451,635,,507,187,139,,38,97,147.015
"3305",2022,"3007",6.5,25114,4345,1552,31011,1429,622,,472,180,132,,38,89,149.045
"3305",2023,"3007",4.5,25392,4448,1604,31444,1510,679,,490,187,142,,35,98,148.165
"3305",2024,"3305",4.1,25420,4470,1691,31581,1557,715,,493,168,138,,36,94,146
"3305",2025,"3305",4.1,25458,4584,1751,31793,1440,619,,505,130,146,,38,97,152
"3310",2007,"0612",,4766,456,214,5436,223,93,46,84,,,,,,
"3310",2008,"0612",6.8,4923,475,224,5622,257,117,60,80,45,,,,,
"3310",2009,"0612",5,5132,501,228,5861,275,124,61,90,45,22,0,,12,
"3310",2010,"0612",4.7,5223,515,238,5976,280,139,60,81,46,25,0,,19,
"3310",2011,"0612",6.3,5371,530,239,6140,301,152,61,88,47,27,0,,25,
"3310",2012,"0612",6.4,5514,552,256,6322,299,149,57,93,40,29,0,,22,
"3310",2013,"0612",18.4,5618,578,267,6463,278,124,54,100,28,31,,5,24,
"3310",2014,"0612",15.4,5712,609,274,6595,283,133,56,94,29,26,0,7,12,
"3310",2015,"0612",6.525,5786,635,277,6698,264,128,43,93,23,28,0,6,22,32.865
"3310",2016,"0612",6.02,5830,657,280,6767,286,147,44,95,24,22,0,5,17,31.065
"3310",2017,"0612",7.9,5786,691,295,6772,261,135,,89,11,22,,,9,34.235
"3310",2018,"0612",5.4,5810,736,287,6833,275,163,,81,12,25,,,20,30.82
"3310",2019,"0612",8.3,5793,763,289,6845,244,141,,72,11,26,,,20,30.865
"3310",2020,"3038",7.8,5722,791,286,6799,320,215,,64,11,24,,,14,34.98
"3310",2021,"3038",2.6,5686,827,298,6811,275,147,,79,11,23,,6,17,35.855
"3310",2022,"3038",2.4,5692,862,305,6859,241,112,,78,11,23,,7,14,38.03
"3310",2023,"3038",2.4,5704,882,302,6888,261,131,,78,26,25,,10,10,36.75
"3310",2024,"3310",2.6,5780,911,298,6989,264,151,,71,26,26,,5,18,36
"3310",2025,"3310",2.7,5809,931,325,7065,287,158,,76,32,22,,,17,36
"3312",2007,"0626",,19670,1726,861,22257,694,284,110,300,,,,,,
"3312",2008,"0626",6,20106,1729,865,22700,688,294,100,294,122,,,,,
"3312",2009,"0626",5.6,20238,1773,862,22873,705,312,106,287,122,80,0,,65,
"3312",2010,"0626",5.7,20572,1840,855,23267,723,341,100,282,136,81,0,,66,
"3312",2011,"0626",6.2,20797,1941,842,23580,772,366,115,291,130,89,,17,65,
"3312",2012,"0626",5.6,21238,2074,865,24177,848,421,120,307,130,91,,18,64,
"3312",2013,"0626",5.1,21671,2221,871,24763,843,424,117,302,133,87,,15,62,
"3312",2014,"0626",5,21910,2391,874,25175,851,413,129,309,130,75,,19,50,
"3312",2015,"0626",4.69,21967,2523,888,25378,842,420,133,289,128,86,,19,55,106.475
"3312",2016,"0626",4.31,22219,2646,866,25731,900,469,139,292,128,96,,23,65,119.715
"3312",2017,"0626",4.3,22140,2723,877,25740,909,475,,300,126,94,,21,64,123.195
"3312",2018,"0626",4.2,22265,2822,893,25980,932,487,,305,125,89,,17,62,137.275
"3312",2019,"0626",4.2,22560,2865,948,26373,938,496,,301,127,90,,18,64,136.205
"3312",2020,"3049",4.5,22901,2939,971,26811,851,426,,279,128,86,,,62,127.11
"3312",2021,"3049",4,23123,2988,1007,27118,857,420,,287,130,79,,,61,126.965
"3312",2022,"3049",3.8,23459,3076,1049,27584,847,420,,273,158,87,,,67,132.905
"3312",2023,"3049",4,23948,3132,1087,28167,862,414,,273,167,88,,,61,143.845
"3312",2024,"3312",4.9,24142,3175,1153,28470,852,402,,301,167,93,,,66,149
"3312",2025,"3312",5.3,24224,3169,1249,28642,760,345,,280,164,100,8,18,74,145
"3314",2007,"0624",,13783,1374,799,15956,663,299,120,244,,,,,,
"3314",2008,"0624",4.2,13933,1408,791,16132,691,318,110,263,77,,,,,
"3314",2009,"0624",4.7,14130,1418,802,16350,685,315,104,266,87,110,25,13,72,
"3314",2010,"0624",3,14391,1422,803,16616,679,317,109,253,112,80,,8,65,
"3314",2011,"0624",3.6,14731,1448,808,16987,675,326,101,248,112,82,,12,64,
"3314",2012,"0624",4,15098,1512,811,17421,710,346,118,246,115,81,,11,68,
"3314",2013,"0624",4.7,15359,1566,827,17752,771,405,123,243,105,74,0,,64,
"3314",2014,"0624",5,15430,1670,819,17919,711,370,114,227,135,81,0,,67,
"3314",2015,"0624",5.2,15452,1775,812,18039,707,373,119,215,83,77,,13,55,81.935
"3314",2016,"0624",3.705,15541,1883,781,18205,691,354,123,214,81,82,,15,58,87.055
"3314",2017,"0624",4.9,15817,1957,788,18562,565,227,,217,92,88,,10,69,92.155
"3314",2018,"0624",4.9,16072,2048,806,18926,577,233,,215,96,102,,16,75,86.12
"3314",2019,"0624",5.1,16145,2125,847,19117,559,229,,215,102,101,12,17,72,89.945
"3314",2020,"3048",5.7,16348,2209,866,19423,598,244,,228,85,99,12,21,66,101.19
"3314",2021,"3048",5.8,16542,2270,897,19709,637,267,,237,95,81,,18,55,109.05
"3314",2022,"3048",6,16752,2376,916,20044,637,262,,230,97,92,,21,63,111.95
"3314",2023,"3048",5.5,17121,2466,908,20495,655,266,,234,77,98,,22,67,112.805
"3314",2024,"3314",4.8,17278,2572,929,20779,687,334,,209,104,91,,24,59,119
"3314",2025,"3314",5.4,17293,2591,977,20861,675,324,,206,103,90,,28,56,116
"3316",2007,"0623",,10738,1139,712,12589,594,194,84,316,,,,,,
"3316",2008,"0623",4.7,10844,1156,695,12695,622,219,96,307,138,,,,,
"3316",2009,"0623",4.7,11050,1142,680,12872,604,240,101,263,142,71,0,,50,
"3316",2010,"0623",3.8,11051,1183,677,12911,579,234,83,262,143,74,,14,57,
"3316",2011,"0623",3.5,11055,1211,674,12940,604,255,73,276,146,81,,11,66,
"3316",2012,"0623",3.8,11171,1261,684,13116,581,256,72,253,142,77,0,,65,
"3316",2013,"0623",3.1,11308,1348,681,13337,580,254,81,245,141,72,0,,61,
"3316",2014,"0623",1.7,11445,1454,682,13581,574,242,93,239,132,77,0,,64,
"3316",2015,"0623",1.995,11454,1555,676,13685,530,205,102,223,130,66,0,,56,84.155
"3316",2016,"0623",2.715,11518,1616,660,13794,561,226,103,232,134,70,0,,57,88.76
"3316",2017,"0623",2.9,11456,1663,667,13786,581,272,,212,132,67,,,54,94.225
"3316",2018,"0623",3.9,11484,1719,677,13880,571,282,,204,125,91,,,67,92.86
"3316",2019,"0623",5.6,11484,1809,687,13980,604,290,,207,127,92,,,70,94.915
"3316",2020,"3047",6.5,11564,1853,698,14115,620,290,,216,100,94,,,69,95.085
"3316",2021,"3047",6.4,11514,1941,711,14166,642,293,,206,101,89,,30,33,90.075
"3316",2022,"3047",6.4,11514,2065,694,14273,683,316,,209,100,89,,,61,83.795
"3316",2023,"3047",6.3,11693,2101,733,14527,688,320,,205,108,86,,,66,78.905
"3316",2024,"3316",6.8,11759,2143,763,14665,725,319,,229,106,92,,,72,79
"3316",2025,"3316",6.5,11687,2167,810,14664,796,359,,255,107,84,,,63,83
"3318",2007,"0622",,1811,184,125,2120,126,47,32,47,,,,,,
"3318",2008,"0622",5.4,1778,197,123,2098,137,42,29,66,6,,,,,
"3318",2009,"0622",4.2,1781,210,123,2114,141,58,33,50,6,22,0,5,12,
"3318",2010,"0622",3.6,1793,202,122,2117,158,76,32,50,6,23,0,,18,
"3318",2011,"0622",1.8,1833,204,127,2164,113,57,15,41,,27,0,,24,
"3318",2012,"0622",1.9,1843,218,125,2186,113,62,12,39,,21,0,,18,
"3318",2013,"0622",2.2,1884,218,121,2223,114,51,21,42,,18,0,,10,
"3318",2014,"0622",1.9,1908,240,117,2265,121,61,21,39,,21,,,17,
"3318",2015,"0622",1.785,1893,259,116,2268,108,54,20,34,0,21,0,,17,9.75
"3318",2016,"0622",2.095,1885,274,116,2275,110,57,19,34,0,19,0,,14,10.36
"3318",2017,"0622",2,1856,289,112,2257,127,61,,42,7,18,,,8,10.89
"3318",2018,"0622",2.4,1869,297,111,2277,116,50,,42,7,20,,,14,10.19
"3318",2019,"0622",2.4,1828,297,114,2239,124,56,,42,8,17,,,7,11.755
"3318",2020,"3046",1.8,1794,311,107,2212,106,38,,42,9,16,,,16,14.035
"3318",2021,"3046",2,1798,309,112,2219,113,52,,36,8,21,,,18,13.045
"3318",2022,"3046",1.7,1747,321,121,2189,127,61,,36,7,15,,,12,13.85
"3318",2023,"3046",2.1,1758,341,112,2211,133,65,,37,6,11,,,5,14.05
"3318",2024,"3318",1.9,1787,348,106,2241,133,64,,39,5,17,,,14,15
"3318",2025,"3318",1.7,1757,355,123,2235,140,72,,32,6,18,,,14,17
"3320",2007,"0615",,783,135,71,989,65,23,10,32,,,,,,
"3320",2008,"0615",3.4,764,129,81,974,67,27,11,29,,,,,,
"3320",2009,"0615",3.1,794,134,83,1011,49,11,7,31,,8,0,,,
"3320",2010,"0615",4.1,781,132,85,998,46,7,10,29,,9,0,,5,
"3320",2011,"0615",3.6,777,140,83,1000,50,10,13,27,,8,0,,,
"3320",2012,"0615",3.2,811,144,79,1034,44,7,13,24,,7,0,,,
"3320",2013,"0615",1.9,836,140,74,1050,71,32,13,26,,8,0,,,
"3320",2014,"0615",1.7,813,143,77,1033,79,38,15,26,,10,0,,7,
"3320",2015,"0615",2.2,811,139,83,1033,80,43,10,27,,8,0,,6,8.835
"3320",2016,"0615",3.4,849,141,84,1074,77,38,12,27,0,10,0,,7,9.83
"3320",2017,"0615",2.3,855,139,87,1081,79,39,,25,0,9,,,,9.83
"3320",2018,"0615",2.1,843,144,82,1069,82,40,,30,0,13,,,5,12.195
"3320",2019,"0615",2.1,823,150,79,1052,92,46,,29,0,13,,,5,14.745
"3320",2020,"3039",2.6,811,159,80,1050,68,24,,23,0,9,,,5,15.015
"3320",2021,"3039",2.5,814,153,82,1049,59,21,,24,0,7,,,,14.245
"3320",2022,"3039",3.1,821,155,81,1057,63,18,,32,0,12,,,,14.215
"3320",2023,"3039",3.2,859,154,84,1097,61,19,,27,0,11,,,5,15.005
"3320",2024,"3320",2.4,883,152,80,1115,67,23,,26,0,13,,,5,15
"3320",2025,"3320",3.1,878,160,79,1117,71,25,,28,0,10,,,,12
"3322",2007,"0616",,2838,370,248,3456,201,56,36,109,,,,,,
"3322",2008,"0616",4,2839,377,243,3459,205,59,29,117,56,,,,,
"3322",2009,"0616",5.3,2850,359,252,3461,187,58,27,102,54,,,,,
"3322",2010,"0616",5.6,2810,365,245,3420,201,63,28,110,56,,,,,
"3322",2011,"0616",6.9,2842,358,245,3445,197,68,27,102,65,,,,,
"3322",2012,"0616",6.9,2847,355,250,3452,198,80,22,96,64,,,,,
"3322",2013,"0616",10.2,2819,371,245,3435,203,87,27,89,71,,,,,
"3322",2014,"0616",10.8,2816,391,238,3445,209,90,28,91,64,,,,,
"3322",2015,"0616",11.81,2760,412,242,3414,228,103,33,92,64,,,,,26.915
"3322",2016,"0616",13.195,2742,450,230,3422,221,114,21,86,147,,,,,25.06
"3322",2017,"0616",10.6,2679,452,226,3357,193,92,,78,62,,,,,25.22
"3322",2018,"0616",9.4,2637,484,220,3341,209,99,,81,63,,,,,27.895
"3322",2019,"0616",7.3,2583,511,221,3315,239,107,,99,67,,,,,29.785
"3322",2020,"3040",6.3,2527,519,227,3273,212,83,,96,70,,,,,33.965
"3322",2021,"3040",5.4,2494,534,234,3262,212,93,,87,68,,,,,32.95
"3322",2022,"3040",7.8,2496,560,217,3273,212,100,,76,63,,,,,29.115
"3322",2023,"3040",9,2509,571,219,3299,219,90,,94,63,,,,,28.195
"3322",2024,"3322",7.5,2491,595,215,3301,176,77,,70,58,,,,,29
"3322",2025,"3322",4.8,2429,605,232,3266,149,70,,53,49,,,,,33
"3324",2007,"0617",,3718,441,276,4435,176,57,28,91,,,,,,
"3324",2008,"0617",6,3722,441,276,4439,197,66,39,92,25,,,,,
"3324",2009,"0617",9,3790,450,276,4516,214,80,42,92,24,38,0,,30,
"3324",2010,"0617",7.5,3762,450,267,4479,226,90,45,91,23,31,0,5,26,
"3324",2011,"0617",5.3,3837,471,264,4572,219,91,40,88,38,31,0,8,23,
"3324",2012,"0617",5.5,3832,490,259,4581,379,236,54,89,35,30,0,7,23,
"3324",2013,"0617",5.3,3893,518,256,4667,203,75,37,91,32,29,0,5,24,
"3324",2014,"0617",4.7,3825,540,266,4631,186,75,34,77,30,31,0,6,25,
"3324",2015,"0617",3.975,3772,552,264,4588,196,80,36,80,31,31,0,8,23,21.505
"3324",2016,"0617",4.085,3721,591,266,4578,195,80,36,79,24,27,0,,21,18.18
"3324",2017,"0617",5.5,3730,615,267,4612,214,100,,80,32,30,,,22,15.96
"3324",2018,"0617",4,3679,610,277,4566,226,102,,81,34,27,,,21,16.105
"3324",2019,"0617",3.3,3680,618,278,4576,260,124,,90,34,28,,,21,18.1
"3324",2020,"3041",4.3,3688,633,287,4608,248,115,,86,42,29,,,22,16.155
"3324",2021,"3041",3.1,3702,637,297,4636,244,114,,87,42,22,,5,15,16.87
"3324",2022,"3041",3.1,3730,633,304,4667,224,96,,84,24,25,,7,15,19.015
"3324",2023,"3041",4,3815,646,306,4767,243,99,,95,23,29,,,22,18.985
"3324",2024,"3324",3.7,3992,664,330,4986,255,102,,98,30,29,,,21,19
"3324",2025,"3324",3.6,3889,658,341,4888,242,95,,101,55,24,,5,16,22
"3326",2007,"0618",,1719,151,93,1963,41,8,10,23,,,,,,
"3326",2008,"0618",3.1,1723,157,88,1968,49,10,11,28,7,,,,,
"3326",2009,"0618",4.1,1745,158,92,1995,61,16,15,30,7,19,0,,10,
"3326",2010,"0618",4,1830,163,94,2087,57,20,12,25,7,17,0,,9,
"3326",2011,"0618",4.2,1883,166,91,2140,61,22,15,24,7,16,0,,7,
"3326",2012,"0618",4.4,1960,173,95,2228,52,19,11,22,7,17,0,,7,
"3326",2013,"0618",3.7,1951,183,90,2224,65,30,13,22,7,17,0,,8,
"3326",2014,"0618",3.9,2005,200,90,2295,74,36,15,23,7,15,0,,10,
"3326",2015,"0618",3.88,2046,203,95,2344,106,55,20,31,8,17,0,,8,10.945
"3326",2016,"0618",3.905,2108,218,96,2422,106,57,18,31,8,20,0,,10,10.765
"3326",2017,"0618",3.4,2117,218,107,2442,109,57,,34,8,20,,,11,10.82
"3326",2018,"0618",3.4,2123,224,110,2457,79,23,,35,8,21,,,12,12.185
"3326",2019,"0618",4.2,2135,230,116,2481,101,43,,33,7,17,,,9,13.865
"3326",2020,"3042",4.1,2138,238,110,2486,85,34,,29,6,19,,,12,13.18
"3326",2021,"3042",3,2188,253,105,2546,85,28,,33,7,18,,,12,16.025
"3326",2022,"3042",2.9,2242,262,107,2611,90,30,,35,5,19,,,11,16.835
"3326",2023,"3042",3.2,2267,263,115,2645,76,26,,28,7,18,,,10,15.855
"3326",2024,"3326",2.7,2283,272,111,2666,77,24,,36,12,18,,,8,13
"3326",2025,"3326",3.4,2286,282,117,2685,69,19,,32,11,17,,,8,11
"3328",2007,"0619",,3875,463,304,4642,209,67,36,106,,,,,,
"3328",2008,"0619",4.1,3920,464,302,4686,192,72,27,93,10,,,,,
"3328",2009,"0619",4.5,3882,452,306,4640,200,75,32,93,10,43,0,,36,
"3328",2010,"0619",5.3,3902,463,307,4672,215,82,30,103,10,45,0,,40,
"3328",2011,"0619",4,3943,457,313,4713,217,92,31,94,6,35,0,,31,
"3328",2012,"0619",4.7,3967,471,303,4741,188,68,26,94,32,42,0,,33,
"3328",2013,"0619",4.6,3970,482,309,4761,228,68,37,123,30,41,0,,33,
"3328",2014,"0619",4.1,3896,510,307,4713,221,64,43,114,28,45,0,,39,
"3328",2015,"0619",3.885,3867,546,303,4716,219,69,36,114,11,40,0,,20,43.16
"3328",2016,"0619",5.29,3832,568,311,4711,207,63,36,108,11,37,0,,32,41.36
"3328",2017,"0619",7,3828,574,317,4719,210,65,,109,31,32,,6,26,39.86
"3328",2018,"0619",4.8,3724,586,316,4626,207,68,,103,35,36,,,31,37.965
"3328",2019,"0619",4.4,3753,608,310,4671,217,70,,116,35,32,,,26,34.77
"3328",2020,"3043",4.6,3728,636,310,4674,209,74,,105,36,28,,,20,31.91
"3328",2021,"3043",5.5,3677,670,301,4648,197,73,,94,34,27,,,20,34.84
"3328",2022,"3043",4.6,3664,692,294,4650,188,71,,93,35,34,,8,26,28.11
"3328",2023,"3043",5.3,3837,726,299,4862,179,67,,83,35,34,,7,27,26.085
"3328",2024,"3328",6.1,3954,742,311,5007,166,64,,64,35,33,,8,25,31
"3328",2025,"3328",5.3,3769,755,311,4835,165,62,,68,35,33,,8,17,25
"3330",2007,"0620",,3777,416,282,4475,216,57,53,106,,,,,,
"3330",2008,"0620",3,3752,411,275,4438,223,67,53,103,9,,,,,
"3330",2009,"0620",5.1,3739,416,275,4430,243,72,61,110,9,48,0,5,43,
"3330",2010,"0620",4.7,3728,423,271,4422,226,67,55,104,6,38,0,5,33,
"3330",2011,"0620",4.5,3769,431,253,4453,226,67,52,107,10,40,0,8,32,
"3330",2012,"0620",2.8,3731,467,259,4457,232,62,56,114,8,46,,6,38,
"3330",2013,"0620",2.8,3690,490,268,4448,247,67,59,121,22,32,,6,23,
"3330",2014,"0620",5.2,3665,523,264,4452,244,63,62,119,22,31,0,,20,
"3330",2015,"0620",4.595,3646,555,270,4471,232,56,53,123,29,35,,6,26,24.065
"3330",2016,"0620",4.405,3668,572,257,4497,237,70,51,116,29,33,0,,24,24.23
"3330",2017,"0620",5.5,3670,612,253,4535,227,62,,115,28,34,,,24,24.265
"3330",2018,"0620",7.3,3639,632,249,4520,230,74,,107,31,33,,,24,28.005
"3330",2019,"0620",5.4,3591,632,250,4473,233,73,,106,39,30,,8,12,27.06
"3330",2020,"3044",5.3,3542,652,247,4441,214,68,,98,,26,,,16,25.995
"3330",2021,"3044",4.7,3520,671,243,4434,192,69,,80,,38,,11,15,22.085
"3330",2022,"3044",4.3,3546,708,250,4504,223,95,,76,,36,,13,15,22.12
"3330",2023,"3044",4.7,3538,722,246,4506,253,111,,85,,35,,12,15,17.19
"3330",2024,"3330",3.2,3514,727,255,4496,245,114,,74,,33,,11,19,24
"3330",2025,"3330",4.5,3529,719,279,4527,230,102,,71,26,33,,11,15,33
"3332",2007,"0621",,2876,357,263,3496,212,55,39,118,,,,,,
"3332",2008,"0621",2.5,2912,343,269,3524,226,67,36,123,,,,,,
"3332",2009,"0621",2.3,2916,351,267,3534,238,73,40,125,,36,0,,32,
"3332",2010,"0621",2.5,2916,338,260,3514,235,62,43,130,,37,0,,32,
"3332",2011,"0621",2,2906,356,262,3524,236,69,38,129,,37,0,,20,
"3332",2012,"0621",2.4,2903,371,261,3535,227,66,41,120,,35,0,,17,
"3332",2013,"0621",2.3,2901,386,251,3538,228,72,42,114,,33,0,,17,
"3332",2014,"0621",1.8,2867,405,237,3509,239,85,47,107,6,35,0,5,30,
"3332",2015,"0621",2.2,2854,441,225,3520,229,76,41,112,6,31,0,5,26,22.94
"3332",2016,"0621",2.02,2858,435,219,3512,223,96,33,94,6,34,0,5,29,24.765
"3332",2017,"0621",1.8,2835,457,210,3502,209,97,,81,,28,,,21,25.79
"3332",2018,"0621",1.9,2801,485,202,3488,196,79,,78,,31,,,25,26.13
"3332",2019,"0621",2.3,2775,505,210,3490,168,63,,71,,30,,,26,25.105
"3332",2020,"3045",3,2732,525,210,3467,225,107,,78,,33,,,27,25.87
"3332",2021,"3045",2.7,2692,554,219,3465,213,108,,73,,28,,,20,26.095
"3332",2022,"3045",2.5,2684,576,232,3492,209,106,,72,,29,,,22,29.995
"3332",2023,"3045",2.9,2661,595,223,3479,210,99,,70,,30,,,20,30.19
"3332",2024,"3332",2.9,2698,591,237,3526,187,88,,62,,31,,8,23,31
"3332",2025,"3332",2.4,2683,592,255,3530,222,108,,68,4,26,,,21,31
"3334",2007,"0631",,2127,248,148,2523,159,57,39,63,,,,,,
"3334",2008,"0631",1.8,2127,247,147,2521,154,56,30,68,21,,,,,
"3334",2009,"0631",1.8,2156,246,142,2544,161,62,30,69,21,17,0,,13,
"3334",2010,"0631",2,2183,249,146,2578,167,71,25,71,21,20,0,,14,
"3334",2011,"0631",1.9,2190,248,154,2592,160,71,26,63,22,19,0,,15,
"3334",2012,"0631",2,2231,262,145,2638,161,73,27,61,21,20,0,,17,
"3334",2013,"0631",2.8,2231,272,154,2657,175,85,34,56,20,18,0,,16,
"3334",2014,"0631",2.6,2247,291,145,2683,182,97,35,50,23,18,0,,16,
"3334",2015,"0631",2.4,2227,304,140,2671,171,93,31,47,23,17,0,,15,14.63
"3334",2016,"0631",4.12,2244,319,136,2699,158,78,34,46,22,15,0,,13,15.325
"3334",2017,"0631",2.2,2220,340,136,2696,167,91,,47,22,14,,,9,18.27
"3334",2018,"0631",2.2,2194,357,137,2688,169,91,,47,23,14,,,8,17.84
"3334",2019,"0631",1.7,2193,366,135,2694,175,96,,48,24,14,,,7,17.98
"3334",2020,"3050",1.8,2181,366,141,2688,182,95,,48,9,17,,,9,17.215
"3334",2021,"3050",1.5,2194,377,142,2713,171,85,,49,9,16,,,8,15.06
"3334",2022,"3050",1.5,2178,401,141,2720,164,85,,49,8,17,,,9,16.845
"3334",2023,"3050",1.7,2178,404,155,2737,144,74,,41,9,19,,5,14,16.885
"3334",2024,"3334",2.9,2214,411,156,2781,96,26,,44,8,17,,5,12,17
"3334",2025,"3334",3.5,2209,420,168,2797,123,55,,41,9,12,,,5,21
"3336",2007,"0632",,1148,135,119,1402,106,39,17,50,,,,,,
"3336",2008,"0632",5.6,1161,142,116,1419,104,41,17,46,,,,,,
"3336",2009,"0632",3.2,1159,147,112,1418,94,41,15,38,5,25,0,,21,
"3336",2010,"0632",3.4,1130,156,104,1390,107,49,16,42,6,23,0,,20,
"3336",2011,"0632",3.2,1113,158,111,1382,105,43,15,47,,22,0,,18,
"3336",2012,"0632",3,1112,158,113,1383,103,43,15,45,,19,0,,12,
"3336",2013,"0632",2.7,1077,165,113,1355,109,45,18,46,,20,0,,13,
"3336",2014,"0632",2.5,1078,175,116,1369,134,68,23,43,,23,0,,17,
"3336",2015,"0632",3.195,1072,185,118,1375,121,56,20,45,0,15,0,,11,13.13
"3336",2016,"0632",3.12,1106,187,111,1404,115,53,22,40,0,16,0,,12,13.795
"3336",2017,"0632",3.8,1097,197,105,1399,126,61,,43,0,16,,,9,12.86
"3336",2018,"0632",3.5,1104,201,106,1411,128,62,,42,0,13,,,13,12.9
"3336",2019,"0632",2.7,1103,206,110,1419,122,58,,40,0,15,,,,13.12
"3336",2020,"3051",2.7,1068,215,107,1390,127,58,,42,0,13,,,,12.945
"3336",2021,"3051",3.2,1057,221,108,1386,118,43,,49,0,11,,,,12.825
"3336",2022,"3051",2.7,1028,225,117,1370,116,45,,47,0,11,,,7,12.9
"3336",2023,"3051",2.4,1023,226,117,1366,120,48,,50,0,14,,,10,14.765
"3336",2024,"3336",2,1030,245,120,1395,123,56,,47,0,16,,,9,15
"3336",2025,"3336",2.2,1041,251,122,1414,124,52,,48,7,15,,,11,14
"3338",2007,"0633",,2044,288,194,2526,138,29,32,77,,,,,,
"3338",2008,"0633",4.2,2058,282,194,2534,144,34,33,77,21,,,,,
"3338",2009,"0633",2.9,2024,289,190,2503,159,57,31,71,19,33,0,,22,
"3338",2010,"0633",2.1,2048,282,184,2514,179,75,33,71,21,25,0,,11,
"3338",2011,"0633",5.4,2063,276,185,2524,196,83,36,77,24,27,0,,14,
"3338",2012,"0633",7.1,2068,289,183,2540,183,69,41,73,22,30,0,,14,
"3338",2013,"0633",7.7,2044,303,184,2531,207,81,45,81,24,28,0,,13,
"3338",2014,"0633",9.7,2057,315,185,2557,196,82,37,77,21,27,0,,14,
"3338",2015,"0633",11.295,2045,308,188,2541,189,73,37,79,22,23,0,,12,15.34
"3338",2016,"0633",10.775,2047,314,187,2548,179,68,36,75,,30,0,5,25,10.74
"3338",2017,"0633",9.6,2014,336,180,2530,176,67,,70,,27,,,13,10.04
"3338",2018,"0633",7.4,1966,339,177,2482,179,74,,67,,31,,,14,10.98
"3338",2019,"0633",6,1922,353,173,2448,181,69,,69,,32,,,19,15.935
"3338",2020,"3052",4.1,1902,361,176,2439,155,56,,63,0,32,,,17,13.165
"3338",2021,"3052",6,1860,371,181,2412,148,54,,54,0,35,,,20,14.775
"3338",2022,"3052",5,1882,387,186,2455,165,69,,55,,24,,,10,14.87
"3338",2023,"3052",5.5,1913,400,173,2486,169,68,,55,,17,,,12,11.02
"3338",2024,"3338",6.3,1908,412,166,2486,161,61,,57,,17,,,12,13
"3338",2025,"3338",8.4,1873,420,173,2466,127,38,,54,7,17,,,8,14
"3401",2007,"0402",,14621,1767,848,17236,698,275,155,268,,,,,,
"3401",2008,"0402",2.8,14715,1775,871,17361,714,293,152,269,36,,,,,
"3401",2009,"0402",3.5,14660,1800,866,17326,740,313,150,277,61,127,,22,101,
"3401",2010,"0402",3.5,14674,1858,845,17377,717,305,143,269,61,136,,27,103,
"3401",2011,"0402",3.5,14674,1916,846,17436,743,321,137,285,60,146,,30,107,
"3401",2012,"0402",2.9,14652,2015,855,17522,827,389,148,290,75,152,,24,118,
"3401",2013,"0402",3.3,14648,2110,880,17638,813,374,153,286,74,142,,29,102,
"3401",2014,"0402",3.3,14700,2224,901,17825,812,365,169,278,71,139,,28,102,
"3401",2015,"0402",3.295,14627,2326,928,17881,830,354,169,307,71,140,,27,101,88.535
"3401",2016,"0402",3.375,14434,2461,940,17835,856,381,180,295,78,144,,30,104,83.245
"3401",2017,"0402",3.3,14359,2572,926,17857,879,405,,287,80,149,,36,99,90.88
"3401",2018,"0402",3.9,14320,2688,926,17934,893,430,,280,85,143,,31,96,92.855
"3401",2019,"0402",3.9,14159,2725,939,17823,931,450,,281,78,143,,38,91,101.86
"3401",2020,"3401",4.1,14060,2814,955,17829,963,470,,280,72,140,13,43,84,103.2
"3401",2021,"3401",3.8,13967,2900,984,17851,1011,506,,281,91,140,12,35,93,98.22
"3401",2022,"3401",3.3,13983,2959,1007,17949,1032,524,,280,86,140,14,32,94,104.1
"3401",2023,"3401",3.2,13945,2968,1053,17966,1021,509,,289,87,141,11,40,90,92.885
"3401",2024,"3401",2.7,13981,2984,1093,18058,1032,511,,295,82,148,8,40,100,99
"3401",2025,"3401",3.4,13983,2977,1149,18109,1004,487,,296,106,157,8,41,108,101
"3403",2007,"0403",,23292,2903,1714,27909,1353,502,238,613,,,,,,
"3403",2008,"0403",4.4,23379,2850,1747,27976,1366,515,230,621,167,,,,,
"3403",2009,"0403",4.6,23614,2826,1771,28211,1490,600,237,653,163,213,,24,173,
"3403",2010,"0403",4.8,23701,2836,1807,28344,1487,591,223,673,162,209,,25,172,
"3403",2011,"0403",4.5,23907,2897,1858,28662,1548,663,238,647,172,220,,28,182,
"3403",2012,"0403",4.2,24197,3000,1848,29045,1545,684,237,624,181,212,,34,166,
"3403",2013,"0403",3.9,24373,3140,1840,29353,1545,677,243,625,178,224,,37,178,
"3403",2014,"0403",3.7,24356,3338,1826,29520,1513,639,251,623,176,227,12,34,181,
"3403",2015,"0403",3.89,24476,3537,1834,29847,1615,747,253,615,183,214,11,34,169,236.28
"3403",2016,"0403",4.18,24588,3731,1801,30120,1559,741,254,564,205,229,6,38,185,244.675
"3403",2017,"0403",4.2,24878,3949,1771,30598,1547,740,,548,206,220,10,41,169,249.685
"3403",2018,"0403",4.3,25085,4116,1729,30930,1533,731,,531,215,218,13,38,167,250.29
"3403",2019,"0403",4.2,25212,4199,1733,31144,1449,681,,505,230,250,,52,183,259.565
"3403",2020,"3403",4.3,25228,4362,1779,31369,1445,668,,493,240,271,17,53,201,266.315
"3403",2021,"3403",4,25225,4492,1792,31509,1458,666,,494,241,252,17,52,183,268.29
"3403",2022,"3403",3.8,25547,4619,1833,31999,1487,703,,485,237,247,12,52,183,264.475
"3403",2023,"3403",3.7,25741,4772,1869,32382,1486,707,,477,270,249,,48,190,253.18
"3403",2024,"3403",3.5,26105,4812,1962,32879,1487,699,,470,266,236,,56,173,249
"3403",2025,"3403",3.7,26559,4872,2010,33441,1464,666,,484,254,222,,48,163,252
"3405",2007,"0501",,21630,2511,1396,25537,867,322,143,402,,,,,,
"3405",2008,"0501",4.1,21832,2545,1399,25776,898,337,142,419,233,,,,,
"3405",2009,"0501",3.1,22164,2542,1398,26104,960,361,164,435,246,212,,35,166,
"3405",2010,"0501",3.2,22359,2626,1396,26381,970,374,172,424,245,218,,39,166,
"3405",2011,"0501",3.2,22504,2663,1404,26571,983,420,165,398,89,214,,45,161,
"3405",2012,"0501",3.2,22573,2769,1423,26765,1001,417,188,396,80,211,,46,155,
"3405",2013,"0501",3.2,22529,2896,1425,26850,1042,432,197,413,181,212,,42,157,
"3405",2014,"0501",3.2,22591,3007,1430,27028,1053,456,191,406,240,208,,36,157,
"3405",2015,"0501",3.385,22739,3136,1425,27300,1069,469,179,421,231,209,,41,153,150.55
"3405",2016,"0501",2.905,22820,3226,1430,27476,1198,588,180,430,137,195,,42,143,139.05
"3405",2017,"0501",3,23007,3343,1431,27781,1278,607,,443,85,211,,53,147,133.98
"3405",2018,"0501",3.3,23061,3414,1463,27938,1367,660,,457,103,214,,45,158,140.32
"3405",2019,"0501",3.1,23058,3482,1483,28023,1438,709,,474,123,216,,52,156,155.915
"3405",2020,"3405",3.9,23243,3584,1518,28345,1318,586,,457,124,206,,47,152,155.58
"3405",2021,"3405",3.7,23254,3652,1587,28493,1254,525,,470,123,203,,48,149,142.37
"3405",2022,"3405",3.3,23062,3762,1601,28425,1256,515,,475,111,197,,43,149,128.055
"3405",2023,"3405",3.1,23104,3820,1636,28560,1335,552,,488,114,209,,45,156,129.525
"3405",2024,"3405",2.9,23154,3918,1696,28768,1378,584,,498,117,204,,53,142,134
"3405",2025,"3405",2.7,23256,3997,1758,29011,1354,563,,493,117,205,11,42,152,150
"3407",2007,"0502",,23717,2716,1498,27931,1224,440,223,561,,,,,,
"3407",2008,"0502",3.8,24080,2692,1529,28301,1218,443,202,573,130,,,,,
"3407",2009,"0502",4.1,24352,2713,1546,28611,1273,522,228,523,153,152,,25,116,
"3407",2010,"0502",4.5,24497,2763,1547,28807,1342,546,235,561,177,139,,22,108,
"3407",2011,"0502",4.9,24568,2858,1548,28974,1379,572,234,573,165,138,,24,105,
"3407",2012,"0502",4.7,24717,2936,1549,29202,1450,629,249,572,164,127,,27,93,
"3407",2013,"0502",4.8,24831,3075,1501,29407,1481,655,239,587,179,123,,28,90,
"3407",2014,"0502",4.7,24943,3244,1481,29668,1539,675,291,573,175,125,,24,95,
"3407",2015,"0502",4.91,25221,3388,1454,30063,1620,703,338,579,220,132,,25,101,178.065
"3407",2016,"0502",5.215,25178,3510,1449,30137,1585,706,324,555,226,115,,26,81,183.84
"3407",2017,"0502",6.3,25236,3625,1458,30319,1748,781,,610,237,100,,22,72,183.47
"3407",2018,"0502",6.3,25455,3754,1433,30642,1812,824,,608,236,93,,22,67,193.91
"3407",2019,"0502",6.1,25378,3854,1444,30676,1863,857,,586,265,93,,23,66,205.065
"3407",2020,"3407",7.1,25148,3960,1452,30560,1850,874,,592,271,88,,21,62,208.75
"3407",2021,"3407",6.6,24863,4010,1522,30395,1880,884,,590,280,97,,27,64,215.06
"3407",2022,"3407",6.1,24639,4075,1553,30267,1945,946,,600,274,107,,31,71,214.91
"3407",2023,"3407",4.9,24855,4113,1595,30563,1983,999,,589,283,103,,21,74,213.245
"3407",2024,"3407",3.9,25062,4138,1703,30903,2001,961,,637,283,104,,27,70,212
"3407",2025,"3407",3.3,25200,4210,1765,31175,2071,1011,,669,283,89,,20,61,219
"3411",2007,"0412",,27301,3070,1603,31974,1284,508,235,541,,,,,,
"3411",2008,"0412",3.2,27472,3065,1607,32144,1263,516,236,511,150,,,,,
"3411",2009,"0412",3.2,27663,3132,1607,32402,1254,523,237,494,156,307,,63,222,
"3411",2010,"0412",3.2,27761,3179,1584,32524,1277,524,255,498,152,296,,66,210,
"3411",2011,"0412",3.3,28023,3243,1576,32842,1261,557,228,476,154,296,,63,215,
"3411",2012,"0412",2.4,28229,3371,1591,33191,1286,596,232,458,156,292,,63,211,
"3411",2013,"0412",2.3,28304,3503,1599,33406,1308,614,237,457,150,281,,61,200,
"3411",2014,"0412",2.4,28192,3674,1597,33463,1309,594,238,477,126,277,,51,209,
"3411",2015,"0412",2.31,28164,3810,1629,33603,1271,555,259,457,126,288,,58,211,217.04
"3411",2016,"0412",2.31,27979,3987,1631,33597,1398,568,309,521,89,282,,58,207,224.71
"3411",2017,"0412",2.7,28091,4140,1611,33842,1452,622,,513,87,273,,62,124,219.56
"3411",2018,"0412",2.8,28230,4283,1638,34151,1496,695,,485,85,277,,60,201,233.52
"3411",2019,"0412",3.2,28465,4360,1663,34488,1518,728,,474,93,268,,55,199,239.08
"3411",2020,"3411",2.7,28650,4445,1673,34768,1634,754,,527,85,257,,56,183,247.13
"3411",2021,"3411",2.4,28640,4558,1699,34897,1731,897,,493,86,233,,59,158,241.79
"3411",2022,"3411",2.3,28733,4613,1727,35073,1745,913,,463,92,221,,49,156,246.805
"3411",2023,"3411",1.9,29005,4703,1767,35475,1868,987,,493,107,217,,50,148,251.045
"3411",2024,"3411",2,29026,4764,1822,35612,1793,912,,491,91,229,,52,156,248
"3411",2025,"3411",1.9,29153,4826,1932,35911,1824,903,,524,89,230,,61,150,251
"3412",2007,"0415",,6220,655,417,7292,355,162,40,153,,,,,,
"3412",2008,"0415",2,6176,652,423,7251,360,158,37,165,9,,,,,
"3412",2009,"0415",2,6179,665,411,7255,397,195,47,155,8,72,0,,53,
"3412",2010,"0415",2.1,6176,700,396,7272,382,189,62,131,8,72,0,21,31,
"3412",2011,"0415",3.1,6242,736,375,7353,402,200,75,127,8,72,0,20,32,
"3412",2012,"0415",3.1,6317,795,365,7477,418,230,66,122,6,64,0,,47,
"3412",2013,"0415",2.6,6304,822,353,7479,483,261,81,141,13,70,0,,57,
"3412",2014,"0415",2.4,6327,857,362,7546,486,279,69,138,12,67,0,,52,
"3412",2015,"0415",2.12,6299,900,353,7552,449,249,70,130,13,64,0,,47,42.885
"3412",2016,"0415",2.975,6305,927,356,7588,418,224,68,126,11,61,0,,44,45.64
"3412",2017,"0415",2.4,6308,974,351,7633,417,229,,114,12,62,,,44,47.84
"3412",2018,"0415",2.3,6255,1018,342,7615,380,218,,93,,67,6,14,47,51.93
"3412",2019,"0415",2.7,6283,1032,348,7663,403,219,,100,,66,,,50,54.77
"3412",2020,"3412",3,6259,1058,357,7674,385,215,,90,11,55,,15,23,55.58
"3412",2021,"3412",3.4,6186,1081,358,7625,377,198,,86,12,56,,21,22,55.335
"3412",2022,"3412",3.1,6248,1104,363,7715,396,204,,106,12,55,,17,35,59.67
"3412",2023,"3412",2.8,6305,1141,390,7836,359,182,,102,11,53,,,38,53.86
"3412",2024,"3412",2.6,6365,1150,414,7929,396,216,,97,11,54,,12,37,54
"3412",2025,"3412",2.5,6308,1169,454,7931,467,265,,114,11,47,,14,30,52
"3413",2007,"0417",,15843,1844,955,18642,777,293,125,359,,,,,,
"3413",2008,"0417",3.5,15941,1862,1018,18821,789,293,119,377,95,,,,,
"3413",2009,"0417",3.2,16084,1857,1041,18982,832,335,139,358,99,144,0,,113,
"3413",2010,"0417",3.2,16219,1849,1036,19104,858,361,141,356,98,143,0,,121,
"3413",2011,"0417",3.2,16239,1893,1022,19154,896,418,127,351,206,135,,25,105,
"3413",2012,"0417",3.1,16223,1960,1007,19190,927,448,139,340,92,143,,21,116,
"3413",2013,"0417",3,16362,2050,995,19407,908,428,149,331,91,126,,23,97,
"3413",2014,"0417",3.3,16585,2153,999,19737,883,436,131,316,96,127,,22,101,
"3413",2015,"0417",3.91,16747,2252,1014,20013,690,286,132,272,80,128,,24,101,118.765
"3413",2016,"0417",3.915,16788,2358,973,20119,710,290,126,294,114,114,,25,87,125.17
"3413",2017,"0417",4.2,16866,2465,986,20317,747,294,,297,111,109,,21,88,141.2
"3413",2018,"0417",5.7,17110,2545,991,20646,693,285,,265,111,109,,,87,155.98
"3413",2019,"0417",5.6,17322,2606,988,20916,1285,817,,267,93,107,,,88,165.105
"3413",2020,"3413",5.2,17392,2677,995,21064,1221,755,,276,91,108,,,84,163.11
"3413",2021,"3413",4.7,17251,2769,1052,21072,1176,706,,287,102,107,,,80,161.87
"3413",2022,"3413",4.7,17209,2876,1071,21156,1138,671,,282,99,109,,,79,162.76
"3413",2023,"3413",4,17319,2957,1080,21356,1339,837,,300,90,117,,33,53,162.885
"3413",2024,"3413",3.7,17491,2992,1122,21605,1672,1102,,338,87,114,,,81,164
"3413",2025,"3413",3.5,17486,3040,1165,21691,1575,1010,,328,141,117,,,86,155
"3414",2007,"0418",,4138,606,311,5055,230,61,54,115,,,,,,
"3414",2008,"0418",5.2,4161,597,333,5091,239,63,56,120,19,,,,,
"3414",2009,"0418",4.3,4172,606,320,5098,316,136,67,113,18,55,0,,44,
"3414",2010,"0418",5,4195,600,323,5118,308,132,63,113,21,56,0,5,51,
"3414",2011,"0418",4.4,4184,597,332,5113,301,128,63,110,28,55,0,,49,
"3414",2012,"0418",4.8,4198,617,326,5141,298,139,56,103,22,61,,9,48,
"3414",2013,"0418",5.1,4228,640,322,5190,280,133,50,97,21,53,0,,45,
"3414",2014,"0418",5,4145,661,312,5118,293,140,54,99,24,51,,11,38,
"3414",2015,"0418",4.975,4116,708,304,5128,283,130,51,102,22,50,0,,39,25.09
"3414",2016,"0418",4.09,4086,737,308,5131,312,140,73,99,22,50,0,,39,27.99
"3414",2017,"0418",4.9,4040,744,316,5100,328,141,,121,28,55,,17,38,35
"3414",2018,"0418",3.6,3990,781,326,5097,305,137,,107,30,52,,15,26,31.11
"3414",2019,"0418",5.7,3917,792,315,5024,309,136,,106,60,44,,15,23,30.905
"3414",2020,"3414",5.6,3894,810,312,5016,346,168,,104,60,50,,14,29,35.96
"3414",2021,"3414",5.4,3878,841,319,5038,304,148,,90,60,47,,12,21,35.9
"3414",2022,"3414",9.6,3846,853,317,5016,297,135,,89,54,49,,,39,38.96
"3414",2023,"3414",8.5,3803,883,324,5010,306,146,,89,38,46,,,36,34.05
"3414",2024,"3414",8.7,3772,897,323,4992,297,145,,90,39,35,,,29,31
"3414",2025,"3414",8.5,3755,915,336,5006,286,145,,85,40,28,,,22,30
"3415",2007,"0419",,6545,768,441,7754,373,135,72,166,,,,,,
"3415",2008,"0419",3.1,6594,757,436,7787,365,134,70,161,28,,,,,
"3415",2009,"0419",3.7,6609,753,433,7795,375,146,74,155,31,63,0,,56,
"3415",2010,"0419",2.5,6596,764,431,7791,425,200,80,145,33,53,0,,46,
"3415",2011,"0419",2.5,6638,768,425,7831,384,174,78,132,19,61,0,,51,
"3415",2012,"0419",6,6664,774,421,7859,415,208,67,140,19,67,0,,58,
"3415",2013,"0419",3.5,6572,801,433,7806,301,100,60,141,18,66,,11,52,
"3415",2014,"0419",3,6571,831,445,7847,304,98,69,137,17,67,,12,52,
"3415",2015,"0419",3.42,6499,863,438,7800,289,88,77,124,18,62,,9,49,38.86
"3415",2016,"0419",3.09,6563,933,405,7901,282,89,72,121,17,53,5,9,39,43.765
"3415",2017,"0419",3,6508,966,392,7866,284,94,,112,16,57,,,44,43.915
"3415",2018,"0419",2.8,6484,1015,385,7884,316,108,,125,19,44,,,34,50.03
"3415",2019,"0419",3.9,6439,1055,385,7879,308,98,,127,20,41,,,29,52.935
"3415",2020,"3415",3.8,6449,1081,375,7905,292,95,,116,19,44,,,30,54.075
"3415",2021,"3415",3.2,6395,1135,384,7914,530,317,,126,15,43,,,32,57.8
"3415",2022,"3415",3.5,6449,1145,384,7978,528,321,,119,15,46,,,35,57.805
"3415",2023,"3415",3.3,6466,1198,405,8069,585,375,,117,15,42,,,29,61.23
"3415",2024,"3415",2.8,6474,1238,400,8112,696,460,,124,15,49,,,41,60
"3415",2025,"3415",2.6,6451,1277,422,8150,786,511,,134,15,43,,,36,64
"3416",2007,"0420",,5220,700,465,6385,443,180,92,171,,,,,,
"3416",2008,"0420",2.5,5232,717,448,6397,457,205,82,170,48,,,,,
"3416",2009,"0420",2.7,5259,702,433,6394,429,195,78,156,47,68,0,,51,
"3416",2010,"0420",2.5,5190,719,418,6327,453,202,83,168,41,70,0,,49,
"3416",2011,"0420",2.2,5155,723,421,6299,444,191,88,165,,72,0,,57,
"3416",2012,"0420",2.5,5136,732,420,6288,471,212,88,171,,49,0,,39,
"3416",2013,"0420",3.7,5118,749,415,6282,501,222,101,178,,53,0,,40,
"3416",2014,"0420",4.1,5061,772,420,6253,497,226,104,167,,44,0,,32,
"3416",2015,"0420",3.18,5007,810,402,6219,505,223,116,166,,46,0,,34,51.215
"3416",2016,"0420",2.71,4895,849,398,6142,510,237,108,165,0,50,0,,42,54.78
"3416",2017,"0420",2.5,4844,895,388,6127,548,266,,174,78,43,,,31,56.655
"3416",2018,"0420",4.1,4840,926,376,6142,575,288,,171,0,47,,9,34,57.145
"3416",2019,"0420",3.5,4771,957,386,6114,556,272,,179,0,54,,14,37,65.24
"3416",2020,"3416",3.8,4721,989,396,6106,586,270,,184,0,42,,10,28,61.015
"3416",2021,"3416",4.4,4661,1038,400,6099,569,271,,170,0,41,,8,29,60.015
"3416",2022,"3416",4.5,4612,1041,379,6032,538,277,,152,0,43,,15,25,56.91
"3416",2023,"3416",3.7,4571,1066,391,6028,573,304,,161,0,36,,12,21,55.24
"3416",2024,"3416",3.1,4548,1076,416,6040,604,335,,158,0,41,,,27,56
"3416",2025,"3416",2.3,4549,1094,416,6059,585,319,,151,104,39,,,24,50
"3417",2007,"0423",,4076,635,441,5152,337,118,49,170,,,,,,
"3417",2008,"0423",4,4031,618,429,5078,308,108,43,157,75,,,,,
"3417",2009,"0423",3.7,4060,591,429,5080,296,111,33,152,50,44,0,,33,
"3417",2010,"0423",5,4062,590,426,5078,297,103,43,151,57,44,0,,38,
"3417",2011,"0423",4.7,4014,595,415,5024,297,110,38,149,61,49,0,,42,
"3417",2012,"0423",4.5,3990,597,416,5003,309,123,36,150,61,44,0,,35,
"3417",2013,"0423",4,3963,624,410,4997,306,121,48,137,58,49,0,,37,
"3417",2014,"0423",4.3,3868,688,392,4948,291,109,49,133,59,53,0,,40,
"3417",2015,"0423",4.215,3753,719,381,4853,308,121,59,128,50,56,0,,41,49.1
"3417",2016,"0423",3.515,3641,747,375,4763,308,119,67,122,50,54,0,,43,49
"3417",2017,"0423",3.4,3612,792,373,4777,328,142,,122,49,48,,,39,49.935
"3417",2018,"0423",3.5,3557,817,366,4740,361,166,,126,50,46,,,34,46.795
"3417",2019,"0423",3.3,3452,844,350,4646,373,188,,118,48,41,,,33,54.045
"3417",2020,"3417",3.3,3405,861,346,4612,373,184,,123,45,37,,,30,51.03
"3417",2021,"3417",2.8,3345,859,341,4545,387,190,,120,41,36,,,28,43.88
"3417",2022,"3417",2.7,3352,847,349,4548,409,201,,118,40,35,,,25,45.945
"3417",2023,"3417",2.8,3362,863,347,4572,438,237,,116,47,33,,,24,43.815
"3417",2024,"3417",3.6,3280,899,353,4532,402,205,,109,46,35,,11,12,45
"3417",2025,"3417",3.2,3248,908,357,4513,403,225,,98,41,30,,9,13,39
"3418",2007,"0425",,6041,981,582,7604,591,179,138,272,,,,,,
"3418",2008,"0425",1.6,6023,966,592,7581,498,157,101,239,56,,,,,
"3418",2009,"0425",2,6019,953,638,7610,452,155,87,210,58,113,0,,94,
"3418",2010,"0425",2.1,5998,980,629,7607,452,151,89,212,57,116,0,,105,
"3418",2011,"0425",4.3,5977,992,628,7597,481,169,85,227,57,117,,17,98,
"3418",2012,"0425",4.1,6000,998,608,7606,512,207,94,211,80,101,,16,83,
"3418",2013,"0425",4.4,5975,1034,591,7600,521,217,98,206,57,88,,14,72,
"3418",2014,"0425",4.2,5894,1099,551,7544,526,234,96,196,65,77,,11,64,
"3418",2015,"0425",3.715,5892,1135,534,7561,553,257,98,198,53,81,,13,64,65.15
"3418",2016,"0425",3.385,5760,1155,541,7456,543,258,96,189,52,78,,15,59,64.43
"3418",2017,"0425",3.7,5624,1179,526,7329,569,263,,191,49,74,,16,54,70.08
"3418",2018,"0425",3.5,5574,1211,494,7279,565,280,,180,48,75,,15,55,74.11
"3418",2019,"0425",3.3,5498,1222,494,7214,578,293,,183,44,77,,,54,76.1
"3418",2020,"3418",3.3,5460,1246,497,7203,602,302,,181,26,85,,,66,77.195
"3418",2021,"3418",4.5,5453,1257,517,7227,661,351,,177,22,73,,,58,78.945
"3418",2022,"3418",4.9,5411,1282,518,7211,664,367,,160,21,80,,,64,80.03
"3418",2023,"3418",4.3,5459,1294,514,7267,655,360,,161,22,75,,,62,85.835
"3418",2024,"3418",3.8,5524,1304,511,7339,699,367,,176,20,71,,,55,78
"3418",2025,"3418",3.7,5382,1338,527,7247,647,318,,187,23,66,,14,37,76
"3419",2007,"0426",,3115,484,278,3877,234,106,49,79,,,,,,
"3419",2008,"0426",3.1,3104,486,279,3869,229,104,40,85,7,,,,,
"3419",2009,"0426",5.2,3128,470,271,3869,221,109,33,79,7,50,0,11,39,
"3419",2010,"0426",7.1,3130,470,270,3870,260,131,39,90,8,45,0,,38,
"3419",2011,"0426",5.7,3125,473,284,3882,277,142,45,90,9,41,0,,32,
"3419",2012,"0426",3.8,3084,482,278,3844,257,123,41,93,9,45,0,,37,
"3419",2013,"0426",3.7,3043,506,277,3826,240,126,33,81,11,39,0,,27,
"3419",2014,"0426",3,2983,543,257,3783,251,133,45,73,9,43,0,,31,
"3419",2015,"0426",2.795,2978,557,255,3790,251,131,37,83,11,33,0,,25,25.8
"3419",2016,"0426",2.78,2943,571,246,3760,207,81,42,84,14,38,0,,27,25.18
"3419",2017,"0426",3.1,2888,608,247,3743,225,81,,92,13,38,,,25,33.16
"3419",2018,"0426",2.9,2817,615,248,3680,231,79,,93,13,40,,,33,35.17
"3419",2019,"0426",3.4,2841,610,254,3705,232,85,,86,13,39,,6,30,31.945
"3419",2020,"3419",3.2,2778,638,246,3662,234,102,,73,12,41,,,35,31.855
"3419",2021,"3419",3.2,2701,646,240,3587,277,151,,73,12,36,,,26,31.865
"3419",2022,"3419",3.4,2679,687,231,3597,287,164,,78,8,38,,,30,30.8
"3419",2023,"3419",3.9,2702,674,249,3625,287,169,,69,8,34,,,31,30.75
"3419",2024,"3419",3.6,2681,686,248,3615,300,176,,69,8,32,,,24,30
"3419",2025,"3419",4,2636,676,247,3559,272,146,,69,9,34,,,28,27
"3420",2007,"0427",,16453,1782,1025,19260,577,253,76,248,,,,,,
"3420",2008,"0427",2.5,16610,1818,1037,19465,719,330,107,282,30,,,,,
"3420",2009,"0427",3.9,16799,1809,1079,19687,984,505,158,321,30,178,0,,150,
"3420",2010,"0427",4,16909,1829,1096,19834,667,250,121,296,42,175,,18,148,
"3420",2011,"0427",3.5,16992,1887,1100,19979,690,258,120,312,102,177,,19,149,
"3420",2012,"0427",3.6,17071,1962,1119,20152,701,300,112,289,105,167,6,23,138,
"3420",2013,"0427",4,17174,2041,1128,20343,692,284,122,286,46,175,6,26,143,
"3420",2014,"0427",4.2,17305,2156,1102,20563,704,297,116,291,42,171,0,,142,
"3420",2015,"0427",3.705,17411,2289,1094,20794,717,278,136,303,43,165,0,,134,187.59
"3420",2016,"0427",4.295,17533,2448,1049,21030,713,299,127,287,43,180,,30,145,198.31
"3420",2017,"0427",5.7,17518,2525,1043,21086,750,310,,304,76,163,,28,132,219.195
"3420",2018,"0427",4.9,17503,2576,1044,21123,771,331,,288,78,161,,,132,214.775
"3420",2019,"0427",5.5,17483,2694,1014,21191,809,373,,271,82,158,,,131,209.81
"3420",2020,"3420",5.3,17459,2766,1029,21254,767,311,,293,83,136,,,113,211.925
"3420",2021,"3420",4.7,17398,2846,1048,21292,773,317,,279,82,152,5,32,115,212.825
"3420",2022,"3420",4,17433,2945,1057,21435,810,353,,267,100,157,11,37,109,206.105
"3420",2023,"3420",4.8,17481,3009,1078,21568,846,377,,274,101,148,9,27,112,213.24
"3420",2024,"3420",5.1,17562,3061,1138,21761,902,425,,282,92,158,8,35,115,222
"3420",2025,"3420",4.3,17607,3071,1221,21899,932,417,,317,85,147,7,34,106,211
"3421",2007,"0428",,5483,815,484,6782,306,84,64,158,,,,,,
"3421",2008,"0428",4.4,5430,813,498,6741,352,99,71,182,39,,,,,
"3421",2009,"0428",4.2,5419,819,511,6749,340,94,77,169,45,108,0,,92,
"3421",2010,"0428",4,5438,819,506,6763,307,92,58,157,37,96,0,,84,
"3421",2011,"0428",5,5430,814,510,6754,301,89,65,147,31,93,0,,79,
"3421",2012,"0428",8.5,5415,849,488,6752,291,95,63,133,32,80,0,,66,
"3421",2013,"0428",11.1,5345,870,474,6689,290,89,58,143,,70,0,,57,
"3421",2014,"0428",10.8,5255,893,473,6621,283,90,57,136,9,65,0,,54,
"3421",2015,"0428",8.015,5155,936,478,6569,277,87,60,130,15,62,0,6,56,57.055
"3421",2016,"0428",7.5,5084,977,464,6525,306,86,76,144,16,64,0,7,57,59.205
"3421",2017,"0428",8.1,5089,1002,459,6550,268,83,,120,18,63,,,34,72.875
"3421",2018,"0428",7.7,5067,1051,449,6567,289,89,,123,17,60,,,36,73.845
"3421",2019,"0428",8.3,5102,1071,434,6607,286,85,,132,23,61,,,48,65.85
"3421",2020,"3421",8.1,5108,1082,437,6627,299,84,,131,23,62,,,49,66.835
"3421",2021,"3421",8,5049,1096,435,6580,294,93,,118,22,64,,17,47,63.9
"3421",2022,"3421",6.9,5051,1106,446,6603,299,95,,113,18,60,,16,44,61.945
"3421",2023,"3421",5.6,5027,1123,432,6582,327,105,,123,16,63,,25,38,66.11
"3421",2024,"3421",5.9,5015,1106,445,6566,330,105,,128,17,59,,22,22,61
"3421",2025,"3421",6.9,4986,1089,467,6542,319,104,,125,17,48,,15,20,58
"3422",2007,"0429",,3507,486,291,4284,222,53,54,115,,,,,,
"3422",2008,"0429",4.1,3548,487,294,4329,233,52,61,120,26,,,,,
"3422",2009,"0429",5.8,3511,468,301,4280,207,51,50,106,26,43,0,,33,
"3422",2010,"0429",5.2,3537,461,287,4285,223,56,52,115,27,49,0,12,25,
"3422",2011,"0429",6.2,3563,457,297,4317,218,54,48,116,27,44,0,,32,
"3422",2012,"0429",7.8,3590,461,286,4337,205,60,46,99,31,43,0,,31,
"3422",2013,"0429",6.9,3649,483,255,4387,224,69,52,103,31,41,0,,32,
"3422",2014,"0429",6.2,3688,507,260,4455,216,78,52,86,32,46,0,,40,
"3422",2015,"0429",6.975,3666,523,267,4456,196,58,45,93,32,36,0,,27,39.65
"3422",2016,"0429",6.775,3632,528,269,4429,209,67,55,87,30,35,0,,26,40.62
"3422",2017,"0429",6.5,3715,549,254,4518,217,78,,76,29,36,,,28,46.955
"3422",2018,"0429",7.4,3663,575,242,4480,239,84,,90,33,37,,,31,42.225
"3422",2019,"0429",7.5,3578,574,255,4407,214,67,,83,31,36,,,30,42.755
"3422",2020,"3422",7.5,3499,606,251,4356,216,70,,92,31,34,,,24,44.775
"3422",2021,"3422",6.8,3471,619,248,4338,206,74,,82,28,28,,9,19,43.02
"3422",2022,"3422",7.5,3343,621,231,4195,205,69,,80,39,24,,7,17,38.99
"3422",2023,"3422",7.7,3339,636,238,4213,230,74,,92,38,20,,,14,42.15
"3422",2024,"3422",9.4,3397,639,253,4289,215,73,,85,31,24,,7,11,34
"3422",2025,"3422",9.3,3296,646,263,4205,208,67,,82,32,23,,8,9,33
"3423",2007,"0430",,2149,349,207,2705,225,95,40,90,,,,,,
"3423",2008,"0430",1.7,2131,354,195,2680,231,96,46,89,11,,,,,
"3423",2009,"0430",2,2138,360,191,2689,259,130,34,95,36,32,0,6,26,
"3423",2010,"0430",2,2131,351,197,2679,265,129,47,89,29,33,0,,27,
"3423",2011,"0430",2,2124,358,183,2665,270,137,53,80,36,29,0,7,14,
"3423",2012,"0430",2,2156,357,165,2678,277,130,67,80,5,32,0,,22,
"3423",2013,"0430",3.6,2118,360,163,2641,263,116,69,78,9,32,0,,22,
"3423",2014,"0430",4.3,2153,380,166,2699,237,109,53,75,,27,0,,20,
"3423",2015,"0430",3.22,2058,389,172,2619,223,115,53,55,0,34,0,9,13,19.845
"3423",2016,"0430",2.375,2019,417,164,2600,235,121,50,64,0,35,0,14,11,19.135
"3423",2017,"0430",2.3,1940,422,168,2530,228,117,,65,0,31,,10,12,20.22
"3423",2018,"0430",3.1,1897,419,174,2490,235,124,,70,0,35,,13,18,17.975
"3423",2019,"0430",3.3,1855,419,185,2459,255,135,,77,0,33,,10,23,19.195
"3423",2020,"3423",3,1812,414,193,2419,265,151,,74,0,32,,9,14,17.76
"3423",2021,"3423",4.1,1769,406,203,2378,247,137,,76,0,29,,8,16,16.2
"3423",2022,"3423",3.9,1710,406,202,2318,264,147,,70,7,33,,5,25,19.055
"3423",2023,"3423",3.9,1649,428,204,2281,220,125,,56,7,22,,,14,20.02
"3423",2024,"3423",3.9,1649,431,196,2276,221,120,,60,7,22,,6,10,21
"3423",2025,"3423",4.9,1618,446,186,2250,199,106,,52,41,21,,6,8,16
"3424",2008,"0432",3.6,1574,247,208,2029,149,35,28,86,,,,,,
"3424",2009,"0432",4.2,1564,244,206,2014,150,36,33,81,6,30,0,,22,
"3424",2010,"0432",4.2,1569,245,184,1998,138,39,31,68,6,27,0,,22,
"3424",2011,"0432",5,1545,249,180,1974,133,35,28,70,,28,0,,23,
"3424",2012,"0432",5.5,1519,266,174,1959,122,37,26,59,,26,0,,24,
"3424",2013,"0432",4.8,1473,278,159,1910,135,45,29,61,,29,0,,26,
"3424",2014,"0432",3.8,1417,301,165,1883,133,46,26,61,38,23,0,,20,
"3424",2015,"0432",2.5,1420,309,156,1885,124,42,28,54,0,23,0,,19,13.065
"3424",2016,"0432",2.785,1407,326,148,1881,123,39,28,56,0,19,0,,17,11.19
"3424",2017,"0432",2.8,1394,323,141,1858,121,41,,56,0,21,,,9,13.18
"3424",2018,"0432",4.1,1364,330,133,1827,102,33,,50,0,15,,,7,8.91
"3424",2019,"0432",3.7,1302,355,134,1791,105,36,,46,0,15,,,6,8.9
"3424",2020,"3424",4.5,1290,360,130,1780,99,37,,44,0,18,,5,13,9.07
"3424",2021,"3424",4.4,1257,361,123,1741,95,30,,39,0,17,,,7,9.085
"3424",2022,"3424",3,1232,370,120,1722,89,28,,41,0,16,,7,,8.145
"3424",2023,"3424",4.2,1260,379,130,1769,103,30,,42,0,16,,,10,8.105
"3424",2024,"3424",3.9,1313,378,146,1837,104,30,,44,0,14,,,5,10
"3424",2025,"3424",2.9,1310,378,158,1846,103,31,,42,0,16,,,7,10
"3425",2008,"0434",3.6,1162,190,106,1458,49,7,17,25,,,,,,
"3425",2009,"0434",3.5,1149,183,104,1436,58,6,21,31,,27,0,,21,
"3425",2010,"0434",3.1,1141,186,107,1434,45,,,,28,23,0,,18,
"3425",2011,"0434",2,1129,172,108,1409,45,,,,,23,0,,14,
"3425",2012,"0434",8.6,1102,180,108,1390,56,7,21,28,,20,0,,17,
"3425",2013,"0434",6.8,1073,200,103,1376,52,,,,7,19,0,,10,
"3425",2014,"0434",3.2,1026,223,96,1345,52,6,12,34,9,20,0,5,15,
"3425",2015,"0434",2.29,1036,228,95,1359,55,12,12,31,7,13,0,,5,10.38
"3425",2016,"0434",1.62,980,235,90,1305,55,11,13,31,5,17,0,,7,11.21
"3425",2017,"0434",2.2,946,238,90,1274,56,16,,31,,18,,,9,14.055
"3425",2018,"0434",2,968,242,84,1294,62,19,,34,5,12,,,7,16.12
"3425",2019,"0434",2.1,954,246,86,1286,71,20,,35,7,8,,,,13.245
"3425",2020,"3425",2.3,933,242,93,1268,63,20,,27,9,12,,,6,16.195
"3425",2021,"3425",3.1,913,237,100,1250,60,18,,26,7,16,,,8,17.2
"3425",2022,"3425",2.2,907,243,103,1253,59,19,,25,5,11,,,5,17.865
"3425",2023,"3425",2.6,975,248,105,1328,55,12,,26,20,11,,,5,15.8
"3425",2024,"3425",2.5,1004,255,102,1361,62,17,,28,6,10,,,,16
"3425",2025,"3425",2,955,259,112,1326,64,15,,34,6,12,,,6,17
"3426",2007,"0436",,1424,161,122,1707,71,8,13,50,,,,,,
"3426",2008,"0436",3,1410,168,119,1697,79,15,12,52,10,,,,,
"3426",2009,"0436",4.8,1394,162,122,1678,77,13,8,56,10,16,0,,10,
"3426",2010,"0436",4.1,1383,169,119,1671,76,13,9,54,11,17,0,,9,
"3426",2011,"0436",3.9,1401,171,112,1684,81,15,15,51,10,20,0,,9,
"3426",2012,"0436",5.5,1393,181,107,1681,73,13,13,47,10,21,0,,12,
"3426",2013,"0436",6.5,1395,178,108,1681,69,10,16,43,10,20,0,,9,
"3426",2014,"0436",4.4,1363,188,107,1658,56,9,14,33,10,14,0,0,14,
"3426",2015,"0436",2.615,1375,180,101,1656,56,9,13,34,10,16,0,,12,12.16
"3426",2016,"0436",3.4,1340,183,97,1620,63,12,18,33,16,13,0,,7,12.965
"3426",2017,"0436",2.9,1338,192,90,1620,78,18,,38,20,9,,,,11.835
"3426",2018,"0436",3.6,1264,198,91,1553,83,24,,38,20,10,,,,12.235
"3426",2019,"0436",4.6,1262,198,91,1551,94,36,,36,20,11,,5,,13.98
"3426",2020,"3426",3.9,1268,208,86,1562,97,42,,33,19,13,,,8,14.8
"3426",2021,"3426",3.1,1265,206,92,1563,113,54,,39,20,14,,,9,13.76
"3426",2022,"3426",3.2,1240,218,93,1551,104,43,,37,17,7,,,,13.79
"3426",2023,"3426",2.8,1236,229,90,1555,109,50,,31,18,8,,,,14.165
"3426",2024,"3426",4,1279,242,83,1604,82,32,,33,16,7,,,,13
"3426",2025,"3426",4.6,1273,240,93,1606,83,36,,30,18,7,,,,13
"3427",2007,"0437",,4519,555,297,5371,275,115,54,106,,,,,,
"3427",2008,"0437",4.3,4541,561,298,5400,278,122,47,109,88,,,,,
"3427",2009,"0437",5.7,4561,542,297,5400,280,133,45,102,83,47,0,13,27,
"3427",2010,"0437",5.1,4645,547,298,5490,299,144,51,104,86,44,0,,32,
"3427",2011,"0437",4.4,4630,566,299,5495,327,159,46,122,81,45,0,,31,
"3427",2012,"0437",4.4,4697,563,304,5564,237,71,42,124,84,44,0,,32,
"3427",2013,"0437",4.7,4694,571,305,5570,238,66,47,125,87,44,0,9,35,
"3427",2014,"0437",4,4652,596,301,5549,229,68,44,117,82,42,0,13,29,
"3427",2015,"0437",3.8,4654,609,299,5562,230,69,47,114,33,49,0,14,35,37.17
"3427",2016,"0437",4.09,4657,623,300,5580,236,63,51,122,72,46,0,12,34,41.975
"3427",2017,"0437",3.6,4635,654,295,5584,287,108,,117,79,38,,,27,44.13
"3427",2018,"0437",3.9,4637,669,299,5605,292,115,,119,76,40,,8,32,41.245
"3427",2019,"0437",7.2,4604,688,299,5591,280,103,,119,78,39,,,34,42.79
"3427",2020,"3427",8.3,4553,721,304,5578,286,123,,110,66,35,,,30,42.865
"3427",2021,"3427",7.8,4491,747,299,5537,289,125,,108,65,30,,,26,47.985
"3427",2022,"3427",7.7,4475,805,301,5581,246,102,,98,55,32,,,28,43.94
"3427",2023,"3427",7.6,4503,805,320,5628,289,129,,94,47,48,,7,41,45.12
"3427",2024,"3427",7.8,4531,825,336,5692,277,115,,97,53,49,,6,43,46
"3427",2025,"3427",7.2,4512,871,339,5722,282,125,,94,51,47,,,34,48
"3428",2007,"0438",,2021,258,151,2430,104,24,30,50,,,,,,
"3428",2008,"0438",2.6,2000,256,157,2413,98,35,19,44,5,,,,,
"3428",2009,"0438",2.5,1980,250,169,2399,103,34,17,52,5,35,0,,29,
"3428",2010,"0438",2.6,2016,250,175,2441,103,34,19,50,6,36,0,,32,
"3428",2011,"0438",2.9,2019,247,181,2447,99,28,22,49,7,36,0,,31,
"3428",2012,"0438",2.2,2009,248,174,2431,98,25,22,51,6,24,0,,13,
"3428",2013,"0438",2.5,2035,246,168,2449,100,34,18,48,8,25,0,,22,
"3428",2014,"0438",1.8,2020,247,165,2432,138,70,19,49,8,28,0,6,22,
"3428",2015,"0438",1.58,2007,253,158,2418,133,66,13,54,8,21,0,,14,14.065
"3428",2016,"0438",1.495,2012,258,156,2426,148,81,16,51,9,25,0,6,19,13.865
"3428",2017,"0438",1.8,2032,270,139,2441,141,75,,48,9,29,,,15,16.81
"3428",2018,"0438",2.1,2000,286,138,2424,143,81,,45,9,23,,,11,16.12
"3428",2019,"0438",2.7,1995,288,135,2418,127,65,,45,10,24,,5,19,15.815
"3428",2020,"3428",2,1995,295,142,2432,118,52,,37,9,23,,5,18,16.215
"3428",2021,"3428",2.8,1964,301,140,2405,114,42,,44,9,23,,6,17,17.86
"3428",2022,"3428",2.3,1986,311,148,2445,129,52,,43,9,15,,,7,19.065
"3428",2023,"3428",2.1,2030,316,147,2493,130,54,,49,11,17,,5,12,16.1
"3428",2024,"3428",1.5,2053,328,145,2526,148,77,,45,11,16,,,6,17
"3428",2025,"3428",1.6,2021,341,147,2509,143,65,,50,10,22,,,12,19
"3429",2007,"0439",,1380,193,122,1695,95,15,22,58,,,,,,
"3429",2008,"0439",3,1349,195,130,1674,90,18,16,56,,,,,,
"3429",2009,"0439",3.5,1345,190,136,1671,77,11,14,52,,21,0,,12,
"3429",2010,"0439",2.8,1348,196,125,1669,68,9,14,45,,19,0,,17,
"3429",2011,"0439",2.6,1340,202,118,1660,66,,,,,18,0,,16,
"3429",2012,"0439",3,1324,203,114,1641,62,10,11,41,,23,0,,20,
"3429",2013,"0439",2.5,1318,223,113,1654,79,14,23,42,,20,0,,17,
"3429",2014,"0439",2.6,1284,237,110,1631,74,13,20,41,,22,0,,9,
"3429",2015,"0439",2.815,1246,249,102,1597,72,14,18,40,17,20,0,,8,12.865
"3429",2016,"0439",2.895,1222,258,112,1592,94,31,21,42,,17,0,,7,10.02
"3429",2017,"0439",2.5,1190,276,111,1577,100,31,,45,,18,,,8,12.175
"3429",2018,"0439",2.4,1174,283,112,1569,108,39,,38,,22,,,11,14.065
"3429",2019,"0439",2.3,1178,281,118,1577,104,29,,41,,17,,,8,12.23
"3429",2020,"3429",3,1153,282,110,1545,95,30,,38,,16,,5,11,11.815
"3429",2021,"3429",4.6,1116,288,114,1518,86,20,,40,22,16,,,7,12.015
"3429",2022,"3429",3.2,1127,287,116,1530,133,52,,48,22,15,,,7,12.115
"3429",2023,"3429",2.8,1100,301,118,1519,148,68,,47,21,15,,,6,10.875
"3429",2024,"3429",2.1,1107,307,118,1532,153,69,,47,20,13,,,5,12
"3429",2025,"3429",2.3,1113,304,123,1540,145,66,,45,25,16,,5,11,13
"3430",2007,"0441",,1735,212,116,2063,98,43,18,37,,,,,,
"3430",2008,"0441",3.9,1720,207,120,2047,91,35,14,42,,,,,,
"3430",2009,"0441",3.8,1720,202,124,2046,100,43,17,40,,23,0,,13,
"3430",2010,"0441",4.4,1702,204,127,2033,103,41,16,46,,23,0,,11,
"3430",2011,"0441",6.6,1710,208,127,2045,99,35,14,50,,23,0,7,10,
"3430",2012,"0441",6.8,1702,220,118,2040,96,36,10,50,,21,0,7,9,
"3430",2013,"0441",6.9,1681,230,124,2035,92,29,14,49,,22,0,,14,
"3430",2014,"0441",6,1638,245,130,2013,66,15,8,43,,19,0,,10,
"3430",2015,"0441",4.81,1614,250,127,1991,76,20,10,46,0,22,0,,15,20.8
"3430",2016,"0441",4.59,1576,247,133,1956,73,18,12,43,0,20,0,,11,21.755
"3430",2017,"0441",4.6,1566,262,135,1963,70,19,,36,0,17,,,9,19.02
"3430",2018,"0441",3.8,1530,279,127,1936,74,19,,39,0,18,,,10,20.955
"3430",2019,"0441",4.5,1499,285,128,1912,61,18,,31,0,14,,,8,23.805
"3430",2020,"3430",5.8,1479,294,118,1891,65,19,,32,0,12,,,6,22
"3430",2021,"3430",4.6,1460,291,119,1870,74,23,,35,0,10,,,5,18.83
"3430",2022,"3430",3.4,1436,302,117,1855,75,22,,39,0,13,,,5,17.225
"3430",2023,"3430",2.8,1436,295,113,1844,106,51,,41,0,17,,5,12,18
"3430",2024,"3430",3.8,1447,316,128,1891,96,42,,36,0,15,,6,,18
"3430",2025,"3430",2.1,1446,324,125,1895,92,36,,40,0,16,,7,,22
"3431",2007,"0511",,2302,322,188,2812,107,29,37,41,,,,,,
"3431",2008,"0511",1.7,2247,345,186,2778,141,61,33,47,,,,,,
"3431",2009,"0511",1.8,2237,347,188,2772,163,83,31,49,,50,,9,39,
"3431",2010,"0511",3,2239,341,196,2776,116,34,26,56,,45,0,,36,
"3431",2011,"0511",4.7,2213,341,194,2748,115,37,25,53,,40,0,,31,
"3431",2012,"0511",3.7,2199,359,184,2742,129,45,21,63,,39,0,,32,
"3431",2013,"0511",2.9,2185,352,190,2727,125,48,19,58,,42,0,,32,
"3431",2014,"0511",3.1,2157,355,192,2704,131,48,30,53,,42,0,,37,
"3431",2015,"0511",3.08,2189,371,185,2745,128,46,33,49,0,40,0,,32,21.34
"3431",2016,"0511",3.62,2132,392,177,2701,148,51,37,60,0,32,0,,25,23.085
"3431",2017,"0511",3.6,2102,394,179,2675,163,61,,60,0,31,,,23,23.1
"3431",2018,"0511",3.5,2050,417,175,2642,161,62,,62,0,34,,,27,21.92
"3431",2019,"0511",2.1,2003,430,182,2615,145,48,,55,0,35,,,27,20.845
"3431",2020,"3431",2.3,1931,443,179,2553,145,47,,54,0,32,,,27,19.785
"3431",2021,"3431",2.4,1886,438,188,2512,152,54,,53,0,31,,9,16,19.09
"3431",2022,"3431",2,1847,459,192,2498,146,50,,55,0,28,,8,13,17.885
"3431",2023,"3431",4,1810,449,207,2466,156,47,,60,20,27,,,20,16.13
"3431",2024,"3431",2.4,1839,440,224,2503,173,57,,65,20,28,,7,14,17
"3431",2025,"3431",2.6,1840,444,232,2516,228,89,,76,21,29,,7,15,22
"3432",2007,"0512",,1770,247,133,2150,121,41,20,60,,,,,,
"3432",2008,"0512",2.5,1795,240,133,2168,98,28,24,46,11,,,,,
"3432",2009,"0512",2.7,1792,239,139,2170,92,23,19,50,13,26,0,,20,
"3432",2010,"0512",4.1,1786,231,157,2174,96,22,23,51,19,22,0,,11,
"3432",2011,"0512",3.5,1803,244,150,2197,95,26,19,50,18,25,0,5,20,
"3432",2012,"0512",3.7,1808,235,152,2195,85,21,22,42,40,22,0,,14,
"3432",2013,"0512",2.7,1737,257,151,2145,80,21,23,36,19,16,0,,9,
"3432",2014,"0512",3,1674,266,136,2076,89,21,21,47,18,17,0,,10,
"3432",2015,"0512",2.715,1656,266,137,2059,95,27,22,46,18,19,0,,16,14.1
"3432",2016,"0512",4.525,1658,256,141,2055,96,30,22,44,16,17,0,,12,14.245
"3432",2017,"0512",4.2,1640,265,143,2048,96,31,,44,15,23,,,16,13.235
"3432",2018,"0512",3.6,1612,278,148,2038,92,31,,38,16,21,,,21,15.235
"3432",2019,"0512",3.8,1587,289,133,2009,95,29,,43,16,18,,,9,15.09
"3432",2020,"3432",4.9,1553,292,130,1975,99,33,,38,17,17,,,14,15.82
"3432",2021,"3432",4.2,1554,300,126,1980,111,38,,42,17,17,,,17,13.85
"3432",2022,"3432",3.9,1540,312,134,1986,123,43,,46,16,20,,,18,15.055
"3432",2023,"3432",3,1510,320,136,1966,119,33,,55,18,22,,,19,13.015
"3432",2024,"3432",2.8,1501,333,149,1983,135,47,,54,12,20,,,16,13
"3432",2025,"3432",2.4,1506,359,141,2006,141,45,,59,13,19,,,14,16
"3433",2007,"0513",,1893,281,155,2329,130,27,38,65,,,,,,
"3433",2008,"0513",7.3,1886,290,155,2331,125,30,34,61,,,,,,
"3433",2009,"0513",7.7,1873,287,147,2307,116,25,33,58,,33,0,8,25,
"3433",2010,"0513",5.3,1849,284,132,2265,112,20,32,60,,30,0,5,25,
"3433",2011,"0513",5.9,1869,286,144,2299,119,26,37,56,,30,0,,16,
"3433",2012,"0513",4.4,1867,295,145,2307,125,27,42,56,,34,0,,16,
"3433",2013,"0513",3.9,1830,300,149,2279,133,35,39,59,,31,0,,15,
"3433",2014,"0513",3.1,1805,325,134,2264,126,33,36,57,,31,0,,18,
"3433",2015,"0513",4.1,1775,324,146,2245,135,38,35,62,12,22,0,,12,19.24
"3433",2016,"0513",3.02,1716,346,142,2204,126,36,33,57,14,27,0,,24,20.89
"3433",2017,"0513",3.3,1699,348,155,2202,131,39,,58,15,25,,,18,19.78
"3433",2018,"0513",4,1670,365,144,2179,145,57,,55,10,22,,,13,18.095
"3433",2019,"0513",4.5,1685,377,142,2204,148,66,,53,13,26,,,14,19.89
"3433",2020,"3433",4.1,1681,365,151,2197,147,61,,57,17,24,,,21,19.115
"3433",2021,"3433",4.6,1655,371,157,2183,132,58,,51,17,19,,,17,20.76
"3433",2022,"3433",3.3,1624,375,152,2151,168,69,,55,17,19,,,16,18
"3433",2023,"3433",5.5,1603,390,154,2147,167,63,,63,18,19,,,16,19.795
"3433",2024,"3433",4.9,1568,398,175,2141,169,69,,61,17,20,,,9,17
"3433",2025,"3433",6.2,1610,394,175,2179,159,64,,64,19,22,,5,17,17
"3434",2007,"0514",,2020,265,151,2436,127,34,31,62,,,,,,
"3434",2008,"0514",1.4,1986,269,152,2407,128,39,32,57,,,,,,
"3434",2009,"0514",2.1,1992,270,144,2406,136,40,37,59,,39,0,8,31,
"3434",2010,"0514",1.1,1999,260,151,2410,125,37,30,58,,36,0,7,29,
"3434",2011,"0514",2,1987,259,155,2401,123,37,30,56,,31,0,7,24,
"3434",2012,"0514",2,1957,272,153,2382,118,34,29,55,,34,0,9,25,
"3434",2013,"0514",2.3,1935,275,154,2364,118,37,24,57,,33,0,6,27,
"3434",2014,"0514",2.8,1920,287,154,2361,120,37,24,59,,31,0,,26,
"3434",2015,"0514",1.875,1927,283,146,2356,133,52,28,53,0,33,0,,27,25.02
"3434",2016,"0514",1.61,1909,283,155,2347,133,50,25,58,0,33,0,,25,24.205
"3434",2017,"0514",1.9,1902,299,159,2360,134,49,,57,0,29,,7,22,24.985
"3434",2018,"0514",2,1872,308,151,2331,140,68,,49,0,26,,9,17,27.17
"3434",2019,"0514",1.9,1828,322,143,2293,147,66,,51,0,23,,8,9,26.125
"3434",2020,"3434",2,1755,330,143,2228,154,74,,55,0,26,,,18,27.165
"3434",2021,"3434",2.2,1704,346,154,2204,143,62,,55,0,26,,7,12,27.805
"3434",2022,"3434",2.4,1704,353,154,2211,137,59,,48,0,28,,6,22,28.76
"3434",2023,"3434",2.3,1686,376,150,2212,145,76,,42,0,29,,,15,25.815
"3434",2024,"3434",2.4,1680,380,152,2212,130,75,,32,0,28,,5,23,27
"3434",2025,"3434",1.7,1687,374,154,2215,111,58,,27,0,24,,,10,28
"3435",2007,"0515",,3040,425,259,3724,163,56,33,74,,,,,,
"3435",2008,"0515",4,3029,422,266,3717,193,72,32,89,17,,,,,
"3435",2009,"0515",3,3022,413,272,3707,210,77,40,93,23,52,0,,43,
"3435",2010,"0515",3.3,3018,441,263,3722,253,109,45,99,24,56,0,,48,
"3435",2011,"0515",2.5,2999,449,270,3718,232,96,42,94,24,53,0,10,43,
"3435",2012,"0515",2.6,3037,450,252,3739,256,108,50,98,23,51,0,9,42,
"3435",2013,"0515",2.9,2999,452,265,3716,245,109,50,86,23,53,0,8,45,
"3435",2014,"0515",2.5,2953,482,251,3686,258,128,42,88,20,44,0,,35,
"3435",2015,"0515",2.625,2925,509,241,3675,275,136,50,89,22,46,0,,37,27.215
"3435",2016,"0515",3.625,2904,523,237,3664,249,111,50,88,19,40,0,,34,26.92
"3435",2017,"0515",2.9,2860,547,233,3640,264,135,,82,18,32,,,20,28.95
"3435",2018,"0515",5.4,2877,535,226,3638,251,119,,83,19,28,,,24,30.035
"3435",2019,"0515",5.1,2832,540,217,3589,256,122,,81,19,26,,5,21,29.185
"3435",2020,"3435",4.9,2797,545,228,3570,270,128,,89,18,25,,,17,33.96
"3435",2021,"3435",4.5,2776,550,238,3564,275,128,,92,19,28,,,16,38.855
"3435",2022,"3435",4.3,2780,564,247,3591,235,106,,84,17,29,,5,24,33.985
"3435",2023,"3435",4.8,2722,561,249,3532,227,114,,72,17,29,,,15,37.945
"3435",2024,"3435",4.6,2710,564,257,3531,216,105,,76,20,28,,,13,30
"3435",2025,"3435",5.3,2691,574,264,3529,212,112,,64,24,28,,,14,36
"3436",2007,"0516",,4853,612,325,5790,228,73,53,102,,,,,,
"3436",2008,"0516",2.5,4856,614,323,5793,256,82,61,113,,,,,,
"3436",2009,"0516",2.6,4850,628,322,5800,230,72,52,106,13,68,0,,53,
"3436",2010,"0516",2.8,4838,646,316,5800,230,79,55,96,15,69,0,,58,
"3436",2011,"0516",3.2,4868,650,316,5834,244,88,49,107,15,70,0,,59,
"3436",2012,"0516",2.6,4833,685,312,5830,252,78,59,115,16,67,0,,53,
"3436",2013,"0516",2.5,4803,713,311,5827,249,81,58,110,16,64,0,,54,
"3436",2014,"0516",2.4,4687,765,313,5765,247,76,57,114,15,66,0,,56,
"3436",2015,"0516",2.125,4631,796,327,5754,366,170,83,113,15,59,0,,48,32.21
"3436",2016,"0516",2.11,4590,842,309,5741,363,167,89,107,18,56,0,,43,33.775
"3436",2017,"0516",2.3,4542,865,316,5723,381,166,,118,19,56,,,42,25.75
"3436",2018,"0516",2.2,4504,903,321,5728,334,133,,115,38,51,,11,36,37.1
"3436",2019,"0516",2.2,4506,898,338,5742,326,122,,110,40,56,,10,40,33.205
"3436",2020,"3436",3.1,4451,926,346,5723,317,128,,104,,58,,11,42,40.825
"3436",2021,"3436",3.4,4405,935,365,5705,295,122,,92,,59,,15,40,35.97
"3436",2022,"3436",5.3,4348,915,365,5628,277,115,,98,27,58,,16,26,34.855
"3436",2023,"3436",5,4284,926,379,5589,325,136,,113,28,53,,,40,33.785
"3436",2024,"3436",4.7,4267,919,400,5586,312,122,,123,27,53,,,38,36
"3436",2025,"3436",5.3,4241,885,427,5553,315,125,,128,49,58,,,45,35
"3437",2007,"0517",,5054,678,367,6099,296,88,61,147,,,,,,
"3437",2008,"0517",5.8,4953,677,375,6005,292,77,66,149,68,,,,,
"3437",2009,"0517",6.3,4954,676,385,6015,305,89,68,148,67,49,0,9,40,
"3437",2010,"0517",6.5,4923,692,384,5999,291,77,68,146,,49,0,,38,
"3437",2011,"0517",5.5,4917,697,390,6004,308,77,64,167,,49,0,9,40,
"3437",2012,"0517",5.9,4898,693,401,5992,286,80,56,150,,51,0,6,45,
"3437",2013,"0517",4,4843,705,404,5952,361,144,73,144,,49,0,9,40,
"3437",2014,"0517",3.8,4860,721,393,5974,377,164,75,138,,50,0,5,45,
"3437",2015,"0517",3.52,4833,735,397,5965,368,161,68,139,0,56,0,7,49,45.78
"3437",2016,"0517",4.015,4779,762,394,5935,379,178,63,138,0,50,0,7,43,47.75
"3437",2017,"0517",3.9,4727,800,389,5916,397,184,,142,0,48,,,38,48.78
"3437",2018,"0517",3.7,4653,840,379,5872,410,173,,144,0,46,,,33,47.93
"3437",2019,"0517",5.9,4555,864,370,5789,399,163,,145,0,48,,11,35,52.13
"3437",2020,"3437",6.1,4500,865,374,5739,407,162,,158,69,43,,12,28,55.045
"3437",2021,"3437",5.4,4334,879,379,5592,392,159,,148,70,42,,13,26,55.145
"3437",2022,"3437",5.6,4242,910,379,5531,398,157,,161,69,50,,16,20,57.92
"3437",2023,"3437",5,4247,903,417,5567,400,153,,161,72,52,,14,26,52.09
"3437",2024,"3437",4.4,4402,928,426,5756,408,170,,151,72,51,,10,41,57
"3437",2025,"3437",4.1,4250,935,438,5623,427,177,,148,73,52,,10,42,60
"3438",2007,"0519",,2594,364,241,3199,195,73,33,89,,,,,,
"3438",2008,"0519",,2584,362,224,3170,182,66,32,84,,,,,,
"3438",2009,"0519",3.4,2590,361,232,3183,203,78,40,85,,36,0,7,29,
"3438",2010,"0519",3.3,2587,356,232,3175,219,80,39,100,52,41,0,,31,
"3438",2011,"0519",3.8,2620,352,240,3212,209,82,33,94,,43,0,,32,
"3438",2012,"0519",3.4,2621,356,231,3208,194,74,39,81,,31,0,,25,
"3438",2013,"0519",3.6,2611,369,213,3193,191,70,40,81,,33,0,,26,
"3438",2014,"0519",3.9,2599,386,206,3191,183,63,37,83,,33,0,,25,
"3438",2015,"0519",3.21,2597,402,205,3204,189,73,34,82,0,34,0,11,17,26.245
"3438",2016,"0519",2.995,2541,424,189,3154,182,76,33,73,,32,0,11,21,29.235
"3438",2017,"0519",2.4,2539,434,190,3163,154,63,,65,,30,,7,23,27.98
"3438",2018,"0519",3.2,2529,426,191,3146,156,61,,62,,31,,7,24,26.785
"3438",2019,"0519",2.4,2506,438,183,3127,149,53,,58,,34,,6,28,24.24
"3438",2020,"3438",1.8,2477,444,198,3119,163,69,,59,5,29,,6,23,24.145
"3438",2021,"3438",2,2420,460,184,3064,157,60,,59,6,28,,,17,24.88
"3438",2022,"3438",1.8,2416,452,196,3064,152,55,,66,6,29,,6,23,26.83
"3438",2023,"3438",2,2582,455,203,3240,146,46,,67,7,32,,,25,28.76
"3438",2024,"3438",1.8,2439,473,207,3119,172,60,,71,7,32,,,25,26
"3438",2025,"3438",1.8,2445,481,202,3128,165,49,,80,7,32,,8,21,25
"3439",2007,"0520",,3709,516,332,4557,308,124,59,125,,,,,,
"3439",2008,"0520",3.6,3697,510,325,4532,267,93,47,127,59,,,,,
"3439",2009,"0520",3.9,3698,520,319,4537,301,124,48,129,57,47,0,9,38,
"3439",2010,"0520",3.8,3707,511,322,4540,257,87,43,127,59,41,0,6,35,
"3439",2011,"0520",4.3,3726,526,304,4556,263,82,55,126,58,40,0,5,35,
"3439",2012,"0520",3.5,3714,545,302,4561,314,147,48,119,58,41,0,,37,
"3439",2013,"0520",3.2,3645,540,311,4496,264,104,47,113,49,36,0,9,27,
"3439",2014,"0520",4.5,3627,573,295,4495,339,146,58,135,82,,0,,0,
"3439",2015,"0520",4.11,3563,598,298,4459,328,152,52,124,73,,0,0,0,25.685
"3439",2016,"0520",4.72,3540,625,297,4462,348,159,67,122,72,6,0,0,6,28.025
"3439",2017,"0520",3.7,3535,671,296,4502,348,169,,120,74,8,,,,27.785
"3439",2018,"0520",3.5,3480,686,288,4454,343,154,,113,75,10,,,,30.81
"3439",2019,"0520",3.3,3447,697,281,4425,372,168,,118,73,11,,,6,30.135
"3439",2020,"3439",3.1,3416,695,281,4392,379,171,,124,71,9,,,,29.985
"3439",2021,"3439",3.5,3412,702,294,4408,343,138,,128,81,10,,,5,31.19
"3439",2022,"3439",9.5,3374,694,317,4385,375,170,,129,81,9,,,5,31.865
"3439",2023,"3439",9.8,3399,699,318,4416,361,168,,119,81,8,,,,31.78
"3439",2024,"3439",2.3,3396,701,316,4413,341,166,,103,57,29,,5,24,28
"3439",2025,"3439",2.3,3412,714,321,4447,350,172,,113,57,31,,7,24,27
"3440",2007,"0521",,4167,497,229,4893,178,65,38,75,,,,,,
"3440",2008,"0521",2.5,4201,496,232,4929,180,74,36,70,43,,,,,
"3440",2009,"0521",3.9,4193,487,237,4917,153,44,45,64,45,39,0,,31,
"3440",2010,"0521",3.8,4269,486,247,5002,168,49,45,74,48,37,0,,28,
"3440",2011,"0521",3.8,4344,493,255,5092,185,58,43,84,42,34,0,,28,
"3440",2012,"0521",3.4,4320,513,262,5095,180,59,46,75,50,31,0,,21,
"3440",2013,"0521",3.6,4323,522,257,5102,191,67,43,81,47,39,0,7,32,
"3440",2014,"0521",2.1,4291,543,256,5090,203,67,59,77,38,34,0,6,28,
"3440",2015,"0521",2.185,4237,579,249,5065,224,72,53,99,58,33,0,9,24,23.215
"3440",2016,"0521",2.285,4220,599,253,5072,221,70,51,100,42,33,0,8,25,24.8
"3440",2017,"0521",2.3,4192,634,256,5082,233,77,,103,42,40,,7,33,23.185
"3440",2018,"0521",2.1,4218,654,258,5130,307,101,,139,45,38,,5,33,23.86
"3440",2019,"0521",2.4,4176,660,283,5119,281,97,,124,45,38,,8,30,25.905
"3440",2020,"3440",2,4143,666,291,5100,295,91,,131,43,47,,,37,28.065
"3440",2021,"3440",2,4105,698,290,5093,312,94,,143,45,41,,11,30,27.175
"3440",2022,"3440",2.1,4089,705,288,5082,338,107,,147,44,39,,12,27,26.12
"3440",2023,"3440",1.7,4147,725,289,5161,350,123,,147,43,39,,9,30,24.01
"3440",2024,"3440",1.5,4101,722,301,5124,396,149,,161,41,36,,8,26,23
"3440",2025,"3440",1.7,4099,720,315,5134,315,114,,129,9,40,,9,28,24
"3441",2007,"0522",,5061,671,382,6114,249,65,56,128,,,,,,
"3441",2008,"0522",2,5081,657,391,6129,285,80,58,147,15,,,,,
"3441",2009,"0522",2.9,5036,654,401,6091,293,97,60,136,16,104,,17,73,
"3441",2010,"0522",2,5067,681,394,6142,325,117,61,147,21,89,15,13,61,
"3441",2011,"0522",2.2,5048,690,403,6141,338,120,67,151,23,86,18,7,61,
"3441",2012,"0522",3.6,5068,690,402,6160,328,126,64,138,21,72,,6,63,
"3441",2013,"0522",3.8,5019,727,395,6141,317,120,60,137,29,72,,10,60,
"3441",2014,"0522",3.5,5079,764,394,6237,304,109,56,139,28,62,,8,51,
"3441",2015,"0522",2.71,5026,789,395,6210,297,116,56,125,26,57,,8,47,29.23
"3441",2016,"0522",3.395,5027,823,377,6227,328,116,67,145,23,60,,11,47,36.17
"3441",2017,"0522",3,4994,841,369,6204,308,108,,131,27,59,,8,48,29.13
"3441",2018,"0522",3.2,4928,850,370,6148,419,143,,162,26,56,,,50,33.15
"3441",2019,"0522",3.4,4881,856,375,6112,311,102,,128,25,50,,,44,33.03
"3441",2020,"3441",4,4866,867,373,6106,294,93,,124,21,52,,,47,35.055
"3441",2021,"3441",4.2,4769,888,366,6023,304,95,,133,28,46,,,40,34.205
"3441",2022,"3441",4.4,4792,904,383,6079,310,110,,131,36,43,,,35,34.83
"3441",2023,"3441",4.4,4820,904,405,6129,340,125,,128,30,53,,,42,29.94
"3441",2024,"3441",5,4841,918,418,6177,337,128,,133,28,50,,12,36,31
"3441",2025,"3441",4.7,4822,937,415,6174,326,118,,130,23,54,,14,35,33
"3442",2007,"0528",,12006,1490,893,14389,632,237,116,279,,,,,,
"3442",2008,"0528",3.3,12050,1509,900,14459,621,240,112,269,48,,,,,
"3442",2009,"0528",4,12077,1498,889,14464,644,255,126,263,122,80,,18,60,
"3442",2010,"0528",4.4,12120,1521,877,14518,661,259,121,281,50,83,0,,64,
"3442",2011,"0528",4.7,12178,1547,879,14604,646,242,117,287,92,85,0,,62,
"3442",2012,"0528",5.2,12268,1589,890,14747,727,279,132,316,136,83,,16,61,
"3442",2013,"0528",4.6,12249,1642,875,14766,787,323,123,341,133,80,,20,56,
"3442",2014,"0528",4.9,12189,1709,879,14777,805,335,136,334,133,68,,17,48,
"3442",2015,"0528",5.08,12156,1796,844,14796,786,329,134,323,128,66,,16,45,115.985
"3442",2016,"0528",4.69,12175,1873,858,14906,778,330,138,310,141,58,,13,43,127.755
"3442",2017,"0528",3.9,12124,1932,831,14887,778,348,,295,134,52,,,40,131.085
"3442",2018,"0528",3.6,12048,2014,826,14888,698,328,,251,117,60,,,44,135.78
"3442",2019,"0528",4,12081,2043,824,14948,668,312,,250,103,62,,20,37,132.995
"3442",2020,"3442",4.1,12009,2131,833,14973,635,289,,230,85,72,,14,53,124.76
"3442",2021,"3442",3.9,11880,2130,861,14871,579,269,,199,74,76,,15,59,126.08
"3442",2022,"3442",3,11831,2150,846,14827,641,316,,185,48,83,,22,58,118.94
"3442",2023,"3442",3.2,11828,2210,858,14896,628,290,,206,44,86,,15,64,114.18
"3442",2024,"3442",2.9,11721,2231,888,14840,623,305,,190,43,83,,13,65,115
"3442",2025,"3442",2.4,11686,2243,898,14827,643,329,,196,44,83,,,66,114
"3443",2007,"0529",,10770,1225,615,12610,510,198,93,219,,,,,,
"3443",2008,"0529",2.4,10759,1250,626,12635,525,207,111,207,52,,,,,
"3443",2009,"0529",2.7,10848,1244,622,12714,553,233,114,206,50,97,,23,70,
"3443",2010,"0529",3.2,10859,1286,625,12770,544,243,108,193,50,92,,22,66,
"3443",2011,"0529",4.8,10850,1313,640,12803,615,258,125,232,93,54,,12,38,
"3443",2012,"0529",4.9,10910,1359,659,12928,599,247,109,243,97,47,,12,31,
"3443",2013,"0529",6.1,10924,1403,672,12999,612,254,110,248,105,35,,8,21,
"3443",2014,"0529",6.7,10908,1503,664,13075,630,260,126,244,104,31,,,22,
"3443",2015,"0529",5.975,10897,1587,668,13152,649,273,126,250,99,31,,,24,81.24
"3443",2016,"0529",6.205,10845,1668,667,13180,615,267,121,227,93,29,,,22,79.15
"3443",2017,"0529",6,10787,1727,665,13179,679,317,,242,102,25,,,20,76.815
"3443",2018,"0529",5.9,10880,1759,675,13314,742,346,,256,99,25,,,22,72.195
"3443",2019,"0529",5.4,10914,1776,694,13384,701,331,,230,98,28,,,24,71.985
"3443",2020,"3443",5.1,10918,1808,701,13427,715,348,,225,103,28,5,,18,72.145
"3443",2021,"3443",4.2,10870,1865,724,13459,658,317,,207,103,29,6,7,10,59.035
"3443",2022,"3443",4.3,10921,1935,716,13572,654,298,,207,102,30,,8,16,59.18
"3443",2023,"3443",3.9,10936,1958,741,13635,699,349,,199,103,27,,7,15,61.005
"3443",2024,"3443",3.5,10948,1985,758,13691,801,422,,228,104,28,5,9,14,63
"3443",2025,"3443",4.1,10889,1954,806,13649,732,388,,222,101,30,5,8,12,66
"3446",2007,"0534",,11052,1293,765,13110,444,166,101,177,,,,,,
"3446",2008,"0534",3.6,11084,1337,768,13189,433,167,100,166,68,,,,,
"3446",2009,"0534",3.6,11148,1329,740,13217,434,170,99,165,74,160,,15,136,
"3446",2010,"0534",3.3,11273,1333,757,13363,460,186,88,186,79,148,,16,121,
"3446",2011,"0534",3.7,11321,1341,772,13434,475,185,92,198,72,147,,22,115,
"3446",2012,"0534",3.9,11355,1378,760,13493,449,194,79,176,67,145,,22,111,
"3446",2013,"0534",4.3,11357,1449,744,13550,514,217,99,198,62,131,,24,97,
"3446",2014,"0534",5.9,11380,1509,718,13607,534,222,104,208,61,129,,30,90,
"3446",2015,"0534",6.915,11374,1588,723,13685,494,207,100,187,73,133,,27,98,95.1
"3446",2016,"0534",7.225,11303,1662,730,13695,516,200,119,197,71,134,,26,100,95.055
"3446",2017,"0534",7.4,11265,1714,728,13707,497,199,,182,67,119,,19,93,104.095
"3446",2018,"0534",8,11248,1795,727,13770,504,193,,189,68,112,,18,88,102.1
"3446",2019,"0534",10.4,11082,1840,720,13642,489,205,,180,69,107,7,23,77,96.755
"3446",2020,"3446",11.8,11027,1863,740,13630,462,210,,160,71,110,8,23,79,105.24
"3446",2021,"3446",11.9,10975,1886,750,13611,494,217,,167,70,114,,,88,103.905
"3446",2022,"3446",12.1,10930,1949,754,13633,476,197,,160,78,105,5,22,78,102.01
"3446",2023,"3446",12.5,10814,1982,772,13568,458,186,,159,68,106,6,22,78,107.885
"3446",2024,"3446",12.1,10772,2009,812,13593,467,191,,172,65,115,8,23,84,105
"3446",2025,"3446",12.6,10772,2030,858,13660,446,190,,175,67,112,6,27,79,115
"3447",2007,"0536",,4926,639,367,5932,406,163,82,161,,,,,,
"3447",2008,"0536",1.8,4867,633,353,5853,419,164,87,168,55,,,,,
"3447",2009,"0536",1.7,4819,642,336,5797,437,183,98,156,45,47,0,,38,
"3447",2010,"0536",1.6,4841,644,326,5811,451,176,101,174,53,46,0,,39,
"3447",2011,"0536",1.6,4857,652,328,5837,457,199,101,157,47,52,,9,39,
"3447",2012,"0536",1.9,4801,647,313,5761,430,176,98,156,50,55,,7,44,
"3447",2013,"0536",2,4730,668,305,5703,421,189,95,137,50,60,0,12,34,
"3447",2014,"0536",1.9,4703,709,289,5701,380,173,82,125,44,81,,14,60,
"3447",2015,"0536",1.9,4757,733,282,5772,380,176,92,112,55,83,,19,57,45.96
"3447",2016,"0536",2.525,4729,758,271,5758,439,229,101,109,59,60,5,13,42,44.92
"3447",2017,"0536",1.8,4662,779,276,5717,442,242,,93,63,55,,,36,45
"3447",2018,"0536",1.7,4563,800,287,5650,384,198,,93,62,44,,,29,47.96
"3447",2019,"0536",1.7,4526,799,298,5623,385,223,,87,56,39,,14,12,46.99
"3447",2020,"3447",2.3,4501,812,304,5617,387,208,,96,42,28,,12,10,43.035
"3447",2021,"3447",3.3,4433,834,312,5579,438,244,,103,73,16,,10,,41.025
"3447",2022,"3447",3.2,4347,864,324,5535,436,239,,104,69,13,,8,,35.885
"3447",2023,"3447",3.8,4349,885,330,5564,488,262,,116,74,14,,7,5,41.24
"3447",2024,"3447",4.8,4339,908,340,5587,448,219,,118,60,23,,11,8,43
"3447",2025,"3447",5.1,4329,931,337,5597,435,211,,127,62,22,,10,9,45
"3448",2007,"0538",,5505,781,434,6720,460,225,70,165,,,,,,
"3448",2008,"0538",2.8,5430,791,415,6636,493,239,86,168,19,,,,,
"3448",2009,"0538",3.1,5484,790,406,6680,521,266,97,158,21,70,,12,52,
"3448",2010,"0538",3,5473,800,399,6672,509,262,110,137,25,79,,13,58,
"3448",2011,"0538",2.8,5509,810,397,6716,516,267,101,148,29,70,0,,51,
"3448",2012,"0538",2.6,5544,822,402,6768,530,271,105,154,29,71,0,,55,
"3448",2013,"0538",2.4,5535,821,402,6758,521,274,108,139,18,78,0,,59,
"3448",2014,"0538",1.9,5450,862,388,6700,525,288,100,137,18,72,0,,55,
"3448",2015,"0538",1.715,5476,880,384,6740,531,308,96,127,18,73,,13,56,55.135
"3448",2016,"0538",2.215,5482,892,377,6751,503,286,93,124,18,73,,14,53,55.12
"3448",2017,"0538",2.9,5465,931,377,6773,532,302,,124,18,85,,20,58,56.105
"3448",2018,"0538",3.1,5427,959,364,6750,552,297,,135,18,79,,25,49,58.015
"3448",2019,"0538",3.4,5331,969,371,6671,510,271,,129,18,78,7,20,51,63.195
"3448",2020,"3448",3.3,5267,995,371,6633,517,295,,118,17,77,5,17,55,65.865
"3448",2021,"3448",3,5201,994,386,6581,531,296,,117,17,67,,,51,66.06
"3448",2022,"3448",3.7,5172,1013,392,6577,494,271,,113,17,46,,,34,61.93
"3448",2023,"3448",4,5116,1010,401,6527,483,285,,101,24,51,,10,36,57.945
"3448",2024,"3448",4.4,5084,1037,389,6510,483,292,,106,25,61,,18,38,55
"3448",2025,"3448",4.3,5067,1072,405,6544,507,304,,118,28,52,,16,21,57
"3449",2007,"0540",,2613,338,243,3194,218,81,45,92,,,,,,
"3449",2008,"0540",3.1,2584,350,242,3176,233,93,47,93,16,,,,,
"3449",2009,"0540",2.6,2603,357,244,3204,244,96,54,94,16,37,0,5,32,
"3449",2010,"0540",3.8,2596,364,226,3186,236,94,47,95,16,35,0,6,29,
"3449",2011,"0540",2.6,2563,376,225,3164,228,103,38,87,16,33,0,,26,
"3449",2012,"0540",3,2553,384,217,3154,252,123,37,92,18,34,0,,28,
"3449",2013,"0540",3,2536,394,217,3147,250,124,35,91,14,36,0,,32,
"3449",2014,"0540",2.6,2507,410,216,3133,254,129,31,94,14,33,0,,29,
"3449",2015,"0540",2.81,2461,427,206,3094,245,126,37,82,11,26,0,,14,30.88
"3449",2016,"0540",2.305,2420,432,206,3058,229,110,38,81,14,32,0,,26,31.115
"3449",2017,"0540",3,2366,458,202,3026,234,104,,80,14,30,,,23,28.825
"3449",2018,"0540",3.2,2348,466,200,3014,254,106,,80,14,29,,,23,29.885
"3449",2019,"0540",3.4,2283,489,209,2981,238,98,,77,16,29,,,22,25.885
"3449",2020,"3449",4.2,2266,479,209,2954,230,104,,66,18,29,,,23,29.895
"3449",2021,"3449",3.6,2227,466,211,2904,238,108,,75,18,25,,,22,30.11
"3449",2022,"3449",3.5,2204,476,209,2889,248,120,,71,21,25,,,12,30.845
"3449",2023,"3449",3,2168,492,206,2866,245,124,,70,20,25,,6,19,31.995
"3449",2024,"3449",3,2133,487,216,2836,249,129,,70,20,26,,,14,33
"3449",2025,"3449",3.4,2116,479,227,2822,221,111,,68,23,20,,5,15,30
"3450",2007,"0541",,1081,210,103,1394,97,36,22,39,,,,,,
"3450",2008,"0541",2.2,1082,203,103,1388,96,40,20,36,,,,,,
"3450",2009,"0541",5.7,1082,195,103,1380,103,45,17,41,,20,0,6,10,
"3450",2010,"0541",6.8,1088,192,109,1389,103,45,23,35,6,17,0,,8,
"3450",2011,"0541",9,1089,195,104,1388,97,44,17,36,6,19,0,,13,
"3450",2012,"0541",7.5,1116,190,102,1408,111,52,26,33,6,16,0,,10,
"3450",2013,"0541",7.4,1108,191,100,1399,115,55,31,29,6,17,0,,12,
"3450",2014,"0541",8.9,1117,189,102,1408,106,47,27,32,23,17,0,,12,
"3450",2015,"0541",8.915,1101,196,105,1402,98,45,27,26,23,22,0,,16,18.805
"3450",2016,"0541",8.49,1031,192,98,1321,99,42,24,33,6,20,0,,15,21.16
"3450",2017,"0541",6.2,1057,194,100,1351,93,39,,32,5,20,,,14,19.205
"3450",2018,"0541",3.5,1051,200,101,1352,79,33,,30,,13,,,5,21.975
"3450",2019,"0541",5,998,205,102,1305,68,21,,34,7,12,,,5,20.23
"3450",2020,"3450",5,977,199,103,1279,76,24,,44,6,16,,7,,20.765
"3450",2021,"3450",4.9,943,205,109,1257,79,24,,46,,15,,,10,18.78
"3450",2022,"3450",5,941,207,108,1256,67,24,,31,6,14,,,6,19.225
"3450",2023,"3450",3.5,929,205,105,1239,72,27,,29,6,18,,5,13,19.865
"3450",2024,"3450",2.9,1045,210,111,1366,79,28,,28,5,18,,,9,21
"3450",2025,"3450",2.9,925,214,115,1254,94,41,,34,7,19,,,8,19
"3451",2007,"0542",,5398,647,343,6388,361,167,70,124,,,,,,
"3451",2008,"0542",5.7,5446,643,347,6436,351,144,64,143,57,,,,,
"3451",2009,"0542",5,5460,629,362,6451,275,103,52,120,37,43,0,7,36,
"3451",2010,"0542",4.5,5428,631,356,6415,250,98,51,101,39,38,0,10,28,
"3451",2011,"0542",6.1,5392,651,359,6402,259,97,51,111,58,39,0,8,31,
"3451",2012,"0542",6.8,5408,660,360,6428,233,86,50,97,67,34,0,8,26,
"3451",2013,"0542",4.8,5362,680,354,6396,253,100,60,93,70,37,0,6,31,
"3451",2014,"0542",4.7,5341,740,336,6417,275,98,67,110,58,35,0,7,28,
"3451",2015,"0542",5.225,5343,773,350,6466,306,130,66,110,48,26,0,8,10,42.95
"3451",2016,"0542",5.01,5287,827,344,6458,325,161,58,106,68,29,0,9,20,61.185
"3451",2017,"0542",5.9,5246,896,348,6490,267,133,,93,65,30,,,21,63.95
"3451",2018,"0542",6.8,5162,940,341,6443,236,89,,94,66,32,,8,20,64.17
"3451",2019,"0542",5.9,5105,952,361,6418,250,90,,106,58,30,,6,20,68.83
"3451",2020,"3451",5.9,5064,973,376,6413,266,96,,110,58,29,,8,18,69.935
"3451",2021,"3451",5.6,4984,1008,368,6360,286,105,,117,61,31,5,9,12,81.895
"3451",2022,"3451",5.9,4953,1036,365,6354,298,108,,111,61,39,,10,24,80.885
"3451",2023,"3451",5.8,4955,1070,376,6401,312,121,,116,58,32,,11,14,87.86
"3451",2024,"3451",5,5089,1074,399,6562,314,123,,115,56,32,,10,18,81
"3451",2025,"3451",6.1,4954,1085,416,6455,301,107,,115,63,26,,7,17,85
"3452",2007,"0543",,1838,244,130,2212,84,17,24,43,,,,,,
"3452",2008,"0543",1.6,1838,243,136,2217,81,22,19,40,,,,,,
"3452",2009,"0543",2.2,1816,248,130,2194,87,18,28,41,,28,0,5,23,
"3452",2010,"0543",2.5,1844,245,136,2225,93,17,28,48,,31,0,,18,
"3452",2011,"0543",2.1,1836,244,137,2217,96,21,26,49,,25,0,,13,
"3452",2012,"0543",1.6,1847,250,135,2232,83,22,19,42,,25,0,,15,
"3452",2013,"0543",1.9,1840,248,131,2219,96,22,25,49,,21,0,,14,
"3452",2014,"0543",2.9,1811,244,132,2187,103,22,28,53,8,20,0,,10,
"3452",2015,"0543",3.095,1787,268,125,2180,103,24,32,47,8,14,0,,7,17.125
"3452",2016,"0543",2.29,1761,290,117,2168,92,21,31,40,7,13,0,,11,15.19
"3452",2017,"0543",2.3,1692,313,109,2114,89,20,,41,8,14,,,6,14.895
"3452",2018,"0543",2.3,1707,311,121,2139,108,28,,46,7,14,,,7,15.215
"3452",2019,"0543",2.7,1706,306,123,2135,91,20,,42,9,14,,,7,16.115
"3452",2020,"3452",2.3,1702,299,124,2125,116,31,,51,8,16,,,14,15.065
"3452",2021,"3452",2.4,1693,297,130,2120,153,70,,48,6,15,,,13,16.765
"3452",2022,"3452",1.7,1679,305,127,2111,133,53,,47,11,18,,,11,15.095
"3452",2023,"3452",2,1663,307,121,2091,128,45,,46,12,15,,,7,12.82
"3452",2024,"3452",2,1680,309,123,2112,114,30,,48,14,10,,,5,14
"3452",2025,"3452",2.1,1702,314,126,2142,122,32,,55,14,8,,,,12
"3453",2007,"0544",,2704,293,169,3166,150,58,29,63,,,,,,
"3453",2008,"0544",2.4,2713,292,171,3176,160,60,31,69,,,,,,
"3453",2009,"0544",3.5,2715,286,180,3181,161,58,27,76,,42,0,,34,
"3453",2010,"0544",3.8,2734,298,184,3216,168,70,28,70,,35,0,,30,
"3453",2011,"0544",3.9,2678,316,177,3171,165,68,35,62,,36,0,,31,
"3453",2012,"0544",4,2667,341,166,3174,173,62,44,67,,35,0,,30,
"3453",2013,"0544",4.5,2658,376,163,3197,175,65,54,56,,37,0,,30,
"3453",2014,"0544",3.7,2648,403,155,3206,174,75,47,52,,40,0,,31,
"3453",2015,"0544",8.225,2623,423,153,3199,164,66,41,57,0,33,0,,30,16.77
"3453",2016,"0544",7.62,2639,432,149,3220,163,68,40,55,0,36,0,,32,17.385
"3453",2017,"0544",4.2,2658,439,151,3248,117,28,,52,0,32,,,22,15.58
"3453",2018,"0544",3.6,2609,464,148,3221,118,32,,47,0,32,,,21,16.99
"3453",2019,"0544",4.8,2575,486,147,3208,117,32,,49,0,30,,10,20,17.125
"3453",2020,"3453",3.5,2589,486,154,3229,109,29,,46,0,24,,,15,17.91
"3453",2021,"3453",3,2571,505,160,3236,110,26,,50,17,23,,10,7,26.835
"3453",2022,"3453",3.1,2584,502,166,3252,97,31,,38,15,23,,8,15,21.765
"3453",2023,"3453",3.4,2609,505,177,3291,105,41,,40,13,20,,,11,19.785
"3453",2024,"3453",3.4,2605,511,182,3298,114,46,,43,14,20,,7,13,17
"3453",2025,"3453",3.9,2594,517,200,3311,133,51,,46,14,16,,,8,21
"3454",2007,"0545",,1319,153,119,1591,101,31,30,40,,,,,,
"3454",2008,"0545",3.9,1321,155,106,1582,97,31,27,39,6,,,,,
"3454",2009,"0545",2.5,1321,157,105,1583,100,32,32,36,,27,0,,15,
"3454",2010,"0545",2.1,1318,165,107,1590,108,36,31,41,,28,0,,24,
"3454",2011,"0545",2,1315,168,108,1591,104,32,31,41,,26,0,,15,
"3454",2012,"0545",1.6,1339,170,108,1617,95,32,26,37,,24,0,,15,
"3454",2013,"0545",1.9,1321,175,101,1597,112,41,30,41,,21,0,,15,
"3454",2014,"0545",2.2,1309,187,106,1602,108,39,31,38,,17,0,0,11,
"3454",2015,"0545",10.28,1317,204,98,1619,114,41,36,37,0,11,0,,7,13.085
"3454",2016,"0545",6.1,1281,218,91,1590,107,39,38,30,0,14,0,0,,11.84
"3454",2017,"0545",5.2,1289,225,82,1596,99,38,,29,0,13,,,13,10.75
"3454",2018,"0545",3.7,1285,234,82,1601,101,41,,32,0,16,,,7,12.165
"3454",2019,"0545",3.7,1285,237,88,1610,101,41,,32,0,15,,,8,13.05
"3454",2020,"3454",3.5,1253,238,87,1578,105,39,,38,0,18,,6,7,13.79
"3454",2021,"3454",3.8,1241,242,90,1573,100,39,,40,0,10,,,5,13.865
"3454",2022,"3454",4.3,1254,243,90,1587,80,37,,28,0,15,,,7,14.95
"3454",2023,"3454",4,1298,246,92,1636,86,37,,28,0,17,,,8,18.87
"3454",2024,"3454",7.5,1296,251,98,1645,80,26,,35,0,15,,,7,19
"3454",2025,"3454",8.1,1276,265,107,1648,88,30,,37,0,14,,,8,16
"3901",2007,"0701",,21559,2281,1171,25011,926,368,153,405,,,,,,
"3901",2008,"0701",5.5,21603,2330,1165,25098,925,379,152,394,139,,,,,
"3901",2009,"0701",5.2,21932,2367,1172,25471,961,392,155,414,142,103,0,,74,
"3901",2010,"0701",4.2,22103,2398,1177,25678,862,368,145,349,84,168,0,,131,
"3901",2011,"0701",4.1,22351,2490,1195,26036,881,384,171,326,62,171,6,31,134,
"3901",2012,"0701",4,22485,2626,1196,26307,909,400,175,334,64,164,5,34,125,
"3901",2013,"0701",4.1,22644,2735,1216,26595,948,448,172,328,57,171,0,,136,
"3901",2014,"0701",4.2,22591,2916,1244,26751,1003,492,176,335,59,172,0,34,138,
"3901",2015,"0701",4.1,22592,3031,1280,26903,955,430,193,332,82,172,0,,131,162.985
"3901",2016,"0701",3.82,22742,3139,1297,27178,1010,462,183,365,94,161,5,33,123,169.39
"3901",2017,"0701",3.7,22641,3255,1306,27202,1022,503,,358,83,155,,,123,180.28
"3901",2018,"0701",3.6,22640,3357,1320,27317,1046,542,,345,95,151,,,118,174.87
"3901",2019,"0701",3.2,22545,3451,1338,27334,1028,555,,325,87,150,,,114,174.23
"3901",2020,"3801",3.2,22439,3554,1358,27351,1002,512,,311,88,161,5,40,116,190.305
"3901",2021,"3801",3.5,22430,3669,1411,27510,997,518,,316,81,153,6,36,111,192.89
"3901",2022,"3801",3.6,22321,3758,1423,27502,982,502,,307,82,136,,,100,183.83
"3901",2023,"3801",4.1,22415,3824,1443,27682,925,435,,311,86,124,,,98,181.91
"3901",2024,"3901",4.1,22501,3906,1532,27939,891,386,,337,86,109,,,86,184
"3901",2025,"3901",4.2,22477,3919,1643,28039,865,360,,318,133,104,5,16,83,167
"3903",2007,"0702+0713+0714",,17909,1765,978,20652,850,369,137,344,,,,,,
"3903",2008,"0702+0713+0714",4.62064965197216,18128,1802,995,20925,862,379,139,344,124,,,,,
"3903",2009,"0702+0713+0714",4.93360091743119,18422,1831,983,21236,872,392,133,347,134,111,0,11,75,
"3903",2010,"0702+0713+0714",5.13478747203579,18550,1908,974,21432,894,396,140,358,128,113,0,,87,
"3903",2011,"0702+0713+0714",4.39065315315315,18792,1984,978,21754,888,411,129,348,127,112,0,6,88,
"3903",2012,"0702+0713+0714",4.74310747663551,18908,2111,960,21979,856,368,141,347,131,104,0,7,78,
"3903",2013,"0702+0713+0714",4.77205040091638,19078,2205,962,22245,873,376,159,338,97,110,0,5,88,
"3903",2014,"0702+0713+0714",5.07819209039548,19276,2354,953,22583,885,397,164,324,111,120,5,17,91,
"3903",2015,"0702+0713+0714",5.20031395348837,19474,2481,969,22924,860,390,169,301,103,110,0,11,78,115.875
"3903",2016,"0702+0713+0714",4.80788562434418,19585,2650,966,23201,953,470,185,298,115,121,0,16,85,116.175
"3903",2017,"0702+0713+0714",4.23763874873865,19763,2801,969,23533,991,508,,307,122,117,,27,60,130.98
"3903",2018,"0713+0715",5.90824949698189,20025,2931,982,23938,994,498,,301,148,103,,26,50,132.77
"3903",2019,"0713+0715",6.45911823647295,20240,3019,1016,24275,998,507,,290,150,106,,32,52,134.855
"3903",2020,"3802",12.3,20473,3176,1050,24699,843,366,,284,140,105,5,29,71,131.025
"3903",2021,"3802",10.6,20634,3282,1095,25011,903,404,,288,144,111,,32,73,131.22
"3903",2022,"3802",8.1,21132,3428,1121,25681,1067,567,,293,129,99,,33,60,136.775
"3903",2023,"3802",7.9,21492,3537,1177,26206,1133,579,,312,135,95,,32,57,151.115
"3903",2024,"3903",7.9,21987,3659,1226,26872,1134,560,,346,133,97,,35,55,166
"3903",2025,"3903",9.1,21965,3712,1328,27005,974,422,,364,142,92,,27,58,168
"3905",2007,"0704+0716",,39400,4115,2299,45814,2187,742,446,999,,,,,,
"3905",2008,"0704+0716",4.21745602165088,40342,4184,2310,46836,2217,819,411,987,262,,,,,
"3905",2009,"0704+0716",3.98709390298175,40947,4162,2332,47441,2247,870,389,988,261,256,12,43,201,
"3905",2010,"0704+0716",4.17466547725245,41558,4178,2341,48077,2242,880,397,965,268,256,9,50,197,
"3905",2011,"0704+0716",4.04766313932981,41926,4308,2345,48579,2268,927,378,963,259,254,0,47,198,
"3905",2012,"0704+0716",3.77221727515583,42753,4486,2374,49613,2246,895,384,967,380,269,,41,217,
"3905",2013,"0704+0716",3.82444046553268,43198,4584,2451,50233,2234,894,404,936,296,273,0,,216,
"3905",2014,"0704+0716",3.65488867376573,43398,4864,2432,50694,2066,849,394,823,268,291,7,35,240,
"3905",2015,"0704+0716",3.9893952734013,43662,5132,2379,51173,2158,909,388,861,282,318,22,41,252,279.35
"3905",2016,"0704+0716",4.29381078691424,43863,5369,2405,51637,2262,970,401,891,249,323,23,46,252,294.51
"3905",2017,"0704+0716",4.01975149957155,46222,5718,2468,54408,2334,1015,,909,275,340,17,55,263,306.53
"3905",2018,"0704+0716",4.31749571183533,46495,5959,2527,54981,2332,1057,,862,300,353,,54,280,299.585
"3905",2019,"0704+0716",4.21609987085665,47013,6134,2559,55706,2323,1051,,849,297,327,17,58,250,349.36
"3905",2020,"3803",5.2,47337,6372,2584,56293,2273,1173,,710,303,332,18,62,252,369.01
"3905",2021,"3803",5.6,47780,6564,2682,57026,2290,1190,,690,358,333,24,69,240,382.21
"3905",2022,"3803",6.2,48232,6846,2716,57794,2284,1171,,707,322,343,31,78,234,393.125
"3905",2023,"3803",5.9,48692,7106,2763,58561,2291,1158,,710,310,351,36,78,237,431.96
"3905",2024,"3905",7.7,49034,7279,2861,59174,1817,764,,677,361,326,31,69,226,428
"3905",2025,"3905",7.9,49365,7488,2977,59830,1788,719,,669,400,321,34,72,215,402
"3907",2007,"0706+0719+0720",,49564,5135,2580,57279,2377,1032,442,903,,,,,,
"3907",2008,"0706+0719+0720",3.94291982449142,50195,5223,2632,58050,2507,1142,442,923,247,,,,,
"3907",2009,"0706+0719+0720",4.56650062266501,50896,5223,2642,58761,2409,1085,415,909,236,275,0,47,214,
"3907",2010,"0706+0719+0720",4.26228571428571,51505,5274,2635,59414,2450,1075,445,930,255,270,0,41,207,
"3907",2011,"0706+0719+0720",4.14709527498063,52045,5470,2634,60149,2582,1190,471,921,262,284,9,51,207,
"3907",2012,"0706+0719+0720",4.37350230414746,52412,5718,2646,60776,2604,1234,457,913,250,327,0,55,254,
"3907",2013,"0706+0719+0720",4.48477611940299,52912,5904,2757,61573,2680,1308,435,937,267,321,17,44,246,
"3907",2014,"0706+0719+0720",4.75324294613412,53168,6284,2752,62204,2729,1359,458,912,250,308,19,44,229,
"3907",2015,"0706+0719+0720",4.00186100248845,53246,6677,2724,62647,2813,1410,471,932,272,306,16,66,217,323.725
"3907",2016,"0706+0719+0720",3.84374572210815,53696,6960,2758,63414,2922,1507,482,933,280,317,16,66,226,332.965
"3907",2017,"0710",4,52211,6994,2814,62019,2939,1573,,896,285,321,25,68,228,359.14
"3907",2018,"0710",3.8,52527,7227,2861,62615,2966,1595,,879,295,314,28,67,219,387.995
"3907",2019,"0710",3.7,52907,7454,2910,63271,3035,1637,,897,300,303,30,57,216,403.63
"3907",2020,"3804",3.9,53086,7685,2993,63764,3066,1702,,881,281,309,29,58,222,398.155
"3907",2021,"3804",3.8,53291,7950,3104,64345,3066,1668,,870,277,326,32,62,232,388.09
"3907",2022,"3804",3.9,53570,8236,3137,64943,3190,1643,,983,266,314,25,85,204,409.195
"3907",2023,"3804",3.6,53885,8475,3214,65574,3189,1603,,961,413,330,,85,214,419.025
"3907",2024,"3907",3.7,54233,8661,3337,66231,2943,1405,,946,412,337,29,88,220,428
"3907",2025,"3907",4.8,54449,8726,3583,66758,2492,975,,939,473,331,24,88,219,444
"3909",2007,"0709+0728",,37072,4256,2456,43784,1937,781,350,806,,,,,,
"3909",2008,"0709+0728",3.83829344432882,37382,4308,2416,44106,1922,795,340,787,126,,,,,
"3909",2009,"0709+0728",4.34339720352149,37805,4272,2426,44503,1931,863,305,763,136,278,11,48,212,
"3909",2010,"0709+0728",3.88100616016427,38081,4314,2426,44821,1948,860,307,781,152,270,10,41,213,
"3909",2011,"0709+0728",3.51592391304348,38329,4308,2421,45058,1840,852,280,708,266,254,9,42,200,
"3909",2012,"0709+0728",3.85205784204672,38456,4528,2376,45360,1798,864,277,657,278,229,13,33,180,
"3909",2013,"0709+0728",3.9507876154264,38500,4658,2409,45567,1841,840,297,704,291,234,14,39,177,
"3909",2014,"0709+0728",3.24769874476987,38404,4946,2368,45718,1912,865,318,729,292,265,,44,198,
"3909",2015,"0709+0728",3.50174394099052,38396,5207,2366,45969,1898,885,289,724,315,310,0,52,239,279.71
"3909",2016,"0709+0728",3.90384818133896,38516,5427,2398,46341,1897,863,323,711,233,309,,54,229,300.79
"3909",2017,"0709+0728",3.72573529411765,38524,5652,2381,46557,1904,888,,682,233,320,,46,251,312.395
"3909",2018,"0712",3.7,38580,5818,2403,46801,1923,921,,687,273,322,23,54,245,322.96
"3909",2019,"0712",3.5,38592,6061,2454,47107,1939,916,,702,268,316,25,57,234,319.73
"3909",2020,"3805",3.8,38389,6282,2533,47204,1934,933,,658,270,337,,71,245,310.885
"3909",2021,"3805",3.6,38298,6604,2597,47499,1965,939,,673,270,329,21,66,242,323.7
"3909",2022,"3805",3.8,38300,6856,2621,47777,2057,1023,,658,270,305,21,63,221,328.245
"3909",2023,"3805",3.4,38522,7108,2616,48246,2105,1039,,658,282,322,,75,227,324.075
"3909",2024,"3909",3.7,38736,7304,2675,48715,1945,905,,674,279,297,15,68,214,313
"3909",2025,"3909",4.1,38672,7344,2854,48870,1748,673,,695,282,303,18,73,212,310
"3911",2007,"0722+0723",,21167,2423,1208,24798,911,288,173,450,,,,,,
"3911",2008,"0722+0723",4.55860215053763,21262,2448,1245,24955,930,316,168,446,70,,,,,
"3911",2009,"0722+0723",4.09119683481701,21549,2443,1271,25263,1011,382,187,442,76,151,0,20,118,
"3911",2010,"0722+0723",3.51631205673759,21673,2478,1247,25398,987,370,187,430,84,148,0,17,108,
"3911",2011,"0722+0723",3.78897715988083,21822,2548,1265,25635,1007,390,193,424,69,152,0,17,116,
"3911",2012,"0722+0723",3.26625239005736,21910,2617,1281,25808,1046,456,162,428,70,146,0,19,112,
"3911",2013,"0722+0723",2.9153987167736,21919,2734,1312,25965,1091,498,166,427,68,135,0,24,99,
"3911",2014,"0722+0723",2.95647263249348,22094,2922,1314,26330,1151,511,204,436,74,144,0,26,103,
"3911",2015,"0722+0723",3.16258682101514,22075,3048,1322,26445,1123,479,201,443,77,150,0,22,110,173.97
"3911",2016,"0722+0723",3.42583120204604,22084,3176,1332,26592,1173,512,223,438,89,152,0,23,110,175.08
"3911",2017,"0722+0723",3.8447857720291,22019,3321,1336,26676,1237,549,,464,90,160,,26,108,186.165
"3911",2018,"0729",3.6,21962,3413,1359,26734,1260,598,,452,132,155,11,32,112,181.905
"3911",2019,"0729",3.5,21806,3502,1392,26700,1416,721,,449,143,151,,35,106,191.945
"3911",2020,"3811",3.4,21707,3616,1407,26730,1398,720,,461,130,151,12,36,103,196.86
"3911",2021,"3811",3.9,21755,3734,1468,26957,1469,757,,468,141,161,,43,107,197.845
"3911",2022,"3811",4.6,21718,3940,1507,27165,1543,805,,464,140,147,9,42,96,188.895
"3911",2023,"3811",3.6,21738,4029,1519,27286,1660,875,,473,153,167,10,49,108,188.055
"3911",2024,"3911",4.3,21781,4125,1595,27501,1651,870,,481,160,160,8,42,110,202
"3911",2025,"3911",3.9,21701,4184,1684,27569,1711,869,,512,156,157,,38,108,209
"4001",2007,"0805",,29015,3088,1874,33977,1245,513,206,526,,,,,,
"4001",2008,"0805",3.8,29215,3107,1864,34186,1287,576,178,533,102,,,,,
"4001",2009,"0805",3.6,29481,3065,1831,34377,1419,695,214,510,108,232,,42,178,
"4001",2010,"0805",3.5,29662,3142,1819,34623,1435,713,200,522,97,225,,38,174,
"4001",2011,"0805",3.3,29989,3252,1802,35043,1468,724,232,512,103,231,,38,180,
"4001",2012,"0805",3.4,30039,3394,1786,35219,1519,757,245,517,106,239,,37,187,
"4001",2013,"0805",3.5,30092,3541,1759,35392,1541,740,284,517,106,249,,34,196,
"4001",2014,"0805",3.4,30059,3735,1722,35516,1556,752,286,518,110,228,16,35,177,
"4001",2015,"0805",3.415,30139,3924,1692,35755,1526,735,278,513,123,229,,44,171,237.31
"4001",2016,"0805",3.525,30188,4074,1693,35955,1455,691,284,480,136,215,,43,157,238.08
"4001",2017,"0805",3.5,30320,4189,1689,36198,1500,709,,489,128,230,,41,178,246.045
"4001",2018,"0805",3.2,30058,4315,1718,36091,1437,707,,444,129,226,,42,175,260.165
"4001",2019,"0805",3.5,30051,4458,1715,36224,1409,686,,446,137,234,,48,177,268.035
"4001",2020,"3806",3.4,30051,4598,1748,36397,1412,668,,449,135,218,,47,163,284.185
"4001",2021,"3806",3.2,30036,4717,1773,36526,1447,648,,475,108,215,5,63,147,257.115
"4001",2022,"3806",3,29948,4868,1808,36624,1407,633,,443,109,225,5,73,147,262.23
"4001",2023,"3806",3.2,30265,4933,1858,37056,1436,651,,451,200,237,7,61,169,258.065
"4001",2024,"4001",3.1,30241,5009,1943,37193,1407,603,,470,209,210,,57,108,259
"4001",2025,"4001",3.1,30186,5030,2073,37289,1403,591,,485,207,231,8,56,167,268
"4003",2007,"0806",,43511,4520,2665,50696,1759,632,322,805,,,,,,
"4003",2008,"0806",5.8,43720,4514,2630,50864,1823,790,293,740,176,,,,,
"4003",2009,"0806",4.8,44255,4521,2583,51359,2029,914,353,762,233,337,40,49,248,
"4003",2010,"0806",4.6,44512,4594,2562,51668,2085,885,352,848,226,307,23,44,240,
"4003",2011,"0806",8,44814,4684,2579,52077,1972,827,342,803,229,311,16,42,253,
"4003",2012,"0806",8.3,45013,4919,2577,52509,2116,894,380,842,247,292,,44,236,
"4003",2013,"0806",4.6,45330,5134,2551,53015,2017,932,333,752,255,292,5,49,238,
"4003",2014,"0806",4.3,45413,5511,2515,53439,2023,927,335,761,252,301,0,,243,
"4003",2015,"0806",3.895,45417,5829,2499,53745,2010,945,363,702,263,299,0,,244,255.855
"4003",2016,"0806",3.775,45426,6081,2445,53952,2003,931,386,686,263,307,8,57,242,269.945
"4003",2017,"0806",3.7,45509,6368,2439,54316,1983,905,,689,243,303,9,54,240,320.95
"4003",2018,"0806",4,45444,6577,2489,54510,1923,851,,705,247,317,9,65,243,326.85
"4003",2019,"0806",4,45345,6727,2573,54645,1915,834,,691,260,329,9,79,241,349.065
"4003",2020,"3807",4.3,45412,6924,2606,54942,1851,822,,653,261,301,8,67,226,363.2
"4003",2021,"3807",4.1,45393,7104,2647,55144,1909,863,,651,263,308,12,75,221,366.015
"4003",2022,"3807",13,45551,7318,2644,55513,1971,878,,668,267,298,13,83,202,368.235
"4003",2023,"3807",12.4,45700,7510,2714,55924,2038,927,,657,248,344,,73,260,354.24
"4003",2024,"4003",12.3,46122,7650,2847,56619,2103,918,,672,253,356,,70,272,380
"4003",2025,"4003",9.7,46121,7714,3031,56866,2495,927,,976,245,356,,78,267,364
"4005",2007,"0807",,10043,1295,883,12221,635,238,123,274,,,,,,
"4005",2008,"0807",2.5,10080,1283,869,12232,720,294,134,292,106,,,,,
"4005",2009,"0807",2.5,10155,1285,873,12313,751,322,129,300,104,135,,16,113,
"4005",2010,"0807",2.4,10241,1280,869,12390,771,337,120,314,124,113,,13,94,
"4005",2011,"0807",2.4,10246,1271,879,12396,829,357,111,361,137,94,,9,79,
"4005",2012,"0807",2.3,10288,1282,899,12469,832,355,128,349,152,74,,7,62,
"4005",2013,"0807",2.5,10299,1358,840,12497,848,350,143,355,157,63,,14,43,
"4005",2014,"0807",2.6,10375,1405,829,12609,762,299,131,332,160,48,,10,32,
"4005",2015,"0807",2.88,10369,1442,788,12599,705,264,123,318,168,39,,11,23,66.38
"4005",2016,"0807",3.195,10460,1499,758,12717,698,274,136,288,169,43,,10,29,71.475
"4005",2017,"0807",3.4,10456,1563,738,12757,661,252,,276,156,45,7,14,24,74.575
"4005",2018,"0807",3.7,10351,1601,712,12664,688,267,,275,160,48,6,11,31,76.775
"4005",2019,"0807",3.7,10318,1635,729,12682,696,288,,261,157,46,5,10,31,73.89
"4005",2020,"3808",3.5,10576,1726,747,13049,709,310,,253,155,45,,,35,72.15
"4005",2021,"3808",3.8,10482,1767,745,12994,735,318,,262,158,43,,,34,75.075
"4005",2022,"3808",3.9,10457,1806,766,13029,692,292,,258,149,52,,,39,75.92
"4005",2023,"3808",4,10403,1843,779,13025,661,288,,230,131,68,7,16,45,69.155
"4005",2024,"4005",3.9,10544,1935,787,13266,671,269,,236,124,68,,16,47,62
"4005",2025,"4005",3.5,10549,1965,819,13333,728,318,,243,124,68,5,16,47,62
"4010",2007,"0811",,2074,191,97,2362,84,41,13,30,,,,,,
"4010",2008,"0811",1.9,2096,193,91,2380,99,57,13,29,,,,,,
"4010",2009,"0811",1.8,2114,197,93,2404,97,54,12,31,,13,0,,6,
"4010",2010,"0811",1,2114,205,93,2412,64,26,10,28,,11,,,5,
"4010",2011,"0811",1.1,2117,213,89,2419,75,29,16,30,,14,0,,11,
"4010",2012,"0811",1.8,2119,219,94,2432,86,33,17,36,,12,0,,6,
"4010",2013,"0811",2,2084,242,100,2426,71,24,11,36,,12,0,,7,
"4010",2014,"0811",2.1,2029,268,107,2404,70,27,12,31,,12,0,,6,
"4010",2015,"0811",2.2,1986,264,111,2361,69,22,12,35,,13,0,,7,13.105
"4010",2016,"0811",2.405,1952,267,116,2335,92,36,17,39,,13,0,0,13,14.235
"4010",2017,"0811",3.6,1959,279,119,2357,106,50,,41,,11,,,6,14.96
"4010",2018,"0811",2.7,1954,275,122,2351,107,50,,40,,15,,,7,13.84
"4010",2019,"0811",3.9,1927,269,133,2329,112,48,,47,,16,,,16,14.155
"4010",2020,"3812",3.7,1921,281,138,2340,122,51,,52,,15,,,12,16.1
"4010",2021,"3812",3.2,1914,296,137,2347,131,53,,55,,17,,,14,15.925
"4010",2022,"3812",3.5,1902,309,138,2349,109,32,,50,,15,,,8,17.925
"4010",2023,"3812",3.6,1915,318,142,2375,136,48,,54,,15,,,12,19.945
"4010",2024,"4010",3.3,1896,340,146,2382,137,47,,54,,18,,,10,20
"4010",2025,"4010",2.7,1887,351,151,2389,131,52,,43,3,19,,,13,21
"4012",2007,"0814",,12430,1119,512,14061,444,191,69,184,,,,,,
"4012",2008,"0814",11,12459,1137,513,14109,499,205,88,206,67,,,,,
"4012",2009,"0814",10.1,12412,1162,523,14097,520,236,88,196,68,21,0,,13,
"4012",2010,"0814",8.3,12380,1202,525,14107,504,222,82,200,81,21,0,,14,
"4012",2011,"0814",9.2,12250,1248,532,14030,540,258,102,180,82,31,0,6,25,
"4012",2012,"0814",9.1,12181,1404,521,14106,559,274,98,187,81,33,0,,25,
"4012",2013,"0814",10.5,12106,1506,517,14129,562,281,96,185,85,34,,7,25,
"4012",2014,"0814",9.4,12067,1603,523,14193,570,285,102,183,88,33,0,9,17,
"4012",2015,"0814",8.615,11898,1720,522,14140,601,296,104,201,84,34,0,9,18,81.035
"4012",2016,"0814",8.39,11747,1791,550,14088,625,305,117,203,93,33,0,,26,85.21
"4012",2017,"0814",8.8,11709,1874,555,14138,592,284,,188,88,38,,,28,94.74
"4012",2018,"0814",9,11681,1936,566,14183,604,289,,189,88,39,,,29,89.78
"4012",2019,"0814",8.6,11513,1995,581,14089,573,289,,173,96,37,,,30,95.88
"4012",2020,"3813",8.6,11415,2046,600,14061,593,305,,173,91,38,,12,26,97.3
"4012",2021,"3813",7.1,11313,2070,631,14014,664,358,,183,99,36,,11,25,90.935
"4012",2022,"3813",6.5,11245,2151,660,14056,658,382,,166,100,37,,11,15,94.855
"4012",2023,"3813",5.8,11268,2217,687,14172,685,371,,201,98,39,,12,27,87.21
"4012",2024,"4012",6.2,11272,2254,743,14269,657,329,,211,108,39,,14,25,87
"4012",2025,"4012",6.8,11244,2237,829,14310,556,240,,202,108,37,,9,28,82
"4014",2007,"0815",,8897,1019,565,10481,520,180,108,232,,,,,,
"4014",2008,"0815",6.6,9019,1046,549,10614,436,167,86,183,150,,,,,
"4014",2009,"0815",6.4,9031,1034,555,10620,618,251,122,245,147,43,0,,36,
"4014",2010,"0815",6.1,9003,1072,545,10620,573,226,113,234,150,41,0,,34,
"4014",2011,"0815",5.7,9035,1112,548,10695,542,221,106,215,145,42,0,,35,
"4014",2012,"0815",5.2,9001,1172,537,10710,531,228,106,197,153,36,0,,27,
"4014",2013,"0815",4.3,8957,1218,525,10700,520,223,102,195,142,33,0,8,25,
"4014",2014,"0815",5.1,8780,1314,527,10621,564,227,135,202,147,34,0,6,28,
"4014",2015,"0815",5.71,8662,1441,533,10636,566,244,123,199,137,33,0,,25,55.23
"4014",2016,"0815",6.32,8566,1494,547,10607,578,243,118,217,148,34,0,,27,61.835
"4014",2017,"0815",7.8,8457,1570,559,10586,595,239,,222,143,30,,,25,68.99
"4014",2018,"0815",7.9,8299,1631,576,10506,570,237,,200,141,30,,,22,66.89
"4014",2019,"0815",7.4,8156,1665,585,10406,554,230,,197,137,33,,,24,65.87
"4014",2020,"3814",7.7,8083,1697,600,10380,568,242,,198,134,33,,,21,63.03
"4014",2021,"3814",9.6,8034,1752,630,10416,543,233,,185,129,33,,10,15,62.9
"4014",2022,"3814",8.8,7922,1812,617,10351,586,252,,199,131,28,,11,12,69.22
"4014",2023,"3814",8,7942,1844,627,10413,585,265,,195,127,30,,10,14,75.8
"4014",2024,"4014",6.7,7956,1837,652,10445,592,282,,189,117,39,,12,20,76
"4014",2025,"4014",6.7,7898,1862,686,10446,621,298,,199,105,37,,13,18,74
"4016",2007,"0817",,3414,416,306,4136,205,50,38,117,,,,,,
"4016",2008,"0817",4.3,3410,393,308,4111,202,49,40,113,21,,,,,
"4016",2009,"0817",3.4,3437,400,301,4138,238,74,35,129,22,26,0,,15,
"4016",2010,"0817",3.9,3434,425,300,4159,237,78,34,125,22,28,0,,13,
"4016",2011,"0817",3.2,3413,419,292,4124,252,93,43,116,48,30,0,5,25,
"4016",2012,"0817",2.8,3400,438,288,4126,251,96,43,112,42,34,0,6,28,
"4016",2013,"0817",3.1,3401,453,285,4139,248,94,46,108,47,37,0,,30,
"4016",2014,"0817",2.5,3393,471,271,4135,235,94,36,105,45,26,0,,18,
"4016",2015,"0817",2.51,3369,482,260,4111,246,89,45,112,47,28,0,,21,29.155
"4016",2016,"0817",2.11,3362,513,261,4136,252,88,43,121,45,30,0,,22,26.87
"4016",2017,"0817",2.3,3357,541,250,4148,231,92,,98,43,31,,,17,27.85
"4016",2018,"0817",2.3,3324,546,235,4105,226,85,,97,39,30,,8,22,30.775
"4016",2019,"0817",3.1,3302,561,217,4080,243,108,,93,43,27,,5,22,34.885
"4016",2020,"3815",3.9,3259,582,219,4060,234,102,,87,40,33,,9,24,39.09
"4016",2021,"3815",3.6,3262,595,214,4071,236,114,,73,28,31,,,15,37.19
"4016",2022,"3815",2.5,3267,610,216,4093,272,134,,81,27,34,,,22,37.985
"4016",2023,"3815",2.5,3254,617,220,4091,284,146,,77,26,28,,9,19,38.025
"4016",2024,"4016",3.2,3244,623,219,4086,284,146,,83,28,27,,9,18,39
"4016",2025,"4016",3,3207,622,238,4067,272,148,,74,27,26,,8,18,35
"4018",2007,"0819",,5497,663,416,6576,402,217,73,112,,,,,,
"4018",2008,"0819",3.9,5537,642,422,6601,448,255,72,121,60,,,,,
"4018",2009,"0819",4,5495,645,417,6557,444,244,72,128,61,61,0,,44,
"4018",2010,"0819",4.8,5457,657,413,6527,407,206,66,135,98,69,,13,53,
"4018",2011,"0819",3.2,5480,657,424,6561,415,213,66,136,98,67,0,,54,
"4018",2012,"0819",3.1,5469,689,421,6579,409,209,67,133,65,64,0,,48,
"4018",2013,"0819",3.6,5493,723,409,6625,433,213,81,139,80,65,0,,49,
"4018",2014,"0819",4.1,5462,780,401,6643,351,127,76,148,83,67,0,,51,
"4018",2015,"0819",3.38,5415,808,407,6630,479,266,72,141,85,61,0,,44,49.245
"4018",2016,"0819",4.12,5305,829,400,6534,464,246,75,143,81,63,0,,45,47.965
"4018",2017,"0819",4,5332,873,380,6585,496,267,,140,80,56,,,43,51.815
"4018",2018,"0819",3.9,5345,896,368,6609,509,273,,139,82,65,,16,49,53.83
"4018",2019,"0819",4.9,5272,901,365,6538,487,264,,134,73,63,,15,48,54.865
"4018",2020,"3816",3.8,5230,922,363,6515,450,234,,127,74,62,,,50,54.98
"4018",2021,"3816",3.8,5179,948,361,6488,450,233,,127,77,64,,,53,53.98
"4018",2022,"3816",3.8,5165,946,383,6494,454,239,,126,77,61,,,51,55.07
"4018",2023,"3816",2.1,5219,954,386,6559,511,304,,119,72,61,,,48,59.855
"4018",2024,"4018",2.2,5174,986,379,6539,507,299,,124,69,59,,16,43,63
"4018",2025,"4018",2.3,5164,1008,386,6558,509,306,,107,61,55,,19,36,60
"4020",2007,"0821+0822",,8226,875,509,9610,327,94,65,168,,,,,,
"4020",2008,"0821+0822",8.63561643835616,8313,872,517,9702,365,103,78,184,43,,,,,
"4020",2009,"0821+0822",4.92907268170426,8353,902,537,9792,399,126,81,192,82,68,0,,51,
"4020",2010,"0821+0822",4.836,8401,919,545,9865,450,166,83,201,41,71,0,9,54,
"4020",2011,"0821+0822",4.44807692307692,8522,959,536,10017,468,168,86,214,94,70,0,8,53,
"4020",2012,"0821+0822",4.91190476190476,8559,974,547,10080,462,164,85,213,97,66,0,7,56,
"4020",2013,"0821+0822",4.16747252747253,8586,1023,551,10160,455,176,75,204,57,59,0,5,47,
"4020",2014,"0821+0822",4.37264367816092,8533,1083,543,10159,435,152,67,216,59,59,0,,45,
"4020",2015,"0821+0822",4.18933260393873,8651,1118,554,10323,457,180,70,207,44,74,0,7,44,52.965
"4020",2016,"0821+0822",5.23881914893617,8733,1157,549,10439,470,211,78,181,30,86,0,,70,59.785
"4020",2017,"0821+0822",4.82068965517241,8836,1199,530,10565,464,209,,172,27,85,,,67,59.165
"4020",2018,"0821+0822",4.36017699115044,9042,1263,514,10819,452,199,,164,23,86,,,68,66.92
"4020",2019,"0821+0822",3.63385300668151,9107,1310,506,10923,449,196,,161,19,85,,,67,69.92
"4020",2020,"3817",4.2,8655,1285,504,10444,467,200,,168,30,81,,,66,66.005
"4020",2021,"3817",3.7,8619,1337,505,10461,502,218,,182,40,72,,,53,61.83
"4020",2022,"3817",3.7,8641,1363,535,10539,492,223,,173,47,70,,,50,61.82
"4020",2023,"3817",4,8774,1416,545,10735,456,195,,170,47,62,,16,29,73.845
"4020",2024,"4020",3.2,8899,1430,575,10904,451,179,,173,45,56,,,41,71
"4020",2025,"4020",3.1,9072,1463,600,11135,431,170,,169,46,61,,,42,77
"4022",2007,"0828",,2428,322,183,2933,155,45,41,69,,,,,,
"4022",2008,"0828",1.9,2427,317,186,2930,164,47,39,78,22,,,,,
"4022",2009,"0828",2,2428,308,189,2925,155,45,33,77,23,25,0,7,14,
"4022",2010,"0828",2.1,2457,318,191,2966,149,43,31,75,21,25,,6,12,
"4022",2011,"0828",2.1,2447,317,191,2955,144,40,33,71,22,29,,8,18,
"4022",2012,"0828",2.1,2437,339,183,2959,139,49,23,67,21,25,,,19,
"4022",2013,"0828",2.4,2412,352,181,2945,160,52,28,80,24,32,0,,23,
"4022",2014,"0828",2.4,2440,359,190,2989,161,52,31,78,24,25,0,7,12,
"4022",2015,"0828",2.775,2452,368,182,3002,154,45,36,73,25,26,0,,20,22.995
"4022",2016,"0828",3.38,2414,386,191,2991,155,49,41,65,29,26,0,,20,23.835
"4022",2017,"0828",2.4,2404,396,179,2979,168,67,,56,26,24,,,18,24.2
"4022",2018,"0828",2.4,2381,415,163,2959,184,75,,66,23,27,,,19,25.235
"4022",2019,"0828",2.3,2334,435,165,2934,170,72,,54,21,25,,8,17,23.195
"4022",2020,"3820",2.4,2270,456,162,2888,172,60,,64,23,26,,7,19,23.205
"4022",2021,"3820",2.6,2258,475,167,2900,162,56,,61,21,24,,11,6,23.135
"4022",2022,"3820",2.8,2243,490,156,2889,156,50,,62,22,23,,,16,22.855
"4022",2023,"3820",2,2279,492,168,2939,164,67,,55,21,22,,,14,18.82
"4022",2024,"4022",1.6,2321,483,175,2979,183,83,,61,20,25,,,16,25
"4022",2025,"4022",1.7,2311,480,190,2981,180,78,,59,21,22,,7,9,28
"4024",2007,"0827",,1315,189,115,1619,78,20,24,34,,,,,,
"4024",2008,"0827",,1312,182,125,1619,80,25,19,36,9,,,,,
"4024",2009,"0827",2.5,1309,174,130,1613,92,29,19,44,8,27,,8,16,
"4024",2010,"0827",2.4,1284,177,126,1587,105,37,20,48,9,22,0,,15,
"4024",2011,"0827",1.9,1289,176,132,1597,107,41,19,47,8,27,0,,20,
"4024",2012,"0827",1.7,1284,188,130,1602,106,43,20,43,8,26,0,,22,
"4024",2013,"0827",1.4,1297,189,123,1609,116,54,19,43,8,24,0,,12,
"4024",2014,"0827",1.6,1286,200,116,1602,96,35,19,42,7,17,0,,8,
"4024",2015,"0827",2.025,1263,218,113,1594,110,44,28,38,7,20,0,,15,12.985
"4024",2016,"0827",2.315,1271,229,113,1613,95,31,24,40,7,18,0,,14,13.215
"4024",2017,"0827",3.8,1260,224,109,1593,100,37,,43,,16,,,8,15.205
"4024",2018,"0827",3.9,1239,242,106,1587,98,36,,41,,18,,,14,14.08
"4024",2019,"0827",2,1227,236,109,1572,97,34,,45,,16,,,13,16.835
"4024",2020,"3819",2.6,1221,243,109,1573,91,34,,39,,20,,,10,17.215
"4024",2021,"3819",2.8,1206,244,111,1561,96,35,,43,,22,,5,17,16.845
"4024",2022,"3819",2.8,1203,243,116,1562,96,35,,44,,17,,,10,15.075
"4024",2023,"3819",2.4,1222,253,113,1588,103,41,,42,,16,,,7,16.14
"4024",2024,"4024",3.1,1255,260,115,1630,98,37,,39,12,13,,,6,16
"4024",2025,"4024",2.8,1266,263,117,1646,116,53,,42,13,11,,,5,18
"4026",2007,"0826",,5056,578,486,6120,335,91,65,179,,,,,,
"4026",2008,"0826",3.1,5015,590,461,6066,322,84,58,180,37,,,,,
"4026",2009,"0826",3.1,4969,583,458,6010,324,83,56,185,40,67,0,10,57,
"4026",2010,"0826",3.8,4970,578,474,6022,368,114,54,200,38,64,0,9,55,
"4026",2011,"0826",3.4,4968,586,483,6037,348,110,52,186,39,61,0,9,52,
"4026",2012,"0826",3.8,4911,605,466,5982,340,112,51,177,38,57,0,8,49,
"4026",2013,"0826",3.8,4903,638,432,5973,342,110,57,175,39,61,0,10,51,
"4026",2014,"0826",3.5,4879,660,418,5957,332,112,65,155,40,59,0,6,53,
"4026",2015,"0826",3.485,4821,699,393,5913,329,103,70,156,36,59,0,,46,52.535
"4026",2016,"0826",9.12,4813,744,383,5940,294,89,66,139,38,49,0,10,39,53.155
"4026",2017,"0826",9.7,4741,796,357,5894,289,99,,131,38,55,,11,44,62.93
"4026",2018,"0826",9.6,4674,845,337,5856,297,102,,127,39,57,,16,41,62.155
"4026",2019,"0826",8.7,4569,873,338,5780,315,116,,121,40,55,,11,44,61.855
"4026",2020,"3818",6.1,4455,901,335,5691,320,113,,114,37,51,,9,42,62.245
"4026",2021,"3818",5.2,4346,928,330,5604,323,114,,123,41,56,,15,28,57
"4026",2022,"3818",5.1,4235,947,330,5512,323,101,,126,45,40,,,30,57.86
"4026",2023,"3818",5.2,4248,966,332,5546,332,111,,124,50,39,,,27,54.815
"4026",2024,"4026",3.3,4207,978,348,5533,321,101,,121,49,40,,,31,57
"4026",2025,"4026",3.5,4204,964,361,5529,318,99,,129,50,42,,,31,63
"4028",2008,"0829",3.2,2098,288,177,2563,107,22,20,65,12,,,,,
"4028",2009,"0829",4.8,2088,285,173,2546,131,32,26,73,12,32,0,,29,
"4028",2010,"0829",5.2,2057,290,175,2522,133,34,29,70,12,34,0,,32,
"4028",2011,"0829",4.8,2036,286,179,2501,135,39,28,68,12,35,0,,21,
"4028",2012,"0829",4.9,2046,278,174,2498,126,38,21,67,12,37,0,,32,
"4028",2013,"0829",5.4,2047,288,172,2507,113,30,24,59,12,35,0,,27,
"4028",2014,"0829",5.5,2006,298,164,2468,111,29,26,56,12,37,0,5,32,
"4028",2015,"0829",4.405,1994,304,168,2466,115,29,24,62,11,34,0,,26,21.92
"4028",2016,"0829",4.7,1973,312,163,2448,115,34,22,59,11,32,0,,24,21.88
"4028",2017,"0829",4.7,1963,320,159,2442,123,42,,58,11,20,,,8,22.065
"4028",2018,"0829",4.1,1934,316,147,2397,127,50,,54,11,28,,,23,20.785
"4028",2019,"0829",3.7,1924,328,151,2403,130,48,,58,11,32,,,25,19.925
"4028",2020,"3821",2.7,1900,344,159,2403,171,74,,66,11,30,,5,25,19.895
"4028",2021,"3821",3.8,1894,370,166,2430,179,81,,62,13,28,,,24,23.21
"4028",2022,"3821",3,1913,372,167,2452,184,85,,63,13,27,,,22,22.115
"4028",2023,"3821",2.4,1886,369,172,2427,178,71,,72,13,22,,,17,20.12
"4028",2024,"4028",2.7,1910,377,171,2458,176,66,,71,13,23,,,17,23
"4028",2025,"4028",2.6,1911,385,177,2473,172,70,,64,13,25,,8,9,20
"4030",2007,"0830",,1166,124,85,1375,51,18,14,19,,,,,,
"4030",2008,"0830",5.2,1167,129,82,1378,54,24,12,18,,,,,,
"4030",2009,"0830",12.4,1188,123,82,1393,57,27,11,19,10,18,0,,12,
"4030",2010,"0830",10.8,1197,126,81,1404,59,28,11,20,,17,0,,13,
"4030",2011,"0830",10.2,1193,126,86,1405,64,28,15,21,5,14,0,,7,
"4030",2012,"0830",9.4,1212,138,80,1430,66,26,13,27,,15,0,,8,
"4030",2013,"0830",6.5,1210,138,82,1430,76,35,13,28,,17,0,,8,
"4030",2014,"0830",6.3,1224,149,78,1451,75,32,16,27,,16,0,,9,
"4030",2015,"0830",7.015,1199,164,76,1439,90,43,18,29,0,16,0,,8,14.23
"4030",2016,"0830",6.39,1191,175,77,1443,83,36,19,28,0,16,0,,7,16.935
"4030",2017,"0830",5,1215,188,73,1476,90,39,,32,0,18,,,7,16.12
"4030",2018,"0830",4.7,1217,193,79,1489,93,38,,39,0,12,,,5,17.04
"4030",2019,"0830",4.8,1192,204,80,1476,95,43,,35,0,15,,,7,18.1
"4030",2020,"3822",4.9,1159,214,75,1448,93,44,,33,0,14,,,6,18.88
"4030",2021,"3822",5.1,1123,232,75,1430,96,48,,33,0,12,,,6,17.89
"4030",2022,"3822",6.2,1100,238,76,1414,87,39,,26,0,10,,,6,23.005
"4030",2023,"3822",5.3,1106,260,76,1442,97,40,,36,0,10,,,5,21.18
"4030",2024,"4030",4.5,1125,262,84,1471,83,34,,28,,12,,5,,25
"4030",2025,"4030",3.8,1132,272,82,1486,95,42,,26,11,9,,,,23
"4032",2007,"0831",,1158,129,76,1363,56,10,12,34,,,,,,
"4032",2008,"0831",3,1164,131,80,1375,83,37,11,35,9,,,,,
"4032",2009,"0831",3.6,1170,125,84,1379,87,37,15,35,9,18,0,,10,
"4032",2010,"0831",4,1169,123,89,1381,72,21,13,38,,19,0,,11,
"4032",2011,"0831",5.2,1141,126,84,1351,78,20,19,39,,17,0,,15,
"4032",2012,"0831",5.1,1123,128,84,1335,68,21,14,33,6,20,0,,17,
"4032",2013,"0831",5.6,1134,139,77,1350,57,15,10,32,,17,0,,14,
"4032",2014,"0831",6.1,1077,154,72,1303,58,16,14,28,,17,0,,12,
"4032",2015,"0831",6.98,1072,163,63,1298,62,18,18,26,0,14,0,,6,13.075
"4032",2016,"0831",7.22,1098,167,58,1323,64,15,22,27,0,18,0,5,13,13.955
"4032",2017,"0831",7.8,1081,175,63,1319,63,20,,21,0,17,,,9,14.055
"4032",2018,"0831",5.3,1078,178,64,1320,82,27,,26,0,17,,,9,13.845
"4032",2019,"0831",4.6,1036,182,68,1286,93,34,,31,0,17,,5,12,15.03
"4032",2020,"3823",2.8,1030,188,69,1287,100,38,,37,0,14,,,6,17.13
"4032",2021,"3823",2.6,973,180,75,1228,100,43,,30,0,12,,,7,12.92
"4032",2022,"3823",4.3,944,185,69,1198,94,41,,29,0,16,,,7,13.78
"4032",2023,"3823",6.3,966,191,67,1224,98,41,,29,0,16,,,12,12.78
"4032",2024,"4032",6.3,981,203,72,1256,92,38,,24,0,16,,,14,14
"4032",2025,"4032",3.1,975,205,76,1256,98,45,,29,0,11,,,6,15
"4034",2007,"0833",,1969,256,189,2414,190,97,20,73,,,,,,
"4034",2008,"0833",2.1,1935,249,182,2366,201,116,21,64,49,,,,,
"4034",2009,"0833",3.8,1945,242,176,2363,162,72,30,60,53,29,0,,23,
"4034",2010,"0833",3.1,1909,253,175,2337,168,77,26,65,19,26,0,,21,
"4034",2011,"0833",4,1893,247,176,2316,152,66,20,66,18,31,0,,21,
"4034",2012,"0833",3,1868,248,171,2287,163,77,22,64,25,26,0,7,12,
"4034",2013,"0833",2.7,1866,258,160,2284,148,63,30,55,24,23,0,8,11,
"4034",2014,"0833",2.9,1845,267,145,2257,138,57,32,49,22,28,0,8,12,
"4034",2015,"0833",4.82,1831,277,144,2252,143,70,29,44,23,30,0,8,15,18.035
"4034",2016,"0833",4.515,1829,275,142,2246,156,76,30,50,24,29,0,8,21,18.145
"4034",2017,"0833",4,1810,281,137,2228,167,82,,48,25,25,,7,18,19.17
"4034",2018,"0833",2.9,1809,292,135,2236,184,90,,58,26,24,,5,19,18.985
"4034",2019,"0833",2.6,1790,294,144,2228,184,94,,56,25,25,,6,19,24.875
"4034",2020,"3824",2.2,1750,300,151,2201,197,106,,49,22,21,,5,16,22.75
"4034",2021,"3824",2.4,1711,309,144,2164,215,114,,57,24,22,,7,15,23.985
"4034",2022,"3824",2.6,1672,325,143,2140,154,63,,50,25,20,,,9,18.97
"4034",2023,"3824",2.4,1728,330,140,2198,148,63,,51,25,18,,7,11,16.87
"4034",2024,"4034",2.2,1737,341,134,2212,144,56,,51,21,23,,10,7,20
"4034",2025,"4034",2.2,1761,339,138,2238,147,55,,56,21,20,,8,7,20
"4036",2007,"0834",,3122,362,200,3684,175,47,39,89,,,,,,
"4036",2008,"0834",8.4,3085,354,196,3635,181,54,37,90,33,,,,,
"4036",2009,"0834",8.3,3109,353,200,3662,175,55,35,85,45,30,0,7,23,
"4036",2010,"0834",8.3,3073,372,196,3641,186,57,36,93,40,30,0,,21,
"4036",2011,"0834",7.2,3089,374,198,3661,292,152,51,89,38,30,0,9,13,
"4036",2012,"0834",7.2,3109,406,185,3700,277,140,52,85,53,21,0,5,12,
"4036",2013,"0834",6,3112,425,184,3721,252,110,55,87,59,24,0,6,12,
"4036",2014,"0834",6.2,3082,454,187,3723,248,111,57,80,58,24,0,6,12,
"4036",2015,"0834",5.58,3042,466,181,3689,249,120,48,81,60,33,0,9,24,35.105
"4036",2016,"0834",4.6,3065,464,198,3727,259,128,52,79,58,24,0,8,8,39.16
"4036",2017,"0834",4.8,3051,487,188,3726,267,124,,85,48,24,,,18,40.605
"4036",2018,"0834",4.9,3018,498,193,3709,257,106,,89,41,23,,,11,40.85
"4036",2019,"0834",5.3,3026,503,194,3723,272,121,,91,32,19,,,8,35.085
"4036",2020,"3825",8.1,2973,508,195,3676,280,135,,86,35,23,,,14,38.02
"4036",2021,"3825",7.2,3011,545,200,3756,295,145,,89,35,26,,,15,36.82
"4036",2022,"3825",7.9,2988,558,209,3755,302,143,,100,35,25,,,12,38.2
"4036",2023,"3825",7.3,3044,564,224,3832,285,134,,90,32,22,,,16,37.055
"4036",2024,"4036",7.4,3054,577,220,3851,417,185,,123,32,23,,6,11,43
"4036",2025,"4036",7.2,3040,576,245,3861,343,147,,117,37,22,,,17,37
"4201",2007,"0901",,5750,682,441,6873,355,131,58,166,,,,,,
"4201",2008,"0901",3.3,5755,689,444,6888,328,130,50,148,,,,,,
"4201",2009,"0901",2.6,5780,686,423,6889,343,151,60,132,,58,,5,47,
"4201",2010,"0901",2,5777,704,413,6894,347,160,56,131,,62,,13,44,
"4201",2011,"0901",13.7,5747,709,415,6871,358,158,64,136,,59,,12,41,
"4201",2012,"0901",15.7,5774,725,400,6899,359,177,67,115,,57,,9,41,
"4201",2013,"0901",4.8,5718,764,366,6848,351,172,64,115,7,57,,9,40,
"4201",2014,"0901",4.9,5716,814,369,6899,358,175,73,110,6,49,,8,33,
"4201",2015,"0901",5.085,5685,876,348,6909,363,202,60,101,6,56,,11,37,41.75
"4201",2016,"0901",4.89,5635,923,362,6920,390,213,72,105,8,53,,10,35,55.855
"4201",2017,"0901",5.1,5593,985,358,6936,395,219,,102,27,56,,12,38,53.815
"4201",2018,"0901",5.5,5494,1040,348,6882,366,198,,99,25,55,6,9,40,56.905
"4201",2019,"0901",5.4,5400,1092,356,6848,420,216,,118,29,54,,,42,57.805
"4201",2020,"4201",4.8,5313,1128,368,6809,412,205,,113,25,51,,,38,58.885
"4201",2021,"4201",4.4,5233,1144,385,6762,382,174,,122,25,53,,,39,63.975
"4201",2022,"4201",3.4,5183,1173,379,6735,423,196,,125,25,54,5,11,38,67.225
"4201",2023,"4201",3.4,5221,1181,404,6806,431,227,,124,20,55,5,13,37,64.025
"4201",2024,"4201",3.8,5192,1208,425,6825,369,167,,121,21,55,,15,23,67
"4201",2025,"4201",4.7,5038,1218,431,6687,317,127,,113,21,57,,,39,69
"4202",2007,"0904",,17324,1480,732,19536,611,287,75,249,,,,,,
"4202",2008,"0904",3,17563,1500,746,19809,663,328,88,247,39,,,,,
"4202",2009,"0904",4.4,17836,1539,736,20111,780,422,112,246,30,113,11,15,87,
"4202",2010,"0904",4.8,18160,1596,741,20497,766,426,108,232,121,108,11,16,81,
"4202",2011,"0904",5.3,18407,1686,730,20823,816,448,121,247,114,104,,18,76,
"4202",2012,"0904",5.5,18767,1784,750,21301,849,467,125,257,164,100,,20,72,
"4202",2013,"0904",5.3,18939,1890,765,21594,928,491,149,288,212,98,,18,71,
"4202",2014,"0904",6.3,19007,2006,770,21783,885,444,150,291,148,81,,17,59,
"4202",2015,"0904",6.775,19180,2122,796,22098,938,521,155,262,154,81,,15,58,141.04
"4202",2016,"0904",7.71,19508,2230,812,22550,902,511,150,241,151,72,0,,55,165.635
"4202",2017,"0904",8.6,19541,2321,830,22692,894,532,,221,164,73,,12,54,149.895
"4202",2018,"0904",8.3,19767,2406,844,23017,1009,569,,279,160,77,,17,51,146.01
"4202",2019,"0904",7.7,19942,2430,874,23246,949,588,,215,161,80,,12,62,165.07
"4202",2020,"4202",8.4,20100,2526,918,23544,1004,573,,251,147,90,,18,66,173.03
"4202",2021,"4202",9.1,20345,2598,948,23891,1132,638,,279,158,89,,22,62,186.645
"4202",2022,"4202",8.6,20353,2700,964,24017,1152,639,,293,135,93,,18,71,168.15
"4202",2023,"4202",8.2,20839,2730,1018,24587,1193,702,,285,126,105,,24,73,172.065
"4202",2024,"4202",7.8,21117,2788,1064,24969,1226,730,,293,121,102,,25,69,165
"4202",2025,"4202",7.6,21426,2855,1138,25419,1213,729,,293,117,108,,23,77,147
"4203",2007,"0906",,34734,3487,1836,40057,1678,721,279,678,,,,,,
"4203",2008,"0906",4.9,35340,3500,1861,40701,1763,758,322,683,241,,,,,
"4203",2009,"0906",5.2,35820,3545,1876,41241,1929,906,338,685,199,262,11,45,206,
"4203",2010,"0906",4.9,36143,3634,1878,41655,1930,902,337,691,218,262,13,49,200,
"4203",2011,"0906",4.6,36611,3724,1894,42229,1845,856,314,675,225,280,,52,213,
"4203",2012,"0906",4,37046,3875,1880,42801,1843,854,332,657,235,280,,50,216,
"4203",2013,"0906",3.7,37385,4078,1873,43336,1767,850,301,616,222,278,,38,221,
"4203",2014,"0906",3.8,37680,4309,1852,43841,1725,864,280,581,183,290,,38,234,
"4203",2015,"0906",3.98,37819,4543,1857,44219,1762,885,304,573,183,315,,57,230,273.13
"4203",2016,"0906",4.385,37649,4816,1848,44313,1757,874,317,566,187,304,,61,219,269.77
"4203",2017,"0906",5.3,37722,4956,1898,44576,1713,875,,527,200,294,,61,209,287.78
"4203",2018,"0906",4.8,37564,5190,1891,44645,1773,886,,547,201,288,,65,198,297.875
"4203",2019,"0906",4.8,37477,5367,1941,44785,1790,928,,544,226,289,26,63,200,322.26
"4203",2020,"4203",5.1,37423,5572,2004,44999,1789,915,,545,220,283,29,64,190,310.3
"4203",2021,"4203",4.9,37249,5749,2067,45065,1815,912,,565,223,299,36,74,189,325.03
"4203",2022,"4203",5,37409,5946,2154,45509,1916,932,,610,252,283,34,69,180,323.855
"4203",2023,"4203",5.5,37518,6144,2229,45891,1989,965,,639,252,279,28,71,180,316.235
"4203",2024,"4203",5.7,37740,6302,2313,46355,1874,911,,602,244,284,,76,180,321
"4203",2025,"4203",5.8,37713,6396,2459,46568,1928,947,,626,249,263,,70,169,343
"4204",2007,"1001+1017+1018",,82056,7465,3726,93247,3660,1765,593,1302,,,,,,
"4204",2008,"1001+1017+1018",5.6734065345474,83392,7531,3774,94697,3734,1823,614,1297,313,,,,,
"4204",2009,"1001+1017+1018",4.32135012054648,84902,7608,3820,96330,3942,1937,642,1363,317,582,0,101,451,
"4204",2010,"1001+1017+1018",4.6941875484371,86116,7771,3857,97744,3871,1902,621,1348,389,583,0,93,441,
"4204",2011,"1001+1017+1018",3.69253499222395,87204,7989,3909,99102,3858,1828,649,1381,387,587,0,92,455,
"4204",2012,"1001+1017+1018",3.70468791856416,88053,8250,3960,100263,3733,1792,629,1312,417,554,0,80,424,
"4204",2013,"1001+1017+1018",3.85549752611325,89307,8442,3972,101721,3638,1799,613,1226,401,564,31,107,413,
"4204",2014,"1001+1017+1018",3.46945202082817,90448,8839,4004,103291,4033,2115,644,1274,428,566,27,102,430,
"4204",2015,"1001+1017+1018",3.66779205607477,91704,9232,4081,105017,4280,2356,678,1246,428,562,34,93,425,540.735
"4204",2016,"1001+1017+1018",7.39668457577793,92407,9666,4053,106126,4467,2529,699,1239,470,571,0,93,420,580.995
"4204",2017,"1001+1017+1018",3.71556776556777,93056,9998,4103,107157,4368,2425,,1257,462,570,,99,420,613.41
"4204",2018,"1001+1017+1018",3.5397096498719,94896,10326,4216,109438,4684,2721,,1257,459,573,,116,400,655.855
"4204",2019,"1001+1017+1018",3.64992648603235,95512,10647,4232,110391,4761,2777,,1265,486,563,,106,405,664.96
"4204",2020,"4204",3.4,96273,10980,4380,111633,4213,2302,,1249,473,565,,123,396,717.885
"4204",2021,"4204",3.9,96779,11350,4459,112588,4388,2433,,1253,642,587,43,132,412,725.1
"4204",2022,"4204",4.2,97413,11739,4585,113737,4566,2575,,1257,715,541,,124,381,742.11
"4204",2023,"4204",4,98796,12073,4700,115569,4485,2464,,1254,705,576,,141,402,745.045
"4204",2024,"4204",4.2,99629,12448,4909,116986,4193,2219,,1242,695,545,,135,374,723
"4204",2025,"4204",4.7,100491,12574,5156,118221,3847,1888,,1249,686,568,,146,386,710
"4205",2007,"1002+1021+1029",,18022,1718,1127,20867,935,399,136,400,,,,,,
"4205",2008,"1002+1021+1029",4.44458788480636,18266,1754,1115,21135,1007,485,135,387,73,,,,,
"4205",2009,"1002+1021+1029",3.95979899497487,18509,1757,1120,21386,995,498,132,365,50,164,5,15,129,
"4205",2010,"1002+1021+1029",3.83136033229491,18726,1766,1096,21588,963,513,111,339,49,145,0,11,117,
"4205",2011,"1002+1021+1029",3.79161616161616,19012,1840,1059,21911,990,528,125,337,74,151,5,14,121,
"4205",2012,"1002+1021+1029",4.16798418972332,19215,1918,1055,22188,1012,554,130,328,76,133,5,14,98,
"4205",2013,"1002+1021+1029",4.23521560574949,19270,2015,1040,22325,974,511,120,343,86,120,5,17,86,
"4205",2014,"1002+1021+1029",6.10318772136954,19309,2142,1041,22492,847,387,137,323,55,129,5,15,93,
"4205",2015,"1002+1021+1029",6.15616150442478,19290,2273,1048,22611,904,483,131,290,98,138,0,21,95,174.635
"4205",2016,"1002+1021+1029",5.68208508403361,19320,2412,1030,22762,952,516,143,293,104,134,0,18,98,183.255
"4205",2017,"1002+1021+1029",5.96409431939979,19300,2536,1023,22859,933,497,,292,86,136,,19,100,171.73
"4205",2018,"1002+1021+1029",6.2,19238,2633,1034,22905,1028,583,,288,105,124,,19,85,177.32
"4205",2019,"1002+1021+1029",6.42616822429907,19140,2744,1025,22909,1070,639,,274,110,126,,22,85,179.445
"4205",2020,"4205",7.9,19166,2847,1033,23046,1049,604,,282,125,125,,32,87,177.255
"4205",2021,"4205",8.5,19079,2901,1075,23055,1107,633,,299,131,118,,35,77,182.9
"4205",2022,"4205",8.3,19084,2981,1082,23147,1137,646,,304,123,111,,30,74,172.765
"4205",2023,"4205",8.7,19270,3110,1099,23479,1096,622,,288,94,117,,34,76,179.115
"4205",2024,"4205",8.8,19380,3164,1146,23690,1087,613,,296,72,115,,27,85,177
"4205",2025,"4205",7.2,19315,3239,1214,23768,1136,651,,303,78,99,,19,75,166
"4206",2007,"1003",,8045,869,472,9386,425,158,94,173,,,,,,
"4206",2008,"1003",,8030,888,474,9392,420,164,83,173,40,,,,,
"4206",2009,"1003",5.6,8067,871,489,9427,421,162,80,179,43,72,0,,64,
"4206",2010,"1003",5.8,8018,907,485,9410,433,167,95,171,44,73,0,,63,
"4206",2011,"1003",4.8,8001,947,467,9415,453,196,85,172,44,72,0,,58,
"4206",2012,"1003",4.6,7966,1004,463,9433,438,174,88,176,40,68,,12,54,
"4206",2013,"1003",5.3,7945,1033,463,9441,434,188,76,170,48,68,,14,52,
"4206",2014,"1003",4.9,7966,1083,467,9516,433,182,85,166,46,62,0,,49,
"4206",2015,"1003",4.615,7988,1148,460,9596,400,165,78,157,46,62,0,13,49,73.8
"4206",2016,"1003",2.28,8059,1176,470,9705,418,166,77,175,45,62,0,8,54,72.905
"4206",2017,"1003",1.4,8080,1212,477,9769,482,235,,165,44,63,,7,56,71.68
"4206",2018,"1003",1.3,7995,1265,466,9726,558,273,,194,66,32,,6,26,74.185
"4206",2019,"1003",1.6,7937,1299,459,9695,596,285,,193,78,27,,,25,69.78
"4206",2020,"4206",1.5,7897,1317,477,9691,602,323,,172,72,27,,,16,72.12
"4206",2021,"4206",1.4,7812,1342,491,9645,648,346,,180,74,27,,,22,81.89
"4206",2022,"4206",2,7753,1379,490,9622,627,318,,181,76,30,,,26,79.12
"4206",2023,"4206",3.4,7923,1411,526,9860,650,354,,179,79,30,,,25,72.975
"4206",2024,"4206",4.3,7871,1464,541,9876,660,361,,191,68,33,,,24,70
"4206",2025,"4206",3.9,7855,1426,599,9880,659,340,,204,76,34,,,28,71
"4207",2007,"1004",,7453,829,578,8860,437,171,71,195,,,,,,
"4207",2008,"1004",2.9,7511,834,565,8910,452,192,69,191,77,,,,,
"4207",2009,"1004",3.2,7576,835,564,8975,461,184,80,197,78,94,0,,79,
"4207",2010,"1004",3.6,7582,863,558,9003,451,188,78,185,75,92,0,,81,
"4207",2011,"1004",3.2,7565,896,552,9013,449,193,72,184,73,93,0,,77,
"4207",2012,"1004",3.4,7565,935,546,9046,424,191,59,174,73,85,0,,72,
"4207",2013,"1004",3.6,7567,942,551,9060,461,213,65,183,64,71,0,,58,
"4207",2014,"1004",3.2,7487,977,549,9013,477,216,63,198,62,73,0,,57,
"4207",2015,"1004",3.395,7516,1021,532,9069,482,216,76,190,62,71,0,,55,46.565
"4207",2016,"1004",3.5,7508,1065,523,9096,508,221,86,201,61,77,0,,64,48.205
"4207",2017,"1004",3.5,7454,1107,529,9090,463,210,,175,63,78,,,63,52.135
"4207",2018,"1004",2.7,7417,1125,524,9066,444,210,,157,62,78,,,62,51.215
"4207",2019,"1004",5.4,7413,1144,509,9066,495,254,,167,0,81,,,64,56.87
"4207",2020,"4207",5.9,7344,1162,522,9028,447,213,,153,0,86,,,69,51.935
"4207",2021,"4207",4.8,7294,1206,527,9027,470,232,,158,0,83,,,65,55.11
"4207",2022,"4207",4.6,7291,1237,520,9048,448,226,,142,0,70,,,49,59.12
"4207",2023,"4207",4.4,7442,1263,511,9216,499,250,,156,48,65,,,48,55.16
"4207",2024,"4207",4.4,7470,1270,539,9279,488,245,,151,48,69,,,54,57
"4207",2025,"4207",4.8,7497,1259,573,9329,483,246,,156,50,69,,,52,60
"4211",2007,"0911",,2145,215,153,2513,135,61,21,53,,,,,,
"4211",2008,"0911",2.4,2158,213,148,2519,151,84,25,42,7,,,,,
"4211",2009,"0911",2.6,2138,219,139,2496,173,113,22,38,7,30,0,5,25,
"4211",2010,"0911",2.5,2125,220,133,2478,187,130,20,37,7,28,0,,24,
"4211",2011,"0911",2.4,2140,221,136,2497,163,115,16,32,8,26,0,,21,
"4211",2012,"0911",2.4,2108,239,131,2478,139,97,15,27,,24,0,,12,
"4211",2013,"0911",2.2,2105,253,126,2484,203,125,33,45,,25,,,21,
"4211",2014,"0911",2.5,2098,264,127,2489,185,103,30,52,9,27,,,21,
"4211",2015,"0911",2.71,2071,276,134,2481,166,82,29,55,9,23,,,16,21.79
"4211",2016,"0911",2.61,2037,307,129,2473,175,94,27,54,10,21,,,16,20.885
"4211",2017,"0911",3,2055,327,129,2511,163,83,,56,10,19,,,8,18.185
"4211",2018,"0911",5,2000,337,130,2467,150,74,,57,12,18,,5,8,19.92
"4211",2019,"0911",4.1,1976,350,128,2454,145,76,,48,13,13,,,6,22.81
"4211",2020,"4211",6.5,1945,353,130,2428,143,73,,44,31,13,,,7,25.83
"4211",2021,"4211",6,1939,364,127,2430,147,75,,50,31,9,,,,26.15
"4211",2022,"4211",5.3,1915,379,133,2427,146,79,,45,27,10,,,,24.985
"4211",2023,"4211",4.8,1915,375,131,2421,161,88,,41,26,11,,,5,22.79
"4211",2024,"4211",4.2,1912,400,132,2444,187,96,,43,26,16,,,14,28
"4211",2025,"4211",4.9,1934,393,165,2492,207,110,,49,27,10,,,,26
"4212",2007,"0912",,1560,171,133,1864,120,45,24,51,,,,,,
"4212",2008,"0912",3,1594,160,130,1884,122,52,22,48,,,,,,
"4212",2009,"0912",3.5,1590,166,125,1881,108,42,27,39,,24,0,,20,
"4212",2010,"0912",3,1608,162,116,1886,110,42,25,43,,30,0,,25,
"4212",2011,"0912",4.7,1643,166,113,1922,104,35,20,49,,27,,,21,
"4212",2012,"0912",4.3,1658,165,110,1933,117,36,28,53,,24,,,19,
"4212",2013,"0912",3.3,1694,184,108,1986,117,37,30,50,,18,,,12,
"4212",2014,"0912",3.2,1708,189,103,2000,112,35,29,48,,21,,5,14,
"4212",2015,"0912",3.61,1715,194,109,2018,117,41,32,44,,19,0,,14,23.125
"4212",2016,"0912",4.915,1732,199,105,2036,101,32,26,43,,19,0,,12,23.835
"4212",2017,"0912",2.8,1780,217,107,2104,108,34,,45,,22,,,18,24.78
"4212",2018,"0912",3.7,1772,204,111,2087,130,67,,42,,13,,,7,28.09
"4212",2019,"0912",2.8,1775,207,111,2093,126,67,,35,,15,,,8,25.1
"4212",2020,"4212",3.5,1780,214,103,2097,110,60,,35,,11,,,5,20.075
"4212",2021,"4212",2.3,1812,217,99,2128,124,71,,36,,9,,,5,20.76
"4212",2022,"4212",3.1,1803,230,98,2131,134,77,,38,,12,,,5,20.12
"4212",2023,"4212",3.9,1800,243,100,2143,128,71,,40,,11,,5,,20.195
"4212",2024,"4212",3.4,1908,258,102,2268,123,65,,39,,12,,5,,18
"4212",2025,"4212",4.7,1908,275,102,2285,137,68,,45,2,13,,,5,20
"4213",2007,"0914",,4926,568,328,5822,378,155,66,157,,,,,,
"4213",2008,"0914",4.9,4977,563,334,5874,347,138,60,149,61,,,,,
"4213",2009,"0914",4.9,5040,562,337,5939,323,128,63,132,68,46,0,,36,
"4213",2010,"0914",4.8,5046,562,331,5939,333,138,54,141,68,44,0,,35,
"4213",2011,"0914",4.7,5073,569,327,5969,367,158,61,148,65,44,0,,35,
"4213",2012,"0914",5.2,5101,589,329,6019,370,162,60,148,70,47,0,,37,
"4213",2013,"0914",4.8,5097,632,335,6064,391,182,59,150,67,44,0,,34,
"4213",2014,"0914",4.1,5057,677,325,6059,398,193,66,139,75,39,0,,30,
"4213",2015,"0914",3.2,5009,727,312,6048,403,192,77,134,73,38,0,,26,39.985
"4213",2016,"0914",3.785,4954,756,304,6014,366,189,64,113,76,37,0,,25,40.98
"4213",2017,"0914",5.3,4955,794,302,6051,374,193,,109,65,45,,9,36,44.8
"4213",2018,"0914",5.2,4950,827,309,6086,392,208,,119,66,43,,8,35,49.915
"4213",2019,"0914",6.6,4911,851,307,6069,393,217,,110,64,39,,7,32,54.835
"4213",2020,"4213",6,4857,899,297,6053,375,206,,105,71,33,,6,27,54.09
"4213",2021,"4213",6.5,4861,912,294,6067,379,212,,93,66,36,,,28,49.9
"4213",2022,"4213",6.6,4865,953,297,6115,402,222,,100,58,37,,,28,57
"4213",2023,"4213",7.1,4879,1001,304,6184,403,214,,101,72,38,,,24,57.12
"4213",2024,"4213",7.8,4963,1047,313,6323,391,189,,117,72,41,,,28,52
"4213",2025,"4213",7.8,5046,1072,346,6464,381,173,,124,75,33,,11,12,52
"4214",2007,"0919",,4267,307,185,4759,161,77,26,58,,,,,,
"4214",2008,"0919",2.7,4359,318,176,4853,167,77,21,69,5,,,,,
"4214",2009,"0919",2.8,4390,330,176,4896,194,98,29,67,6,38,0,11,17,
"4214",2010,"0919",3.6,4471,356,175,5002,217,109,36,72,6,35,0,,24,
"4214",2011,"0919",4.5,4577,372,178,5127,216,122,29,65,6,36,0,,28,
"4214",2012,"0919",4.6,4690,386,181,5257,208,115,31,62,6,37,,7,28,
"4214",2013,"0919",7.3,4830,415,180,5425,220,113,33,74,6,35,0,,27,
"4214",2014,"0919",5.4,4859,439,188,5486,235,125,42,68,6,39,0,,31,
"4214",2015,"0919",4.195,4866,479,187,5532,231,125,40,66,6,37,0,,25,28.025
"4214",2016,"0919",3.89,4920,515,183,5618,263,152,41,70,6,32,0,8,13,29.235
"4214",2017,"0919",2.7,4999,527,187,5713,267,159,,62,11,37,,,25,31.935
"4214",2018,"0919",2.6,5052,559,179,5790,298,183,,71,12,31,,10,11,30.82
"4214",2019,"0919",2.8,5072,591,182,5845,291,171,,64,50,28,,9,19,37.81
"4214",2020,"4214",2.7,5125,638,188,5951,324,183,,70,47,19,,,12,36.135
"4214",2021,"4214",4.9,5132,685,187,6004,314,192,,70,50,19,,,12,37.755
"4214",2022,"4214",5.6,5205,680,213,6098,325,185,,80,52,15,,7,,42.925
"4214",2023,"4214",6.4,5263,687,224,6174,295,162,,82,47,17,,,8,47.195
"4214",2024,"4214",7.1,5286,704,246,6236,281,161,,78,50,19,,10,,43
"4214",2025,"4214",7.6,5293,710,257,6260,291,170,,79,48,17,,,8,44
"4215",2007,"0926",,7987,741,381,9109,367,183,61,123,,,,,,
"4215",2008,"0926",3.1,8109,747,382,9238,409,206,69,134,21,,,,,
"4215",2009,"0926",3.5,8182,764,383,9329,403,212,66,125,18,65,0,,52,
"4215",2010,"0926",3.2,8293,800,372,9465,411,219,62,130,20,68,,15,47,
"4215",2011,"0926",3,8497,837,379,9713,445,250,63,132,20,70,,17,49,
"4215",2012,"0926",2.8,8612,881,385,9878,477,287,65,125,20,69,,14,51,
"4215",2013,"0926",3,8706,937,389,10032,444,268,48,128,37,71,,14,53,
"4215",2014,"0926",2.8,8696,1015,395,10106,463,286,62,115,35,70,,17,49,
"4215",2015,"0926",2.995,8843,1115,382,10340,462,274,64,124,30,64,,17,43,57.7
"4215",2016,"0926",5.98,9008,1176,393,10577,497,306,67,124,32,59,,14,41,54.285
"4215",2017,"0926",5.7,9105,1205,392,10702,505,311,,131,31,58,,13,43,63.095
"4215",2018,"0926",6.9,9209,1243,419,10871,513,328,,120,29,62,,11,49,65.125
"4215",2019,"0926",7.6,9273,1286,431,10990,496,300,,122,25,59,,11,45,70.11
"4215",2020,"4215",8.9,9301,1327,446,11074,435,254,,109,33,66,,13,47,73.895
"4215",2021,"4215",7.7,9323,1379,478,11180,460,261,,122,24,49,,10,35,75.78
"4215",2022,"4215",7.1,9359,1419,501,11279,527,309,,134,22,50,,,35,71.185
"4215",2023,"4215",6.8,9435,1448,536,11419,540,317,,138,21,50,,11,35,79.8
"4215",2024,"4215",6.7,9475,1496,552,11523,529,280,,143,48,57,,14,31,68
"4215",2025,"4215",6.7,9618,1527,589,11734,490,257,,140,58,51,,14,27,64
"4216",2007,"0928",,3945,287,179,4411,209,108,28,73,,,,,,
"4216",2008,"0928",2.4,4013,311,179,4503,208,120,24,64,8,,,,,
"4216",2009,"0928",2.6,4096,337,175,4608,170,75,33,62,8,39,,,33,
"4216",2010,"0928",1.9,4154,357,178,4689,181,85,39,57,8,41,0,,34,
"4216",2011,"0928",2.4,4235,362,179,4776,175,80,42,53,8,44,0,,38,
"4216",2012,"0928",2.5,4269,388,171,4828,190,82,50,58,8,42,0,,32,
"4216",2013,"0928",2.8,4334,426,176,4936,171,70,44,57,7,35,0,,27,
"4216",2014,"0928",4,4367,456,170,4993,168,66,43,59,11,22,0,,16,
"4216",2015,"0928",3.6,4370,507,158,5035,162,63,41,58,19,23,0,7,16,27.715
"4216",2016,"0928",2.995,4476,516,155,5147,289,193,48,48,19,20,0,,8,28.465
"4216",2017,"0928",3,4486,539,153,5178,271,179,,51,20,23,,7,16,31.09
"4216",2018,"0928",3,4482,546,159,5187,256,173,,44,23,22,,,15,26.145
"4216",2019,"0928",2.5,4489,563,160,5212,326,231,,54,38,21,,8,8,28.775
"4216",2020,"4216",5.1,4459,590,177,5226,257,176,,50,33,21,,,14,24.88
"4216",2021,"4216",4.8,4486,590,198,5274,271,175,,55,33,19,,,9,27.12
"4216",2022,"4216",3.8,4533,604,205,5342,301,207,,55,30,17,,7,6,23.245
"4216",2023,"4216",2.7,4577,591,222,5390,306,196,,64,37,17,,8,5,26.77
"4216",2024,"4216",4.2,4658,589,233,5480,294,185,,61,38,17,,7,7,31
"4216",2025,"4216",4.8,4574,582,257,5413,261,162,,62,38,14,,5,,31
"4217",2007,"0929",,1526,179,110,1815,116,59,20,37,,,,,,
"4217",2008,"0929",1.9,1540,192,104,1836,133,66,21,46,,,,,,
"4217",2009,"0929",2.4,1566,182,107,1855,131,65,21,45,,17,0,,14,
"4217",2010,"0929",2.5,1571,188,102,1861,143,72,23,48,18,18,0,,13,
"4217",2011,"0929",2.3,1533,196,100,1829,133,67,25,41,5,19,0,,15,
"4217",2012,"0929",4.5,1531,202,92,1825,122,59,27,36,,13,0,,10,
"4217",2013,"0929",5.8,1526,212,77,1815,143,66,36,41,,13,0,,6,
"4217",2014,"0929",7,1504,228,78,1810,141,65,35,41,,12,0,,,
"4217",2015,"0929",3.88,1513,232,87,1832,149,71,40,38,8,12,0,,7,14.055
"4217",2016,"0929",2.995,1517,247,83,1847,196,111,40,45,8,6,0,,,14.02
"4217",2017,"0929",4.1,1530,238,88,1856,210,110,,56,9,,,,,12.99
"4217",2018,"0929",3.4,1512,239,94,1845,212,112,,56,9,5,,,,15.075
"4217",2019,"0929",2.9,1507,246,95,1848,219,117,,54,9,5,,,,16.245
"4217",2020,"4217",3.6,1491,247,98,1836,169,74,,46,10,7,,,,16.925
"4217",2021,"4217",4.2,1452,265,105,1822,181,86,,54,10,10,,,,17.935
"4217",2022,"4217",4,1426,273,102,1801,181,97,,48,12,8,,,,17.835
"4217",2023,"4217",5,1402,278,106,1786,139,47,,58,10,9,,,6,15.825
"4217",2024,"4217",5,1416,278,108,1802,132,48,,51,11,10,,,,15
"4217",2025,"4217",5.1,1385,283,110,1778,131,48,,47,11,9,,,,17
"4218",2007,"0935",,1075,68,48,1191,23,,,,,,,,,
"4218",2008,"0935",2.9,1096,66,49,1211,23,,,,,,,,,
"4218",2009,"0935",2.9,1106,65,53,1224,20,,,,,10,0,,5,
"4218",2010,"0935",2.7,1129,73,52,1254,33,19,5,9,,17,0,,11,
"4218",2011,"0935",3,1174,75,56,1305,51,24,11,16,,13,0,,7,
"4218",2012,"0935",2.3,1163,83,52,1298,44,26,7,11,,14,0,,7,
"4218",2013,"0935",3.1,1142,89,52,1283,48,25,8,15,,14,0,,8,
"4218",2014,"0935",1.1,1167,95,52,1314,75,48,9,18,,15,0,,6,
"4218",2015,"0935",1.485,1153,108,54,1315,79,50,12,17,5,10,0,,5,10.865
"4218",2016,"0935",1.095,1153,113,51,1317,100,70,11,19,7,8,0,,,9.945
"4218",2017,"0935",18.2,1180,117,45,1342,103,62,,22,17,,,,,10.21
"4218",2018,"0935",16.3,1161,125,44,1330,97,66,,19,17,,,,,11.065
"4218",2019,"0935",10.1,1159,127,40,1326,86,56,,18,12,,,,,10.885
"4218",2020,"4218",3.9,1156,131,44,1331,74,43,,20,14,5,,,,10.16
"4218",2021,"4218",4.8,1156,135,44,1335,70,37,,17,16,,,,,9.145
"4218",2022,"4218",7.3,1140,142,41,1323,53,22,,15,15,,,,,10.93
"4218",2023,"4218",8.3,1156,146,42,1344,52,24,,15,13,,,,,11.99
"4218",2024,"4218",9.1,1184,154,42,1380,56,21,,19,12,5,,,,11
"4218",2025,"4218",9.7,1198,152,49,1399,73,33,,20,11,,,,,11
"4219",2007,"0937",,2834,320,161,3315,141,58,30,53,,,,,,
"4219",2008,"0937",3.5,2838,325,164,3327,146,64,28,54,10,,,,,
"4219",2009,"0937",3.6,2912,321,175,3408,152,95,21,36,10,21,0,,10,
"4219",2010,"0937",3.4,2897,321,179,3397,178,112,24,42,11,23,0,,20,
"4219",2011,"0937",4.1,2961,340,174,3475,165,77,29,59,12,19,0,,17,
"4219",2012,"0937",3.4,2963,353,180,3496,183,95,23,65,11,18,0,,10,
"4219",2013,"0937",2.5,3013,374,169,3556,207,117,32,58,9,19,0,,8,
"4219",2014,"0937",2.1,2986,389,174,3549,216,127,33,56,10,22,0,,11,
"4219",2015,"0937",5.605,3000,394,173,3567,124,47,25,52,14,18,0,,9,22.03
"4219",2016,"0937",3.315,2987,424,171,3582,205,115,34,56,13,19,0,,8,23.09
"4219",2017,"0937",2.7,3011,440,163,3614,214,132,,52,12,17,,,8,22.81
"4219",2018,"0937",3.4,3006,452,167,3625,214,129,,56,12,22,,6,10,27.12
"4219",2019,"0937",3.6,2994,469,175,3638,217,135,,56,11,19,,,8,24.8
"4219",2020,"4219",2.4,2991,469,174,3634,221,138,,51,9,22,,6,12,24.975
"4219",2021,"4219",1.9,2958,481,180,3619,239,156,,52,7,16,,9,5,25.14
"4219",2022,"4219",1.9,2980,505,168,3653,250,172,,47,7,21,,9,12,26.89
"4219",2023,"4219",1.6,3199,517,188,3904,250,167,,47,5,22,,,10,27.11
"4219",2024,"4219",2,3251,523,193,3967,203,122,,47,6,21,,7,14,29
"4219",2025,"4219",1.4,3098,536,194,3828,226,134,,55,7,20,,7,13,26
"4220",2007,"0938",,1075,125,72,1272,7,,,,,,,,,
"4220",2008,"0938",3.5,1047,122,73,1242,74,40,17,17,8,,,,,
"4220",2009,"0938",1.2,1035,123,67,1225,89,47,20,22,8,22,0,5,17,
"4220",2010,"0938",1.4,1032,121,70,1223,82,42,21,19,8,22,0,7,15,
"4220",2011,"0938",1.2,1038,137,64,1239,89,43,22,24,7,22,0,5,17,
"4220",2012,"0938",7.7,1017,143,59,1219,90,45,25,20,7,19,0,,14,
"4220",2013,"0938",7.5,1018,134,55,1207,87,41,23,23,6,17,0,,14,
"4220",2014,"0938",8.7,1002,137,61,1200,81,37,20,24,15,19,0,,15,
"4220",2015,"0938",10.48,971,154,64,1189,82,32,26,24,18,12,0,,7,10.88
"4220",2016,"0938",3.585,987,157,60,1204,88,31,28,29,22,9,0,0,5,13.105
"4220",2017,"0938",3.5,977,159,64,1200,91,34,,28,19,8,,,,12.865
"4220",2018,"0938",6,977,168,62,1207,88,33,,31,22,9,,,,12.165
"4220",2019,"0938",5.7,956,175,61,1192,90,34,,38,24,11,,,6,13.05
"4220",2020,"4220",13.3,899,196,67,1162,89,32,,37,20,12,,,10,12.815
"4220",2021,"4220",11.1,874,206,62,1142,84,30,,35,19,11,,,,13.23
"4220",2022,"4220",9,868,205,61,1134,76,31,,23,14,9,,,5,14.14
"4220",2023,"4220",8.1,871,212,53,1136,73,34,,20,13,12,,,7,14.045
"4220",2024,"4220",8,908,219,53,1180,67,34,,18,16,8,,,,16
"4220",2025,"4220",8.4,893,214,55,1162,62,28,,16,15,9,,,,13
"4221",2007,"0940",,1098,117,105,1320,78,17,22,39,,,,,,
"4221",2008,"0940",0.9,1098,124,104,1326,79,18,20,41,,,,,,
"4221",2009,"0940",1.1,1065,128,99,1292,78,19,23,36,,24,0,,18,
"4221",2010,"0940",2.6,1073,129,87,1289,64,16,17,31,,22,0,,19,
"4221",2011,"0940",2,1079,123,82,1284,57,13,13,31,,22,0,,12,
"4221",2012,"0940",2.3,1086,130,77,1293,56,14,12,30,,20,0,,12,
"4221",2013,"0940",2.1,1074,127,76,1277,56,15,13,28,,21,0,,12,
"4221",2014,"0940",3.2,1063,137,70,1270,64,21,15,28,,20,0,,13,
"4221",2015,"0940",3.48,1043,138,70,1251,63,20,16,27,0,15,0,,8,14
"4221",2016,"0940",2.51,1036,141,65,1242,59,17,14,28,0,14,0,,6,10.935
"4221",2017,"0940",3.3,1030,153,63,1246,54,16,,21,0,13,,,6,14.985
"4221",2018,"0940",2.5,1001,167,57,1225,63,22,,26,,13,,,7,10.19
"4221",2019,"0940",2.5,928,168,60,1156,59,15,,26,0,19,,,17,11.77
"4221",2020,"4221",2.4,925,173,66,1164,60,14,,26,,15,,,13,12.815
"4221",2021,"4221",3.3,922,185,62,1169,60,13,,24,,11,,,7,12.955
"4221",2022,"4221",3.5,910,199,60,1169,63,15,,25,,12,,,5,12.035
"4221",2023,"4221",4.2,915,200,65,1180,65,15,,24,,10,,,5,12.845
"4221",2024,"4221",2.9,920,215,70,1205,66,11,,30,,11,,,5,14
"4221",2025,"4221",4.5,926,203,76,1205,72,12,,28,3,12,,,5,14
"4222",2007,"0941",,814,57,31,902,19,6,5,8,,,,,,
"4222",2008,"0941",,831,54,34,919,20,6,5,9,,,,,,
"4222",2009,"0941",3.4,886,49,30,965,42,27,5,10,,21,0,7,14,
"4222",2010,"0941",4.3,883,59,28,970,36,,,,,19,0,6,13,
"4222",2011,"0941",6.3,898,64,27,989,31,17,5,9,,18,0,,7,
"4222",2012,"0941",1.4,876,67,27,970,31,15,6,10,,13,0,,6,
"4222",2013,"0941",1.5,836,65,28,929,26,14,7,5,,15,0,,9,
"4222",2014,"0941",2,849,69,30,948,23,,,,,13,0,,6,
"4222",2015,"0941",4.92,838,73,22,933,21,,,,,12,0,,5,8.99
"4222",2016,"0941",2.785,839,85,21,945,23,12,6,5,,11,0,,5,9.925
"4222",2017,"0941",2.2,841,88,23,952,25,13,,6,,10,,,6,9.075
"4222",2018,"0941",1.3,842,94,22,958,23,11,,6,,8,,,5,12.025
"4222",2019,"0941",1.4,839,91,23,953,30,15,,8,,8,,,,10.07
"4222",2020,"4222",3.1,847,91,27,965,29,11,,11,,7,,,,9.83
"4222",2021,"4222",3.8,804,98,28,930,28,10,,10,,9,,,,10.14
"4222",2022,"4222",3.8,803,107,25,935,35,14,,14,0,9,,,6,13.19
"4222",2023,"4222",3,848,114,33,995,36,9,,15,0,6,,,,14.2
"4222",2024,"4222",3.4,855,119,37,1011,43,12,,18,,7,,,,17
"4222",2025,"4222",3.4,878,120,41,1039,38,10,,15,0,6,,,,17
"4223",2007,"1014",,11016,1041,498,12555,441,207,78,156,,,,,,
"4223",2008,"1014",2.5,11198,1052,526,12776,442,205,81,156,57,,,,,
"4223",2009,"1014",3.6,11311,1032,543,12886,512,254,95,163,60,83,6,16,61,
"4223",2010,"1014",3.2,11523,1038,555,13116,562,298,107,157,139,86,0,,63,
"4223",2011,"1014",3.4,11729,1063,542,13334,593,343,91,159,38,77,0,,58,
"4223",2012,"1014",3.2,11977,1057,549,13583,641,384,92,165,41,84,0,,64,
"4223",2013,"1014",3.3,12129,1069,558,13756,682,418,97,167,40,79,0,,62,
"4223",2014,"1014",3,12287,1147,552,13986,651,395,91,165,26,76,,17,54,
"4223",2015,"1014",3.375,12340,1215,540,14095,710,453,97,160,88,77,0,,58,74.245
"4223",2016,"1014",3.38,12480,1293,535,14308,767,505,105,157,89,84,6,15,63,81.905
"4223",2017,"1014",2.9,12551,1334,540,14425,806,545,,157,101,77,6,19,52,70.265
"4223",2018,"1014",3.1,12634,1385,513,14532,834,565,,166,100,77,6,24,47,71.495
"4223",2019,"1014",2.7,12692,1413,525,14630,860,601,,170,98,76,,27,27,76.125
"4223",2020,"4223",2.5,12785,1444,545,14774,939,666,,169,101,81,,27,34,84.885
"4223",2021,"4223",2.6,12893,1464,578,14935,1000,703,,180,96,80,,29,51,78.105
"4223",2022,"4223",2.8,13016,1525,582,15123,1017,689,,195,89,78,,30,48,77.235
"4223",2023,"4223",2.9,13106,1578,610,15294,908,595,,179,103,76,,20,54,87.945
"4223",2024,"4223",3.3,13168,1643,641,15452,693,402,,173,102,76,,15,56,85
"4223",2025,"4223",3.9,13285,1683,654,15622,672,361,,174,102,78,,17,54,84
"4224",2007,"1026",,748,75,70,893,71,29,11,31,,,,,,
"4224",2008,"1026",3.5,760,74,71,905,54,25,8,21,9,,,,,
"4224",2009,"1026",3.3,778,72,64,914,58,26,11,21,5,12,0,,8,
"4224",2010,"1026",2.9,787,75,55,917,70,39,14,17,6,10,0,,5,
"4224",2011,"1026",3.4,786,79,47,912,60,27,17,16,,11,0,,6,
"4224",2012,"1026",3.1,783,86,43,912,52,24,11,17,,8,0,,,
"4224",2013,"1026",3.8,786,81,45,912,58,25,13,20,6,,0,,,
"4224",2014,"1026",2.3,797,80,46,923,56,25,12,19,5,6,0,,0,
"4224",2015,"1026",2.125,793,86,46,925,66,34,13,19,9,7,0,,,10.215
"4224",2016,"1026",1.91,808,84,50,942,54,28,9,17,8,7,0,,,10.1
"4224",2017,"1026",2.1,807,77,53,937,50,24,,20,9,7,,,,8.705
"4224",2018,"1026",2.1,812,76,55,943,50,23,,19,5,7,,,,8.9
"4224",2019,"1026",2.2,804,82,53,939,45,,,,5,5,,,,7.875
"4224",2020,"4224",2.5,794,86,52,932,45,20,,17,7,5,,,,7.155
"4224",2021,"4224",5.4,791,89,47,927,48,22,,18,8,5,,,,8.04
"4224",2022,"4224",10.4,765,98,49,912,44,22,,16,12,5,,,,7.89
"4224",2023,"4224",5,765,97,49,911,47,27,,15,9,6,,,,9.76
"4224",2024,"4224",4.2,772,103,48,923,60,36,,19,9,5,,,,10
"4224",2025,"4224",3.4,766,100,49,915,59,40,,14,7,,,,,10
"4225",2007,"1027+1032",,7865,690,408,8963,351,150,66,135,,,,,,
"4225",2008,"1027+1032",5.40520231213873,8042,695,409,9146,346,145,63,138,103,,,,,
"4225",2009,"1027+1032",5.59178082191781,8146,713,407,9266,365,149,66,150,103,39,0,0,33,
"4225",2010,"1027+1032",6.05969773299748,8266,737,406,9409,397,152,69,176,105,40,0,6,28,
"4225",2011,"1027+1032",5.0713567839196,8302,757,416,9475,398,146,64,188,87,40,0,6,28,
"4225",2012,"1027+1032",5.56259946949602,8376,795,413,9584,377,131,64,182,62,35,0,,19,
"4225",2013,"1027+1032",5.67242339832869,8517,818,404,9739,359,114,76,169,74,32,0,,21,
"4225",2014,"1027+1032",4.97535816618911,8574,896,375,9845,349,115,80,154,39,48,0,6,35,
"4225",2015,"1027+1032",4.53956647398844,8757,956,372,10085,346,138,77,131,31,52,0,,42,80.015
"4225",2016,"1027+1032",4.21188010899183,8871,1003,373,10247,367,168,68,131,31,52,0,,35,81.165
"4225",2017,"1027+1032",3.94285714285714,8912,1053,388,10353,399,200,,132,26,48,,,24,86.1
"4225",2018,"1027+1032",3.18039215686274,8895,1068,394,10357,408,216,,127,25,52,,6,43,88.885
"4225",2019,"1027+1032",3.44640883977901,8875,1104,410,10389,362,173,,118,26,55,,13,37,97.78
"4225",2020,"4225",7.3,8816,1133,416,10365,327,146,,105,19,52,,,39,97.12
"4225",2021,"4225",7.3,8846,1202,416,10464,437,255,,117,22,52,,,37,81.175
"4225",2022,"4225",8.1,8796,1247,437,10480,411,221,,124,72,58,,,41,62.215
"4225",2023,"4225",7.7,9013,1277,461,10751,445,249,,135,75,51,,,39,72.105
"4225",2024,"4225",7.1,9062,1280,493,10835,472,260,,154,77,47,,,35,74
"4225",2025,"4225",7.5,9046,1285,538,10869,476,260,,149,86,49,,,38,78
"4226",2007,"1034",,1382,150,67,1599,60,34,9,17,,,,,,
"4226",2008,"1034",2.6,1377,155,65,1597,75,44,10,21,,,,,,
"4226",2009,"1034",2.9,1398,156,66,1620,76,44,18,14,,13,0,,7,
"4226",2010,"1034",1.6,1405,163,56,1624,76,41,18,17,,18,0,,10,
"4226",2011,"1034",3.9,1412,163,64,1639,80,42,20,18,,18,0,,13,
"4226",2012,"1034",2.6,1436,166,63,1665,71,39,14,18,,20,0,7,13,
"4226",2013,"1034",2,1433,172,64,1669,81,41,20,20,,20,0,5,15,
"4226",2014,"1034",3,1443,179,68,1690,91,50,21,20,,17,0,,7,
"4226",2015,"1034",2.385,1438,189,66,1693,96,55,20,21,,18,0,,8,15.19
"4226",2016,"1034",1.6,1443,192,67,1702,90,45,21,24,,19,0,,10,15.205
"4226",2017,"1034",1.4,1433,197,72,1702,93,43,,29,,17,,,8,17.12
"4226",2018,"1034",1.4,1423,197,79,1699,87,41,,27,,17,,,7,17.06
"4226",2019,"1034",2.4,1411,190,82,1683,90,44,,27,,15,,,9,16.795
"4226",2020,"4226",2.8,1410,185,85,1680,93,41,,28,7,14,,,7,18.22
"4226",2021,"4226",3.1,1411,186,93,1690,86,37,,28,10,17,,,13,20.9
"4226",2022,"4226",3,1416,193,95,1704,102,52,,34,11,20,,7,8,20.06
"4226",2023,"4226",3.8,1454,199,97,1750,99,51,,30,10,16,,5,11,20.145
"4226",2024,"4226",4,1473,205,98,1776,77,29,,27,17,14,,,5,24
"4226",2025,"4226",4.6,1496,193,97,1786,83,32,,32,15,15,,6,,22
"4227",2007,"1037",,4777,511,307,5595,301,96,56,149,,,,,,
"4227",2008,"1037",4.2,4805,516,308,5629,310,106,50,154,80,,,,,
"4227",2009,"1037",4.5,4871,520,299,5690,314,103,59,152,69,20,0,7,13,
"4227",2010,"1037",5,4948,533,295,5776,317,109,58,150,70,23,0,,16,
"4227",2011,"1037",6.2,4974,544,298,5816,337,130,59,148,67,21,0,,16,
"4227",2012,"1037",6.2,4969,575,290,5834,305,110,65,130,77,18,0,5,8,
"4227",2013,"1037",5.9,5025,595,279,5899,319,117,69,133,57,19,0,6,13,
"4227",2014,"1037",7,5005,619,267,5891,303,116,58,129,59,31,0,10,21,
"4227",2015,"1037",8.09,5026,642,280,5948,289,107,65,117,55,31,0,7,24,46.045
"4227",2016,"1037",7.41,5050,647,284,5981,277,100,58,119,51,23,0,5,18,49.895
"4227",2017,"1037",6.9,5061,643,284,5988,290,118,,117,43,22,,8,7,49.99
"4227",2018,"1037",5.1,5085,658,281,6024,297,129,,117,48,28,,10,10,53.18
"4227",2019,"1037",6.3,5089,662,297,6048,293,127,,114,48,23,,,12,51.775
"4227",2020,"4227",6.5,5002,674,311,5987,270,108,,112,56,22,,6,16,50.985
"4227",2021,"4227",5.9,4912,696,314,5922,291,144,,97,51,23,,5,18,52.825
"4227",2022,"4227",6.4,4859,714,310,5883,291,126,,112,61,23,,6,17,53.165
"4227",2023,"4227",6.7,4957,739,328,6024,294,131,,112,64,24,,,13,54.225
"4227",2024,"4227",8,5085,754,353,6192,289,127,,104,62,25,,10,15,52
"4227",2025,"4227",8.4,5040,750,373,6163,281,109,,111,64,23,,7,9,53
"4228",2007,"1046",,1454,147,136,1737,69,16,12,41,,,,,,
"4228",2008,"1046",2.8,1485,148,124,1757,61,17,12,32,,,,,,
"4228",2009,"1046",3,1476,142,121,1739,64,20,13,31,,31,0,,29,
"4228",2010,"1046",2.3,1527,148,115,1790,64,25,8,31,,27,0,0,15,
"4228",2011,"1046",2.8,1530,152,109,1791,82,32,13,37,,24,0,0,12,
"4228",2012,"1046",2.8,1544,168,104,1816,79,32,14,33,,17,0,,8,
"4228",2013,"1046",3,1553,172,106,1831,88,36,17,35,,13,0,,7,
"4228",2014,"1046",2.3,1543,186,102,1831,92,36,19,37,,10,0,,,
"4228",2015,"1046",2.285,1539,198,101,1838,96,39,22,35,0,24,0,,21,20.63
"4228",2016,"1046",1.575,1524,203,105,1832,103,52,21,30,0,24,0,,22,25.93
"4228",2017,"1046",2.1,1515,219,102,1836,106,47,,32,0,28,,,16,23.24
"4228",2018,"1046",5.9,1523,214,105,1842,97,36,,32,0,26,,5,21,26.15
"4228",2019,"1046",6.8,1524,214,101,1839,97,36,,34,0,27,,,14,22.98
"4228",2020,"4228",5.8,1495,224,103,1822,93,35,,33,0,19,,,10,23.155
"4228",2021,"4228",3.7,1451,224,97,1772,91,38,,30,0,20,,,9,21.22
"4228",2022,"4228",5,1484,231,95,1810,96,40,,29,0,19,,,8,23.13
"4228",2023,"4228",6.3,1508,237,92,1837,90,35,,32,0,21,,5,16,21.805
"4228",2024,"4228",3,1537,244,92,1873,96,39,,33,,21,,,10,20
"4228",2025,"4228",3.7,1555,248,99,1902,98,41,,41,2,18,,5,13,20
"4601",2007,"1201",,213731,19935,10954,244620,8747,3133,1769,3845,,,,,,
"4601",2008,"1201",4,216584,20092,11070,247746,8137,2934,1532,3671,518,,,,,
"4601",2009,"1201",4,220817,20101,11133,252051,8985,3284,1683,4018,502,2082,132,363,1587,
"4601",2010,"1201",4.2,224980,20353,11267,256600,8612,3207,1610,3795,618,1960,137,314,1509,
"4601",2011,"1201",4.4,228384,20648,11360,260392,8298,3129,1477,3692,722,2043,161,318,1564,
"4601",2012,"1201",4.7,231151,21194,11417,263762,8095,3001,1469,3625,733,2049,168,296,1585,
"4601",2013,"1201",4.9,234668,21794,11488,267950,7921,2872,1502,3547,773,2029,149,318,1562,
"4601",2014,"1201",4.8,237574,22872,11503,271949,7808,2786,1489,3533,871,2100,175,333,1592,
"4601",2015,"1201",4.395,239809,23773,11530,275112,8395,3414,1525,3456,782,2101,195,355,1551,1367.515
"4601",2016,"1201",4.22,241248,24658,11485,277391,8241,3291,1536,3414,815,2053,186,381,1486,1398.39
"4601",2017,"1201",4.3,241673,25373,11510,278556,8256,3312,,3373,818,2053,180,375,1498,1465.425
"4601",2018,"1201",4.7,242061,26115,11616,279792,8247,3280,,3373,822,2061,177,360,1524,1483.35
"4601",2019,"1201",4.5,242726,26580,11884,281190,8295,3418,,3292,805,2074,179,398,1497,1520.67
"4601",2020,"4601",4.1,244619,27233,12077,283929,8277,3516,,3239,828,2047,175,420,1452,1549.91
"4601",2021,"4601",4.5,245613,27726,12262,285601,8312,3520,,3192,865,2062,175,430,1457,1515.495
"4601",2022,"4601",3.9,246073,28459,12398,286930,8485,3655,,3173,978,2092,188,433,1471,1460.59
"4601",2023,"4601",2.7,247684,29073,12573,289330,9024,4094,,3195,1010,2053,180,421,1452,1506.435
"4601",2024,"4601",2.6,249349,29736,12855,291940,9031,4115,,3177,1043,2068,178,415,1475,1537
"4601",2025,"4601",2.6,250208,30189,13312,293709,8862,4032,,3215,1037,2089,175,455,1459,1531
"4602",2007,"1401+1439",,15039,1491,875,17405,747,258,132,357,,,,,,
"4602",2008,"1401+1439",5.14255319148936,15082,1462,862,17406,752,271,123,358,61,,,,,
"4602",2009,"1401+1439",5.48348993288591,15096,1483,858,17437,745,266,133,346,87,105,8,25,72,
"4602",2010,"1401+1439",5.00811554332875,15225,1525,832,17582,727,270,131,326,78,108,9,16,74,
"4602",2011,"1401+1439",4.41781206171108,15251,1536,831,17618,713,269,127,317,85,108,9,10,79,
"4602",2012,"1401+1439",4.81290322580645,15402,1541,840,17783,713,274,123,316,90,108,8,17,75,
"4602",2013,"1401+1439",3.74972067039106,15406,1569,841,17816,716,273,121,322,86,107,7,19,75,
"4602",2014,"1401+1439",3.90980392156863,15378,1640,852,17870,765,298,133,334,91,112,0,28,57,
"4602",2015,"1401+1439",4.32968462549277,15357,1720,867,17944,761,298,133,330,86,108,0,,80,123.705
"4602",2016,"1401+1439",4.43425273390036,15333,1761,875,17969,823,337,159,327,88,108,0,,84,124.115
"4602",2017,"1401+1439",4.48824940047962,15335,1821,874,18030,834,371,,321,85,113,,,91,138.78
"4602",2018,"1401+1439",4.3730455075846,15225,1891,873,17989,857,386,,314,90,110,,13,90,135
"4602",2019,"1401+1439",2.63513215859031,15004,1942,876,17822,908,397,,320,117,113,,13,91,135.84
"4602",2020,"4602",2.5,14429,1959,819,17207,918,459,,285,102,109,,,88,117.94
"4602",2021,"4602",2.4,14296,2036,828,17160,959,505,,290,99,103,5,21,77,122.785
"4602",2022,"4602",2.2,14214,2099,818,17131,993,540,,285,106,114,5,25,84,116.79
"4602",2023,"4602",2.4,14174,2176,829,17179,879,410,,293,111,120,,23,90,119.995
"4602",2024,"4602",2.1,14252,2232,865,17349,852,412,,268,107,111,,28,77,117
"4602",2025,"4602",2.1,14289,2276,854,17419,869,425,,260,98,110,,23,83,115
"4611",2007,"1211",,3257,350,251,3858,168,61,22,85,,,,,,
"4611",2008,"1211",1.5,3231,362,259,3852,175,70,26,79,8,,,,,
"4611",2009,"1211",1.8,3222,373,259,3854,158,50,27,81,,37,0,,19,
"4611",2010,"1211",1.6,3237,388,257,3882,169,60,27,82,8,36,0,6,30,
"4611",2011,"1211",2.3,3278,387,244,3909,156,56,24,76,8,34,0,,26,
"4611",2012,"1211",2.4,3312,412,239,3963,144,52,21,71,52,38,0,,33,
"4611",2013,"1211",2.5,3387,415,238,4040,147,59,17,71,52,36,0,6,30,
"4611",2014,"1211",3,3400,421,236,4057,147,57,23,67,8,36,0,,30,
"4611",2015,"1211",2.29,3430,442,231,4103,138,49,22,67,6,24,0,,18,25.765
"4611",2016,"1211",2.42,3436,452,218,4106,149,56,28,65,,20,0,,9,29.77
"4611",2017,"1211",1.8,3454,452,229,4135,145,52,,53,9,22,,,11,29.23
"4611",2018,"1211",3.8,3390,467,226,4083,148,49,,59,10,25,,,12,29.14
"4611",2019,"1211",2.8,3354,488,235,4077,212,102,,63,24,28,,,14,30.85
"4611",2020,"4611",3.5,3306,518,238,4062,197,83,,70,25,28,,,13,32.115
"4611",2021,"4611",3.5,3276,524,253,4053,177,74,,67,24,25,,,12,32.075
"4611",2022,"4611",4.1,3259,537,247,4043,173,67,,77,23,27,,,13,33.915
"4611",2023,"4611",3.5,3258,553,262,4073,178,65,,80,24,24,,,11,32.845
"4611",2024,"4611",2.3,3243,559,270,4072,184,58,,85,24,23,,,18,35
"4611",2025,"4611",2.3,3250,568,275,4093,173,65,,75,23,27,,,15,36
"4612",2007,"1216",,4212,344,208,4764,167,79,20,68,,,,,,
"4612",2008,"1216",3.6,4267,352,206,4825,175,81,24,70,18,,,,,
"4612",2009,"1216",3.9,4341,357,208,4906,175,78,27,70,20,29,0,,23,
"4612",2010,"1216",1.8,4422,375,202,4999,177,93,28,56,9,40,0,,33,
"4612",2011,"1216",2.5,4553,382,203,5138,172,82,29,61,25,41,0,,35,
"4612",2012,"1216",2.1,4613,411,204,5228,158,70,27,61,26,43,0,,38,
"4612",2013,"1216",2.2,4764,430,206,5400,149,66,27,56,14,35,0,6,29,
"4612",2014,"1216",2.1,4804,459,200,5463,170,83,29,58,30,34,0,7,27,
"4612",2015,"1216",2.025,4839,467,203,5509,177,86,35,56,28,33,,5,25,39.565
"4612",2016,"1216",2.22,4882,507,204,5593,183,88,42,53,17,37,,,31,39.525
"4612",2017,"1216",2.6,4913,534,209,5656,173,80,,49,17,36,,,30,39.705
"4612",2018,"1216",2.6,4922,593,206,5721,186,79,,64,17,31,,5,24,41.155
"4612",2019,"1216",2.6,4897,616,208,5721,186,79,,64,17,31,,5,24,41.37
"4612",2020,"4612",4.2,4907,652,207,5766,216,96,,73,17,25,,8,17,39.68
"4612",2021,"4612",3.2,4891,683,224,5798,198,95,,56,18,32,,6,26,43.205
"4612",2022,"4612",4.3,4830,718,227,5775,170,81,,51,16,29,,7,22,47.895
"4612",2023,"4612",4.2,4759,738,235,5732,260,159,,62,16,33,,7,26,44.75
"4612",2024,"4612",4.3,4740,754,248,5742,248,132,,73,16,29,,,22,42
"4612",2025,"4612",4.5,4707,786,259,5752,246,141,,59,16,30,,9,12,44
"4613",2007,"1219",,9541,807,544,10892,377,147,57,173,,,,,,
"4613",2008,"1219",3.5,9650,799,549,10998,397,165,51,181,31,,,,,
"4613",2009,"1219",3.7,9749,781,555,11085,412,167,56,189,30,78,8,12,58,
"4613",2010,"1219",3.6,9914,802,559,11275,442,180,57,205,30,80,6,13,61,
"4613",2011,"1219",4.1,10013,839,569,11421,433,194,58,181,27,81,5,13,63,
"4613",2012,"1219",3.5,10071,860,572,11503,448,200,55,193,28,83,0,,66,
"4613",2013,"1219",3.3,10158,907,573,11638,443,214,49,180,28,84,0,,69,
"4613",2014,"1219",3.7,10233,957,559,11749,448,218,53,177,26,82,6,9,67,
"4613",2015,"1219",5.185,10200,1021,540,11761,426,206,47,173,23,79,0,,59,74.305
"4613",2016,"1219",5.185,10144,1102,532,11778,449,216,60,173,25,81,0,,61,71.71
"4613",2017,"1219",5.9,10092,1188,526,11806,473,240,,179,24,8,,19,63,77.08
"4613",2018,"1219",5.4,10130,1237,535,11902,465,248,,162,25,86,,20,66,77.005
"4613",2019,"1219",5.2,10141,1294,525,11960,478,262,,149,25,81,,17,64,80.465
"4613",2020,"4613",5.5,10080,1376,501,11957,482,255,,152,24,85,,,70,76.915
"4613",2021,"4613",4.7,9994,1450,509,11953,572,296,,184,24,87,,,69,71.245
"4613",2022,"4613",5,10051,1500,510,12061,562,301,,182,41,75,,,54,72.475
"4613",2023,"4613",4.6,10029,1568,535,12132,553,315,,162,44,82,,,61,74.1
"4613",2024,"4613",6.9,10116,1584,568,12268,416,185,,162,42,84,,,65,79
"4613",2025,"4613",6.9,10160,1600,605,12365,426,194,,163,41,75,,,58,81
"4614",2007,"1221",,15070,1225,555,16850,546,233,89,224,,,,,,
"4614",2008,"1221",8.1,15247,1250,595,17092,575,253,99,223,72,,,,,
"4614",2009,"1221",8.4,15395,1301,593,17289,602,283,87,232,73,51,0,,34,
"4614",2010,"1221",7.1,15614,1327,624,17565,618,286,98,234,75,58,0,,37,
"4614",2011,"1221",6.5,15770,1393,641,17804,602,293,83,226,73,58,5,15,38,
"4614",2012,"1221",6.8,15878,1422,657,17957,585,290,86,209,102,60,7,13,40,
"4614",2013,"1221",7.7,16032,1476,653,18161,604,302,88,214,102,66,,17,43,
"4614",2014,"1221",9.3,16173,1593,659,18425,603,306,89,208,110,68,,15,49,
"4614",2015,"1221",10.29,16327,1675,683,18685,619,314,89,216,103,65,,16,44,131.59
"4614",2016,"1221",10.615,16339,1743,693,18775,624,312,86,226,103,71,5,20,46,137.915
"4614",2017,"1221",11,16263,1831,727,18821,638,339,,218,105,68,,21,32,139.83
"4614",2018,"1221",10.4,16132,1910,738,18780,630,322,,210,101,65,,16,33,134.815
"4614",2019,"1221",9.2,15971,1970,758,18699,635,336,,211,108,69,,21,33,135.92
"4614",2020,"4614",9.5,15934,2061,764,18759,746,408,,222,117,76,,18,54,137.775
"4614",2021,"4614",8.6,15932,2117,812,18861,766,419,,234,117,76,5,21,50,135.04
"4614",2022,"4614",9.5,15928,2136,855,18919,751,397,,243,117,86,6,21,59,137.07
"4614",2023,"4614",10.3,16026,2177,895,19098,765,406,,240,120,94,6,25,63,138.155
"4614",2024,"4614",10.5,16140,2230,917,19287,738,390,,228,120,94,9,20,65,134
"4614",2025,"4614",11.8,16131,2241,978,19350,676,374,,219,127,95,10,27,58,129
"4615",2007,"1222",,2550,205,142,2897,100,33,10,57,,,,,,
"4615",2008,"1222",5.2,2553,212,147,2912,112,40,11,61,31,,,,,
"4615",2009,"1222",4.2,2548,209,151,2908,105,38,18,49,33,22,0,,15,
"4615",2010,"1222",4.3,2575,202,154,2931,111,39,19,53,31,22,0,,17,
"4615",2011,"1222",4.1,2570,206,153,2929,110,40,18,52,31,22,0,,16,
"4615",2012,"1222",3.7,2576,216,152,2944,107,45,14,48,31,20,0,,13,
"4615",2013,"1222",3.4,2615,219,146,2980,109,44,15,50,30,22,0,6,16,
"4615",2014,"1222",3,2633,233,143,3009,117,48,18,51,27,23,0,,17,
"4615",2015,"1222",2.91,2690,261,142,3093,117,43,16,58,26,21,0,,14,26.415
"4615",2016,"1222",2.32,2729,273,138,3140,118,53,16,49,26,23,0,,16,27.225
"4615",2017,"1222",6.7,2765,296,128,3189,125,57,,50,29,19,,,9,30.2
"4615",2018,"1222",9.2,2752,313,129,3194,137,65,,49,32,21,,,15,32.785
"4615",2019,"1222",9.9,2723,347,131,3201,145,75,,47,30,20,,,14,30.055
"4615",2020,"4615",8.7,2685,374,130,3189,139,73,,41,29,20,,,16,26.805
"4615",2021,"4615",6.7,2629,391,127,3147,136,69,,45,27,17,,,13,23.825
"4615",2022,"4615",8.3,2573,415,129,3117,145,85,,36,26,18,,,9,23.14
"4615",2023,"4615",7.8,2601,447,133,3181,154,96,,35,28,19,,,9,23.84
"4615",2024,"4615",8.5,2599,458,146,3203,167,106,,37,27,15,,,8,21
"4615",2025,"4615",8.4,2576,482,150,3208,155,91,,38,22,15,,,7,27
"4616",2007,"1223",,2213,320,220,2753,206,85,31,90,,,,,,
"4616",2008,"1223",2,2236,318,219,2773,232,100,30,102,25,,,,,
"4616",2009,"1223",2.5,2255,315,222,2792,190,60,29,101,22,34,0,,27,
"4616",2010,"1223",2.9,2239,319,221,2779,192,64,27,101,22,26,0,,19,
"4616",2011,"1223",3.1,2218,312,226,2756,185,61,30,94,21,31,0,,26,
"4616",2012,"1223",2.5,2219,324,223,2766,173,47,27,99,20,27,0,,21,
"4616",2013,"1223",2.3,2182,343,211,2736,163,46,26,91,16,32,0,,28,
"4616",2014,"1223",2.1,2180,346,219,2745,174,70,19,85,16,29,0,,26,
"4616",2015,"1223",2.32,2209,364,209,2782,169,60,24,85,16,30,0,,18,22.98
"4616",2016,"1223",2.5,2195,400,202,2797,185,56,34,95,17,31,0,,24,20.96
"4616",2017,"1223",2.5,2223,415,209,2847,186,59,,90,17,27,,,21,21.17
"4616",2018,"1223",2.7,2219,433,205,2857,178,56,,81,21,23,,,13,20.235
"4616",2019,"1223",2.7,2198,451,197,2846,189,63,,84,21,20,,,9,20.22
"4616",2020,"4616",3,2194,476,199,2869,158,59,,68,18,18,,,10,20.23
"4616",2021,"4616",3,2241,489,194,2924,181,71,,80,18,19,,,8,21.955
"4616",2022,"4616",2.8,2172,514,197,2883,190,74,,72,18,21,,,11,22.76
"4616",2023,"4616",2.5,2181,523,206,2910,171,67,,66,15,17,,,9,24.165
"4616",2024,"4616",3.1,2193,531,198,2922,155,62,,60,17,15,,,7,25
"4616",2025,"4616",3.6,2260,527,199,2986,166,73,,57,18,14,,,7,23
"4617",2007,"1224",,11105,1228,699,13032,535,178,98,259,,,,,,
"4617",2008,"1224",6.7,11105,1239,719,13063,551,198,85,268,102,,,,,
"4617",2009,"1224",6.6,11117,1283,712,13112,533,204,87,242,94,94,,13,75,
"4617",2010,"1224",5.4,11172,1313,702,13187,559,214,87,258,86,86,,16,66,
"4617",2011,"1224",6.3,11193,1346,704,13243,582,233,99,250,112,86,,12,71,
"4617",2012,"1224",6.3,11223,1392,703,13318,548,219,96,233,101,90,0,,75,
"4617",2013,"1224",6.3,11157,1444,704,13305,594,246,98,250,86,84,0,22,62,
"4617",2014,"1224",6,11035,1477,720,13232,615,254,100,261,82,91,0,19,72,
"4617",2015,"1224",6.695,10960,1540,734,13234,621,253,107,261,90,100,0,,84,129.805
"4617",2016,"1224",6.99,10903,1620,748,13271,608,264,109,235,107,98,0,,79,133.865
"4617",2017,"1224",7.3,10828,1681,732,13241,573,254,,232,99,90,,,69,133.785
"4617",2018,"1224",8.3,10710,1717,753,13180,588,258,,230,95,94,,14,76,143.05
"4617",2019,"1224",9.4,10583,1751,803,13137,574,257,,214,98,90,,,74,158.965
"4617",2020,"4617",9.3,10487,1780,804,13071,606,266,,237,94,87,,,68,178.245
"4617",2021,"4617",8.9,10401,1836,802,13039,646,303,,241,82,82,,,67,175.045
"4617",2022,"4617",9,10324,1867,826,13017,656,318,,229,82,65,,10,55,173.98
"4617",2023,"4617",10.4,10334,1908,816,13058,589,237,,230,63,75,,,62,176.105
"4617",2024,"4617",10.5,10310,1924,855,13089,585,227,,241,62,81,,,62,159
"4617",2025,"4617",10.3,10327,1960,888,13175,565,213,,243,78,82,,,63,170
"4618",2007,"1227+1228+1231",,9372,1338,916,11626,563,129,105,329,,,,,,
"4618",2008,"1227+1228+1231",9.62764578833693,9338,1325,906,11569,639,154,107,378,57,,,,,
"4618",2009,"1227+1228+1231",10.2884745762712,9211,1320,896,11427,590,138,106,346,64,137,0,17,90,
"4618",2010,"1227+1228+1231",9.31426056338028,9289,1319,857,11465,568,125,114,329,23,136,0,15,95,
"4618",2011,"1227+1228+1231",9.4967585089141,9260,1322,849,11431,617,172,110,335,55,136,0,8,117,
"4618",2012,"1227+1228+1231",9.1492385786802,9213,1334,866,11413,591,154,109,328,114,132,0,,110,
"4618",2013,"1227+1228+1231",8.94823529411765,9226,1364,847,11437,595,178,89,328,51,119,0,,106,
"4618",2014,"1227+1228+1231",9.39982486865149,9202,1430,837,11469,571,174,100,297,52,127,0,,111,
"4618",2015,"1227+1228+1231",10.1597872340426,9173,1471,819,11463,564,176,94,294,44,120,0,,81,94.695
"4618",2016,"1227+1228+1231",10.0783250414594,9119,1508,808,11435,603,214,104,285,47,110,0,,74,92.42
"4618",2017,"1227+1228+1231",10.0265060240964,9182,1540,788,11510,581,204,,263,44,105,,,73,95.645
"4618",2018,"1227+1228+1231",9.949376114082,8952,1555,787,11294,561,199,,259,50,94,,5,65,91.23
"4618",2019,"1227+1228+1231",10.02,8801,1556,795,11152,620,246,,272,62,92,,21,64,95.26
"4618",2020,"4618",7.5,8679,1555,814,11048,687,320,,259,72,94,,,79,93.24
"4618",2021,"4618",7.9,8616,1554,832,11002,756,369,,267,64,82,,,65,91.02
"4618",2022,"4618",8.1,8469,1597,815,10881,838,435,,259,69,84,,16,68,90.145
"4618",2023,"4618",7.5,8736,1612,800,11148,844,430,,274,72,86,,16,70,89.225
"4618",2024,"4618",4.4,8574,1627,816,11017,817,404,,283,38,109,,,89,93
"4618",2025,"4618",5.9,8499,1634,848,10981,648,261,,279,40,107,,,84,109
"4619",2007,"1232",,765,86,64,915,36,,,,,,,,,
"4619",2008,"1232",3.9,783,87,63,933,37,8,12,17,,,,,,
"4619",2009,"1232",2.9,795,90,60,945,28,5,12,11,,18,0,,16,
"4619",2010,"1232",3,803,97,58,958,28,6,9,13,21,19,0,,14,
"4619",2011,"1232",2.9,804,104,51,959,32,8,9,15,,17,0,,12,
"4619",2012,"1232",2.7,799,107,51,957,44,11,15,18,18,16,0,,12,
"4619",2013,"1232",2.2,793,105,54,952,50,13,16,21,22,14,0,,5,
"4619",2014,"1232",5.1,779,115,56,950,45,10,12,23,,14,0,,5,
"4619",2015,"1232",2.525,776,116,58,950,42,11,10,21,0,18,0,5,13,13.25
"4619",2016,"1232",2.595,752,114,59,925,43,14,6,23,0,12,0,,7,10.13
"4619",2017,"1232",2.4,750,113,58,921,39,10,,21,0,12,,,,11.44
"4619",2018,"1232",2.8,761,110,60,931,39,8,,24,0,13,,,8,11.145
"4619",2019,"1232",2.2,733,111,62,906,39,9,,21,0,16,,,9,8.87
"4619",2020,"4619",2.1,726,124,56,906,40,9,,20,0,12,,,7,11.845
"4619",2021,"4619",1.7,722,126,55,903,43,11,,20,0,13,,,6,8.995
"4619",2022,"4619",1.6,750,130,57,937,41,11,,22,,10,,,5,11.095
"4619",2023,"4619",6.2,758,144,60,962,38,8,,20,,10,,,5,12.15
"4619",2024,"4619",2.1,755,154,59,968,39,9,,22,0,12,,,7,12
"4619",2025,"4619",1.8,745,158,64,967,35,7,,21,0,11,,,5,13
"4620",2007,"1233",,923,110,104,1137,72,19,16,37,,,,,,
"4620",2008,"1233",5.9,892,116,99,1107,70,17,11,42,,,,,,
"4620",2009,"1233",4.9,870,119,106,1095,70,16,11,43,,22,,,18,
"4620",2010,"1233",4.3,900,117,112,1129,55,13,9,33,17,21,,0,19,
"4620",2011,"1233",3.9,895,118,105,1118,60,12,11,37,,16,0,0,8,
"4620",2012,"1233",4.7,890,123,99,1112,57,12,12,33,,15,0,0,8,
"4620",2013,"1233",4.2,875,143,95,1113,57,11,20,26,,11,0,0,7,
"4620",2014,"1233",2.9,849,156,89,1094,47,10,14,23,,14,0,,9,
"4620",2015,"1233",3.695,867,160,80,1107,52,11,16,25,0,10,0,0,5,8.75
"4620",2016,"1233",3.2,875,162,79,1116,49,12,18,19,0,12,0,0,7,9.98
"4620",2017,"1233",2.8,885,172,74,1131,51,13,,21,0,12,,,7,9.115
"4620",2018,"1233",3.1,875,178,64,1117,68,28,,20,,12,,,5,8.085
"4620",2019,"1233",3.2,855,172,66,1093,77,32,,21,,11,,,5,9.02
"4620",2020,"4620",2.9,830,181,69,1080,82,35,,20,,13,,,13,10.015
"4620",2021,"4620",2.6,809,182,70,1061,94,44,,20,,11,,,9,10.215
"4620",2022,"4620",2.9,800,181,70,1051,85,35,,21,,8,,,6,10.025
"4620",2023,"4620",3,811,175,70,1056,74,24,,23,,8,,,5,7.21
"4620",2024,"4620",3.1,844,173,72,1089,71,19,,28,0,10,,,,8
"4620",2025,"4620",2.3,850,162,88,1100,79,25,,31,3,8,,,,10
"4621",2007,"1234+1235",,12169,1586,1008,14763,709,199,124,386,,,,,,
"4621",2008,"1234+1235",3.5556338028169,12134,1585,1013,14732,710,207,126,377,50,,,,,
"4621",2009,"1234+1235",4.23792633015007,12219,1580,1019,14818,733,240,134,359,10,187,6,22,155,
"4621",2010,"1234+1235",4.14021739130435,12250,1581,1018,14849,736,253,138,345,79,186,5,24,153,
"4621",2011,"1234+1235",4.1797537619699,12325,1579,1000,14904,731,261,124,346,52,180,0,,150,
"4621",2012,"1234+1235",4.04915014164306,12325,1571,1005,14901,706,256,128,322,50,171,0,,145,
"4621",2013,"1234+1235",3.72712100139082,12355,1608,1002,14965,719,256,126,298,53,165,5,18,137,
"4621",2014,"1234+1235",3.80554054054054,12390,1687,1002,15079,740,265,133,342,37,167,0,,133,
"4621",2015,"1234+1235",3.79269985974754,12518,1740,1010,15268,713,251,122,300,37,166,0,23,137,87.08
"4621",2016,"1234+1235",3.474972899729,12519,1804,1022,15345,738,262,127,314,59,173,0,,145,99.855
"4621",2017,"1234+1235",3.6,12582,1844,1021,15447,738,264,,337,62,155,,,125,98.935
"4621",2018,"1234+1235",3.2,12613,1885,1010,15508,712,268,,321,61,139,,,115,110.255
"4621",2019,"1234+1235",3.4,12600,1915,1028,15543,706,265,,312,63,143,,,122,117.305
"4621",2020,"4621",3.7,12721,1982,1037,15740,710,284,,297,10,134,6,15,113,109.83
"4621",2021,"4621",4.3,12723,2042,1022,15787,732,286,,305,60,115,6,15,94,114.18
"4621",2022,"4621",4.1,12752,2097,1026,15875,762,326,,303,57,113,5,16,92,112.07
"4621",2023,"4621",4.5,12928,2200,1016,16144,751,371,,262,56,113,,,97,112.97
"4621",2024,"4621",4.5,13160,2284,1027,16471,684,325,,249,57,101,,,79,117
"4621",2025,"4621",4.3,13060,2335,1041,16436,666,326,,235,60,91,,,69,117
"4622",2007,"1238",,6815,828,587,8230,305,78,42,185,,,,,,
"4622",2008,"1238",5.2,6805,819,586,8210,336,97,44,195,55,,,,,
"4622",2009,"1238",5.5,6933,814,591,8338,430,139,59,232,71,53,0,,43,
"4622",2010,"1238",4.4,6931,843,586,8360,428,151,55,222,72,50,0,7,43,
"4622",2011,"1238",4.4,7002,854,586,8442,441,156,55,230,73,50,0,,43,
"4622",2012,"1238",4.7,7067,871,584,8522,450,158,68,224,82,51,0,,40,
"4622",2013,"1238",4.6,7101,926,557,8584,485,177,68,240,84,49,0,,38,
"4622",2014,"1238",5.1,7054,979,551,8584,496,173,72,251,91,51,0,,39,
"4622",2015,"1238",5.4,6970,1021,548,8539,505,178,81,246,87,47,,6,37,62.205
"4622",2016,"1238",4.59,6898,1037,540,8475,508,198,85,225,85,54,,5,45,65.55
"4622",2017,"1238",6.1,6815,1061,547,8423,498,205,,216,86,54,,8,42,61.22
"4622",2018,"1238",5.1,6824,1090,541,8455,526,226,,229,86,55,5,13,37,70.84
"4622",2019,"1238",6.4,6792,1105,544,8441,548,229,,233,88,56,5,15,36,71.82
"4622",2020,"4622",7.2,6761,1138,558,8457,539,240,,206,76,56,5,20,31,69.015
"4622",2021,"4622",7.3,6725,1191,545,8461,533,239,,207,71,53,,,36,67.165
"4622",2022,"4622",8.2,6696,1237,564,8497,462,195,,184,68,55,,,39,72.8
"4622",2023,"4622",8,6717,1235,579,8531,489,230,,174,88,50,,,38,70.875
"4622",2024,"4622",8.1,6634,1263,599,8496,517,247,,178,78,49,,12,35,71
"4622",2025,"4622",9.6,6610,1272,635,8517,491,217,,184,85,53,,12,39,73
"4623",2007,"1242",,2021,182,150,2353,90,26,12,52,,,,,,
"4623",2008,"1242",2.2,2060,188,148,2396,95,27,13,55,6,,,,,
"4623",2009,"1242",2,2043,194,142,2379,81,24,11,46,6,32,0,,23,
"4623",2010,"1242",5.5,2044,189,142,2375,80,25,11,44,,33,0,,23,
"4623",2011,"1242",11.6,2054,196,144,2394,96,38,11,47,,23,0,5,18,
"4623",2012,"1242",11.6,2056,218,143,2417,82,34,11,37,,21,0,,9,
"4623",2013,"1242",7.6,2061,228,145,2434,89,30,8,51,,23,0,6,17,
"4623",2014,"1242",4.8,2049,235,152,2436,76,28,7,41,,25,0,7,18,
"4623",2015,"1242",4.985,2040,251,152,2443,107,41,23,43,0,16,0,,7,17.24
"4623",2016,"1242",4.52,2036,269,138,2443,113,45,28,40,7,20,0,5,15,20.15
"4623",2017,"1242",5.4,2063,290,135,2488,108,47,,32,7,21,,,17,19.92
"4623",2018,"1242",4,2019,312,132,2463,125,42,,50,7,22,,,14,18.185
"4623",2019,"1242",3.5,1988,349,128,2465,130,47,,54,8,19,,,15,20.785
"4623",2020,"4623",3,1999,357,129,2485,127,50,,45,9,15,,,9,22.875
"4623",2021,"4623",7,1997,384,123,2504,108,42,,45,9,24,,8,16,19.185
"4623",2022,"4623",5,1981,385,135,2501,94,37,,33,10,18,,,7,24.83
"4623",2023,"4623",2.8,1975,394,126,2495,124,53,,43,12,23,,,11,26.1
"4623",2024,"4623",1.6,1965,406,131,2502,111,54,,35,12,17,,5,7,23
"4623",2025,"4623",3.7,1949,404,138,2491,114,56,,39,11,17,,5,8,20
"4624",2007,"1241+1243",,17164,1439,741,19344,730,313,121,296,,,,,,
"4624",2008,"1241+1243",6.82746185852982,17595,1475,744,19814,721,327,123,271,168,,,,,
"4624",2009,"1241+1243",8.83062015503876,17961,1528,739,20228,774,353,128,293,154,77,0,5,66,
"4624",2010,"1241+1243",7.36900662251656,18174,1595,738,20507,755,330,135,290,155,69,0,5,61,
"4624",2011,"1241+1243",8.55485636114911,18678,1636,747,21061,731,299,132,300,154,70,0,7,58,
"4624",2012,"1241+1243",8.73595206391478,19048,1726,763,21537,751,319,130,302,158,60,0,6,49,
"4624",2013,"1241+1243",9.60544488711819,19356,1829,775,21960,753,342,119,292,161,53,0,,27,
"4624",2014,"1241+1243",10.0743979721166,19767,1972,768,22507,789,347,143,299,163,58,0,,34,
"4624",2015,"1241+1243",10.492044198895,20040,2103,792,22935,905,402,191,312,167,63,0,,55,137.175
"4624",2016,"1241+1243",8.54155291790307,20558,2259,801,23618,1011,460,215,336,171,59,0,,41,143.98
"4624",2017,"1241+1243",8.3710599078341,20841,2373,833,24047,1085,496,,351,208,37,,,17,150.97
"4624",2018,"1241+1243",8.74497041420118,21138,2484,871,24493,1183,560,,366,198,62,,5,38,165.07
"4624",2019,"1241+1243",9.59091614906832,21157,2597,911,24665,1288,636,,373,199,76,,13,53,174.135
"4624",2020,"4624",8.1,21238,2722,948,24908,1291,636,,379,182,78,,18,50,167.97
"4624",2021,"4624",9.9,21248,2808,993,25049,1022,499,,332,183,88,,20,55,174.14
"4624",2022,"4624",9.8,21287,2903,1023,25213,1002,518,,305,181,81,,24,48,176.205
"4624",2023,"4624",9.3,21533,3000,1063,25596,1024,493,,340,182,86,,29,46,174.8
"4624",2024,"4624",9.7,21845,3130,1105,26080,1020,504,,313,181,93,,32,53,172
"4624",2025,"4624",8.9,21987,3191,1164,26342,1052,526,,325,182,85,,28,51,176
"4625",2007,"1244",,3817,366,206,4389,141,43,23,75,,,,,,
"4625",2008,"1244",9,3826,348,216,4390,186,67,26,93,16,,,,,
"4625",2009,"1244",16.3,3844,350,223,4417,204,93,25,86,14,33,0,,27,
"4625",2010,"1244",17.6,4002,351,218,4571,200,80,26,94,52,35,0,,29,
"4625",2011,"1244",5.2,4090,365,225,4680,178,71,22,85,41,38,0,,33,
"4625",2012,"1244",3.6,4190,380,222,4792,183,81,27,75,,35,0,,17,
"4625",2013,"1244",3.9,4215,406,217,4838,222,112,27,83,,40,0,,37,
"4625",2014,"1244",3.4,4280,422,222,4924,226,118,32,76,,39,0,,32,
"4625",2015,"1244",4.975,4346,451,215,5012,236,121,39,76,,43,0,,37,22.085
"4625",2016,"1244",4.495,4415,492,211,5118,243,121,39,83,0,39,0,7,32,19.315
"4625",2017,"1244",4.8,4423,522,211,5156,250,125,,81,,37,,,28,22.41
"4625",2018,"1244",4.1,4440,533,216,5189,264,143,,79,5,45,,,36,24.005
"4625",2019,"1244",3.9,4437,548,227,5212,276,146,,86,,45,,,36,22.135
"4625",2020,"4625",3.8,4439,564,233,5236,305,175,,82,,44,,,34,26.015
"4625",2021,"4625",3.6,4443,610,223,5276,322,180,,85,,38,,5,33,27.175
"4625",2022,"4625",3.5,4400,656,227,5283,326,197,,82,11,33,,6,27,31.905
"4625",2023,"4625",2.7,4393,674,230,5297,328,194,,79,16,25,,,12,27.135
"4625",2024,"4625",2.5,4376,689,235,5300,357,218,,81,15,29,,,15,27
"4625",2025,"4625",4.3,4480,705,252,5437,196,63,,81,17,31,,,17,30
"4626",2007,"1245+1246+1259",,27962,1750,883,30595,948,439,155,354,,,,,,
"4626",2008,"1245+1246+1259",6.79220779220779,28452,1829,889,31170,1001,501,157,343,86,,,,,
"4626",2009,"1245+1246+1259",6.40128558310377,28833,1898,898,31629,1089,572,163,354,87,101,0,5,84,
"4626",2010,"1245+1246+1259",6.20698131760079,29293,1969,907,32169,1017,479,163,375,97,100,0,7,83,
"4626",2011,"1245+1246+1259",5.55552353506244,29768,2078,939,32785,1041,492,167,382,103,92,0,6,71,
"4626",2012,"1245+1246+1259",6.54081237911025,30360,2235,953,33548,1034,507,147,380,98,84,0,8,64,
"4626",2013,"1245+1246+1259",6.71526066350711,31019,2390,945,34354,1055,524,153,378,75,97,0,,76,
"4626",2014,"1245+1246+1259",6.46163753449862,31595,2620,976,35191,1087,544,177,366,79,103,0,7,75,
"4626",2015,"1245+1246+1259",7.09737734165923,32098,2823,991,35912,1121,546,196,379,80,97,0,13,78,160.77
"4626",2016,"1245+1246+1259",5.85498251748252,32685,3023,989,36697,1144,578,195,371,77,102,0,6,82,169.87
"4626",2017,"1245+1246+1259",6.61618257261411,32941,3210,1024,37175,1205,630,,366,87,116,,,83,177.265
"4626",2018,"1245+1246+1259",5.91596360628619,33208,3440,1039,37687,1209,597,,388,87,127,,8,104,184.1
"4626",2019,"1245+1246+1259",6.0118158123371,33378,3649,1090,38117,1151,551,,375,119,118,,12,87,191.2
"4626",2020,"4626",7.3,33352,3834,1130,38316,1394,795,,373,168,115,,,88,194.86
"4626",2021,"4626",7.7,33462,3985,1217,38664,1350,743,,373,119,122,,,95,198.95
"4626",2022,"4626",7.5,33621,4150,1261,39032,1330,761,,351,125,109,,,81,202.045
"4626",2023,"4626",6.6,33739,4331,1298,39368,1341,745,,367,165,120,,,100,241.81
"4626",2024,"4626",6.4,33927,4430,1411,39768,1380,755,,380,195,118,,,93,255
"4626",2025,"4626",5.9,34030,4552,1523,40105,1425,791,,391,192,130,,,103,257
"4627",2007,"1247",,20739,1543,736,23018,648,277,87,284,,,,,,
"4627",2008,"1247",9,21382,1581,742,23705,674,293,103,278,162,,,,,
"4627",2009,"1247",9.8,22071,1608,753,24432,696,312,117,267,162,161,11,23,127,
"4627",2010,"1247",12.2,22576,1661,756,24993,671,293,110,268,158,145,12,24,109,
"4627",2011,"1247",11.8,23117,1735,750,25602,692,313,106,273,172,147,,27,107,
"4627",2012,"1247",11.7,23628,1823,759,26210,728,319,136,273,174,139,14,23,102,
"4627",2013,"1247",11.5,24144,1932,755,26831,745,326,152,267,158,141,9,24,108,
"4627",2014,"1247",11.7,24479,2087,780,27346,751,326,149,276,159,136,10,23,103,
"4627",2015,"1247",10.385,24787,2276,795,27858,756,325,137,294,150,137,15,31,91,140.04
"4627",2016,"1247",10.2,25155,2432,793,28380,841,418,147,276,152,133,,23,98,134.08
"4627",2017,"1247",10.3,25433,2547,841,28821,925,484,,277,145,128,9,25,94,142.155
"4627",2018,"1247",9.8,25551,2672,848,29071,915,525,,258,139,146,,39,97,134.91
"4627",2019,"1247",10.5,25668,2742,865,29275,947,560,,247,158,143,,32,102,140.005
"4627",2020,"4627",11.1,25760,2887,906,29553,973,578,,249,152,142,,34,98,132.25
"4627",2021,"4627",11.4,25658,2975,961,29594,857,461,,244,150,145,,31,102,140.1
"4627",2022,"4627",10.4,25760,3080,976,29816,825,410,,260,145,142,,30,102,132.945
"4627",2023,"4627",10.8,25814,3157,1018,29989,818,367,,287,140,150,,49,94,143.055
"4627",2024,"4627",11.5,25849,3223,1073,30145,800,331,,302,141,136,,40,86,150
"4627",2025,"4627",12,25977,3259,1141,30377,782,318,,294,143,136,,45,81,143
"4628",2007,"1251",,3267,484,343,4094,251,57,60,134,,,,,,
"4628",2008,"1251",4,3292,467,347,4106,226,43,57,126,12,,,,,
"4628",2009,"1251",3.8,3306,470,334,4110,228,47,43,138,12,65,0,,57,
"4628",2010,"1251",3.9,3303,454,350,4107,231,53,46,132,12,66,0,,55,
"4628",2011,"1251",4.4,3346,455,352,4153,234,49,50,135,15,61,0,,52,
"4628",2012,"1251",4.8,3340,449,349,4138,236,45,62,129,15,60,0,,48,
"4628",2013,"1251",5.4,3320,472,340,4132,238,43,51,144,15,50,0,10,40,
"4628",2014,"1251",5.8,3318,485,337,4140,224,43,50,131,13,52,0,,41,
"4628",2015,"1251",5.815,3275,489,332,4096,237,57,56,124,13,50,0,,43,38.205
"4628",2016,"1251",5.405,3327,484,314,4125,236,59,53,124,13,49,0,,40,40.27
"4628",2017,"1251",5.9,3340,479,304,4123,236,70,,117,13,49,,7,42,37.88
"4628",2018,"1251",5.5,3344,479,304,4127,221,61,,115,11,46,,6,40,38.79
"4628",2019,"1251",6.1,3261,478,306,4045,225,70,,108,14,43,,,35,37.145
"4628",2020,"4628",5.3,3169,513,295,3977,220,73,,102,15,42,,,35,34.09
"4628",2021,"4628",5.7,3120,517,281,3918,192,56,,95,15,41,,,35,35.21
"4628",2022,"4628",5.8,3056,539,272,3867,185,60,,85,14,35,,,27,32.215
"4628",2023,"4628",5.3,3062,550,263,3875,200,82,,78,11,38,,,31,33.875
"4628",2024,"4628",5.8,3038,555,259,3852,169,50,,77,13,36,,8,28,32
"4628",2025,"4628",6.4,3070,555,250,3875,166,52,,75,15,37,,11,26,32
"4629",2008,"1252",,308,37,15,360,6,,,,,,,,,
"4629",2009,"1252",,306,34,11,351,8,,,,,6,0,,,
"4629",2010,"1252",4,301,32,11,344,8,,,,,9,0,,,
"4629",2011,"1252",,320,36,14,370,10,,,,,10,0,,,
"4629",2012,"1252",3,317,38,15,370,9,,,,,13,0,5,,
"4629",2013,"1252",4.8,328,41,14,383,11,,,,,12,0,,,
"4629",2014,"1252",3.9,317,39,16,372,11,,,,,9,0,,,
"4629",2015,"1252",3.81,323,38,17,378,9,,,,0,7,0,,,8.85
"4629",2016,"1252",3.1,324,40,17,381,16,,,,0,5,0,,,7.985
"4629",2017,"1252",2.2,321,39,23,383,17,,,,0,6,,,,5.815
"4629",2018,"1252",4.2,315,40,25,380,18,,,,0,5,,,,6
"4629",2019,"1252",4.1,317,37,26,380,21,,,,0,5,,,,7.09
"4629",2020,"4629",5.2,325,37,26,388,18,,,,0,7,,,,5.15
"4629",2021,"4629",1.5,312,38,26,376,19,6,,8,0,6,,,,5.885
"4629",2022,"4629",2.5,311,41,26,378,20,7,,8,0,5,,,5,9.87
"4629",2023,"4629",2,304,52,24,380,17,6,,5,0,5,,,,11.18
"4629",2024,"4629",2.2,309,50,25,384,17,,,,0,,,,,10
"4629",2025,"4629",1.9,318,51,23,392,13,,,,0,,,,,9
"4630",2007,"1253",,6173,599,414,7186,270,91,35,144,,,,,,
"4630",2008,"1253",6.3,6275,604,426,7305,287,97,45,145,33,,,,,
"4630",2009,"1253",6.7,6313,620,419,7352,255,86,34,135,32,62,,8,52,
"4630",2010,"1253",12.9,6375,617,429,7421,237,81,34,122,16,62,,8,51,
"4630",2011,"1253",13.1,6409,625,431,7465,228,77,36,115,16,59,,7,49,
"4630",2012,"1253",10.7,6465,652,404,7521,235,73,46,116,34,52,0,,44,
"4630",2013,"1253",11.2,6591,681,402,7674,268,115,45,108,35,52,0,,29,
"4630",2014,"1253",12.8,6665,731,390,7786,296,139,41,116,37,48,0,6,42,
"4630",2015,"1253",11.205,6674,780,388,7842,296,140,43,113,39,50,0,,42,48.89
"4630",2016,"1253",7.795,6757,821,379,7957,301,146,44,111,33,55,0,,44,45.04
"4630",2017,"1253",6.7,6781,862,383,8026,332,175,,112,33,57,,,45,51.9
"4630",2018,"1253",6.9,6851,884,390,8125,311,145,,116,41,48,,,38,56.765
"4630",2019,"1253",6.9,6822,914,384,8120,332,148,,129,40,44,,,33,53.05
"4630",2020,"4630",11.4,6729,961,408,8098,312,137,,123,73,50,,,35,61.115
"4630",2021,"4630",13.1,6687,985,408,8080,279,109,,119,79,49,,14,20,58.875
"4630",2022,"4630",13.5,6709,996,426,8131,284,118,,120,45,52,,13,39,69.11
"4630",2023,"4630",11.3,6684,1043,425,8152,281,115,,110,26,51,,11,40,59.775
"4630",2024,"4630",13.8,6691,1068,441,8200,243,84,,109,28,54,,14,40,64
"4630",2025,"4630",10.8,6631,1067,474,8172,266,88,,119,24,49,,11,38,69
"4631",2007,"1256+1260+1263",,21473,1722,1073,24268,993,384,176,433,,,,,,
"4631",2008,"1256+1260+1263",7.09811320754717,21944,1770,1091,24805,1060,434,190,436,88,,,,,
"4631",2009,"1256+1260+1263",12.065,22414,1861,1064,25339,960,339,165,456,98,175,0,7,128,
"4631",2010,"1256+1260+1263",17.6636264929425,22767,1898,1077,25742,921,348,152,421,96,179,8,23,135,
"4631",2011,"1256+1260+1263",14.9604898828541,23186,1956,1094,26236,939,368,162,409,97,170,7,,137,
"4631",2012,"1256+1260+1263",14.2273092369478,23503,2079,1074,26656,996,386,192,418,97,166,9,,128,
"4631",2013,"1256+1260+1263",13.3086119554205,23879,2205,1086,27170,987,395,171,421,89,181,8,6,143,
"4631",2014,"1256+1260+1263",12.7787817258883,24196,2362,1094,27652,985,409,175,401,95,172,0,7,133,
"4631",2015,"1256+1260+1263",12.4734990059642,24492,2565,1095,28152,1006,435,185,386,114,148,0,6,119,188.085
"4631",2016,"1256+1260+1263",12.1541196498054,24679,2737,1080,28496,1028,448,188,392,142,141,7,7,105,183.79
"4631",2017,"1256+1260+1263",12.1521256931608,24877,2897,1106,28880,1082,467,,410,115,143,,8,102,186.675
"4631",2018,"1256+1260+1263",8.12682512733446,24818,3076,1103,28997,1178,558,,403,125,142,,7,98,196.94
"4631",2019,"1256+1260+1263",7.52361445783133,24722,3248,1120,29090,1245,611,,412,133,142,6,29,86,200.66
"4631",2020,"4631",7.9,24635,3434,1155,29224,1166,547,,411,139,140,,34,93,208.07
"4631",2021,"4631",10.9,24547,3607,1183,29337,1165,527,,429,138,142,12,33,97,219.225
"4631",2022,"4631",11.1,24628,3721,1244,29593,1144,489,,417,195,140,,33,98,213.89
"4631",2023,"4631",13.6,24767,3858,1295,29920,1143,474,,435,140,142,,24,108,221.79
"4631",2024,"4631",13.9,24659,3971,1356,29986,1141,501,,412,141,147,,33,104,221
"4631",2025,"4631",14.6,24711,4033,1425,30169,1084,473,,386,135,151,,41,103,221
"4632",2007,"1264",,2186,217,117,2520,68,18,12,38,,,,,,
"4632",2008,"1264",2.6,2213,240,116,2569,67,10,17,40,,,,,,
"4632",2009,"1264",1.9,2200,259,117,2576,54,14,10,30,,29,,,21,
"4632",2010,"1264",2,2349,266,123,2738,56,17,13,26,,32,0,,24,
"4632",2011,"1264",3.8,2395,279,115,2789,46,14,16,16,12,33,0,,23,
"4632",2012,"1264",5.6,2369,303,104,2776,49,21,11,17,6,32,0,,21,
"4632",2013,"1264",1.5,2420,315,98,2833,51,15,9,27,,24,0,8,16,
"4632",2014,"1264",3,2388,341,104,2833,69,21,12,36,,29,0,10,11,
"4632",2015,"1264",2.19,2379,369,108,2856,89,30,20,39,0,25,0,9,9,21.965
"4632",2016,"1264",2.405,2369,369,120,2858,83,23,17,43,0,22,0,6,11,21.94
"4632",2017,"1264",14.8,2366,394,124,2884,76,23,,38,0,24,,6,13,19.8
"4632",2018,"1264",13.8,2344,424,134,2902,74,22,,38,0,20,,6,14,21.94
"4632",2019,"1264",12.5,2325,428,134,2887,69,18,,33,0,23,,,15,21.825
"4632",2020,"4632",10.9,2285,446,139,2870,76,20,,34,0,21,,,15,20.945
"4632",2021,"4632",7.4,2256,452,152,2860,86,23,,40,0,21,,,15,22.2
"4632",2022,"4632",11.2,2271,448,170,2889,83,23,,33,0,18,,,13,20
"4632",2023,"4632",10.2,2228,452,176,2856,95,26,,40,13,19,,,11,15.955
"4632",2024,"4632",11.8,2235,455,191,2881,99,27,,38,16,20,,,12,17
"4632",2025,"4632",13.6,2266,451,198,2915,106,31,,43,16,22,,6,16,20
"4633",2007,"1265",,487,82,51,620,23,,,,,,,,,
"4633",2008,"1265",1.7,472,74,50,596,23,,,,,,,,,
"4633",2009,"1265",1.9,471,75,50,596,20,,,,,12,0,,6,
"4633",2010,"1265",2.2,474,71,49,594,18,,,,,15,0,,8,
"4633",2011,"1265",2.8,460,71,56,587,14,,,,,14,0,,7,
"4633",2012,"1265",3.3,449,70,57,576,22,,,,13,14,0,,7,
"4633",2013,"1265",1.8,453,67,49,569,10,,,,,12,0,,6,
"4633",2014,"1265",2.4,444,66,51,561,11,,,,,10,0,,5,
"4633",2015,"1265",2.225,447,65,51,563,16,,,,,7,0,,,3.875
"4633",2016,"1265",2.98,460,69,47,576,16,,,,,11,0,,6,4.955
"4633",2017,"1265",2.3,464,68,55,587,18,,,,,10,,,,4.965
"4633",2018,"1265",2,438,72,51,561,16,,,,,11,,,6,4.1
"4633",2019,"1265",2.3,437,79,46,562,17,,,,,10,,,6,4.975
"4633",2020,"4633",2.9,416,81,51,548,15,,,,,11,,,6,5.985
"4633",2021,"4633",2.1,395,80,50,525,18,,,,,12,,,7,7.07
"4633",2022,"4633",2.1,364,89,49,502,24,7,,11,,9,,,,4.955
"4633",2023,"4633",1.2,371,102,40,513,22,,,,,6,,,,6.75
"4633",2024,"4633",0.9,380,100,39,519,22,5,,9,,9,,,,4
"4633",2025,"4633",1.6,383,93,45,521,25,8,,11,3,7,,,,5
"4634",2007,"1266",,1324,196,111,1631,80,19,11,50,,,,,,
"4634",2008,"1266",4.5,1341,190,115,1646,89,32,16,41,,,,,,
"4634",2009,"1266",3.4,1342,199,111,1652,81,29,12,40,,34,0,,23,
"4634",2010,"1266",3.2,1314,205,116,1635,88,27,16,45,,29,0,9,11,
"4634",2011,"1266",3.3,1348,201,123,1672,85,27,16,42,,27,0,7,14,
"4634",2012,"1266",3.5,1354,201,128,1683,82,27,8,47,,26,0,7,13,
"4634",2013,"1266",3.6,1365,197,134,1696,83,26,8,49,,28,0,6,15,
"4634",2014,"1266",2.6,1346,200,147,1693,98,36,12,50,23,29,0,,23,
"4634",2015,"1266",2.69,1354,202,148,1704,104,33,19,52,0,32,0,,28,21
"4634",2016,"1266",2.21,1345,206,150,1701,106,34,20,52,0,22,0,,17,20.175
"4634",2017,"1266",2.1,1360,216,134,1710,94,26,,45,0,24,,,19,20.15
"4634",2018,"1266",2.4,1373,231,126,1730,94,26,,44,,23,,,15,20.84
"4634",2019,"1266",2.2,1349,236,126,1711,97,27,,46,,25,,,12,21.9
"4634",2020,"4634",1.9,1322,238,131,1691,108,41,,42,,19,,,11,23.825
"4634",2021,"4634",10.4,1282,252,126,1660,120,44,,48,7,21,,,12,22.03
"4634",2022,"4634",9.2,1242,258,129,1629,110,35,,50,7,18,,,9,18.17
"4634",2023,"4634",9.9,1265,256,133,1654,100,25,,51,7,27,,5,22,18.175
"4634",2024,"4634",10.8,1290,266,138,1694,91,22,,48,8,29,,5,24,20
"4634",2025,"4634",10.3,1277,262,148,1687,98,21,,56,8,26,,5,21,24
"4635",2007,"1411",,1997,233,176,2406,104,25,17,62,,,,,,
"4635",2008,"1411",3.3,1942,240,174,2356,109,28,18,63,39,,,,,
"4635",2009,"1411",4,1884,236,163,2283,113,29,16,68,7,30,0,,19,
"4635",2010,"1411",3.7,1895,250,157,2302,114,32,16,66,7,29,0,,22,
"4635",2011,"1411",3.9,1895,253,151,2299,104,28,14,62,7,26,0,,19,
"4635",2012,"1411",4.4,1901,259,150,2310,104,29,17,58,7,30,0,,14,
"4635",2013,"1411",7.1,1890,267,148,2305,97,28,13,56,8,25,0,7,18,
"4635",2014,"1411",5.2,1891,271,153,2315,104,28,19,57,7,27,0,,20,
"4635",2015,"1411",2.905,1886,295,154,2335,109,29,24,56,7,27,,6,18,17.065
"4635",2016,"1411",3.585,1907,315,148,2370,100,26,19,55,7,27,,7,17,17.345
"4635",2017,"1411",3.3,1898,320,153,2371,104,29,,58,7,24,,,19,18.46
"4635",2018,"1411",4.8,1873,314,158,2345,111,32,,58,7,23,,,16,20.185
"4635",2019,"1411",3.9,1849,322,151,2322,120,45,,55,7,19,,6,7,20.855
"4635",2020,"4635",3.5,1828,327,142,2297,139,45,,68,7,20,,5,10,21.18
"4635",2021,"4635",3,1783,335,154,2272,144,52,,69,7,19,,,15,18.925
"4635",2022,"4635",4,1759,316,155,2230,147,60,,65,5,17,,,7,20.85
"4635",2023,"4635",3.3,1749,331,148,2228,208,83,,73,6,17,,,9,20.81
"4635",2024,"4635",2.3,1758,331,145,2234,148,63,,63,9,16,,,8,23
"4635",2025,"4635",8.5,1769,334,157,2260,156,69,,61,9,16,,5,11,18
"4636",2007,"1412",,699,107,65,871,34,6,6,22,,,,,,
"4636",2008,"1412",1.9,705,101,68,874,42,7,10,25,,,,,,
"4636",2009,"1412",2,707,109,60,876,25,6,7,12,,8,0,0,,
"4636",2010,"1412",5,702,109,56,867,24,,,,,5,0,0,,
"4636",2011,"1412",5.8,698,106,58,862,24,,,,,5,0,0,,
"4636",2012,"1412",5.8,685,106,60,851,23,,,,,5,0,0,,
"4636",2013,"1412",3.6,674,109,59,842,17,,,,,9,0,,7,
"4636",2014,"1412",3.5,643,116,56,815,29,6,6,17,,16,0,,10,
"4636",2015,"1412",5.32,628,120,52,800,28,7,6,15,0,16,0,,11,7.49
"4636",2016,"1412",4.51,610,119,56,785,29,,,,0,14,0,,7,9.3
"4636",2017,"1412",4.1,620,119,55,794,30,7,,14,0,17,,,9,11.105
"4636",2018,"1412",3.9,624,127,56,807,32,6,,16,0,16,,,8,8.24
"4636",2019,"1412",4.1,636,127,57,820,32,8,,16,0,13,,,5,8.935
"4636",2020,"4636",4.5,612,137,53,802,35,12,,14,0,14,,,5,8.185
"4636",2021,"4636",3.9,597,136,53,786,42,13,,16,0,8,,,,7.76
"4636",2022,"4636",3.3,581,132,55,768,41,9,,17,0,9,,,5,7.02
"4636",2023,"4636",3.3,560,141,55,756,46,13,,19,0,9,,,,8.245
"4636",2024,"4636",3.4,544,146,60,750,36,9,,20,,12,,5,,6
"4636",2025,"4636",4,538,138,64,740,29,,,,0,11,,5,,7
"4637",2007,"1413",,1235,160,97,1492,76,25,18,33,,,,,,
"4637",2008,"1413",2.9,1242,171,92,1505,81,28,16,37,,,,,,
"4637",2009,"1413",3.3,1212,170,92,1474,67,14,13,40,,18,0,,7,
"4637",2010,"1413",2.3,1227,175,100,1502,73,20,15,38,,21,0,5,11,
"4637",2011,"1413",3.2,1196,189,98,1483,64,19,13,32,,17,0,,11,
"4637",2012,"1413",3.9,1170,196,95,1461,53,,,,,18,0,5,13,
"4637",2013,"1413",3.3,1130,208,90,1428,64,16,17,31,,15,0,,6,
"4637",2014,"1413",2.9,1084,221,86,1391,67,16,21,30,,19,0,5,14,
"4637",2015,"1413",3.305,1092,233,80,1405,70,18,15,37,13,17,0,,7,12.15
"4637",2016,"1413",3.615,1081,231,83,1395,75,22,18,35,18,19,0,7,12,14.99
"4637",2017,"1413",3.4,1116,232,90,1438,77,22,,37,18,20,,6,14,14.2
"4637",2018,"1413",3.4,1049,238,91,1378,70,22,,31,15,20,,7,13,14.795
"4637",2019,"1413",4,1041,236,89,1366,70,22,,29,22,19,,6,13,16.97
"4637",2020,"4637",3.9,1004,232,92,1328,61,17,,26,17,17,,,7,15.065
"4637",2021,"4637",3.4,965,232,97,1294,65,17,,30,16,13,,,6,17.16
"4637",2022,"4637",5.5,950,236,104,1290,60,15,,29,24,9,,,,15.075
"4637",2023,"4637",5.7,935,228,105,1268,63,17,,32,23,14,,,7,17.24
"4637",2024,"4637",5.3,932,225,111,1268,68,19,,34,22,15,,,8,15
"4637",2025,"4637",5.4,945,221,115,1281,75,17,,43,22,14,,,6,16
"4638",2007,"1416",,3679,420,321,4420,243,77,41,125,,,,,,
"4638",2008,"1416",2.9,3641,420,313,4374,246,86,41,119,55,,,,,
"4638",2009,"1416",2.8,3612,402,313,4327,296,122,52,122,54,57,0,,45,
"4638",2010,"1416",3.1,3547,398,311,4256,316,127,58,131,56,58,,5,50,
"4638",2011,"1416",2.4,3560,417,303,4280,302,115,61,126,55,59,,,51,
"4638",2012,"1416",2.6,3480,438,298,4216,291,110,55,126,58,62,,,53,
"4638",2013,"1416",2.7,3476,451,295,4222,263,93,52,118,58,58,0,,51,
"4638",2014,"1416",2.6,3432,461,290,4183,265,105,51,109,58,54,0,,45,
"4638",2015,"1416",3.08,3411,480,278,4169,242,92,53,97,59,55,0,,41,40.04
"4638",2016,"1416",3.525,3398,499,264,4161,263,98,59,106,58,57,0,,42,43.53
"4638",2017,"1416",3.3,3418,502,270,4190,286,118,,109,58,53,,,41,46.83
"4638",2018,"1416",3.4,3366,517,271,4154,268,116,,93,59,55,,,48,43.235
"4638",2019,"1416",3.8,3288,537,266,4091,276,117,,97,57,54,,,44,44.865
"4638",2020,"4638",3.3,3245,578,278,4101,272,115,,100,56,56,,,41,46.03
"4638",2021,"4638",3.2,3170,595,284,4049,255,108,,98,57,52,,,37,37.165
"4638",2022,"4638",3.2,3068,612,285,3965,246,99,,93,56,47,,14,33,36.105
"4638",2023,"4638",4.4,3039,627,283,3949,190,69,,80,58,45,,13,32,32.925
"4638",2024,"4638",3.7,2970,613,296,3879,251,92,,106,56,51,,11,40,33
"4638",2025,"4638",3.6,2972,610,312,3894,230,79,,98,53,51,,,38,41
"4639",2007,"1417",,2230,350,255,2835,165,31,31,103,,,,,,
"4639",2008,"1417",5.4,2215,335,259,2809,158,38,29,91,15,,,,,
"4639",2009,"1417",5.3,2195,329,256,2780,150,44,29,77,15,52,,9,41,
"4639",2010,"1417",5.1,2190,324,254,2768,152,40,33,79,14,49,0,,42,
"4639",2011,"1417",4.7,2183,318,257,2758,163,44,36,83,15,51,0,8,43,
"4639",2012,"1417",3.8,2171,329,248,2748,161,41,34,86,11,46,0,,41,
"4639",2013,"1417",3.5,2161,333,237,2731,180,46,31,103,11,46,0,,44,
"4639",2014,"1417",5.9,2113,336,239,2688,152,44,27,81,8,47,0,,43,
"4639",2015,"1417",5.485,2093,349,236,2678,159,43,33,83,9,46,0,,42,23.76
"4639",2016,"1417",4.8,2089,365,235,2689,178,44,40,94,9,47,0,,43,23.85
"4639",2017,"1417",3.8,2113,371,238,2722,149,38,,81,8,53,,7,43,24.76
"4639",2018,"1417",4.3,2057,388,229,2674,155,41,,83,,43,,,35,24.24
"4639",2019,"1417",4.6,2059,393,220,2672,155,45,,75,,40,,6,34,22.755
"4639",2020,"4639",5.8,2018,398,219,2635,156,39,,74,13,45,,,39,21.24
"4639",2021,"4639",7.9,1970,422,219,2611,148,35,,72,,36,,,33,22.955
"4639",2022,"4639",8.3,1920,422,218,2560,143,32,,71,,37,,,19,23.205
"4639",2023,"4639",17.5,1910,434,217,2561,147,36,,67,,31,,,17,21.23
"4639",2024,"4639",5.1,1904,440,207,2551,148,36,,68,27,27,,,12,24
"4639",2025,"4639",5.2,1898,440,212,2550,135,35,,62,8,24,,,12,29
"4640",2007,"1418+1419+1420",,9028,866,526,10420,361,92,63,206,,,,,,
"4640",2008,"1418+1419+1420",5.93316455696203,9041,869,533,10443,395,100,75,220,67,,,,,
"4640",2009,"1418+1419+1420",5.63293556085919,9067,865,540,10472,419,120,78,221,50,74,0,,67,
"4640",2010,"1418+1419+1420",5.39164619164619,9131,870,560,10561,407,125,67,215,79,78,0,,64,
"4640",2011,"1418+1419+1420",5.52943722943723,9286,885,557,10728,462,125,67,209,137,72,0,,52,
"4640",2012,"1418+1419+1420",6.23168539325843,9423,932,567,10922,445,136,76,233,131,80,12,,42,
"4640",2013,"1418+1419+1420",5.82267818574514,9547,964,558,11069,463,139,93,231,41,87,14,6,53,
"4640",2014,"1418+1419+1420",6.03949579831933,9582,1061,554,11197,476,167,92,217,61,75,0,,42,
"4640",2015,"1418+1419+1420",5.88327689243028,9590,1132,535,11257,502,182,97,223,98,82,0,11,58,78.935
"4640",2016,"1418+1419+1420",6.26093237704918,9704,1209,518,11431,488,182,91,215,60,77,0,7,49,81.665
"4640",2017,"1418+1419+1420",6.5121568627451,9802,1239,520,11561,510,198,,218,50,75,,,49,87.145
"4640",2018,"1418+1419+1420",7.81739130434783,9858,1282,526,11666,483,195,,191,83,71,,5,47,81.735
"4640",2019,"1418+1419+1420",9.58614318706698,9950,1320,531,11801,433,157,,187,68,69,,,40,88.655
"4640",2020,"4640",9.4,10011,1305,531,11847,443,162,,190,68,66,,9,57,91.155
"4640",2021,"4640",9.7,10052,1339,547,11938,422,157,,173,70,66,,,53,93.86
"4640",2022,"4640",8.2,10140,1413,544,12097,427,160,,180,70,68,,,52,98.87
"4640",2023,"4640",7.4,10187,1456,555,12198,438,157,,189,68,61,,12,49,95.965
"4640",2024,"4640",9.4,10250,1471,598,12319,457,162,,199,71,62,,11,49,93
"4640",2025,"4640",9.4,10395,1452,649,12496,475,167,,206,67,61,,8,51,106
"4641",2007,"1421",,1436,175,104,1715,79,22,15,42,,,,,,
"4641",2008,"1421",4.9,1420,170,105,1695,77,22,17,38,,,,,,
"4641",2009,"1421",5,1410,175,102,1687,82,29,20,33,,20,0,5,15,
"4641",2010,"1421",4.6,1415,160,107,1682,82,31,14,37,,21,0,5,16,
"4641",2011,"1421",5,1414,162,113,1689,93,31,17,45,,20,0,,11,
"4641",2012,"1421",6.2,1431,165,116,1712,92,27,20,45,5,19,0,,11,
"4641",2013,"1421",9.7,1417,174,123,1714,97,26,22,49,,18,0,,9,
"4641",2014,"1421",10.6,1407,186,122,1715,95,23,20,52,6,21,0,,11,
"4641",2015,"1421",16.775,1417,198,123,1738,92,24,20,48,7,24,0,,12,15.02
"4641",2016,"1421",15.29,1440,201,123,1764,91,24,22,45,6,22,0,,10,16.87
"4641",2017,"1421",15.1,1451,217,119,1787,72,19,,39,,22,,,10,15.89
"4641",2018,"1421",18.8,1437,223,118,1778,64,20,,36,,19,,,10,15.945
"4641",2019,"1421",15.2,1432,223,109,1764,66,21,,37,,19,,,11,17.015
"4641",2020,"4641",14.4,1441,228,112,1781,58,19,,32,,19,,,11,17.96
"4641",2021,"4641",4.8,1443,231,103,1777,55,20,,28,,20,,,13,17.765
"4641",2022,"4641",7,1429,228,109,1766,55,22,,24,,30,,,19,18.92
"4641",2023,"4641",11.5,1441,234,100,1775,63,18,,31,,,,,,17.17
"4641",2024,"4641",4.3,1464,235,101,1800,81,33,,31,,22,,,10,19
"4641",2025,"4641",5.1,1483,241,112,1836,78,30,,33,3,18,,,15,24
"4642",2007,"1422",,1803,198,152,2153,102,25,22,55,,,,,,
"4642",2008,"1422",7.9,1815,209,145,2169,112,29,18,65,5,,,,,
"4642",2009,"1422",9.3,1844,207,148,2199,117,29,21,67,5,41,0,,33,
"4642",2010,"1422",6.3,1842,207,150,2199,111,31,17,63,5,42,0,,34,
"4642",2011,"1422",6.6,1863,214,147,2224,98,29,17,52,5,39,0,,32,
"4642",2012,"1422",5.4,1840,229,136,2205,107,25,20,62,,36,,5,28,
"4642",2013,"1422",5.3,1809,229,138,2176,96,24,20,52,6,35,,,30,
"4642",2014,"1422",5.4,1804,231,139,2174,91,25,18,48,5,29,0,,24,
"4642",2015,"1422",4.705,1765,247,134,2146,102,28,19,55,6,32,0,,26,15.28
"4642",2016,"1422",4.505,1761,277,134,2172,93,29,17,47,5,34,0,7,27,14.225
"4642",2017,"1422",4.8,1739,292,128,2159,99,32,,48,7,33,,6,27,14.815
"4642",2018,"1422",4.8,1715,308,130,2153,107,32,,56,12,21,,5,16,11.97
"4642",2019,"1422",4,1709,317,125,2151,107,36,,49,10,15,,,15,15.455
"4642",2020,"4642",4,1679,322,125,2126,109,34,,52,11,16,,,6,15.47
"4642",2021,"4642",4.4,1677,333,119,2129,106,31,,53,16,17,,,8,14.87
"4642",2022,"4642",3.4,1654,344,119,2117,104,36,,47,19,16,,,7,16.97
"4642",2023,"4642",3.2,1666,345,118,2129,101,33,,42,22,18,,,10,18.77
"4642",2024,"4642",3.3,1685,356,119,2160,105,36,,44,22,17,,,10,19
"4642",2025,"4642",2.7,1689,366,133,2188,105,35,,49,19,18,,,10,20
"4643",2007,"1424",,4546,641,304,5491,227,40,39,148,,,,,,
"4643",2008,"1424",3.2,4616,636,310,5562,243,48,44,151,37,,,,,
"4643",2009,"1424",4.5,4642,644,314,5600,273,70,56,147,,51,0,,41,
"4643",2010,"1424",4.3,4656,641,337,5634,296,78,63,155,46,64,10,12,42,
"4643",2011,"1424",3.8,4601,653,347,5601,316,100,62,154,40,64,,12,47,
"4643",2012,"1424",3,4558,660,354,5572,342,124,63,155,18,53,0,,44,
"4643",2013,"1424",2.8,4488,666,367,5521,344,134,62,148,24,52,0,,45,
"4643",2014,"1424",2.4,4448,674,374,5496,339,129,59,151,43,46,0,,37,
"4643",2015,"1424",2.375,4387,675,367,5429,345,146,60,139,46,48,,7,38,34.055
"4643",2016,"1424",2.52,4323,681,355,5359,343,135,63,145,35,42,0,,33,38.785
"4643",2017,"1424",3.2,4316,689,358,5363,340,133,,150,41,49,,,40,39.2
"4643",2018,"1424",2.9,4210,695,372,5277,325,120,,150,33,48,6,5,37,41.025
"4643",2019,"1424",2.6,4170,703,372,5245,308,111,,138,27,47,5,6,36,41.875
"4643",2020,"4643",3.1,4108,719,366,5193,306,118,,138,39,47,,,33,44.075
"4643",2021,"4643",3.8,4087,716,367,5170,309,134,,127,42,50,,,34,42.02
"4643",2022,"4643",4.1,4088,734,382,5204,299,133,,113,49,49,,,36,42.085
"4643",2023,"4643",2.2,4064,728,380,5172,294,138,,109,49,44,,,30,41.035
"4643",2024,"4643",2.2,4122,735,382,5239,300,140,,112,53,40,,,28,44
"4643",2025,"4643",2.1,4078,737,398,5213,280,123,,107,51,43,,,32,41
"4644",2007,"1426",,4076,465,343,4884,254,63,45,146,,,,,,
"4644",2008,"1426",4,4050,483,337,4870,255,65,42,148,5,,,,,
"4644",2009,"1426",4.1,4046,497,336,4879,271,77,54,140,8,58,0,,48,
"4644",2010,"1426",4.3,4110,512,323,4945,277,84,46,147,91,62,0,,48,
"4644",2011,"1426",3.7,4173,526,324,5023,301,108,46,147,94,61,0,,49,
"4644",2012,"1426",3.2,4174,513,339,5026,293,114,39,140,96,54,0,,46,
"4644",2013,"1426",3,4201,516,324,5041,285,122,31,132,32,52,0,,45,
"4644",2014,"1426",2.3,4228,533,328,5089,301,136,32,133,33,54,0,,49,
"4644",2015,"1426",2.515,4230,557,331,5118,295,126,35,134,35,54,0,5,49,35.895
"4644",2016,"1426",2.3,4187,584,322,5093,332,149,37,146,22,46,0,,23,37.81
"4644",2017,"1426",3.9,4225,596,330,5151,259,63,,159,40,29,,,15,41.965
"4644",2018,"1426",2.6,4287,613,323,5223,338,156,,142,40,30,,,14,40.14
"4644",2019,"1426",4.3,4244,635,316,5195,333,157,,131,37,26,,,12,40.875
"4644",2020,"4644",3.4,4203,654,317,5174,342,166,,128,37,25,,,15,43.995
"4644",2021,"4644",3.4,4190,680,319,5189,334,152,,129,50,22,,5,17,45.09
"4644",2022,"4644",3.2,4219,696,331,5246,370,160,,144,43,24,,,11,47.065
"4644",2023,"4644",4.2,4224,728,350,5302,400,193,,130,49,24,,,19,56.81
"4644",2024,"4644",4,4281,741,349,5371,341,152,,125,47,24,,,18,45
"4644",2025,"4644",3.3,4326,750,356,5432,393,207,,115,43,27,,,20,48
"4645",2007,"1428",,2540,370,233,3143,195,61,37,97,,,,,,
"4645",2008,"1428",7.9,2469,375,221,3065,209,71,41,97,15,,,,,
"4645",2009,"1428",8.8,2438,374,219,3031,198,61,44,93,15,29,0,,18,
"4645",2010,"1428",6.4,2397,394,208,2999,195,69,45,81,14,32,0,,20,
"4645",2011,"1428",6.5,2398,387,215,3000,199,78,40,81,13,31,0,,17,
"4645",2012,"1428",6.7,2382,408,220,3010,213,77,42,94,19,29,0,,14,
"4645",2013,"1428",7.3,2369,423,226,3018,197,71,42,84,15,29,0,5,24,
"4645",2014,"1428",7.1,2359,421,231,3011,192,62,42,88,16,27,0,5,22,
"4645",2015,"1428",6.18,2343,435,230,3008,194,66,51,77,12,33,0,7,26,26.5
"4645",2016,"1428",6.3,2363,443,217,3023,205,70,44,91,15,32,0,,16,31.53
"4645",2017,"1428",5.7,2382,446,237,3065,218,72,,97,14,30,,,25,33.495
"4645",2018,"1428",4.7,2358,450,244,3052,221,77,,94,15,17,,,8,31.005
"4645",2019,"1428",5.5,2345,459,234,3038,218,71,,96,13,22,,5,17,37.945
"4645",2020,"4645",4.1,2303,470,238,3011,208,63,,99,16,24,,,19,35.095
"4645",2021,"4645",4.1,2270,477,244,2991,202,62,,98,13,27,,,22,36.15
"4645",2022,"4645",4.7,2233,487,231,2951,191,59,,93,13,28,,,22,32.87
"4645",2023,"4645",5.7,2239,480,230,2949,207,68,,91,13,26,,,20,40.03
"4645",2024,"4645",5.4,2260,502,224,2986,189,62,,77,0,37,,8,29,40
"4645",2025,"4645",5.4,2187,498,245,2930,171,55,,76,8,40,,9,31,38
"4646",2007,"1429",,2370,303,197,2870,152,53,29,70,,,,,,
"4646",2008,"1429",,2352,308,189,2849,159,53,35,71,12,,,,,
"4646",2009,"1429",2.7,2337,313,188,2838,167,55,33,79,12,34,0,,27,
"4646",2010,"1429",2.9,2343,313,190,2846,177,49,42,86,,33,0,,29,
"4646",2011,"1429",3.7,2399,320,190,2909,167,50,39,78,12,33,0,,29,
"4646",2012,"1429",2.8,2315,327,190,2832,166,53,35,78,9,38,0,,32,
"4646",2013,"1429",2.7,2355,336,180,2871,156,56,32,68,9,33,0,5,28,
"4646",2014,"1429",2.4,2324,344,185,2853,133,46,33,54,10,34,0,,26,
"4646",2015,"1429",3.815,2296,351,176,2823,141,48,37,56,10,37,0,,29,22.865
"4646",2016,"1429",3.31,2281,369,180,2830,151,59,39,53,9,30,0,,25,23.795
"4646",2017,"1429",3.7,2321,369,172,2862,141,50,,54,9,30,,,14,26.085
"4646",2018,"1429",3.3,2292,386,168,2846,142,53,,57,9,20,,,15,28.235
"4646",2019,"1429",2.2,2219,397,154,2770,140,50,,54,6,18,,,15,22.68
"4646",2020,"4646",6,2229,408,165,2802,158,59,,51,8,21,,,17,26.91
"4646",2021,"4646",5.9,2287,427,171,2885,165,66,,57,7,21,,,16,27.245
"4646",2022,"4646",5,2307,421,173,2901,170,70,,60,8,19,,,15,26.245
"4646",2023,"4646",4.2,2313,425,175,2913,204,80,,72,7,19,,,16,29.035
"4646",2024,"4646",3.8,2253,427,189,2869,218,85,,86,8,18,,,15,28
"4646",2025,"4646",3.8,2301,420,203,2924,202,78,,80,8,20,,,15,31
"4647",2007,"1430+1431+1432+1433",,17511,1419,840,19770,601,237,101,241,,,,,,
"4647",2008,"1430+1431+1432+1433",4.49956140350877,17717,1450,828,19995,684,275,114,295,81,,,,,
"4647",2009,"1430+1431+1432+1433",5.86619537275064,17934,1419,847,20200,778,329,131,318,89,135,0,16,95,
"4647",2010,"1430+1431+1432+1433",5.30512195121951,18192,1426,851,20469,820,336,137,347,104,138,0,22,97,
"4647",2011,"1430+1431+1432+1433",5.20961538461538,18384,1455,874,20713,832,338,141,353,90,133,0,5,95,
"4647",2012,"1430+1431+1432+1433",5.0239263803681,18511,1527,879,20917,815,326,132,357,93,132,0,7,95,
"4647",2013,"1430+1431+1432+1433",5.29277708592777,18776,1595,902,21273,803,318,133,352,81,120,0,5,95,
"4647",2014,"1430+1431+1432+1433",5.90460606060606,18854,1704,901,21459,825,330,145,350,117,120,0,0,92,
"4647",2015,"1430+1431+1432+1433",5.24742105263158,18849,1822,893,21564,570,141,88,201,105,95,0,0,70,158.95
"4647",2016,"1430+1431+1432+1433",4.85029308323564,18896,1923,883,21702,853,360,140,353,121,111,0,0,84,153.465
"4647",2017,"1430+1431+1432+1433",5.79881516587678,19001,1987,884,21872,844,357,,347,153,122,,,92,165.685
"4647",2018,"1430+1431+1432+1433",5.25571095571096,18981,2074,908,21963,858,379,,340,176,108,,,84,164.055
"4647",2019,"1430+1431+1432+1433",4.8576289791438,18879,2147,933,21959,911,399,,351,182,109,,,85,174.365
"4647",2020,"4647",4,18859,2222,949,22030,955,428,,355,187,100,,,87,185.915
"4647",2021,"4647",3.9,18708,2346,966,22020,1017,467,,370,223,102,,,91,192.235
"4647",2022,"4647",3.5,18697,2451,968,22116,1043,495,,364,223,103,,,85,193.145
"4647",2023,"4647",3.5,18684,2568,963,22215,1038,480,,364,208,109,,,86,199.15
"4647",2024,"4647",3,18795,2683,972,22450,1114,497,,389,192,111,,,81,193
"4647",2025,"4647",3,18869,2761,1032,22662,1113,492,,376,177,101,6,23,72,181
"4648",2007,"1438",,3118,530,282,3930,225,68,52,105,,,,,,
"4648",2008,"1438",4.6,3084,521,289,3894,232,66,55,111,45,,,,,
"4648",2009,"1438",5.3,3091,512,296,3899,227,67,49,111,48,38,0,9,29,
"4648",2010,"1438",5.9,3105,502,301,3908,224,60,54,110,38,39,0,9,30,
"4648",2011,"1438",5.8,3108,488,314,3910,229,57,56,116,42,37,0,5,32,
"4648",2012,"1438",5,3074,501,316,3891,234,65,54,115,48,35,0,,19,
"4648",2013,"1438",5.1,3119,509,317,3945,225,71,45,109,45,47,0,,39,
"4648",2014,"1438",4.2,3134,508,308,3950,219,77,42,100,57,47,0,7,40,
"4648",2015,"1438",3.51,3069,513,308,3890,223,74,42,107,40,56,0,11,45,35.39
"4648",2016,"1438",3.39,3018,521,307,3846,224,70,43,111,26,54,0,10,44,41.49
"4648",2017,"1438",3.1,3002,523,322,3847,220,65,,103,35,59,,,45,40.77
"4648",2018,"1438",6.1,2933,523,311,3767,212,66,,100,35,54,,,47,40.97
"4648",2019,"1438",6.2,2855,538,312,3705,207,61,,102,34,59,,,52,42.95
"4648",2020,"4648",6.9,2778,539,312,3629,214,73,,99,29,54,,6,48,38.865
"4648",2021,"4648",6.5,2735,550,312,3597,205,74,,92,18,56,,5,51,40.145
"4648",2022,"4648",5.5,2667,546,308,3521,210,78,,91,25,59,,,50,41.9
"4648",2023,"4648",5.9,2643,545,294,3482,202,70,,87,18,56,,9,47,38.125
"4648",2024,"4648",6,2551,555,286,3392,204,70,,89,32,50,,5,45,41
"4648",2025,"4648",5.5,2539,528,294,3361,226,84,,91,36,54,,8,46,45
"4649",2007,"1441+1443",,7523,800,436,8759,317,105,67,145,,,,,,
"4649",2008,"1441+1443",2.31379310344828,7477,809,440,8726,348,114,71,163,15,,,,,
"4649",2009,"1441+1443",3.19562682215743,7464,804,467,8735,343,120,75,148,20,92,0,16,73,
"4649",2010,"1441+1443",2.91848739495798,7396,823,451,8670,357,130,70,157,21,87,0,15,69,
"4649",2011,"1441+1443",2.96666666666667,7412,844,459,8715,336,115,77,144,31,87,0,,57,
"4649",2012,"1441+1443",4.32326283987915,7468,869,444,8781,331,127,63,141,17,82,0,13,53,
"4649",2013,"1441+1443",3.8046783625731,7371,897,441,8709,342,137,61,144,16,81,0,,64,
"4649",2014,"1441+1443",5.80664739884393,7334,933,441,8708,346,134,76,136,22,88,0,,71,
"4649",2015,"1441+1443",5.78173728813559,7314,974,451,8739,354,133,73,148,37,86,0,14,68,59.615
"4649",2016,"1441+1443",6.68188010899183,7296,1018,475,8789,367,140,76,151,40,83,0,10,69,57.6
"4649",2017,"1441+1443",4.00869565217391,7331,1042,482,8855,391,152,,156,51,71,,,34,62.28
"4649",2018,"1441+1443",3.24822335025381,7361,1060,493,8914,394,156,,157,66,73,,,55,61.345
"4649",2019,"1441+1443",2.44141414141414,7319,1080,499,8898,396,151,,155,67,71,,,50,69.08
"4649",2020,"4649",3.2,7680,1195,582,9457,448,165,,189,83,69,,6,63,82.205
"4649",2021,"4649",3,7681,1247,589,9517,450,173,,180,91,67,,,60,81.145
"4649",2022,"4649",6.4,7679,1276,572,9527,435,165,,182,83,60,,,52,75.06
"4649",2023,"4649",7.4,7679,1286,578,9543,429,173,,174,87,59,,,47,70.245
"4649",2024,"4649",8,7694,1332,584,9610,435,179,,168,95,65,,10,52,63
"4649",2025,"4649",6.8,7666,1391,598,9655,439,189,,161,68,65,,11,50,64
"4650",2007,"1445",,4752,540,431,5723,316,113,41,162,,,,,,
"4650",2008,"1445",8,4720,537,430,5687,323,114,44,165,25,,,,,
"4650",2009,"1445",8.4,4706,534,433,5673,344,112,52,180,36,37,0,,33,
"4650",2010,"1445",9.9,4709,558,429,5696,355,122,48,185,34,9,0,,5,
"4650",2011,"1445",10,4726,567,412,5705,359,111,57,191,65,9,0,,,
"4650",2012,"1445",9.6,4691,576,412,5679,338,97,60,181,65,10,0,,,
"4650",2013,"1445",9.2,4685,599,392,5676,331,113,52,166,62,6,0,,0,
"4650",2014,"1445",8.2,4692,619,383,5694,319,109,49,161,64,8,0,,,
"4650",2015,"1445",7.28,4722,650,379,5751,347,111,50,186,115,10,0,,,53.465
"4650",2016,"1445",6.28,4722,685,377,5784,368,121,61,186,113,8,0,,,54.46
"4650",2017,"1445",7.8,4697,726,360,5783,392,142,,188,119,7,,,,61.53
"4650",2018,"1445",8,4751,745,378,5874,387,146,,166,77,9,,,,66.075
"4650",2019,"1445",9.5,4695,784,357,5836,402,157,,165,77,12,,,6,66.915
"4650",2020,"4650",9.8,4674,821,359,5854,399,155,,161,78,12,,,5,63.805
"4650",2021,"4650",9,4677,846,362,5885,402,165,,156,78,10,,,,67.08
"4650",2022,"4650",9.9,4648,865,362,5875,392,155,,151,76,12,,5,,63.77
"4650",2023,"4650",7.6,4645,886,361,5892,408,160,,159,78,9,,,,70.095
"4650",2024,"4650",6.8,4662,891,373,5926,438,208,,151,76,15,,7,,72
"4650",2025,"4650",8.2,4665,885,386,5936,428,205,,149,82,10,,5,,71
"4651",2007,"1449",,5701,603,402,6706,320,109,66,145,,,,,,
"4651",2008,"1449",2.4,5764,610,395,6769,315,106,61,148,16,,,,,
"4651",2009,"1449",3.3,5845,603,396,6844,316,103,58,155,16,82,0,,70,
"4651",2010,"1449",3.5,5965,611,391,6967,332,109,63,160,8,81,0,,64,
"4651",2011,"1449",3.1,5994,633,391,7018,334,103,67,164,8,84,0,,68,
"4651",2012,"1449",3,6009,675,381,7065,319,103,67,149,8,81,0,,66,
"4651",2013,"1449",3.2,6023,702,380,7105,308,106,69,133,8,85,0,,69,
"4651",2014,"1449",3.4,6026,735,373,7134,298,104,62,132,7,78,0,,56,
"4651",2015,"1449",3.785,6016,780,359,7155,302,100,66,136,7,72,0,,55,41.99
"4651",2016,"1449",3.705,6008,789,371,7168,312,106,58,148,39,55,0,,43,43.04
"4651",2017,"1449",2.8,6039,803,376,7218,339,126,,136,39,54,,,40,44.09
"4651",2018,"1449",2.8,5997,828,370,7195,363,138,,146,43,55,,,42,46.765
"4651",2019,"1449",2.8,5930,856,381,7167,383,167,,138,41,49,,,37,44.995
"4651",2020,"4651",3.4,5854,901,375,7130,358,148,,142,49,56,,,41,47.055
"4651",2021,"4651",7.1,5809,921,388,7118,375,158,,146,52,54,,,41,47.22
"4651",2022,"4651",7.2,5862,955,390,7207,386,160,,139,51,46,,,32,48.24
"4651",2023,"4651",6.9,5886,964,394,7244,396,174,,135,52,43,,15,17,48.805
"4651",2024,"4651",8.1,5908,968,395,7271,390,164,,135,56,50,,15,21,46
"4651",2025,"4651",7.2,5933,942,436,7311,381,163,,138,49,50,,14,23,47
"5001",2007,"1601+1662",,148871,11901,6432,167204,4202,1539,715,1948,,,,,,
"5001",2008,"1601+1662",1.438006084718,152296,11944,6509,170749,4273,1585,720,1968,612,,,,,
"5001",2009,"1601+1662",1.61725823591924,155207,12106,6578,173891,4705,2005,825,1875,634,1136,0,193,900,
"5001",2010,"1601+1662",1.52499483577773,157684,12405,6648,176737,4841,2109,776,1956,509,1105,0,200,855,
"5001",2011,"1601+1662",1.53099450884686,159869,12909,6602,179380,4917,2211,785,1921,466,1181,0,203,930,
"5001",2012,"1601+1662",1.53040380047506,162182,13479,6617,182278,5052,2403,822,1827,474,1216,,216,953,
"5001",2013,"1601+1662",1.6190031152648,164841,14148,6642,185631,5136,2436,838,1862,566,1266,0,244,967,
"5001",2014,"1601+1662",1.91782706921339,166328,15033,6644,188005,4869,2117,884,1868,745,1339,52,246,1035,
"5001",2015,"1601+1662",1.70698409419541,168469,15797,6689,190955,4841,2092,942,1807,867,1312,53,225,1025,793.315
"5001",2016,"1601+1662",1.80204447632712,170157,16574,6689,193420,4879,2067,976,1836,856,1269,0,262,957,831.81
"5001",2017,"1601+1662",1.92508646998983,172508,17317,6689,196514,4915,2084,,1774,978,1280,,288,942,874.975
"5001",2018,"5001+5030",1.90887887103097,174965,17963,6667,199595,5102,2131,,1822,991,1226,,289,888,884.21
"5001",2019,"5001+5030",2.3809111324992,176840,18675,6720,202235,6234,3178,,1885,1003,1315,,315,947,899.985
"5001",2020,"5001",2.7,178888,19357,6918,205163,6071,3101,,1838,1016,1309,55,322,932,877.365
"5001",2021,"5001",2.7,180511,20009,7075,207595,6497,3337,,1926,1054,1274,63,326,885,870.605
"5001",2022,"5001",2.4,182640,20521,7335,210496,6346,3311,,1847,1002,1275,57,327,891,866.555
"5001",2023,"5001",2.2,184121,20942,7597,212660,6456,3289,,1898,882,1266,49,331,886,833.29
"5001",2024,"5001",2,185169,21374,8022,214565,6336,3203,,1940,870,1240,46,326,868,840
"5001",2025,"5001",1.8,186233,21782,8503,216518,6169,3121,,1879,889,1253,48,330,875,906
"5006",2007,"1702+1724",,19509,2462,1276,23247,1078,335,219,524,,,,,,
"5006",2008,"1702+1724",4.27033450704225,19881,2421,1318,23620,1136,388,219,529,216,,,,,
"5006",2009,"1702+1724",7.76466101694915,19986,2452,1354,23792,1180,431,221,528,181,137,0,5,108,
"5006",2010,"1702+1724",6.6773178807947,20149,2460,1385,23994,1208,463,215,530,207,129,0,,102,
"5006",2011,"1702+1724",6.46743814844374,19850,2511,1399,23760,1253,507,211,535,178,134,0,,104,
"5006",2012,"1702+1724",6.17113654946852,20079,2548,1381,24008,1223,483,211,529,165,135,0,,109,
"5006",2013,"1702+1724",5.64286840031521,20206,2651,1369,24226,1269,495,237,537,170,154,5,23,123,
"5006",2014,"1702+1724",6.52151394422311,19982,2775,1360,24117,1255,509,228,518,184,155,6,24,116,
"5006",2015,"1702+1724",7.27811793214863,19948,2876,1373,24197,1238,487,243,508,193,153,0,,121,184.74
"5006",2016,"1702+1724",7.46288211382114,19955,2970,1383,24308,1230,479,236,515,184,146,6,26,111,185.295
"5006",2017,"1702+1724",6.76424581005587,20039,3078,1370,24487,1253,478,,539,190,143,,,105,192.52
"5006",2018,"5004+5039",7.79553571428571,20010,3168,1391,24569,1232,464,,527,206,136,6,24,103,192.46
"5006",2019,"5004+5039",8.55016077170418,19919,3237,1383,24539,1244,461,,528,213,139,,,109,196.955
"5006",2020,"5006",8.3,19659,3297,1401,24357,1397,617,,504,222,144,5,30,109,217.205
"5006",2021,"5006",9.9,19334,3379,1439,24152,1387,607,,492,257,141,5,36,100,205.975
"5006",2022,"5006",8.9,19092,3435,1477,24004,1538,693,,512,264,136,7,34,95,201.04
"5006",2023,"5006",7.7,18937,3528,1490,23955,1728,821,,546,260,149,,,111,189.16
"5006",2024,"5006",7.4,18910,3574,1548,24032,1820,930,,531,263,154,,,116,187
"5006",2025,"5006",7.3,18879,3606,1579,24064,1928,1024,,543,230,149,,,107,196
"5007",2007,"1703+1725+1748",,12872,1366,788,15026,792,267,162,363,,,,,,
"5007",2008,"1703+1725+1748",5.29711417816813,12850,1367,794,15011,797,283,143,371,149,,,,,
"5007",2009,"1703+1725+1748",5.55859564164649,12967,1358,798,15123,826,290,162,374,153,112,0,21,73,
"5007",2010,"1703+1725+1748",4.83310344827586,12967,1379,816,15162,870,327,159,384,144,103,0,18,63,
"5007",2011,"1703+1725+1748",4.99804560260586,13072,1389,805,15266,921,367,151,403,146,108,0,16,66,
"5007",2012,"1703+1725+1748",5.48741794310722,13089,1421,805,15315,914,330,157,386,145,109,0,21,74,
"5007",2013,"1703+1725+1748",6.02343921139102,13045,1509,802,15356,913,370,157,386,149,108,7,18,60,
"5007",2014,"1703+1725+1748",7.87175572519084,13020,1582,799,15401,786,315,136,335,167,102,0,22,49,
"5007",2015,"1703+1725+1748",6.49230769230769,12880,1624,796,15300,780,334,130,316,155,110,0,7,84,135.795
"5007",2016,"1703+1725+1748",7.09125802310655,12772,1694,799,15265,779,337,123,319,154,107,0,5,78,135.155
"5007",2017,"1703+1725+1748",7.03621683967705,12727,1753,792,15272,867,369,,339,153,117,6,26,74,138.81
"5007",2018,"5005+5040+5048",7.97337962962963,12626,1874,781,15281,864,367,,331,156,114,6,30,68,141.845
"5007",2019,"5005+5040+5048",6.67661870503597,12580,1938,776,15294,834,359,,316,156,119,,30,59,139.37
"5007",2020,"5007",5.7,12429,2010,791,15230,822,383,,295,132,113,,33,53,144.795
"5007",2021,"5007",6.9,12253,2051,792,15096,752,289,,295,139,112,6,32,74,137.23
"5007",2022,"5007",8.4,12100,2105,796,15001,725,280,,284,183,112,10,37,65,133.455
"5007",2023,"5007",8.5,11990,2127,806,14923,747,277,,299,128,115,,44,63,126.36
"5007",2024,"5007",9.9,12058,2174,851,15083,678,245,,287,113,124,,44,71,119
"5007",2025,"5007",10.7,12069,2191,894,15154,646,224,,281,98,121,,49,65,121
"5014",2007,"1620",,3312,482,258,4052,191,39,55,97,,,,,,
"5014",2008,"1620",2,3410,471,263,4144,177,38,46,93,,,,,,
"5014",2009,"1620",1.9,3495,455,265,4215,196,36,47,113,,58,7,8,43,
"5014",2010,"1620",1.9,3599,440,275,4314,174,37,44,93,15,67,8,12,47,
"5014",2011,"1620",2.2,3616,440,270,4326,178,41,44,93,17,52,0,10,32,
"5014",2012,"1620",2,3668,439,262,4369,165,35,45,85,17,59,5,,45,
"5014",2013,"1620",2.4,3807,432,267,4506,163,34,43,86,36,57,6,,43,
"5014",2014,"1620",4.4,3845,438,264,4547,166,34,43,89,23,67,9,,48,
"5014",2015,"1620",4.41,3919,446,269,4634,183,60,45,78,21,50,0,,45,20.955
"5014",2016,"1620",4.205,4067,476,256,4799,198,62,50,86,25,49,0,9,40,20.89
"5014",2017,"1620",3.6,4195,484,258,4937,196,61,,84,37,49,,12,37,24.225
"5014",2018,"5014",3.7,4223,491,248,4962,188,56,,89,40,48,,,36,22.115
"5014",2019,"5014",4,4316,510,242,5068,183,58,,86,40,53,,,37,25.83
"5014",2020,"5014",3.4,4400,521,230,5151,186,58,,81,45,53,,,42,23.02
"5014",2021,"5014",3.1,4416,551,237,5204,188,48,,82,42,46,,,36,21.88
"5014",2022,"5014",4,4471,563,231,5265,209,50,,94,67,12,,,5,22.12
"5014",2023,"5014",3.3,4598,578,215,5391,213,49,,106,68,6,,,,24.745
"5014",2024,"5014",3.4,4634,592,227,5453,206,48,,106,79,9,,5,,22
"5014",2025,"5014",3.5,4813,604,238,5655,224,55,,113,86,5,,,,22
"5020",2007,"1633",,841,121,89,1051,59,12,7,40,,,,,,
"5020",2008,"1633",3.8,828,121,92,1041,70,16,15,39,27,,,,,
"5020",2009,"1633",4.9,808,131,89,1028,65,13,16,36,22,12,0,,5,
"5020",2010,"1633",4.2,813,135,85,1033,66,10,16,40,23,14,0,,8,
"5020",2011,"1633",3.8,801,138,86,1025,73,10,19,44,22,14,0,,7,
"5020",2012,"1633",3.3,793,139,88,1020,66,9,18,39,23,13,0,,6,
"5020",2013,"1633",3.4,784,144,82,1010,70,9,16,45,9,15,0,,7,
"5020",2014,"1633",3.4,760,153,84,997,65,10,16,39,9,13,0,,7,
"5020",2015,"1633",2.775,773,151,86,1010,62,,,,10,13,0,,11,10.17
"5020",2016,"1633",2.775,729,167,80,976,58,9,18,31,9,12,0,,5,11.035
"5020",2017,"1633",4.1,729,172,77,978,61,6,,32,9,12,,,6,10.01
"5020",2018,"5020",4.2,715,176,76,967,52,5,,27,12,11,,,,10.875
"5020",2019,"5020",5.1,698,172,77,947,54,,,,9,9,,,,8.12
"5020",2020,"5020",4.3,699,177,72,948,58,7,,27,7,14,,,6,10.08
"5020",2021,"5020",4.6,670,182,73,925,57,5,,27,8,13,,6,,10.27
"5020",2022,"5020",4.7,643,188,73,904,56,7,,26,8,13,,,5,8.195
"5020",2023,"5020",7,644,187,73,904,65,6,,31,,10,,,5,7.245
"5020",2024,"5020",4.3,637,187,74,898,54,8,,24,5,11,,,6,6
"5020",2025,"5020",3,631,186,74,891,62,8,,28,8,13,,,8,8
"5021",2007,"1634",,5566,626,339,6531,292,79,56,157,,,,,,
"5021",2008,"1634",14.6,5594,630,340,6564,415,181,60,174,34,,,,,
"5021",2009,"1634",11.8,5638,643,348,6629,378,175,58,145,48,57,0,,46,
"5021",2010,"1634",6.9,5581,669,353,6603,252,59,48,145,46,58,0,,47,
"5021",2011,"1634",5,5643,691,357,6691,257,53,48,156,27,56,0,,45,
"5021",2012,"1634",5,5676,712,367,6755,265,57,59,149,43,55,,7,46,
"5021",2013,"1634",4.9,5682,756,356,6794,271,66,53,152,44,58,,13,42,
"5021",2014,"1634",10.1,5668,798,348,6814,283,78,53,152,61,53,0,,40,
"5021",2015,"1634",10.325,5651,846,355,6852,294,83,59,152,59,56,0,,39,50.945
"5021",2016,"1634",10.495,5647,878,361,6886,301,91,56,154,58,54,0,,39,50.195
"5021",2017,"1634",13.6,5692,908,373,6973,311,104,,144,59,53,,,43,52.9
"5021",2018,"5021",6.8,5657,942,371,6970,297,97,,137,78,48,,,40,55.215
"5021",2019,"5021",7.3,5646,949,380,6975,300,105,,126,65,45,,,35,53.995
"5021",2020,"5021",7.6,5632,998,371,7001,286,95,,121,56,54,6,12,36,59.46
"5021",2021,"5021",6.8,5585,1017,379,6981,313,101,,134,75,50,7,14,29,60.225
"5021",2022,"5021",7.5,5642,1031,393,7066,327,111,,137,70,52,9,13,30,60.005
"5021",2023,"5021",6.7,5772,1061,423,7256,324,93,,144,71,49,8,11,30,58.05
"5021",2024,"5021",5.4,5908,1047,434,7389,346,103,,156,76,51,6,12,33,51
"5021",2025,"5021",5.6,5905,1043,460,7408,335,105,,140,74,49,,,33,55
"5022",2007,"1635",,2157,294,184,2635,207,88,31,88,,,,,,
"5022",2008,"1635",3.1,2109,302,183,2594,221,106,30,85,42,,,,,
"5022",2009,"1635",4,2134,294,193,2621,250,136,33,81,50,34,0,,28,
"5022",2010,"1635",3.4,2132,297,193,2622,274,151,36,87,10,33,0,,28,
"5022",2011,"1635",3.3,2113,326,190,2629,281,164,37,80,10,32,0,,26,
"5022",2012,"1635",2.4,2063,325,181,2569,238,130,32,76,10,33,0,,28,
"5022",2013,"1635",1.5,2029,327,178,2534,202,93,33,76,9,32,0,,24,
"5022",2014,"1635",1.6,2037,348,171,2556,209,111,31,67,9,31,0,9,13,
"5022",2015,"1635",2.215,2031,366,170,2567,225,128,33,64,10,34,0,,27,20.855
"5022",2016,"1635",3.08,2010,375,177,2562,230,130,36,64,11,31,0,9,13,21.86
"5022",2017,"1635",2,1992,399,165,2556,212,113,,52,11,25,,,18,22.81
"5022",2018,"5022",2.2,1965,425,151,2541,182,86,,56,10,24,,,17,20.985
"5022",2019,"5022",1.8,1927,426,148,2501,189,94,,54,11,21,,5,16,22.025
"5022",2020,"5022",1.7,1913,418,155,2486,199,92,,61,11,23,,,16,22.895
"5022",2021,"5022",1.9,1874,422,158,2454,224,111,,59,21,22,,,17,22.825
"5022",2022,"5022",2.7,1852,436,155,2443,233,116,,70,26,15,,,12,18.895
"5022",2023,"5022",2.6,1884,438,159,2481,238,112,,69,28,13,,,7,18.96
"5022",2024,"5022",2.5,1860,441,183,2484,132,32,,61,19,24,,,18,22
"5022",2025,"5022",2.5,1884,442,187,2513,128,30,,55,19,22,,,13,18
"5025",2007,"1640",,4723,591,357,5671,210,55,35,120,,,,,,
"5025",2008,"1640",3.9,4643,616,361,5620,252,98,43,111,26,,,,,
"5025",2009,"1640",4.2,4606,605,352,5563,303,140,58,105,26,73,,12,59,
"5025",2010,"1640",4.1,4621,610,345,5576,213,61,44,108,,73,0,15,58,
"5025",2011,"1640",5.3,4618,627,336,5581,206,61,45,100,,76,0,,58,
"5025",2012,"1640",4.9,4608,665,331,5604,207,61,44,102,,72,0,,57,
"5025",2013,"1640",5.4,4585,680,324,5589,205,58,43,104,18,75,0,,61,
"5025",2014,"1640",3.8,4537,708,338,5583,200,58,46,96,,72,0,,58,
"5025",2015,"1640",2.895,4524,732,337,5593,304,157,53,94,0,68,0,,56,30.23
"5025",2016,"1640",3.5,4519,772,344,5635,325,167,53,105,0,64,0,,54,29.075
"5025",2017,"1640",3.8,4472,804,347,5623,330,152,,121,0,68,,,54,30.93
"5025",2018,"5025",3.1,4479,842,342,5663,305,121,,118,0,67,,,52,34.84
"5025",2019,"5025",3.2,4394,878,338,5610,369,177,,111,0,62,,,44,36.895
"5025",2020,"5025",2.6,4350,912,319,5581,360,170,,107,6,48,,,35,34.135
"5025",2021,"5025",1.8,4303,917,330,5550,357,179,,95,14,63,6,7,50,32.145
"5025",2022,"5025",2,4286,960,326,5572,297,145,,82,31,61,,,45,28.87
"5025",2023,"5025",3.3,4291,984,323,5598,269,118,,105,28,44,,,29,31.1
"5025",2024,"5025",3.2,4350,980,355,5685,268,115,,105,38,43,,16,16,31
"5025",2025,"5025",3.8,4325,967,389,5681,248,106,,92,38,42,,16,16,29
"5026",2007,"1644",,1660,247,169,2076,136,27,30,79,,,,,,
"5026",2008,"1644",5.7,1644,263,162,2069,124,23,33,68,,,,,,
"5026",2009,"1644",4.8,1647,269,148,2064,124,21,38,65,,35,0,9,26,
"5026",2010,"1644",4.9,1632,286,146,2064,121,20,33,68,,31,0,10,21,
"5026",2011,"1644",4.8,1618,290,140,2048,111,15,35,61,,27,0,9,10,
"5026",2012,"1644",3.7,1580,303,130,2013,110,17,30,63,,26,0,,19,
"5026",2013,"1644",2.8,1584,317,129,2030,96,18,24,54,,29,0,7,22,
"5026",2014,"1644",2.7,1573,325,126,2024,90,19,24,47,,24,0,8,16,
"5026",2015,"1644",2.415,1560,347,107,2014,76,18,16,42,0,28,0,11,11,18.21
"5026",2016,"1644",3.02,1570,354,107,2031,78,18,15,45,6,24,0,7,17,18.95
"5026",2017,"1644",2,1595,338,113,2046,80,17,,38,,24,,6,18,19.965
"5026",2018,"5026",2.1,1575,345,108,2028,88,20,,45,6,26,,8,18,21.085
"5026",2019,"5026",2.1,1562,346,117,2025,92,22,,40,6,25,,9,16,21.16
"5026",2020,"5026",7.7,1513,338,130,1981,97,25,,38,22,13,,,6,22.24
"5026",2021,"5026",6.4,1492,343,133,1968,126,30,,55,20,6,,,,20.07
"5026",2022,"5026",4.9,1463,353,137,1953,125,33,,61,22,9,,,,16.78
"5026",2023,"5026",3.4,1497,345,155,1997,82,22,,38,9,25,,6,14,17.75
"5026",2024,"5026",1.6,1524,343,168,2035,92,23,,46,10,28,,5,18,17
"5026",2025,"5026",1.5,1512,355,181,2048,92,24,,43,10,25,,5,15,16
"5027",2007,"1648",,4894,625,370,5889,332,102,61,169,,,,,,
"5027",2008,"1648",2.2,4921,610,379,5910,350,104,65,181,5,,,,,
"5027",2009,"1648",2,4973,600,377,5950,350,103,74,173,5,77,0,10,67,
"5027",2010,"1648",2.3,5030,606,376,6012,348,110,66,172,5,70,0,11,59,
"5027",2011,"1648",2.1,5048,606,361,6015,407,156,73,178,,68,0,10,58,
"5027",2012,"1648",2,5167,625,361,6153,371,126,67,178,49,69,0,,58,
"5027",2013,"1648",2.3,5255,643,368,6266,370,136,66,168,38,55,0,,47,
"5027",2014,"1648",2.7,5322,685,354,6361,384,139,69,176,42,64,0,,54,
"5027",2015,"1648",3.015,5295,683,358,6336,368,132,74,162,43,53,0,,42,43.975
"5027",2016,"1648",3.125,5246,715,337,6298,350,116,81,153,42,61,,8,51,46.85
"5027",2017,"1648",3.6,5244,737,338,6319,380,141,,146,42,56,,,49,48.9
"5027",2018,"5027",3.7,5134,754,337,6225,417,177,,150,64,46,,,28,52.09
"5027",2019,"5027",3.4,5126,776,344,6246,419,167,,167,64,45,,5,40,54.065
"5027",2020,"5027",3.5,5102,785,351,6238,377,139,,154,61,51,,5,46,50.355
"5027",2021,"5027",3.9,5089,796,358,6243,404,165,,140,61,33,,,15,46.95
"5027",2022,"5027",4.7,4943,825,352,6120,424,190,,150,72,26,,,13,45.795
"5027",2023,"5027",4.1,4962,806,365,6133,406,170,,157,72,23,,,14,47.245
"5027",2024,"5027",4.2,4965,817,358,6140,315,87,,155,71,26,,5,21,43
"5027",2025,"5027",4.2,4948,817,376,6141,325,89,,165,71,27,,8,12,44
"5028",2007,"1653",,12700,1096,508,14304,454,191,87,176,,,,,,
"5028",2008,"1653",9.3,12807,1135,515,14457,457,195,84,178,62,,,,,
"5028",2009,"1653",11.5,12984,1138,533,14655,433,175,78,180,50,85,,18,62,
"5028",2010,"1653",7.9,13103,1193,545,14841,383,124,82,177,50,85,,18,60,
"5028",2011,"1653",8.2,13188,1277,563,15028,418,134,85,199,52,81,,20,57,
"5028",2012,"1653",6,13464,1347,581,15392,617,312,103,202,52,90,,25,59,
"5028",2013,"1653",6.7,13668,1408,603,15679,637,326,103,208,34,85,5,21,59,
"5028",2014,"1653",6.2,13742,1467,635,15844,647,352,88,207,80,99,0,,72,
"5028",2015,"1653",6.38,13748,1510,658,15916,700,378,104,218,80,104,5,26,73,78.835
"5028",2016,"1653",7.99,13836,1610,650,16096,714,374,119,221,80,98,0,,70,78.87
"5028",2017,"1653",8.1,13890,1671,652,16213,730,359,,237,80,91,,24,42,79.21
"5028",2018,"5028",8,14015,1753,656,16424,735,359,,257,77,89,5,21,63,80.775
"5028",2019,"5028",6.5,14074,1805,683,16562,672,297,,254,71,87,6,23,58,80.995
"5028",2020,"5028",5.1,14170,1858,705,16733,686,324,,235,72,89,,22,62,78.035
"5028",2021,"5028",5.6,14303,1896,750,16949,694,330,,245,65,92,,20,68,83.915
"5028",2022,"5028",5.3,14398,1936,789,17123,721,320,,267,80,91,,16,70,80.805
"5028",2023,"5028",5.4,14537,1982,821,17340,745,345,,265,81,90,,10,74,77.005
"5028",2024,"5028",4.6,14719,1971,870,17560,783,391,,258,108,86,,17,61,75
"5028",2025,"5028",4.1,14915,2001,896,17812,717,359,,231,109,90,,15,71,87
"5029",2007,"1657",,5494,456,261,6211,170,53,30,87,,,,,,
"5029",2008,"1657",2.4,5601,466,259,6326,151,44,24,83,21,,,,,
"5029",2009,"1657",3.3,5700,478,259,6437,343,234,33,76,24,40,0,,33,
"5029",2010,"1657",4.5,5885,486,255,6626,351,245,27,79,19,41,0,,33,
"5029",2011,"1657",4.8,5989,504,263,6756,420,305,41,74,,46,0,,35,
"5029",2012,"1657",5.6,6160,529,252,6941,205,99,34,72,33,43,,8,31,
"5029",2013,"1657",4.6,6323,571,249,7143,186,67,34,85,6,45,,11,31,
"5029",2014,"1657",5.7,6516,615,261,7392,183,62,31,90,15,39,,8,29,
"5029",2015,"1657",5.195,6745,661,262,7668,211,74,41,96,10,37,0,,29,34.98
"5029",2016,"1657",4.72,6810,681,264,7755,219,82,43,94,7,36,0,,27,35.205
"5029",2017,"1657",4.2,7021,721,258,8000,239,86,,93,,35,,,27,37.115
"5029",2018,"5029",4.3,7132,756,254,8142,209,76,,83,14,39,,,32,35.81
"5029",2019,"5029",5.8,7185,767,279,8231,131,48,,54,13,30,,,26,36.865
"5029",2020,"5029",5.7,7258,780,287,8325,222,85,,84,30,34,,8,26,36.005
"5029",2021,"5029",6.1,7260,815,292,8367,231,89,,93,26,34,,7,27,40.78
"5029",2022,"5029",7.4,7205,848,307,8360,229,95,,88,32,38,,10,28,33.795
"5029",2023,"5029",8.2,7242,882,317,8441,211,93,,76,29,40,,11,29,38.855
"5029",2024,"5029",7.7,7269,885,330,8484,192,86,,66,34,33,,,29,40
"5029",2025,"5029",8.5,7270,906,345,8521,194,88,,69,29,42,,,32,47
"5031",2007,"1663",,11215,773,334,12322,384,206,56,122,,,,,,
"5031",2008,"1663",1.4,11261,781,346,12388,390,213,49,128,52,,,,,
"5031",2009,"1663",1.7,11293,804,360,12457,382,217,48,117,52,58,0,,47,
"5031",2010,"1663",1.4,11370,828,352,12550,371,202,52,117,45,61,0,,47,
"5031",2011,"1663",2.1,11448,874,355,12677,375,208,51,116,50,62,0,,45,
"5031",2012,"1663",4.9,11515,915,355,12785,390,215,65,110,27,59,0,,46,
"5031",2013,"1663",4.8,11723,1003,359,13085,391,221,66,104,26,55,0,,41,
"5031",2014,"1663",5.5,11918,1098,355,13371,407,227,72,108,52,48,0,,34,
"5031",2015,"1663",6,11982,1151,365,13498,437,236,70,131,75,34,0,,24,53.66
"5031",2016,"1663",4.32,12174,1185,379,13738,414,212,74,128,77,31,0,9,22,45.015
"5031",2017,"1663",4.8,12212,1218,390,13820,406,213,,134,78,35,,14,21,46.755
"5031",2018,"5031",7,12310,1239,409,13958,395,204,,124,80,35,,12,23,60.185
"5031",2019,"5031",7.1,12324,1286,430,14040,401,193,,145,83,34,,8,26,64.015
"5031",2020,"5031",5.9,12376,1311,461,14148,449,238,,142,83,32,,6,26,64.785
"5031",2021,"5031",5.4,12520,1334,480,14334,493,285,,145,78,31,,10,21,64.89
"5031",2022,"5031",5.6,12556,1370,499,14425,586,366,,148,84,31,,7,24,73.155
"5031",2023,"5031",6.3,12701,1444,517,14662,611,358,,169,87,33,,10,17,73.115
"5031",2024,"5031",6.2,12780,1448,555,14783,619,360,,171,85,32,,,20,80
"5031",2025,"5031",5.8,12965,1474,584,15023,603,353,,173,85,31,,10,21,78
"5032",2007,"1664",,3223,429,290,3942,190,37,48,105,,,,,,
"5032",2008,"1664",11.6,3273,435,298,4006,189,40,42,107,17,,,,,
"5032",2009,"1664",10.3,3277,432,295,4004,234,73,49,112,17,34,0,,27,
"5032",2010,"1664",11.7,3288,434,282,4004,249,81,48,120,18,39,0,,33,
"5032",2011,"1664",11.4,3269,440,287,3996,254,90,49,115,16,40,0,,36,
"5032",2012,"1664",10.4,3307,448,287,4042,243,89,40,114,18,39,0,,33,
"5032",2013,"1664",10.2,3297,455,278,4030,246,92,43,111,18,40,0,,34,
"5032",2014,"1664",10.3,3292,467,271,4030,224,79,45,100,17,40,0,,33,
"5032",2015,"1664",9.775,3312,505,261,4078,211,75,32,104,16,41,0,,34,31.085
"5032",2016,"1664",9.11,3348,521,263,4132,232,96,35,101,17,38,0,,18,27.925
"5032",2017,"1664",8.7,3297,538,263,4098,248,102,,104,17,35,,,18,27.12
"5032",2018,"5032",9.7,3278,557,258,4093,215,89,,98,15,25,,,13,28.88
"5032",2019,"5032",8.2,3265,560,263,4088,215,92,,88,11,34,,,17,30.2
"5032",2020,"5032",6.7,3232,555,275,4062,230,91,,95,11,32,,,18,30.245
"5032",2021,"5032",6.1,3220,555,294,4069,242,105,,93,10,26,,,22,33.935
"5032",2022,"5032",6.7,3227,571,292,4090,220,91,,86,10,31,,,25,36.235
"5032",2023,"5032",6.5,3275,583,286,4144,225,80,,104,26,31,,,25,34.755
"5032",2024,"5032",6.2,3315,594,307,4216,217,71,,100,29,29,,5,24,32
"5032",2025,"5032",5.6,3298,622,313,4233,213,76,,95,24,25,,5,20,32
"5033",2007,"1665",,676,124,59,859,35,6,11,18,,,,,,
"5033",2008,"1665",3.1,670,124,62,856,37,11,9,17,,,,,,
"5033",2009,"1665",3.2,670,128,59,857,46,12,7,27,,12,0,,6,
"5033",2010,"1665",2.8,674,120,65,859,50,13,8,29,,13,0,,7,
"5033",2011,"1665",2.2,679,121,68,868,56,16,14,26,,10,0,,5,
"5033",2012,"1665",2.4,677,126,67,870,51,15,11,25,,14,0,0,8,
"5033",2013,"1665",2.2,673,125,67,865,43,8,10,25,,14,0,,12,
"5033",2014,"1665",3,667,127,70,864,50,13,11,26,,14,0,,5,
"5033",2015,"1665",3.005,668,129,66,863,47,12,11,24,0,13,0,,6,10.05
"5033",2016,"1665",3.01,653,130,68,851,33,8,5,20,0,10,0,,,10.045
"5033",2017,"1665",3.5,671,124,66,861,37,,,,0,12,,,6,9.01
"5033",2018,"5033",2.3,652,111,71,834,40,12,,20,0,15,,5,5,7.83
"5033",2019,"5033",3.1,611,112,71,794,42,13,,19,0,13,,,7,7.835
"5033",2020,"5033",2,582,112,75,769,40,,,,0,14,,,6,8
"5033",2021,"5033",2.5,566,116,77,759,40,13,,21,0,10,,,6,8.885
"5033",2022,"5033",2.2,548,124,78,750,44,13,,21,0,13,,,7,8.235
"5033",2023,"5033",1.9,547,133,73,753,49,17,,23,0,16,,,14,8.98
"5033",2024,"5033",1.6,560,133,80,773,36,,,,0,12,,,5,8
"5033",2025,"5033",1.2,571,130,85,786,29,10,,13,0,13,,,6,9
"5034",2007,"1711",,2041,267,199,2507,119,24,21,74,,,,,,
"5034",2008,"1711",3.6,2039,266,201,2506,119,27,17,75,38,,,,,
"5034",2009,"1711",3.1,2007,258,211,2476,118,30,20,68,35,52,0,,44,
"5034",2010,"1711",3.3,2001,261,209,2471,121,32,19,70,37,48,0,,41,
"5034",2011,"1711",3.6,2035,269,199,2503,141,37,25,79,23,33,0,,26,
"5034",2012,"1711",2.7,2048,277,188,2513,145,40,24,81,24,32,0,,27,
"5034",2013,"1711",2.4,2051,269,190,2510,137,50,17,70,32,43,0,8,35,
"5034",2014,"1711",2.2,2090,278,185,2553,135,46,14,75,19,41,0,6,35,
"5034",2015,"1711",1.985,2077,301,180,2558,131,49,16,66,18,45,0,5,40,27.685
"5034",2016,"1711",4.49,2025,323,175,2523,139,48,22,69,24,35,0,,20,25.38
"5034",2017,"1711",3.1,2006,336,166,2508,133,43,,58,8,30,,,26,24.225
"5034",2018,"5034",3.4,1954,363,152,2469,134,47,,54,8,26,,6,20,22.815
"5034",2019,"5034",3,1912,374,146,2432,121,41,,50,7,27,,6,21,23.13
"5034",2020,"5034",2.9,1904,365,153,2422,136,54,,52,7,25,,8,17,21.81
"5034",2021,"5034",2.7,1884,382,147,2413,153,68,,52,7,25,,5,20,20.21
"5034",2022,"5034",2.3,1853,391,155,2399,169,76,,55,7,22,,5,17,18.945
"5034",2023,"5034",3,1873,402,151,2426,170,78,,60,7,24,,6,18,18.005
"5034",2024,"5034",3.6,1886,407,161,2454,148,58,,61,7,24,,6,18,20
"5034",2025,"5034",2.6,1910,401,161,2472,147,66,,54,7,25,,5,20,19
"5035",2007,"1714",,17849,1584,840,20273,775,311,114,350,,,,,,
"5035",2008,"1714",6.8,18127,1635,854,20616,756,292,119,345,194,,,,,
"5035",2009,"1714",8.2,18395,1705,860,20960,760,303,118,339,209,65,,13,48,
"5035",2010,"1714",7.9,18691,1828,856,21375,758,312,124,322,185,67,,13,51,
"5035",2011,"1714",8.2,18872,1922,865,21659,764,307,126,331,182,68,,18,48,
"5035",2012,"1714",7.8,19158,2034,866,22058,793,291,146,356,187,55,0,14,27,
"5035",2013,"1714",8.5,19325,2153,901,22379,806,302,160,344,265,51,,12,37,
"5035",2014,"1714",7.9,19517,2256,910,22683,877,359,177,341,245,54,,9,42,
"5035",2015,"1714",7.82,19687,2351,919,22957,916,394,176,346,262,54,,10,42,132.8
"5035",2016,"1714",9.925,19877,2492,939,23308,938,414,167,357,264,52,,9,40,135.2
"5035",2017,"1714",7.9,20045,2626,954,23625,994,478,,339,251,54,,13,39,136.9
"5035",2018,"5035",7.5,20258,2727,979,23964,1042,535,,329,249,62,,15,44,137.245
"5035",2019,"5035",6.2,20201,2827,1000,24028,1061,557,,312,220,96,,30,61,133.915
"5035",2020,"5035",5.9,20205,2917,1023,24145,1074,564,,330,178,94,5,40,49,136.83
"5035",2021,"5035",5.4,20221,3003,1059,24283,1157,620,,339,222,100,6,35,59,143.76
"5035",2022,"5035",5.9,20110,3068,1109,24287,1199,641,,330,216,106,,32,66,144.97
"5035",2023,"5035",6.6,20230,3145,1166,24541,1207,642,,338,227,112,,36,66,152.84
"5035",2024,"5035",7.3,20312,3176,1229,24717,1217,624,,366,226,112,,41,66,146
"5035",2025,"5035",6.8,20350,3243,1334,24927,1190,620,,369,235,138,,37,96,148
"5036",2007,"1717",,2047,263,151,2461,87,24,15,48,,,,,,
"5036",2008,"1717",6,2045,267,154,2466,86,27,12,47,14,,,,,
"5036",2009,"1717",6,2066,270,151,2487,82,26,14,42,16,18,0,,16,
"5036",2010,"1717",6.3,2058,294,143,2495,91,29,15,47,16,17,0,,15,
"5036",2011,"1717",7,2115,287,136,2538,91,31,13,47,16,18,0,,15,
"5036",2012,"1717",9.4,2186,291,141,2618,90,28,13,49,15,19,0,,9,
"5036",2013,"1717",6.7,2178,300,149,2627,96,26,16,54,15,18,0,,8,
"5036",2014,"1717",7.1,2173,334,146,2653,100,27,22,51,13,14,0,,6,
"5036",2015,"1717",5.81,2132,343,149,2624,106,35,26,45,17,15,0,,6,20.82
"5036",2016,"1717",5.485,2136,342,153,2631,113,35,34,44,15,19,0,6,13,20.06
"5036",2017,"1717",5.1,2127,352,151,2630,125,38,,51,16,20,,9,,19.91
"5036",2018,"5036",6.8,2104,362,150,2616,129,49,,47,17,23,,9,14,20
"5036",2019,"5036",8,2107,367,158,2632,139,57,,50,18,20,,6,14,22.95
"5036",2020,"5036",8.2,2098,359,170,2627,148,64,,55,26,23,,7,11,20.795
"5036",2021,"5036",6.8,2074,365,170,2609,174,81,,60,23,18,,,11,22.06
"5036",2022,"5036",7.1,2084,358,166,2608,174,67,,68,28,18,,5,9,24.055
"5036",2023,"5036",6.7,2093,374,178,2645,190,87,,65,28,18,,6,8,22.77
"5036",2024,"5036",5.4,2061,406,178,2645,196,100,,61,25,18,,,14,21
"5036",2025,"5036",5.9,2079,405,177,2661,174,84,,57,26,18,,,10,22
"5037",2007,"1719",,15845,1539,789,18173,612,238,86,288,,,,,,
"5037",2008,"1719",4.8,15984,1560,811,18355,593,229,91,273,102,,,,,
"5037",2009,"1719",5,16058,1597,809,18464,643,266,101,276,111,75,0,,57,
"5037",2010,"1719",3.5,16113,1651,816,18580,687,289,120,278,166,69,0,,51,
"5037",2011,"1719",2.4,16243,1700,798,18741,791,361,136,294,169,75,0,,55,
"5037",2012,"1719",2.9,16349,1771,802,18922,767,348,121,298,168,66,0,20,46,
"5037",2013,"1719",2.3,16412,1873,793,19078,764,340,134,290,114,66,0,,48,
"5037",2014,"1719",2.3,16446,1958,808,19212,801,379,131,291,93,55,0,,37,
"5037",2015,"1719",2.095,16619,2029,826,19474,872,448,130,294,157,54,0,,39,116.505
"5037",2016,"1719",2.205,16682,2082,846,19610,947,533,125,289,150,48,0,,39,130.075
"5037",2017,"1719",2.3,16849,2176,867,19892,991,530,,327,131,11,,,6,150.155
"5037",2018,"5037",2.9,16986,2236,893,20115,1011,525,,332,181,8,,,,137.98
"5037",2019,"5037",2.6,17032,2311,911,20254,1048,539,,341,178,8,,,6,131.965
"5037",2020,"5037",2.4,16810,2442,912,20164,1067,552,,339,256,19,,7,8,152.76
"5037",2021,"5037",2.3,16703,2497,970,20170,1035,524,,347,269,27,,8,16,147.065
"5037",2022,"5037",2.1,16585,2568,1018,20171,1086,537,,352,269,24,,8,12,130.135
"5037",2023,"5037",2.9,16658,2646,1040,20344,1063,557,,331,200,22,,,15,145.185
"5037",2024,"5037",2.5,16739,2730,1105,20574,1029,551,,316,189,32,,,23,139
"5037",2025,"5037",2.2,16780,2806,1146,20732,1065,580,,324,189,31,,7,24,133
"5038",2007,"1721",,12232,1076,654,13962,655,305,124,226,,,,,,
"5038",2008,"1721",2.9,12371,1078,645,14094,711,336,121,254,78,,,,,
"5038",2009,"1721",3,12403,1099,655,14157,648,267,107,274,44,91,0,,71,
"5038",2010,"1721",4.1,12428,1145,649,14222,602,239,100,263,50,94,5,17,72,
"5038",2011,"1721",3.9,12493,1194,647,14334,571,225,107,239,44,99,6,8,85,
"5038",2012,"1721",3.9,12448,1305,634,14387,525,213,95,217,42,89,,11,73,
"5038",2013,"1721",3,12533,1390,616,14539,607,266,108,233,46,97,0,,77,
"5038",2014,"1721",3.2,12655,1523,610,14788,636,279,128,229,45,96,0,,74,
"5038",2015,"1721",3.695,12574,1637,598,14809,567,285,97,185,42,96,0,,76,93.325
"5038",2016,"1721",3.51,12585,1711,589,14885,590,276,102,212,50,86,0,19,67,89.225
"5038",2017,"1721",3.2,12428,1818,603,14849,675,362,,211,49,75,,16,59,84.87
"5038",2018,"5038",3.8,12426,1897,620,14943,701,379,,213,54,79,,,56,92.97
"5038",2019,"5038",3.1,12342,1958,633,14933,717,357,,228,50,73,,21,48,89.98
"5038",2020,"5038",2.9,12251,2053,644,14948,713,353,,211,50,78,,18,54,87.01
"5038",2021,"5038",2.8,12224,2110,652,14986,708,354,,210,46,75,,16,52,84.245
"5038",2022,"5038",3.4,12099,2185,671,14955,654,325,,188,38,80,,24,50,87.165
"5038",2023,"5038",5.2,12097,2211,694,15002,624,287,,190,32,102,,28,65,92.21
"5038",2024,"5038",5.1,12162,2278,753,15193,704,346,,200,37,97,6,29,62,84
"5038",2025,"5038",5.6,12345,2220,847,15412,571,218,,214,44,100,,35,60,86
"5041",2007,"1736",,1783,247,167,2197,137,36,34,67,,,,,,
"5041",2008,"1736",4.2,1757,255,164,2176,168,64,35,69,6,,,,,
"5041",2009,"1736",3.5,1758,258,160,2176,162,64,35,63,6,31,0,5,26,
"5041",2010,"1736",3.9,1740,273,151,2164,184,83,35,66,6,38,0,7,31,
"5041",2011,"1736",4,1747,267,158,2172,182,97,26,59,6,40,0,9,31,
"5041",2012,"1736",4.3,1747,270,147,2164,160,76,30,54,6,36,0,5,31,
"5041",2013,"1736",3.8,1727,282,145,2154,154,80,25,49,,33,0,6,27,
"5041",2014,"1736",3.4,1725,293,138,2156,168,93,30,45,,33,0,,28,
"5041",2015,"1736",3.49,1713,304,136,2153,180,96,31,53,0,24,0,,19,23.815
"5041",2016,"1736",3.205,1695,308,136,2139,181,90,36,55,0,23,0,5,18,23.935
"5041",2017,"1736",2.8,1711,313,135,2159,157,72,,51,6,22,,,9,23.23
"5041",2018,"5041",3.8,1643,318,133,2094,140,55,,56,,22,,6,16,22.245
"5041",2019,"5041",3.6,1645,314,141,2100,128,41,,57,0,22,,7,8,20.12
"5041",2020,"5041",4.3,1605,315,143,2063,136,44,,58,0,21,,,13,22.115
"5041",2021,"5041",3.6,1588,309,157,2054,129,41,,51,0,25,,,15,21.125
"5041",2022,"5041",2.8,1569,306,158,2033,136,43,,59,0,26,,9,17,23.92
"5041",2023,"5041",2.6,1561,293,167,2021,139,46,,51,0,27,,10,11,23.785
"5041",2024,"5041",2.8,1649,301,164,2114,147,47,,59,0,28,,10,18,24
"5041",2025,"5041",3.4,1667,299,172,2138,133,44,,56,0,22,,9,6,25
"5042",2007,"1738",,1206,185,94,1485,94,32,34,28,,,,,,
"5042",2008,"1738",4.1,1202,179,99,1480,94,31,29,34,6,,,,,
"5042",2009,"1738",3.8,1192,165,104,1461,104,35,25,44,,26,0,6,20,
"5042",2010,"1738",1.5,1168,167,100,1435,109,45,26,38,,26,0,,18,
"5042",2011,"1738",1.2,1141,167,98,1406,119,48,30,41,10,21,0,,13,
"5042",2012,"1738",1.5,1144,168,98,1410,125,49,35,41,9,20,0,,12,
"5042",2013,"1738",2,1126,183,92,1401,111,43,29,39,9,20,0,,10,
"5042",2014,"1738",2,1104,188,93,1385,119,49,26,44,9,22,0,,11,
"5042",2015,"1738",2.905,1107,188,99,1394,111,48,25,38,9,21,0,,11,17.56
"5042",2016,"1738",3.795,1078,201,96,1375,108,54,23,31,6,21,0,,13,14.51
"5042",2017,"1738",2.9,1088,208,93,1389,117,51,,34,9,15,,,8,15.895
"5042",2018,"5042",2.4,1076,216,87,1379,102,39,,32,10,19,,,15,16.07
"5042",2019,"5042",2.1,1076,219,91,1386,117,52,,33,9,21,,,18,15.28
"5042",2020,"5042",2.5,1036,225,94,1355,126,58,,33,9,21,,,10,16.07
"5042",2021,"5042",2.4,1007,231,90,1328,110,41,,42,9,18,,,8,14.285
"5042",2022,"5042",3,977,235,97,1309,109,40,,42,9,16,,,7,14.1
"5042",2023,"5042",2.2,963,233,99,1295,124,45,,45,7,15,,,7,15.28
"5042",2024,"5042",2.1,956,243,102,1301,114,41,,42,,17,,,8,18
"5042",2025,"5042",2.2,974,240,102,1316,111,43,,42,4,13,,,7,19
"5043",2007,"1739",,438,59,29,526,24,7,9,8,,,,,,
"5043",2008,"1739",7.7,413,57,29,499,22,5,8,9,6,,,,,
"5043",2009,"1739",8,414,54,31,499,22,5,8,9,7,11,0,0,8,
"5043",2010,"1739",5,405,57,33,495,27,8,6,13,10,10,0,,5,
"5043",2011,"1739",5,403,64,32,499,27,7,9,11,9,10,0,,5,
"5043",2012,"1739",7,392,70,32,494,25,,,,15,12,0,,8,
"5043",2013,"1739",3.1,400,66,37,503,30,11,5,14,13,13,0,,8,
"5043",2014,"1739",2.7,394,71,33,498,33,10,9,14,11,11,0,,5,
"5043",2015,"1739",3.015,367,76,32,475,32,11,7,14,15,14,0,,6,6.8
"5043",2016,"1739",3.79,363,75,31,469,26,8,5,13,7,18,0,,13,6.265
"5043",2017,"1739",4.4,352,84,33,469,25,8,,10,7,18,,,13,5.175
"5043",2018,"5043",4.2,361,79,34,474,27,8,,10,10,15,,,9,5.875
"5043",2019,"5043",3.7,364,86,32,482,22,,,,10,10,,,6,4.325
"5043",2020,"5043",4.1,343,86,32,461,21,5,,7,8,9,,,,5.28
"5043",2021,"5043",4.2,343,84,32,459,23,,,,9,11,,6,,5.06
"5043",2022,"5043",3.5,321,86,34,441,24,,,,11,12,,6,,6.1
"5043",2023,"5043",3.6,308,86,35,429,25,,,,8,12,,,5,8.335
"5043",2024,"5043",3.7,304,83,36,423,24,6,,13,8,11,,5,,7
"5043",2025,"5043",6.2,318,86,39,443,24,5,,14,8,11,,,5,6
"5044",2007,"1740",,733,134,66,933,44,13,12,19,,,,,,
"5044",2008,"1740",2,712,137,67,916,51,15,12,24,,,,,,
"5044",2009,"1740",1.9,722,134,68,924,48,15,14,19,,18,0,,9,
"5044",2010,"1740",1,724,135,69,928,64,32,13,19,8,18,0,,9,
"5044",2011,"1740",1.5,730,134,64,928,72,35,14,23,7,15,0,,8,
"5044",2012,"1740",1.4,714,134,68,916,72,32,17,23,7,13,0,,5,
"5044",2013,"1740",1.3,694,145,63,902,74,28,20,26,6,13,0,,6,
"5044",2014,"1740",1.4,703,155,64,922,70,27,18,25,,11,0,,6,
"5044",2015,"1740",1.61,681,152,59,892,71,25,19,27,6,12,0,,7,10.87
"5044",2016,"1740",1.605,653,147,67,867,78,23,23,32,6,9,0,0,,10.38
"5044",2017,"1740",2.3,659,145,68,872,74,24,,32,5,13,,,,11.7
"5044",2018,"5044",2.5,691,140,71,902,71,25,,30,5,13,,,6,9.93
"5044",2019,"5044",2.7,661,135,75,871,64,19,,32,5,11,,,6,11.565
"5044",2020,"5044",3.7,628,137,78,843,76,29,,31,5,6,,,,8.555
"5044",2021,"5044",3.7,629,140,77,846,72,31,,25,6,11,,,6,7.385
"5044",2022,"5044",3.2,609,135,74,818,83,37,,32,,12,,,7,10.43
"5044",2023,"5044",2.8,600,135,79,814,79,36,,29,0,8,,,,6.48
"5044",2024,"5044",3.3,599,137,74,810,74,24,,30,5,9,,,5,8
"5044",2025,"5044",2.8,613,128,70,811,70,23,,29,5,8,,,,10
"5045",2007,"1742",,1934,279,174,2387,134,39,25,70,,,,,,
"5045",2008,"1742",2.5,1940,264,173,2377,134,38,31,65,8,,,,,
"5045",2009,"1742",2,1922,266,162,2350,157,47,36,74,8,36,0,,20,
"5045",2010,"1742",1.8,1928,267,166,2361,170,64,39,67,9,36,0,,21,
"5045",2011,"1742",1.6,1924,262,171,2357,176,65,36,75,10,37,0,,21,
"5045",2012,"1742",1.8,1955,276,178,2409,168,63,36,69,11,38,0,,18,
"5045",2013,"1742",1.8,2009,280,176,2465,200,95,30,75,10,39,0,,35,
"5045",2014,"1742",1.8,1986,285,178,2449,204,99,33,72,22,34,0,,30,
"5045",2015,"1742",2.98,2033,283,173,2489,188,89,30,69,9,36,0,,31,30.425
"5045",2016,"1742",3.785,1998,294,174,2466,167,64,30,73,8,36,0,,26,29.825
"5045",2017,"1742",2.8,1996,295,176,2467,172,67,,75,7,44,,,32,31.095
"5045",2018,"5045",1.4,1903,314,183,2400,164,48,,78,7,40,,,33,32.205
"5045",2019,"5045",1.3,1853,330,191,2374,162,55,,76,7,34,,,28,31.075
"5045",2020,"5045",1.7,1854,322,183,2359,177,67,,76,7,32,,,22,28.86
"5045",2021,"5045",1.7,1834,337,176,2347,168,62,,74,8,28,,,21,25.095
"5045",2022,"5045",1.3,1779,340,168,2287,165,63,,72,7,27,,,20,25.44
"5045",2023,"5045",1.1,1785,341,170,2296,162,60,,74,9,28,,,20,24.64
"5045",2024,"5045",1.6,1788,352,182,2322,149,50,,72,13,34,,,26,22
"5045",2025,"5045",1.2,1758,365,191,2314,136,50,,60,11,35,,5,30,20
"5046",2007,"1743",,1050,135,81,1266,84,31,17,36,,,,,,
"5046",2008,"1743",1.8,1053,138,82,1273,91,33,21,37,,,,,,
"5046",2009,"1743",3.6,1051,137,86,1274,98,40,22,36,,25,0,,16,
"5046",2010,"1743",2.6,1048,140,82,1270,102,42,26,34,,19,0,,13,
"5046",2011,"1743",1.7,1043,151,76,1270,101,45,26,30,,17,0,,10,
"5046",2012,"1743",1.9,1041,155,68,1264,100,41,25,34,,16,0,,11,
"5046",2013,"1743",2,1033,161,69,1263,97,42,22,33,,17,0,6,11,
"5046",2014,"1743",2,1020,165,72,1257,100,44,17,39,,15,0,6,,
"5046",2015,"1743",2.38,1005,169,78,1252,98,38,24,36,10,16,0,,7,15.19
"5046",2016,"1743",3.405,993,183,74,1250,83,27,21,35,16,17,0,5,7,16.09
"5046",2017,"1743",3.1,1001,184,79,1264,99,37,,41,14,20,,,9,15.81
"5046",2018,"5046",2.6,988,197,83,1268,109,47,,37,17,20,,,10,16.775
"5046",2019,"5046",1.9,966,197,91,1254,116,53,,39,16,19,,5,9,15.33
"5046",2020,"5046",2.7,944,199,88,1231,120,60,,38,16,16,,,10,11.705
"5046",2021,"5046",2.5,923,204,88,1215,123,69,,34,16,9,,,,12.485
"5046",2022,"5046",2.1,902,212,79,1193,125,74,,33,19,11,,,6,12.33
"5046",2023,"5046",3.4,921,211,84,1216,131,78,,34,29,12,,,5,13.785
"5046",2024,"5046",3.3,921,210,91,1222,137,84,,33,42,14,,,6,12
"5046",2025,"5046",1.8,926,217,92,1235,148,93,,36,29,13,,,6,12
"5047",2007,"1744",,2994,320,191,3505,215,108,32,75,,,,,,
"5047",2008,"1744",2.5,3005,319,183,3507,235,125,36,74,12,,,,,
"5047",2009,"1744",2.9,3051,332,179,3562,226,116,36,74,11,29,0,,17,
"5047",2010,"1744",3.7,3061,339,177,3577,207,99,28,80,11,27,0,,23,
"5047",2011,"1744",3.8,3100,345,191,3636,185,79,27,79,11,26,0,,23,
"5047",2012,"1744",3.8,3137,346,196,3679,172,61,39,72,12,32,0,,29,
"5047",2013,"1744",5,3128,367,193,3688,165,54,46,65,12,27,0,,22,
"5047",2014,"1744",5.1,3173,384,175,3732,158,56,41,61,12,31,0,,21,
"5047",2015,"1744",5.51,3185,385,181,3751,172,59,46,67,11,28,0,,18,42.875
"5047",2016,"1744",5.485,3237,407,181,3825,165,56,46,63,11,28,0,8,11,41.925
"5047",2017,"1744",6.2,3234,422,184,3840,174,61,,68,10,34,,,26,41.04
"5047",2018,"5047",6.9,3224,427,194,3845,173,58,,67,0,32,,,25,44.915
"5047",2019,"5047",6.8,3244,438,197,3879,176,64,,64,,23,,,14,42.125
"5047",2020,"5047",5.7,3248,444,192,3884,182,61,,68,,24,,8,16,39.39
"5047",2021,"5047",6.9,3227,447,191,3865,160,53,,67,,24,,8,16,39.405
"5047",2022,"5047",9,3163,463,191,3817,163,56,,65,0,25,,9,16,37.12
"5047",2023,"5047",9.2,3212,474,187,3873,152,49,,65,0,25,,11,,33.545
"5047",2024,"5047",10.6,3261,477,186,3924,135,44,,64,0,23,,10,8,34
"5047",2025,"5047",11.6,3265,487,194,3946,137,42,,66,24,23,,8,15,32
"5049",2007,"1749",,963,125,80,1168,51,8,13,30,,,,,,
"5049",2008,"1749",8.7,936,118,84,1138,60,10,15,35,,,,,,
"5049",2009,"1749",9.6,927,122,85,1134,55,14,10,31,,20,0,,13,
"5049",2010,"1749",9.6,895,134,75,1104,58,14,13,31,5,20,0,,12,
"5049",2011,"1749",10.7,894,141,74,1109,49,12,11,26,5,21,0,,13,
"5049",2012,"1749",10.9,925,143,73,1141,57,13,15,29,,21,0,,14,
"5049",2013,"1749",11.8,936,151,71,1158,55,11,22,22,,20,0,,14,
"5049",2014,"1749",11.4,897,163,60,1120,60,17,17,26,,16,0,,11,
"5049",2015,"1749",11.115,899,162,58,1119,65,19,20,26,,14,0,,10,12.975
"5049",2016,"1749",11.805,879,164,60,1103,54,14,18,22,,18,0,,7,12.775
"5049",2017,"1749",11.3,870,162,58,1090,50,14,,19,,19,,,9,12.05
"5049",2018,"5049",7.9,877,167,61,1105,53,15,,20,,15,,,8,13.125
"5049",2019,"5049",7.3,868,177,58,1103,56,14,,25,,17,,,12,13.395
"5049",2020,"5049",6.8,864,178,61,1103,62,13,,26,,17,,,12,14.4
"5049",2021,"5049",7.4,854,183,63,1100,59,13,,29,,19,,,12,14.03
"5049",2022,"5049",8.6,834,196,71,1101,56,12,,32,,19,,9,,13.35
"5049",2023,"5049",6.1,837,194,77,1108,77,33,,33,,18,,9,,14.38
"5049",2024,"5049",6,841,198,77,1116,86,40,,30,,17,,5,12,14
"5049",2025,"5049",9.3,837,200,84,1121,62,14,,27,4,17,,,9,13
"5052",2007,"1755",,461,88,34,583,37,7,15,15,,,,,,
"5052",2008,"1755",2.3,463,90,36,589,46,10,17,19,13,,,,,
"5052",2009,"1755",3.6,451,91,40,582,47,10,18,19,,10,0,,,
"5052",2010,"1755",3.4,458,90,45,593,43,7,18,18,,10,0,,,
"5052",2011,"1755",3.9,452,94,43,589,40,7,14,19,,11,0,,,
"5052",2012,"1755",2,433,96,44,573,36,5,12,19,,10,0,,,
"5052",2013,"1755",3.5,429,104,41,574,33,6,12,15,,9,0,,,
"5052",2014,"1755",2.2,406,109,41,556,38,7,14,17,,8,0,,,
"5052",2015,"1755",2.39,416,117,41,574,33,,,,,9,0,,,7.79
"5052",2016,"1755",3.295,404,116,42,562,37,8,11,18,,10,0,,6,8.88
"5052",2017,"1755",3.5,431,109,44,584,37,8,,19,,9,,,6,7.915
"5052",2018,"5052",4.2,426,110,46,582,34,9,,15,0,7,,,,8.025
"5052",2019,"5052",7,415,111,41,567,37,6,,14,0,11,,,7,7.385
"5052",2020,"5052",8.9,404,106,47,557,43,10,,15,0,8,,,,8.055
"5052",2021,"5052",10.5,411,107,45,563,39,7,,13,0,11,,,,7.215
"5052",2022,"5052",13,414,111,45,570,44,12,,13,0,10,,,10,8.185
"5052",2023,"5052",6.9,425,111,46,582,40,9,,10,0,10,,,6,8.19
"5052",2024,"5052",6.2,444,116,44,604,35,,,,,7,,,5,6
"5052",2025,"5052",4.7,427,119,47,593,30,,,,1,9,,,6,7
"5053",2007,"1723+1729",,5878,574,342,6794,201,34,37,82,,,,,,
"5053",2008,"1723+1729",2.35446009389671,5798,578,324,6700,213,43,33,91,61,,,,,
"5053",2009,"1723+1729",1.8085910652921,5774,577,331,6682,291,134,43,114,60,50,0,,37,
"5053",2010,"1723+1729",1.99781931464174,5761,601,327,6689,321,154,44,123,61,48,0,,35,
"5053",2011,"1723+1729",2.24694533762058,5760,629,328,6717,311,145,50,116,63,46,0,0,34,
"5053",2012,"1756",3,5692,675,315,6682,315,155,45,115,54,58,0,15,26,
"5053",2013,"1756",3.1,5689,692,311,6692,320,149,53,118,61,49,0,,35,
"5053",2014,"1756",3.1,5663,746,311,6720,330,171,47,112,55,49,,14,33,
"5053",2015,"1756",2.99,5679,782,309,6770,332,172,43,117,57,44,,9,31,45.94
"5053",2016,"1756",3.09,5630,829,310,6769,338,177,36,125,65,37,,8,26,43.835
"5053",2017,"1756",3.4,5626,846,328,6800,351,185,,123,58,29,,7,19,44.925
"5053",2018,"5053",3.5,5561,897,327,6785,318,146,,119,59,33,,5,25,44.595
"5053",2019,"5053",5.1,5538,931,335,6804,287,115,,119,63,24,,,13,41.865
"5053",2020,"5053",4.2,5518,966,332,6816,319,134,,127,71,10,,,5,40.99
"5053",2021,"5053",5,5436,987,341,6764,336,153,,130,69,6,,,,44.915
"5053",2022,"5053",4.9,5426,1014,354,6794,347,164,,119,67,,,,,49.155
"5053",2023,"5053",5.6,5454,1040,347,6841,335,152,,115,69,6,,,,51.15
"5053",2024,"5053",7,5503,1061,374,6938,355,160,,120,66,13,,,9,45
"5053",2025,"5053",7.2,5564,1063,404,7031,356,168,,123,66,11,,5,,48
"5054",2007,"1624+1718",,8293,931,626,9850,506,152,101,253,,,,,,
"5054",2008,"1624+1718",1.97226890756303,8284,929,637,9850,595,245,99,251,14,,,,,
"5054",2009,"1624+1718",2.14206219312602,8335,953,618,9906,611,256,101,254,33,126,0,,98,
"5054",2010,"1624+1718",2.94377431906615,8398,949,623,9970,514,162,105,247,35,119,0,,101,
"5054",2011,"1624+1718",3.05433070866142,8467,992,606,10065,508,177,106,225,34,125,0,,107,
"5054",2012,"1624+1718",3.20482374768089,8429,1053,588,10070,539,195,120,224,20,116,0,8,104,
"5054",2013,"1624+1718",4.16710037174721,8488,1115,580,10183,538,202,122,214,20,124,0,,109,
"5054",2014,"1624+1718",4.8453488372093,8455,1174,572,10201,516,202,111,203,18,118,0,,95,
"5054",2015,"1624+1718",4.86475,8378,1248,556,10182,540,205,116,219,33,117,0,,90,67.88
"5054",2016,"1624+1718",5.14204545454545,8316,1302,557,10175,572,234,117,221,37,119,0,,84,66.305
"5054",2017,"1624+1718",5.62557319223986,8200,1353,555,10108,567,224,,214,36,38,,11,81,68.8
"5054",2018,"5054",3.6,8147,1389,554,10090,453,150,,191,42,109,,18,87,68.97
"5054",2019,"5054",4.4,8011,1434,543,9988,476,161,,187,,108,,,87,67.89
"5054",2020,"5054",4.9,8052,1464,568,10084,485,167,,201,22,81,,,62,69.84
"5054",2021,"5054",5.2,7870,1494,584,9948,468,141,,208,23,68,,,52,66.935
"5054",2022,"5054",3.8,7758,1528,613,9899,472,153,,213,50,77,,15,62,66.02
"5054",2023,"5054",8.2,7789,1567,621,9977,445,142,,196,56,65,,17,45,67.195
"5054",2024,"5054",5.8,7797,1585,641,10023,460,142,,216,57,57,,,46,69
"5054",2025,"5054",5.5,7778,1599,665,10042,448,142,,222,63,67,,,54,67
"5055",2020,"5055",6.4,4690,919,354,5963,442,169,,178,41,37,,12,25,34.85
"5055",2021,"5055",6.2,4635,931,375,5941,434,165,,166,60,46,,10,36,35.765
"5055",2022,"5055",7,4535,956,393,5884,449,180,,166,51,36,,,27,35.19
"5055",2023,"5055",6.4,4512,965,403,5880,522,222,,177,52,44,,15,14,37.95
"5055",2024,"5055",4.3,4687,982,424,6093,319,78,,162,60,32,,12,20,34
"5055",2025,"5055",5.3,4719,979,436,6134,281,77,,138,65,39,,17,22,41
"5056",2020,"5056",5.5,4109,686,255,5050,210,67,,93,74,29,,,25,38.92
"5056",2021,"5056",4.8,4186,695,259,5140,217,68,,87,69,29,,,24,36.91
"5056",2022,"5056",4.3,4199,699,258,5156,218,73,,77,65,29,,9,14,32.14
"5056",2023,"5056",5.3,4318,698,265,5281,246,81,,90,70,28,,15,10,31.115
"5056",2024,"5056",5,4354,702,267,5323,212,70,,86,69,30,,14,,30
"5056",2025,"5056",4,4427,697,290,5414,244,96,,98,32,28,,,13,34
"5057",2007,"1621+1627",,8153,1000,499,9652,437,189,85,163,,,,,,
"5057",2008,"1621+1627",2.7916,8126,1004,499,9629,500,231,92,177,12,,,,,
"5057",2009,"1621+1627",2.60191972076789,8061,1015,497,9573,573,277,115,181,22,81,0,10,59,
"5057",2010,"1621+1627",3.51125703564728,8110,1048,511,9669,533,250,99,184,22,67,0,,48,
"5057",2011,"1621+1627",3.57942238267148,8118,1097,488,9703,554,266,103,185,28,62,0,5,37,
"5057",2012,"1621+1627",3.29399293286219,8071,1146,486,9703,566,283,111,172,40,57,0,,35,
"5057",2013,"1621+1627",3.12869718309859,8132,1189,499,9820,568,286,106,176,48,43,0,,31,
"5057",2014,"1621+1627",3.12207293666027,8144,1217,514,9875,521,246,102,173,46,33,0,5,28,
"5057",2015,"1621+1627",3.63224236641221,8152,1239,507,9898,524,238,105,181,47,31,0,,13,64.93
"5057",2016,"1621+1627",5.03132612966601,8240,1242,506,9988,509,231,102,176,79,22,0,,18,69.54
"5057",2017,"1621+1627",4.89358974358974,8338,1251,524,10113,546,269,,173,76,28,,,11,66.355
"5057",2018,"5015+5017",3.36447058823529,8404,1282,529,10215,425,225,,122,76,23,,,12,65.01
"5057",2019,"5015+5017",3.3589552238806,8373,1323,542,10238,536,265,,162,54,37,,,23,69.11
"5057",2020,"5057",4.3,8419,1342,562,10323,574,305,,177,54,46,,16,30,64.93
"5057",2021,"5057",3.9,8334,1387,585,10306,642,323,,194,55,44,,11,33,62.78
"5057",2022,"5057",4.1,8355,1389,627,10371,622,308,,207,61,40,,11,23,81.115
"5057",2023,"5057",6.3,8410,1417,645,10472,436,154,,189,75,47,,7,40,72.895
"5057",2024,"5057",4,8423,1425,674,10522,388,140,,166,35,66,,,54,75
"5057",2025,"5057",3.1,8503,1436,688,10627,358,126,,158,32,60,,,47,78
"5058",2007,"1630+1632",,3467,529,292,4288,215,60,45,110,,,,,,
"5058",2008,"1630+1632",5.7490099009901,3431,508,300,4239,202,62,44,96,32,,,,,
"5058",2009,"1630+1632",5.9508064516129,3440,507,300,4247,248,89,52,107,9,51,0,8,24,
"5058",2010,"1630+1632",8.08560311284047,3394,525,300,4219,257,96,52,109,68,54,0,11,23,
"5058",2011,"1630+1632",9.86822429906542,3371,553,299,4223,214,64,45,105,59,57,0,9,29,
"5058",2012,"1630+1632",9.96217391304348,3380,562,302,4244,230,71,52,107,73,54,0,,37,
"5058",2013,"1630+1632",8.37272727272727,3353,576,304,4233,231,66,54,111,72,61,0,,43,
"5058",2014,"1630+1632",9.26651785714286,3341,570,317,4228,224,67,45,112,74,56,0,,39,
"5058",2015,"1630+1632",9.51558189655172,3344,567,314,4225,232,81,43,108,78,54,0,,38,38.885
"5058",2016,"1630+1632",9.08706422018348,3338,594,301,4233,218,84,51,83,49,45,0,0,36,37.075
"5058",2017,"1630+1632",9.45284552845528,3312,621,289,4222,246,100,,91,63,43,,,24,39.32
"5058",2018,"5018+5019",10.7,3328,620,282,4230,273,116,,95,62,45,,,33,43.9
"5058",2019,"5018+5019",9.87735849056604,3383,634,280,4297,265,111,,91,55,50,,,37,42.945
"5058",2020,"5058",11,3346,648,294,4288,214,50,,103,43,48,,,37,42.885
"5058",2021,"5058",10.7,3308,674,289,4271,205,56,,93,53,49,,,37,43.145
"5058",2022,"5058",11.4,3277,686,289,4252,179,47,,83,34,49,,12,24,44.8
"5058",2023,"5058",6.3,3260,703,289,4252,170,44,,83,54,43,,13,17,51.895
"5058",2024,"5058",6.4,3342,696,301,4339,172,42,,89,56,47,,,34,48
"5058",2025,"5058",4.9,3324,696,322,4342,173,41,,96,61,46,,,33,47
"5059",2020,"5059",6,14783,2436,998,18217,732,241,,330,120,152,5,17,130,93.315
"5059",2021,"5059",5.9,14759,2520,1021,18300,710,237,,320,117,137,,,113,89.455
"5059",2022,"5059",6.3,14915,2556,1031,18502,680,219,,316,118,125,,,98,85.79
"5059",2023,"5059",6.5,15048,2608,1034,18690,730,233,,326,139,113,,,89,83.91
"5059",2024,"5059",6.9,15028,2699,1066,18793,743,243,,325,142,108,,,86,84
"5059",2025,"5059",6.5,14968,2752,1078,18798,744,246,,325,119,130,,,108,88
"5060",2007,"1750+1751",,7740,880,472,9092,485,180,103,202,,,,,,
"5060",2008,"1750+1751",3.75238095238095,7699,895,455,9049,483,202,108,173,91,,,,,
"5060",2009,"1750+1751",3.98669438669439,7715,915,458,9088,481,203,99,179,120,81,0,19,45,
"5060",2010,"1750+1751",4.18249496981891,7712,924,476,9112,497,200,100,197,128,81,0,10,48,
"5060",2011,"1750+1751",4.07555555555556,7720,945,469,9134,540,222,107,211,125,89,0,,73,
"5060",2012,"1750+1751",4.49662921348315,7849,953,508,9310,534,218,105,211,125,80,0,,62,
"5060",2013,"1750+1751",5.34125230202578,7914,972,511,9397,543,232,116,195,127,80,0,,64,
"5060",2014,"1750+1751",6.23675675675676,7879,1021,485,9385,555,247,120,188,136,86,0,13,63,
"5060",2015,"1750+1751",5.36393617021277,7920,1037,487,9444,564,245,121,198,160,87,0,12,66,80.935
"5060",2016,"1750+1751",5.12339552238806,7943,1080,490,9513,536,224,127,185,137,74,0,19,46,83.585
"5060",2017,"1750+1751",5.70228571428571,7965,1110,481,9556,525,204,,191,126,69,,,48,89.26
"5060",2018,"5050+5051",5.44090056285178,8020,1114,475,9609,533,229,,190,128,76,,8,43,91.015
"5060",2019,"5050+5051",5.54410163339383,8012,1162,476,9650,551,247,,185,128,76,,,56,89.305
"5060",2020,"5060",9.3,7981,1150,492,9623,489,198,,186,103,65,6,10,49,82.39
"5060",2021,"5060",12.3,7900,1179,502,9581,537,238,,188,131,64,6,15,43,71.55
"5060",2022,"5060",11.5,8028,1199,505,9732,511,223,,181,121,68,,19,27,81.76
"5060",2023,"5060",10.9,8168,1203,519,9890,573,272,,179,124,60,,,43,80.775
"5060",2024,"5060",17.5,8232,1204,532,9968,425,126,,183,117,54,,,37,80
"5060",2025,"5060",12.3,8164,1212,545,9921,439,135,,193,115,54,,18,19,72
"5061",2007,"1567",,1630,248,183,2061,125,28,29,68,,,,,,
"5061",2008,"1567",2.1,1618,252,175,2045,121,33,23,65,21,,,,,
"5061",2009,"1567",3.8,1630,244,167,2041,122,30,25,67,,36,0,6,30,
"5061",2010,"1567",3.2,1629,242,170,2041,132,27,31,74,,41,0,,33,
"5061",2011,"1567",3.2,1643,244,174,2061,118,23,26,69,,42,0,,33,
"5061",2012,"1567",2.8,1681,241,166,2088,116,28,24,64,,39,0,9,30,
"5061",2013,"1567",3.5,1653,250,158,2061,113,31,18,64,,44,0,6,38,
"5061",2014,"1567",3.2,1632,253,161,2046,103,31,19,53,,47,0,,38,
"5061",2015,"1567",1.985,1624,259,155,2038,100,28,24,48,,30,0,9,13,22.085
"5061",2016,"1567",3.515,1619,274,143,2036,113,30,26,57,,29,0,7,15,21.91
"5061",2017,"1567",4,1598,282,146,2026,109,27,,52,,33,,,26,21.225
"5061",2018,"1567",3.1,1599,291,149,2039,113,24,,58,39,25,,5,20,22.08
"5061",2019,"5061",2.1,1580,302,146,2028,114,36,,52,,22,,6,16,27.195
"5061",2020,"5061",2.4,1552,310,141,2003,109,29,,55,,24,,5,19,23.97
"5061",2021,"5061",3,1531,314,144,1989,158,69,,58,7,23,,,18,24.79
"5061",2022,"5061",3.3,1516,320,144,1980,139,61,,48,7,18,,,8,22.835
"5061",2023,"5061",7.3,1495,319,143,1957,100,18,,55,11,16,,,7,19.79
"5061",2024,"5061",5.3,1487,319,152,1958,98,20,,56,13,16,,,8,20
"5061",2025,"5061",6.3,1470,315,152,1937,100,22,,55,14,17,,,9,20
"5501",2007,"1902",,58995,3773,1724,64492,1595,561,381,653,,,,,,
"5501",2008,"1902",5.1,59681,3852,1753,65286,1686,630,363,693,285,,,,,
"5501",2009,"1902",6.8,60718,3997,1798,66513,1721,674,353,694,272,296,16,66,214,
"5501",2010,"1902",6.8,61322,4173,1810,67305,1812,743,349,720,287,305,19,59,227,
"5501",2011,"1902",6.9,62016,4361,1862,68239,1852,781,373,698,291,324,20,59,245,
"5501",2012,"1902",6.4,62608,4613,1895,69116,1946,842,375,729,293,329,21,66,242,
"5501",2013,"1902",6.5,63574,4882,1902,70358,2082,960,400,722,297,324,20,55,249,
"5501",2014,"1902",6.4,64487,5204,1899,71590,1969,935,340,694,305,340,26,69,245,
"5501",2015,"1902",6.9,65247,5523,1911,72681,2001,971,354,676,308,329,25,69,235,295.72
"5501",2016,"1902",7.19,65696,5851,1933,73480,1963,953,379,631,305,346,21,73,252,319.005
"5501",2017,"1902",8.2,66362,6190,1989,74541,2133,1002,,686,340,378,,87,269,360.6
"5501",2018,"1902",7.6,67074,6518,2046,75638,2075,1005,,632,362,389,27,92,270,374.8
"5501",2019,"1902",8.1,67757,6780,2112,76649,2079,1022,,636,348,393,31,101,261,384.135
"5501",2020,"5401",6.8,67713,7044,2217,76974,2086,1018,,644,333,371,28,89,254,323.285
"5501",2021,"5401",6.6,67513,7277,2305,77095,2270,1127,,677,340,376,25,92,259,351.95
"5501",2022,"5401",6.3,67626,7498,2420,77544,2282,1127,,694,330,375,,98,261,366.955
"5501",2023,"5401",5.7,67749,7693,2550,77992,2471,1208,,738,369,394,15,111,268,406.75
"5501",2024,"5501",5.6,68141,7896,2708,78745,2527,1214,,774,385,388,16,121,251,416
"5501",2025,"5501",5.4,68451,8077,2893,79421,2605,1229,,835,396,367,18,118,231,415
"5503",2007,"1901+1915",,20724,1977,1083,23784,850,283,191,376,,,,,,
"5503",2008,"1901+1915",6.8125,20534,2011,1072,23617,912,339,182,391,39,,,,,
"5503",2009,"1901+1915",7.22190476190476,20496,2076,1057,23629,1050,434,177,439,74,194,6,36,144,
"5503",2010,"1901+1915",7.06999140154772,20538,2121,1080,23739,1163,504,188,471,159,181,5,34,138,
"5503",2011,"1901+1915",7.66339754816112,20636,2171,1092,23899,1142,470,200,472,107,167,6,29,125,
"5503",2012,"1901+1915",6.81064981949458,20729,2267,1099,24095,1108,466,180,444,71,157,6,29,114,
"5503",2013,"1903",6.4,20822,2373,1096,24291,1124,466,198,460,90,174,6,21,147,
"5503",2014,"1903",6.4,20814,2519,1108,24441,1124,466,180,478,118,171,5,27,139,
"5503",2015,"1903",6.795,20904,2650,1122,24676,1146,479,205,462,97,174,5,30,139,203.975
"5503",2016,"1903",6.495,20785,2796,1114,24695,1177,535,211,431,120,184,8,31,145,202.905
"5503",2017,"1903",6.3,20798,2922,1125,24845,1234,579,,425,127,174,,,131,206.185
"5503",2018,"1903",5.2,20642,3033,1145,24820,1301,607,,424,127,178,6,36,136,197.22
"5503",2019,"1903",5.6,20550,3108,1169,24827,1252,611,,377,102,177,7,46,124,209.225
"5503",2020,"5402",5.6,20344,3185,1174,24703,1195,544,,397,118,171,7,42,122,216.4
"5503",2021,"5402",4.1,20270,3245,1223,24738,1528,753,,455,94,169,7,45,117,189.13
"5503",2022,"5402",5,20185,3349,1270,24804,1282,580,,432,116,171,7,52,112,173.77
"5503",2023,"5402",4.6,20120,3476,1307,24903,1330,628,,428,118,203,6,64,133,152.935
"5503",2024,"5503",4.6,20151,3547,1358,25056,1299,615,,426,148,203,6,67,130,155
"5503",2025,"5503",4.2,20116,3609,1442,25167,1213,539,,410,143,200,8,56,136,170
"5510",2007,"1911",,2616,276,156,3048,225,126,41,58,,,,,,
"5510",2008,"1911",5.1,2599,287,150,3036,243,132,43,68,28,,,,,
"5510",2009,"1911",8,2605,280,147,3032,236,120,46,70,49,29,0,9,12,
"5510",2010,"1911",7.7,2608,298,143,3049,237,122,48,67,51,30,0,,21,
"5510",2011,"1911",7.5,2598,300,152,3050,224,117,45,62,68,35,0,7,28,
"5510",2012,"1911",7.8,2563,307,155,3025,211,104,51,56,29,36,0,5,31,
"5510",2013,"1911",8.5,2596,320,166,3082,219,110,46,63,29,35,0,8,27,
"5510",2014,"1911",9.1,2595,344,168,3107,220,104,51,65,29,33,0,5,28,
"5510",2015,"1911",8.91,2537,373,166,3076,212,88,53,71,29,28,0,5,23,41.755
"5510",2016,"1911",8.805,2474,391,164,3029,206,83,60,63,30,28,0,,13,42.1
"5510",2017,"1911",7.4,2419,411,156,2986,203,83,,58,29,29,,,13,42.875
"5510",2018,"1911",8.4,2356,419,153,2928,195,81,,62,30,26,,8,18,44.005
"5510",2019,"1911",8.6,2286,414,158,2858,184,73,,54,28,26,,6,20,43.77
"5510",2020,"5411",6.3,2259,425,155,2839,239,118,,63,27,29,,,16,36.895
"5510",2021,"5411",5.7,2219,442,161,2822,255,128,,63,29,33,,,17,36.135
"5510",2022,"5411",5.4,2167,456,166,2789,248,130,,64,28,30,,10,20,37.21
"5510",2023,"5411",4.6,2237,461,168,2866,260,136,,61,27,31,,11,20,37.165
"5510",2024,"5510",4.3,2192,482,171,2845,245,129,,62,23,28,,,20,37
"5510",2025,"5510",4,2193,485,174,2852,246,133,,62,22,30,,,23,29
"5512",2007,"1852+1913",,3488,461,286,4235,235,62,52,121,,,,,,
"5512",2008,"1852+1913",1.8,3465,451,284,4200,181,51,53,77,28,,,,,
"5512",2009,"1852+1913",3.6,3433,462,279,4174,209,43,58,108,21,62,0,,47,
"5512",2010,"1852+1913",2.64660633484163,3430,490,280,4200,221,58,53,110,21,68,0,,48,
"5512",2011,"1852+1913",3.08461538461538,3414,516,291,4221,234,73,55,106,21,56,0,,47,
"5512",2012,"1852+1913",4.76597510373444,3449,524,283,4256,241,79,48,114,21,54,0,5,47,
"5512",2013,"1852+1913",5.82066115702479,3396,549,273,4218,242,75,57,110,21,55,0,5,41,
"5512",2014,"1852+1913",4.57228915662651,3356,579,272,4207,249,77,59,113,21,60,0,6,48,
"5512",2015,"1852+1913",5.44643724696356,3372,619,277,4268,247,74,62,111,19,58,0,,49,41.13
"5512",2016,"1852+1913",9.20283783783784,3401,650,273,4324,259,80,61,118,19,60,0,,51,43.75
"5512",2017,"1852+1913",9.08277153558052,3348,681,271,4300,267,86,,109,19,61,,,51,42.61
"5512",2018,"1852+1913",8.50754716981132,3283,703,267,4253,265,83,,112,19,64,,,53,43.8
"5512",2019,"1852+1913",7.06870503597122,3264,729,275,4268,278,94,,109,19,57,,7,47,44.67
"5512",2020,"5412",6,3199,739,278,4216,296,113,,109,19,53,,,39,43.195
"5512",2021,"5412",6.5,3173,758,278,4209,311,125,,119,19,56,,,42,46.91
"5512",2022,"5412",7.3,3157,760,284,4201,286,114,,106,19,60,,,45,46.87
"5512",2023,"5412",7.6,3153,756,297,4206,298,121,,110,20,64,,,49,43.14
"5512",2024,"5512",7.4,3206,746,329,4281,305,127,,109,20,63,,,51,43
"5512",2025,"5512",7.6,3111,753,345,4209,296,122,,105,21,58,,14,44,43
"5514",2007,"1917",,1180,252,142,1574,131,31,34,66,,,,,,
"5514",2008,"1917",1.8,1135,239,137,1511,136,36,37,63,,,,,,
"5514",2009,"1917",2.3,1075,230,135,1440,121,37,29,55,,32,0,,26,
"5514",2010,"1917",2.9,1049,228,131,1408,112,36,25,51,,33,0,,28,
"5514",2011,"1917",2.8,1052,227,140,1419,116,34,25,57,28,29,0,,26,
"5514",2012,"1917",3,1048,222,140,1410,119,36,29,54,34,31,0,,27,
"5514",2013,"1917",4.6,1048,234,139,1421,111,35,22,54,32,31,0,,27,
"5514",2014,"1917",3.7,1062,236,138,1436,111,35,20,56,30,28,0,5,23,
"5514",2015,"1917",2.695,1043,235,132,1410,113,33,24,56,0,27,0,,20,14.88
"5514",2016,"1917",3.19,1028,247,128,1403,118,33,24,61,0,23,0,,19,12.68
"5514",2017,"1917",3.2,1010,253,131,1394,109,27,,59,0,22,,,19,13.315
"5514",2018,"1917",3.2,994,257,129,1380,94,23,,51,,20,,,17,11.925
"5514",2019,"1917",3,986,262,127,1375,105,33,,49,,22,,,14,11.085
"5514",2020,"5413",2.5,970,265,126,1361,111,36,,53,,19,,,15,15.015
"5514",2021,"5413",4.6,924,263,133,1320,125,38,,62,,12,,6,,15.17
"5514",2022,"5413",4,894,262,133,1289,117,42,,50,18,13,,6,,11.04
"5514",2023,"5413",3.8,887,258,134,1279,134,40,,59,18,10,,5,,11
"5514",2024,"5514",4.2,911,264,136,1311,128,41,,56,12,10,,,,13
"5514",2025,"5514",3.8,901,263,137,1301,128,37,,58,12,14,,6,,17
"5516",2007,"1919",,969,165,92,1226,57,,,,,,,,,
"5516",2008,"1919",1.9,915,159,94,1168,55,,,,,,,,,
"5516",2009,"1919",1.9,896,157,98,1151,63,9,19,35,,21,0,,11,
"5516",2010,"1919",3.5,900,157,93,1150,70,18,19,33,,21,0,,12,
"5516",2011,"1919",3.9,876,153,86,1115,68,20,16,32,,21,0,,11,
"5516",2012,"1919",4.3,881,167,88,1136,67,18,17,32,,21,0,6,10,
"5516",2013,"1919",3.5,860,162,97,1119,67,18,16,33,,17,0,,9,
"5516",2014,"1919",4,871,173,91,1135,78,21,15,42,,15,0,,9,
"5516",2015,"1919",3.515,873,169,95,1137,70,19,14,37,,14,0,,8,12.17
"5516",2016,"1919",3.38,870,167,100,1137,72,24,12,36,,12,0,,6,10.835
"5516",2017,"1919",3.2,867,162,92,1121,69,24,,31,,15,,,6,11.15
"5516",2018,"1919",2.8,865,168,84,1117,73,23,,30,,13,,,6,12.12
"5516",2019,"1919",2.1,849,166,90,1105,77,29,,27,,17,,,7,12.995
"5516",2020,"5414",2.7,838,164,89,1091,70,23,,30,,14,,,6,16.945
"5516",2021,"5414",2.4,843,159,90,1092,74,24,,36,,11,,,,13.12
"5516",2022,"5414",2.1,818,160,92,1070,86,29,,37,,10,,,,12.16
"5516",2023,"5414",1.6,825,163,91,1079,80,31,,32,,17,,,7,12.915
"5516",2024,"5516",1.7,815,168,87,1070,80,31,,34,,17,,,8,14
"5516",2025,"5516",1.5,799,169,94,1062,79,37,,26,2,15,,,6,16
"5518",2007,"1920",,796,131,84,1011,50,10,17,23,,,,,,
"5518",2008,"1920",1.2,794,133,83,1010,50,10,10,30,,,,,,
"5518",2009,"1920",1.3,809,123,91,1023,54,13,8,33,,20,0,,13,
"5518",2010,"1920",1.7,794,127,91,1012,51,17,7,27,,19,0,,10,
"5518",2011,"1920",1.8,791,126,86,1003,46,14,7,25,,14,0,,7,
"5518",2012,"1920",2.4,807,129,80,1016,46,16,7,23,,11,0,,6,
"5518",2013,"1920",13.1,808,128,76,1012,47,15,7,25,,10,0,,5,
"5518",2014,"1920",10.9,806,136,72,1014,53,17,11,25,,11,0,,6,
"5518",2015,"1920",15.015,794,146,68,1008,57,20,11,26,0,17,0,,10,12.9
"5518",2016,"1920",15.115,823,154,74,1051,64,24,8,32,0,18,0,,11,13.89
"5518",2017,"1920",12.8,840,159,77,1076,58,21,,29,0,18,,,8,13.76
"5518",2018,"1920",11.4,818,165,78,1061,64,33,,23,0,17,,,8,12.885
"5518",2019,"1920",14.3,800,163,79,1042,62,28,,24,0,18,,,9,13.215
"5518",2020,"5415",10.6,794,157,83,1034,69,33,,21,0,18,,,9,13.075
"5518",2021,"5415",10.5,783,151,86,1020,66,32,,22,0,15,,,6,10.815
"5518",2022,"5415",10.2,743,147,80,970,69,34,,20,0,16,,,8,11.115
"5518",2023,"5415",7.6,755,145,83,983,64,24,,23,0,12,,,5,11.845
"5518",2024,"5518",8.8,738,167,81,986,60,22,,22,,13,,,7,10
"5518",2025,"5518",9,737,168,80,985,56,20,,19,4,14,,,8,9
"5520",2007,"1922",,3421,338,161,3920,188,78,36,74,,,,,,
"5520",2008,"1922",1.9,3478,339,177,3994,194,87,41,66,12,,,,,
"5520",2009,"1922",2.8,3445,351,185,3981,171,73,32,66,8,38,0,,28,
"5520",2010,"1922",2.9,3391,358,200,3949,174,84,31,59,8,36,0,,31,
"5520",2011,"1922",3.2,3384,358,200,3942,176,81,30,65,10,38,0,6,32,
"5520",2012,"1922",6,3298,382,195,3875,168,70,23,75,11,32,0,,27,
"5520",2013,"1922",6.8,3324,406,203,3933,169,70,22,77,11,35,0,,30,
"5520",2014,"1922",6.3,3364,427,194,3985,168,66,23,79,18,36,0,,34,
"5520",2015,"1922",7.19,3441,442,195,4078,140,53,19,68,16,34,0,0,17,29.89
"5520",2016,"1922",7.825,3377,459,183,4019,156,51,31,74,17,31,0,0,16,28.12
"5520",2017,"1922",8,3319,491,184,3994,142,47,,61,14,27,,,20,32.04
"5520",2018,"1922",11.8,3297,508,174,3979,162,59,,65,17,35,,,27,28.195
"5520",2019,"1922",11.1,3328,518,184,4030,188,73,,68,18,36,,,31,32.125
"5520",2020,"5416",7.1,3286,526,193,4005,223,110,,62,18,33,,,20,36.91
"5520",2021,"5416",7.1,3221,545,193,3959,160,45,,66,16,30,,,14,34.795
"5520",2022,"5416",6.6,3240,546,207,3993,169,50,,67,13,30,,7,23,32.245
"5520",2023,"5416",4.9,3186,547,216,3949,183,51,,77,13,31,,10,21,34.18
"5520",2024,"5520",5.1,3213,560,213,3986,195,53,,84,16,33,,,23,33
"5520",2025,"5520",5.7,3176,549,236,3961,178,52,,85,15,35,,12,13,30
"5522",2007,"1923",,1921,205,106,2232,83,32,23,28,,,,,,
"5522",2008,"1923",9.2,1869,207,93,2169,91,36,19,36,,,,,,
"5522",2009,"1923",5.6,1895,213,95,2203,90,36,21,33,,26,0,5,21,
"5522",2010,"1923",6.6,1889,228,94,2211,89,38,18,33,,23,0,,17,
"5522",2011,"1923",7.3,1852,237,90,2179,90,38,18,34,,27,0,,20,
"5522",2012,"1923",6.9,1863,257,94,2214,90,39,20,31,,22,0,6,16,
"5522",2013,"1923",8.4,1850,284,86,2220,101,41,27,33,,18,0,,10,
"5522",2014,"1923",8,1850,281,92,2223,99,42,25,32,,18,0,,9,
"5522",2015,"1923",8.7,1821,307,91,2219,100,47,20,33,6,19,0,,11,15.055
"5522",2016,"1923",9.08,1815,321,94,2230,91,40,20,31,0,17,0,8,,14.88
"5522",2017,"1923",8,1795,331,94,2220,92,38,,30,0,16,,,8,13.94
"5522",2018,"1923",4.6,1793,338,95,2226,109,55,,34,0,15,,,9,15.9
"5522",2019,"1923",8.2,1746,334,103,2183,91,37,,34,,18,,,8,15.165
"5522",2020,"5417",3.9,1689,345,112,2146,125,66,,33,,21,,,16,15.045
"5522",2021,"5417",3.7,1625,351,113,2089,123,61,,36,,21,,,16,13.875
"5522",2022,"5417",4.1,1606,359,122,2087,111,59,,29,,18,,,9,15.95
"5522",2023,"5417",4.8,1568,350,130,2048,113,56,,31,0,19,,5,9,20.015
"5522",2024,"5522",5.7,1583,349,137,2069,104,53,,33,,21,,10,6,20
"5522",2025,"5522",6,1626,350,140,2116,105,49,,39,5,19,,8,5,20
"5524",2007,"1924",,5675,597,318,6590,214,79,42,93,,,,,,
"5524",2008,"1924",2.1,5668,615,320,6603,271,100,53,118,15,,,,,
"5524",2009,"1924",2.1,5551,611,328,6490,317,147,56,114,15,71,0,,52,
"5524",2010,"1924",1.7,5564,629,317,6510,313,134,65,114,32,68,0,18,34,
"5524",2011,"1924",1.5,5589,654,320,6563,321,140,69,112,20,69,0,,50,
"5524",2012,"1924",1.4,5613,674,312,6599,325,137,71,117,34,69,0,19,50,
"5524",2013,"1924",1.4,5630,674,326,6630,330,140,64,126,35,68,0,,54,
"5524",2014,"1924",1.5,5596,701,337,6634,333,143,55,135,33,60,0,,47,
"5524",2015,"1924",1.48,5645,710,338,6693,357,154,64,139,29,59,0,,45,46.915
"5524",2016,"1924",1.795,5665,738,338,6741,347,147,68,132,30,57,0,,43,40.54
"5524",2017,"1924",1.5,5670,777,334,6781,314,123,,136,30,57,,,46,46.8
"5524",2018,"1924",2,5653,795,350,6798,349,147,,140,30,65,,,56,39.765
"5524",2019,"1924",2.3,5626,805,374,6805,397,194,,129,32,60,,,48,43.2
"5524",2020,"5418",1.6,5450,818,372,6640,384,187,,130,30,54,,14,27,36.935
"5524",2021,"5418",1.4,5403,826,380,6609,398,200,,128,34,57,,16,41,42.06
"5524",2022,"5418",1.6,5366,856,377,6599,350,182,,107,33,54,,14,40,45.12
"5524",2023,"5418",1.6,5536,872,374,6782,357,185,,119,33,55,,13,30,43.895
"5524",2024,"5524",1.8,5427,894,393,6714,334,158,,117,44,54,,18,36,47
"5524",2025,"5524",1.9,5499,891,404,6794,291,117,,121,46,53,,13,40,47
"5526",2007,"1925",,2867,294,154,3315,140,54,28,58,,,,,,
"5526",2008,"1925",3.9,2858,300,154,3312,139,53,26,60,,,,,,
"5526",2009,"1925",3.9,2893,316,151,3360,140,60,25,55,13,21,0,,18,
"5526",2010,"1925",4,2891,325,150,3366,141,57,25,59,13,22,0,,17,
"5526",2011,"1925",4.4,2890,329,152,3371,106,52,16,38,11,24,0,6,13,
"5526",2012,"1925",3.5,2888,348,145,3381,121,52,22,47,10,21,0,,15,
"5526",2013,"1925",4.8,2904,362,141,3407,118,43,23,52,12,25,0,,18,
"5526",2014,"1925",5.1,2916,390,144,3450,117,47,23,47,10,22,0,,15,
"5526",2015,"1925",3.58,2903,405,143,3451,120,54,25,41,9,22,0,7,10,25.23
"5526",2016,"1925",4.005,2887,419,146,3452,97,33,24,40,9,18,0,6,6,21.765
"5526",2017,"1925",4.3,2924,427,145,3496,100,40,,40,8,16,,,7,21.49
"5526",2018,"1925",4.2,2911,431,152,3494,108,49,,44,10,17,,7,8,23.505
"5526",2019,"1925",4,2889,432,168,3489,120,54,,49,11,21,,10,5,25.75
"5526",2020,"5419",3.3,2838,455,171,3464,127,51,,57,11,16,,,7,25.48
"5526",2021,"5419",3.1,2831,450,184,3465,131,57,,52,8,18,,,13,24.81
"5526",2022,"5419",3.1,2761,463,190,3414,131,64,,49,11,18,,,10,24.195
"5526",2023,"5419",6.4,2765,471,192,3428,133,62,,43,11,20,,5,15,21.7
"5526",2024,"5526",2.9,2804,485,196,3485,129,68,,34,,16,,,,22
"5526",2025,"5526",2.5,2839,496,198,3533,116,57,,34,11,19,,6,11,21
"5528",2007,"1926",,1011,149,105,1265,72,24,18,30,,,,,,
"5528",2008,"1926",4.7,983,149,100,1232,66,26,14,26,8,,,,,
"5528",2009,"1926",8,967,148,101,1216,57,19,15,23,9,23,0,,20,
"5528",2010,"1926",7.2,979,148,106,1233,68,30,15,23,9,22,0,,18,
"5528",2011,"1926",6.6,952,155,98,1205,77,31,18,28,9,22,0,,19,
"5528",2012,"1926",7.2,932,165,91,1188,88,34,24,30,10,20,0,,11,
"5528",2013,"1926",5.8,934,168,88,1190,91,39,23,29,8,22,0,6,16,
"5528",2014,"1926",11.5,914,173,84,1171,78,33,18,27,10,21,0,,11,
"5528",2015,"1926",6,899,177,78,1154,79,35,20,24,10,21,0,6,15,16.88
"5528",2016,"1926",5.81,902,178,78,1158,65,30,11,24,9,21,0,5,11,18.065
"5528",2017,"1926",5.5,884,173,81,1138,65,27,,26,9,19,,,12,16.91
"5528",2018,"1926",4.3,896,193,76,1165,67,27,,24,8,17,,,12,14.045
"5528",2019,"1926",4.6,848,207,74,1129,78,31,,27,8,15,,,8,14.93
"5528",2020,"5420",4.2,809,202,72,1083,81,33,,22,,9,,,5,13.88
"5528",2021,"5420",2.3,790,207,66,1063,71,29,,17,8,9,,,,11.995
"5528",2022,"5420",3.7,784,217,67,1068,76,30,,21,8,11,,5,6,10.075
"5528",2023,"5420",4.2,771,215,70,1056,83,30,,24,7,9,,,5,13.13
"5528",2024,"5528",4.2,781,212,80,1073,68,20,,23,11,10,,5,,13
"5528",2025,"5528",3.9,766,218,85,1069,64,21,,22,9,13,,,5,11
"5530",2007,"1927+1928+1929+1931",,12334,1428,775,14537,676,211,165,300,,,,,,
"5530",2008,"1927+1928+1929+1931",2.5741456166419,12372,1462,779,14613,673,208,163,302,91,,,,,
"5530",2009,"1927+1928+1929+1931",6.48135860979463,12348,1463,791,14602,633,206,136,274,87,140,0,6,104,
"5530",2010,"1927+1928+1929+1931",6.06898550724638,12347,1498,775,14620,690,244,157,289,113,149,0,6,110,
"5530",2011,"1927+1928+1929+1931",5.83302752293578,12355,1517,778,14650,654,262,134,258,58,180,6,25,121,
"5530",2012,"1927+1928+1929+1931",5.14900568181818,12329,1544,775,14648,704,259,146,245,68,174,7,33,123,
"5530",2013,"1927+1928+1929+1931",6.24050822122571,12373,1617,783,14773,669,276,147,246,77,181,0,38,122,
"5530",2014,"1927+1928+1929+1931",5.70804093567252,12432,1669,762,14863,684,299,139,246,65,166,0,28,114,
"5530",2015,"1927+1928+1929+1931",5.91384615384615,12369,1749,750,14868,676,289,137,250,69,174,0,34,127,135.61
"5530",2016,"1927+1928+1929+1931",6.32290540540541,12461,1778,750,14989,666,294,130,242,71,175,0,38,125,131.605
"5530",2017,"1927+1928+1929+1931",5.72917933130699,12504,1828,740,15072,658,271,,238,77,172,,31,122,139.045
"5530",2018,"1927+1928+1929+1931",5.50990712074303,12397,1875,753,15025,646,262,,236,37,171,,23,128,130.385
"5530",2019,"1927+1928+1929+1931",6.65778443113772,12316,1936,759,15011,668,283,,243,89,168,,18,124,142.615
"5530",2020,"5421",6.8,12086,1998,767,14851,650,274,,233,124,170,10,32,128,140.935
"5530",2021,"5421",6.2,11875,2046,804,14725,688,308,,229,97,165,9,37,119,142.445
"5530",2022,"5421",6.3,11859,2062,817,14738,723,322,,247,111,165,8,36,121,146.805
"5530",2023,"5421",4.8,11891,2110,850,14851,731,317,,255,101,162,9,42,111,133.95
"5530",2024,"5530",3.6,11865,2155,874,14894,681,224,,300,110,161,10,44,107,133
"5530",2025,"5530",3.3,11886,2169,893,14948,736,263,,299,116,160,9,43,108,133
"5532",2007,"1933",,4589,688,292,5569,384,141,103,140,,,,,,
"5532",2008,"1933",3.2,4543,694,292,5529,392,135,108,149,45,,,,,
"5532",2009,"1933",4,4504,698,295,5497,401,143,97,161,66,60,0,20,27,
"5532",2010,"1933",3.7,4490,726,299,5515,329,141,80,108,51,57,0,16,29,
"5532",2011,"1933",3.1,4469,745,303,5517,331,139,75,117,48,64,0,,52,
"5532",2012,"1933",5,4435,746,321,5502,304,144,66,94,49,68,0,,53,
"5532",2013,"1933",4.2,4477,753,332,5562,334,143,81,110,51,67,0,10,57,
"5532",2014,"1933",5.8,4483,792,318,5593,335,138,70,127,40,74,0,,57,
"5532",2015,"1933",6.92,4566,817,337,5720,331,142,70,119,63,73,0,,55,46.81
"5532",2016,"1933",6.005,4519,838,344,5701,314,127,70,117,42,74,0,,58,47.08
"5532",2017,"1933",6,4482,850,353,5685,322,131,,121,44,68,,,49,45.565
"5532",2018,"1933",5.9,4447,844,362,5653,302,117,,118,47,74,,,55,42.83
"5532",2019,"1933",5,4412,851,362,5625,292,111,,118,47,65,,,45,39.86
"5532",2020,"5422",5.3,4356,840,363,5559,305,114,,118,47,63,,,44,43.37
"5532",2021,"5422",4.9,4344,844,371,5559,347,141,,118,50,63,,18,28,46.075
"5532",2022,"5422",5.1,4342,865,369,5576,340,138,,119,50,65,,,48,45.065
"5532",2023,"5422",5,4278,850,389,5517,318,126,,114,49,53,,,41,44.93
"5532",2024,"5532",4.7,4298,877,396,5571,330,131,,121,49,56,,,42,45
"5532",2025,"5532",3.9,4329,859,407,5595,358,135,,138,65,45,,,33,50
"5534",2007,"1936",,1940,278,126,2344,137,43,33,61,,,,,,
"5534",2008,"1936",2.3,1983,291,130,2404,147,52,34,61,19,,,,,
"5534",2009,"1936",3.9,1956,295,132,2383,145,57,30,58,19,24,0,,18,
"5534",2010,"1936",4.9,1939,306,126,2371,151,59,26,66,19,30,0,,23,
"5534",2011,"1936",4.2,1914,307,136,2357,151,55,30,66,30,26,0,7,13,
"5534",2012,"1936",4,1893,322,140,2355,172,63,40,69,31,28,0,7,14,
"5534",2013,"1936",4.3,1844,335,138,2317,159,55,43,61,27,27,0,7,13,
"5534",2014,"1936",4.5,1847,345,142,2334,167,60,42,65,31,26,0,8,13,
"5534",2015,"1936",4.2,1797,352,140,2289,167,61,37,69,31,31,0,10,12,22.505
"5534",2016,"1936",3.895,1766,374,142,2282,160,58,32,70,31,38,0,,26,23.75
"5534",2017,"1936",3.5,1749,372,152,2273,157,62,,64,30,31,,7,24,27.14
"5534",2018,"1936",4.6,1723,385,155,2263,143,53,,59,29,33,,9,16,26.025
"5534",2019,"1936",4.6,1700,395,157,2252,143,53,,59,34,33,,9,16,26.76
"5534",2020,"5423",4.1,1639,400,161,2200,131,46,,61,33,29,,9,14,26.89
"5534",2021,"5423",3.9,1610,405,157,2172,134,47,,55,30,31,,8,16,26.18
"5534",2022,"5423",3.7,1613,408,158,2179,141,50,,58,28,28,,7,13,28.75
"5534",2023,"5423",2.9,1597,407,167,2171,171,55,,68,25,32,,10,16,29.835
"5534",2024,"5534",3,1639,423,175,2237,169,56,,73,25,36,,14,13,33
"5534",2025,"5534",3.2,1621,415,187,2223,191,68,,75,13,38,,13,15,29
"5536",2007,"1938",,2657,356,186,3199,204,69,49,86,,,,,,
"5536",2008,"1938",3.8,2662,361,185,3208,206,74,43,89,51,,,,,
"5536",2009,"1938",6.3,2615,369,182,3166,200,75,40,85,51,31,0,,24,
"5536",2010,"1938",6.4,2598,370,184,3152,194,71,40,83,47,29,0,,23,
"5536",2011,"1938",5.9,2525,373,188,3086,192,75,35,82,45,28,0,,23,
"5536",2012,"1938",5.4,2450,388,190,3028,205,82,38,85,45,27,0,,24,
"5536",2013,"1938",6.4,2412,407,194,3013,211,89,39,83,45,28,0,,24,
"5536",2014,"1938",6,2374,422,196,2992,202,92,34,76,48,26,0,,14,
"5536",2015,"1938",4.41,2292,434,196,2922,184,89,25,70,42,27,0,5,22,25.47
"5536",2016,"1938",4.52,2206,453,202,2861,191,87,24,80,43,28,0,,23,32.825
"5536",2017,"1938",4.7,2210,462,204,2876,191,78,,81,44,27,,,19,31.905
"5536",2018,"1938",4.3,2182,496,199,2877,185,80,,72,46,30,,6,24,27.92
"5536",2019,"1938",4.4,2142,502,203,2847,193,80,,79,43,28,,,13,28.87
"5536",2020,"5424",4.1,2089,498,207,2794,178,78,,71,43,30,,,16,28.76
"5536",2021,"5424",4.4,2051,509,213,2773,173,74,,68,43,26,,,12,28.97
"5536",2022,"5424",4.5,1996,514,219,2729,167,68,,69,44,27,,,21,26.93
"5536",2023,"5424",3.3,1968,524,222,2714,181,70,,79,46,24,,,16,35.08
"5536",2024,"5536",3.5,2004,516,223,2743,190,72,,75,48,28,,11,13,33
"5536",2025,"5536",3,1985,511,238,2734,211,72,,91,48,29,,9,14,33
"5538",2007,"1939",,1673,178,60,1911,68,28,24,16,,,,,,
"5538",2008,"1939",4,1649,180,64,1893,66,26,24,16,5,,,,,
"5538",2009,"1939",2.9,1617,182,70,1869,72,34,21,17,7,17,0,7,8,
"5538",2010,"1939",3.2,1639,180,69,1888,91,44,24,23,,19,0,7,6,
"5538",2011,"1939",2.9,1642,180,72,1894,80,35,22,23,,15,0,7,6,
"5538",2012,"1939",5.5,1653,187,69,1909,99,47,27,25,5,13,0,,6,
"5538",2013,"1939",6.9,1662,207,73,1942,95,44,24,27,7,12,0,,8,
"5538",2014,"1939",7.2,1653,214,74,1941,82,44,20,18,7,12,0,,7,
"5538",2015,"1939",8.52,1591,236,71,1898,94,53,18,23,5,13,0,,6,15.12
"5538",2016,"1939",5.48,1538,252,75,1865,103,54,23,26,6,14,0,,11,14.24
"5538",2017,"1939",5.7,1538,276,76,1890,118,60,,29,8,15,,,6,18.005
"5538",2018,"1939",5.9,1476,298,82,1856,126,66,,33,9,14,,,9,20.815
"5538",2019,"1939",6.3,1452,303,86,1841,124,61,,32,5,13,,,6,22.985
"5538",2020,"5425",4.9,1417,324,88,1829,123,67,,32,6,12,,,5,20.68
"5538",2021,"5425",7.9,1392,345,94,1831,134,73,,34,9,12,,,6,20.185
"5538",2022,"5425",6.8,1382,362,92,1836,140,77,,36,,13,,,5,18.205
"5538",2023,"5425",6.5,1372,366,98,1836,113,60,,29,6,10,,,5,23.02
"5538",2024,"5538",8.9,1345,381,99,1825,124,60,,31,6,12,,,5,25
"5538",2025,"5538",8.1,1350,374,105,1829,139,62,,43,6,15,,,7,25
"5540",2007,"1940",,1828,272,120,2220,95,42,21,32,,,,,,
"5540",2008,"1940",1.1,1848,279,121,2248,96,41,22,33,5,,,,,
"5540",2009,"1940",1.6,1825,283,128,2236,111,45,30,36,,19,0,,15,
"5540",2010,"1940",1.6,1798,298,111,2207,132,53,33,46,,20,0,,11,
"5540",2011,"1940",2.5,1768,300,117,2185,132,54,29,49,,21,0,,11,
"5540",2012,"1940",3,1792,296,122,2210,141,61,34,46,6,21,0,,12,
"5540",2013,"1940",4.7,1770,315,123,2208,141,63,37,41,5,25,0,,18,
"5540",2014,"1940",3.1,1761,331,129,2221,166,76,40,50,,24,0,7,11,
"5540",2015,"1940",2.895,1714,340,128,2182,164,80,33,51,7,26,0,,18,24.485
"5540",2016,"1940",2.52,1675,335,140,2150,168,85,36,47,9,23,0,6,11,22.13
"5540",2017,"1940",2.7,1650,344,138,2132,165,82,,48,9,18,,,12,22.115
"5540",2018,"1940",2.7,1631,351,150,2132,165,85,,46,8,15,,,7,22.905
"5540",2019,"1940",2.4,1591,359,147,2097,157,79,,43,6,21,,5,11,21.98
"5540",2020,"5426",2.6,1554,360,157,2071,174,90,,51,,20,,,11,22.925
"5540",2021,"5426",2.8,1543,366,163,2072,175,83,,54,,16,,,7,23.94
"5540",2022,"5426",3.5,1478,366,168,2012,202,90,,63,,16,,,8,20.985
"5540",2023,"5426",3.6,1459,369,172,2000,193,85,,69,7,20,,,15,18.875
"5540",2024,"5540",3.9,1432,370,172,1974,182,76,,70,9,25,,6,17,17
"5540",2025,"5540",3.9,1414,372,169,1955,148,54,,61,9,23,,5,16,18
"5542",2007,"1941",,2574,263,129,2966,140,58,33,49,,,,,,
"5542",2008,"1941",15.1,2538,263,133,2934,147,61,32,54,19,,,,,
"5542",2009,"1941",22,2491,277,129,2897,157,63,35,59,19,30,0,,23,
"5542",2010,"1941",19.4,2460,300,121,2881,161,66,41,54,19,31,,,24,
"5542",2011,"1941",15.9,2447,310,128,2885,157,60,45,52,19,30,,6,20,
"5542",2012,"1941",6.6,2415,338,127,2880,177,71,45,61,20,30,,6,20,
"5542",2013,"1941",7.9,2418,360,127,2905,186,71,52,63,16,26,0,,19,
"5542",2014,"1941",8.4,2372,380,129,2881,191,65,64,62,16,28,0,9,19,
"5542",2015,"1941",8.595,2359,399,137,2895,195,59,67,69,16,25,0,8,17,28.13
"5542",2016,"1941",9.89,2373,409,138,2920,200,67,63,70,17,26,0,10,16,28.95
"5542",2017,"1941",8.1,2347,425,140,2912,203,73,,62,17,23,,,12,27.145
"5542",2018,"1941",7.9,2359,424,142,2925,200,76,,64,16,26,,9,17,24.83
"5542",2019,"1941",7.9,2362,412,143,2917,213,88,,66,28,26,,7,19,24.79
"5542",2020,"5427",8,2363,422,142,2927,194,83,,58,38,24,,6,18,25.775
"5542",2021,"5427",7.7,2332,418,143,2893,191,84,,49,37,24,,5,19,22.175
"5542",2022,"5427",9.3,2244,412,148,2804,176,80,,42,37,26,,6,20,18.005
"5542",2023,"5427",8.1,2238,401,151,2790,207,95,,59,37,26,,8,18,18.96
"5542",2024,"5542",7.9,2223,406,165,2794,210,97,,69,37,24,,,14,18
"5542",2025,"5542",9.6,2211,393,180,2784,192,83,,67,40,25,,,17,19
"5544",2007,"1942",,4016,458,225,4699,194,77,34,83,,,,,,
"5544",2008,"1942",7.4,3983,449,233,4665,208,85,34,89,,,,,,
"5544",2009,"1942",7.5,3993,457,244,4694,217,85,40,92,,57,0,,41,
"5544",2010,"1942",6.7,4039,474,244,4757,221,89,39,93,9,57,0,,44,
"5544",2011,"1942",6.6,4084,473,248,4805,231,85,46,100,14,55,0,,43,
"5544",2012,"1942",6.5,4059,482,266,4807,244,94,49,101,14,58,0,,42,
"5544",2013,"1942",4.5,4090,488,272,4850,219,82,52,85,13,57,0,,40,
"5544",2014,"1942",5,4058,547,249,4854,210,80,53,77,13,59,0,,42,
"5544",2015,"1942",5.505,4061,581,240,4882,203,78,49,76,13,60,0,,44,49.49
"5544",2016,"1942",4.775,4060,593,242,4895,206,75,56,75,12,59,0,,46,43.695
"5544",2017,"1942",5.2,4064,618,237,4919,218,78,,77,15,52,,,37,42.16
"5544",2018,"1942",7.6,4066,645,233,4944,196,80,,73,19,51,,14,34,42.89
"5544",2019,"1942",16.7,4003,670,236,4909,185,72,,65,16,51,,,37,45.87
"5544",2020,"5428",12.9,3945,678,238,4861,193,77,,62,13,54,,,36,45.13
"5544",2021,"5428",10.6,3869,696,247,4812,199,85,,66,17,46,,16,17,37.875
"5544",2022,"5428",9.2,3799,703,244,4746,229,105,,74,17,45,,16,16,39.1
"5544",2023,"5428",9.4,3799,714,259,4772,236,101,,78,16,47,,15,32,40.855
"5544",2024,"5544",8.5,3801,731,262,4794,274,113,,91,13,47,,,36,42
"5544",2025,"5544",9.4,3804,725,281,4810,282,116,,90,13,48,,,38,42
"5546",2007,"1943",,1076,190,85,1351,78,22,21,35,,,,,,
"5546",2008,"1943",5.3,1073,194,81,1348,79,24,26,29,,,,,,
"5546",2009,"1943",5,1064,192,74,1330,100,40,29,31,,26,0,6,20,
"5546",2010,"1943",5.2,1049,190,77,1316,100,38,35,27,,23,0,8,9,
"5546",2011,"1943",6.2,1024,204,66,1294,102,39,28,35,,15,0,5,5,
"5546",2012,"1943",7.6,1011,204,69,1284,92,36,26,30,,14,0,,6,
"5546",2013,"1943",8,977,196,72,1245,90,33,26,31,,15,0,,7,
"5546",2014,"1943",7.5,964,199,71,1234,90,33,24,33,5,18,0,5,13,
"5546",2015,"1943",6.48,948,205,73,1226,83,29,20,34,7,20,0,6,14,12.23
"5546",2016,"1943",7.505,945,206,80,1231,84,30,24,30,6,19,0,,14,14.78
"5546",2017,"1943",6.2,946,205,82,1233,88,35,,34,6,18,,,10,15.13
"5546",2018,"1943",7,935,198,91,1224,87,31,,34,7,15,,,9,13.055
"5546",2019,"1943",5.4,903,210,89,1202,96,30,,37,7,15,,,9,13.01
"5546",2020,"5429",5.8,887,208,96,1191,95,30,,39,7,15,,8,,12.835
"5546",2021,"5429",5.4,860,209,97,1166,117,36,,48,6,14,,9,5,12.79
"5546",2022,"5429",8.4,863,203,93,1159,107,35,,44,5,15,,7,,12.14
"5546",2023,"5429",8.5,825,197,96,1118,91,28,,41,5,16,,,7,16.07
"5546",2024,"5546",7.7,857,197,103,1157,88,19,,42,,17,,,7,13
"5546",2025,"5546",7.5,830,199,102,1131,91,21,,42,5,17,,,7,12
"5601",2007,"2012",,16448,1217,425,18090,510,226,117,167,,,,,,
"5601",2008,"2012",2.9,16590,1239,443,18272,732,446,114,172,72,,,,,
"5601",2009,"2012",3.9,16761,1269,458,18488,715,439,108,168,98,119,6,28,85,
"5601",2010,"2012",5.8,16911,1272,497,18680,602,305,127,170,103,123,6,33,84,
"5601",2011,"2012",6.3,17253,1305,513,19071,619,314,131,174,100,117,6,32,79,
"5601",2012,"2012",5.6,17410,1354,518,19282,612,314,107,191,103,121,6,38,77,
"5601",2013,"2012",5.1,17689,1412,545,19646,615,315,111,189,105,126,8,38,80,
"5601",2014,"2012",6.2,17782,1476,564,19822,664,332,129,203,111,129,,29,89,
"5601",2015,"2012",5.58,17765,1548,585,19898,685,350,128,207,124,128,9,26,93,129.705
"5601",2016,"2012",6.695,17818,1682,597,20097,841,485,145,211,122,136,9,26,101,135.295
"5601",2017,"2012",7.6,18075,1755,616,20446,867,515,,209,138,132,12,24,96,134.55
"5601",2018,"2012",5.1,18182,1813,640,20635,886,545,,202,116,125,,35,80,136.835
"5601",2019,"2012",3.4,18146,1879,640,20665,916,579,,199,108,125,,32,81,114
"5601",2020,"5403",4.8,18171,1944,674,20789,927,565,,222,232,124,8,37,79,118.88
"5601",2021,"5403",6.6,18141,2011,695,20847,991,595,,236,163,116,5,36,75,122.135
"5601",2022,"5403",5.8,18344,2086,714,21144,983,566,,242,161,116,5,40,71,126.15
"5601",2023,"5403",7.1,18434,2164,719,21317,988,547,,260,164,113,,39,43,123.175
"5601",2024,"5601",7,18713,2245,750,21708,979,528,,269,165,120,5,43,72,137
"5601",2025,"5601",8.2,18830,2253,794,21877,927,463,,269,162,118,,40,51,147
"5603",2007,"2004",,9278,825,380,10483,274,125,54,95,,,,,,
"5603",2008,"2004+2017",3.5,9294,836,378,10508,281,125,59,97,21,,,,,
"5603",2009,"2004+2017",4.63168604651163,9304,839,394,10537,344,158,67,119,33,89,0,19,59,
"5603",2010,"2004+2017",3.8,9472,900,378,10750,313,144,53,116,23,96,5,15,70,
"5603",2011,"2004+2017",3.70943396226415,9570,932,408,10910,424,237,59,128,37,90,6,19,59,
"5603",2012,"2004+2017",3.32903225806452,9572,961,411,10944,465,265,65,135,32,87,5,10,64,
"5603",2013,"2004+2017",2.56811023622047,9703,992,413,11108,508,294,78,136,58,77,5,12,53,
"5603",2014,"2004+2017",2.86468085106383,9917,1019,402,11338,470,238,94,138,30,78,0,,53,
"5603",2015,"2004+2017",2.78917159763314,9971,1093,402,11466,507,253,112,142,30,85,8,14,54,85.84
"5603",2016,"2004+2017",3.20584645669291,9935,1156,399,11490,508,263,102,143,25,92,0,27,44,92.96
"5603",2017,"2004+2017",2.94217557251908,9965,1191,398,11554,524,261,,151,24,26,8,29,57,103.655
"5603",2018,"2004+2017",3.51794871794872,9923,1237,400,11560,546,255,,161,50,94,5,32,51,108.04
"5603",2019,"2004+2017",2.70802139037433,9839,1272,413,11524,561,253,,165,76,96,6,39,45,113.115
"5603",2020,"5406",5.8,9723,1304,421,11448,632,286,,180,79,92,7,32,53,104.905
"5603",2021,"5406",6.7,9582,1309,440,11331,491,230,,132,80,80,9,23,48,97.225
"5603",2022,"5406",4.2,9523,1314,437,11274,508,248,,145,77,80,7,25,48,97.015
"5603",2023,"5406",4.9,9521,1320,469,11310,492,238,,144,76,82,5,30,47,100.795
"5603",2024,"5603",4.5,9519,1326,493,11338,506,237,,151,71,70,,26,30,104
"5603",2025,"5603",3.9,9494,1310,520,11324,513,253,,143,73,79,,29,32,113
"5605",2007,"2030",,8294,815,381,9490,384,149,97,138,,,,,,
"5605",2008,"2030",6,8326,809,383,9518,387,142,95,150,17,,,,,
"5605",2009,"2030",5.3,8374,834,415,9623,516,258,98,160,,82,0,18,47,
"5605",2010,"2030",5,8468,854,416,9738,493,249,87,157,,83,0,19,48,
"5605",2011,"2030",5.1,8560,847,419,9826,423,180,85,158,,81,0,18,50,
"5605",2012,"2030",5.8,8588,862,410,9860,480,217,89,174,23,80,0,15,51,
"5605",2013,"2030",6.2,8659,887,422,9968,486,192,108,186,30,78,0,,65,
"5605",2014,"2030",5.8,8715,956,419,10090,490,199,108,183,42,63,0,5,58,
"5605",2015,"2030",6.61,8795,1011,415,10221,506,219,117,170,50,65,0,9,56,49.22
"5605",2016,"2030",5.32,8790,1018,419,10227,545,243,122,180,55,71,0,14,57,47.04
"5605",2017,"2030",2.9,8712,1065,422,10199,552,254,,171,16,73,,14,59,42.825
"5605",2018,"2030",3.3,8643,1114,414,10171,551,258,,171,24,69,,13,56,63.015
"5605",2019,"2030",3.6,8596,1136,424,10156,555,261,,170,25,63,,13,50,55.82
"5605",2020,"5444",4,8548,1169,441,10158,520,225,,177,50,64,,,51,59.81
"5605",2021,"5444",4.1,8439,1213,451,10103,511,238,,163,50,62,,,48,59.23
"5605",2022,"5444",3.7,8233,1227,465,9925,561,260,,176,51,58,,13,45,72.055
"5605",2023,"5444",3.9,8104,1258,488,9850,496,194,,178,57,57,,18,39,64.995
"5605",2024,"5605",3.8,8253,1306,504,10063,431,144,,173,53,61,,17,30,62
"5605",2025,"5605",3.5,8142,1297,524,9963,386,110,,162,53,59,,,43,72
"5607",2007,"2003",,5422,508,194,6124,261,93,62,106,,,,,,
"5607",2008,"2003",9.1,5363,493,206,6062,282,117,58,107,54,,,,,
"5607",2009,"2003",7,5366,510,200,6076,289,132,63,94,67,20,0,,14,
"5607",2010,"2003",6.1,5383,527,191,6101,268,112,62,94,51,10,0,,5,
"5607",2011,"2003",5.3,5361,537,197,6095,286,126,65,95,46,14,0,,8,
"5607",2012,"2003",4.3,5357,557,211,6125,278,121,65,92,48,16,0,,9,
"5607",2013,"2003",2.8,5376,574,213,6163,280,126,54,100,49,14,0,,7,
"5607",2014,"2003",2.5,5401,613,209,6223,267,125,49,93,35,12,0,,7,
"5607",2015,"2003",4.72,5375,655,209,6239,317,145,77,95,43,16,0,,11,36.62
"5607",2016,"2003",4.3,5263,681,216,6160,332,159,82,91,42,12,0,,8,38.49
"5607",2017,"2003",3.2,5222,708,224,6154,376,171,,106,51,12,,,7,33.04
"5607",2018,"2003",5.4,5070,726,237,6033,380,167,,114,49,13,,,7,32.82
"5607",2019,"2003",9.2,4896,739,259,5894,460,227,,124,52,13,,,7,33.995
"5607",2020,"5405",10.7,4773,742,273,5788,509,244,,141,51,16,,,11,32.215
"5607",2021,"5405",11.6,4595,769,278,5642,542,282,,146,52,14,,,7,29.995
"5607",2022,"5405",12.5,4523,753,292,5568,463,234,,126,51,14,,,5,31.11
"5607",2023,"5405",8.5,4542,754,297,5593,428,205,,123,52,21,,7,14,28.205
"5607",2024,"5607",14.4,4723,766,318,5807,353,155,,129,59,20,,8,12,31
"5607",2025,"5607",15.4,4691,751,335,5777,309,134,,110,59,21,,6,15,31
"5610",2007,"2021",,2538,243,92,2873,96,23,34,39,,,,,,
"5610",2008,"2021",12.2,2530,240,96,2866,115,33,38,44,14,,,,,
"5610",2009,"2021",13.4,2455,234,97,2786,136,47,40,49,17,21,,,13,
"5610",2010,"2021",12.5,2452,232,105,2789,123,46,34,43,23,24,,6,14,
"5610",2011,"2021",12.3,2428,239,101,2768,118,46,29,43,23,22,,,15,
"5610",2012,"2021",9.6,2417,243,103,2763,118,53,30,35,17,20,0,,10,
"5610",2013,"2021",11.9,2378,245,98,2721,132,50,35,47,22,19,0,,9,
"5610",2014,"2021",10.6,2333,256,109,2698,151,60,36,55,23,19,0,6,7,
"5610",2015,"2021",9.005,2324,269,115,2708,160,67,34,59,22,18,0,8,6,21.455
"5610",2016,"2021",9.515,2274,279,115,2668,172,74,39,59,21,17,,6,5,20.245
"5610",2017,"2021",12.4,2297,280,119,2696,175,80,,56,20,18,,,10,20.095
"5610",2018,"2021",29.9,2287,297,117,2701,168,73,,56,21,18,,,11,19.155
"5610",2019,"2021",31.9,2254,296,123,2673,157,74,,48,21,17,,,8,18.805
"5610",2020,"5437",28.1,2187,321,120,2628,162,73,,49,22,20,,7,13,17.02
"5610",2021,"5437",26.4,2182,340,119,2641,157,70,,55,24,18,,,7,21.99
"5610",2022,"5437",18.7,2113,350,121,2584,143,58,,48,23,17,,6,6,21.13
"5610",2023,"5437",16.2,2066,362,115,2543,149,69,,47,16,16,,,7,17.875
"5610",2024,"5610",19.7,2077,370,118,2565,142,71,,44,11,17,,5,12,17
"5610",2025,"5610",23.3,2035,370,119,2524,148,74,,38,10,15,,,6,13
"5612",2007,"2011",,2690,200,75,2965,112,42,30,40,,,,,,
"5612",2008,"2011",7.6,2665,208,74,2947,108,42,28,38,11,,,,,
"5612",2009,"2011",2.8,2684,214,73,2971,60,12,18,30,16,,,,,
"5612",2010,"2011",1.7,2649,220,80,2949,124,51,33,40,11,14,0,,7,
"5612",2011,"2011",4.9,2629,223,83,2935,117,51,31,35,20,14,0,,10,
"5612",2012,"2011",4,2607,230,90,2927,142,63,33,46,17,12,0,,7,
"5612",2013,"2011",4.2,2596,240,87,2923,144,66,31,47,21,15,0,,10,
"5612",2014,"2011",4.8,2577,256,98,2931,170,84,38,48,24,13,0,0,,
"5612",2015,"2011",2.975,2554,261,99,2914,134,67,30,37,15,14,0,0,,20.105
"5612",2016,"2011",3.525,2574,291,91,2956,170,79,45,46,18,14,0,0,14,18.195
"5612",2017,"2011",3,2529,305,104,2938,166,73,,44,16,12,,,,18.15
"5612",2018,"2011",3.5,2519,319,108,2946,158,70,,44,16,13,,,,16.995
"5612",2019,"2011",3.2,2479,332,113,2924,162,82,,42,18,12,,,5,15.845
"5612",2020,"5430",3.5,2452,340,118,2910,163,71,,51,18,9,,,,17.175
"5612",2021,"5430",3.3,2453,343,124,2920,171,77,,55,15,7,,,,14.14
"5612",2022,"5430",3.2,2401,357,119,2877,209,99,,62,15,5,,,,14.775
"5612",2023,"5430",3.2,2369,362,116,2847,219,119,,52,21,11,,,5,21.075
"5612",2024,"5612",2.8,2348,386,114,2848,200,95,,59,20,8,,,,22
"5612",2025,"5612",3.1,2341,387,124,2852,168,62,,54,18,11,,,5,20
"5614",2007,"2014",,921,150,79,1150,79,16,34,29,,,,,,
"5614",2008,"2014",2.4,886,152,68,1106,62,15,22,25,,,,,,
"5614",2009,"2014",3.6,872,149,66,1087,74,23,24,27,,17,0,,12,
"5614",2010,"2014",6.8,863,154,70,1087,74,23,25,26,20,17,0,,9,
"5614",2011,"2014",3.3,842,163,73,1078,67,18,22,27,18,17,0,,12,
"5614",2012,"2014",3.2,849,163,75,1087,72,19,18,35,,13,0,,6,
"5614",2013,"2014",3.8,832,164,74,1070,69,21,19,29,,10,0,,,
"5614",2014,"2014",2.3,788,173,66,1027,73,23,17,33,,14,0,,6,
"5614",2015,"2014",2.78,746,167,76,989,64,13,19,32,,14,0,,5,8.59
"5614",2016,"2014",4.22,701,178,72,951,59,13,16,30,,14,0,,6,7.81
"5614",2017,"2014",4.5,719,175,74,968,52,11,,24,,14,,,8,9.05
"5614",2018,"2014",3.6,690,176,75,941,48,10,,24,,10,,,,7.94
"5614",2019,"2014",4.2,676,174,67,917,35,7,,16,,15,,,8,7.88
"5614",2020,"5432",3.4,650,166,72,888,63,26,,25,,17,,,10,10.14
"5614",2021,"5432",4.4,625,154,81,860,46,10,,25,5,14,,,6,6.18
"5614",2022,"5432",5.4,625,153,81,859,43,15,,18,,14,,,7,8.815
"5614",2023,"5432",6,644,144,74,862,48,12,,26,,16,,,7,12.065
"5614",2024,"5614",6.2,638,142,84,864,49,12,,26,5,13,,5,,11
"5614",2025,"5614",4.4,637,142,85,864,44,10,,23,5,15,,,6,11
"5616",2007,"2015",,840,117,48,1005,45,13,19,13,,,,,,
"5616",2008,"2015",2.9,838,116,44,998,41,8,19,14,,,,,,
"5616",2009,"2015",3.7,808,110,52,970,45,9,18,18,,9,0,0,,
"5616",2010,"2015",2.9,774,111,49,934,45,15,15,15,,12,0,,7,
"5616",2011,"2015",3.2,805,115,52,972,41,16,11,14,21,12,0,,6,
"5616",2012,"2015",2.7,833,110,52,995,43,17,10,16,17,16,0,,9,
"5616",2013,"2015",2.9,849,118,56,1023,42,13,14,15,,15,0,0,15,
"5616",2014,"2015",1.1,869,112,56,1037,47,14,18,15,,17,0,,8,
"5616",2015,"2015",1.105,858,124,59,1041,57,19,21,17,,15,0,,9,7.5
"5616",2016,"2015",1.49,863,133,58,1054,52,18,15,19,,19,0,,12,9
"5616",2017,"2015",1.5,854,130,53,1037,51,19,,17,,18,,,11,9
"5616",2018,"2015",1.4,842,128,52,1022,46,17,,17,,18,,,12,8.24
"5616",2019,"2015",2.5,858,129,58,1045,44,15,,17,,17,,,17,10.08
"5616",2020,"5433",2.4,809,135,61,1005,50,15,,21,,19,,,19,12
"5616",2021,"5433",2.4,785,140,58,983,31,9,,11,,17,,,14,10
"5616",2022,"5433",8.7,764,149,51,964,33,10,,9,,16,,,12,8.18
"5616",2023,"5433",3,786,135,49,970,29,9,,9,,14,,,7,9
"5616",2024,"5616",2.2,783,139,57,979,35,11,,13,,14,,,8,10
"5616",2025,"5616",3.2,780,144,53,977,29,8,,9,3,15,,,7,8
"5618",2007,"2018",,1087,175,57,1319,83,29,25,29,,,,,,
"5618",2008,"2018",2.8,1099,174,60,1333,80,28,21,31,,,,,,
"5618",2009,"2018",2.8,1081,169,59,1309,71,25,18,28,,14,0,,7,
"5618",2010,"2018",2.5,1031,175,61,1267,79,27,21,31,,12,0,,5,
"5618",2011,"2018",2,986,179,63,1228,78,28,20,30,,9,0,,,
"5618",2012,"2018",2.9,992,178,73,1243,96,43,24,29,14,12,0,,5,
"5618",2013,"2018",5.3,987,177,76,1240,89,38,21,30,16,11,0,,,
"5618",2014,"2018",5,981,185,75,1241,99,43,27,29,18,17,0,,10,
"5618",2015,"2018",4.095,975,189,77,1241,104,46,27,31,18,20,0,,12,18.28
"5618",2016,"2018",4.205,949,189,77,1215,107,40,35,32,13,20,0,5,12,15.24
"5618",2017,"2018",4.4,921,203,80,1204,110,37,,35,11,17,,,10,20.375
"5618",2018,"2018",3.3,940,211,80,1231,125,48,,40,11,17,,,8,18.995
"5618",2019,"2018",2.8,938,212,85,1235,137,53,,42,14,19,,5,14,20.125
"5618",2020,"5434",2.5,920,220,85,1225,126,50,,39,15,15,,,9,18.115
"5618",2021,"5434",3.1,900,214,83,1197,95,36,,33,15,16,,,10,15.875
"5618",2022,"5434",3,867,209,86,1162,97,33,,36,15,11,,,7,13.225
"5618",2023,"5434",2.9,836,193,90,1119,96,33,,36,15,10,,,6,12.765
"5618",2024,"5618",4.1,843,179,91,1113,98,35,,38,17,12,,,12,14
"5618",2025,"5618",3.8,826,175,97,1098,111,44,,37,15,7,,,,13
"5620",2007,"2019",,2789,310,175,3274,155,35,58,62,,,,,,
"5620",2008,"2019",,2748,318,153,3219,154,35,55,64,,,,,,
"5620",2009,"2019",6.5,2722,310,148,3180,165,45,59,61,,30,0,8,18,
"5620",2010,"2019",5.8,2729,319,137,3185,162,47,58,57,,32,0,9,15,
"5620",2011,"2019",4.3,2762,324,138,3224,151,44,57,50,,39,0,10,19,
"5620",2012,"2019",3.6,2760,326,142,3228,140,37,49,54,,39,0,9,22,
"5620",2013,"2019",3.6,2730,325,150,3205,130,35,34,61,,40,0,,30,
"5620",2014,"2019",5.5,2725,333,155,3213,142,41,40,61,,41,0,,33,
"5620",2015,"2019",3.225,2748,367,163,3278,144,51,30,63,0,35,0,,27,23.76
"5620",2016,"2019",3.915,2738,378,160,3276,146,52,35,59,0,36,0,,27,24.13
"5620",2017,"2019",3.3,2723,401,167,3291,128,45,,57,0,36,,,27,23.14
"5620",2018,"2019",3.1,2645,431,163,3239,132,46,,55,0,30,,10,15,22.75
"5620",2019,"2019",3.1,2630,442,146,3218,134,42,,56,0,27,,8,13,24.155
"5620",2020,"5435",2.1,2574,446,142,3162,118,37,,47,0,30,,8,14,21.91
"5620",2021,"5435",2.1,2483,454,138,3075,114,35,,42,0,31,,10,14,28.105
"5620",2022,"5435",1.9,2358,452,137,2947,129,40,,44,0,29,,9,11,24.885
"5620",2023,"5435",1.9,2335,454,143,2932,122,39,,46,0,32,,13,12,23.92
"5620",2024,"5620",2.6,2351,441,159,2951,109,37,,34,0,27,,10,11,29
"5620",2025,"5620",3.8,2356,440,160,2956,100,29,,41,4,28,,12,11,29
"5622",2007,"2020",,3620,357,164,4141,176,81,33,62,,,,,,
"5622",2008,"2020",3.5,3535,362,162,4059,216,109,40,67,42,,,,,
"5622",2009,"2020",3.3,3487,351,162,4000,261,145,50,66,,31,,5,23,
"5622",2010,"2020",2.1,3451,377,163,3991,296,163,55,78,47,39,,9,25,
"5622",2011,"2020",2.9,3440,382,158,3980,301,154,71,76,51,43,,8,28,
"5622",2012,"2020",3.6,3388,395,163,3946,302,160,69,73,52,48,,12,28,
"5622",2013,"2020",4.4,3387,427,154,3968,295,156,66,73,47,45,,15,22,
"5622",2014,"2020",4,3363,447,153,3963,194,71,45,78,53,43,,11,24,
"5622",2015,"2020",4.675,3293,464,168,3925,230,95,52,83,54,38,0,,27,28.18
"5622",2016,"2020",4.89,3312,490,176,3978,228,96,51,81,51,40,0,,27,27.835
"5622",2017,"2020",4.7,3266,528,177,3971,247,113,,83,54,35,,9,17,30.98
"5622",2018,"2020",6.4,3238,543,183,3964,226,106,,70,49,36,,11,14,34.845
"5622",2019,"2020",6.7,3201,564,179,3944,233,115,,64,52,34,,13,13,37.92
"5622",2020,"5436",5.2,3244,584,170,3998,241,118,,55,56,30,,9,14,35.05
"5622",2021,"5436",4.7,3140,613,168,3921,299,160,,58,47,29,,10,13,33.01
"5622",2022,"5436",4.7,3094,635,175,3904,254,122,,57,45,32,,,21,35.035
"5622",2023,"5436",5.8,3038,635,190,3863,261,141,,53,42,33,,12,14,32.17
"5622",2024,"5622",5.5,3039,668,182,3889,299,178,,53,51,32,,12,13,33
"5622",2025,"5622",4.4,3048,665,183,3896,297,167,,59,43,34,,12,14,39
"5624",2007,"2022",,1145,154,58,1357,138,50,51,37,,,,,,
"5624",2008,"2022",3,1089,161,54,1304,136,45,48,43,,,,,,
"5624",2009,"2022",3.8,1113,162,57,1332,132,52,45,35,,18,,8,7,
"5624",2010,"2022",3,1122,159,61,1342,130,94,21,15,,22,14,,,
"5624",2011,"2022",2.2,1117,156,63,1336,144,69,41,34,,21,0,8,8,
"5624",2012,"2022",3,1136,153,67,1356,143,68,41,34,,21,0,,10,
"5624",2013,"2022",2.8,1122,154,63,1339,124,52,43,29,,16,0,,11,
"5624",2014,"2022",2.6,1127,151,63,1341,129,53,40,36,,16,0,5,6,
"5624",2015,"2022",2.515,1110,169,64,1343,131,58,39,34,,16,0,,10,15.005
"5624",2016,"2022",3.68,1081,168,69,1318,133,52,45,36,7,16,,6,6,13.43
"5624",2017,"2022",4.1,1085,177,68,1330,137,54,,36,0,14,,,6,15.355
"5624",2018,"2022",6.3,1107,177,65,1349,127,47,,38,,14,,,8,13.07
"5624",2019,"2022",6.3,1076,171,81,1328,129,45,,34,,12,,,9,13.005
"5624",2020,"5438",8.7,1033,179,78,1290,129,45,,35,,12,,,6,12.15
"5624",2021,"5438",5.6,1014,183,74,1271,128,34,,43,0,11,,,5,11.915
"5624",2022,"5438",5.5,959,181,81,1221,122,33,,40,0,7,,,,13.965
"5624",2023,"5438",4.7,971,182,73,1226,121,36,,36,0,8,,,,13
"5624",2024,"5624",5.2,964,185,66,1215,133,41,,43,0,10,,,5,13
"5624",2025,"5624",5.5,978,189,71,1238,126,37,,40,0,11,,,5,13
"5626",2007,"2023",,880,119,47,1046,31,,,,,,,,,
"5626",2008,"2023",2,870,126,44,1040,55,14,25,16,7,,,,,
"5626",2009,"2023",3.1,854,127,44,1025,62,20,26,16,10,18,0,,12,
"5626",2010,"2023",3.1,841,125,43,1009,61,17,29,15,9,15,0,,7,
"5626",2011,"2023",3.2,824,125,42,991,80,40,28,12,,14,0,5,6,
"5626",2012,"2023",2.6,840,131,37,1008,56,9,29,18,,12,0,,,
"5626",2013,"2023",2.9,893,131,39,1063,63,16,35,12,11,10,0,,,
"5626",2014,"2023",3.1,919,144,35,1098,63,16,30,17,7,9,0,,,
"5626",2015,"2023",6.185,930,152,34,1116,49,9,25,15,10,12,0,,,15.05
"5626",2016,"2023",4.08,940,161,38,1139,46,9,23,14,9,10,0,,,15.03
"5626",2017,"2023",4.1,933,166,38,1137,51,12,,11,13,7,,,,13.125
"5626",2018,"2023",3.4,950,161,42,1153,43,9,,12,,10,,,,13.875
"5626",2019,"2023",4.2,955,165,49,1169,42,5,,16,,6,,,,13.125
"5626",2020,"5439",3.9,914,166,52,1132,50,8,,19,,6,,,,15.955
"5626",2021,"5439",2.8,883,160,54,1097,65,13,,21,,7,,,,15.005
"5626",2022,"5439",3,836,169,52,1057,63,13,,25,,8,,,,16.065
"5626",2023,"5439",2.3,832,164,58,1054,55,12,,24,,8,,,,14.02
"5626",2024,"5626",4,850,164,56,1070,52,14,,19,,9,,5,,15
"5626",2025,"5626",3.5,831,161,59,1051,52,15,,23,0,10,,6,,13
"5628",2007,"2025",,2551,314,114,2979,168,81,37,50,,,,,,
"5628",2008,"2025",2.1,2526,317,111,2954,172,83,41,48,19,,,,,
"5628",2009,"2025",2.9,2515,322,114,2951,177,87,43,47,18,41,0,12,20,
"5628",2010,"2025",2.9,2453,340,119,2912,162,78,43,41,18,44,0,15,18,
"5628",2011,"2025",2.8,2433,339,125,2897,165,79,46,40,18,32,0,13,19,
"5628",2012,"2025",2,2428,351,117,2896,183,102,35,46,20,31,0,16,,
"5628",2013,"2025",2.6,2415,361,124,2900,181,96,35,50,21,35,0,18,,
"5628",2014,"2025",22.1,2390,365,128,2883,179,77,42,60,34,13,0,,7,
"5628",2015,"2025",13.98,2407,370,132,2909,205,105,44,56,42,13,0,,6,20.24
"5628",2016,"2025",4.185,2410,375,137,2922,219,116,48,55,39,12,0,,6,18.71
"5628",2017,"2025",4,2373,404,134,2911,197,104,,52,40,10,,,,18.61
"5628",2018,"2025",4.7,2368,421,133,2922,179,86,,50,39,10,,,,24.845
"5628",2019,"2025",6.6,2328,436,136,2900,185,88,,57,37,9,,,,23.2
"5628",2020,"5441",7.3,2340,436,142,2918,161,57,,62,36,5,,,,28.045
"5628",2021,"5441",7.3,2228,448,153,2829,164,56,,59,40,10,,,5,23.835
"5628",2022,"5441",5.6,2199,464,158,2821,157,66,,51,36,16,,8,,21.235
"5628",2023,"5441",6,2181,463,160,2804,157,68,,50,31,16,,7,,19.755
"5628",2024,"5628",6.6,2199,446,162,2807,158,62,,52,31,20,,7,6,22
"5628",2025,"5628",7,2165,463,170,2798,139,52,,46,30,19,,6,9,18
"5630",2007,"2024",,894,131,61,1086,65,17,16,32,,,,,,
"5630",2008,"2024",4.8,875,140,62,1077,57,18,14,25,,,,,,
"5630",2009,"2024",4.7,865,136,60,1061,57,18,14,25,,9,0,5,,
"5630",2010,"2024",5,848,138,58,1044,63,22,17,24,,6,0,,,
"5630",2011,"2024",4.5,848,126,57,1031,69,21,17,31,,6,0,,,
"5630",2012,"2024",2.9,824,123,68,1015,59,22,13,24,,8,0,,,
"5630",2013,"2024",2.6,832,121,72,1025,61,21,18,22,,8,0,,,
"5630",2014,"2024",11.3,858,132,67,1057,63,22,13,28,,9,0,,,
"5630",2015,"2024",6.295,821,135,64,1020,57,21,12,24,0,8,0,,,9.99
"5630",2016,"2024",6.295,800,134,66,1000,62,22,11,29,0,9,0,,,7.935
"5630",2017,"2024",5.5,786,139,66,991,50,13,,21,0,9,,,,8.855
"5630",2018,"2024",5.4,771,150,62,983,49,14,,21,,14,,5,,8
"5630",2019,"2024",4.2,764,156,61,981,54,10,,28,8,15,,7,,9.835
"5630",2020,"5440",5,743,156,58,957,57,10,,33,8,12,,5,,9.975
"5630",2021,"5440",4.4,714,151,63,928,55,12,,27,8,9,,,,11.215
"5630",2022,"5440",4.6,694,155,57,906,49,12,,19,8,9,,,,11.125
"5630",2023,"5440",3.3,704,151,53,908,37,13,,14,5,5,,,,12.185
"5630",2024,"5630",5.4,693,155,44,892,42,14,,16,0,5,,,,12
"5630",2025,"5630",4.4,688,153,49,890,42,10,,19,0,8,,5,,14
"5632",2007,"2028",,1870,178,65,2113,98,24,39,35,,,,,,
"5632",2008,"2028",9.8,1839,178,73,2090,83,24,28,31,5,,,,,
"5632",2009,"2028",2.9,1824,186,64,2074,42,19,13,10,22,16,0,6,5,
"5632",2010,"2028",2.5,1818,190,62,2070,76,34,21,21,22,20,0,7,13,
"5632",2011,"2028",3.4,1821,185,65,2071,74,32,21,21,20,15,0,,7,
"5632",2012,"2028",2.3,1841,187,61,2089,79,37,18,24,21,18,0,,11,
"5632",2013,"2028",2.5,1892,203,67,2162,85,40,16,29,18,16,0,,9,
"5632",2014,"2028",2.5,1927,214,66,2207,88,41,18,29,17,18,0,,11,
"5632",2015,"2028",2.795,1935,229,71,2235,90,38,30,22,18,17,0,,9,16.085
"5632",2016,"2028",2.62,1906,236,69,2211,91,37,31,23,19,16,0,8,,16.77
"5632",2017,"2028",2.6,1952,245,70,2267,92,38,,25,21,15,,7,,15.955
"5632",2018,"2028",3.1,1935,260,68,2263,100,41,,30,8,16,,,7,13.225
"5632",2019,"2028",3,1927,263,80,2270,118,57,,34,8,15,,,7,16.12
"5632",2020,"5443",8.2,1880,262,79,2221,132,71,,37,8,16,,,7,16.78
"5632",2021,"5443",7.8,1854,260,86,2200,149,76,,39,8,15,,,7,17.995
"5632",2022,"5443",9.1,1811,270,84,2165,110,50,,40,7,13,,,7,17.165
"5632",2023,"5443",8,1766,259,92,2117,105,45,,37,8,14,,,10,19.925
"5632",2024,"5632",10.2,1768,254,91,2113,103,47,,32,19,13,,7,,18
"5632",2025,"5632",9.2,1758,264,85,2107,106,49,,35,19,14,,,6,17
"5634",2008,"2002",,1833,253,104,2190,,,,,5,,,,,
"5634",2009,"2002",3.5,1795,231,118,2144,134,61,29,44,5,28,0,,24,
"5634",2010,"2002",4.2,1766,237,121,2124,163,86,32,45,,30,0,,25,
"5634",2011,"2002",4.4,1750,241,120,2111,158,85,36,37,,24,0,5,19,
"5634",2012,"2002",3.7,1755,253,114,2122,154,85,31,38,29,27,0,7,20,
"5634",2013,"2002",4,1759,244,125,2128,138,64,33,41,,26,0,8,10,
"5634",2014,"2002",4.4,1739,254,126,2119,135,56,34,45,,26,0,8,18,
"5634",2015,"2002",3.385,1728,272,128,2128,128,48,36,44,,24,0,8,16,16.155
"5634",2016,"2002",3.185,1721,290,126,2137,129,57,37,35,,17,0,,11,17.125
"5634",2017,"2002",3.3,1695,289,120,2104,121,51,,41,,19,,,12,17.765
"5634",2018,"2002",5.8,1701,297,112,2110,127,52,,40,,19,,,14,17.75
"5634",2019,"2002",6.1,1677,302,102,2081,114,52,,37,,15,,,8,15.975
"5634",2020,"5404",3.1,1609,315,105,2029,88,34,,32,,21,,6,8,13.95
"5634",2021,"5404",2.4,1519,330,110,1959,103,31,,41,,23,,11,6,16.125
"5634",2022,"5404",3.2,1448,341,108,1897,88,25,,36,,24,,8,7,15.125
"5634",2023,"5404",2.4,1472,352,109,1933,90,28,,35,,18,,,14,14.125
"5634",2024,"5634",2.9,1514,349,109,1972,89,27,,31,,19,,,14,14
"5634",2025,"5634",2.4,1526,354,102,1982,103,29,,35,3,15,,,9,14
"5636",2007,"2027",,708,121,55,884,55,15,17,23,,,,,,
"5636",2008,"2027",2.5,680,117,59,856,57,15,17,25,,,,,,
"5636",2009,"2027",3,696,121,61,878,47,10,15,22,6,14,0,,6,
"5636",2010,"2027",3.6,705,121,58,884,53,16,14,23,5,17,0,,9,
"5636",2011,"2027",4.8,714,122,57,893,66,17,23,26,5,12,0,,7,
"5636",2012,"2027",6.6,723,124,54,901,61,12,23,26,,13,0,,6,
"5636",2013,"2027",6,704,122,56,882,67,15,25,27,12,13,0,,5,
"5636",2014,"2027",5.8,734,131,54,919,58,12,21,25,,14,0,,5,
"5636",2015,"2027",11.015,736,143,55,934,44,13,20,11,0,11,0,5,,13.105
"5636",2016,"2027",9.615,763,149,47,959,40,13,15,12,9,13,0,,6,14.15
"5636",2017,"2027",8.2,748,151,52,951,43,11,,14,8,11,,,6,11.925
"5636",2018,"2027",5.5,724,163,57,944,45,10,,19,8,10,,,5,10.025
"5636",2019,"2027",6.2,710,169,62,941,44,13,,16,8,11,,,5,9.91
"5636",2020,"5442",4.6,695,169,62,926,42,11,,19,9,8,,,5,8.195
"5636",2021,"5442",5,651,168,61,880,46,8,,19,9,8,,,5,10
"5636",2022,"5442",4.9,624,163,67,854,46,9,,21,9,8,,,5,7.19
"5636",2023,"5442",1.7,630,165,69,864,47,7,,21,9,8,,,,8.245
"5636",2024,"5636",3.7,628,162,69,859,52,10,,22,11,10,,,7,9
"5636",2025,"5636",3.6,631,162,75,868,57,12,,27,1,13,,,8,10
