"kommunenr_2024","år","timer","kilder"
"0301",2009,1682253,"0301"
"0301",2010,1651308,"0301"
"0301",2011,1486861,"0301"
"0301",2012,1506194,"0301"
"0301",2013,1561039,"0301"
"0301",2014,1605012,"0301"
"0301",2015,1655194,"0301"
"0301",2016,1710508,"0301"
"0301",2017,1790351,"0301"
"0301",2018,1895998,"0301"
"0301",2019,2005988,"0301"
"0301",2020,2119980,"0301"
"0301",2021,2145209,"0301"
"0301",2022,2121922,"0301"
"0301",2023,2186746,"0301"
"0301",2024,2129106,"0301"
"0301",2025,2079403,"0301"
"1101",2009,119035,"1101"
"1101",2010,25096,"1101"
"1101",2011,193657,"1101"
"1101",2012,192173,"1101"
"1101",2013,214349,"1101"
"1101",2014,212003,"1101"
"1101",2015,280708,"1101"
"1101",2016,314589,"1101"
"1101",2017,308395,"1101"
"1101",2018,279230,"1101"
"1101",2019,255044,"1101"
"1101",2020,301839,"1101"
"1101",2021,295195,"1101"
"1101",2022,292932,"1101"
"1101",2023,302376,"1101"
"1101",2024,300889,"1101"
"1101",2025,302560,"1101"
"1103",2009,658081,"1103+1141+1142"
"1103",2010,731636,"1103+1141+1142"
"1103",2011,724509,"1103+1141+1142"
"1103",2012,717974,"1103+1141+1142"
"1103",2013,670007,"1103+1141+1142"
"1103",2014,680745,"1103+1141+1142"
"1103",2015,658122,"1103+1141+1142"
"1103",2016,624882,"1103+1141+1142"
"1103",2017,589213,"1103+1141+1142"
"1103",2018,606556,"1103+1141+1142"
"1103",2019,603281,"1103+1141+1142"
"1103",2020,552433,"1103+1141+1142"
"1103",2021,551418,"1103+1141+1142"
"1103",2022,531167,"1103+1141+1142"
"1103",2023,541472,"1103+1141+1142"
"1103",2024,558883,"1103+1141+1142"
"1103",2025,543210,"1103+1141+1142"
"1106",2009,396251,"1106"
"1106",2010,376594,"1106"
"1106",2011,398081,"1106"
"1106",2012,416619,"1106"
"1106",2013,332093,"1106"
"1106",2014,312132,"1106"
"1106",2015,296984,"1106"
"1106",2016,299079,"1106"
"1106",2017,317485,"1106"
"1106",2018,330739,"1106"
"1106",2019,367240,"1106"
"1106",2020,398538,"1106"
"1106",2021,400462,"1106"
"1106",2022,380772,"1106"
"1106",2023,412252,"1106"
"1106",2024,434945,"1106"
"1106",2025,446326,"1106"
"1108",2009,394145,"1102+1108+1129"
"1108",2010,445443,"1102+1108+1129"
"1108",2011,448929,"1102+1108+1129"
"1108",2012,452868,"1102+1108+1129"
"1108",2013,441993,"1102+1108+1129"
"1108",2014,411008,"1102+1108+1129"
"1108",2015,406283,"1102+1108+1129"
"1108",2016,361805,"1102+1108+1129"
"1108",2017,309226,"1102+1108+1129"
"1108",2018,308209,"1102+1108+1129"
"1108",2019,293575,"1102+1108+1129"
"1108",2020,277473,"1102+1108+1129"
"1108",2021,284095,"1102+1108+1129"
"1108",2022,272970,"1102+1108+1129"
"1108",2023,282976,"1102+1108+1129"
"1108",2024,274755,"1102+1108+1129"
"1108",2025,254631,"1102+1108+1129"
"1111",2009,14073,"1111"
"1111",2010,23104,"1111"
"1111",2011,6993,"1111"
"1111",2012,22550,"1111"
"1111",2013,28056,"1111"
"1111",2014,30355,"1111"
"1111",2015,29046,"1111"
"1111",2016,31867,"1111"
"1111",2017,28982,"1111"
"1111",2018,30821,"1111"
"1111",2019,25215,"1111"
"1111",2020,28422,"1111"
"1111",2021,27269,"1111"
"1111",2022,30412,"1111"
"1111",2023,25494,"1111"
"1111",2024,21691,"1111"
"1111",2025,20588,"1111"
"1112",2009,19290,"1112"
"1112",2010,23358,"1112"
"1112",2011,15101,"1112"
"1112",2012,15071,"1112"
"1112",2013,17660,"1112"
"1112",2014,18910,"1112"
"1112",2015,17748,"1112"
"1112",2016,22483,"1112"
"1112",2017,44560,"1112"
"1112",2018,39653,"1112"
"1112",2019,36231,"1112"
"1112",2020,31546,"1112"
"1112",2021,35035,"1112"
"1112",2022,39890,"1112"
"1112",2023,30887,"1112"
"1112",2024,38437,"1112"
"1112",2025,54603,"1112"
"1114",2009,12127,"1114"
"1114",2010,12467,"1114"
"1114",2011,16188,"1114"
"1114",2012,15953,"1114"
"1114",2013,15865,"1114"
"1114",2014,14191,"1114"
"1114",2015,14139,"1114"
"1114",2016,12521,"1114"
"1114",2017,12668,"1114"
"1114",2018,15041,"1114"
"1114",2019,11877,"1114"
"1114",2020,10734,"1114"
"1114",2021,9035,"1114"
"1114",2022,16770,"1114"
"1114",2023,21729,"1114"
"1114",2024,20382,"1114"
"1114",2025,14185,"1114"
"1119",2009,153529,"1119"
"1119",2010,145533,"1119"
"1119",2011,153916,"1119"
"1119",2012,168761,"1119"
"1119",2013,167777,"1119"
"1119",2014,169347,"1119"
"1119",2015,170824,"1119"
"1119",2016,172251,"1119"
"1119",2017,190877,"1119"
"1119",2018,200731,"1119"
"1119",2019,215637,"1119"
"1119",2020,214656,"1119"
"1119",2021,205889,"1119"
"1119",2022,235532,"1119"
"1119",2023,246811,"1119"
"1119",2024,247492,"1119"
"1119",2025,244524,"1119"
"1120",2009,78724,"1120"
"1120",2010,74106,"1120"
"1120",2011,105420,"1120"
"1120",2012,112351,"1120"
"1120",2013,121217,"1120"
"1120",2014,105414,"1120"
"1120",2015,100416,"1120"
"1120",2016,189248,"1120"
"1120",2017,295048,"1120"
"1120",2018,269044,"1120"
"1120",2019,249464,"1120"
"1120",2020,157840,"1120"
"1120",2021,131789,"1120"
"1120",2022,126282,"1120"
"1120",2023,123478,"1120"
"1120",2024,135929,"1120"
"1120",2025,125217,"1120"
"1121",2009,80841,"1121"
"1121",2010,82139,"1121"
"1121",2011,64309,"1121"
"1121",2012,79341,"1121"
"1121",2013,83423,"1121"
"1121",2014,84412,"1121"
"1121",2015,96458,"1121"
"1121",2016,192663,"1121"
"1121",2017,190992,"1121"
"1121",2018,251629,"1121"
"1121",2019,237599,"1121"
"1121",2020,240880,"1121"
"1121",2021,245886,"1121"
"1121",2022,255733,"1121"
"1121",2023,251423,"1121"
"1121",2024,248684,"1121"
"1121",2025,258801,"1121"
"1122",2009,62909,"1122"
"1122",2010,73941,"1122"
"1122",2011,94040,"1122"
"1122",2012,98981,"1122"
"1122",2013,100101,"1122"
"1122",2014,100187,"1122"
"1122",2015,105778,"1122"
"1122",2016,130772,"1122"
"1122",2017,158394,"1122"
"1122",2018,143101,"1122"
"1122",2019,147219,"1122"
"1122",2020,154210,"1122"
"1122",2021,160013,"1122"
"1122",2022,164014,"1122"
"1122",2023,175730,"1122"
"1122",2024,181476,"1122"
"1122",2025,176701,"1122"
"1124",2009,36292,"1124"
"1124",2010,41852,"1124"
"1124",2011,48497,"1124"
"1124",2012,63710,"1124"
"1124",2013,71642,"1124"
"1124",2014,77851,"1124"
"1124",2015,82711,"1124"
"1124",2016,88341,"1124"
"1124",2017,100367,"1124"
"1124",2018,103091,"1124"
"1124",2019,142882,"1124"
"1124",2020,163331,"1124"
"1124",2021,169764,"1124"
"1124",2022,197844,"1124"
"1124",2023,258931,"1124"
"1124",2024,339117,"1124"
"1124",2025,383498,"1124"
"1127",2009,75160,"1127"
"1127",2010,93249,"1127"
"1127",2011,85077,"1127"
"1127",2012,84088,"1127"
"1127",2013,99371,"1127"
"1127",2014,89496,"1127"
"1127",2015,86068,"1127"
"1127",2016,63168,"1127"
"1127",2017,78797,"1127"
"1127",2018,76013,"1127"
"1127",2019,72141,"1127"
"1127",2020,85055,"1127"
"1127",2021,86156,"1127"
"1127",2022,74359,"1127"
"1127",2023,75376,"1127"
"1127",2024,74471,"1127"
"1127",2025,82496,"1127"
"1130",2009,132712,"1130"
"1130",2010,216174,"1130"
"1130",2011,233654,"1130"
"1130",2012,245283,"1130"
"1130",2013,258575,"1130"
"1130",2014,274576,"1130"
"1130",2015,250408,"1130"
"1130",2016,240801,"1130"
"1130",2017,214928,"1130"
"1130",2018,189035,"1130"
"1130",2019,179377,"1130"
"1130",2020,201441,"1130"
"1130",2021,198618,"1130"
"1130",2022,219272,"1130"
"1130",2023,188937,"1130"
"1130",2024,185133,"1130"
"1130",2025,205362,"1130"
"1133",2009,7232,"1133"
"1133",2010,6928,"1133"
"1133",2011,8046,"1133"
"1133",2012,6973,"1133"
"1133",2013,8018,"1133"
"1133",2014,11056,"1133"
"1133",2015,10261,"1133"
"1133",2016,9588,"1133"
"1133",2017,9969,"1133"
"1133",2018,12272,"1133"
"1133",2019,12110,"1133"
"1133",2020,12747,"1133"
"1133",2021,12655,"1133"
"1133",2022,15339,"1133"
"1133",2023,20506,"1133"
"1133",2024,17117,"1133"
"1133",2025,16906,"1133"
"1134",2009,20473,"1134"
"1134",2010,36279,"1134"
"1134",2011,37302,"1134"
"1134",2012,36727,"1134"
"1134",2013,47132,"1134"
"1134",2014,43876,"1134"
"1134",2015,41278,"1134"
"1134",2016,37759,"1134"
"1134",2017,40493,"1134"
"1134",2018,41003,"1134"
"1134",2019,34950,"1134"
"1134",2020,35931,"1134"
"1134",2021,34748,"1134"
"1134",2022,39971,"1134"
"1134",2023,45703,"1134"
"1134",2024,44089,"1134"
"1134",2025,35942,"1134"
"1135",2009,94734,"1135"
"1135",2010,87816,"1135"
"1135",2011,84781,"1135"
"1135",2012,123539,"1135"
"1135",2013,148164,"1135"
"1135",2014,169979,"1135"
"1135",2015,155525,"1135"
"1135",2016,139304,"1135"
"1135",2017,144422,"1135"
"1135",2018,112050,"1135"
"1135",2019,94298,"1135"
"1135",2020,70735,"1135"
"1135",2021,51776,"1135"
"1135",2022,29661,"1135"
"1135",2023,22332,"1135"
"1135",2024,20045,"1135"
"1135",2025,18942,"1135"
"1144",2009,1084,"1144"
"1144",2010,0,"1144"
"1144",2011,367,"1144"
"1144",2012,308,"1144"
"1144",2013,104,"1144"
"1144",2014,1271,"1144"
"1144",2015,1886,"1144"
"1144",2016,2080,"1144"
"1144",2017,1478,"1144"
"1144",2018,1123,"1144"
"1144",2019,739,"1144"
"1144",2020,497,"1144"
"1144",2021,353,"1144"
"1144",2022,425,"1144"
"1144",2023,4772,"1144"
"1144",2024,4381,"1144"
"1144",2025,3955,"1144"
"1145",2009,1428,"1145"
"1145",2010,3847,"1145"
"1145",2011,3196,"1145"
"1145",2012,4017,"1145"
"1145",2013,2617,"1145"
"1145",2014,2084,"1145"
"1145",2015,2389,"1145"
"1145",2016,2591,"1145"
"1145",2017,2589,"1145"
"1145",2018,3169,"1145"
"1145",2019,2480,"1145"
"1145",2020,3710,"1145"
"1145",2021,3462,"1145"
"1145",2022,3041,"1145"
"1145",2023,3127,"1145"
"1145",2024,3219,"1145"
"1145",2025,2889,"1145"
"1146",2009,28905,"1146"
"1146",2010,38381,"1146"
"1146",2011,48816,"1146"
"1146",2012,46656,"1146"
"1146",2013,39470,"1146"
"1146",2014,42495,"1146"
"1146",2015,39485,"1146"
"1146",2016,33400,"1146"
"1146",2017,43634,"1146"
"1146",2018,59719,"1146"
"1146",2019,58947,"1146"
"1146",2020,54881,"1146"
"1146",2021,51824,"1146"
"1146",2022,71859,"1146"
"1146",2023,85491,"1146"
"1146",2024,82432,"1146"
"1146",2025,79294,"1146"
"1149",2009,303959,"1149"
"1149",2010,287239,"1149"
"1149",2011,282038,"1149"
"1149",2012,327700,"1149"
"1149",2013,341250,"1149"
"1149",2014,374399,"1149"
"1149",2015,338172,"1149"
"1149",2016,348994,"1149"
"1149",2017,335578,"1149"
"1149",2018,356955,"1149"
"1149",2019,290835,"1149"
"1149",2020,229384,"1149"
"1149",2021,175895,"1149"
"1149",2022,156917,"1149"
"1149",2023,129847,"1149"
"1149",2024,131903,"1149"
"1149",2025,132351,"1149"
"1151",2009,183,"1151"
"1151",2010,211,"1151"
"1151",2011,218,"1151"
"1151",2012,191,"1151"
"1151",2013,339,"1151"
"1151",2014,0,"1151"
"1151",2015,0,"1151"
"1151",2016,0,"1151"
"1151",2017,0,"1151"
"1151",2018,0,"1151"
"1151",2019,0,"1151"
"1151",2020,0,"1151"
"1151",2021,0,"1151"
"1151",2022,0,"1151"
"1151",2023,0,"1151"
"1151",2024,0,"1151"
"1151",2025,0,"1151"
"1160",2009,45531,"1154+1159+1160+1214"
"1160",2010,43323,"1154+1159+1160+1214"
"1160",2011,40173,"1154+1159+1160+1214"
"1160",2012,42129,"1154+1159+1160+1214"
"1160",2013,48195,"1154+1159+1160+1214"
"1160",2014,47706,"1154+1159+1160+1214"
"1160",2015,52029,"1154+1159+1160+1214"
"1160",2016,21859,"1154+1159+1160+1214"
"1160",2017,59450,"1154+1159+1160+1214"
"1160",2018,70430,"1154+1159+1160+1214"
"1160",2019,62118,"1154+1159+1160+1214"
"1160",2020,62538,"1154+1159+1160+1214"
"1160",2021,59594,"1154+1159+1160+1214"
"1160",2022,56543,"1154+1159+1160+1214"
"1160",2023,50399,"1154+1159+1160+1214"
"1160",2024,52805,"1154+1159+1160+1214"
"1160",2025,52848,"1154+1159+1160+1214"
"1505",2009,132595,"1503+1505+1556"
"1505",2010,168339,"1503+1505+1556"
"1505",2011,195478,"1503+1505+1556"
"1505",2012,210042,"1503+1505+1556"
"1505",2013,218892,"1503+1505+1556"
"1505",2014,206618,"1503+1505+1556"
"1505",2015,231475,"1503+1505+1556"
"1505",2016,256922,"1503+1505+1556"
"1505",2017,274996,"1503+1505+1556"
"1505",2018,337000,"1503+1505+1556"
"1505",2019,300606,"1503+1505+1556"
"1505",2020,302354,"1503+1505+1556"
"1505",2021,315288,"1503+1505+1556"
"1505",2022,322032,"1503+1505+1556"
"1505",2023,293825,"1503+1505+1556"
"1505",2024,309740,"1503+1505+1556"
"1505",2025,254381,"1503+1505+1556"
"1506",2009,150332,"1502+1506+1543+1545"
"1506",2010,168911,"1502+1506+1543+1545"
"1506",2011,171152,"1502+1506+1543+1545"
"1506",2012,188755,"1502+1506+1543+1545"
"1506",2013,206698,"1502+1506+1543+1545"
"1506",2014,214989,"1502+1506+1543+1545"
"1506",2015,204470,"1502+1506+1543+1545"
"1506",2016,207590,"1502+1506+1543+1545"
"1506",2017,194732,"1502+1506+1543+1545"
"1506",2018,166848,"1502+1506+1543+1545"
"1506",2019,151976,"1502+1506+1543+1545"
"1506",2020,126979,"1502+1506+1543+1545"
"1506",2021,124951,"1502+1506+1543+1545"
"1506",2022,110047,"1502+1506+1543+1545"
"1506",2023,92589,"1502+1506+1543+1545"
"1506",2024,87498,"1502+1506+1543+1545"
"1506",2025,86628,"1502+1506+1543+1545"
"1508",2009,319220,"1504+1507+1508+1523+1529+1546"
"1508",2010,342747,"1504+1507+1508+1523+1529+1546"
"1508",2011,342806,"1504+1507+1508+1523+1529+1546"
"1508",2012,341330,"1504+1507+1508+1523+1529+1546"
"1508",2013,305357,"1504+1507+1508+1523+1529+1546"
"1508",2014,300757,"1504+1507+1508+1523+1529+1546"
"1508",2015,312703,"1504+1507+1508+1523+1529+1546"
"1508",2016,310835,"1504+1507+1508+1523+1529+1546"
"1508",2017,325915,"1504+1507+1508+1523+1529+1546"
"1508",2018,347898,"1504+1507+1508+1523+1529+1546"
"1508",2019,320145,"1504+1507+1508+1523+1529+1546"
"1508",2020,468200,"1504+1507+1508+1523+1529+1546"
"1508",2021,577641,"1504+1507+1508+1523+1529+1546"
"1508",2022,580874,"1504+1507+1508+1523+1529+1546"
"1508",2023,406948,"1504+1507+1508+1523+1529+1546"
"1508",2024,332416,"1504+1507+1508+1523+1529+1546"
"1508",2025,378151,"1504+1507+1508+1523+1529+1546"
"1511",2009,14930,"1511"
"1511",2010,19417,"1511"
"1511",2011,26173,"1511"
"1511",2012,40991,"1511"
"1511",2013,43124,"1511"
"1511",2014,40499,"1511"
"1511",2015,49525,"1511"
"1511",2016,57040,"1511"
"1511",2017,61276,"1511"
"1511",2018,59823,"1511"
"1511",2019,60329,"1511"
"1511",2020,58203,"1511"
"1511",2021,44237,"1511"
"1511",2022,45290,"1511"
"1511",2023,38403,"1511"
"1511",2024,27678,"1511"
"1511",2025,20807,"1511"
"1514",2009,12566,"1514"
"1514",2010,19871,"1514"
"1514",2011,23149,"1514"
"1514",2012,23285,"1514"
"1514",2013,21832,"1514"
"1514",2014,25847,"1514"
"1514",2015,30864,"1514"
"1514",2016,33596,"1514"
"1514",2017,34987,"1514"
"1514",2018,28821,"1514"
"1514",2019,29838,"1514"
"1514",2020,28818,"1514"
"1514",2021,33532,"1514"
"1514",2022,42031,"1514"
"1514",2023,38149,"1514"
"1514",2024,40573,"1514"
"1514",2025,33443,"1514"
"1515",2009,26301,"1515"
"1515",2010,30964,"1515"
"1515",2011,35901,"1515"
"1515",2012,34973,"1515"
"1515",2013,35678,"1515"
"1515",2014,33750,"1515"
"1515",2015,31101,"1515"
"1515",2016,37450,"1515"
"1515",2017,52650,"1515"
"1515",2018,51803,"1515"
"1515",2019,57059,"1515"
"1515",2020,59788,"1515"
"1515",2021,49515,"1515"
"1515",2022,50216,"1515"
"1515",2023,55902,"1515"
"1515",2024,62154,"1515"
"1515",2025,57293,"1515"
"1516",2009,46583,"1516"
"1516",2010,51248,"1516"
"1516",2011,68248,"1516"
"1516",2012,71204,"1516"
"1516",2013,75191,"1516"
"1516",2014,71347,"1516"
"1516",2015,69118,"1516"
"1516",2016,70520,"1516"
"1516",2017,64010,"1516"
"1516",2018,65359,"1516"
"1516",2019,70186,"1516"
"1516",2020,75619,"1516"
"1516",2021,86343,"1516"
"1516",2022,100333,"1516"
"1516",2023,107180,"1516"
"1516",2024,105983,"1516"
"1516",2025,94972,"1516"
"1517",2009,46014,"1517"
"1517",2010,54614,"1517"
"1517",2011,55967,"1517"
"1517",2012,61790,"1517"
"1517",2013,62931,"1517"
"1517",2014,69541,"1517"
"1517",2015,65964,"1517"
"1517",2016,46363,"1517"
"1517",2017,40764,"1517"
"1517",2018,34882,"1517"
"1517",2019,28013,"1517"
"1517",2020,27445,"1517"
"1517",2021,32254,"1517"
"1517",2022,30997,"1517"
"1517",2023,37525,"1517"
"1517",2024,30523,"1517"
"1517",2025,23951,"1517"
"1520",2009,41996,"1520"
"1520",2010,42213,"1520"
"1520",2011,56984,"1520"
"1520",2012,71465,"1520"
"1520",2013,60961,"1520"
"1520",2014,65712,"1520"
"1520",2015,95509,"1520"
"1520",2016,95374,"1520"
"1520",2017,96468,"1520"
"1520",2018,102618,"1520"
"1520",2019,115217,"1520"
"1520",2020,106210,"1520"
"1520",2021,104004,"1520"
"1520",2022,103858,"1520"
"1520",2023,122558,"1520"
"1520",2024,122274,"1520"
"1520",2025,134917,"1520"
"1525",2009,47816,"1525"
"1525",2010,86643,"1525"
"1525",2011,81388,"1525"
"1525",2012,83623,"1525"
"1525",2013,98071,"1525"
"1525",2014,105449,"1525"
"1525",2015,75601,"1525"
"1525",2016,47521,"1525"
"1525",2017,58931,"1525"
"1525",2018,116797,"1525"
"1525",2019,112305,"1525"
"1525",2020,105909,"1525"
"1525",2021,100327,"1525"
"1525",2022,141165,"1525"
"1525",2023,126777,"1525"
"1525",2024,119247,"1525"
"1525",2025,112562,"1525"
"1528",2009,144756,"1528"
"1528",2010,138055,"1528"
"1528",2011,155231,"1528"
"1528",2012,140532,"1528"
"1528",2013,144151,"1528"
"1528",2014,137775,"1528"
"1528",2015,140073,"1528"
"1528",2016,141050,"1528"
"1528",2017,151495,"1528"
"1528",2018,163607,"1528"
"1528",2019,167832,"1528"
"1528",2020,161518,"1528"
"1528",2021,149740,"1528"
"1528",2022,152830,"1528"
"1528",2023,145233,"1528"
"1528",2024,147733,"1528"
"1528",2025,153797,"1528"
"1531",2009,120204,"1531"
"1531",2010,126320,"1531"
"1531",2011,145160,"1531"
"1531",2012,137092,"1531"
"1531",2013,148820,"1531"
"1531",2014,145316,"1531"
"1531",2015,158064,"1531"
"1531",2016,151265,"1531"
"1531",2017,155074,"1531"
"1531",2018,170705,"1531"
"1531",2019,182337,"1531"
"1531",2020,179028,"1531"
"1531",2021,162255,"1531"
"1531",2022,192574,"1531"
"1531",2023,206674,"1531"
"1531",2024,201161,"1531"
"1531",2025,217777,"1531"
"1532",2009,79745,"1532"
"1532",2010,80943,"1532"
"1532",2011,63003,"1532"
"1532",2012,70415,"1532"
"1532",2013,76868,"1532"
"1532",2014,75287,"1532"
"1532",2015,121718,"1532"
"1532",2016,119416,"1532"
"1532",2017,110583,"1532"
"1532",2018,104034,"1532"
"1532",2019,115537,"1532"
"1532",2020,114782,"1532"
"1532",2021,124680,"1532"
"1532",2022,111272,"1532"
"1532",2023,110450,"1532"
"1532",2024,95437,"1532"
"1532",2025,87501,"1532"
"1535",2009,26528,"1535"
"1535",2010,33364,"1535"
"1535",2011,30732,"1535"
"1535",2012,40396,"1535"
"1535",2013,58657,"1535"
"1535",2014,42431,"1535"
"1535",2015,60179,"1535"
"1535",2016,79997,"1535"
"1535",2017,103780,"1535"
"1535",2018,123229,"1535"
"1535",2019,126165,"1535"
"1535",2020,124848,"1535"
"1535",2021,126999,"1535"
"1535",2022,137713,"1535"
"1535",2023,153396,"1535"
"1535",2024,178429,"1535"
"1535",2025,142330,"1535"
"1539",2009,67561,"1539"
"1539",2010,64072,"1539"
"1539",2011,64078,"1539"
"1539",2012,77606,"1539"
"1539",2013,72266,"1539"
"1539",2014,73902,"1539"
"1539",2015,70048,"1539"
"1539",2016,71704,"1539"
"1539",2017,67227,"1539"
"1539",2018,71932,"1539"
"1539",2019,63001,"1539"
"1539",2020,76091,"1539"
"1539",2021,65710,"1539"
"1539",2022,60810,"1539"
"1539",2023,49431,"1539"
"1539",2024,29913,"1539"
"1539",2025,25220,"1539"
"1547",2009,18185,"1547"
"1547",2010,21283,"1547"
"1547",2011,28885,"1547"
"1547",2012,23439,"1547"
"1547",2013,17432,"1547"
"1547",2014,21834,"1547"
"1547",2015,21276,"1547"
"1547",2016,22386,"1547"
"1547",2017,22708,"1547"
"1547",2018,23106,"1547"
"1547",2019,27861,"1547"
"1547",2020,29007,"1547"
"1547",2021,26784,"1547"
"1547",2022,26021,"1547"
"1547",2023,28922,"1547"
"1547",2024,39346,"1547"
"1547",2025,44998,"1547"
"1554",2009,18352,"1554"
"1554",2010,23847,"1554"
"1554",2011,21971,"1554"
"1554",2012,22445,"1554"
"1554",2013,26493,"1554"
"1554",2014,26634,"1554"
"1554",2015,24086,"1554"
"1554",2016,27407,"1554"
"1554",2017,24919,"1554"
"1554",2018,23775,"1554"
"1554",2019,23585,"1554"
"1554",2020,25868,"1554"
"1554",2021,29080,"1554"
"1554",2022,28438,"1554"
"1554",2023,25691,"1554"
"1554",2024,23583,"1554"
"1554",2025,19672,"1554"
"1557",2009,4721,"1557"
"1557",2010,4422,"1557"
"1557",2011,2787,"1557"
"1557",2012,1255,"1557"
"1557",2013,1466,"1557"
"1557",2014,1191,"1557"
"1557",2015,19547,"1557"
"1557",2016,16507,"1557"
"1557",2017,19195,"1557"
"1557",2018,22303,"1557"
"1557",2019,23625,"1557"
"1557",2020,24645,"1557"
"1557",2021,25783,"1557"
"1557",2022,24296,"1557"
"1557",2023,25849,"1557"
"1557",2024,22013,"1557"
"1557",2025,23706,"1557"
"1560",2009,24944,"1560"
"1560",2010,29808,"1560"
"1560",2011,25937,"1560"
"1560",2012,24991,"1560"
"1560",2013,26369,"1560"
"1560",2014,25723,"1560"
"1560",2015,19996,"1560"
"1560",2016,25019,"1560"
"1560",2017,23685,"1560"
"1560",2018,22215,"1560"
"1560",2019,50265,"1560"
"1560",2020,49707,"1560"
"1560",2021,48920,"1560"
"1560",2022,47306,"1560"
"1560",2023,48897,"1560"
"1560",2024,51857,"1560"
"1560",2025,32847,"1560"
"1563",2009,79093,"1563"
"1563",2010,80862,"1563"
"1563",2011,82676,"1563"
"1563",2012,69175,"1563"
"1563",2013,68698,"1563"
"1563",2014,71514,"1563"
"1563",2015,69231,"1563"
"1563",2016,70721,"1563"
"1563",2017,103416,"1563"
"1563",2018,198251,"1563"
"1563",2019,106465,"1563"
"1563",2020,106802,"1563"
"1563",2021,112597,"1563"
"1563",2022,109038,"1563"
"1563",2023,103489,"1563"
"1563",2024,102811,"1563"
"1563",2025,92751,"1563"
"1566",2009,24189,"1566"
"1566",2010,24192,"1566"
"1566",2011,24119,"1566"
"1566",2012,22978,"1566"
"1566",2013,19534,"1566"
"1566",2014,19415,"1566"
"1566",2015,19316,"1566"
"1566",2016,17643,"1566"
"1566",2017,16430,"1566"
"1566",2018,18502,"1566"
"1566",2019,20996,"1566"
"1566",2020,23440,"1566"
"1566",2021,20953,"1566"
"1566",2022,22936,"1566"
"1566",2023,22565,"1566"
"1566",2024,18963,"1566"
"1566",2025,22765,"1566"
"1573",2009,18637,"1573"
"1573",2010,21909,"1573"
"1573",2011,22967,"1573"
"1573",2012,24253,"1573"
"1573",2013,26245,"1573"
"1573",2014,17863,"1573"
"1573",2015,16154,"1573"
"1573",2016,14479,"1573"
"1573",2017,16388,"1573"
"1573",2018,15251,"1573"
"1573",2019,22398,"1573"
"1573",2020,23393,"1573"
"1573",2021,23093,"1573"
"1573",2022,18855,"1573"
"1573",2023,19695,"1573"
"1573",2024,17737,"1573"
"1573",2025,12979,"1573"
"1576",2009,53879,"1569+1572+1576"
"1576",2010,52459,"1569+1572+1576"
"1576",2011,40963,"1569+1572+1576"
"1576",2012,47353,"1569+1572+1576"
"1576",2013,46106,"1569+1572+1576"
"1576",2014,39219,"1569+1572+1576"
"1576",2015,39110,"1569+1572+1576"
"1576",2016,37199,"1569+1572+1576"
"1576",2017,44328,"1569+1572+1576"
"1576",2018,51426,"1569+1572+1576"
"1576",2019,66076,"1569+1572+1576"
"1576",2020,72827,"1569+1572+1576"
"1576",2021,84446,"1569+1572+1576"
"1576",2022,72527,"1569+1572+1576"
"1576",2023,61086,"1569+1572+1576"
"1576",2024,56732,"1569+1572+1576"
"1576",2025,51084,"1569+1572+1576"
"1577",2009,65012,"1444+1519+1577"
"1577",2010,62045,"1444+1519+1577"
"1577",2011,66297,"1444+1519+1577"
"1577",2012,87377,"1444+1519+1577"
"1577",2013,100342,"1444+1519+1577"
"1577",2014,107741,"1444+1519+1577"
"1577",2015,96087,"1444+1519+1577"
"1577",2016,92194,"1444+1519+1577"
"1577",2017,104720,"1444+1519+1577"
"1577",2018,130877,"1444+1519+1577"
"1577",2019,115586,"1444+1519+1577"
"1577",2020,114647,"1444+1519+1577"
"1577",2021,145735,"1444+1519+1577"
"1577",2022,157105,"1444+1519+1577"
"1577",2023,167445,"1444+1519+1577"
"1577",2024,179711,"1444+1519+1577"
"1577",2025,189792,"1444+1519+1577"
"1578",2009,22012,"1524+1526+1578"
"1578",2010,21744,"1524+1526+1578"
"1578",2011,19776,"1524+1526+1578"
"1578",2012,17641,"1524+1526+1578"
"1578",2013,19646,"1524+1526+1578"
"1578",2014,21124,"1524+1526+1578"
"1578",2015,20814,"1524+1526+1578"
"1578",2016,18561,"1524+1526+1578"
"1578",2017,16651,"1524+1526+1578"
"1578",2018,17519,"1524+1526+1578"
"1578",2019,14702,"1524+1526+1578"
"1578",2020,12081,"1524+1526+1578"
"1578",2021,12763,"1524+1526+1578"
"1578",2022,15156,"1524+1526+1578"
"1578",2023,17399,"1524+1526+1578"
"1578",2024,10997,"1524+1526+1578"
"1578",2025,12788,"1524+1526+1578"
"1579",2009,43375,"1548+1551+1579"
"1579",2010,43152,"1548+1551+1579"
"1579",2011,49975,"1548+1551+1579"
"1579",2012,52977,"1548+1551+1579"
"1579",2013,55825,"1548+1551+1579"
"1579",2014,59355,"1548+1551+1579"
"1579",2015,63956,"1548+1551+1579"
"1579",2016,59955,"1548+1551+1579"
"1579",2017,54746,"1548+1551+1579"
"1579",2018,52691,"1548+1551+1579"
"1579",2019,71824,"1548+1551+1579"
"1579",2020,66264,"1548+1551+1579"
"1579",2021,57787,"1548+1551+1579"
"1579",2022,58519,"1548+1551+1579"
"1579",2023,51059,"1548+1551+1579"
"1579",2024,47489,"1548+1551+1579"
"1579",2025,48229,"1548+1551+1579"
"1580",2009,39769,"1534+1580"
"1580",2010,41519,"1534+1580"
"1580",2011,59269,"1534+1580"
"1580",2012,79155,"1534+1580"
"1580",2013,74343,"1534+1580"
"1580",2014,62534,"1534+1580"
"1580",2015,74492,"1534+1580"
"1580",2016,60798,"1534+1580"
"1580",2017,75358,"1534+1580"
"1580",2018,77839,"1534+1580"
"1580",2019,79768,"1534+1580"
"1580",2020,0,"1534+1580"
"1580",2021,0,"1534+1580"
"1580",2022,0,"1534+1580"
"1580",2023,0,"1534+1580"
"1580",2024,100030,"1534+1580"
"1580",2025,97647,"1534+1580"
"1804",2009,318501,"1804+1842"
"1804",2010,327046,"1804+1842"
"1804",2011,367190,"1804+1842"
"1804",2012,404434,"1804+1842"
"1804",2013,381975,"1804+1842"
"1804",2014,337118,"1804+1842"
"1804",2015,324185,"1804+1842"
"1804",2016,325401,"1804+1842"
"1804",2017,302933,"1804+1842"
"1804",2018,282369,"1804+1842"
"1804",2019,305351,"1804+1842"
"1804",2020,280188,"1804+1842"
"1804",2021,303802,"1804+1842"
"1804",2022,274545,"1804+1842"
"1804",2023,271378,"1804+1842"
"1804",2024,323598,"1804+1842"
"1804",2025,337307,"1804+1842"
"1806",2009,0,"1806"
"1806",2010,0,"1806"
"1806",2011,0,"1806"
"1806",2012,0,"1806"
"1806",2013,0,"1806"
"1806",2014,0,"1806"
"1806",2015,0,"1806"
"1806",2016,0,"1806"
"1806",2017,0,"1806"
"1806",2018,0,"1806"
"1806",2019,0,"1806"
"1806",2020,272046,"1806"
"1806",2021,309075,"1806"
"1806",2022,292561,"1806"
"1806",2023,297092,"1806"
"1806",2024,309626,"1806"
"1806",2025,305240,"1806"
"1811",2009,20047,"1811"
"1811",2010,14740,"1811"
"1811",2011,13350,"1811"
"1811",2012,13185,"1811"
"1811",2013,13693,"1811"
"1811",2014,13568,"1811"
"1811",2015,14329,"1811"
"1811",2016,13744,"1811"
"1811",2017,23188,"1811"
"1811",2018,21387,"1811"
"1811",2019,21671,"1811"
"1811",2020,22341,"1811"
"1811",2021,22680,"1811"
"1811",2022,20260,"1811"
"1811",2023,17801,"1811"
"1811",2024,17443,"1811"
"1811",2025,18248,"1811"
"1812",2009,4370,"1812"
"1812",2010,12531,"1812"
"1812",2011,19406,"1812"
"1812",2012,17287,"1812"
"1812",2013,11414,"1812"
"1812",2014,13355,"1812"
"1812",2015,9695,"1812"
"1812",2016,9865,"1812"
"1812",2017,10303,"1812"
"1812",2018,8830,"1812"
"1812",2019,10807,"1812"
"1812",2020,11046,"1812"
"1812",2021,11436,"1812"
"1812",2022,12864,"1812"
"1812",2023,13276,"1812"
"1812",2024,13853,"1812"
"1812",2025,13393,"1812"
"1813",2009,75910,"1813"
"1813",2010,76686,"1813"
"1813",2011,76761,"1813"
"1813",2012,85123,"1813"
"1813",2013,78058,"1813"
"1813",2014,79831,"1813"
"1813",2015,89240,"1813"
"1813",2016,95810,"1813"
"1813",2017,121956,"1813"
"1813",2018,121055,"1813"
"1813",2019,120774,"1813"
"1813",2020,119370,"1813"
"1813",2021,130264,"1813"
"1813",2022,127482,"1813"
"1813",2023,130314,"1813"
"1813",2024,117594,"1813"
"1813",2025,116112,"1813"
"1815",2009,13099,"1815"
"1815",2010,0,"1815"
"1815",2011,11984,"1815"
"1815",2012,12533,"1815"
"1815",2013,11230,"1815"
"1815",2014,8296,"1815"
"1815",2015,9457,"1815"
"1815",2016,10367,"1815"
"1815",2017,9035,"1815"
"1815",2018,8025,"1815"
"1815",2019,8701,"1815"
"1815",2020,10266,"1815"
"1815",2021,10175,"1815"
"1815",2022,10043,"1815"
"1815",2023,9886,"1815"
"1815",2024,10652,"1815"
"1815",2025,14531,"1815"
"1816",2009,957,"1816"
"1816",2010,841,"1816"
"1816",2011,1355,"1816"
"1816",2012,1472,"1816"
"1816",2013,2856,"1816"
"1816",2014,3076,"1816"
"1816",2015,3457,"1816"
"1816",2016,2471,"1816"
"1816",2017,2307,"1816"
"1816",2018,2942,"1816"
"1816",2019,3098,"1816"
"1816",2020,2178,"1816"
"1816",2021,4545,"1816"
"1816",2022,12008,"1816"
"1816",2023,11351,"1816"
"1816",2024,6860,"1816"
"1816",2025,1712,"1816"
"1818",2009,18514,"1818"
"1818",2010,23764,"1818"
"1818",2011,26690,"1818"
"1818",2012,24020,"1818"
"1818",2013,19415,"1818"
"1818",2014,35054,"1818"
"1818",2015,39266,"1818"
"1818",2016,37943,"1818"
"1818",2017,34092,"1818"
"1818",2018,32141,"1818"
"1818",2019,30266,"1818"
"1818",2020,34187,"1818"
"1818",2021,18616,"1818"
"1818",2022,44759,"1818"
"1818",2023,36542,"1818"
"1818",2024,36689,"1818"
"1818",2025,36400,"1818"
"1820",2009,30727,"1820"
"1820",2010,34999,"1820"
"1820",2011,36012,"1820"
"1820",2012,33228,"1820"
"1820",2013,34071,"1820"
"1820",2014,33421,"1820"
"1820",2015,37397,"1820"
"1820",2016,56413,"1820"
"1820",2017,69954,"1820"
"1820",2018,76183,"1820"
"1820",2019,79800,"1820"
"1820",2020,55322,"1820"
"1820",2021,42667,"1820"
"1820",2022,36972,"1820"
"1820",2023,39815,"1820"
"1820",2024,39196,"1820"
"1820",2025,33315,"1820"
"1822",2009,12503,"1822"
"1822",2010,12952,"1822"
"1822",2011,13014,"1822"
"1822",2012,9866,"1822"
"1822",2013,10036,"1822"
"1822",2014,10103,"1822"
"1822",2015,11811,"1822"
"1822",2016,14629,"1822"
"1822",2017,13607,"1822"
"1822",2018,12284,"1822"
"1822",2019,13402,"1822"
"1822",2020,15191,"1822"
"1822",2021,12978,"1822"
"1822",2022,15753,"1822"
"1822",2023,12326,"1822"
"1822",2024,13959,"1822"
"1822",2025,15583,"1822"
"1824",2009,94838,"1824"
"1824",2010,106511,"1824"
"1824",2011,121207,"1824"
"1824",2012,113486,"1824"
"1824",2013,114389,"1824"
"1824",2014,116532,"1824"
"1824",2015,115898,"1824"
"1824",2016,126984,"1824"
"1824",2017,148441,"1824"
"1824",2018,210665,"1824"
"1824",2019,235728,"1824"
"1824",2020,278952,"1824"
"1824",2021,280682,"1824"
"1824",2022,291805,"1824"
"1824",2023,290267,"1824"
"1824",2024,275178,"1824"
"1824",2025,233255,"1824"
"1825",2009,7145,"1825"
"1825",2010,7223,"1825"
"1825",2011,8354,"1825"
"1825",2012,7301,"1825"
"1825",2013,6663,"1825"
"1825",2014,6857,"1825"
"1825",2015,7121,"1825"
"1825",2016,11980,"1825"
"1825",2017,10351,"1825"
"1825",2018,9759,"1825"
"1825",2019,9289,"1825"
"1825",2020,11199,"1825"
"1825",2021,9676,"1825"
"1825",2022,10911,"1825"
"1825",2023,13195,"1825"
"1825",2024,12174,"1825"
"1825",2025,11298,"1825"
"1826",2009,12036,"1826"
"1826",2010,17977,"1826"
"1826",2011,16854,"1826"
"1826",2012,15760,"1826"
"1826",2013,15851,"1826"
"1826",2014,20001,"1826"
"1826",2015,21317,"1826"
"1826",2016,19578,"1826"
"1826",2017,25730,"1826"
"1826",2018,36377,"1826"
"1826",2019,41596,"1826"
"1826",2020,33049,"1826"
"1826",2021,41570,"1826"
"1826",2022,44358,"1826"
"1826",2023,44137,"1826"
"1826",2024,40063,"1826"
"1826",2025,37516,"1826"
"1827",2009,11890,"1827"
"1827",2010,12420,"1827"
"1827",2011,13530,"1827"
"1827",2012,21240,"1827"
"1827",2013,21294,"1827"
"1827",2014,23035,"1827"
"1827",2015,17092,"1827"
"1827",2016,18696,"1827"
"1827",2017,14027,"1827"
"1827",2018,13545,"1827"
"1827",2019,23627,"1827"
"1827",2020,23049,"1827"
"1827",2021,9419,"1827"
"1827",2022,15736,"1827"
"1827",2023,16252,"1827"
"1827",2024,16287,"1827"
"1827",2025,14093,"1827"
"1828",2009,4098,"1828"
"1828",2010,6117,"1828"
"1828",2011,9175,"1828"
"1828",2012,8816,"1828"
"1828",2013,8238,"1828"
"1828",2014,7478,"1828"
"1828",2015,6472,"1828"
"1828",2016,6480,"1828"
"1828",2017,7054,"1828"
"1828",2018,5824,"1828"
"1828",2019,5824,"1828"
"1828",2020,5375,"1828"
"1828",2021,11536,"1828"
"1828",2022,8953,"1828"
"1828",2023,12828,"1828"
"1828",2024,14152,"1828"
"1828",2025,11646,"1828"
"1832",2009,18464,"1832"
"1832",2010,18689,"1832"
"1832",2011,18201,"1832"
"1832",2012,17246,"1832"
"1832",2013,24568,"1832"
"1832",2014,25589,"1832"
"1832",2015,33782,"1832"
"1832",2016,51128,"1832"
"1832",2017,59030,"1832"
"1832",2018,57669,"1832"
"1832",2019,47926,"1832"
"1832",2020,48094,"1832"
"1832",2021,67851,"1832"
"1832",2022,62545,"1832"
"1832",2023,67010,"1832"
"1832",2024,73609,"1832"
"1832",2025,75103,"1832"
"1833",2009,120017,"1833"
"1833",2010,135845,"1833"
"1833",2011,158015,"1833"
"1833",2012,166533,"1833"
"1833",2013,159279,"1833"
"1833",2014,160827,"1833"
"1833",2015,189428,"1833"
"1833",2016,209218,"1833"
"1833",2017,225762,"1833"
"1833",2018,269289,"1833"
"1833",2019,291220,"1833"
"1833",2020,277375,"1833"
"1833",2021,286876,"1833"
"1833",2022,329185,"1833"
"1833",2023,330039,"1833"
"1833",2024,328981,"1833"
"1833",2025,313379,"1833"
"1834",2009,72297,"1834"
"1834",2010,81759,"1834"
"1834",2011,71041,"1834"
"1834",2012,60952,"1834"
"1834",2013,60007,"1834"
"1834",2014,56120,"1834"
"1834",2015,50599,"1834"
"1834",2016,51901,"1834"
"1834",2017,62131,"1834"
"1834",2018,63602,"1834"
"1834",2019,52848,"1834"
"1834",2020,64584,"1834"
"1834",2021,57556,"1834"
"1834",2022,60552,"1834"
"1834",2023,59580,"1834"
"1834",2024,62167,"1834"
"1834",2025,77480,"1834"
"1835",2009,879,"1835"
"1835",2010,1629,"1835"
"1835",2011,3515,"1835"
"1835",2012,2622,"1835"
"1835",2013,1288,"1835"
"1835",2014,1132,"1835"
"1835",2015,1663,"1835"
"1835",2016,1434,"1835"
"1835",2017,1378,"1835"
"1835",2018,1358,"1835"
"1835",2019,1396,"1835"
"1835",2020,915,"1835"
"1835",2021,802,"1835"
"1835",2022,1029,"1835"
"1835",2023,1132,"1835"
"1835",2024,1159,"1835"
"1835",2025,888,"1835"
"1836",2009,7558,"1836"
"1836",2010,1551,"1836"
"1836",2011,5565,"1836"
"1836",2012,3433,"1836"
"1836",2013,2491,"1836"
"1836",2014,3730,"1836"
"1836",2015,4139,"1836"
"1836",2016,17207,"1836"
"1836",2017,22870,"1836"
"1836",2018,15827,"1836"
"1836",2019,15483,"1836"
"1836",2020,3473,"1836"
"1836",2021,26698,"1836"
"1836",2022,19125,"1836"
"1836",2023,14715,"1836"
"1836",2024,23044,"1836"
"1836",2025,22420,"1836"
"1837",2009,50283,"1837"
"1837",2010,50934,"1837"
"1837",2011,43353,"1837"
"1837",2012,57869,"1837"
"1837",2013,87431,"1837"
"1837",2014,77297,"1837"
"1837",2015,83994,"1837"
"1837",2016,29809,"1837"
"1837",2017,78641,"1837"
"1837",2018,89743,"1837"
"1837",2019,119054,"1837"
"1837",2020,118984,"1837"
"1837",2021,111583,"1837"
"1837",2022,115968,"1837"
"1837",2023,126280,"1837"
"1837",2024,116461,"1837"
"1837",2025,85731,"1837"
"1838",2009,35933,"1838"
"1838",2010,32033,"1838"
"1838",2011,28642,"1838"
"1838",2012,28597,"1838"
"1838",2013,34361,"1838"
"1838",2014,27540,"1838"
"1838",2015,35627,"1838"
"1838",2016,44559,"1838"
"1838",2017,46204,"1838"
"1838",2018,41861,"1838"
"1838",2019,38116,"1838"
"1838",2020,33953,"1838"
"1838",2021,29752,"1838"
"1838",2022,29729,"1838"
"1838",2023,32444,"1838"
"1838",2024,29524,"1838"
"1838",2025,26696,"1838"
"1839",2009,6597,"1839"
"1839",2010,10234,"1839"
"1839",2011,7440,"1839"
"1839",2012,5498,"1839"
"1839",2013,10986,"1839"
"1839",2014,10666,"1839"
"1839",2015,12124,"1839"
"1839",2016,13475,"1839"
"1839",2017,13895,"1839"
"1839",2018,20256,"1839"
"1839",2019,20294,"1839"
"1839",2020,17035,"1839"
"1839",2021,17420,"1839"
"1839",2022,14793,"1839"
"1839",2023,14980,"1839"
"1839",2024,15528,"1839"
"1839",2025,16295,"1839"
"1840",2009,22076,"1840"
"1840",2010,22738,"1840"
"1840",2011,29807,"1840"
"1840",2012,29142,"1840"
"1840",2013,26703,"1840"
"1840",2014,32076,"1840"
"1840",2015,36878,"1840"
"1840",2016,34089,"1840"
"1840",2017,31475,"1840"
"1840",2018,33530,"1840"
"1840",2019,45973,"1840"
"1840",2020,35241,"1840"
"1840",2021,26992,"1840"
"1840",2022,25523,"1840"
"1840",2023,24662,"1840"
"1840",2024,26985,"1840"
"1840",2025,28466,"1840"
"1841",2009,36988,"1841"
"1841",2010,34361,"1841"
"1841",2011,38669,"1841"
"1841",2012,47563,"1841"
"1841",2013,56115,"1841"
"1841",2014,77579,"1841"
"1841",2015,82432,"1841"
"1841",2016,80649,"1841"
"1841",2017,83668,"1841"
"1841",2018,91879,"1841"
"1841",2019,91492,"1841"
"1841",2020,97881,"1841"
"1841",2021,83529,"1841"
"1841",2022,57517,"1841"
"1841",2023,56149,"1841"
"1841",2024,56312,"1841"
"1841",2025,66703,"1841"
"1845",2009,8577,"1845"
"1845",2010,10450,"1845"
"1845",2011,17770,"1845"
"1845",2012,15170,"1845"
"1845",2013,11017,"1845"
"1845",2014,12374,"1845"
"1845",2015,7833,"1845"
"1845",2016,7664,"1845"
"1845",2017,8395,"1845"
"1845",2018,7110,"1845"
"1845",2019,4823,"1845"
"1845",2020,5475,"1845"
"1845",2021,8645,"1845"
"1845",2022,9326,"1845"
"1845",2023,9570,"1845"
"1845",2024,9788,"1845"
"1845",2025,9596,"1845"
"1848",2009,4015,"1848"
"1848",2010,3649,"1848"
"1848",2011,4068,"1848"
"1848",2012,3987,"1848"
"1848",2013,6185,"1848"
"1848",2014,5930,"1848"
"1848",2015,24691,"1848"
"1848",2016,24672,"1848"
"1848",2017,26952,"1848"
"1848",2018,29631,"1848"
"1848",2019,26096,"1848"
"1848",2020,37842,"1848"
"1848",2021,38618,"1848"
"1848",2022,31649,"1848"
"1848",2023,27611,"1848"
"1848",2024,29862,"1848"
"1848",2025,30718,"1848"
"1851",2009,35392,"1851"
"1851",2010,36732,"1851"
"1851",2011,12352,"1851"
"1851",2012,4649,"1851"
"1851",2013,1874,"1851"
"1851",2014,2285,"1851"
"1851",2015,99116,"1851"
"1851",2016,91640,"1851"
"1851",2017,84019,"1851"
"1851",2018,65506,"1851"
"1851",2019,44226,"1851"
"1851",2020,22291,"1851"
"1851",2021,64384,"1851"
"1851",2022,80635,"1851"
"1851",2023,86912,"1851"
"1851",2024,91938,"1851"
"1851",2025,89218,"1851"
"1853",2009,8399,"1853"
"1853",2010,10518,"1853"
"1853",2011,9434,"1853"
"1853",2012,8074,"1853"
"1853",2013,7919,"1853"
"1853",2014,10404,"1853"
"1853",2015,17091,"1853"
"1853",2016,18447,"1853"
"1853",2017,8159,"1853"
"1853",2018,8800,"1853"
"1853",2019,11507,"1853"
"1853",2020,10994,"1853"
"1853",2021,9672,"1853"
"1853",2022,8499,"1853"
"1853",2023,9029,"1853"
"1853",2024,12209,"1853"
"1853",2025,11775,"1853"
"1856",2009,2781,"1856"
"1856",2010,2575,"1856"
"1856",2011,3076,"1856"
"1856",2012,3033,"1856"
"1856",2013,3662,"1856"
"1856",2014,3609,"1856"
"1856",2015,2941,"1856"
"1856",2016,2257,"1856"
"1856",2017,3471,"1856"
"1856",2018,2864,"1856"
"1856",2019,2441,"1856"
"1856",2020,2156,"1856"
"1856",2021,1956,"1856"
"1856",2022,1198,"1856"
"1856",2023,1300,"1856"
"1856",2024,1026,"1856"
"1856",2025,1064,"1856"
"1857",2009,1110,"1857"
"1857",2010,1720,"1857"
"1857",2011,1412,"1857"
"1857",2012,953,"1857"
"1857",2013,1099,"1857"
"1857",2014,6143,"1857"
"1857",2015,10096,"1857"
"1857",2016,10551,"1857"
"1857",2017,12098,"1857"
"1857",2018,4433,"1857"
"1857",2019,5372,"1857"
"1857",2020,5414,"1857"
"1857",2021,4268,"1857"
"1857",2022,4354,"1857"
"1857",2023,4218,"1857"
"1857",2024,4775,"1857"
"1857",2025,4885,"1857"
"1859",2009,3624,"1859"
"1859",2010,3653,"1859"
"1859",2011,13085,"1859"
"1859",2012,13196,"1859"
"1859",2013,13379,"1859"
"1859",2014,14980,"1859"
"1859",2015,17323,"1859"
"1859",2016,16103,"1859"
"1859",2017,15670,"1859"
"1859",2018,21757,"1859"
"1859",2019,12844,"1859"
"1859",2020,11929,"1859"
"1859",2021,13652,"1859"
"1859",2022,15026,"1859"
"1859",2023,19105,"1859"
"1859",2024,29146,"1859"
"1859",2025,33470,"1859"
"1860",2009,103638,"1860"
"1860",2010,116262,"1860"
"1860",2011,79986,"1860"
"1860",2012,87160,"1860"
"1860",2013,95825,"1860"
"1860",2014,96895,"1860"
"1860",2015,101113,"1860"
"1860",2016,110759,"1860"
"1860",2017,116495,"1860"
"1860",2018,82616,"1860"
"1860",2019,76705,"1860"
"1860",2020,86141,"1860"
"1860",2021,89086,"1860"
"1860",2022,86399,"1860"
"1860",2023,73758,"1860"
"1860",2024,66544,"1860"
"1860",2025,56730,"1860"
"1865",2009,43942,"1865"
"1865",2010,47578,"1865"
"1865",2011,71329,"1865"
"1865",2012,64927,"1865"
"1865",2013,79424,"1865"
"1865",2014,78834,"1865"
"1865",2015,85755,"1865"
"1865",2016,86469,"1865"
"1865",2017,110134,"1865"
"1865",2018,149686,"1865"
"1865",2019,143343,"1865"
"1865",2020,153546,"1865"
"1865",2021,139415,"1865"
"1865",2022,133462,"1865"
"1865",2023,129339,"1865"
"1865",2024,118990,"1865"
"1865",2025,220242,"1865"
"1866",2009,59786,"1866"
"1866",2010,55902,"1866"
"1866",2011,53589,"1866"
"1866",2012,52540,"1866"
"1866",2013,53209,"1866"
"1866",2014,51196,"1866"
"1866",2015,31834,"1866"
"1866",2016,44596,"1866"
"1866",2017,49688,"1866"
"1866",2018,58182,"1866"
"1866",2019,53195,"1866"
"1866",2020,53079,"1866"
"1866",2021,61481,"1866"
"1866",2022,53349,"1866"
"1866",2023,49919,"1866"
"1866",2024,45559,"1866"
"1866",2025,39564,"1866"
"1867",2009,23844,"1867"
"1867",2010,27398,"1867"
"1867",2011,31533,"1867"
"1867",2012,25959,"1867"
"1867",2013,23819,"1867"
"1867",2014,20869,"1867"
"1867",2015,20157,"1867"
"1867",2016,19695,"1867"
"1867",2017,19077,"1867"
"1867",2018,19035,"1867"
"1867",2019,14736,"1867"
"1867",2020,13751,"1867"
"1867",2021,13357,"1867"
"1867",2022,13159,"1867"
"1867",2023,14189,"1867"
"1867",2024,22091,"1867"
"1867",2025,17690,"1867"
"1868",2009,44810,"1868"
"1868",2010,40401,"1868"
"1868",2011,35044,"1868"
"1868",2012,44391,"1868"
"1868",2013,48055,"1868"
"1868",2014,47746,"1868"
"1868",2015,47718,"1868"
"1868",2016,60055,"1868"
"1868",2017,69472,"1868"
"1868",2018,70088,"1868"
"1868",2019,72473,"1868"
"1868",2020,77962,"1868"
"1868",2021,76755,"1868"
"1868",2022,90273,"1868"
"1868",2023,88102,"1868"
"1868",2024,79315,"1868"
"1868",2025,92890,"1868"
"1870",2009,125954,"1870"
"1870",2010,122013,"1870"
"1870",2011,130504,"1870"
"1870",2012,142225,"1870"
"1870",2013,157754,"1870"
"1870",2014,148186,"1870"
"1870",2015,122915,"1870"
"1870",2016,128795,"1870"
"1870",2017,159817,"1870"
"1870",2018,150461,"1870"
"1870",2019,142462,"1870"
"1870",2020,155273,"1870"
"1870",2021,153348,"1870"
"1870",2022,149308,"1870"
"1870",2023,155763,"1870"
"1870",2024,137871,"1870"
"1870",2025,135279,"1870"
"1871",2009,19760,"1871"
"1871",2010,25972,"1871"
"1871",2011,61300,"1871"
"1871",2012,50465,"1871"
"1871",2013,71334,"1871"
"1871",2014,63792,"1871"
"1871",2015,67031,"1871"
"1871",2016,61293,"1871"
"1871",2017,54211,"1871"
"1871",2018,48256,"1871"
"1871",2019,39181,"1871"
"1871",2020,36569,"1871"
"1871",2021,48689,"1871"
"1871",2022,45510,"1871"
"1871",2023,45464,"1871"
"1871",2024,42235,"1871"
"1871",2025,36864,"1871"
"1874",2009,6674,"1874"
"1874",2010,8359,"1874"
"1874",2011,10780,"1874"
"1874",2012,11183,"1874"
"1874",2013,12899,"1874"
"1874",2014,11427,"1874"
"1874",2015,13906,"1874"
"1874",2016,10662,"1874"
"1874",2017,28610,"1874"
"1874",2018,29769,"1874"
"1874",2019,26922,"1874"
"1874",2020,24096,"1874"
"1874",2021,23526,"1874"
"1874",2022,22835,"1874"
"1874",2023,13091,"1874"
"1874",2024,11804,"1874"
"1874",2025,16107,"1874"
"1875",2009,0,"1875"
"1875",2010,0,"1875"
"1875",2011,0,"1875"
"1875",2012,0,"1875"
"1875",2013,0,"1875"
"1875",2014,0,"1875"
"1875",2015,0,"1875"
"1875",2016,0,"1875"
"1875",2017,0,"1875"
"1875",2018,0,"1875"
"1875",2019,0,"1875"
"1875",2020,43499,"1875"
"1875",2021,38994,"1875"
"1875",2022,33970,"1875"
"1875",2023,31647,"1875"
"1875",2024,28667,"1875"
"1875",2025,29964,"1875"
"21-22",2009,0,"2111+2112+2115+2121+2131+2199+2211"
"21-22",2010,0,"2111+2112+2115+2121+2131+2199+2211"
"21-22",2011,0,"2111+2112+2115+2121+2131+2199+2211"
"21-22",2012,0,"2111+2112+2115+2121+2131+2199+2211"
"21-22",2013,0,"2111+2112+2115+2121+2131+2199+2211"
"21-22",2014,0,"2111+2112+2115+2121+2131+2199+2211"
"21-22",2015,0,"2111+2112+2115+2121+2131+2199+2211"
"21-22",2016,0,"2111+2112+2115+2121+2131+2199+2211"
"21-22",2017,0,"2111+2112+2115+2121+2131+2199+2211"
"21-22",2018,0,"2111+2112+2115+2121+2131+2199+2211"
"21-22",2019,0,"2111+2112+2115+2121+2131+2199+2211"
"21-22",2020,0,"2111+2112+2115+2121+2131+2199+2211"
"21-22",2021,0,"2111+2112+2115+2121+2131+2199+2211"
"21-22",2022,0,"2111+2112+2115+2121+2131+2199+2211"
"21-22",2023,0,"2111+2112+2115+2121+2131+2199+2211"
"21-22",2024,0,"2111+2112+2115+2121+2131+2199+2211"
"21-22",2025,0,"2111+2112+2115+2121+2131+2199+2211"
"23",2009,0,"2311+2321"
"23",2010,0,"2311+2321"
"23",2011,0,"2311+2321"
"23",2012,0,"2311+2321"
"23",2013,0,"2311+2321"
"23",2014,0,"2311+2321"
"23",2015,0,"2311+2321"
"23",2016,0,"2311+2321"
"23",2017,0,"2311+2321"
"23",2018,0,"2311+2321"
"23",2019,0,"2311+2321"
"23",2020,0,"2311+2321"
"23",2021,0,"2311+2321"
"23",2022,0,"2311+2321"
"23",2023,0,"2311+2321"
"23",2024,0,"2311+2321"
"23",2025,0,"2311+2321"
"3101",2009,288341,"0101+3001+3101"
"3101",2010,246455,"0101+3001+3101"
"3101",2011,232971,"0101+3001+3101"
"3101",2012,223906,"0101+3001+3101"
"3101",2013,225216,"0101+3001+3101"
"3101",2014,195428,"0101+3001+3101"
"3101",2015,175762,"0101+3001+3101"
"3101",2016,185838,"0101+3001+3101"
"3101",2017,193484,"0101+3001+3101"
"3101",2018,199422,"0101+3001+3101"
"3101",2019,182763,"0101+3001+3101"
"3101",2020,178166,"0101+3001+3101"
"3101",2021,171079,"0101+3001+3101"
"3101",2022,182894,"0101+3001+3101"
"3101",2023,183383,"0101+3001+3101"
"3101",2024,185925,"0101+3001+3101"
"3101",2025,205603,"0101+3001+3101"
"3103",2009,110085,"0104+0136+3002+3103"
"3103",2010,231348,"0104+0136+3002+3103"
"3103",2011,247962,"0104+0136+3002+3103"
"3103",2012,267562,"0104+0136+3002+3103"
"3103",2013,317215,"0104+0136+3002+3103"
"3103",2014,259664,"0104+0136+3002+3103"
"3103",2015,231758,"0104+0136+3002+3103"
"3103",2016,238794,"0104+0136+3002+3103"
"3103",2017,257429,"0104+0136+3002+3103"
"3103",2018,280616,"0104+0136+3002+3103"
"3103",2019,256539,"0104+0136+3002+3103"
"3103",2020,356952,"0104+0136+3002+3103"
"3103",2021,550056,"0104+0136+3002+3103"
"3103",2022,636029,"0104+0136+3002+3103"
"3103",2023,634779,"0104+0136+3002+3103"
"3103",2024,609739,"0104+0136+3002+3103"
"3103",2025,838450,"0104+0136+3002+3103"
"3105",2009,423653,"0105+3003+3105"
"3105",2010,380877,"0105+3003+3105"
"3105",2011,278757,"0105+3003+3105"
"3105",2012,337055,"0105+3003+3105"
"3105",2013,308557,"0105+3003+3105"
"3105",2014,263911,"0105+3003+3105"
"3105",2015,255167,"0105+3003+3105"
"3105",2016,253388,"0105+3003+3105"
"3105",2017,263681,"0105+3003+3105"
"3105",2018,282882,"0105+3003+3105"
"3105",2019,303944,"0105+3003+3105"
"3105",2020,337698,"0105+3003+3105"
"3105",2021,384545,"0105+3003+3105"
"3105",2022,381622,"0105+3003+3105"
"3105",2023,421351,"0105+3003+3105"
"3105",2024,403634,"0105+3003+3105"
"3105",2025,398181,"0105+3003+3105"
"3107",2009,432062,"0106+3004+3107"
"3107",2010,427412,"0106+3004+3107"
"3107",2011,423884,"0106+3004+3107"
"3107",2012,395586,"0106+3004+3107"
"3107",2013,429909,"0106+3004+3107"
"3107",2014,391558,"0106+3004+3107"
"3107",2015,383649,"0106+3004+3107"
"3107",2016,406762,"0106+3004+3107"
"3107",2017,422971,"0106+3004+3107"
"3107",2018,464548,"0106+3004+3107"
"3107",2019,458582,"0106+3004+3107"
"3107",2020,489234,"0106+3004+3107"
"3107",2021,524809,"0106+3004+3107"
"3107",2022,528450,"0106+3004+3107"
"3107",2023,493894,"0106+3004+3107"
"3107",2024,500336,"0106+3004+3107"
"3107",2025,491227,"0106+3004+3107"
"3110",2009,19965,"0111+3011+3110"
"3110",2010,23512,"0111+3011+3110"
"3110",2011,26656,"0111+3011+3110"
"3110",2012,36321,"0111+3011+3110"
"3110",2013,34330,"0111+3011+3110"
"3110",2014,31551,"0111+3011+3110"
"3110",2015,26804,"0111+3011+3110"
"3110",2016,30695,"0111+3011+3110"
"3110",2017,41836,"0111+3011+3110"
"3110",2018,44951,"0111+3011+3110"
"3110",2019,52285,"0111+3011+3110"
"3110",2020,56545,"0111+3011+3110"
"3110",2021,50031,"0111+3011+3110"
"3110",2022,47136,"0111+3011+3110"
"3110",2023,45032,"0111+3011+3110"
"3110",2024,43415,"0111+3011+3110"
"3110",2025,46055,"0111+3011+3110"
"3112",2009,34438,"0135+3017+3112"
"3112",2010,33042,"0135+3017+3112"
"3112",2011,35767,"0135+3017+3112"
"3112",2012,35513,"0135+3017+3112"
"3112",2013,32374,"0135+3017+3112"
"3112",2014,47596,"0135+3017+3112"
"3112",2015,50435,"0135+3017+3112"
"3112",2016,57533,"0135+3017+3112"
"3112",2017,61710,"0135+3017+3112"
"3112",2018,68202,"0135+3017+3112"
"3112",2019,72395,"0135+3017+3112"
"3112",2020,97980,"0135+3017+3112"
"3112",2021,93903,"0135+3017+3112"
"3112",2022,86336,"0135+3017+3112"
"3112",2023,93267,"0135+3017+3112"
"3112",2024,90874,"0135+3017+3112"
"3112",2025,84052,"0135+3017+3112"
"3114",2009,11856,"0137+3018+3114"
"3114",2010,15177,"0137+3018+3114"
"3114",2011,16830,"0137+3018+3114"
"3114",2012,30700,"0137+3018+3114"
"3114",2013,31766,"0137+3018+3114"
"3114",2014,29203,"0137+3018+3114"
"3114",2015,20338,"0137+3018+3114"
"3114",2016,18644,"0137+3018+3114"
"3114",2017,30077,"0137+3018+3114"
"3114",2018,37083,"0137+3018+3114"
"3114",2019,28906,"0137+3018+3114"
"3114",2020,26438,"0137+3018+3114"
"3114",2021,25441,"0137+3018+3114"
"3114",2022,20836,"0137+3018+3114"
"3114",2023,27173,"0137+3018+3114"
"3114",2024,22155,"0137+3018+3114"
"3114",2025,35618,"0137+3018+3114"
"3116",2009,14354,"0127+3015+3116"
"3116",2010,17549,"0127+3015+3116"
"3116",2011,14814,"0127+3015+3116"
"3116",2012,22196,"0127+3015+3116"
"3116",2013,21674,"0127+3015+3116"
"3116",2014,33089,"0127+3015+3116"
"3116",2015,36126,"0127+3015+3116"
"3116",2016,31729,"0127+3015+3116"
"3116",2017,36044,"0127+3015+3116"
"3116",2018,36093,"0127+3015+3116"
"3116",2019,38627,"0127+3015+3116"
"3116",2020,46261,"0127+3015+3116"
"3116",2021,42052,"0127+3015+3116"
"3116",2022,40632,"0127+3015+3116"
"3116",2023,38194,"0127+3015+3116"
"3116",2024,40667,"0127+3015+3116"
"3116",2025,41684,"0127+3015+3116"
"3118",2009,310607,"0122+0123+0124+0125+0138+3014+3118"
"3118",2010,365288,"0122+0123+0124+0125+0138+3014+3118"
"3118",2011,368201,"0122+0123+0124+0125+0138+3014+3118"
"3118",2012,335882,"0122+0123+0124+0125+0138+3014+3118"
"3118",2013,326760,"0122+0123+0124+0125+0138+3014+3118"
"3118",2014,325240,"0122+0123+0124+0125+0138+3014+3118"
"3118",2015,351019,"0122+0123+0124+0125+0138+3014+3118"
"3118",2016,375861,"0122+0123+0124+0125+0138+3014+3118"
"3118",2017,379954,"0122+0123+0124+0125+0138+3014+3118"
"3118",2018,413331,"0122+0123+0124+0125+0138+3014+3118"
"3118",2019,413293,"0122+0123+0124+0125+0138+3014+3118"
"3118",2020,582512,"0122+0123+0124+0125+0138+3014+3118"
"3118",2021,672902,"0122+0123+0124+0125+0138+3014+3118"
"3118",2022,619514,"0122+0123+0124+0125+0138+3014+3118"
"3118",2023,587334,"0122+0123+0124+0125+0138+3014+3118"
"3118",2024,556098,"0122+0123+0124+0125+0138+3014+3118"
"3118",2025,559978,"0122+0123+0124+0125+0138+3014+3118"
"3120",2009,79644,"0128+3016+3120"
"3120",2010,69742,"0128+3016+3120"
"3120",2011,71557,"0128+3016+3120"
"3120",2012,71625,"0128+3016+3120"
"3120",2013,80956,"0128+3016+3120"
"3120",2014,82920,"0128+3016+3120"
"3120",2015,77429,"0128+3016+3120"
"3120",2016,82586,"0128+3016+3120"
"3120",2017,77334,"0128+3016+3120"
"3120",2018,75514,"0128+3016+3120"
"3120",2019,73733,"0128+3016+3120"
"3120",2020,86391,"0128+3016+3120"
"3120",2021,78512,"0128+3016+3120"
"3120",2022,89330,"0128+3016+3120"
"3120",2023,86036,"0128+3016+3120"
"3120",2024,78349,"0128+3016+3120"
"3120",2025,75233,"0128+3016+3120"
"3122",2009,11476,"0119+3013+3122"
"3122",2010,11401,"0119+3013+3122"
"3122",2011,12166,"0119+3013+3122"
"3122",2012,12673,"0119+3013+3122"
"3122",2013,15551,"0119+3013+3122"
"3122",2014,17044,"0119+3013+3122"
"3122",2015,17080,"0119+3013+3122"
"3122",2016,18466,"0119+3013+3122"
"3122",2017,24699,"0119+3013+3122"
"3122",2018,15046,"0119+3013+3122"
"3122",2019,25990,"0119+3013+3122"
"3122",2020,25647,"0119+3013+3122"
"3122",2021,24014,"0119+3013+3122"
"3122",2022,20666,"0119+3013+3122"
"3122",2023,13782,"0119+3013+3122"
"3122",2024,7737,"0119+3013+3122"
"3122",2025,8465,"0119+3013+3122"
"3124",2009,18473,"0118+3012+3124"
"3124",2010,11747,"0118+3012+3124"
"3124",2011,26557,"0118+3012+3124"
"3124",2012,29088,"0118+3012+3124"
"3124",2013,31099,"0118+3012+3124"
"3124",2014,26861,"0118+3012+3124"
"3124",2015,25250,"0118+3012+3124"
"3124",2016,25830,"0118+3012+3124"
"3124",2017,21630,"0118+3012+3124"
"3124",2018,18385,"0118+3012+3124"
"3124",2019,19742,"0118+3012+3124"
"3124",2020,21791,"0118+3012+3124"
"3124",2021,23836,"0118+3012+3124"
"3124",2022,27163,"0118+3012+3124"
"3124",2023,34210,"0118+3012+3124"
"3124",2024,38061,"0118+3012+3124"
"3124",2025,29743,"0118+3012+3124"
"3201",2009,610690,"0219+3024+3201"
"3201",2010,620688,"0219+3024+3201"
"3201",2011,663307,"0219+3024+3201"
"3201",2012,748079,"0219+3024+3201"
"3201",2013,833096,"0219+3024+3201"
"3201",2014,761843,"0219+3024+3201"
"3201",2015,766296,"0219+3024+3201"
"3201",2016,777645,"0219+3024+3201"
"3201",2017,874818,"0219+3024+3201"
"3201",2018,1062970,"0219+3024+3201"
"3201",2019,1180301,"0219+3024+3201"
"3201",2020,1171846,"0219+3024+3201"
"3201",2021,1212786,"0219+3024+3201"
"3201",2022,1227205,"0219+3024+3201"
"3201",2023,1269740,"0219+3024+3201"
"3201",2024,1257489,"0219+3024+3201"
"3201",2025,1266217,"0219+3024+3201"
"3203",2009,424675,"0220+0627+0628+3025+3203"
"3203",2010,431348,"0220+0627+0628+3025+3203"
"3203",2011,461963,"0220+0627+0628+3025+3203"
"3203",2012,489740,"0220+0627+0628+3025+3203"
"3203",2013,529772,"0220+0627+0628+3025+3203"
"3203",2014,547143,"0220+0627+0628+3025+3203"
"3203",2015,564046,"0220+0627+0628+3025+3203"
"3203",2016,603617,"0220+0627+0628+3025+3203"
"3203",2017,679828,"0220+0627+0628+3025+3203"
"3203",2018,766637,"0220+0627+0628+3025+3203"
"3203",2019,831268,"0220+0627+0628+3025+3203"
"3203",2020,1115495,"0220+0627+0628+3025+3203"
"3203",2021,1213556,"0220+0627+0628+3025+3203"
"3203",2022,1183829,"0220+0627+0628+3025+3203"
"3203",2023,1086543,"0220+0627+0628+3025+3203"
"3203",2024,979454,"0220+0627+0628+3025+3203"
"3203",2025,885011,"0220+0627+0628+3025+3203"
"3205",2009,271432,"0226+0227+0231+3030+3205"
"3205",2010,278984,"0226+0227+0231+3030+3205"
"3205",2011,309726,"0226+0227+0231+3030+3205"
"3205",2012,328580,"0226+0227+0231+3030+3205"
"3205",2013,343571,"0226+0227+0231+3030+3205"
"3205",2014,400990,"0226+0227+0231+3030+3205"
"3205",2015,401792,"0226+0227+0231+3030+3205"
"3205",2016,426868,"0226+0227+0231+3030+3205"
"3205",2017,416414,"0226+0227+0231+3030+3205"
"3205",2018,489836,"0226+0227+0231+3030+3205"
"3205",2019,412798,"0226+0227+0231+3030+3205"
"3205",2020,338700,"0226+0227+0231+3030+3205"
"3205",2021,468765,"0226+0227+0231+3030+3205"
"3205",2022,446707,"0226+0227+0231+3030+3205"
"3205",2023,420976,"0226+0227+0231+3030+3205"
"3205",2024,388135,"0226+0227+0231+3030+3205"
"3205",2025,363643,"0226+0227+0231+3030+3205"
"3207",2009,145986,"0213+0217+3020+3207"
"3207",2010,142555,"0213+0217+3020+3207"
"3207",2011,164290,"0213+0217+3020+3207"
"3207",2012,171485,"0213+0217+3020+3207"
"3207",2013,178273,"0213+0217+3020+3207"
"3207",2014,193943,"0213+0217+3020+3207"
"3207",2015,212177,"0213+0217+3020+3207"
"3207",2016,211990,"0213+0217+3020+3207"
"3207",2017,220387,"0213+0217+3020+3207"
"3207",2018,206583,"0213+0217+3020+3207"
"3207",2019,185940,"0213+0217+3020+3207"
"3207",2020,174225,"0213+0217+3020+3207"
"3207",2021,207100,"0213+0217+3020+3207"
"3207",2022,284097,"0213+0217+3020+3207"
"3207",2023,390267,"0213+0217+3020+3207"
"3207",2024,470338,"0213+0217+3020+3207"
"3207",2025,427757,"0213+0217+3020+3207"
"3209",2009,57722,"0235+3033+3209"
"3209",2010,49693,"0235+3033+3209"
"3209",2011,41282,"0235+3033+3209"
"3209",2012,37263,"0235+3033+3209"
"3209",2013,33359,"0235+3033+3209"
"3209",2014,40791,"0235+3033+3209"
"3209",2015,42076,"0235+3033+3209"
"3209",2016,45570,"0235+3033+3209"
"3209",2017,66251,"0235+3033+3209"
"3209",2018,80183,"0235+3033+3209"
"3209",2019,75813,"0235+3033+3209"
"3209",2020,89015,"0235+3033+3209"
"3209",2021,67899,"0235+3033+3209"
"3209",2022,77595,"0235+3033+3209"
"3209",2023,101631,"0235+3033+3209"
"3209",2024,92903,"0235+3033+3209"
"3209",2025,90905,"0235+3033+3209"
"3212",2009,40319,"0216+3023+3212"
"3212",2010,52403,"0216+3023+3212"
"3212",2011,50056,"0216+3023+3212"
"3212",2012,52128,"0216+3023+3212"
"3212",2013,52845,"0216+3023+3212"
"3212",2014,49274,"0216+3023+3212"
"3212",2015,46594,"0216+3023+3212"
"3212",2016,49616,"0216+3023+3212"
"3212",2017,46185,"0216+3023+3212"
"3212",2018,41464,"0216+3023+3212"
"3212",2019,42856,"0216+3023+3212"
"3212",2020,35100,"0216+3023+3212"
"3212",2021,39984,"0216+3023+3212"
"3212",2022,33820,"0216+3023+3212"
"3212",2023,41460,"0216+3023+3212"
"3212",2024,86295,"0216+3023+3212"
"3212",2025,86874,"0216+3023+3212"
"3214",2009,24874,"0215+3022+3214"
"3214",2010,21909,"0215+3022+3214"
"3214",2011,29539,"0215+3022+3214"
"3214",2012,36228,"0215+3022+3214"
"3214",2013,33473,"0215+3022+3214"
"3214",2014,35648,"0215+3022+3214"
"3214",2015,33363,"0215+3022+3214"
"3214",2016,35227,"0215+3022+3214"
"3214",2017,37333,"0215+3022+3214"
"3214",2018,35380,"0215+3022+3214"
"3214",2019,37202,"0215+3022+3214"
"3214",2020,37048,"0215+3022+3214"
"3214",2021,45495,"0215+3022+3214"
"3214",2022,53934,"0215+3022+3214"
"3214",2023,44066,"0215+3022+3214"
"3214",2024,47711,"0215+3022+3214"
"3214",2025,46864,"0215+3022+3214"
"3216",2009,39105,"0211+3019+3216"
"3216",2010,45692,"0211+3019+3216"
"3216",2011,51317,"0211+3019+3216"
"3216",2012,59141,"0211+3019+3216"
"3216",2013,51636,"0211+3019+3216"
"3216",2014,55314,"0211+3019+3216"
"3216",2015,53375,"0211+3019+3216"
"3216",2016,53487,"0211+3019+3216"
"3216",2017,52695,"0211+3019+3216"
"3216",2018,53242,"0211+3019+3216"
"3216",2019,60491,"0211+3019+3216"
"3216",2020,61476,"0211+3019+3216"
"3216",2021,66238,"0211+3019+3216"
"3216",2022,69254,"0211+3019+3216"
"3216",2023,92512,"0211+3019+3216"
"3216",2024,89120,"0211+3019+3216"
"3216",2025,102720,"0211+3019+3216"
"3218",2009,34285,"0214+3021+3218"
"3218",2010,34690,"0214+3021+3218"
"3218",2011,33376,"0214+3021+3218"
"3218",2012,41871,"0214+3021+3218"
"3218",2013,42591,"0214+3021+3218"
"3218",2014,33731,"0214+3021+3218"
"3218",2015,35989,"0214+3021+3218"
"3218",2016,37988,"0214+3021+3218"
"3218",2017,41386,"0214+3021+3218"
"3218",2018,39382,"0214+3021+3218"
"3218",2019,39804,"0214+3021+3218"
"3218",2020,35954,"0214+3021+3218"
"3218",2021,35586,"0214+3021+3218"
"3218",2022,35521,"0214+3021+3218"
"3218",2023,40259,"0214+3021+3218"
"3218",2024,44954,"0214+3021+3218"
"3218",2025,50276,"0214+3021+3218"
"3220",2009,13396,"0229+3028+3220"
"3220",2010,17084,"0229+3028+3220"
"3220",2011,20475,"0229+3028+3220"
"3220",2012,28859,"0229+3028+3220"
"3220",2013,26954,"0229+3028+3220"
"3220",2014,26984,"0229+3028+3220"
"3220",2015,30074,"0229+3028+3220"
"3220",2016,26719,"0229+3028+3220"
"3220",2017,30273,"0229+3028+3220"
"3220",2018,30883,"0229+3028+3220"
"3220",2019,27676,"0229+3028+3220"
"3220",2020,34329,"0229+3028+3220"
"3220",2021,32693,"0229+3028+3220"
"3220",2022,27342,"0229+3028+3220"
"3220",2023,25531,"0229+3028+3220"
"3220",2024,26993,"0229+3028+3220"
"3220",2025,27904,"0229+3028+3220"
"3222",2009,43953,"0230+3029+3222"
"3222",2010,53643,"0230+3029+3222"
"3222",2011,58354,"0230+3029+3222"
"3222",2012,63548,"0230+3029+3222"
"3222",2013,60147,"0230+3029+3222"
"3222",2014,53408,"0230+3029+3222"
"3222",2015,57654,"0230+3029+3222"
"3222",2016,68426,"0230+3029+3222"
"3222",2017,61659,"0230+3029+3222"
"3222",2018,79514,"0230+3029+3222"
"3222",2019,137497,"0230+3029+3222"
"3222",2020,146048,"0230+3029+3222"
"3222",2021,128336,"0230+3029+3222"
"3222",2022,140087,"0230+3029+3222"
"3222",2023,150348,"0230+3029+3222"
"3222",2024,153820,"0230+3029+3222"
"3222",2025,157951,"0230+3029+3222"
"3224",2009,34671,"0228+3027+3224"
"3224",2010,30425,"0228+3027+3224"
"3224",2011,27671,"0228+3027+3224"
"3224",2012,30605,"0228+3027+3224"
"3224",2013,34461,"0228+3027+3224"
"3224",2014,39934,"0228+3027+3224"
"3224",2015,41442,"0228+3027+3224"
"3224",2016,48607,"0228+3027+3224"
"3224",2017,52513,"0228+3027+3224"
"3224",2018,66822,"0228+3027+3224"
"3224",2019,85781,"0228+3027+3224"
"3224",2020,93351,"0228+3027+3224"
"3224",2021,91565,"0228+3027+3224"
"3224",2022,95869,"0228+3027+3224"
"3224",2023,105589,"0228+3027+3224"
"3224",2024,86764,"0228+3027+3224"
"3224",2025,66206,"0228+3027+3224"
"3226",2009,33754,"0121+0221+3026+3226"
"3226",2010,35451,"0121+0221+3026+3226"
"3226",2011,31228,"0121+0221+3026+3226"
"3226",2012,37845,"0121+0221+3026+3226"
"3226",2013,58987,"0121+0221+3026+3226"
"3226",2014,59658,"0121+0221+3026+3226"
"3226",2015,56490,"0121+0221+3026+3226"
"3226",2016,53756,"0121+0221+3026+3226"
"3226",2017,55898,"0121+0221+3026+3226"
"3226",2018,65749,"0121+0221+3026+3226"
"3226",2019,67104,"0121+0221+3026+3226"
"3226",2020,68882,"0121+0221+3026+3226"
"3226",2021,79910,"0121+0221+3026+3226"
"3226",2022,87928,"0121+0221+3026+3226"
"3226",2023,88098,"0121+0221+3026+3226"
"3226",2024,92320,"0121+0221+3026+3226"
"3226",2025,83885,"0121+0221+3026+3226"
"3228",2009,55355,"0236+3034+3228"
"3228",2010,62957,"0236+3034+3228"
"3228",2011,61264,"0236+3034+3228"
"3228",2012,70030,"0236+3034+3228"
"3228",2013,74431,"0236+3034+3228"
"3228",2014,88144,"0236+3034+3228"
"3228",2015,105606,"0236+3034+3228"
"3228",2016,115860,"0236+3034+3228"
"3228",2017,128654,"0236+3034+3228"
"3228",2018,116366,"0236+3034+3228"
"3228",2019,122308,"0236+3034+3228"
"3228",2020,120450,"0236+3034+3228"
"3228",2021,116755,"0236+3034+3228"
"3228",2022,105461,"0236+3034+3228"
"3228",2023,101379,"0236+3034+3228"
"3228",2024,103828,"0236+3034+3228"
"3228",2025,106007,"0236+3034+3228"
"3230",2009,12854,"0234+3032+3230"
"3230",2010,11814,"0234+3032+3230"
"3230",2011,12140,"0234+3032+3230"
"3230",2012,12950,"0234+3032+3230"
"3230",2013,17294,"0234+3032+3230"
"3230",2014,27895,"0234+3032+3230"
"3230",2015,31854,"0234+3032+3230"
"3230",2016,30434,"0234+3032+3230"
"3230",2017,28675,"0234+3032+3230"
"3230",2018,30259,"0234+3032+3230"
"3230",2019,30987,"0234+3032+3230"
"3230",2020,35500,"0234+3032+3230"
"3230",2021,30996,"0234+3032+3230"
"3230",2022,27671,"0234+3032+3230"
"3230",2023,34417,"0234+3032+3230"
"3230",2024,24892,"0234+3032+3230"
"3230",2025,23438,"0234+3032+3230"
"3232",2009,66661,"0233+3031+3232"
"3232",2010,66295,"0233+3031+3232"
"3232",2011,72636,"0233+3031+3232"
"3232",2012,86958,"0233+3031+3232"
"3232",2013,98432,"0233+3031+3232"
"3232",2014,108622,"0233+3031+3232"
"3232",2015,103078,"0233+3031+3232"
"3232",2016,99143,"0233+3031+3232"
"3232",2017,103925,"0233+3031+3232"
"3232",2018,119159,"0233+3031+3232"
"3232",2019,121421,"0233+3031+3232"
"3232",2020,129220,"0233+3031+3232"
"3232",2021,123563,"0233+3031+3232"
"3232",2022,135210,"0233+3031+3232"
"3232",2023,112871,"0233+3031+3232"
"3232",2024,114522,"0233+3031+3232"
"3232",2025,118246,"0233+3031+3232"
"3234",2009,29310,"0533+3054+3234"
"3234",2010,34370,"0533+3054+3234"
"3234",2011,38128,"0533+3054+3234"
"3234",2012,35305,"0533+3054+3234"
"3234",2013,39482,"0533+3054+3234"
"3234",2014,32561,"0533+3054+3234"
"3234",2015,34701,"0533+3054+3234"
"3234",2016,40157,"0533+3054+3234"
"3234",2017,42737,"0533+3054+3234"
"3234",2018,46822,"0533+3054+3234"
"3234",2019,53479,"0533+3054+3234"
"3234",2020,61549,"0533+3054+3234"
"3234",2021,86457,"0533+3054+3234"
"3234",2022,99202,"0533+3054+3234"
"3234",2023,92793,"0533+3054+3234"
"3234",2024,95701,"0533+3054+3234"
"3234",2025,98207,"0533+3054+3234"
"3236",2009,15734,"0532+3053+3236"
"3236",2010,15229,"0532+3053+3236"
"3236",2011,27467,"0532+3053+3236"
"3236",2012,27059,"0532+3053+3236"
"3236",2013,23199,"0532+3053+3236"
"3236",2014,28904,"0532+3053+3236"
"3236",2015,25679,"0532+3053+3236"
"3236",2016,25551,"0532+3053+3236"
"3236",2017,26339,"0532+3053+3236"
"3236",2018,27281,"0532+3053+3236"
"3236",2019,30851,"0532+3053+3236"
"3236",2020,34376,"0532+3053+3236"
"3236",2021,40855,"0532+3053+3236"
"3236",2022,42231,"0532+3053+3236"
"3236",2023,31430,"0532+3053+3236"
"3236",2024,26681,"0532+3053+3236"
"3236",2025,26119,"0532+3053+3236"
"3238",2009,41534,"0238+3036+3238"
"3238",2010,53238,"0238+3036+3238"
"3238",2011,50345,"0238+3036+3238"
"3238",2012,46602,"0238+3036+3238"
"3238",2013,46604,"0238+3036+3238"
"3238",2014,46846,"0238+3036+3238"
"3238",2015,44764,"0238+3036+3238"
"3238",2016,37236,"0238+3036+3238"
"3238",2017,38426,"0238+3036+3238"
"3238",2018,38031,"0238+3036+3238"
"3238",2019,35385,"0238+3036+3238"
"3238",2020,36148,"0238+3036+3238"
"3238",2021,40865,"0238+3036+3238"
"3238",2022,43419,"0238+3036+3238"
"3238",2023,58695,"0238+3036+3238"
"3238",2024,56552,"0238+3036+3238"
"3238",2025,74925,"0238+3036+3238"
"3240",2009,34690,"0237+3035+3240"
"3240",2010,116858,"0237+3035+3240"
"3240",2011,131888,"0237+3035+3240"
"3240",2012,84965,"0237+3035+3240"
"3240",2013,89979,"0237+3035+3240"
"3240",2014,96011,"0237+3035+3240"
"3240",2015,103207,"0237+3035+3240"
"3240",2016,129928,"0237+3035+3240"
"3240",2017,138139,"0237+3035+3240"
"3240",2018,138404,"0237+3035+3240"
"3240",2019,133093,"0237+3035+3240"
"3240",2020,136497,"0237+3035+3240"
"3240",2021,121700,"0237+3035+3240"
"3240",2022,120763,"0237+3035+3240"
"3240",2023,97410,"0237+3035+3240"
"3240",2024,89288,"0237+3035+3240"
"3240",2025,67671,"0237+3035+3240"
"3242",2009,11733,"0239+3037+3242"
"3242",2010,12257,"0239+3037+3242"
"3242",2011,17344,"0239+3037+3242"
"3242",2012,15900,"0239+3037+3242"
"3242",2013,15242,"0239+3037+3242"
"3242",2014,33283,"0239+3037+3242"
"3242",2015,33214,"0239+3037+3242"
"3242",2016,31788,"0239+3037+3242"
"3242",2017,29534,"0239+3037+3242"
"3242",2018,23825,"0239+3037+3242"
"3242",2019,19893,"0239+3037+3242"
"3242",2020,17047,"0239+3037+3242"
"3242",2021,16790,"0239+3037+3242"
"3242",2022,15030,"0239+3037+3242"
"3242",2023,11570,"0239+3037+3242"
"3242",2024,11332,"0239+3037+3242"
"3242",2025,14025,"0239+3037+3242"
"3301",2009,407131,"0602+0625+0711+3005+3301"
"3301",2010,392835,"0602+0625+0711+3005+3301"
"3301",2011,425440,"0602+0625+0711+3005+3301"
"3301",2012,483058,"0602+0625+0711+3005+3301"
"3301",2013,515992,"0602+0625+0711+3005+3301"
"3301",2014,564476,"0602+0625+0711+3005+3301"
"3301",2015,543948,"0602+0625+0711+3005+3301"
"3301",2016,616208,"0602+0625+0711+3005+3301"
"3301",2017,607247,"0602+0625+0711+3005+3301"
"3301",2018,606193,"0602+0625+0711+3005+3301"
"3301",2019,555977,"0602+0625+0711+3005+3301"
"3301",2020,704760,"0602+0625+0711+3005+3301"
"3301",2021,755349,"0602+0625+0711+3005+3301"
"3301",2022,666216,"0602+0625+0711+3005+3301"
"3301",2023,721581,"0602+0625+0711+3005+3301"
"3301",2024,740484,"0602+0625+0711+3005+3301"
"3301",2025,665070,"0602+0625+0711+3005+3301"
"3303",2009,153571,"0604+3006+3303"
"3303",2010,152767,"0604+3006+3303"
"3303",2011,163789,"0604+3006+3303"
"3303",2012,176766,"0604+3006+3303"
"3303",2013,182320,"0604+3006+3303"
"3303",2014,264036,"0604+3006+3303"
"3303",2015,259179,"0604+3006+3303"
"3303",2016,311171,"0604+3006+3303"
"3303",2017,354160,"0604+3006+3303"
"3303",2018,352487,"0604+3006+3303"
"3303",2019,398270,"0604+3006+3303"
"3303",2020,366439,"0604+3006+3303"
"3303",2021,454799,"0604+3006+3303"
"3303",2022,309337,"0604+3006+3303"
"3303",2023,316273,"0604+3006+3303"
"3303",2024,301798,"0604+3006+3303"
"3303",2025,279899,"0604+3006+3303"
"3305",2009,473569,"0605+3007+3305"
"3305",2010,457898,"0605+3007+3305"
"3305",2011,446827,"0605+3007+3305"
"3305",2012,446032,"0605+3007+3305"
"3305",2013,452411,"0605+3007+3305"
"3305",2014,439915,"0605+3007+3305"
"3305",2015,391960,"0605+3007+3305"
"3305",2016,405138,"0605+3007+3305"
"3305",2017,418197,"0605+3007+3305"
"3305",2018,435994,"0605+3007+3305"
"3305",2019,441434,"0605+3007+3305"
"3305",2020,439632,"0605+3007+3305"
"3305",2021,467709,"0605+3007+3305"
"3305",2022,475301,"0605+3007+3305"
"3305",2023,366069,"0605+3007+3305"
"3305",2024,279201,"0605+3007+3305"
"3305",2025,242964,"0605+3007+3305"
"3310",2009,27195,"0612+3038+3310"
"3310",2010,30532,"0612+3038+3310"
"3310",2011,46662,"0612+3038+3310"
"3310",2012,49796,"0612+3038+3310"
"3310",2013,145408,"0612+3038+3310"
"3310",2014,134485,"0612+3038+3310"
"3310",2015,66715,"0612+3038+3310"
"3310",2016,49744,"0612+3038+3310"
"3310",2017,42124,"0612+3038+3310"
"3310",2018,32508,"0612+3038+3310"
"3310",2019,27633,"0612+3038+3310"
"3310",2020,26476,"0612+3038+3310"
"3310",2021,28109,"0612+3038+3310"
"3310",2022,24749,"0612+3038+3310"
"3310",2023,25790,"0612+3038+3310"
"3310",2024,26326,"0612+3038+3310"
"3310",2025,31443,"0612+3038+3310"
"3312",2009,160151,"0626+3049+3312"
"3312",2010,159593,"0626+3049+3312"
"3312",2011,193395,"0626+3049+3312"
"3312",2012,187181,"0626+3049+3312"
"3312",2013,180312,"0626+3049+3312"
"3312",2014,182921,"0626+3049+3312"
"3312",2015,167085,"0626+3049+3312"
"3312",2016,171089,"0626+3049+3312"
"3312",2017,175767,"0626+3049+3312"
"3312",2018,169385,"0626+3049+3312"
"3312",2019,168290,"0626+3049+3312"
"3312",2020,167109,"0626+3049+3312"
"3312",2021,145583,"0626+3049+3312"
"3312",2022,130980,"0626+3049+3312"
"3312",2023,140463,"0626+3049+3312"
"3312",2024,169088,"0626+3049+3312"
"3312",2025,157413,"0626+3049+3312"
"3314",2009,82037,"0624+3048+3314"
"3314",2010,92028,"0624+3048+3314"
"3314",2011,97765,"0624+3048+3314"
"3314",2012,133946,"0624+3048+3314"
"3314",2013,151814,"0624+3048+3314"
"3314",2014,170087,"0624+3048+3314"
"3314",2015,155266,"0624+3048+3314"
"3314",2016,120631,"0624+3048+3314"
"3314",2017,119489,"0624+3048+3314"
"3314",2018,114981,"0624+3048+3314"
"3314",2019,120971,"0624+3048+3314"
"3314",2020,141302,"0624+3048+3314"
"3314",2021,141098,"0624+3048+3314"
"3314",2022,145881,"0624+3048+3314"
"3314",2023,161313,"0624+3048+3314"
"3314",2024,156559,"0624+3048+3314"
"3314",2025,159266,"0624+3048+3314"
"3316",2009,76664,"0623+3047+3316"
"3316",2010,74478,"0623+3047+3316"
"3316",2011,80483,"0623+3047+3316"
"3316",2012,73669,"0623+3047+3316"
"3316",2013,60824,"0623+3047+3316"
"3316",2014,38601,"0623+3047+3316"
"3316",2015,34923,"0623+3047+3316"
"3316",2016,45107,"0623+3047+3316"
"3316",2017,58521,"0623+3047+3316"
"3316",2018,71363,"0623+3047+3316"
"3316",2019,123536,"0623+3047+3316"
"3316",2020,162211,"0623+3047+3316"
"3316",2021,161227,"0623+3047+3316"
"3316",2022,172646,"0623+3047+3316"
"3316",2023,178198,"0623+3047+3316"
"3316",2024,182186,"0623+3047+3316"
"3316",2025,201740,"0623+3047+3316"
"3318",2009,19273,"0622+3046+3318"
"3318",2010,14532,"0622+3046+3318"
"3318",2011,15587,"0622+3046+3318"
"3318",2012,10139,"0622+3046+3318"
"3318",2013,10100,"0622+3046+3318"
"3318",2014,10263,"0622+3046+3318"
"3318",2015,8995,"0622+3046+3318"
"3318",2016,9334,"0622+3046+3318"
"3318",2017,11523,"0622+3046+3318"
"3318",2018,12732,"0622+3046+3318"
"3318",2019,13726,"0622+3046+3318"
"3318",2020,8879,"0622+3046+3318"
"3318",2021,10367,"0622+3046+3318"
"3318",2022,10919,"0622+3046+3318"
"3318",2023,11396,"0622+3046+3318"
"3318",2024,10777,"0622+3046+3318"
"3318",2025,10868,"0622+3046+3318"
"3320",2009,8209,"0615+3039+3320"
"3320",2010,7740,"0615+3039+3320"
"3320",2011,6342,"0615+3039+3320"
"3320",2012,5820,"0615+3039+3320"
"3320",2013,4726,"0615+3039+3320"
"3320",2014,8622,"0615+3039+3320"
"3320",2015,10521,"0615+3039+3320"
"3320",2016,13030,"0615+3039+3320"
"3320",2017,11226,"0615+3039+3320"
"3320",2018,9133,"0615+3039+3320"
"3320",2019,8703,"0615+3039+3320"
"3320",2020,8647,"0615+3039+3320"
"3320",2021,7517,"0615+3039+3320"
"3320",2022,7372,"0615+3039+3320"
"3320",2023,10215,"0615+3039+3320"
"3320",2024,8671,"0615+3039+3320"
"3320",2025,6813,"0615+3039+3320"
"3322",2009,31814,"0616+3040+3322"
"3322",2010,37559,"0616+3040+3322"
"3322",2011,50636,"0616+3040+3322"
"3322",2012,55901,"0616+3040+3322"
"3322",2013,65378,"0616+3040+3322"
"3322",2014,96375,"0616+3040+3322"
"3322",2015,118989,"0616+3040+3322"
"3322",2016,124321,"0616+3040+3322"
"3322",2017,110205,"0616+3040+3322"
"3322",2018,86619,"0616+3040+3322"
"3322",2019,76444,"0616+3040+3322"
"3322",2020,60355,"0616+3040+3322"
"3322",2021,50615,"0616+3040+3322"
"3322",2022,58326,"0616+3040+3322"
"3322",2023,59164,"0616+3040+3322"
"3322",2024,48325,"0616+3040+3322"
"3322",2025,27655,"0616+3040+3322"
"3324",2009,40190,"0617+3041+3324"
"3324",2010,54463,"0617+3041+3324"
"3324",2011,47642,"0617+3041+3324"
"3324",2012,40318,"0617+3041+3324"
"3324",2013,42185,"0617+3041+3324"
"3324",2014,29645,"0617+3041+3324"
"3324",2015,26533,"0617+3041+3324"
"3324",2016,24392,"0617+3041+3324"
"3324",2017,31398,"0617+3041+3324"
"3324",2018,32716,"0617+3041+3324"
"3324",2019,26262,"0617+3041+3324"
"3324",2020,33307,"0617+3041+3324"
"3324",2021,22295,"0617+3041+3324"
"3324",2022,21124,"0617+3041+3324"
"3324",2023,29209,"0617+3041+3324"
"3324",2024,48388,"0617+3041+3324"
"3324",2025,46387,"0617+3041+3324"
"3326",2009,7526,"0618+3042+3326"
"3326",2010,7473,"0618+3042+3326"
"3326",2011,7678,"0618+3042+3326"
"3326",2012,7170,"0618+3042+3326"
"3326",2013,6566,"0618+3042+3326"
"3326",2014,6854,"0618+3042+3326"
"3326",2015,9963,"0618+3042+3326"
"3326",2016,10150,"0618+3042+3326"
"3326",2017,9592,"0618+3042+3326"
"3326",2018,9604,"0618+3042+3326"
"3326",2019,11202,"0618+3042+3326"
"3326",2020,10847,"0618+3042+3326"
"3326",2021,8888,"0618+3042+3326"
"3326",2022,8178,"0618+3042+3326"
"3326",2023,7607,"0618+3042+3326"
"3326",2024,9802,"0618+3042+3326"
"3326",2025,9477,"0618+3042+3326"
"3328",2009,27498,"0619+3043+3328"
"3328",2010,43052,"0619+3043+3328"
"3328",2011,30436,"0619+3043+3328"
"3328",2012,37083,"0619+3043+3328"
"3328",2013,31240,"0619+3043+3328"
"3328",2014,34141,"0619+3043+3328"
"3328",2015,43371,"0619+3043+3328"
"3328",2016,46228,"0619+3043+3328"
"3328",2017,50870,"0619+3043+3328"
"3328",2018,49123,"0619+3043+3328"
"3328",2019,47968,"0619+3043+3328"
"3328",2020,53013,"0619+3043+3328"
"3328",2021,57896,"0619+3043+3328"
"3328",2022,55442,"0619+3043+3328"
"3328",2023,55891,"0619+3043+3328"
"3328",2024,54508,"0619+3043+3328"
"3328",2025,47046,"0619+3043+3328"
"3330",2009,22121,"0620+3044+3330"
"3330",2010,28882,"0620+3044+3330"
"3330",2011,26036,"0620+3044+3330"
"3330",2012,17234,"0620+3044+3330"
"3330",2013,18136,"0620+3044+3330"
"3330",2014,40397,"0620+3044+3330"
"3330",2015,38505,"0620+3044+3330"
"3330",2016,41503,"0620+3044+3330"
"3330",2017,42927,"0620+3044+3330"
"3330",2018,52370,"0620+3044+3330"
"3330",2019,47484,"0620+3044+3330"
"3330",2020,47621,"0620+3044+3330"
"3330",2021,37270,"0620+3044+3330"
"3330",2022,42887,"0620+3044+3330"
"3330",2023,41452,"0620+3044+3330"
"3330",2024,39295,"0620+3044+3330"
"3330",2025,39953,"0620+3044+3330"
"3332",2009,19809,"0621+3045+3332"
"3332",2010,21555,"0621+3045+3332"
"3332",2011,19505,"0621+3045+3332"
"3332",2012,23345,"0621+3045+3332"
"3332",2013,19925,"0621+3045+3332"
"3332",2014,16336,"0621+3045+3332"
"3332",2015,20928,"0621+3045+3332"
"3332",2016,20191,"0621+3045+3332"
"3332",2017,15580,"0621+3045+3332"
"3332",2018,14991,"0621+3045+3332"
"3332",2019,16182,"0621+3045+3332"
"3332",2020,25217,"0621+3045+3332"
"3332",2021,25383,"0621+3045+3332"
"3332",2022,25295,"0621+3045+3332"
"3332",2023,23484,"0621+3045+3332"
"3332",2024,23320,"0621+3045+3332"
"3332",2025,22359,"0621+3045+3332"
"3334",2009,9826,"0631+3050+3334"
"3334",2010,12474,"0631+3050+3334"
"3334",2011,10979,"0631+3050+3334"
"3334",2012,11226,"0631+3050+3334"
"3334",2013,15981,"0631+3050+3334"
"3334",2014,19831,"0631+3050+3334"
"3334",2015,19298,"0631+3050+3334"
"3334",2016,24319,"0631+3050+3334"
"3334",2017,13500,"0631+3050+3334"
"3334",2018,15634,"0631+3050+3334"
"3334",2019,15180,"0631+3050+3334"
"3334",2020,13173,"0631+3050+3334"
"3334",2021,12609,"0631+3050+3334"
"3334",2022,10484,"0631+3050+3334"
"3334",2023,11259,"0631+3050+3334"
"3334",2024,11042,"0631+3050+3334"
"3334",2025,15954,"0631+3050+3334"
"3336",2009,10261,"0632+3051+3336"
"3336",2010,11512,"0632+3051+3336"
"3336",2011,12485,"0632+3051+3336"
"3336",2012,11474,"0632+3051+3336"
"3336",2013,10205,"0632+3051+3336"
"3336",2014,11442,"0632+3051+3336"
"3336",2015,15077,"0632+3051+3336"
"3336",2016,15583,"0632+3051+3336"
"3336",2017,15374,"0632+3051+3336"
"3336",2018,15551,"0632+3051+3336"
"3336",2019,12603,"0632+3051+3336"
"3336",2020,12531,"0632+3051+3336"
"3336",2021,11927,"0632+3051+3336"
"3336",2022,11510,"0632+3051+3336"
"3336",2023,9809,"0632+3051+3336"
"3336",2024,10193,"0632+3051+3336"
"3336",2025,10408,"0632+3051+3336"
"3338",2009,15159,"0633+3052+3338"
"3338",2010,13630,"0633+3052+3338"
"3338",2011,39834,"0633+3052+3338"
"3338",2012,47364,"0633+3052+3338"
"3338",2013,69687,"0633+3052+3338"
"3338",2014,91760,"0633+3052+3338"
"3338",2015,83137,"0633+3052+3338"
"3338",2016,79827,"0633+3052+3338"
"3338",2017,77032,"0633+3052+3338"
"3338",2018,56410,"0633+3052+3338"
"3338",2019,44924,"0633+3052+3338"
"3338",2020,30662,"0633+3052+3338"
"3338",2021,23846,"0633+3052+3338"
"3338",2022,32071,"0633+3052+3338"
"3338",2023,33069,"0633+3052+3338"
"3338",2024,34855,"0633+3052+3338"
"3338",2025,34182,"0633+3052+3338"
"3401",2009,78042,"0402+3401"
"3401",2010,91296,"0402+3401"
"3401",2011,85794,"0402+3401"
"3401",2012,92858,"0402+3401"
"3401",2013,97354,"0402+3401"
"3401",2014,105767,"0402+3401"
"3401",2015,105420,"0402+3401"
"3401",2016,109372,"0402+3401"
"3401",2017,115132,"0402+3401"
"3401",2018,129364,"0402+3401"
"3401",2019,145039,"0402+3401"
"3401",2020,147909,"0402+3401"
"3401",2021,158270,"0402+3401"
"3401",2022,150442,"0402+3401"
"3401",2023,143768,"0402+3401"
"3401",2024,120676,"0402+3401"
"3401",2025,146290,"0402+3401"
"3403",2009,233526,"0403+3403"
"3403",2010,261013,"0403+3403"
"3403",2011,268064,"0403+3403"
"3403",2012,257890,"0403+3403"
"3403",2013,233576,"0403+3403"
"3403",2014,225413,"0403+3403"
"3403",2015,225395,"0403+3403"
"3403",2016,236177,"0403+3403"
"3403",2017,235774,"0403+3403"
"3403",2018,245156,"0403+3403"
"3403",2019,238452,"0403+3403"
"3403",2020,242575,"0403+3403"
"3403",2021,241515,"0403+3403"
"3403",2022,229643,"0403+3403"
"3403",2023,220663,"0403+3403"
"3403",2024,204975,"0403+3403"
"3403",2025,215816,"0403+3403"
"3405",2009,124279,"0501+3405"
"3405",2010,121621,"0501+3405"
"3405",2011,119627,"0501+3405"
"3405",2012,112109,"0501+3405"
"3405",2013,121070,"0501+3405"
"3405",2014,127443,"0501+3405"
"3405",2015,127832,"0501+3405"
"3405",2016,144951,"0501+3405"
"3405",2017,142627,"0501+3405"
"3405",2018,156505,"0501+3405"
"3405",2019,185481,"0501+3405"
"3405",2020,222367,"0501+3405"
"3405",2021,220199,"0501+3405"
"3405",2022,191419,"0501+3405"
"3405",2023,185618,"0501+3405"
"3405",2024,179480,"0501+3405"
"3405",2025,171231,"0501+3405"
"3407",2009,200759,"0502+3407"
"3407",2010,236944,"0502+3407"
"3407",2011,280440,"0502+3407"
"3407",2012,303745,"0502+3407"
"3407",2013,303559,"0502+3407"
"3407",2014,327359,"0502+3407"
"3407",2015,357919,"0502+3407"
"3407",2016,393539,"0502+3407"
"3407",2017,517298,"0502+3407"
"3407",2018,546967,"0502+3407"
"3407",2019,554227,"0502+3407"
"3407",2020,591859,"0502+3407"
"3407",2021,614696,"0502+3407"
"3407",2022,597275,"0502+3407"
"3407",2023,527486,"0502+3407"
"3407",2024,414845,"0502+3407"
"3407",2025,339785,"0502+3407"
"3411",2009,129180,"0412+3411"
"3411",2010,151521,"0412+3411"
"3411",2011,145667,"0412+3411"
"3411",2012,111753,"0412+3411"
"3411",2013,112844,"0412+3411"
"3411",2014,118152,"0412+3411"
"3411",2015,117992,"0412+3411"
"3411",2016,126663,"0412+3411"
"3411",2017,135436,"0412+3411"
"3411",2018,153693,"0412+3411"
"3411",2019,185734,"0412+3411"
"3411",2020,171742,"0412+3411"
"3411",2021,150399,"0412+3411"
"3411",2022,138256,"0412+3411"
"3411",2023,144308,"0412+3411"
"3411",2024,144815,"0412+3411"
"3411",2025,135805,"0412+3411"
"3412",2009,26307,"0415+3412"
"3412",2010,26618,"0415+3412"
"3412",2011,37168,"0415+3412"
"3412",2012,45974,"0415+3412"
"3412",2013,42404,"0415+3412"
"3412",2014,42214,"0415+3412"
"3412",2015,37208,"0415+3412"
"3412",2016,39025,"0415+3412"
"3412",2017,41886,"0415+3412"
"3412",2018,35835,"0415+3412"
"3412",2019,41450,"0415+3412"
"3412",2020,41800,"0415+3412"
"3412",2021,33681,"0415+3412"
"3412",2022,47737,"0415+3412"
"3412",2023,42938,"0415+3412"
"3412",2024,28973,"0415+3412"
"3412",2025,35164,"0415+3412"
"3413",2009,91905,"0417+3413"
"3413",2010,89867,"0417+3413"
"3413",2011,94465,"0417+3413"
"3413",2012,105479,"0417+3413"
"3413",2013,103431,"0417+3413"
"3413",2014,101933,"0417+3413"
"3413",2015,99263,"0417+3413"
"3413",2016,97665,"0417+3413"
"3413",2017,108681,"0417+3413"
"3413",2018,132315,"0417+3413"
"3413",2019,143595,"0417+3413"
"3413",2020,155167,"0417+3413"
"3413",2021,150798,"0417+3413"
"3413",2022,139671,"0417+3413"
"3413",2023,124981,"0417+3413"
"3413",2024,109789,"0417+3413"
"3413",2025,103462,"0417+3413"
"3414",2009,42671,"0418+3414"
"3414",2010,53211,"0418+3414"
"3414",2011,46396,"0418+3414"
"3414",2012,48026,"0418+3414"
"3414",2013,45135,"0418+3414"
"3414",2014,51054,"0418+3414"
"3414",2015,50871,"0418+3414"
"3414",2016,51515,"0418+3414"
"3414",2017,52578,"0418+3414"
"3414",2018,46085,"0418+3414"
"3414",2019,59626,"0418+3414"
"3414",2020,74538,"0418+3414"
"3414",2021,81366,"0418+3414"
"3414",2022,114561,"0418+3414"
"3414",2023,118086,"0418+3414"
"3414",2024,116888,"0418+3414"
"3414",2025,117138,"0418+3414"
"3415",2009,38384,"0419+3415"
"3415",2010,37310,"0419+3415"
"3415",2011,31380,"0419+3415"
"3415",2012,79529,"0419+3415"
"3415",2013,29837,"0419+3415"
"3415",2014,26455,"0419+3415"
"3415",2015,24392,"0419+3415"
"3415",2016,23298,"0419+3415"
"3415",2017,21736,"0419+3415"
"3415",2018,23369,"0419+3415"
"3415",2019,28064,"0419+3415"
"3415",2020,33878,"0419+3415"
"3415",2021,92944,"0419+3415"
"3415",2022,101320,"0419+3415"
"3415",2023,103114,"0419+3415"
"3415",2024,112411,"0419+3415"
"3415",2025,131358,"0419+3415"
"3416",2009,41102,"0420+3416"
"3416",2010,39695,"0420+3416"
"3416",2011,39296,"0420+3416"
"3416",2012,41671,"0420+3416"
"3416",2013,66382,"0420+3416"
"3416",2014,76257,"0420+3416"
"3416",2015,75440,"0420+3416"
"3416",2016,79096,"0420+3416"
"3416",2017,83303,"0420+3416"
"3416",2018,92337,"0420+3416"
"3416",2019,95166,"0420+3416"
"3416",2020,103654,"0420+3416"
"3416",2021,115392,"0420+3416"
"3416",2022,96372,"0420+3416"
"3416",2023,91901,"0420+3416"
"3416",2024,76209,"0420+3416"
"3416",2025,58721,"0420+3416"
"3417",2009,42809,"0423+3417"
"3417",2010,50692,"0423+3417"
"3417",2011,56618,"0423+3417"
"3417",2012,60087,"0423+3417"
"3417",2013,56319,"0423+3417"
"3417",2014,57200,"0423+3417"
"3417",2015,62413,"0423+3417"
"3417",2016,58307,"0423+3417"
"3417",2017,50409,"0423+3417"
"3417",2018,50598,"0423+3417"
"3417",2019,55236,"0423+3417"
"3417",2020,54286,"0423+3417"
"3417",2021,49461,"0423+3417"
"3417",2022,42274,"0423+3417"
"3417",2023,42844,"0423+3417"
"3417",2024,52505,"0423+3417"
"3417",2025,50647,"0423+3417"
"3418",2009,31054,"0425+3418"
"3418",2010,28864,"0425+3418"
"3418",2011,70097,"0425+3418"
"3418",2012,80853,"0425+3418"
"3418",2013,80350,"0425+3418"
"3418",2014,80929,"0425+3418"
"3418",2015,78093,"0425+3418"
"3418",2016,67176,"0425+3418"
"3418",2017,78058,"0425+3418"
"3418",2018,87068,"0425+3418"
"3418",2019,81839,"0425+3418"
"3418",2020,83774,"0425+3418"
"3418",2021,119688,"0425+3418"
"3418",2022,128226,"0425+3418"
"3418",2023,125765,"0425+3418"
"3418",2024,121067,"0425+3418"
"3418",2025,118899,"0425+3418"
"3419",2009,33696,"0426+3419"
"3419",2010,63613,"0426+3419"
"3419",2011,64004,"0426+3419"
"3419",2012,42467,"0426+3419"
"3419",2013,39809,"0426+3419"
"3419",2014,30468,"0426+3419"
"3419",2015,25091,"0426+3419"
"3419",2016,20878,"0426+3419"
"3419",2017,25695,"0426+3419"
"3419",2018,26148,"0426+3419"
"3419",2019,33065,"0426+3419"
"3419",2020,31952,"0426+3419"
"3419",2021,40864,"0426+3419"
"3419",2022,40546,"0426+3419"
"3419",2023,49605,"0426+3419"
"3419",2024,50760,"0426+3419"
"3419",2025,52155,"0426+3419"
"3420",2009,128326,"0427+3420"
"3420",2010,101462,"0427+3420"
"3420",2011,98646,"0427+3420"
"3420",2012,121790,"0427+3420"
"3420",2013,128078,"0427+3420"
"3420",2014,131398,"0427+3420"
"3420",2015,124151,"0427+3420"
"3420",2016,130602,"0427+3420"
"3420",2017,149133,"0427+3420"
"3420",2018,152844,"0427+3420"
"3420",2019,188197,"0427+3420"
"3420",2020,183169,"0427+3420"
"3420",2021,163155,"0427+3420"
"3420",2022,140463,"0427+3420"
"3420",2023,169837,"0427+3420"
"3420",2024,180315,"0427+3420"
"3420",2025,171586,"0427+3420"
"3421",2009,58314,"0428+3421"
"3421",2010,57464,"0428+3421"
"3421",2011,62183,"0428+3421"
"3421",2012,105176,"0428+3421"
"3421",2013,124285,"0428+3421"
"3421",2014,133819,"0428+3421"
"3421",2015,106832,"0428+3421"
"3421",2016,102279,"0428+3421"
"3421",2017,104043,"0428+3421"
"3421",2018,102447,"0428+3421"
"3421",2019,101526,"0428+3421"
"3421",2020,107979,"0428+3421"
"3421",2021,112408,"0428+3421"
"3421",2022,101618,"0428+3421"
"3421",2023,97262,"0428+3421"
"3421",2024,95167,"0428+3421"
"3421",2025,103342,"0428+3421"
"3422",2009,37864,"0429+3422"
"3422",2010,42315,"0429+3422"
"3422",2011,45714,"0429+3422"
"3422",2012,45899,"0429+3422"
"3422",2013,45173,"0429+3422"
"3422",2014,46475,"0429+3422"
"3422",2015,42527,"0429+3422"
"3422",2016,43196,"0429+3422"
"3422",2017,47730,"0429+3422"
"3422",2018,71096,"0429+3422"
"3422",2019,67106,"0429+3422"
"3422",2020,64327,"0429+3422"
"3422",2021,78757,"0429+3422"
"3422",2022,64082,"0429+3422"
"3422",2023,71937,"0429+3422"
"3422",2024,73480,"0429+3422"
"3422",2025,86662,"0429+3422"
"3423",2009,17522,"0430+3423"
"3423",2010,20343,"0430+3423"
"3423",2011,18134,"0430+3423"
"3423",2012,16703,"0430+3423"
"3423",2013,20183,"0430+3423"
"3423",2014,28933,"0430+3423"
"3423",2015,29948,"0430+3423"
"3423",2016,25899,"0430+3423"
"3423",2017,21950,"0430+3423"
"3423",2018,34335,"0430+3423"
"3423",2019,38423,"0430+3423"
"3423",2020,36711,"0430+3423"
"3423",2021,42802,"0430+3423"
"3423",2022,55409,"0430+3423"
"3423",2023,55401,"0430+3423"
"3423",2024,47630,"0430+3423"
"3423",2025,45326,"0430+3423"
"3424",2009,25851,"0432+3424"
"3424",2010,26163,"0432+3424"
"3424",2011,27840,"0432+3424"
"3424",2012,30962,"0432+3424"
"3424",2013,28092,"0432+3424"
"3424",2014,24763,"0432+3424"
"3424",2015,21482,"0432+3424"
"3424",2016,17376,"0432+3424"
"3424",2017,17136,"0432+3424"
"3424",2018,19620,"0432+3424"
"3424",2019,20420,"0432+3424"
"3424",2020,23544,"0432+3424"
"3424",2021,23582,"0432+3424"
"3424",2022,16264,"0432+3424"
"3424",2023,20967,"0432+3424"
"3424",2024,18849,"0432+3424"
"3424",2025,16165,"0432+3424"
"3425",2009,7381,"0434+3425"
"3425",2010,5917,"0434+3425"
"3425",2011,3327,"0434+3425"
"3425",2012,13700,"0434+3425"
"3425",2013,15948,"0434+3425"
"3425",2014,8001,"0434+3425"
"3425",2015,6284,"0434+3425"
"3425",2016,4511,"0434+3425"
"3425",2017,5072,"0434+3425"
"3425",2018,5128,"0434+3425"
"3425",2019,5923,"0434+3425"
"3425",2020,6458,"0434+3425"
"3425",2021,7232,"0434+3425"
"3425",2022,6441,"0434+3425"
"3425",2023,5210,"0434+3425"
"3425",2024,4780,"0434+3425"
"3425",2025,4281,"0434+3425"
"3426",2009,13975,"0436+3426"
"3426",2010,15992,"0436+3426"
"3426",2011,14506,"0436+3426"
"3426",2012,17443,"0436+3426"
"3426",2013,21510,"0436+3426"
"3426",2014,14408,"0436+3426"
"3426",2015,8377,"0436+3426"
"3426",2016,8509,"0436+3426"
"3426",2017,9417,"0436+3426"
"3426",2018,12090,"0436+3426"
"3426",2019,14947,"0436+3426"
"3426",2020,11437,"0436+3426"
"3426",2021,11679,"0436+3426"
"3426",2022,9620,"0436+3426"
"3426",2023,7539,"0436+3426"
"3426",2024,15960,"0436+3426"
"3426",2025,13940,"0436+3426"
"3427",2009,54461,"0437+3427"
"3427",2010,66062,"0437+3427"
"3427",2011,57130,"0437+3427"
"3427",2012,42138,"0437+3427"
"3427",2013,38606,"0437+3427"
"3427",2014,35101,"0437+3427"
"3427",2015,32281,"0437+3427"
"3427",2016,32594,"0437+3427"
"3427",2017,37052,"0437+3427"
"3427",2018,44941,"0437+3427"
"3427",2019,64188,"0437+3427"
"3427",2020,98270,"0437+3427"
"3427",2021,102111,"0437+3427"
"3427",2022,93723,"0437+3427"
"3427",2023,93697,"0437+3427"
"3427",2024,93756,"0437+3427"
"3427",2025,89501,"0437+3427"
"3428",2009,3526,"0438+3428"
"3428",2010,8653,"0438+3428"
"3428",2011,9731,"0438+3428"
"3428",2012,9080,"0438+3428"
"3428",2013,9906,"0438+3428"
"3428",2014,11245,"0438+3428"
"3428",2015,8219,"0438+3428"
"3428",2016,10026,"0438+3428"
"3428",2017,10307,"0438+3428"
"3428",2018,15535,"0438+3428"
"3428",2019,15866,"0438+3428"
"3428",2020,13089,"0438+3428"
"3428",2021,13701,"0438+3428"
"3428",2022,11806,"0438+3428"
"3428",2023,12337,"0438+3428"
"3428",2024,9929,"0438+3428"
"3428",2025,9766,"0438+3428"
"3429",2009,2790,"0439+3429"
"3429",2010,6059,"0439+3429"
"3429",2011,6754,"0439+3429"
"3429",2012,10013,"0439+3429"
"3429",2013,7996,"0439+3429"
"3429",2014,8474,"0439+3429"
"3429",2015,7263,"0439+3429"
"3429",2016,13006,"0439+3429"
"3429",2017,11331,"0439+3429"
"3429",2018,10683,"0439+3429"
"3429",2019,8793,"0439+3429"
"3429",2020,10955,"0439+3429"
"3429",2021,15659,"0439+3429"
"3429",2022,13702,"0439+3429"
"3429",2023,16611,"0439+3429"
"3429",2024,17194,"0439+3429"
"3429",2025,15694,"0439+3429"
"3430",2009,17323,"0441+3430"
"3430",2010,18157,"0441+3430"
"3430",2011,27823,"0441+3430"
"3430",2012,28764,"0441+3430"
"3430",2013,25746,"0441+3430"
"3430",2014,26200,"0441+3430"
"3430",2015,14616,"0441+3430"
"3430",2016,14355,"0441+3430"
"3430",2017,13415,"0441+3430"
"3430",2018,11893,"0441+3430"
"3430",2019,11731,"0441+3430"
"3430",2020,13521,"0441+3430"
"3430",2021,17086,"0441+3430"
"3430",2022,13794,"0441+3430"
"3430",2023,13856,"0441+3430"
"3430",2024,16144,"0441+3430"
"3430",2025,11992,"0441+3430"
"3431",2009,8936,"0511+3431"
"3431",2010,8920,"0511+3431"
"3431",2011,18068,"0511+3431"
"3431",2012,17437,"0511+3431"
"3431",2013,11609,"0511+3431"
"3431",2014,11234,"0511+3431"
"3431",2015,12703,"0511+3431"
"3431",2016,16585,"0511+3431"
"3431",2017,23362,"0511+3431"
"3431",2018,24240,"0511+3431"
"3431",2019,15762,"0511+3431"
"3431",2020,14347,"0511+3431"
"3431",2021,15037,"0511+3431"
"3431",2022,12815,"0511+3431"
"3431",2023,18506,"0511+3431"
"3431",2024,17177,"0511+3431"
"3431",2025,22616,"0511+3431"
"3432",2009,8731,"0512+3432"
"3432",2010,11634,"0512+3432"
"3432",2011,11020,"0512+3432"
"3432",2012,11763,"0512+3432"
"3432",2013,9143,"0512+3432"
"3432",2014,8957,"0512+3432"
"3432",2015,9269,"0512+3432"
"3432",2016,15610,"0512+3432"
"3432",2017,14618,"0512+3432"
"3432",2018,11551,"0512+3432"
"3432",2019,12232,"0512+3432"
"3432",2020,12760,"0512+3432"
"3432",2021,15641,"0512+3432"
"3432",2022,16666,"0512+3432"
"3432",2023,12388,"0512+3432"
"3432",2024,16607,"0512+3432"
"3432",2025,15492,"0512+3432"
"3433",2009,25218,"0513+3433"
"3433",2010,16710,"0513+3433"
"3433",2011,19811,"0513+3433"
"3433",2012,19595,"0513+3433"
"3433",2013,17402,"0513+3433"
"3433",2014,13575,"0513+3433"
"3433",2015,12032,"0513+3433"
"3433",2016,16363,"0513+3433"
"3433",2017,14089,"0513+3433"
"3433",2018,18014,"0513+3433"
"3433",2019,22600,"0513+3433"
"3433",2020,22428,"0513+3433"
"3433",2021,21875,"0513+3433"
"3433",2022,19028,"0513+3433"
"3433",2023,29759,"0513+3433"
"3433",2024,31210,"0513+3433"
"3433",2025,39182,"0513+3433"
"3434",2009,6439,"0514+3434"
"3434",2010,8934,"0514+3434"
"3434",2011,9244,"0514+3434"
"3434",2012,6368,"0514+3434"
"3434",2013,9833,"0514+3434"
"3434",2014,10518,"0514+3434"
"3434",2015,10331,"0514+3434"
"3434",2016,8938,"0514+3434"
"3434",2017,8667,"0514+3434"
"3434",2018,13249,"0514+3434"
"3434",2019,11741,"0514+3434"
"3434",2020,12627,"0514+3434"
"3434",2021,13047,"0514+3434"
"3434",2022,12068,"0514+3434"
"3434",2023,12489,"0514+3434"
"3434",2024,10079,"0514+3434"
"3434",2025,9368,"0514+3434"
"3435",2009,15381,"0515+3435"
"3435",2010,19840,"0515+3435"
"3435",2011,16373,"0515+3435"
"3435",2012,17240,"0515+3435"
"3435",2013,16564,"0515+3435"
"3435",2014,26678,"0515+3435"
"3435",2015,28694,"0515+3435"
"3435",2016,32836,"0515+3435"
"3435",2017,29205,"0515+3435"
"3435",2018,46927,"0515+3435"
"3435",2019,49035,"0515+3435"
"3435",2020,51323,"0515+3435"
"3435",2021,48859,"0515+3435"
"3435",2022,40381,"0515+3435"
"3435",2023,41515,"0515+3435"
"3435",2024,38008,"0515+3435"
"3435",2025,38011,"0515+3435"
"3436",2009,14365,"0516+3436"
"3436",2010,15787,"0516+3436"
"3436",2011,15151,"0516+3436"
"3436",2012,15881,"0516+3436"
"3436",2013,15623,"0516+3436"
"3436",2014,16118,"0516+3436"
"3436",2015,25267,"0516+3436"
"3436",2016,24992,"0516+3436"
"3436",2017,29108,"0516+3436"
"3436",2018,29380,"0516+3436"
"3436",2019,28217,"0516+3436"
"3436",2020,32250,"0516+3436"
"3436",2021,36682,"0516+3436"
"3436",2022,52859,"0516+3436"
"3436",2023,63844,"0516+3436"
"3436",2024,61149,"0516+3436"
"3436",2025,61534,"0516+3436"
"3437",2009,70455,"0517+3437"
"3437",2010,70660,"0517+3437"
"3437",2011,64011,"0517+3437"
"3437",2012,64803,"0517+3437"
"3437",2013,67349,"0517+3437"
"3437",2014,58593,"0517+3437"
"3437",2015,55656,"0517+3437"
"3437",2016,55278,"0517+3437"
"3437",2017,72503,"0517+3437"
"3437",2018,63381,"0517+3437"
"3437",2019,92812,"0517+3437"
"3437",2020,98641,"0517+3437"
"3437",2021,96471,"0517+3437"
"3437",2022,91105,"0517+3437"
"3437",2023,86652,"0517+3437"
"3437",2024,82390,"0517+3437"
"3437",2025,76399,"0517+3437"
"3438",2009,27347,"0519+3438"
"3438",2010,28177,"0519+3438"
"3438",2011,29255,"0519+3438"
"3438",2012,29378,"0519+3438"
"3438",2013,29520,"0519+3438"
"3438",2014,31475,"0519+3438"
"3438",2015,27602,"0519+3438"
"3438",2016,26100,"0519+3438"
"3438",2017,18894,"0519+3438"
"3438",2018,22142,"0519+3438"
"3438",2019,15098,"0519+3438"
"3438",2020,13173,"0519+3438"
"3438",2021,12017,"0519+3438"
"3438",2022,12015,"0519+3438"
"3438",2023,11799,"0519+3438"
"3438",2024,12365,"0519+3438"
"3438",2025,13463,"0519+3438"
"3439",2009,38478,"0520+3439"
"3439",2010,39832,"0520+3439"
"3439",2011,44303,"0520+3439"
"3439",2012,45503,"0520+3439"
"3439",2013,40819,"0520+3439"
"3439",2014,65027,"0520+3439"
"3439",2015,67534,"0520+3439"
"3439",2016,67504,"0520+3439"
"3439",2017,64884,"0520+3439"
"3439",2018,57347,"0520+3439"
"3439",2019,58203,"0520+3439"
"3439",2020,56777,"0520+3439"
"3439",2021,58557,"0520+3439"
"3439",2022,137240,"0520+3439"
"3439",2023,171369,"0520+3439"
"3439",2024,37299,"0520+3439"
"3439",2025,36226,"0520+3439"
"3440",2009,24770,"0521+3440"
"3440",2010,26780,"0521+3440"
"3440",2011,29842,"0521+3440"
"3440",2012,27258,"0521+3440"
"3440",2013,28630,"0521+3440"
"3440",2014,22203,"0521+3440"
"3440",2015,20800,"0521+3440"
"3440",2016,23860,"0521+3440"
"3440",2017,21300,"0521+3440"
"3440",2018,21984,"0521+3440"
"3440",2019,26051,"0521+3440"
"3440",2020,27974,"0521+3440"
"3440",2021,31796,"0521+3440"
"3440",2022,31101,"0521+3440"
"3440",2023,31628,"0521+3440"
"3440",2024,27479,"0521+3440"
"3440",2025,27205,"0521+3440"
"3441",2009,36367,"0522+3441"
"3441",2010,48511,"0522+3441"
"3441",2011,46605,"0522+3441"
"3441",2012,51808,"0522+3441"
"3441",2013,49010,"0522+3441"
"3441",2014,45673,"0522+3441"
"3441",2015,40363,"0522+3441"
"3441",2016,43514,"0522+3441"
"3441",2017,45069,"0522+3441"
"3441",2018,46180,"0522+3441"
"3441",2019,49468,"0522+3441"
"3441",2020,52357,"0522+3441"
"3441",2021,52554,"0522+3441"
"3441",2022,65626,"0522+3441"
"3441",2023,73078,"0522+3441"
"3441",2024,79925,"0522+3441"
"3441",2025,86565,"0522+3441"
"3442",2009,81525,"0528+3442"
"3442",2010,95622,"0528+3442"
"3442",2011,124298,"0528+3442"
"3442",2012,161884,"0528+3442"
"3442",2013,166545,"0528+3442"
"3442",2014,175737,"0528+3442"
"3442",2015,174660,"0528+3442"
"3442",2016,174415,"0528+3442"
"3442",2017,144877,"0528+3442"
"3442",2018,131722,"0528+3442"
"3442",2019,110045,"0528+3442"
"3442",2020,111967,"0528+3442"
"3442",2021,97790,"0528+3442"
"3442",2022,89358,"0528+3442"
"3442",2023,87685,"0528+3442"
"3442",2024,83925,"0528+3442"
"3442",2025,81685,"0528+3442"
"3443",2009,62062,"0529+3443"
"3443",2010,63982,"0529+3443"
"3443",2011,105519,"0529+3443"
"3443",2012,121607,"0529+3443"
"3443",2013,131983,"0529+3443"
"3443",2014,165313,"0529+3443"
"3443",2015,167237,"0529+3443"
"3443",2016,170156,"0529+3443"
"3443",2017,172242,"0529+3443"
"3443",2018,181592,"0529+3443"
"3443",2019,191243,"0529+3443"
"3443",2020,182865,"0529+3443"
"3443",2021,164677,"0529+3443"
"3443",2022,141052,"0529+3443"
"3443",2023,134811,"0529+3443"
"3443",2024,134923,"0529+3443"
"3443",2025,144912,"0529+3443"
"3446",2009,45967,"0534+3446"
"3446",2010,47675,"0534+3446"
"3446",2011,58679,"0534+3446"
"3446",2012,59597,"0534+3446"
"3446",2013,91327,"0534+3446"
"3446",2014,113029,"0534+3446"
"3446",2015,143482,"0534+3446"
"3446",2016,162528,"0534+3446"
"3446",2017,151905,"0534+3446"
"3446",2018,162651,"0534+3446"
"3446",2019,204308,"0534+3446"
"3446",2020,239257,"0534+3446"
"3446",2021,248451,"0534+3446"
"3446",2022,253617,"0534+3446"
"3446",2023,253968,"0534+3446"
"3446",2024,242435,"0534+3446"
"3446",2025,243082,"0534+3446"
"3447",2009,34598,"0536+3447"
"3447",2010,34434,"0536+3447"
"3447",2011,32838,"0536+3447"
"3447",2012,35536,"0536+3447"
"3447",2013,38073,"0536+3447"
"3447",2014,35939,"0536+3447"
"3447",2015,35587,"0536+3447"
"3447",2016,39103,"0536+3447"
"3447",2017,32791,"0536+3447"
"3447",2018,30252,"0536+3447"
"3447",2019,27676,"0536+3447"
"3447",2020,30582,"0536+3447"
"3447",2021,46486,"0536+3447"
"3447",2022,53647,"0536+3447"
"3447",2023,65154,"0536+3447"
"3447",2024,71628,"0536+3447"
"3447",2025,62284,"0536+3447"
"3448",2009,41872,"0538+3448"
"3448",2010,47914,"0538+3448"
"3448",2011,58038,"0538+3448"
"3448",2012,57667,"0538+3448"
"3448",2013,49465,"0538+3448"
"3448",2014,42672,"0538+3448"
"3448",2015,41574,"0538+3448"
"3448",2016,40150,"0538+3448"
"3448",2017,74210,"0538+3448"
"3448",2018,75456,"0538+3448"
"3448",2019,79833,"0538+3448"
"3448",2020,78094,"0538+3448"
"3448",2021,75836,"0538+3448"
"3448",2022,77665,"0538+3448"
"3448",2023,90426,"0538+3448"
"3448",2024,91449,"0538+3448"
"3448",2025,101723,"0538+3448"
"3449",2009,26142,"0540+3449"
"3449",2010,33659,"0540+3449"
"3449",2011,27013,"0540+3449"
"3449",2012,29119,"0540+3449"
"3449",2013,28870,"0540+3449"
"3449",2014,24519,"0540+3449"
"3449",2015,25493,"0540+3449"
"3449",2016,23471,"0540+3449"
"3449",2017,25434,"0540+3449"
"3449",2018,30319,"0540+3449"
"3449",2019,38661,"0540+3449"
"3449",2020,43310,"0540+3449"
"3449",2021,43363,"0540+3449"
"3449",2022,43321,"0540+3449"
"3449",2023,40974,"0540+3449"
"3449",2024,36906,"0540+3449"
"3449",2025,34376,"0540+3449"
"3450",2009,20639,"0541+3450"
"3450",2010,23588,"0541+3450"
"3450",2011,24756,"0541+3450"
"3450",2012,25289,"0541+3450"
"3450",2013,26294,"0541+3450"
"3450",2014,31284,"0541+3450"
"3450",2015,31878,"0541+3450"
"3450",2016,26332,"0541+3450"
"3450",2017,24529,"0541+3450"
"3450",2018,10985,"0541+3450"
"3450",2019,14397,"0541+3450"
"3450",2020,15974,"0541+3450"
"3450",2021,17420,"0541+3450"
"3450",2022,14969,"0541+3450"
"3450",2023,12839,"0541+3450"
"3450",2024,11824,"0541+3450"
"3450",2025,12740,"0541+3450"
"3451",2009,73627,"0542+3451"
"3451",2010,58140,"0542+3451"
"3451",2011,64388,"0542+3451"
"3451",2012,68041,"0542+3451"
"3451",2013,67453,"0542+3451"
"3451",2014,63809,"0542+3451"
"3451",2015,74061,"0542+3451"
"3451",2016,78297,"0542+3451"
"3451",2017,70862,"0542+3451"
"3451",2018,60381,"0542+3451"
"3451",2019,57732,"0542+3451"
"3451",2020,67121,"0542+3451"
"3451",2021,64928,"0542+3451"
"3451",2022,65409,"0542+3451"
"3451",2023,70053,"0542+3451"
"3451",2024,67200,"0542+3451"
"3451",2025,69899,"0542+3451"
"3452",2009,5583,"0543+3452"
"3452",2010,6919,"0543+3452"
"3452",2011,6506,"0543+3452"
"3452",2012,4855,"0543+3452"
"3452",2013,11115,"0543+3452"
"3452",2014,8015,"0543+3452"
"3452",2015,9008,"0543+3452"
"3452",2016,7551,"0543+3452"
"3452",2017,7405,"0543+3452"
"3452",2018,8352,"0543+3452"
"3452",2019,7066,"0543+3452"
"3452",2020,9185,"0543+3452"
"3452",2021,8458,"0543+3452"
"3452",2022,8015,"0543+3452"
"3452",2023,7692,"0543+3452"
"3452",2024,8593,"0543+3452"
"3452",2025,8922,"0543+3452"
"3453",2009,20604,"0544+3453"
"3453",2010,24632,"0544+3453"
"3453",2011,20624,"0544+3453"
"3453",2012,26253,"0544+3453"
"3453",2013,29844,"0544+3453"
"3453",2014,24235,"0544+3453"
"3453",2015,39957,"0544+3453"
"3453",2016,53740,"0544+3453"
"3453",2017,29383,"0544+3453"
"3453",2018,16767,"0544+3453"
"3453",2019,22132,"0544+3453"
"3453",2020,15282,"0544+3453"
"3453",2021,12819,"0544+3453"
"3453",2022,14183,"0544+3453"
"3453",2023,14375,"0544+3453"
"3453",2024,16724,"0544+3453"
"3453",2025,19054,"0544+3453"
"3454",2009,9496,"0545+3454"
"3454",2010,7331,"0545+3454"
"3454",2011,6650,"0545+3454"
"3454",2012,5079,"0545+3454"
"3454",2013,5146,"0545+3454"
"3454",2014,8878,"0545+3454"
"3454",2015,41415,"0545+3454"
"3454",2016,23505,"0545+3454"
"3454",2017,19651,"0545+3454"
"3454",2018,18721,"0545+3454"
"3454",2019,14304,"0545+3454"
"3454",2020,15138,"0545+3454"
"3454",2021,15531,"0545+3454"
"3454",2022,13111,"0545+3454"
"3454",2023,13597,"0545+3454"
"3454",2024,23222,"0545+3454"
"3454",2025,31877,"0545+3454"
"3901",2009,192850,"0701+3801+3901"
"3901",2010,165522,"0701+3801+3901"
"3901",2011,144937,"0701+3801+3901"
"3901",2012,133893,"0701+3801+3901"
"3901",2013,142591,"0701+3801+3901"
"3901",2014,139685,"0701+3801+3901"
"3901",2015,142400,"0701+3801+3901"
"3901",2016,149829,"0701+3801+3901"
"3901",2017,141937,"0701+3801+3901"
"3901",2018,150424,"0701+3801+3901"
"3901",2019,147189,"0701+3801+3901"
"3901",2020,141227,"0701+3801+3901"
"3901",2021,150162,"0701+3801+3901"
"3901",2022,152329,"0701+3801+3901"
"3901",2023,176250,"0701+3801+3901"
"3901",2024,173174,"0701+3801+3901"
"3901",2025,165564,"0701+3801+3901"
"3903",2009,174362,"0702+0713+0714+0715+3802+3903"
"3903",2010,185466,"0702+0713+0714+0715+3802+3903"
"3903",2011,178083,"0702+0713+0714+0715+3802+3903"
"3903",2012,165473,"0702+0713+0714+0715+3802+3903"
"3903",2013,167845,"0702+0713+0714+0715+3802+3903"
"3903",2014,188048,"0702+0713+0714+0715+3802+3903"
"3903",2015,191693,"0702+0713+0714+0715+3802+3903"
"3903",2016,198399,"0702+0713+0714+0715+3802+3903"
"3903",2017,200585,"0702+0713+0714+0715+3802+3903"
"3903",2018,215332,"0702+0713+0714+0715+3802+3903"
"3903",2019,238995,"0702+0713+0714+0715+3802+3903"
"3903",2020,390209,"0702+0713+0714+0715+3802+3903"
"3903",2021,406689,"0702+0713+0714+0715+3802+3903"
"3903",2022,390661,"0702+0713+0714+0715+3802+3903"
"3903",2023,382427,"0702+0713+0714+0715+3802+3903"
"3903",2024,405715,"0702+0713+0714+0715+3802+3903"
"3903",2025,375702,"0702+0713+0714+0715+3802+3903"
"3905",2009,266342,"0704+0716+0716u+0718+3803+3905"
"3905",2010,270383,"0704+0716+0716u+0718+3803+3905"
"3905",2011,297439,"0704+0716+0716u+0718+3803+3905"
"3905",2012,277303,"0704+0716+0716u+0718+3803+3905"
"3905",2013,289901,"0704+0716+0716u+0718+3803+3905"
"3905",2014,283270,"0704+0716+0716u+0718+3803+3905"
"3905",2015,281814,"0704+0716+0716u+0718+3803+3905"
"3905",2016,334788,"0704+0716+0716u+0718+3803+3905"
"3905",2017,348542,"0704+0716+0716u+0718+3803+3905"
"3905",2018,400841,"0704+0716+0716u+0718+3803+3905"
"3905",2019,375613,"0704+0716+0716u+0718+3803+3905"
"3905",2020,434240,"0704+0716+0716u+0718+3803+3905"
"3905",2021,524830,"0704+0716+0716u+0718+3803+3905"
"3905",2022,575169,"0704+0716+0716u+0718+3803+3905"
"3905",2023,554827,"0704+0716+0716u+0718+3803+3905"
"3905",2024,545036,"0704+0716+0716u+0718+3803+3905"
"3905",2025,566522,"0704+0716+0716u+0718+3803+3905"
"3907",2009,316525,"0706+0710+0719+0720+3804+3907"
"3907",2010,328216,"0706+0710+0719+0720+3804+3907"
"3907",2011,352259,"0706+0710+0719+0720+3804+3907"
"3907",2012,375210,"0706+0710+0719+0720+3804+3907"
"3907",2013,404036,"0706+0710+0719+0720+3804+3907"
"3907",2014,431852,"0706+0710+0719+0720+3804+3907"
"3907",2015,413903,"0706+0710+0719+0720+3804+3907"
"3907",2016,441604,"0706+0710+0719+0720+3804+3907"
"3907",2017,452319,"0706+0710+0719+0720+3804+3907"
"3907",2018,466066,"0706+0710+0719+0720+3804+3907"
"3907",2019,463276,"0706+0710+0719+0720+3804+3907"
"3907",2020,525710,"0706+0710+0719+0720+3804+3907"
"3907",2021,494074,"0706+0710+0719+0720+3804+3907"
"3907",2022,507312,"0706+0710+0719+0720+3804+3907"
"3907",2023,500716,"0706+0710+0719+0720+3804+3907"
"3907",2024,478363,"0706+0710+0719+0720+3804+3907"
"3907",2025,481359,"0706+0710+0719+0720+3804+3907"
"3909",2009,299257,"0709+0712+0728+3805+3909"
"3909",2010,285330,"0709+0712+0728+3805+3909"
"3909",2011,288332,"0709+0712+0728+3805+3909"
"3909",2012,308539,"0709+0712+0728+3805+3909"
"3909",2013,282275,"0709+0712+0728+3805+3909"
"3909",2014,254546,"0709+0712+0728+3805+3909"
"3909",2015,248281,"0709+0712+0728+3805+3909"
"3909",2016,255043,"0709+0712+0728+3805+3909"
"3909",2017,266769,"0709+0712+0728+3805+3909"
"3909",2018,280299,"0709+0712+0728+3805+3909"
"3909",2019,262156,"0709+0712+0728+3805+3909"
"3909",2020,314093,"0709+0712+0728+3805+3909"
"3909",2021,307497,"0709+0712+0728+3805+3909"
"3909",2022,314207,"0709+0712+0728+3805+3909"
"3909",2023,315816,"0709+0712+0728+3805+3909"
"3909",2024,305655,"0709+0712+0728+3805+3909"
"3909",2025,323609,"0709+0712+0728+3805+3909"
"3911",2009,158207,"0722+0723+0729+3811+3911"
"3911",2010,135521,"0722+0723+0729+3811+3911"
"3911",2011,113251,"0722+0723+0729+3811+3911"
"3911",2012,120867,"0722+0723+0729+3811+3911"
"3911",2013,109802,"0722+0723+0729+3811+3911"
"3911",2014,119920,"0722+0723+0729+3811+3911"
"3911",2015,139421,"0722+0723+0729+3811+3911"
"3911",2016,152644,"0722+0723+0729+3811+3911"
"3911",2017,161328,"0722+0723+0729+3811+3911"
"3911",2018,198270,"0722+0723+0729+3811+3911"
"3911",2019,210269,"0722+0723+0729+3811+3911"
"3911",2020,194755,"0722+0723+0729+3811+3911"
"3911",2021,222932,"0722+0723+0729+3811+3911"
"3911",2022,247178,"0722+0723+0729+3811+3911"
"3911",2023,205815,"0722+0723+0729+3811+3911"
"3911",2024,173112,"0722+0723+0729+3811+3911"
"3911",2025,177194,"0722+0723+0729+3811+3911"
"4001",2009,178789,"0805+3806+4001"
"4001",2010,189641,"0805+3806+4001"
"4001",2011,186756,"0805+3806+4001"
"4001",2012,185556,"0805+3806+4001"
"4001",2013,178157,"0805+3806+4001"
"4001",2014,183162,"0805+3806+4001"
"4001",2015,191548,"0805+3806+4001"
"4001",2016,190720,"0805+3806+4001"
"4001",2017,185102,"0805+3806+4001"
"4001",2018,179471,"0805+3806+4001"
"4001",2019,186732,"0805+3806+4001"
"4001",2020,193009,"0805+3806+4001"
"4001",2021,195462,"0805+3806+4001"
"4001",2022,189756,"0805+3806+4001"
"4001",2023,196137,"0805+3806+4001"
"4001",2024,194334,"0805+3806+4001"
"4001",2025,193857,"0805+3806+4001"
"4003",2009,420518,"0806+3807+4003"
"4003",2010,291099,"0806+3807+4003"
"4003",2011,403341,"0806+3807+4003"
"4003",2012,463429,"0806+3807+4003"
"4003",2013,270591,"0806+3807+4003"
"4003",2014,296337,"0806+3807+4003"
"4003",2015,271037,"0806+3807+4003"
"4003",2016,272954,"0806+3807+4003"
"4003",2017,275019,"0806+3807+4003"
"4003",2018,282857,"0806+3807+4003"
"4003",2019,281268,"0806+3807+4003"
"4003",2020,293878,"0806+3807+4003"
"4003",2021,304177,"0806+3807+4003"
"4003",2022,1037808,"0806+3807+4003"
"4003",2023,1092428,"0806+3807+4003"
"4003",2024,1091454,"0806+3807+4003"
"4003",2025,1041309,"0806+3807+4003"
"4005",2009,64315,"0807+3808+4005"
"4005",2010,69442,"0807+3808+4005"
"4005",2011,79623,"0807+3808+4005"
"4005",2012,80023,"0807+3808+4005"
"4005",2013,90529,"0807+3808+4005"
"4005",2014,89886,"0807+3808+4005"
"4005",2015,87562,"0807+3808+4005"
"4005",2016,95552,"0807+3808+4005"
"4005",2017,100230,"0807+3808+4005"
"4005",2018,108049,"0807+3808+4005"
"4005",2019,114743,"0807+3808+4005"
"4005",2020,103758,"0807+3808+4005"
"4005",2021,120098,"0807+3808+4005"
"4005",2022,121450,"0807+3808+4005"
"4005",2023,129978,"0807+3808+4005"
"4005",2024,119958,"0807+3808+4005"
"4005",2025,108011,"0807+3808+4005"
"4010",2009,3747,"0811+3812+4010"
"4010",2010,1445,"0811+3812+4010"
"4010",2011,1086,"0811+3812+4010"
"4010",2012,6657,"0811+3812+4010"
"4010",2013,8101,"0811+3812+4010"
"4010",2014,7141,"0811+3812+4010"
"4010",2015,11559,"0811+3812+4010"
"4010",2016,9082,"0811+3812+4010"
"4010",2017,16672,"0811+3812+4010"
"4010",2018,12768,"0811+3812+4010"
"4010",2019,18636,"0811+3812+4010"
"4010",2020,21056,"0811+3812+4010"
"4010",2021,19466,"0811+3812+4010"
"4010",2022,17814,"0811+3812+4010"
"4010",2023,16524,"0811+3812+4010"
"4010",2024,17394,"0811+3812+4010"
"4010",2025,10427,"0811+3812+4010"
"4012",2009,197196,"0814+3813+4012"
"4012",2010,137884,"0814+3813+4012"
"4012",2011,183434,"0814+3813+4012"
"4012",2012,194386,"0814+3813+4012"
"4012",2013,264000,"0814+3813+4012"
"4012",2014,234167,"0814+3813+4012"
"4012",2015,230912,"0814+3813+4012"
"4012",2016,236799,"0814+3813+4012"
"4012",2017,223033,"0814+3813+4012"
"4012",2018,230434,"0814+3813+4012"
"4012",2019,226681,"0814+3813+4012"
"4012",2020,229500,"0814+3813+4012"
"4012",2021,228186,"0814+3813+4012"
"4012",2022,216414,"0814+3813+4012"
"4012",2023,191484,"0814+3813+4012"
"4012",2024,184792,"0814+3813+4012"
"4012",2025,178164,"0814+3813+4012"
"4014",2009,136288,"0815+3814+4014"
"4014",2010,141689,"0815+3814+4014"
"4014",2011,116531,"0815+3814+4014"
"4014",2012,122728,"0815+3814+4014"
"4014",2013,98557,"0815+3814+4014"
"4014",2014,97740,"0815+3814+4014"
"4014",2015,116745,"0815+3814+4014"
"4014",2016,117181,"0815+3814+4014"
"4014",2017,173545,"0815+3814+4014"
"4014",2018,188362,"0815+3814+4014"
"4014",2019,175384,"0815+3814+4014"
"4014",2020,173373,"0815+3814+4014"
"4014",2021,187119,"0815+3814+4014"
"4014",2022,196076,"0815+3814+4014"
"4014",2023,200280,"0815+3814+4014"
"4014",2024,187750,"0815+3814+4014"
"4014",2025,178970,"0815+3814+4014"
"4016",2009,35655,"0817+3815+4016"
"4016",2010,37564,"0817+3815+4016"
"4016",2011,32307,"0817+3815+4016"
"4016",2012,29406,"0817+3815+4016"
"4016",2013,31090,"0817+3815+4016"
"4016",2014,28691,"0817+3815+4016"
"4016",2015,26739,"0817+3815+4016"
"4016",2016,24933,"0817+3815+4016"
"4016",2017,24185,"0817+3815+4016"
"4016",2018,21939,"0817+3815+4016"
"4016",2019,31920,"0817+3815+4016"
"4016",2020,31341,"0817+3815+4016"
"4016",2021,39136,"0817+3815+4016"
"4016",2022,33340,"0817+3815+4016"
"4016",2023,33860,"0817+3815+4016"
"4016",2024,41358,"0817+3815+4016"
"4016",2025,40514,"0817+3815+4016"
"4018",2009,50555,"0819+3816+4018"
"4018",2010,55432,"0819+3816+4018"
"4018",2011,59496,"0819+3816+4018"
"4018",2012,62694,"0819+3816+4018"
"4018",2013,65701,"0819+3816+4018"
"4018",2014,66434,"0819+3816+4018"
"4018",2015,81626,"0819+3816+4018"
"4018",2016,80320,"0819+3816+4018"
"4018",2017,90724,"0819+3816+4018"
"4018",2018,100230,"0819+3816+4018"
"4018",2019,100741,"0819+3816+4018"
"4018",2020,91500,"0819+3816+4018"
"4018",2021,88277,"0819+3816+4018"
"4018",2022,86649,"0819+3816+4018"
"4018",2023,87242,"0819+3816+4018"
"4018",2024,63049,"0819+3816+4018"
"4018",2025,57300,"0819+3816+4018"
"4020",2009,52395,"0821+0822+3817+4020"
"4020",2010,61053,"0821+0822+3817+4020"
"4020",2011,72236,"0821+0822+3817+4020"
"4020",2012,81250,"0821+0822+3817+4020"
"4020",2013,78191,"0821+0822+3817+4020"
"4020",2014,71903,"0821+0822+3817+4020"
"4020",2015,74211,"0821+0822+3817+4020"
"4020",2016,104875,"0821+0822+3817+4020"
"4020",2017,102046,"0821+0822+3817+4020"
"4020",2018,86786,"0821+0822+3817+4020"
"4020",2019,78756,"0821+0822+3817+4020"
"4020",2020,81090,"0821+0822+3817+4020"
"4020",2021,86864,"0821+0822+3817+4020"
"4020",2022,87369,"0821+0822+3817+4020"
"4020",2023,77364,"0821+0822+3817+4020"
"4020",2024,60617,"0821+0822+3817+4020"
"4020",2025,62099,"0821+0822+3817+4020"
"4022",2009,7937,"0828+3820+4022"
"4022",2010,9223,"0828+3820+4022"
"4022",2011,9835,"0828+3820+4022"
"4022",2012,9092,"0828+3820+4022"
"4022",2013,11362,"0828+3820+4022"
"4022",2014,14152,"0828+3820+4022"
"4022",2015,15180,"0828+3820+4022"
"4022",2016,17717,"0828+3820+4022"
"4022",2017,15924,"0828+3820+4022"
"4022",2018,16082,"0828+3820+4022"
"4022",2019,17380,"0828+3820+4022"
"4022",2020,17590,"0828+3820+4022"
"4022",2021,18797,"0828+3820+4022"
"4022",2022,16649,"0828+3820+4022"
"4022",2023,14061,"0828+3820+4022"
"4022",2024,16022,"0828+3820+4022"
"4022",2025,15284,"0828+3820+4022"
"4024",2009,7100,"0827+3819+4024"
"4024",2010,8063,"0827+3819+4024"
"4024",2011,7080,"0827+3819+4024"
"4024",2012,6941,"0827+3819+4024"
"4024",2013,7149,"0827+3819+4024"
"4024",2014,8117,"0827+3819+4024"
"4024",2015,11341,"0827+3819+4024"
"4024",2016,9862,"0827+3819+4024"
"4024",2017,18143,"0827+3819+4024"
"4024",2018,18007,"0827+3819+4024"
"4024",2019,16368,"0827+3819+4024"
"4024",2020,13431,"0827+3819+4024"
"4024",2021,12760,"0827+3819+4024"
"4024",2022,12154,"0827+3819+4024"
"4024",2023,13396,"0827+3819+4024"
"4024",2024,14224,"0827+3819+4024"
"4024",2025,13829,"0827+3819+4024"
"4026",2009,29326,"0826+3818+4026"
"4026",2010,44349,"0826+3818+4026"
"4026",2011,45834,"0826+3818+4026"
"4026",2012,46164,"0826+3818+4026"
"4026",2013,48621,"0826+3818+4026"
"4026",2014,44445,"0826+3818+4026"
"4026",2015,41437,"0826+3818+4026"
"4026",2016,94786,"0826+3818+4026"
"4026",2017,92201,"0826+3818+4026"
"4026",2018,102433,"0826+3818+4026"
"4026",2019,101273,"0826+3818+4026"
"4026",2020,86240,"0826+3818+4026"
"4026",2021,76027,"0826+3818+4026"
"4026",2022,70244,"0826+3818+4026"
"4026",2023,73630,"0826+3818+4026"
"4026",2024,61804,"0826+3818+4026"
"4026",2025,53268,"0826+3818+4026"
"4028",2009,22487,"0829+3821+4028"
"4028",2010,22290,"0829+3821+4028"
"4028",2011,23305,"0829+3821+4028"
"4028",2012,23964,"0829+3821+4028"
"4028",2013,22628,"0829+3821+4028"
"4028",2014,23257,"0829+3821+4028"
"4028",2015,21032,"0829+3821+4028"
"4028",2016,21236,"0829+3821+4028"
"4028",2017,21364,"0829+3821+4028"
"4028",2018,20700,"0829+3821+4028"
"4028",2019,19437,"0829+3821+4028"
"4028",2020,20061,"0829+3821+4028"
"4028",2021,27233,"0829+3821+4028"
"4028",2022,25142,"0829+3821+4028"
"4028",2023,22689,"0829+3821+4028"
"4028",2024,22202,"0829+3821+4028"
"4028",2025,25500,"0829+3821+4028"
"4030",2009,19160,"0830+3822+4030"
"4030",2010,24374,"0830+3822+4030"
"4030",2011,24174,"0830+3822+4030"
"4030",2012,22112,"0830+3822+4030"
"4030",2013,19905,"0830+3822+4030"
"4030",2014,20034,"0830+3822+4030"
"4030",2015,21233,"0830+3822+4030"
"4030",2016,21679,"0830+3822+4030"
"4030",2017,19571,"0830+3822+4030"
"4030",2018,17231,"0830+3822+4030"
"4030",2019,17643,"0830+3822+4030"
"4030",2020,18001,"0830+3822+4030"
"4030",2021,20146,"0830+3822+4030"
"4030",2022,22690,"0830+3822+4030"
"4030",2023,22873,"0830+3822+4030"
"4030",2024,15837,"0830+3822+4030"
"4030",2025,14820,"0830+3822+4030"
"4032",2009,13105,"0831+3823+4032"
"4032",2010,12129,"0831+3823+4032"
"4032",2011,12717,"0831+3823+4032"
"4032",2012,16447,"0831+3823+4032"
"4032",2013,14783,"0831+3823+4032"
"4032",2014,15190,"0831+3823+4032"
"4032",2015,16783,"0831+3823+4032"
"4032",2016,17508,"0831+3823+4032"
"4032",2017,18989,"0831+3823+4032"
"4032",2018,17273,"0831+3823+4032"
"4032",2019,14365,"0831+3823+4032"
"4032",2020,14312,"0831+3823+4032"
"4032",2021,12671,"0831+3823+4032"
"4032",2022,15453,"0831+3823+4032"
"4032",2023,27629,"0831+3823+4032"
"4032",2024,27114,"0831+3823+4032"
"4032",2025,20243,"0831+3823+4032"
"4034",2009,24322,"0833+3824+4034"
"4034",2010,25394,"0833+3824+4034"
"4034",2011,28513,"0833+3824+4034"
"4034",2012,23766,"0833+3824+4034"
"4034",2013,19930,"0833+3824+4034"
"4034",2014,18960,"0833+3824+4034"
"4034",2015,30167,"0833+3824+4034"
"4034",2016,31988,"0833+3824+4034"
"4034",2017,31608,"0833+3824+4034"
"4034",2018,24642,"0833+3824+4034"
"4034",2019,22935,"0833+3824+4034"
"4034",2020,22108,"0833+3824+4034"
"4034",2021,24683,"0833+3824+4034"
"4034",2022,20670,"0833+3824+4034"
"4034",2023,18703,"0833+3824+4034"
"4034",2024,18099,"0833+3824+4034"
"4034",2025,14598,"0833+3824+4034"
"4036",2009,54980,"0834+3825+4036"
"4036",2010,53881,"0834+3825+4036"
"4036",2011,55925,"0834+3825+4036"
"4036",2012,53158,"0834+3825+4036"
"4036",2013,57031,"0834+3825+4036"
"4036",2014,61354,"0834+3825+4036"
"4036",2015,59514,"0834+3825+4036"
"4036",2016,52235,"0834+3825+4036"
"4036",2017,50460,"0834+3825+4036"
"4036",2018,48124,"0834+3825+4036"
"4036",2019,61642,"0834+3825+4036"
"4036",2020,84947,"0834+3825+4036"
"4036",2021,91750,"0834+3825+4036"
"4036",2022,89444,"0834+3825+4036"
"4036",2023,92121,"0834+3825+4036"
"4036",2024,97847,"0834+3825+4036"
"4036",2025,97454,"0834+3825+4036"
"4201",2009,17474,"0901+4201"
"4201",2010,22834,"0901+4201"
"4201",2011,173981,"0901+4201"
"4201",2012,171429,"0901+4201"
"4201",2013,54880,"0901+4201"
"4201",2014,58829,"0901+4201"
"4201",2015,77213,"0901+4201"
"4201",2016,78905,"0901+4201"
"4201",2017,83902,"0901+4201"
"4201",2018,86843,"0901+4201"
"4201",2019,85472,"0901+4201"
"4201",2020,81061,"0901+4201"
"4201",2021,78401,"0901+4201"
"4201",2022,75022,"0901+4201"
"4201",2023,75543,"0901+4201"
"4201",2024,69786,"0901+4201"
"4201",2025,65403,"0901+4201"
"4202",2009,143565,"0904+4202"
"4202",2010,157311,"0904+4202"
"4202",2011,173743,"0904+4202"
"4202",2012,192816,"0904+4202"
"4202",2013,202240,"0904+4202"
"4202",2014,232395,"0904+4202"
"4202",2015,249397,"0904+4202"
"4202",2016,292644,"0904+4202"
"4202",2017,317081,"0904+4202"
"4202",2018,349289,"0904+4202"
"4202",2019,329043,"0904+4202"
"4202",2020,341517,"0904+4202"
"4202",2021,335792,"0904+4202"
"4202",2022,361255,"0904+4202"
"4202",2023,379916,"0904+4202"
"4202",2024,349001,"0904+4202"
"4202",2025,337596,"0904+4202"
"4203",2009,234584,"0906+4203"
"4203",2010,203921,"0906+4203"
"4203",2011,317526,"0906+4203"
"4203",2012,297928,"0906+4203"
"4203",2013,264353,"0906+4203"
"4203",2014,228096,"0906+4203"
"4203",2015,223525,"0906+4203"
"4203",2016,242272,"0906+4203"
"4203",2017,294303,"0906+4203"
"4203",2018,308579,"0906+4203"
"4203",2019,289266,"0906+4203"
"4203",2020,302046,"0906+4203"
"4203",2021,317307,"0906+4203"
"4203",2022,355133,"0906+4203"
"4203",2023,384808,"0906+4203"
"4203",2024,383029,"0906+4203"
"4203",2025,384601,"0906+4203"
"4204",2009,588130,"1001+1017+1018+4204"
"4204",2010,544477,"1001+1017+1018+4204"
"4204",2011,543831,"1001+1017+1018+4204"
"4204",2012,529404,"1001+1017+1018+4204"
"4204",2013,521863,"1001+1017+1018+4204"
"4204",2014,534643,"1001+1017+1018+4204"
"4204",2015,596025,"1001+1017+1018+4204"
"4204",2016,1410657,"1001+1017+1018+4204"
"4204",2017,650129,"1001+1017+1018+4204"
"4204",2018,662099,"1001+1017+1018+4204"
"4204",2019,688616,"1001+1017+1018+4204"
"4204",2020,604123,"1001+1017+1018+4204"
"4204",2021,708611,"1001+1017+1018+4204"
"4204",2022,828356,"1001+1017+1018+4204"
"4204",2023,805572,"1001+1017+1018+4204"
"4204",2024,793569,"1001+1017+1018+4204"
"4204",2025,779935,"1001+1017+1018+4204"
"4205",2009,147026,"1002+1021+1029+4205"
"4205",2010,152821,"1002+1021+1029+4205"
"4205",2011,153283,"1002+1021+1029+4205"
"4205",2012,172864,"1002+1021+1029+4205"
"4205",2013,170289,"1002+1021+1029+4205"
"4205",2014,198331,"1002+1021+1029+4205"
"4205",2015,252815,"1002+1021+1029+4205"
"4205",2016,264947,"1002+1021+1029+4205"
"4205",2017,249494,"1002+1021+1029+4205"
"4205",2018,278617,"1002+1021+1029+4205"
"4205",2019,229068,"1002+1021+1029+4205"
"4205",2020,382116,"1002+1021+1029+4205"
"4205",2021,442898,"1002+1021+1029+4205"
"4205",2022,470178,"1002+1021+1029+4205"
"4205",2023,468820,"1002+1021+1029+4205"
"4205",2024,466717,"1002+1021+1029+4205"
"4205",2025,404255,"1002+1021+1029+4205"
"4206",2009,74609,"1003+4206"
"4206",2010,85304,"1003+4206"
"4206",2011,85357,"1003+4206"
"4206",2012,82625,"1003+4206"
"4206",2013,84907,"1003+4206"
"4206",2014,96856,"1003+4206"
"4206",2015,73772,"1003+4206"
"4206",2016,55089,"1003+4206"
"4206",2017,31266,"1003+4206"
"4206",2018,26202,"1003+4206"
"4206",2019,36496,"1003+4206"
"4206",2020,37340,"1003+4206"
"4206",2021,36504,"1003+4206"
"4206",2022,43613,"1003+4206"
"4206",2023,85900,"1003+4206"
"4206",2024,115283,"1003+4206"
"4206",2025,123049,"1003+4206"
"4207",2009,52462,"1004+4207"
"4207",2010,54806,"1004+4207"
"4207",2011,50212,"1004+4207"
"4207",2012,53862,"1004+4207"
"4207",2013,54790,"1004+4207"
"4207",2014,59523,"1004+4207"
"4207",2015,79266,"1004+4207"
"4207",2016,75361,"1004+4207"
"4207",2017,66432,"1004+4207"
"4207",2018,46121,"1004+4207"
"4207",2019,99176,"1004+4207"
"4207",2020,113452,"1004+4207"
"4207",2021,111485,"1004+4207"
"4207",2022,96962,"1004+4207"
"4207",2023,94180,"1004+4207"
"4207",2024,98457,"1004+4207"
"4207",2025,106144,"1004+4207"
"4211",2009,10497,"0911+4211"
"4211",2010,9929,"0911+4211"
"4211",2011,10037,"0911+4211"
"4211",2012,9657,"0911+4211"
"4211",2013,19066,"0911+4211"
"4211",2014,20921,"0911+4211"
"4211",2015,15570,"0911+4211"
"4211",2016,17240,"0911+4211"
"4211",2017,15767,"0911+4211"
"4211",2018,29145,"0911+4211"
"4211",2019,23753,"0911+4211"
"4211",2020,32199,"0911+4211"
"4211",2021,35917,"0911+4211"
"4211",2022,32907,"0911+4211"
"4211",2023,33349,"0911+4211"
"4211",2024,34932,"0911+4211"
"4211",2025,36385,"0911+4211"
"4212",2009,14111,"0912+4212"
"4212",2010,12734,"0912+4212"
"4212",2011,18706,"0912+4212"
"4212",2012,19641,"0912+4212"
"4212",2013,15804,"0912+4212"
"4212",2014,14112,"0912+4212"
"4212",2015,14005,"0912+4212"
"4212",2016,16061,"0912+4212"
"4212",2017,15669,"0912+4212"
"4212",2018,23484,"0912+4212"
"4212",2019,27029,"0912+4212"
"4212",2020,23274,"0912+4212"
"4212",2021,22238,"0912+4212"
"4212",2022,21471,"0912+4212"
"4212",2023,28448,"0912+4212"
"4212",2024,23788,"0912+4212"
"4212",2025,23617,"0912+4212"
"4213",2009,57718,"0914+4213"
"4213",2010,56830,"0914+4213"
"4213",2011,60883,"0914+4213"
"4213",2012,70915,"0914+4213"
"4213",2013,71953,"0914+4213"
"4213",2014,65845,"0914+4213"
"4213",2015,51175,"0914+4213"
"4213",2016,47365,"0914+4213"
"4213",2017,53123,"0914+4213"
"4213",2018,70448,"0914+4213"
"4213",2019,103139,"0914+4213"
"4213",2020,101068,"0914+4213"
"4213",2021,105142,"0914+4213"
"4213",2022,121988,"0914+4213"
"4213",2023,122266,"0914+4213"
"4213",2024,120884,"0914+4213"
"4213",2025,125174,"0914+4213"
"4214",2009,22776,"0919+4214"
"4214",2010,22027,"0919+4214"
"4214",2011,38164,"0919+4214"
"4214",2012,37769,"0919+4214"
"4214",2013,47575,"0919+4214"
"4214",2014,49921,"0919+4214"
"4214",2015,38934,"0919+4214"
"4214",2016,38408,"0919+4214"
"4214",2017,28363,"0919+4214"
"4214",2018,30533,"0919+4214"
"4214",2019,32628,"0919+4214"
"4214",2020,35346,"0919+4214"
"4214",2021,78048,"0919+4214"
"4214",2022,96901,"0919+4214"
"4214",2023,93234,"0919+4214"
"4214",2024,88842,"0919+4214"
"4214",2025,98962,"0919+4214"
"4215",2009,51237,"0926+4215"
"4215",2010,50796,"0926+4215"
"4215",2011,51049,"0926+4215"
"4215",2012,60250,"0926+4215"
"4215",2013,57701,"0926+4215"
"4215",2014,63514,"0926+4215"
"4215",2015,67064,"0926+4215"
"4215",2016,91760,"0926+4215"
"4215",2017,102149,"0926+4215"
"4215",2018,151789,"0926+4215"
"4215",2019,169873,"0926+4215"
"4215",2020,179467,"0926+4215"
"4215",2021,177902,"0926+4215"
"4215",2022,153537,"0926+4215"
"4215",2023,165630,"0926+4215"
"4215",2024,151300,"0926+4215"
"4215",2025,146519,"0926+4215"
"4216",2009,12450,"0928+4216"
"4216",2010,10649,"0928+4216"
"4216",2011,11640,"0928+4216"
"4216",2012,13574,"0928+4216"
"4216",2013,12814,"0928+4216"
"4216",2014,16316,"0928+4216"
"4216",2015,18710,"0928+4216"
"4216",2016,22791,"0928+4216"
"4216",2017,26587,"0928+4216"
"4216",2018,28320,"0928+4216"
"4216",2019,34821,"0928+4216"
"4216",2020,44606,"0928+4216"
"4216",2021,51896,"0928+4216"
"4216",2022,52621,"0928+4216"
"4216",2023,51366,"0928+4216"
"4216",2024,48698,"0928+4216"
"4216",2025,58444,"0928+4216"
"4217",2009,7564,"0929+4217"
"4217",2010,6351,"0929+4217"
"4217",2011,5880,"0929+4217"
"4217",2012,7903,"0929+4217"
"4217",2013,11273,"0929+4217"
"4217",2014,10813,"0929+4217"
"4217",2015,12620,"0929+4217"
"4217",2016,10786,"0929+4217"
"4217",2017,17933,"0929+4217"
"4217",2018,14815,"0929+4217"
"4217",2019,8127,"0929+4217"
"4217",2020,9513,"0929+4217"
"4217",2021,11916,"0929+4217"
"4217",2022,10052,"0929+4217"
"4217",2023,11512,"0929+4217"
"4217",2024,12176,"0929+4217"
"4217",2025,13746,"0929+4217"
"4218",2009,2437,"0935+4218"
"4218",2010,2673,"0935+4218"
"4218",2011,3868,"0935+4218"
"4218",2012,4441,"0935+4218"
"4218",2013,5194,"0935+4218"
"4218",2014,3445,"0935+4218"
"4218",2015,4029,"0935+4218"
"4218",2016,3757,"0935+4218"
"4218",2017,66049,"0935+4218"
"4218",2018,70697,"0935+4218"
"4218",2019,40553,"0935+4218"
"4218",2020,30536,"0935+4218"
"4218",2021,14847,"0935+4218"
"4218",2022,19805,"0935+4218"
"4218",2023,18225,"0935+4218"
"4218",2024,18533,"0935+4218"
"4218",2025,17802,"0935+4218"
"4219",2009,31271,"0937+4219"
"4219",2010,33878,"0937+4219"
"4219",2011,21876,"0937+4219"
"4219",2012,26376,"0937+4219"
"4219",2013,24832,"0937+4219"
"4219",2014,22794,"0937+4219"
"4219",2015,25934,"0937+4219"
"4219",2016,29102,"0937+4219"
"4219",2017,25079,"0937+4219"
"4219",2018,28458,"0937+4219"
"4219",2019,32129,"0937+4219"
"4219",2020,22883,"0937+4219"
"4219",2021,21439,"0937+4219"
"4219",2022,22081,"0937+4219"
"4219",2023,19491,"0937+4219"
"4219",2024,18627,"0937+4219"
"4219",2025,14464,"0937+4219"
"4220",2009,3546,"0938+4220"
"4220",2010,4544,"0938+4220"
"4220",2011,554,"0938+4220"
"4220",2012,16905,"0938+4220"
"4220",2013,29593,"0938+4220"
"4220",2014,30751,"0938+4220"
"4220",2015,35941,"0938+4220"
"4220",2016,11242,"0938+4220"
"4220",2017,18359,"0938+4220"
"4220",2018,22085,"0938+4220"
"4220",2019,19741,"0938+4220"
"4220",2020,50592,"0938+4220"
"4220",2021,43569,"0938+4220"
"4220",2022,33232,"0938+4220"
"4220",2023,26957,"0938+4220"
"4220",2024,23774,"0938+4220"
"4220",2025,21961,"0938+4220"
"4221",2009,1490,"0940+4221"
"4221",2010,3869,"0940+4221"
"4221",2011,4121,"0940+4221"
"4221",2012,4425,"0940+4221"
"4221",2013,5065,"0940+4221"
"4221",2014,5930,"0940+4221"
"4221",2015,8105,"0940+4221"
"4221",2016,7037,"0940+4221"
"4221",2017,8585,"0940+4221"
"4221",2018,5368,"0940+4221"
"4221",2019,6488,"0940+4221"
"4221",2020,8330,"0940+4221"
"4221",2021,11960,"0940+4221"
"4221",2022,11943,"0940+4221"
"4221",2023,11381,"0940+4221"
"4221",2024,8403,"0940+4221"
"4221",2025,12817,"0940+4221"
"4222",2009,5494,"0941+4222"
"4222",2010,7023,"0941+4222"
"4222",2011,6877,"0941+4222"
"4222",2012,3753,"0941+4222"
"4222",2013,1610,"0941+4222"
"4222",2014,1681,"0941+4222"
"4222",2015,1565,"0941+4222"
"4222",2016,1558,"0941+4222"
"4222",2017,1641,"0941+4222"
"4222",2018,878,"0941+4222"
"4222",2019,893,"0941+4222"
"4222",2020,2055,"0941+4222"
"4222",2021,2760,"0941+4222"
"4222",2022,3048,"0941+4222"
"4222",2023,2884,"0941+4222"
"4222",2024,4620,"0941+4222"
"4222",2025,4212,"0941+4222"
"4223",2009,77122,"1014+4223"
"4223",2010,77116,"1014+4223"
"4223",2011,85968,"1014+4223"
"4223",2012,88342,"1014+4223"
"4223",2013,91988,"1014+4223"
"4223",2014,85521,"1014+4223"
"4223",2015,94757,"1014+4223"
"4223",2016,106558,"1014+4223"
"4223",2017,104285,"1014+4223"
"4223",2018,97244,"1014+4223"
"4223",2019,90936,"1014+4223"
"4223",2020,90588,"1014+4223"
"4223",2021,98818,"1014+4223"
"4223",2022,103078,"1014+4223"
"4223",2023,100334,"1014+4223"
"4223",2024,95202,"1014+4223"
"4223",2025,94986,"1014+4223"
"4224",2009,9191,"1026+4224"
"4224",2010,9588,"1026+4224"
"4224",2011,9421,"1026+4224"
"4224",2012,7309,"1026+4224"
"4224",2013,10186,"1026+4224"
"4224",2014,7057,"1026+4224"
"4224",2015,5923,"1026+4224"
"4224",2016,5339,"1026+4224"
"4224",2017,4931,"1026+4224"
"4224",2018,4500,"1026+4224"
"4224",2019,4864,"1026+4224"
"4224",2020,4797,"1026+4224"
"4224",2021,5997,"1026+4224"
"4224",2022,19294,"1026+4224"
"4224",2023,17085,"1026+4224"
"4224",2024,11447,"1026+4224"
"4224",2025,9572,"1026+4224"
"4225",2009,58577,"1027+1032+4225"
"4225",2010,73617,"1027+1032+4225"
"4225",2011,66416,"1027+1032+4225"
"4225",2012,70383,"1027+1032+4225"
"4225",2013,73525,"1027+1032+4225"
"4225",2014,72897,"1027+1032+4225"
"4225",2015,64445,"1027+1032+4225"
"4225",2016,65655,"1027+1032+4225"
"4225",2017,63115,"1027+1032+4225"
"4225",2018,52733,"1027+1032+4225"
"4225",2019,47499,"1027+1032+4225"
"4225",2020,56221,"1027+1032+4225"
"4225",2021,94326,"1027+1032+4225"
"4225",2022,138041,"1027+1032+4225"
"4225",2023,153318,"1027+1032+4225"
"4225",2024,155126,"1027+1032+4225"
"4225",2025,157467,"1027+1032+4225"
"4226",2009,8422,"1034+4226"
"4226",2010,7899,"1034+4226"
"4226",2011,7120,"1034+4226"
"4226",2012,8771,"1034+4226"
"4226",2013,5891,"1034+4226"
"4226",2014,7730,"1034+4226"
"4226",2015,9534,"1034+4226"
"4226",2016,7451,"1034+4226"
"4226",2017,4688,"1034+4226"
"4226",2018,5117,"1034+4226"
"4226",2019,7495,"1034+4226"
"4226",2020,9706,"1034+4226"
"4226",2021,15937,"1034+4226"
"4226",2022,12045,"1034+4226"
"4226",2023,14074,"1034+4226"
"4226",2024,13396,"1034+4226"
"4226",2025,13167,"1034+4226"
"4227",2009,53381,"1037+4227"
"4227",2010,54939,"1037+4227"
"4227",2011,71274,"1037+4227"
"4227",2012,71973,"1037+4227"
"4227",2013,73610,"1037+4227"
"4227",2014,74889,"1037+4227"
"4227",2015,79285,"1037+4227"
"4227",2016,77119,"1037+4227"
"4227",2017,70795,"1037+4227"
"4227",2018,64345,"1037+4227"
"4227",2019,71206,"1037+4227"
"4227",2020,71858,"1037+4227"
"4227",2021,72411,"1037+4227"
"4227",2022,77377,"1037+4227"
"4227",2023,81211,"1037+4227"
"4227",2024,81699,"1037+4227"
"4227",2025,88562,"1037+4227"
"4228",2009,5560,"1046+4228"
"4228",2010,5715,"1046+4228"
"4228",2011,6699,"1046+4228"
"4228",2012,8777,"1046+4228"
"4228",2013,8601,"1046+4228"
"4228",2014,6502,"1046+4228"
"4228",2015,7910,"1046+4228"
"4228",2016,7594,"1046+4228"
"4228",2017,9683,"1046+4228"
"4228",2018,14104,"1046+4228"
"4228",2019,24624,"1046+4228"
"4228",2020,23754,"1046+4228"
"4228",2021,16341,"1046+4228"
"4228",2022,19386,"1046+4228"
"4228",2023,24865,"1046+4228"
"4228",2024,12815,"1046+4228"
"4228",2025,18580,"1046+4228"
"4601",2009,1251151,"1201+4601"
"4601",2010,1263115,"1201+4601"
"4601",2011,1280507,"1201+4601"
"4601",2012,1325527,"1201+4601"
"4601",2013,1376476,"1201+4601"
"4601",2014,1408786,"1201+4601"
"4601",2015,1413634,"1201+4601"
"4601",2016,1316687,"1201+4601"
"4601",2017,1332049,"1201+4601"
"4601",2018,1452723,"1201+4601"
"4601",2019,1480588,"1201+4601"
"4601",2020,1291029,"1201+4601"
"4601",2021,1321118,"1201+4601"
"4601",2022,1230239,"1201+4601"
"4601",2023,882402,"1201+4601"
"4601",2024,770445,"1201+4601"
"4601",2025,771078,"1201+4601"
"4602",2009,160277,"1401+1439+4602"
"4602",2010,148536,"1401+1439+4602"
"4602",2011,140733,"1401+1439+4602"
"4602",2012,133940,"1401+1439+4602"
"4602",2013,122833,"1401+1439+4602"
"4602",2014,122331,"1401+1439+4602"
"4602",2015,144077,"1401+1439+4602"
"4602",2016,159792,"1401+1439+4602"
"4602",2017,177799,"1401+1439+4602"
"4602",2018,192668,"1401+1439+4602"
"4602",2019,135370,"1401+1439+4602"
"4602",2020,101649,"1401+1439+4602"
"4602",2021,101834,"1401+1439+4602"
"4602",2022,94375,"1401+1439+4602"
"4602",2023,96108,"1401+1439+4602"
"4602",2024,90987,"1401+1439+4602"
"4602",2025,80783,"1401+1439+4602"
"4611",2009,10098,"1211+4611"
"4611",2010,10472,"1211+4611"
"4611",2011,15621,"1211+4611"
"4611",2012,15545,"1211+4611"
"4611",2013,15561,"1211+4611"
"4611",2014,18597,"1211+4611"
"4611",2015,16529,"1211+4611"
"4611",2016,16981,"1211+4611"
"4611",2017,16950,"1211+4611"
"4611",2018,19062,"1211+4611"
"4611",2019,26959,"1211+4611"
"4611",2020,32088,"1211+4611"
"4611",2021,30839,"1211+4611"
"4611",2022,30292,"1211+4611"
"4611",2023,28278,"1211+4611"
"4611",2024,20779,"1211+4611"
"4611",2025,21066,"1211+4611"
"4612",2009,13419,"1216+4612"
"4612",2010,8800,"1216+4612"
"4612",2011,10737,"1216+4612"
"4612",2012,12021,"1216+4612"
"4612",2013,11656,"1216+4612"
"4612",2014,11103,"1216+4612"
"4612",2015,20787,"1216+4612"
"4612",2016,13768,"1216+4612"
"4612",2017,14018,"1216+4612"
"4612",2018,13223,"1216+4612"
"4612",2019,13222,"1216+4612"
"4612",2020,25488,"1216+4612"
"4612",2021,21277,"1216+4612"
"4612",2022,25733,"1216+4612"
"4612",2023,25375,"1216+4612"
"4612",2024,25708,"1216+4612"
"4612",2025,25484,"1216+4612"
"4613",2009,52238,"1219+4613"
"4613",2010,56562,"1219+4613"
"4613",2011,58765,"1219+4613"
"4613",2012,58498,"1219+4613"
"4613",2013,52776,"1219+4613"
"4613",2014,59368,"1219+4613"
"4613",2015,99654,"1219+4613"
"4613",2016,96543,"1219+4613"
"4613",2017,118471,"1219+4613"
"4613",2018,129514,"1219+4613"
"4613",2019,108720,"1219+4613"
"4613",2020,123015,"1219+4613"
"4613",2021,117877,"1219+4613"
"4613",2022,124849,"1219+4613"
"4613",2023,124291,"1219+4613"
"4613",2024,113575,"1219+4613"
"4613",2025,109925,"1219+4613"
"4614",2009,170761,"1221+4614"
"4614",2010,181336,"1221+4614"
"4614",2011,163765,"1221+4614"
"4614",2012,161320,"1221+4614"
"4614",2013,182107,"1221+4614"
"4614",2014,213835,"1221+4614"
"4614",2015,228515,"1221+4614"
"4614",2016,263612,"1221+4614"
"4614",2017,282432,"1221+4614"
"4614",2018,267826,"1221+4614"
"4614",2019,268147,"1221+4614"
"4614",2020,273828,"1221+4614"
"4614",2021,283340,"1221+4614"
"4614",2022,288627,"1221+4614"
"4614",2023,332022,"1221+4614"
"4614",2024,342067,"1221+4614"
"4614",2025,348291,"1221+4614"
"4615",2009,14393,"1222+4615"
"4615",2010,18580,"1222+4615"
"4615",2011,17747,"1222+4615"
"4615",2012,19007,"1222+4615"
"4615",2013,15918,"1222+4615"
"4615",2014,16167,"1222+4615"
"4615",2015,15271,"1222+4615"
"4615",2016,12585,"1222+4615"
"4615",2017,30800,"1222+4615"
"4615",2018,54571,"1222+4615"
"4615",2019,68560,"1222+4615"
"4615",2020,68201,"1222+4615"
"4615",2021,52128,"1222+4615"
"4615",2022,53737,"1222+4615"
"4615",2023,59068,"1222+4615"
"4615",2024,66239,"1222+4615"
"4615",2025,59573,"1222+4615"
"4616",2009,12943,"1223+4616"
"4616",2010,14217,"1223+4616"
"4616",2011,18015,"1223+4616"
"4616",2012,17399,"1223+4616"
"4616",2013,14727,"1223+4616"
"4616",2014,15813,"1223+4616"
"4616",2015,17293,"1223+4616"
"4616",2016,17430,"1223+4616"
"4616",2017,19615,"1223+4616"
"4616",2018,23287,"1223+4616"
"4616",2019,22157,"1223+4616"
"4616",2020,20666,"1223+4616"
"4616",2021,21133,"1223+4616"
"4616",2022,20205,"1223+4616"
"4616",2023,17407,"1223+4616"
"4616",2024,16935,"1223+4616"
"4616",2025,16883,"1223+4616"
"4617",2009,144521,"1224+4617"
"4617",2010,139925,"1224+4617"
"4617",2011,153645,"1224+4617"
"4617",2012,157718,"1224+4617"
"4617",2013,156109,"1224+4617"
"4617",2014,158483,"1224+4617"
"4617",2015,132673,"1224+4617"
"4617",2016,140860,"1224+4617"
"4617",2017,152334,"1224+4617"
"4617",2018,216287,"1224+4617"
"4617",2019,240712,"1224+4617"
"4617",2020,258028,"1224+4617"
"4617",2021,267290,"1224+4617"
"4617",2022,277009,"1224+4617"
"4617",2023,294054,"1224+4617"
"4617",2024,298200,"1224+4617"
"4617",2025,279529,"1224+4617"
"4618",2009,177229,"1227+1228+1231+4618"
"4618",2010,165708,"1227+1228+1231+4618"
"4618",2011,197303,"1227+1228+1231+4618"
"4618",2012,197873,"1227+1228+1231+4618"
"4618",2013,211348,"1227+1228+1231+4618"
"4618",2014,211914,"1227+1228+1231+4618"
"4618",2015,233388,"1227+1228+1231+4618"
"4618",2016,262699,"1227+1228+1231+4618"
"4618",2017,254295,"1227+1228+1231+4618"
"4618",2018,250848,"1227+1228+1231+4618"
"4618",2019,240640,"1227+1228+1231+4618"
"4618",2020,221490,"1227+1228+1231+4618"
"4618",2021,247988,"1227+1228+1231+4618"
"4618",2022,325735,"1227+1228+1231+4618"
"4618",2023,296611,"1227+1228+1231+4618"
"4618",2024,230916,"1227+1228+1231+4618"
"4618",2025,146018,"1227+1228+1231+4618"
"4619",2009,3496,"1232+4619"
"4619",2010,3721,"1232+4619"
"4619",2011,3179,"1232+4619"
"4619",2012,2248,"1232+4619"
"4619",2013,3025,"1232+4619"
"4619",2014,6543,"1232+4619"
"4619",2015,2949,"1232+4619"
"4619",2016,3156,"1232+4619"
"4619",2017,3161,"1232+4619"
"4619",2018,3136,"1232+4619"
"4619",2019,3083,"1232+4619"
"4619",2020,3384,"1232+4619"
"4619",2021,2662,"1232+4619"
"4619",2022,2507,"1232+4619"
"4619",2023,8718,"1232+4619"
"4619",2024,3028,"1232+4619"
"4619",2025,2688,"1232+4619"
"4620",2009,10611,"1233+4620"
"4620",2010,10196,"1233+4620"
"4620",2011,8524,"1233+4620"
"4620",2012,8733,"1233+4620"
"4620",2013,8669,"1233+4620"
"4620",2014,6405,"1233+4620"
"4620",2015,7827,"1233+4620"
"4620",2016,6436,"1233+4620"
"4620",2017,6127,"1233+4620"
"4620",2018,5963,"1233+4620"
"4620",2019,5172,"1233+4620"
"4620",2020,5230,"1233+4620"
"4620",2021,5401,"1233+4620"
"4620",2022,5616,"1233+4620"
"4620",2023,4741,"1233+4620"
"4620",2024,5135,"1233+4620"
"4620",2025,4457,"1233+4620"
"4621",2009,101396,"1234+1235+4621"
"4621",2010,110879,"1234+1235+4621"
"4621",2011,102592,"1234+1235+4621"
"4621",2012,98594,"1234+1235+4621"
"4621",2013,97479,"1234+1235+4621"
"4621",2014,93554,"1234+1235+4621"
"4621",2015,97051,"1234+1235+4621"
"4621",2016,97356,"1234+1235+4621"
"4621",2017,94289,"1234+1235+4621"
"4621",2018,90377,"1234+1235+4621"
"4621",2019,83994,"1234+1235+4621"
"4621",2020,97081,"1234+1235+4621"
"4621",2021,110539,"1234+1235+4621"
"4621",2022,111445,"1234+1235+4621"
"4621",2023,116081,"1234+1235+4621"
"4621",2024,119666,"1234+1235+4621"
"4621",2025,108475,"1234+1235+4621"
"4622",2009,97879,"1238+4622"
"4622",2010,94572,"1238+4622"
"4622",2011,79677,"1238+4622"
"4622",2012,90784,"1238+4622"
"4622",2013,98701,"1238+4622"
"4622",2014,110451,"1238+4622"
"4622",2015,118628,"1238+4622"
"4622",2016,111814,"1238+4622"
"4622",2017,137962,"1238+4622"
"4622",2018,132085,"1238+4622"
"4622",2019,138326,"1238+4622"
"4622",2020,185911,"1238+4622"
"4622",2021,189849,"1238+4622"
"4622",2022,196430,"1238+4622"
"4622",2023,186618,"1238+4622"
"4622",2024,184675,"1238+4622"
"4622",2025,202581,"1238+4622"
"4623",2009,14832,"1242+4623"
"4623",2010,29028,"1242+4623"
"4623",2011,42855,"1242+4623"
"4623",2012,36865,"1242+4623"
"4623",2013,23403,"1242+4623"
"4623",2014,15273,"1242+4623"
"4623",2015,17481,"1242+4623"
"4623",2016,17634,"1242+4623"
"4623",2017,18200,"1242+4623"
"4623",2018,17165,"1242+4623"
"4623",2019,21225,"1242+4623"
"4623",2020,21177,"1242+4623"
"4623",2021,35170,"1242+4623"
"4623",2022,32696,"1242+4623"
"4623",2023,7218,"1242+4623"
"4623",2024,8446,"1242+4623"
"4623",2025,18635,"1242+4623"
"4624",2009,234009,"1241+1243+4624"
"4624",2010,228395,"1241+1243+4624"
"4624",2011,261775,"1241+1243+4624"
"4624",2012,273330,"1241+1243+4624"
"4624",2013,305043,"1241+1243+4624"
"4624",2014,337826,"1241+1243+4624"
"4624",2015,405154,"1241+1243+4624"
"4624",2016,295492,"1241+1243+4624"
"4624",2017,305245,"1241+1243+4624"
"4624",2018,455745,"1241+1243+4624"
"4624",2019,440701,"1241+1243+4624"
"4624",2020,459230,"1241+1243+4624"
"4624",2021,446427,"1241+1243+4624"
"4624",2022,433911,"1241+1243+4624"
"4624",2023,422250,"1241+1243+4624"
"4624",2024,421362,"1241+1243+4624"
"4624",2025,413225,"1241+1243+4624"
"4625",2009,112495,"1244+4625"
"4625",2010,121486,"1244+4625"
"4625",2011,69152,"1244+4625"
"4625",2012,28512,"1244+4625"
"4625",2013,29633,"1244+4625"
"4625",2014,32647,"1244+4625"
"4625",2015,40150,"1244+4625"
"4625",2016,45086,"1244+4625"
"4625",2017,47471,"1244+4625"
"4625",2018,51564,"1244+4625"
"4625",2019,50838,"1244+4625"
"4625",2020,53209,"1244+4625"
"4625",2021,53245,"1244+4625"
"4625",2022,48583,"1244+4625"
"4625",2023,43167,"1244+4625"
"4625",2024,40431,"1244+4625"
"4625",2025,34364,"1244+4625"
"4626",2009,208051,"1245+1246+1259+4626"
"4626",2010,229199,"1245+1246+1259+4626"
"4626",2011,213161,"1245+1246+1259+4626"
"4626",2012,234101,"1245+1246+1259+4626"
"4626",2013,257505,"1245+1246+1259+4626"
"4626",2014,266424,"1245+1246+1259+4626"
"4626",2015,282107,"1245+1246+1259+4626"
"4626",2016,253911,"1245+1246+1259+4626"
"4626",2017,281997,"1245+1246+1259+4626"
"4626",2018,279327,"1245+1246+1259+4626"
"4626",2019,265252,"1245+1246+1259+4626"
"4626",2020,291479,"1245+1246+1259+4626"
"4626",2021,345588,"1245+1246+1259+4626"
"4626",2022,333038,"1245+1246+1259+4626"
"4626",2023,332223,"1245+1246+1259+4626"
"4626",2024,351496,"1245+1246+1259+4626"
"4626",2025,331345,"1245+1246+1259+4626"
"4627",2009,238624,"1247+4627"
"4627",2010,257098,"1247+4627"
"4627",2011,291635,"1247+4627"
"4627",2012,298143,"1247+4627"
"4627",2013,289388,"1247+4627"
"4627",2014,294618,"1247+4627"
"4627",2015,285259,"1247+4627"
"4627",2016,284304,"1247+4627"
"4627",2017,301085,"1247+4627"
"4627",2018,303092,"1247+4627"
"4627",2019,312195,"1247+4627"
"4627",2020,326880,"1247+4627"
"4627",2021,318021,"1247+4627"
"4627",2022,336879,"1247+4627"
"4627",2023,365892,"1247+4627"
"4627",2024,375132,"1247+4627"
"4627",2025,386700,"1247+4627"
"4628",2009,31098,"1251+4628"
"4628",2010,28828,"1251+4628"
"4628",2011,33759,"1251+4628"
"4628",2012,38235,"1251+4628"
"4628",2013,46753,"1251+4628"
"4628",2014,48341,"1251+4628"
"4628",2015,51416,"1251+4628"
"4628",2016,47874,"1251+4628"
"4628",2017,48264,"1251+4628"
"4628",2018,47575,"1251+4628"
"4628",2019,52200,"1251+4628"
"4628",2020,50761,"1251+4628"
"4628",2021,46392,"1251+4628"
"4628",2022,43475,"1251+4628"
"4628",2023,40268,"1251+4628"
"4628",2024,36722,"1251+4628"
"4628",2025,39241,"1251+4628"
"4629",2009,797,"1252+4629"
"4629",2010,1170,"1252+4629"
"4629",2011,702,"1252+4629"
"4629",2012,628,"1252+4629"
"4629",2013,1667,"1252+4629"
"4629",2014,3081,"1252+4629"
"4629",2015,2196,"1252+4629"
"4629",2016,1846,"1252+4629"
"4629",2017,2342,"1252+4629"
"4629",2018,3209,"1252+4629"
"4629",2019,3398,"1252+4629"
"4629",2020,4411,"1252+4629"
"4629",2021,2881,"1252+4629"
"4629",2022,2088,"1252+4629"
"4629",2023,1972,"1252+4629"
"4629",2024,1875,"1252+4629"
"4629",2025,1686,"1252+4629"
"4630",2009,64298,"1253+4630"
"4630",2010,129822,"1253+4630"
"4630",2011,126569,"1253+4630"
"4630",2012,114305,"1253+4630"
"4630",2013,129946,"1253+4630"
"4630",2014,153401,"1253+4630"
"4630",2015,141292,"1253+4630"
"4630",2016,99163,"1253+4630"
"4630",2017,94948,"1253+4630"
"4630",2018,94059,"1253+4630"
"4630",2019,95693,"1253+4630"
"4630",2020,159373,"1253+4630"
"4630",2021,169707,"1253+4630"
"4630",2022,176941,"1253+4630"
"4630",2023,131856,"1253+4630"
"4630",2024,148840,"1253+4630"
"4630",2025,135733,"1253+4630"
"4631",2009,329942,"1256+1260+1263+4631"
"4631",2010,615946,"1256+1260+1263+4631"
"4631",2011,519243,"1256+1260+1263+4631"
"4631",2012,517493,"1256+1260+1263+4631"
"4631",2013,502745,"1256+1260+1263+4631"
"4631",2014,459992,"1256+1260+1263+4631"
"4631",2015,487291,"1256+1260+1263+4631"
"4631",2016,501450,"1256+1260+1263+4631"
"4631",2017,482774,"1256+1260+1263+4631"
"4631",2018,405275,"1256+1260+1263+4631"
"4631",2019,409368,"1256+1260+1263+4631"
"4631",2020,405982,"1256+1260+1263+4631"
"4631",2021,502367,"1256+1260+1263+4631"
"4631",2022,525562,"1256+1260+1263+4631"
"4631",2023,646242,"1256+1260+1263+4631"
"4631",2024,688399,"1256+1260+1263+4631"
"4631",2025,667431,"1256+1260+1263+4631"
"4632",2009,3193,"1264+4632"
"4632",2010,1626,"1264+4632"
"4632",2011,4062,"1264+4632"
"4632",2012,3961,"1264+4632"
"4632",2013,798,"1264+4632"
"4632",2014,6292,"1264+4632"
"4632",2015,7024,"1264+4632"
"4632",2016,9507,"1264+4632"
"4632",2017,54699,"1264+4632"
"4632",2018,49172,"1264+4632"
"4632",2019,38570,"1264+4632"
"4632",2020,39202,"1264+4632"
"4632",2021,26010,"1264+4632"
"4632",2022,36595,"1264+4632"
"4632",2023,36012,"1264+4632"
"4632",2024,47107,"1264+4632"
"4632",2025,56888,"1264+4632"
"4633",2009,1843,"1265+4633"
"4633",2010,1828,"1265+4633"
"4633",2011,1966,"1265+4633"
"4633",2012,3041,"1265+4633"
"4633",2013,989,"1265+4633"
"4633",2014,1019,"1265+4633"
"4633",2015,1316,"1265+4633"
"4633",2016,1669,"1265+4633"
"4633",2017,1635,"1265+4633"
"4633",2018,1509,"1265+4633"
"4633",2019,1908,"1265+4633"
"4633",2020,2514,"1265+4633"
"4633",2021,2664,"1265+4633"
"4633",2022,2183,"1265+4633"
"4633",2023,1704,"1265+4633"
"4633",2024,1486,"1265+4633"
"4633",2025,1820,"1265+4633"
"4634",2009,11622,"1266+4634"
"4634",2010,13138,"1266+4634"
"4634",2011,12297,"1266+4634"
"4634",2012,12067,"1266+4634"
"4634",2013,11055,"1266+4634"
"4634",2014,10215,"1266+4634"
"4634",2015,12148,"1266+4634"
"4634",2016,11528,"1266+4634"
"4634",2017,9131,"1266+4634"
"4634",2018,9585,"1266+4634"
"4634",2019,8879,"1266+4634"
"4634",2020,8284,"1266+4634"
"4634",2021,38259,"1266+4634"
"4634",2022,40356,"1266+4634"
"4634",2023,48345,"1266+4634"
"4634",2024,53266,"1266+4634"
"4634",2025,48981,"1266+4634"
"4635",2009,14881,"1411+4635"
"4635",2010,16906,"1411+4635"
"4635",2011,15946,"1411+4635"
"4635",2012,15864,"1411+4635"
"4635",2013,25065,"1411+4635"
"4635",2014,22144,"1411+4635"
"4635",2015,12956,"1411+4635"
"4635",2016,20399,"1411+4635"
"4635",2017,15519,"1411+4635"
"4635",2018,21118,"1411+4635"
"4635",2019,21742,"1411+4635"
"4635",2020,19364,"1411+4635"
"4635",2021,20266,"1411+4635"
"4635",2022,24837,"1411+4635"
"4635",2023,12540,"1411+4635"
"4635",2024,12849,"1411+4635"
"4635",2025,36848,"1411+4635"
"4636",2009,1046,"1412+4636"
"4636",2010,2386,"1412+4636"
"4636",2011,5383,"1412+4636"
"4636",2012,4845,"1412+4636"
"4636",2013,2087,"1412+4636"
"4636",2014,4928,"1412+4636"
"4636",2015,4901,"1412+4636"
"4636",2016,4476,"1412+4636"
"4636",2017,3944,"1412+4636"
"4636",2018,5727,"1412+4636"
"4636",2019,6134,"1412+4636"
"4636",2020,6060,"1412+4636"
"4636",2021,5616,"1412+4636"
"4636",2022,5603,"1412+4636"
"4636",2023,5680,"1412+4636"
"4636",2024,4778,"1412+4636"
"4636",2025,3736,"1412+4636"
"4637",2009,7126,"1413+4637"
"4637",2010,8593,"1413+4637"
"4637",2011,9315,"1413+4637"
"4637",2012,8277,"1413+4637"
"4637",2013,7963,"1413+4637"
"4637",2014,9280,"1413+4637"
"4637",2015,11463,"1413+4637"
"4637",2016,10479,"1413+4637"
"4637",2017,11502,"1413+4637"
"4637",2018,9603,"1413+4637"
"4637",2019,9602,"1413+4637"
"4637",2020,8805,"1413+4637"
"4637",2021,7701,"1413+4637"
"4637",2022,11030,"1413+4637"
"4637",2023,12109,"1413+4637"
"4637",2024,13050,"1413+4637"
"4637",2025,16012,"1413+4637"
"4638",2009,22051,"1416+4638"
"4638",2010,24524,"1416+4638"
"4638",2011,26069,"1416+4638"
"4638",2012,27806,"1416+4638"
"4638",2013,28605,"1416+4638"
"4638",2014,28861,"1416+4638"
"4638",2015,30055,"1416+4638"
"4638",2016,39894,"1416+4638"
"4638",2017,42990,"1416+4638"
"4638",2018,42890,"1416+4638"
"4638",2019,44221,"1416+4638"
"4638",2020,44317,"1416+4638"
"4638",2021,43170,"1416+4638"
"4638",2022,43066,"1416+4638"
"4638",2023,41496,"1416+4638"
"4638",2024,47512,"1416+4638"
"4638",2025,44947,"1416+4638"
"4639",2009,28643,"1417+4639"
"4639",2010,30043,"1417+4639"
"4639",2011,30909,"1417+4639"
"4639",2012,30194,"1417+4639"
"4639",2013,27171,"1417+4639"
"4639",2014,31467,"1417+4639"
"4639",2015,37844,"1417+4639"
"4639",2016,36655,"1417+4639"
"4639",2017,25636,"1417+4639"
"4639",2018,29407,"1417+4639"
"4639",2019,29995,"1417+4639"
"4639",2020,40994,"1417+4639"
"4639",2021,50609,"1417+4639"
"4639",2022,51253,"1417+4639"
"4639",2023,102624,"1417+4639"
"4639",2024,32877,"1417+4639"
"4639",2025,30518,"1417+4639"
"4640",2009,79240,"1418+1419+1420+4640"
"4640",2010,80030,"1418+1419+1420+4640"
"4640",2011,82269,"1418+1419+1420+4640"
"4640",2012,115133,"1418+1419+1420+4640"
"4640",2013,98396,"1418+1419+1420+4640"
"4640",2014,98580,"1418+1419+1420+4640"
"4640",2015,96402,"1418+1419+1420+4640"
"4640",2016,103352,"1418+1419+1420+4640"
"4640",2017,109686,"1418+1419+1420+4640"
"4640",2018,135132,"1418+1419+1420+4640"
"4640",2019,154756,"1418+1419+1420+4640"
"4640",2020,146363,"1418+1419+1420+4640"
"4640",2021,162371,"1418+1419+1420+4640"
"4640",2022,142408,"1418+1419+1420+4640"
"4640",2023,126110,"1418+1419+1420+4640"
"4640",2024,142163,"1418+1419+1420+4640"
"4640",2025,169056,"1418+1419+1420+4640"
"4641",2009,13934,"1421+4641"
"4641",2010,14144,"1421+4641"
"4641",2011,21271,"1421+4641"
"4641",2012,34051,"1421+4641"
"4641",2013,40655,"1421+4641"
"4641",2014,53014,"1421+4641"
"4641",2015,64772,"1421+4641"
"4641",2016,51466,"1421+4641"
"4641",2017,43564,"1421+4641"
"4641",2018,44969,"1421+4641"
"4641",2019,36495,"1421+4641"
"4641",2020,32480,"1421+4641"
"4641",2021,20690,"1421+4641"
"4641",2022,12984,"1421+4641"
"4641",2023,33539,"1421+4641"
"4641",2024,18569,"1421+4641"
"4641",2025,15042,"1421+4641"
"4642",2009,36246,"1422+4642"
"4642",2010,30934,"1422+4642"
"4642",2011,20294,"1422+4642"
"4642",2012,21035,"1422+4642"
"4642",2013,16836,"1422+4642"
"4642",2014,19225,"1422+4642"
"4642",2015,16662,"1422+4642"
"4642",2016,14592,"1422+4642"
"4642",2017,14983,"1422+4642"
"4642",2018,17513,"1422+4642"
"4642",2019,16975,"1422+4642"
"4642",2020,14969,"1422+4642"
"4642",2021,14497,"1422+4642"
"4642",2022,13818,"1422+4642"
"4642",2023,11488,"1422+4642"
"4642",2024,10666,"1422+4642"
"4642",2025,9548,"1422+4642"
"4643",2009,25166,"1424+4643"
"4643",2010,29627,"1424+4643"
"4643",2011,39640,"1424+4643"
"4643",2012,36322,"1424+4643"
"4643",2013,33670,"1424+4643"
"4643",2014,28958,"1424+4643"
"4643",2015,26534,"1424+4643"
"4643",2016,30179,"1424+4643"
"4643",2017,34038,"1424+4643"
"4643",2018,47529,"1424+4643"
"4643",2019,37021,"1424+4643"
"4643",2020,37647,"1424+4643"
"4643",2021,41165,"1424+4643"
"4643",2022,37911,"1424+4643"
"4643",2023,33606,"1424+4643"
"4643",2024,33546,"1424+4643"
"4643",2025,32201,"1424+4643"
"4644",2009,44270,"1426+4644"
"4644",2010,50036,"1426+4644"
"4644",2011,46498,"1426+4644"
"4644",2012,42419,"1426+4644"
"4644",2013,36946,"1426+4644"
"4644",2014,33184,"1426+4644"
"4644",2015,32024,"1426+4644"
"4644",2016,32305,"1426+4644"
"4644",2017,47310,"1426+4644"
"4644",2018,48457,"1426+4644"
"4644",2019,51288,"1426+4644"
"4644",2020,63000,"1426+4644"
"4644",2021,59242,"1426+4644"
"4644",2022,52983,"1426+4644"
"4644",2023,68140,"1426+4644"
"4644",2024,66207,"1426+4644"
"4644",2025,57872,"1426+4644"
"4645",2009,72602,"1428+4645"
"4645",2010,47211,"1428+4645"
"4645",2011,49690,"1428+4645"
"4645",2012,50814,"1428+4645"
"4645",2013,47814,"1428+4645"
"4645",2014,31555,"1428+4645"
"4645",2015,39967,"1428+4645"
"4645",2016,47657,"1428+4645"
"4645",2017,56943,"1428+4645"
"4645",2018,44371,"1428+4645"
"4645",2019,44987,"1428+4645"
"4645",2020,41196,"1428+4645"
"4645",2021,40727,"1428+4645"
"4645",2022,40681,"1428+4645"
"4645",2023,51082,"1428+4645"
"4645",2024,41947,"1428+4645"
"4645",2025,38185,"1428+4645"
"4646",2009,16681,"1429+4646"
"4646",2010,20884,"1429+4646"
"4646",2011,24849,"1429+4646"
"4646",2012,27624,"1429+4646"
"4646",2013,21920,"1429+4646"
"4646",2014,16720,"1429+4646"
"4646",2015,17144,"1429+4646"
"4646",2016,20632,"1429+4646"
"4646",2017,19401,"1429+4646"
"4646",2018,21309,"1429+4646"
"4646",2019,18093,"1429+4646"
"4646",2020,26397,"1429+4646"
"4646",2021,36327,"1429+4646"
"4646",2022,38633,"1429+4646"
"4646",2023,33580,"1429+4646"
"4646",2024,33625,"1429+4646"
"4646",2025,34071,"1429+4646"
"4647",2009,137376,"1430+1431+1432+1433+4647"
"4647",2010,178572,"1430+1431+1432+1433+4647"
"4647",2011,182748,"1430+1431+1432+1433+4647"
"4647",2012,177837,"1430+1431+1432+1433+4647"
"4647",2013,203001,"1430+1431+1432+1433+4647"
"4647",2014,196073,"1430+1431+1432+1433+4647"
"4647",2015,123371,"1430+1431+1432+1433+4647"
"4647",2016,181127,"1430+1431+1432+1433+4647"
"4647",2017,202892,"1430+1431+1432+1433+4647"
"4647",2018,208048,"1430+1431+1432+1433+4647"
"4647",2019,197907,"1430+1431+1432+1433+4647"
"4647",2020,185987,"1430+1431+1432+1433+4647"
"4647",2021,185800,"1430+1431+1432+1433+4647"
"4647",2022,177891,"1430+1431+1432+1433+4647"
"4647",2023,173400,"1430+1431+1432+1433+4647"
"4647",2024,168804,"1430+1431+1432+1433+4647"
"4647",2025,165121,"1430+1431+1432+1433+4647"
"4648",2009,41150,"1438+4648"
"4648",2010,57086,"1438+4648"
"4648",2011,60717,"1438+4648"
"4648",2012,54334,"1438+4648"
"4648",2013,50145,"1438+4648"
"4648",2014,43904,"1438+4648"
"4648",2015,32316,"1438+4648"
"4648",2016,31625,"1438+4648"
"4648",2017,32703,"1438+4648"
"4648",2018,50753,"1438+4648"
"4648",2019,51943,"1438+4648"
"4648",2020,63934,"1438+4648"
"4648",2021,61614,"1438+4648"
"4648",2022,55675,"1438+4648"
"4648",2023,58994,"1438+4648"
"4648",2024,56806,"1438+4648"
"4648",2025,58353,"1438+4648"
"4649",2009,37500,"1441+1443+4649"
"4649",2010,33354,"1441+1443+4649"
"4649",2011,34268,"1441+1443+4649"
"4649",2012,45730,"1441+1443+4649"
"4649",2013,54565,"1441+1443+4649"
"4649",2014,71476,"1441+1443+4649"
"4649",2015,72884,"1441+1443+4649"
"4649",2016,94423,"1441+1443+4649"
"4649",2017,65311,"1441+1443+4649"
"4649",2018,61389,"1441+1443+4649"
"4649",2019,50036,"1441+1443+4649"
"4649",2020,54854,"1441+1443+4649"
"4649",2021,58506,"1441+1443+4649"
"4649",2022,80761,"1441+1443+4649"
"4649",2023,138061,"1441+1443+4649"
"4649",2024,153939,"1441+1443+4649"
"4649",2025,150458,"1441+1443+4649"
"4650",2009,114501,"1445+4650"
"4650",2010,150510,"1445+4650"
"4650",2011,171969,"1445+4650"
"4650",2012,159151,"1445+4650"
"4650",2013,151575,"1445+4650"
"4650",2014,150328,"1445+4650"
"4650",2015,135791,"1445+4650"
"4650",2016,149256,"1445+4650"
"4650",2017,164429,"1445+4650"
"4650",2018,175863,"1445+4650"
"4650",2019,191673,"1445+4650"
"4650",2020,202033,"1445+4650"
"4650",2021,195553,"1445+4650"
"4650",2022,178738,"1445+4650"
"4650",2023,170874,"1445+4650"
"4650",2024,174822,"1445+4650"
"4650",2025,191728,"1445+4650"
"4651",2009,28739,"1449+4651"
"4651",2010,38942,"1449+4651"
"4651",2011,38971,"1449+4651"
"4651",2012,35098,"1449+4651"
"4651",2013,37947,"1449+4651"
"4651",2014,41136,"1449+4651"
"4651",2015,41545,"1449+4651"
"4651",2016,42810,"1449+4651"
"4651",2017,39106,"1449+4651"
"4651",2018,40735,"1449+4651"
"4651",2019,43136,"1449+4651"
"4651",2020,47035,"1449+4651"
"4651",2021,100742,"1449+4651"
"4651",2022,103083,"1449+4651"
"4651",2023,104511,"1449+4651"
"4651",2024,114761,"1449+4651"
"4651",2025,111654,"1449+4651"
"5001",2009,228623,"1601+1662+5001+5030"
"5001",2010,200096,"1601+1662+5001+5030"
"5001",2011,225817,"1601+1662+5001+5030"
"5001",2012,300604,"1601+1662+5001+5030"
"5001",2013,329084,"1601+1662+5001+5030"
"5001",2014,342485,"1601+1662+5001+5030"
"5001",2015,329468,"1601+1662+5001+5030"
"5001",2016,345392,"1601+1662+5001+5030"
"5001",2017,371676,"1601+1662+5001+5030"
"5001",2018,393639,"1601+1662+5001+5030"
"5001",2019,575091,"1601+1662+5001+5030"
"5001",2020,621491,"1601+1662+5001+5030"
"5001",2021,669369,"1601+1662+5001+5030"
"5001",2022,611907,"1601+1662+5001+5030"
"5001",2023,650021,"1601+1662+5001+5030"
"5001",2024,566485,"1601+1662+5001+5030"
"5001",2025,517153,"1601+1662+5001+5030"
"5006",2009,307786,"1702+1724+5004+5006+5039"
"5006",2010,288659,"1702+1724+5004+5006+5039"
"5006",2011,285906,"1702+1724+5004+5006+5039"
"5006",2012,310713,"1702+1724+5004+5006+5039"
"5006",2013,311481,"1702+1724+5004+5006+5039"
"5006",2014,349623,"1702+1724+5004+5006+5039"
"5006",2015,377067,"1702+1724+5004+5006+5039"
"5006",2016,358994,"1702+1724+5004+5006+5039"
"5006",2017,392493,"1702+1724+5004+5006+5039"
"5006",2018,435850,"1702+1724+5004+5006+5039"
"5006",2019,490728,"1702+1724+5004+5006+5039"
"5006",2020,532018,"1702+1724+5004+5006+5039"
"5006",2021,537124,"1702+1724+5004+5006+5039"
"5006",2022,569631,"1702+1724+5004+5006+5039"
"5006",2023,530692,"1702+1724+5004+5006+5039"
"5006",2024,541949,"1702+1724+5004+5006+5039"
"5006",2025,535579,"1702+1724+5004+5006+5039"
"5007",2009,188686,"1703+1725+1748+5005+5007+5040+5048"
"5007",2010,186900,"1703+1725+1748+5005+5007+5040+5048"
"5007",2011,192577,"1703+1725+1748+5005+5007+5040+5048"
"5007",2012,212369,"1703+1725+1748+5005+5007+5040+5048"
"5007",2013,237615,"1703+1725+1748+5005+5007+5040+5048"
"5007",2014,278821,"1703+1725+1748+5005+5007+5040+5048"
"5007",2015,251149,"1703+1725+1748+5005+5007+5040+5048"
"5007",2016,274612,"1703+1725+1748+5005+5007+5040+5048"
"5007",2017,266133,"1703+1725+1748+5005+5007+5040+5048"
"5007",2018,295109,"1703+1725+1748+5005+5007+5040+5048"
"5007",2019,279046,"1703+1725+1748+5005+5007+5040+5048"
"5007",2020,231323,"1703+1725+1748+5005+5007+5040+5048"
"5007",2021,234897,"1703+1725+1748+5005+5007+5040+5048"
"5007",2022,262534,"1703+1725+1748+5005+5007+5040+5048"
"5007",2023,273851,"1703+1725+1748+5005+5007+5040+5048"
"5007",2024,289850,"1703+1725+1748+5005+5007+5040+5048"
"5007",2025,286887,"1703+1725+1748+5005+5007+5040+5048"
"5014",2009,20420,"1620+5014"
"5014",2010,21119,"1620+5014"
"5014",2011,12512,"1620+5014"
"5014",2012,12574,"1620+5014"
"5014",2013,13699,"1620+5014"
"5014",2014,23773,"1620+5014"
"5014",2015,27877,"1620+5014"
"5014",2016,25681,"1620+5014"
"5014",2017,27597,"1620+5014"
"5014",2018,30325,"1620+5014"
"5014",2019,27576,"1620+5014"
"5014",2020,25325,"1620+5014"
"5014",2021,27227,"1620+5014"
"5014",2022,37914,"1620+5014"
"5014",2023,31191,"1620+5014"
"5014",2024,34048,"1620+5014"
"5014",2025,30897,"1620+5014"
"5020",2009,9207,"1633+5020"
"5020",2010,9243,"1633+5020"
"5020",2011,8618,"1633+5020"
"5020",2012,7302,"1633+5020"
"5020",2013,8911,"1633+5020"
"5020",2014,9818,"1633+5020"
"5020",2015,9011,"1633+5020"
"5020",2016,8119,"1633+5020"
"5020",2017,10879,"1633+5020"
"5020",2018,9286,"1633+5020"
"5020",2019,12110,"1633+5020"
"5020",2020,11473,"1633+5020"
"5020",2021,11857,"1633+5020"
"5020",2022,11245,"1633+5020"
"5020",2023,20495,"1633+5020"
"5020",2024,11682,"1633+5020"
"5020",2025,9453,"1633+5020"
"5021",2009,181155,"1634+5021"
"5021",2010,59064,"1634+5021"
"5021",2011,50181,"1634+5021"
"5021",2012,48530,"1634+5021"
"5021",2013,49839,"1634+5021"
"5021",2014,102447,"1634+5021"
"5021",2015,122478,"1634+5021"
"5021",2016,133266,"1634+5021"
"5021",2017,174430,"1634+5021"
"5021",2018,88172,"1634+5021"
"5021",2019,91353,"1634+5021"
"5021",2020,92389,"1634+5021"
"5021",2021,85241,"1634+5021"
"5021",2022,97018,"1634+5021"
"5021",2023,91013,"1634+5021"
"5021",2024,89438,"1634+5021"
"5021",2025,76708,"1634+5021"
"5022",2009,31593,"1635+5022"
"5022",2010,41222,"1635+5022"
"5022",2011,34772,"1635+5022"
"5022",2012,26095,"1635+5022"
"5022",2013,15281,"1635+5022"
"5022",2014,14996,"1635+5022"
"5022",2015,22800,"1635+5022"
"5022",2016,34043,"1635+5022"
"5022",2017,25182,"1635+5022"
"5022",2018,20087,"1635+5022"
"5022",2019,19130,"1635+5022"
"5022",2020,15550,"1635+5022"
"5022",2021,16089,"1635+5022"
"5022",2022,23726,"1635+5022"
"5022",2023,26840,"1635+5022"
"5022",2024,17265,"1635+5022"
"5022",2025,13340,"1635+5022"
"5025",2009,45544,"1640+5025"
"5025",2010,35842,"1640+5025"
"5025",2011,37130,"1640+5025"
"5025",2012,36110,"1640+5025"
"5025",2013,36058,"1640+5025"
"5025",2014,35138,"1640+5025"
"5025",2015,45437,"1640+5025"
"5025",2016,49620,"1640+5025"
"5025",2017,50523,"1640+5025"
"5025",2018,40886,"1640+5025"
"5025",2019,38088,"1640+5025"
"5025",2020,35249,"1640+5025"
"5025",2021,29495,"1640+5025"
"5025",2022,28709,"1640+5025"
"5025",2023,36132,"1640+5025"
"5025",2024,36761,"1640+5025"
"5025",2025,37978,"1640+5025"
"5026",2009,22336,"1644+5026"
"5026",2010,20651,"1644+5026"
"5026",2011,20128,"1644+5026"
"5026",2012,18619,"1644+5026"
"5026",2013,12938,"1644+5026"
"5026",2014,10632,"1644+5026"
"5026",2015,9562,"1644+5026"
"5026",2016,9889,"1644+5026"
"5026",2017,8087,"1644+5026"
"5026",2018,8644,"1644+5026"
"5026",2019,9269,"1644+5026"
"5026",2020,29035,"1644+5026"
"5026",2021,30689,"1644+5026"
"5026",2022,22640,"1644+5026"
"5026",2023,12789,"1644+5026"
"5026",2024,7249,"1644+5026"
"5026",2025,6389,"1644+5026"
"5027",2009,20573,"1648+5027"
"5027",2010,29673,"1648+5027"
"5027",2011,34908,"1648+5027"
"5027",2012,39463,"1648+5027"
"5027",2013,31800,"1648+5027"
"5027",2014,37683,"1648+5027"
"5027",2015,42715,"1648+5027"
"5027",2016,42929,"1648+5027"
"5027",2017,58337,"1648+5027"
"5027",2018,66835,"1648+5027"
"5027",2019,71313,"1648+5027"
"5027",2020,64853,"1648+5027"
"5027",2021,63516,"1648+5027"
"5027",2022,71503,"1648+5027"
"5027",2023,79937,"1648+5027"
"5027",2024,54659,"1648+5027"
"5027",2025,61055,"1648+5027"
"5028",2009,112374,"1653+5028"
"5028",2010,115230,"1653+5028"
"5028",2011,116439,"1653+5028"
"5028",2012,122513,"1653+5028"
"5028",2013,146233,"1653+5028"
"5028",2014,154305,"1653+5028"
"5028",2015,190495,"1653+5028"
"5028",2016,250159,"1653+5028"
"5028",2017,263438,"1653+5028"
"5028",2018,270192,"1653+5028"
"5028",2019,213588,"1653+5028"
"5028",2020,170595,"1653+5028"
"5028",2021,142847,"1653+5028"
"5028",2022,139573,"1653+5028"
"5028",2023,147687,"1653+5028"
"5028",2024,149521,"1653+5028"
"5028",2025,131353,"1653+5028"
"5029",2009,13916,"1657+5029"
"5029",2010,23130,"1657+5029"
"5029",2011,22395,"1657+5029"
"5029",2012,23642,"1657+5029"
"5029",2013,28246,"1657+5029"
"5029",2014,36283,"1657+5029"
"5029",2015,43807,"1657+5029"
"5029",2016,42537,"1657+5029"
"5029",2017,37236,"1657+5029"
"5029",2018,35785,"1657+5029"
"5029",2019,29109,"1657+5029"
"5029",2020,41270,"1657+5029"
"5029",2021,54720,"1657+5029"
"5029",2022,63271,"1657+5029"
"5029",2023,63091,"1657+5029"
"5029",2024,58348,"1657+5029"
"5029",2025,62976,"1657+5029"
"5031",2009,16005,"1663+5031"
"5031",2010,17126,"1663+5031"
"5031",2011,27924,"1663+5031"
"5031",2012,44494,"1663+5031"
"5031",2013,69149,"1663+5031"
"5031",2014,74101,"1663+5031"
"5031",2015,75846,"1663+5031"
"5031",2016,70783,"1663+5031"
"5031",2017,55386,"1663+5031"
"5031",2018,86072,"1663+5031"
"5031",2019,92248,"1663+5031"
"5031",2020,91728,"1663+5031"
"5031",2021,98795,"1663+5031"
"5031",2022,123782,"1663+5031"
"5031",2023,138809,"1663+5031"
"5031",2024,141028,"1663+5031"
"5031",2025,149419,"1663+5031"
"5032",2009,88509,"1664+5032"
"5032",2010,105932,"1664+5032"
"5032",2011,115877,"1664+5032"
"5032",2012,109194,"1664+5032"
"5032",2013,112088,"1664+5032"
"5032",2014,103458,"1664+5032"
"5032",2015,86691,"1664+5032"
"5032",2016,94778,"1664+5032"
"5032",2017,100988,"1664+5032"
"5032",2018,95173,"1664+5032"
"5032",2019,90966,"1664+5032"
"5032",2020,66680,"1664+5032"
"5032",2021,69000,"1664+5032"
"5032",2022,71385,"1664+5032"
"5032",2023,68398,"1664+5032"
"5032",2024,63697,"1664+5032"
"5032",2025,53947,"1664+5032"
"5033",2009,5753,"1665+5033"
"5033",2010,6164,"1665+5033"
"5033",2011,5546,"1665+5033"
"5033",2012,5370,"1665+5033"
"5033",2013,4902,"1665+5033"
"5033",2014,6866,"1665+5033"
"5033",2015,6742,"1665+5033"
"5033",2016,5787,"1665+5033"
"5033",2017,5541,"1665+5033"
"5033",2018,4237,"1665+5033"
"5033",2019,6191,"1665+5033"
"5033",2020,5290,"1665+5033"
"5033",2021,6431,"1665+5033"
"5033",2022,4312,"1665+5033"
"5033",2023,4546,"1665+5033"
"5033",2024,3702,"1665+5033"
"5033",2025,2093,"1665+5033"
"5034",2009,12621,"1711+5034"
"5034",2010,13344,"1711+5034"
"5034",2011,18172,"1711+5034"
"5034",2012,17493,"1711+5034"
"5034",2013,15000,"1711+5034"
"5034",2014,15458,"1711+5034"
"5034",2015,16225,"1711+5034"
"5034",2016,22715,"1711+5034"
"5034",2017,19555,"1711+5034"
"5034",2018,18200,"1711+5034"
"5034",2019,16663,"1711+5034"
"5034",2020,17112,"1711+5034"
"5034",2021,17122,"1711+5034"
"5034",2022,17872,"1711+5034"
"5034",2023,21344,"1711+5034"
"5034",2024,24271,"1711+5034"
"5034",2025,17491,"1711+5034"
"5035",2009,221068,"1714+5035"
"5035",2010,254766,"1714+5035"
"5035",2011,260761,"1714+5035"
"5035",2012,284813,"1714+5035"
"5035",2013,295317,"1714+5035"
"5035",2014,310039,"1714+5035"
"5035",2015,318931,"1714+5035"
"5035",2016,297664,"1714+5035"
"5035",2017,301710,"1714+5035"
"5035",2018,358323,"1714+5035"
"5035",2019,309895,"1714+5035"
"5035",2020,300478,"1714+5035"
"5035",2021,285995,"1714+5035"
"5035",2022,305868,"1714+5035"
"5035",2023,343991,"1714+5035"
"5035",2024,379598,"1714+5035"
"5035",2025,374369,"1714+5035"
"5036",2009,28174,"1717+5036"
"5036",2010,31716,"1717+5036"
"5036",2011,34496,"1717+5036"
"5036",2012,34972,"1717+5036"
"5036",2013,39725,"1717+5036"
"5036",2014,45717,"1717+5036"
"5036",2015,33490,"1717+5036"
"5036",2016,28234,"1717+5036"
"5036",2017,26826,"1717+5036"
"5036",2018,36453,"1717+5036"
"5036",2019,52656,"1717+5036"
"5036",2020,56756,"1717+5036"
"5036",2021,58990,"1717+5036"
"5036",2022,59728,"1717+5036"
"5036",2023,64075,"1717+5036"
"5036",2024,60651,"1717+5036"
"5036",2025,51244,"1717+5036"
"5037",2009,134087,"1719+5037"
"5037",2010,102963,"1719+5037"
"5037",2011,80705,"1719+5037"
"5037",2012,79852,"1719+5037"
"5037",2013,69953,"1719+5037"
"5037",2014,74150,"1719+5037"
"5037",2015,70902,"1719+5037"
"5037",2016,82080,"1719+5037"
"5037",2017,79263,"1719+5037"
"5037",2018,103610,"1719+5037"
"5037",2019,113816,"1719+5037"
"5037",2020,113378,"1719+5037"
"5037",2021,109538,"1719+5037"
"5037",2022,95500,"1719+5037"
"5037",2023,109748,"1719+5037"
"5037",2024,105598,"1719+5037"
"5037",2025,107051,"1719+5037"
"5038",2009,81278,"1721+5038"
"5038",2010,89203,"1721+5038"
"5038",2011,90057,"1721+5038"
"5038",2012,82584,"1721+5038"
"5038",2013,73345,"1721+5038"
"5038",2014,79511,"1721+5038"
"5038",2015,80457,"1721+5038"
"5038",2016,81762,"1721+5038"
"5038",2017,84612,"1721+5038"
"5038",2018,101086,"1721+5038"
"5038",2019,96445,"1721+5038"
"5038",2020,83995,"1721+5038"
"5038",2021,80944,"1721+5038"
"5038",2022,83435,"1721+5038"
"5038",2023,145627,"1721+5038"
"5038",2024,182132,"1721+5038"
"5038",2025,145209,"1721+5038"
"5041",2009,19045,"1736+5041"
"5041",2010,22633,"1736+5041"
"5041",2011,32806,"1736+5041"
"5041",2012,29983,"1736+5041"
"5041",2013,23119,"1736+5041"
"5041",2014,23900,"1736+5041"
"5041",2015,26618,"1736+5041"
"5041",2016,23651,"1736+5041"
"5041",2017,17249,"1736+5041"
"5041",2018,17690,"1736+5041"
"5041",2019,15302,"1736+5041"
"5041",2020,18754,"1736+5041"
"5041",2021,26647,"1736+5041"
"5041",2022,12557,"1736+5041"
"5041",2023,11776,"1736+5041"
"5041",2024,11103,"1736+5041"
"5041",2025,12650,"1736+5041"
"5042",2009,13957,"1738+5042"
"5042",2010,7266,"1738+5042"
"5042",2011,6329,"1738+5042"
"5042",2012,6802,"1738+5042"
"5042",2013,9344,"1738+5042"
"5042",2014,12713,"1738+5042"
"5042",2015,12456,"1738+5042"
"5042",2016,15196,"1738+5042"
"5042",2017,15425,"1738+5042"
"5042",2018,14293,"1738+5042"
"5042",2019,12549,"1738+5042"
"5042",2020,12788,"1738+5042"
"5042",2021,11230,"1738+5042"
"5042",2022,11883,"1738+5042"
"5042",2023,11911,"1738+5042"
"5042",2024,11451,"1738+5042"
"5042",2025,11859,"1738+5042"
"5043",2009,4768,"1739+5043"
"5043",2010,4056,"1739+5043"
"5043",2011,4076,"1739+5043"
"5043",2012,5618,"1739+5043"
"5043",2013,3065,"1739+5043"
"5043",2014,3544,"1739+5043"
"5043",2015,4408,"1739+5043"
"5043",2016,4175,"1739+5043"
"5043",2017,4863,"1739+5043"
"5043",2018,5217,"1739+5043"
"5043",2019,4297,"1739+5043"
"5043",2020,4257,"1739+5043"
"5043",2021,3664,"1739+5043"
"5043",2022,3665,"1739+5043"
"5043",2023,3770,"1739+5043"
"5043",2024,3519,"1739+5043"
"5043",2025,4350,"1739+5043"
"5044",2009,3038,"1740+5044"
"5044",2010,2899,"1740+5044"
"5044",2011,3838,"1740+5044"
"5044",2012,3976,"1740+5044"
"5044",2013,4017,"1740+5044"
"5044",2014,4037,"1740+5044"
"5044",2015,4514,"1740+5044"
"5044",2016,4453,"1740+5044"
"5044",2017,6157,"1740+5044"
"5044",2018,5869,"1740+5044"
"5044",2019,8246,"1740+5044"
"5044",2020,10697,"1740+5044"
"5044",2021,10393,"1740+5044"
"5044",2022,12378,"1740+5044"
"5044",2023,9395,"1740+5044"
"5044",2024,10940,"1740+5044"
"5044",2025,10829,"1740+5044"
"5045",2009,10337,"1742+5045"
"5045",2010,10067,"1742+5045"
"5045",2011,11280,"1742+5045"
"5045",2012,11877,"1742+5045"
"5045",2013,10890,"1742+5045"
"5045",2014,11062,"1742+5045"
"5045",2015,18160,"1742+5045"
"5045",2016,26226,"1742+5045"
"5045",2017,19325,"1742+5045"
"5045",2018,9001,"1742+5045"
"5045",2019,10639,"1742+5045"
"5045",2020,8396,"1742+5045"
"5045",2021,8844,"1742+5045"
"5045",2022,7659,"1742+5045"
"5045",2023,7284,"1742+5045"
"5045",2024,7569,"1742+5045"
"5045",2025,7659,"1742+5045"
"5046",2009,12485,"1743+5046"
"5046",2010,10012,"1743+5046"
"5046",2011,10175,"1743+5046"
"5046",2012,7946,"1743+5046"
"5046",2013,7966,"1743+5046"
"5046",2014,8021,"1743+5046"
"5046",2015,9538,"1743+5046"
"5046",2016,12302,"1743+5046"
"5046",2017,12584,"1743+5046"
"5046",2018,12830,"1743+5046"
"5046",2019,13854,"1743+5046"
"5046",2020,15113,"1743+5046"
"5046",2021,13065,"1743+5046"
"5046",2022,11812,"1743+5046"
"5046",2023,20562,"1743+5046"
"5046",2024,20284,"1743+5046"
"5046",2025,19765,"1743+5046"
"5047",2009,28077,"1744+5047"
"5047",2010,26310,"1744+5047"
"5047",2011,27143,"1744+5047"
"5047",2012,27428,"1744+5047"
"5047",2013,32255,"1744+5047"
"5047",2014,33529,"1744+5047"
"5047",2015,37222,"1744+5047"
"5047",2016,34375,"1744+5047"
"5047",2017,43579,"1744+5047"
"5047",2018,44688,"1744+5047"
"5047",2019,42788,"1744+5047"
"5047",2020,43524,"1744+5047"
"5047",2021,46849,"1744+5047"
"5047",2022,60095,"1744+5047"
"5047",2023,59389,"1744+5047"
"5047",2024,59292,"1744+5047"
"5047",2025,59197,"1744+5047"
"5049",2009,17449,"1749+5049"
"5049",2010,18615,"1749+5049"
"5049",2011,16129,"1749+5049"
"5049",2012,15535,"1749+5049"
"5049",2013,15087,"1749+5049"
"5049",2014,13482,"1749+5049"
"5049",2015,13889,"1749+5049"
"5049",2016,14623,"1749+5049"
"5049",2017,15227,"1749+5049"
"5049",2018,15468,"1749+5049"
"5049",2019,15340,"1749+5049"
"5049",2020,17549,"1749+5049"
"5049",2021,17935,"1749+5049"
"5049",2022,21288,"1749+5049"
"5049",2023,18782,"1749+5049"
"5049",2024,20693,"1749+5049"
"5049",2025,22634,"1749+5049"
"5052",2009,4086,"1755+5052"
"5052",2010,3550,"1755+5052"
"5052",2011,5330,"1755+5052"
"5052",2012,4179,"1755+5052"
"5052",2013,3926,"1755+5052"
"5052",2014,3255,"1755+5052"
"5052",2015,2722,"1755+5052"
"5052",2016,3897,"1755+5052"
"5052",2017,5200,"1755+5052"
"5052",2018,5512,"1755+5052"
"5052",2019,7049,"1755+5052"
"5052",2020,10142,"1755+5052"
"5052",2021,8391,"1755+5052"
"5052",2022,8164,"1755+5052"
"5052",2023,4827,"1755+5052"
"5052",2024,3310,"1755+5052"
"5052",2025,4982,"1755+5052"
"5053",2009,20566,"1723+1729+1756+5053"
"5053",2010,27325,"1723+1729+1756+5053"
"5053",2011,33319,"1723+1729+1756+5053"
"5053",2012,37675,"1723+1729+1756+5053"
"5053",2013,44334,"1723+1729+1756+5053"
"5053",2014,48543,"1723+1729+1756+5053"
"5053",2015,47651,"1723+1729+1756+5053"
"5053",2016,48503,"1723+1729+1756+5053"
"5053",2017,54215,"1723+1729+1756+5053"
"5053",2018,54998,"1723+1729+1756+5053"
"5053",2019,61182,"1723+1729+1756+5053"
"5053",2020,59687,"1723+1729+1756+5053"
"5053",2021,64081,"1723+1729+1756+5053"
"5053",2022,78135,"1723+1729+1756+5053"
"5053",2023,79322,"1723+1729+1756+5053"
"5053",2024,100592,"1723+1729+1756+5053"
"5053",2025,114279,"1723+1729+1756+5053"
"5054",2009,44784,"1624+1718+5054"
"5054",2010,55548,"1624+1718+5054"
"5054",2011,64929,"1624+1718+5054"
"5054",2012,69810,"1624+1718+5054"
"5054",2013,106869,"1624+1718+5054"
"5054",2014,117149,"1624+1718+5054"
"5054",2015,117797,"1624+1718+5054"
"5054",2016,123759,"1624+1718+5054"
"5054",2017,132212,"1624+1718+5054"
"5054",2018,67893,"1624+1718+5054"
"5054",2019,69860,"1624+1718+5054"
"5054",2020,68951,"1624+1718+5054"
"5054",2021,88015,"1624+1718+5054"
"5054",2022,75123,"1624+1718+5054"
"5054",2023,143303,"1624+1718+5054"
"5054",2024,107637,"1624+1718+5054"
"5054",2025,117574,"1624+1718+5054"
"5055",2009,0,"5055"
"5055",2010,0,"5055"
"5055",2011,0,"5055"
"5055",2012,0,"5055"
"5055",2013,0,"5055"
"5055",2014,0,"5055"
"5055",2015,0,"5055"
"5055",2016,0,"5055"
"5055",2017,0,"5055"
"5055",2018,0,"5055"
"5055",2019,0,"5055"
"5055",2020,90552,"5055"
"5055",2021,86329,"5055"
"5055",2022,67338,"5055"
"5055",2023,82538,"5055"
"5055",2024,73927,"5055"
"5055",2025,62835,"5055"
"5056",2009,0,"5056"
"5056",2010,0,"5056"
"5056",2011,0,"5056"
"5056",2012,0,"5056"
"5056",2013,0,"5056"
"5056",2014,0,"5056"
"5056",2015,0,"5056"
"5056",2016,0,"5056"
"5056",2017,0,"5056"
"5056",2018,0,"5056"
"5056",2019,0,"5056"
"5056",2020,43962,"5056"
"5056",2021,44472,"5056"
"5056",2022,37675,"5056"
"5056",2023,43138,"5056"
"5056",2024,44677,"5056"
"5056",2025,34821,"5056"
"5057",2009,49077,"1621+1627+5015+5017+5057"
"5057",2010,73904,"1621+1627+5015+5017+5057"
"5057",2011,77408,"1621+1627+5015+5017+5057"
"5057",2012,79764,"1621+1627+5015+5017+5057"
"5057",2013,71292,"1621+1627+5015+5017+5057"
"5057",2014,70589,"1621+1627+5015+5017+5057"
"5057",2015,86762,"1621+1627+5015+5017+5057"
"5057",2016,111623,"1621+1627+5015+5017+5057"
"5057",2017,114745,"1621+1627+5015+5017+5057"
"5057",2018,55690,"1621+1627+5015+5017+5057"
"5057",2019,97744,"1621+1627+5015+5017+5057"
"5057",2020,96622,"1621+1627+5015+5017+5057"
"5057",2021,107448,"1621+1627+5015+5017+5057"
"5057",2022,105836,"1621+1627+5015+5017+5057"
"5057",2023,78345,"1621+1627+5015+5017+5057"
"5057",2024,77280,"1621+1627+5015+5017+5057"
"5057",2025,42923,"1621+1627+5015+5017+5057"
"5058",2009,68193,"1630+1632+5018+5019+5058"
"5058",2010,77849,"1630+1632+5018+5019+5058"
"5058",2011,85916,"1630+1632+5018+5019+5058"
"5058",2012,94178,"1630+1632+5018+5019+5058"
"5058",2013,78900,"1630+1632+5018+5019+5058"
"5058",2014,77406,"1630+1632+5018+5019+5058"
"5058",2015,77716,"1630+1632+5018+5019+5058"
"5058",2016,65859,"1630+1632+5018+5019+5058"
"5058",2017,62375,"1630+1632+5018+5019+5058"
"5058",2018,76094,"1630+1632+5018+5019+5058"
"5058",2019,81242,"1630+1632+5018+5019+5058"
"5058",2020,83321,"1630+1632+5018+5019+5058"
"5058",2021,100083,"1630+1632+5018+5019+5058"
"5058",2022,99501,"1630+1632+5018+5019+5058"
"5058",2023,48403,"1630+1632+5018+5019+5058"
"5058",2024,90725,"1630+1632+5018+5019+5058"
"5058",2025,38167,"1630+1632+5018+5019+5058"
"5059",2009,0,"5059"
"5059",2010,0,"5059"
"5059",2011,0,"5059"
"5059",2012,0,"5059"
"5059",2013,0,"5059"
"5059",2014,0,"5059"
"5059",2015,0,"5059"
"5059",2016,0,"5059"
"5059",2017,0,"5059"
"5059",2018,0,"5059"
"5059",2019,0,"5059"
"5059",2020,178706,"5059"
"5059",2021,182165,"5059"
"5059",2022,184157,"5059"
"5059",2023,195369,"5059"
"5059",2024,219325,"5059"
"5059",2025,220563,"5059"
"5060",2009,57288,"1750+1751+5050+5051+5060"
"5060",2010,64252,"1750+1751+5050+5051+5060"
"5060",2011,83052,"1750+1751+5050+5051+5060"
"5060",2012,90403,"1750+1751+5050+5051+5060"
"5060",2013,107293,"1750+1751+5050+5051+5060"
"5060",2014,121167,"1750+1751+5050+5051+5060"
"5060",2015,124134,"1750+1751+5050+5051+5060"
"5060",2016,118808,"1750+1751+5050+5051+5060"
"5060",2017,111931,"1750+1751+5050+5051+5060"
"5060",2018,120587,"1750+1751+5050+5051+5060"
"5060",2019,116105,"1750+1751+5050+5051+5060"
"5060",2020,143976,"1750+1751+5050+5051+5060"
"5060",2021,243503,"1750+1751+5050+5051+5060"
"5060",2022,232341,"1750+1751+5050+5051+5060"
"5060",2023,251683,"1750+1751+5050+5051+5060"
"5060",2024,280766,"1750+1751+5050+5051+5060"
"5060",2025,222339,"1750+1751+5050+5051+5060"
"5061",2009,15491,"1567+5061"
"5061",2010,15977,"1567+5061"
"5061",2011,14975,"1567+5061"
"5061",2012,12140,"1567+5061"
"5061",2013,13775,"1567+5061"
"5061",2014,13371,"1567+5061"
"5061",2015,8493,"1567+5061"
"5061",2016,9971,"1567+5061"
"5061",2017,15485,"1567+5061"
"5061",2018,14583,"1567+5061"
"5061",2019,12174,"1567+5061"
"5061",2020,11869,"1567+5061"
"5061",2021,14037,"1567+5061"
"5061",2022,15182,"1567+5061"
"5061",2023,17807,"1567+5061"
"5061",2024,22977,"1567+5061"
"5061",2025,23073,"1567+5061"
"5501",2009,382724,"1902+5401+5501"
"5501",2010,406792,"1902+5401+5501"
"5501",2011,387049,"1902+5401+5501"
"5501",2012,383747,"1902+5401+5501"
"5501",2013,364670,"1902+5401+5501"
"5501",2014,387378,"1902+5401+5501"
"5501",2015,454353,"1902+5401+5501"
"5501",2016,518087,"1902+5401+5501"
"5501",2017,561365,"1902+5401+5501"
"5501",2018,618409,"1902+5401+5501"
"5501",2019,622589,"1902+5401+5501"
"5501",2020,609731,"1902+5401+5501"
"5501",2021,582022,"1902+5401+5501"
"5501",2022,567991,"1902+5401+5501"
"5501",2023,570090,"1902+5401+5501"
"5501",2024,565179,"1902+5401+5501"
"5501",2025,569017,"1902+5401+5501"
"5503",2009,233041,"1901+1903+1915+5402+5503"
"5503",2010,292077,"1901+1903+1915+5402+5503"
"5503",2011,277455,"1901+1903+1915+5402+5503"
"5503",2012,232404,"1901+1903+1915+5402+5503"
"5503",2013,216647,"1901+1903+1915+5402+5503"
"5503",2014,213067,"1901+1903+1915+5402+5503"
"5503",2015,214051,"1901+1903+1915+5402+5503"
"5503",2016,210468,"1901+1903+1915+5402+5503"
"5503",2017,214482,"1901+1903+1915+5402+5503"
"5503",2018,329359,"1901+1903+1915+5402+5503"
"5503",2019,323656,"1901+1903+1915+5402+5503"
"5503",2020,311020,"1901+1903+1915+5402+5503"
"5503",2021,307903,"1901+1903+1915+5402+5503"
"5503",2022,295605,"1901+1903+1915+5402+5503"
"5503",2023,292081,"1901+1903+1915+5402+5503"
"5503",2024,279222,"1901+1903+1915+5402+5503"
"5503",2025,262899,"1901+1903+1915+5402+5503"
"5510",2009,45233,"1911+5411+5510"
"5510",2010,44529,"1911+5411+5510"
"5510",2011,39641,"1911+5411+5510"
"5510",2012,38777,"1911+5411+5510"
"5510",2013,41798,"1911+5411+5510"
"5510",2014,38287,"1911+5411+5510"
"5510",2015,34391,"1911+5411+5510"
"5510",2016,32726,"1911+5411+5510"
"5510",2017,33028,"1911+5411+5510"
"5510",2018,68089,"1911+5411+5510"
"5510",2019,68672,"1911+5411+5510"
"5510",2020,68813,"1911+5411+5510"
"5510",2021,69438,"1911+5411+5510"
"5510",2022,61789,"1911+5411+5510"
"5510",2023,61042,"1911+5411+5510"
"5510",2024,52059,"1911+5411+5510"
"5510",2025,47389,"1911+5411+5510"
"5512",2009,12947,"1852+1913+5412+5512"
"5512",2010,17911,"1852+1913+5412+5512"
"5512",2011,23940,"1852+1913+5412+5512"
"5512",2012,31717,"1852+1913+5412+5512"
"5512",2013,47366,"1852+1913+5412+5512"
"5512",2014,38483,"1852+1913+5412+5512"
"5512",2015,45911,"1852+1913+5412+5512"
"5512",2016,81234,"1852+1913+5412+5512"
"5512",2017,90001,"1852+1913+5412+5512"
"5512",2018,87392,"1852+1913+5412+5512"
"5512",2019,80580,"1852+1913+5412+5512"
"5512",2020,80504,"1852+1913+5412+5512"
"5512",2021,97876,"1852+1913+5412+5512"
"5512",2022,100697,"1852+1913+5412+5512"
"5512",2023,109036,"1852+1913+5412+5512"
"5512",2024,108747,"1852+1913+5412+5512"
"5512",2025,107896,"1852+1913+5412+5512"
"5514",2009,8935,"1917+5413+5514"
"5514",2010,7450,"1917+5413+5514"
"5514",2011,9097,"1917+5413+5514"
"5514",2012,12129,"1917+5413+5514"
"5514",2013,16531,"1917+5413+5514"
"5514",2014,14028,"1917+5413+5514"
"5514",2015,9311,"1917+5413+5514"
"5514",2016,10364,"1917+5413+5514"
"5514",2017,9846,"1917+5413+5514"
"5514",2018,9834,"1917+5413+5514"
"5514",2019,11013,"1917+5413+5514"
"5514",2020,11877,"1917+5413+5514"
"5514",2021,14047,"1917+5413+5514"
"5514",2022,20190,"1917+5413+5514"
"5514",2023,20288,"1917+5413+5514"
"5514",2024,23337,"1917+5413+5514"
"5514",2025,18020,"1917+5413+5514"
"5516",2009,3876,"1919+5414+5516"
"5516",2010,8412,"1919+5414+5516"
"5516",2011,11678,"1919+5414+5516"
"5516",2012,11075,"1919+5414+5516"
"5516",2013,12548,"1919+5414+5516"
"5516",2014,13685,"1919+5414+5516"
"5516",2015,13556,"1919+5414+5516"
"5516",2016,10026,"1919+5414+5516"
"5516",2017,10598,"1919+5414+5516"
"5516",2018,9641,"1919+5414+5516"
"5516",2019,8791,"1919+5414+5516"
"5516",2020,8185,"1919+5414+5516"
"5516",2021,7215,"1919+5414+5516"
"5516",2022,7800,"1919+5414+5516"
"5516",2023,6392,"1919+5414+5516"
"5516",2024,6074,"1919+5414+5516"
"5516",2025,5349,"1919+5414+5516"
"5518",2009,1520,"1920+5415+5518"
"5518",2010,1912,"1920+5415+5518"
"5518",2011,2022,"1920+5415+5518"
"5518",2012,2538,"1920+5415+5518"
"5518",2013,24792,"1920+5415+5518"
"5518",2014,24180,"1920+5415+5518"
"5518",2015,35094,"1920+5415+5518"
"5518",2016,37613,"1920+5415+5518"
"5518",2017,26831,"1920+5415+5518"
"5518",2018,32765,"1920+5415+5518"
"5518",2019,38393,"1920+5415+5518"
"5518",2020,35422,"1920+5415+5518"
"5518",2021,33226,"1920+5415+5518"
"5518",2022,31486,"1920+5415+5518"
"5518",2023,28977,"1920+5415+5518"
"5518",2024,23472,"1920+5415+5518"
"5518",2025,22696,"1920+5415+5518"
"5520",2009,19853,"1922+5416+5520"
"5520",2010,19828,"1922+5416+5520"
"5520",2011,21070,"1922+5416+5520"
"5520",2012,31668,"1922+5416+5520"
"5520",2013,45112,"1922+5416+5520"
"5520",2014,45277,"1922+5416+5520"
"5520",2015,39778,"1922+5416+5520"
"5520",2016,54496,"1922+5416+5520"
"5520",2017,48285,"1922+5416+5520"
"5520",2018,70230,"1922+5416+5520"
"5520",2019,72737,"1922+5416+5520"
"5520",2020,60788,"1922+5416+5520"
"5520",2021,46768,"1922+5416+5520"
"5520",2022,44348,"1922+5416+5520"
"5520",2023,34522,"1922+5416+5520"
"5520",2024,37824,"1922+5416+5520"
"5520",2025,38128,"1922+5416+5520"
"5522",2009,13522,"1923+5417+5522"
"5522",2010,14912,"1923+5417+5522"
"5522",2011,16780,"1923+5417+5522"
"5522",2012,17207,"1923+5417+5522"
"5522",2013,26852,"1923+5417+5522"
"5522",2014,26348,"1923+5417+5522"
"5522",2015,26989,"1923+5417+5522"
"5522",2016,19667,"1923+5417+5522"
"5522",2017,19154,"1923+5417+5522"
"5522",2018,18936,"1923+5417+5522"
"5522",2019,21881,"1923+5417+5522"
"5522",2020,21460,"1923+5417+5522"
"5522",2021,19430,"1923+5417+5522"
"5522",2022,19660,"1923+5417+5522"
"5522",2023,23532,"1923+5417+5522"
"5522",2024,25925,"1923+5417+5522"
"5522",2025,22954,"1923+5417+5522"
"5524",2009,15333,"1924+5418+5524"
"5524",2010,13785,"1924+5418+5524"
"5524",2011,16948,"1924+5418+5524"
"5524",2012,16009,"1924+5418+5524"
"5524",2013,17901,"1924+5418+5524"
"5524",2014,18539,"1924+5418+5524"
"5524",2015,15224,"1924+5418+5524"
"5524",2016,27514,"1924+5418+5524"
"5524",2017,21856,"1924+5418+5524"
"5524",2018,21114,"1924+5418+5524"
"5524",2019,38988,"1924+5418+5524"
"5524",2020,40605,"1924+5418+5524"
"5524",2021,27228,"1924+5418+5524"
"5524",2022,24269,"1924+5418+5524"
"5524",2023,23136,"1924+5418+5524"
"5524",2024,27215,"1924+5418+5524"
"5524",2025,27707,"1924+5418+5524"
"5526",2009,19173,"1925+5419+5526"
"5526",2010,21612,"1925+5419+5526"
"5526",2011,19928,"1925+5419+5526"
"5526",2012,15751,"1925+5419+5526"
"5526",2013,15886,"1925+5419+5526"
"5526",2014,18646,"1925+5419+5526"
"5526",2015,16927,"1925+5419+5526"
"5526",2016,18411,"1925+5419+5526"
"5526",2017,18158,"1925+5419+5526"
"5526",2018,21232,"1925+5419+5526"
"5526",2019,20012,"1925+5419+5526"
"5526",2020,21193,"1925+5419+5526"
"5526",2021,21087,"1925+5419+5526"
"5526",2022,19420,"1925+5419+5526"
"5526",2023,36046,"1925+5419+5526"
"5526",2024,25816,"1925+5419+5526"
"5526",2025,15100,"1925+5419+5526"
"5528",2009,10085,"1926+5420+5528"
"5528",2010,20501,"1926+5420+5528"
"5528",2011,19596,"1926+5420+5528"
"5528",2012,23282,"1926+5420+5528"
"5528",2013,17972,"1926+5420+5528"
"5528",2014,21051,"1926+5420+5528"
"5528",2015,24641,"1926+5420+5528"
"5528",2016,18965,"1926+5420+5528"
"5528",2017,14881,"1926+5420+5528"
"5528",2018,12319,"1926+5420+5528"
"5528",2019,16480,"1926+5420+5528"
"5528",2020,15720,"1926+5420+5528"
"5528",2021,12421,"1926+5420+5528"
"5528",2022,12381,"1926+5420+5528"
"5528",2023,14907,"1926+5420+5528"
"5528",2024,14045,"1926+5420+5528"
"5528",2025,13056,"1926+5420+5528"
"5530",2009,117263,"1927+1928+1929+1931+5421+5530"
"5530",2010,110787,"1927+1928+1929+1931+5421+5530"
"5530",2011,131211,"1927+1928+1929+1931+5421+5530"
"5530",2012,112092,"1927+1928+1929+1931+5421+5530"
"5530",2013,149104,"1927+1928+1929+1931+5421+5530"
"5530",2014,157407,"1927+1928+1929+1931+5421+5530"
"5530",2015,167587,"1927+1928+1929+1931+5421+5530"
"5530",2016,162196,"1927+1928+1929+1931+5421+5530"
"5530",2017,154711,"1927+1928+1929+1931+5421+5530"
"5530",2018,146292,"1927+1928+1929+1931+5421+5530"
"5530",2019,176245,"1927+1928+1929+1931+5421+5530"
"5530",2020,199777,"1927+1928+1929+1931+5421+5530"
"5530",2021,194295,"1927+1928+1929+1931+5421+5530"
"5530",2022,194531,"1927+1928+1929+1931+5421+5530"
"5530",2023,171693,"1927+1928+1929+1931+5421+5530"
"5530",2024,131692,"1927+1928+1929+1931+5421+5530"
"5530",2025,118740,"1927+1928+1929+1931+5421+5530"
"5532",2009,37109,"1933+5422+5532"
"5532",2010,40697,"1933+5422+5532"
"5532",2011,34983,"1933+5422+5532"
"5532",2012,51186,"1933+5422+5532"
"5532",2013,45523,"1933+5422+5532"
"5532",2014,42199,"1933+5422+5532"
"5532",2015,53059,"1933+5422+5532"
"5532",2016,45341,"1933+5422+5532"
"5532",2017,61645,"1933+5422+5532"
"5532",2018,82656,"1933+5422+5532"
"5532",2019,66394,"1933+5422+5532"
"5532",2020,63586,"1933+5422+5532"
"5532",2021,66858,"1933+5422+5532"
"5532",2022,74265,"1933+5422+5532"
"5532",2023,69014,"1933+5422+5532"
"5532",2024,66565,"1933+5422+5532"
"5532",2025,58315,"1933+5422+5532"
"5534",2009,22195,"1936+5423+5534"
"5534",2010,29707,"1936+5423+5534"
"5534",2011,34014,"1936+5423+5534"
"5534",2012,28685,"1936+5423+5534"
"5534",2013,31848,"1936+5423+5534"
"5534",2014,30537,"1936+5423+5534"
"5534",2015,31515,"1936+5423+5534"
"5534",2016,27173,"1936+5423+5534"
"5534",2017,25111,"1936+5423+5534"
"5534",2018,29375,"1936+5423+5534"
"5534",2019,29375,"1936+5423+5534"
"5534",2020,22751,"1936+5423+5534"
"5534",2021,22350,"1936+5423+5534"
"5534",2022,23942,"1936+5423+5534"
"5534",2023,21710,"1936+5423+5534"
"5534",2024,23533,"1936+5423+5534"
"5534",2025,27438,"1936+5423+5534"
"5536",2009,32429,"1938+5424+5536"
"5536",2010,34301,"1938+5424+5536"
"5536",2011,29851,"1938+5424+5536"
"5536",2012,26795,"1938+5424+5536"
"5536",2013,32012,"1938+5424+5536"
"5536",2014,32930,"1938+5424+5536"
"5536",2015,24464,"1938+5424+5536"
"5536",2016,31842,"1938+5424+5536"
"5536",2017,34400,"1938+5424+5536"
"5536",2018,31648,"1938+5424+5536"
"5536",2019,32482,"1938+5424+5536"
"5536",2020,27427,"1938+5424+5536"
"5536",2021,29547,"1938+5424+5536"
"5536",2022,29189,"1938+5424+5536"
"5536",2023,25563,"1938+5424+5536"
"5536",2024,23687,"1938+5424+5536"
"5536",2025,25137,"1938+5424+5536"
"5538",2009,9941,"1939+5425+5538"
"5538",2010,9640,"1939+5425+5538"
"5538",2011,7702,"1939+5425+5538"
"5538",2012,20122,"1939+5425+5538"
"5538",2013,25600,"1939+5425+5538"
"5538",2014,28369,"1939+5425+5538"
"5538",2015,32970,"1939+5425+5538"
"5538",2016,23643,"1939+5425+5538"
"5538",2017,27453,"1939+5425+5538"
"5538",2018,33564,"1939+5425+5538"
"5538",2019,36770,"1939+5425+5538"
"5538",2020,29041,"1939+5425+5538"
"5538",2021,46675,"1939+5425+5538"
"5538",2022,43471,"1939+5425+5538"
"5538",2023,39838,"1939+5425+5538"
"5538",2024,50910,"1939+5425+5538"
"5538",2025,52330,"1939+5425+5538"
"5540",2009,3556,"1940+5426+5540"
"5540",2010,5923,"1940+5426+5540"
"5540",2011,8845,"1940+5426+5540"
"5540",2012,13830,"1940+5426+5540"
"5540",2013,19225,"1940+5426+5540"
"5540",2014,20540,"1940+5426+5540"
"5540",2015,17525,"1940+5426+5540"
"5540",2016,14037,"1940+5426+5540"
"5540",2017,11856,"1940+5426+5540"
"5540",2018,23483,"1940+5426+5540"
"5540",2019,23048,"1940+5426+5540"
"5540",2020,20961,"1940+5426+5540"
"5540",2021,23642,"1940+5426+5540"
"5540",2022,27582,"1940+5426+5540"
"5540",2023,30086,"1940+5426+5540"
"5540",2024,26094,"1940+5426+5540"
"5540",2025,22084,"1940+5426+5540"
"5542",2009,100993,"1941+5427+5542"
"5542",2010,95183,"1941+5427+5542"
"5542",2011,93767,"1941+5427+5542"
"5542",2012,88841,"1941+5427+5542"
"5542",2013,52466,"1941+5427+5542"
"5542",2014,50594,"1941+5427+5542"
"5542",2015,63839,"1941+5427+5542"
"5542",2016,71871,"1941+5427+5542"
"5542",2017,75729,"1941+5427+5542"
"5542",2018,75234,"1941+5427+5542"
"5542",2019,82486,"1941+5427+5542"
"5542",2020,78305,"1941+5427+5542"
"5542",2021,76814,"1941+5427+5542"
"5542",2022,77007,"1941+5427+5542"
"5542",2023,81604,"1941+5427+5542"
"5542",2024,75077,"1941+5427+5542"
"5542",2025,83852,"1941+5427+5542"
"5544",2009,47474,"1942+5428+5544"
"5544",2010,57014,"1942+5428+5544"
"5544",2011,55728,"1942+5428+5544"
"5544",2012,59222,"1942+5428+5544"
"5544",2013,38811,"1942+5428+5544"
"5544",2014,40650,"1942+5428+5544"
"5544",2015,35123,"1942+5428+5544"
"5544",2016,34773,"1942+5428+5544"
"5544",2017,36459,"1942+5428+5544"
"5544",2018,46371,"1942+5428+5544"
"5544",2019,86595,"1942+5428+5544"
"5544",2020,109634,"1942+5428+5544"
"5544",2021,86163,"1942+5428+5544"
"5544",2022,83854,"1942+5428+5544"
"5544",2023,92158,"1942+5428+5544"
"5544",2024,96232,"1942+5428+5544"
"5544",2025,108609,"1942+5428+5544"
"5546",2009,14357,"1943+5429+5546"
"5546",2010,17113,"1943+5429+5546"
"5546",2011,21229,"1943+5429+5546"
"5546",2012,21421,"1943+5429+5546"
"5546",2013,14811,"1943+5429+5546"
"5546",2014,20000,"1943+5429+5546"
"5546",2015,18051,"1943+5429+5546"
"5546",2016,24792,"1943+5429+5546"
"5546",2017,21764,"1943+5429+5546"
"5546",2018,23048,"1943+5429+5546"
"5546",2019,21553,"1943+5429+5546"
"5546",2020,22379,"1943+5429+5546"
"5546",2021,20995,"1943+5429+5546"
"5546",2022,31703,"1943+5429+5546"
"5546",2023,30862,"1943+5429+5546"
"5546",2024,30148,"1943+5429+5546"
"5546",2025,25099,"1943+5429+5546"
"5601",2009,50955,"2012+5403+5601"
"5601",2010,71121,"2012+5403+5601"
"5601",2011,86714,"2012+5403+5601"
"5601",2012,83201,"2012+5403+5601"
"5601",2013,79235,"2012+5403+5601"
"5601",2014,88881,"2012+5403+5601"
"5601",2015,93037,"2012+5403+5601"
"5601",2016,131900,"2012+5403+5601"
"5601",2017,156349,"2012+5403+5601"
"5601",2018,135741,"2012+5403+5601"
"5601",2019,94252,"2012+5403+5601"
"5601",2020,106054,"2012+5403+5601"
"5601",2021,186240,"2012+5403+5601"
"5601",2022,187959,"2012+5403+5601"
"5601",2023,238879,"2012+5403+5601"
"5601",2024,252425,"2012+5403+5601"
"5601",2025,258639,"2012+5403+5601"
"5603",2009,44483,"2004+2017+5406+5603"
"5603",2010,41894,"2004+2017+5406+5603"
"5603",2011,55472,"2004+2017+5406+5603"
"5603",2012,53223,"2004+2017+5406+5603"
"5603",2013,51806,"2004+2017+5406+5603"
"5603",2014,51557,"2004+2017+5406+5603"
"5603",2015,43156,"2004+2017+5406+5603"
"5603",2016,56968,"2004+2017+5406+5603"
"5603",2017,60067,"2004+2017+5406+5603"
"5603",2018,76684,"2004+2017+5406+5603"
"5603",2019,82856,"2004+2017+5406+5603"
"5603",2020,145003,"2004+2017+5406+5603"
"5603",2021,150206,"2004+2017+5406+5603"
"5603",2022,88002,"2004+2017+5406+5603"
"5603",2023,88863,"2004+2017+5406+5603"
"5603",2024,77234,"2004+2017+5406+5603"
"5603",2025,71832,"2004+2017+5406+5603"
"5605",2009,34347,"2030+5444+5605"
"5605",2010,87623,"2030+5444+5605"
"5605",2011,75678,"2030+5444+5605"
"5605",2012,97327,"2030+5444+5605"
"5605",2013,118195,"2030+5444+5605"
"5605",2014,120370,"2030+5444+5605"
"5605",2015,173234,"2030+5444+5605"
"5605",2016,133278,"2030+5444+5605"
"5605",2017,91238,"2030+5444+5605"
"5605",2018,70876,"2030+5444+5605"
"5605",2019,85285,"2030+5444+5605"
"5605",2020,78857,"2030+5444+5605"
"5605",2021,84451,"2030+5444+5605"
"5605",2022,99913,"2030+5444+5605"
"5605",2023,84254,"2030+5444+5605"
"5605",2024,75160,"2030+5444+5605"
"5605",2025,58343,"2030+5444+5605"
"5607",2009,65408,"2003+5405+5607"
"5607",2010,55547,"2003+5405+5607"
"5607",2011,60383,"2003+5405+5607"
"5607",2012,53218,"2003+5405+5607"
"5607",2013,38760,"2003+5405+5607"
"5607",2014,33313,"2003+5405+5607"
"5607",2015,54727,"2003+5405+5607"
"5607",2016,77133,"2003+5405+5607"
"5607",2017,72068,"2003+5405+5607"
"5607",2018,108057,"2003+5405+5607"
"5607",2019,203011,"2003+5405+5607"
"5607",2020,236285,"2003+5405+5607"
"5607",2021,240584,"2003+5405+5607"
"5607",2022,237089,"2003+5405+5607"
"5607",2023,209220,"2003+5405+5607"
"5607",2024,218274,"2003+5405+5607"
"5607",2025,213374,"2003+5405+5607"
"5610",2009,68615,"2021+5437+5610"
"5610",2010,60074,"2021+5437+5610"
"5610",2011,50979,"2021+5437+5610"
"5610",2012,46422,"2021+5437+5610"
"5610",2013,51956,"2021+5437+5610"
"5610",2014,53566,"2021+5437+5610"
"5610",2015,61237,"2021+5437+5610"
"5610",2016,61859,"2021+5437+5610"
"5610",2017,92752,"2021+5437+5610"
"5610",2018,204328,"2021+5437+5610"
"5610",2019,210967,"2021+5437+5610"
"5610",2020,201184,"2021+5437+5610"
"5610",2021,173638,"2021+5437+5610"
"5610",2022,111617,"2021+5437+5610"
"5610",2023,102543,"2021+5437+5610"
"5610",2024,110907,"2021+5437+5610"
"5610",2025,106467,"2021+5437+5610"
"5612",2009,4015,"2011+5430+5612"
"5612",2010,3447,"2011+5430+5612"
"5612",2011,12707,"2011+5430+5612"
"5612",2012,15348,"2011+5430+5612"
"5612",2013,18179,"2011+5430+5612"
"5612",2014,24459,"2011+5430+5612"
"5612",2015,16051,"2011+5430+5612"
"5612",2016,23079,"2011+5430+5612"
"5612",2017,22774,"2011+5430+5612"
"5612",2018,21879,"2011+5430+5612"
"5612",2019,21460,"2011+5430+5612"
"5612",2020,21511,"2011+5430+5612"
"5612",2021,22256,"2011+5430+5612"
"5612",2022,24232,"2011+5430+5612"
"5612",2023,30089,"2011+5430+5612"
"5612",2024,28533,"2011+5430+5612"
"5612",2025,23857,"2011+5430+5612"
"5614",2009,10437,"2014+5432+5614"
"5614",2010,11912,"2014+5432+5614"
"5614",2011,13693,"2014+5432+5614"
"5614",2012,8286,"2014+5432+5614"
"5614",2013,9273,"2014+5432+5614"
"5614",2014,6809,"2014+5432+5614"
"5614",2015,5474,"2014+5432+5614"
"5614",2016,6994,"2014+5432+5614"
"5614",2017,8355,"2014+5432+5614"
"5614",2018,8490,"2014+5432+5614"
"5614",2019,7272,"2014+5432+5614"
"5614",2020,8866,"2014+5432+5614"
"5614",2021,7837,"2014+5432+5614"
"5614",2022,10100,"2014+5432+5614"
"5614",2023,10951,"2014+5432+5614"
"5614",2024,12992,"2014+5432+5614"
"5614",2025,10715,"2014+5432+5614"
"5616",2009,6535,"2015+5433+5616"
"5616",2010,4905,"2015+5433+5616"
"5616",2011,4785,"2015+5433+5616"
"5616",2012,3916,"2015+5433+5616"
"5616",2013,4306,"2015+5433+5616"
"5616",2014,2214,"2015+5433+5616"
"5616",2015,3031,"2015+5433+5616"
"5616",2016,2606,"2015+5433+5616"
"5616",2017,3106,"2015+5433+5616"
"5616",2018,2394,"2015+5433+5616"
"5616",2019,3701,"2015+5433+5616"
"5616",2020,4082,"2015+5433+5616"
"5616",2021,2959,"2015+5433+5616"
"5616",2022,8269,"2015+5433+5616"
"5616",2023,13164,"2015+5433+5616"
"5616",2024,5508,"2015+5433+5616"
"5616",2025,4359,"2015+5433+5616"
"5618",2009,7508,"2018+5434+5618"
"5618",2010,7516,"2018+5434+5618"
"5618",2011,6908,"2018+5434+5618"
"5618",2012,9288,"2018+5434+5618"
"5618",2013,16216,"2018+5434+5618"
"5618",2014,17070,"2018+5434+5618"
"5618",2015,16677,"2018+5434+5618"
"5618",2016,15115,"2018+5434+5618"
"5618",2017,14927,"2018+5434+5618"
"5618",2018,16888,"2018+5434+5618"
"5618",2019,12995,"2018+5434+5618"
"5618",2020,11339,"2018+5434+5618"
"5618",2021,11726,"2018+5434+5618"
"5618",2022,13968,"2018+5434+5618"
"5618",2023,14159,"2018+5434+5618"
"5618",2024,18347,"2018+5434+5618"
"5618",2025,18545,"2018+5434+5618"
"5620",2009,22524,"2019+5435+5620"
"5620",2010,32794,"2019+5435+5620"
"5620",2011,19936,"2019+5435+5620"
"5620",2012,18867,"2019+5435+5620"
"5620",2013,11945,"2019+5435+5620"
"5620",2014,22044,"2019+5435+5620"
"5620",2015,15455,"2019+5435+5620"
"5620",2016,18375,"2019+5435+5620"
"5620",2017,14228,"2019+5435+5620"
"5620",2018,14526,"2019+5435+5620"
"5620",2019,16810,"2019+5435+5620"
"5620",2020,11120,"2019+5435+5620"
"5620",2021,10079,"2019+5435+5620"
"5620",2022,10026,"2019+5435+5620"
"5620",2023,9927,"2019+5435+5620"
"5620",2024,12473,"2019+5435+5620"
"5620",2025,12419,"2019+5435+5620"
"5622",2009,6981,"2020+5436+5622"
"5622",2010,5557,"2020+5436+5622"
"5622",2011,5726,"2020+5436+5622"
"5622",2012,19392,"2020+5436+5622"
"5622",2013,31132,"2020+5436+5622"
"5622",2014,50067,"2020+5436+5622"
"5622",2015,40473,"2020+5436+5622"
"5622",2016,41778,"2020+5436+5622"
"5622",2017,40254,"2020+5436+5622"
"5622",2018,50795,"2020+5436+5622"
"5622",2019,67682,"2020+5436+5622"
"5622",2020,67206,"2020+5436+5622"
"5622",2021,65348,"2020+5436+5622"
"5622",2022,54885,"2020+5436+5622"
"5622",2023,68820,"2020+5436+5622"
"5622",2024,64953,"2020+5436+5622"
"5622",2025,63438,"2020+5436+5622"
"5624",2009,19591,"2022+5438+5624"
"5624",2010,18064,"2022+5438+5624"
"5624",2011,18263,"2022+5438+5624"
"5624",2012,19214,"2022+5438+5624"
"5624",2013,22668,"2022+5438+5624"
"5624",2014,12166,"2022+5438+5624"
"5624",2015,12185,"2022+5438+5624"
"5624",2016,18607,"2022+5438+5624"
"5624",2017,22443,"2022+5438+5624"
"5624",2018,28854,"2022+5438+5624"
"5624",2019,24612,"2022+5438+5624"
"5624",2020,29710,"2022+5438+5624"
"5624",2021,27811,"2022+5438+5624"
"5624",2022,23503,"2022+5438+5624"
"5624",2023,20239,"2022+5438+5624"
"5624",2024,23350,"2022+5438+5624"
"5624",2025,22495,"2022+5438+5624"
"5626",2009,4445,"2023+5439+5626"
"5626",2010,7096,"2023+5439+5626"
"5626",2011,8042,"2023+5439+5626"
"5626",2012,6210,"2023+5439+5626"
"5626",2013,6671,"2023+5439+5626"
"5626",2014,7815,"2023+5439+5626"
"5626",2015,24932,"2023+5439+5626"
"5626",2016,18694,"2023+5439+5626"
"5626",2017,17114,"2023+5439+5626"
"5626",2018,16204,"2023+5439+5626"
"5626",2019,16428,"2023+5439+5626"
"5626",2020,14676,"2023+5439+5626"
"5626",2021,17069,"2023+5439+5626"
"5626",2022,16467,"2023+5439+5626"
"5626",2023,14849,"2023+5439+5626"
"5626",2024,15724,"2023+5439+5626"
"5626",2025,7321,"2023+5439+5626"
"5628",2009,12981,"2025+5441+5628"
"5628",2010,17563,"2025+5441+5628"
"5628",2011,17791,"2025+5441+5628"
"5628",2012,14960,"2025+5441+5628"
"5628",2013,17708,"2025+5441+5628"
"5628",2014,148049,"2025+5441+5628"
"5628",2015,136102,"2025+5441+5628"
"5628",2016,54175,"2025+5441+5628"
"5628",2017,35989,"2025+5441+5628"
"5628",2018,37211,"2025+5441+5628"
"5628",2019,53194,"2025+5441+5628"
"5628",2020,52404,"2025+5441+5628"
"5628",2021,56108,"2025+5441+5628"
"5628",2022,43831,"2025+5441+5628"
"5628",2023,33279,"2025+5441+5628"
"5628",2024,42174,"2025+5441+5628"
"5628",2025,40797,"2025+5441+5628"
"5630",2009,13601,"2024+5440+5630"
"5630",2010,14756,"2024+5440+5630"
"5630",2011,12916,"2024+5440+5630"
"5630",2012,7300,"2024+5440+5630"
"5630",2013,7706,"2024+5440+5630"
"5630",2014,15808,"2024+5440+5630"
"5630",2015,15400,"2024+5440+5630"
"5630",2016,15190,"2024+5440+5630"
"5630",2017,11497,"2024+5440+5630"
"5630",2018,9462,"2024+5440+5630"
"5630",2019,11959,"2024+5440+5630"
"5630",2020,11547,"2024+5440+5630"
"5630",2021,10461,"2024+5440+5630"
"5630",2022,8418,"2024+5440+5630"
"5630",2023,7235,"2024+5440+5630"
"5630",2024,5508,"2024+5440+5630"
"5630",2025,7309,"2024+5440+5630"
"5632",2009,5316,"2028+5443+5632"
"5632",2010,6989,"2028+5443+5632"
"5632",2011,10012,"2028+5443+5632"
"5632",2012,8584,"2028+5443+5632"
"5632",2013,8154,"2028+5443+5632"
"5632",2014,8213,"2028+5443+5632"
"5632",2015,10159,"2028+5443+5632"
"5632",2016,9659,"2028+5443+5632"
"5632",2017,9039,"2028+5443+5632"
"5632",2018,10548,"2028+5443+5632"
"5632",2019,14519,"2028+5443+5632"
"5632",2020,1571,"2028+5443+5632"
"5632",2021,43338,"2028+5443+5632"
"5632",2022,44543,"2028+5443+5632"
"5632",2023,40370,"2028+5443+5632"
"5632",2024,45118,"2028+5443+5632"
"5632",2025,47328,"2028+5443+5632"
"5634",2009,11938,"2002+5404+5634"
"5634",2010,16490,"2002+5404+5634"
"5634",2011,24684,"2002+5404+5634"
"5634",2012,23027,"2002+5404+5634"
"5634",2013,20527,"2002+5404+5634"
"5634",2014,16828,"2002+5404+5634"
"5634",2015,14566,"2002+5404+5634"
"5634",2016,13472,"2002+5404+5634"
"5634",2017,12633,"2002+5404+5634"
"5634",2018,20171,"2002+5404+5634"
"5634",2019,21772,"2002+5404+5634"
"5634",2020,19536,"2002+5404+5634"
"5634",2021,11881,"2002+5404+5634"
"5634",2022,11432,"2002+5404+5634"
"5634",2023,9728,"2002+5404+5634"
"5634",2024,9950,"2002+5404+5634"
"5634",2025,9466,"2002+5404+5634"
"5636",2009,6710,"2027+5442+5636"
"5636",2010,7111,"2027+5442+5636"
"5636",2011,9970,"2027+5442+5636"
"5636",2012,13885,"2027+5442+5636"
"5636",2013,16584,"2027+5442+5636"
"5636",2014,15298,"2027+5442+5636"
"5636",2015,19541,"2027+5442+5636"
"5636",2016,15550,"2027+5442+5636"
"5636",2017,15444,"2027+5442+5636"
"5636",2018,12285,"2027+5442+5636"
"5636",2019,9692,"2027+5442+5636"
"5636",2020,7218,"2027+5442+5636"
"5636",2021,7996,"2027+5442+5636"
"5636",2022,7167,"2027+5442+5636"
"5636",2023,4167,"2027+5442+5636"
"5636",2024,6830,"2027+5442+5636"
"5636",2025,8386,"2027+5442+5636"
"Rest",2009,536661,"1571+1612+1613+1617+1622+1636+1638+1805+1849+1850+1854+5011+5012+5013+5016+5023+5024+9999"
"Rest",2010,551904,"1571+1612+1613+1617+1622+1636+1638+1805+1849+1850+1854+5011+5012+5013+5016+5023+5024+9999"
"Rest",2011,559601,"1571+1612+1613+1617+1622+1636+1638+1805+1849+1850+1854+5011+5012+5013+5016+5023+5024+9999"
"Rest",2012,551585,"1571+1612+1613+1617+1622+1636+1638+1805+1849+1850+1854+5011+5012+5013+5016+5023+5024+9999"
"Rest",2013,556331,"1571+1612+1613+1617+1622+1636+1638+1805+1849+1850+1854+5011+5012+5013+5016+5023+5024+9999"
"Rest",2014,578092,"1571+1612+1613+1617+1622+1636+1638+1805+1849+1850+1854+5011+5012+5013+5016+5023+5024+9999"
"Rest",2015,587483,"1571+1612+1613+1617+1622+1636+1638+1805+1849+1850+1854+5011+5012+5013+5016+5023+5024+9999"
"Rest",2016,630512,"1571+1612+1613+1617+1622+1636+1638+1805+1849+1850+1854+5011+5012+5013+5016+5023+5024+9999"
"Rest",2017,614012,"1571+1612+1613+1617+1622+1636+1638+1805+1849+1850+1854+5011+5012+5013+5016+5023+5024+9999"
"Rest",2018,681349,"1571+1612+1613+1617+1622+1636+1638+1805+1849+1850+1854+5011+5012+5013+5016+5023+5024+9999"
"Rest",2019,625799,"1571+1612+1613+1617+1622+1636+1638+1805+1849+1850+1854+5011+5012+5013+5016+5023+5024+9999"
"Rest",2020,0,"1571+1612+1613+1617+1622+1636+1638+1805+1849+1850+1854+5011+5012+5013+5016+5023+5024+9999"
"Rest",2021,0,"1571+1612+1613+1617+1622+1636+1638+1805+1849+1850+1854+5011+5012+5013+5016+5023+5024+9999"
"Rest",2022,0,"1571+1612+1613+1617+1622+1636+1638+1805+1849+1850+1854+5011+5012+5013+5016+5023+5024+9999"
"Rest",2023,0,"1571+1612+1613+1617+1622+1636+1638+1805+1849+1850+1854+5011+5012+5013+5016+5023+5024+9999"
"Rest",2024,0,"1571+1612+1613+1617+1622+1636+1638+1805+1849+1850+1854+5011+5012+5013+5016+5023+5024+9999"
"Rest",2025,0,"1571+1612+1613+1617+1622+1636+1638+1805+1849+1850+1854+5011+5012+5013+5016+5023+5024+9999"
